2026-08-22 15:07:25,327 INFO backfill_amfi_monthly_portfolios: Discovering monthly portfolio disclosure URLs from https://www.amfiindia.com/online-center/portfolio-disclosure
2026-08-22 15:07:25,621 INFO backfill_amfi_monthly_portfolios: Discovered 50 AMC monthly-portfolio disclosure URLs
2026-08-22 15:07:25,621 INFO backfill_amfi_monthly_portfolios:   360 ONE Mutual Fund -> https://www.360.one/asset/mutual-funds/downloads
2026-08-22 15:07:25,621 INFO backfill_amfi_monthly_portfolios:   Aditya Birla Sun Life Mutual Fund -> https://mutualfund.adityabirlacapital.com/forms-and-downloads/portfolio
2026-08-22 15:07:25,621 INFO backfill_amfi_monthly_portfolios:   AlphaGrep Mutual Fund -> https://www.alphagrepmf.ai/disclosures
2026-08-22 15:07:25,621 INFO backfill_amfi_monthly_portfolios:   Angel One Mutual Fund -> https://www.angelonemf.com/downloads
2026-08-22 15:07:25,621 INFO backfill_amfi_monthly_portfolios:   ASK MUTUAL FUND -> https://www.axismf.com/statutory-disclosures
2026-08-22 15:07:25,621 INFO backfill_amfi_monthly_portfolios:   Bajaj Finserv Mutual Fund -> https://www.bajajamc.com/downloads?statutory-disclosures=
2026-08-22 15:07:25,621 INFO backfill_amfi_monthly_portfolios:   Bandhan Mutual Fund -> https://bandhanmutual.com/downloads/disclosures
2026-08-22 15:07:25,621 INFO backfill_amfi_monthly_portfolios:   Bank of India Mutual Fund -> https://www.boimf.in/investor-corner#t2
2026-08-22 15:07:25,621 INFO backfill_amfi_monthly_portfolios:   Baroda BNP Paribas Mutual Fund -> https://www.barodabnpparibasmf.in/downloads/monthly-portfolio-scheme
2026-08-22 15:07:25,621 INFO backfill_amfi_monthly_portfolios:   Canara Robeco Mutual Fund -> https://www.canararobeco.com/documents/statutory-disclosures/scheme-dashboard/scheme-monthly-portfolio
2026-08-22 15:07:25,621 INFO backfill_amfi_monthly_portfolios: Member slice [0:12]: 12 of 50 AMCs in this chunk
2026-08-22 15:07:31,388 INFO backfill_amfi_monthly_portfolios: Landing page https://www.360.one/asset/mutual-funds/downloads (360 ONE Mutual Fund): 0 file links
2026-08-22 15:07:33,346 INFO backfill_amfi_monthly_portfolios: Landing page https://mutualfund.adityabirlacapital.com/forms-and-downloads/portfolio (Aditya Birla Sun Life Mutual Fund): 0 file links
2026-08-22 15:07:35,498 INFO backfill_amfi_monthly_portfolios: Landing page https://www.alphagrepmf.ai/disclosures (AlphaGrep Mutual Fund): 0 file links
2026-08-22 15:07:37,443 INFO backfill_amfi_monthly_portfolios: Landing page https://www.angelonemf.com/downloads (Angel One Mutual Fund): 143 file links
2026-08-22 15:07:39,604 INFO backfill_amfi_monthly_portfolios: Landing page https://www.axismf.com/statutory-disclosures (ASK MUTUAL FUND): 0 file links
2026-08-22 15:07:45,614 INFO backfill_amfi_monthly_portfolios: Landing page https://www.bajajamc.com/downloads?statutory-disclosures= (Bajaj Finserv Mutual Fund): 0 file links
2026-08-22 15:07:47,518 INFO backfill_amfi_monthly_portfolios: Landing page https://bandhanmutual.com/downloads/disclosures (Bandhan Mutual Fund): 0 file links
2026-08-22 15:07:49,578 INFO backfill_amfi_monthly_portfolios: Landing page https://www.boimf.in/investor-corner#t2 (Bank of India Mutual Fund): 0 file links
2026-08-22 15:07:51,674 INFO backfill_amfi_monthly_portfolios: Landing page https://www.barodabnpparibasmf.in/downloads/monthly-portfolio-scheme (Baroda BNP Paribas Mutual Fund): 1 file links
2026-08-22 15:07:53,301 INFO backfill_amfi_monthly_portfolios: Landing page https://www.canararobeco.com/documents/statutory-disclosures/scheme-dashboard/scheme-monthly-portfolio (Canara Robeco Mutual Fund): 0 file links
2026-08-22 15:07:54,994 INFO backfill_amfi_monthly_portfolios: Landing page https://choicemf.com/disclosures/monthly-portfolio (Carnelian Mutual Fund): 0 file links
2026-08-22 15:07:57,191 INFO backfill_amfi_monthly_portfolios: Landing page https://www.dspim.com/about-us/mandatory-disclosure/portfolio-disclosures (DSP Mutual Fund): 326 file links
2026-08-22 15:07:58,695 INFO backfill_amfi_monthly_portfolios: Will ingest 470 files
2026-08-22 15:07:58,754 INFO backfill_amfi_monthly_portfolios: Will ingest 470 files (0 skipped as already done)
2026-08-22 15:07:58,754 INFO backfill_amfi_monthly_portfolios: Processing 1/470: https://cms.angelonemf.com/amc-cms/wp-content/uploads/formidable/20/Monthly-Portfolio-July-2026-Angel-One-Nifty-1D-Rate-Liquid-ETF-GROWTH.xlsx
2026-08-22 15:07:59,076 INFO backfill_amfi_monthly_portfolios: Downloaded https://cms.angelonemf.com/amc-cms/wp-content/uploads/formidable/20/Monthly-Portfolio-July-2026-Angel-One-Nifty-1D-Rate-Liquid-ETF-GROWTH.xlsx: 149473 bytes (application/vnd.openxmlformats-officedocument.spreadsheetml.sheet)
2026-08-22 15:07:59,077 INFO mutual_fund_ingestion.agent.parser: Routing to parser=portfolio_monthly_amfi for dataset_type=portfolio_disclosure file_type=amfi_monthly_xlsx
2026-08-22 15:07:59,609 INFO backfill_amfi_monthly_portfolios: Parser portfolio_monthly_amfi: 1 records (confidence=0.80), 0 errors
2026-08-22 15:07:59,646 INFO backfill_amfi_monthly_portfolios: Validation https://cms.angelonemf.com/amc-cms/wp-content/uploads/formidable/20/Monthly-Portfolio-July-2026-Angel-One-Nifty-1D-Rate-Liquid-ETF-GROWTH.xlsx: 1 valid, 0 quarantined
2026-08-22 15:08:01,169 INFO backfill_amfi_monthly_portfolios: Processing 2/470: https://cms.angelonemf.com/amc-cms/wp-content/uploads/formidable/20/Monthly-Portfolio-July-2026-Angel-One-Nifty-50-ETF.xlsx
2026-08-22 15:08:01,283 INFO backfill_amfi_monthly_portfolios: Downloaded https://cms.angelonemf.com/amc-cms/wp-content/uploads/formidable/20/Monthly-Portfolio-July-2026-Angel-One-Nifty-50-ETF.xlsx: 139230 bytes (application/vnd.openxmlformats-officedocument.spreadsheetml.sheet)
2026-08-22 15:08:01,285 INFO mutual_fund_ingestion.agent.parser: Routing to parser=portfolio_monthly_amfi for dataset_type=portfolio_disclosure file_type=amfi_monthly_xlsx
2026-08-22 15:08:01,303 INFO backfill_amfi_monthly_portfolios: Parser portfolio_monthly_amfi: 51 records (confidence=0.80), 0 errors
2026-08-22 15:08:01,321 INFO backfill_amfi_monthly_portfolios: Validation https://cms.angelonemf.com/amc-cms/wp-content/uploads/formidable/20/Monthly-Portfolio-July-2026-Angel-One-Nifty-50-ETF.xlsx: 51 valid, 0 quarantined
2026-08-22 15:08:02,923 INFO backfill_amfi_monthly_portfolios: Processing 3/470: https://cms.angelonemf.com/amc-cms/wp-content/uploads/formidable/20/Monthly-Portfolio-July-2026-Angel-One-Nifty-50-Index-Fund.xlsx
2026-08-22 15:08:03,016 INFO backfill_amfi_monthly_portfolios: Downloaded https://cms.angelonemf.com/amc-cms/wp-content/uploads/formidable/20/Monthly-Portfolio-July-2026-Angel-One-Nifty-50-Index-Fund.xlsx: 140977 bytes (application/vnd.openxmlformats-officedocument.spreadsheetml.sheet)
2026-08-22 15:08:03,016 INFO mutual_fund_ingestion.agent.parser: Routing to parser=portfolio_monthly_amfi for dataset_type=portfolio_disclosure file_type=amfi_monthly_xlsx
2026-08-22 15:08:03,030 INFO backfill_amfi_monthly_portfolios: Parser portfolio_monthly_amfi: 51 records (confidence=0.80), 0 errors
2026-08-22 15:08:03,048 INFO backfill_amfi_monthly_portfolios: Validation https://cms.angelonemf.com/amc-cms/wp-content/uploads/formidable/20/Monthly-Portfolio-July-2026-Angel-One-Nifty-50-Index-Fund.xlsx: 51 valid, 0 quarantined
2026-08-22 15:08:04,631 INFO backfill_amfi_monthly_portfolios: Processing 4/470: https://cms.angelonemf.com/amc-cms/wp-content/uploads/formidable/20/Monthly-Portfolio-July-2026-Angel-One-Gold-ETF.xlsx
2026-08-22 15:08:04,740 INFO backfill_amfi_monthly_portfolios: Downloaded https://cms.angelonemf.com/amc-cms/wp-content/uploads/formidable/20/Monthly-Portfolio-July-2026-Angel-One-Gold-ETF.xlsx: 219247 bytes (application/vnd.openxmlformats-officedocument.spreadsheetml.sheet)
2026-08-22 15:08:04,740 INFO mutual_fund_ingestion.agent.parser: Routing to parser=portfolio_monthly_amfi for dataset_type=portfolio_disclosure file_type=amfi_monthly_xlsx
2026-08-22 15:08:04,752 INFO backfill_amfi_monthly_portfolios: Parser portfolio_monthly_amfi: 3 records (confidence=0.80), 0 errors
2026-08-22 15:08:04,756 INFO backfill_amfi_monthly_portfolios: Validation https://cms.angelonemf.com/amc-cms/wp-content/uploads/formidable/20/Monthly-Portfolio-July-2026-Angel-One-Gold-ETF.xlsx: 3 valid, 0 quarantined
2026-08-22 15:08:06,278 INFO backfill_amfi_monthly_portfolios: Processing 5/470: https://cms.angelonemf.com/amc-cms/wp-content/uploads/formidable/20/Monthly-Portfolio-July-2026-Angel-One-Gold-ETF-FOF.xlsx
2026-08-22 15:08:06,388 INFO backfill_amfi_monthly_portfolios: Downloaded https://cms.angelonemf.com/amc-cms/wp-content/uploads/formidable/20/Monthly-Portfolio-July-2026-Angel-One-Gold-ETF-FOF.xlsx: 164503 bytes (application/vnd.openxmlformats-officedocument.spreadsheetml.sheet)
2026-08-22 15:08:06,388 INFO mutual_fund_ingestion.agent.parser: Routing to parser=portfolio_monthly_amfi for dataset_type=portfolio_disclosure file_type=amfi_monthly_xlsx
2026-08-22 15:08:06,400 INFO backfill_amfi_monthly_portfolios: Parser portfolio_monthly_amfi: 2 records (confidence=0.80), 0 errors
2026-08-22 15:08:06,403 INFO backfill_amfi_monthly_portfolios: Validation https://cms.angelonemf.com/amc-cms/wp-content/uploads/formidable/20/Monthly-Portfolio-July-2026-Angel-One-Gold-ETF-FOF.xlsx: 2 valid, 0 quarantined
2026-08-22 15:08:07,921 INFO backfill_amfi_monthly_portfolios: Processing 6/470: https://cms.angelonemf.com/amc-cms/wp-content/uploads/formidable/20/Monthly-Portfolio-July-2026-Angel-One-Silver-ETF.xlsx
2026-08-22 15:08:08,538 INFO backfill_amfi_monthly_portfolios: Downloaded https://cms.angelonemf.com/amc-cms/wp-content/uploads/formidable/20/Monthly-Portfolio-July-2026-Angel-One-Silver-ETF.xlsx: 219150 bytes (application/vnd.openxmlformats-officedocument.spreadsheetml.sheet)
2026-08-22 15:08:08,538 INFO mutual_fund_ingestion.agent.parser: Routing to parser=portfolio_monthly_amfi for dataset_type=portfolio_disclosure file_type=amfi_monthly_xlsx
2026-08-22 15:08:08,553 INFO backfill_amfi_monthly_portfolios: Parser portfolio_monthly_amfi: 3 records (confidence=0.80), 0 errors
2026-08-22 15:08:08,556 INFO backfill_amfi_monthly_portfolios: Validation https://cms.angelonemf.com/amc-cms/wp-content/uploads/formidable/20/Monthly-Portfolio-July-2026-Angel-One-Silver-ETF.xlsx: 3 valid, 0 quarantined
2026-08-22 15:08:10,078 INFO backfill_amfi_monthly_portfolios: Processing 7/470: https://cms.angelonemf.com/amc-cms/wp-content/uploads/formidable/20/Monthly-Portfolio-July-2026-Angel-One-Silver-ETF-FOF.xlsx
2026-08-22 15:08:10,195 INFO backfill_amfi_monthly_portfolios: Downloaded https://cms.angelonemf.com/amc-cms/wp-content/uploads/formidable/20/Monthly-Portfolio-July-2026-Angel-One-Silver-ETF-FOF.xlsx: 194134 bytes (application/vnd.openxmlformats-officedocument.spreadsheetml.sheet)
2026-08-22 15:08:10,199 INFO mutual_fund_ingestion.agent.parser: Routing to parser=portfolio_monthly_amfi for dataset_type=portfolio_disclosure file_type=amfi_monthly_xlsx
2026-08-22 15:08:10,211 INFO backfill_amfi_monthly_portfolios: Parser portfolio_monthly_amfi: 2 records (confidence=0.80), 0 errors
2026-08-22 15:08:10,217 INFO backfill_amfi_monthly_portfolios: Validation https://cms.angelonemf.com/amc-cms/wp-content/uploads/formidable/20/Monthly-Portfolio-July-2026-Angel-One-Silver-ETF-FOF.xlsx: 2 valid, 0 quarantined
2026-08-22 15:08:11,746 INFO backfill_amfi_monthly_portfolios: Processing 8/470: https://cms.angelonemf.com/amc-cms/wp-content/uploads/formidable/20/Monthly-Portfolio-July-2026-Angel-One-Nifty-Total-Market-Index-Fund.xlsx
2026-08-22 15:08:11,915 INFO backfill_amfi_monthly_portfolios: Downloaded https://cms.angelonemf.com/amc-cms/wp-content/uploads/formidable/20/Monthly-Portfolio-July-2026-Angel-One-Nifty-Total-Market-Index-Fund.xlsx: 209063 bytes (application/vnd.openxmlformats-officedocument.spreadsheetml.sheet)
2026-08-22 15:08:11,915 INFO mutual_fund_ingestion.agent.parser: Routing to parser=portfolio_monthly_amfi for dataset_type=portfolio_disclosure file_type=amfi_monthly_xlsx
2026-08-22 15:08:11,975 INFO backfill_amfi_monthly_portfolios: Parser portfolio_monthly_amfi: 753 records (confidence=0.80), 0 errors
2026-08-22 15:08:12,094 INFO backfill_amfi_monthly_portfolios: Validation https://cms.angelonemf.com/amc-cms/wp-content/uploads/formidable/20/Monthly-Portfolio-July-2026-Angel-One-Nifty-Total-Market-Index-Fund.xlsx: 753 valid, 0 quarantined
2026-08-22 15:08:14,073 INFO backfill_amfi_monthly_portfolios: Processing 9/470: https://cms.angelonemf.com/amc-cms/wp-content/uploads/formidable/20/Monthly-Portfolio-July-2026-Angel-One-Nifty-Total-Market-ETF.xlsx
2026-08-22 15:08:14,192 INFO backfill_amfi_monthly_portfolios: Downloaded https://cms.angelonemf.com/amc-cms/wp-content/uploads/formidable/20/Monthly-Portfolio-July-2026-Angel-One-Nifty-Total-Market-ETF.xlsx: 209262 bytes (application/vnd.openxmlformats-officedocument.spreadsheetml.sheet)
2026-08-22 15:08:14,193 INFO mutual_fund_ingestion.agent.parser: Routing to parser=portfolio_monthly_amfi for dataset_type=portfolio_disclosure file_type=amfi_monthly_xlsx
2026-08-22 15:08:14,244 INFO backfill_amfi_monthly_portfolios: Parser portfolio_monthly_amfi: 753 records (confidence=0.80), 0 errors
2026-08-22 15:08:14,346 INFO backfill_amfi_monthly_portfolios: Validation https://cms.angelonemf.com/amc-cms/wp-content/uploads/formidable/20/Monthly-Portfolio-July-2026-Angel-One-Nifty-Total-Market-ETF.xlsx: 753 valid, 0 quarantined
2026-08-22 15:08:16,392 INFO backfill_amfi_monthly_portfolios: Processing 10/470: https://cms.angelonemf.com/amc-cms/wp-content/uploads/formidable/20/Monthly-Portfolio-July-2026-Angel-One-Nifty-Total-Market-Momentum-Quality-50-ETF.xlsx
2026-08-22 15:08:16,470 INFO backfill_amfi_monthly_portfolios: Downloaded https://cms.angelonemf.com/amc-cms/wp-content/uploads/formidable/20/Monthly-Portfolio-July-2026-Angel-One-Nifty-Total-Market-Momentum-Quality-50-ETF.xlsx: 161311 bytes (application/vnd.openxmlformats-officedocument.spreadsheetml.sheet)
2026-08-22 15:08:16,470 INFO mutual_fund_ingestion.agent.parser: Routing to parser=portfolio_monthly_amfi for dataset_type=portfolio_disclosure file_type=amfi_monthly_xlsx
2026-08-22 15:08:16,481 INFO backfill_amfi_monthly_portfolios: Parser portfolio_monthly_amfi: 51 records (confidence=0.80), 0 errors
2026-08-22 15:08:16,491 INFO backfill_amfi_monthly_portfolios: Validation https://cms.angelonemf.com/amc-cms/wp-content/uploads/formidable/20/Monthly-Portfolio-July-2026-Angel-One-Nifty-Total-Market-Momentum-Quality-50-ETF.xlsx: 51 valid, 0 quarantined
2026-08-22 15:08:18,039 INFO backfill_amfi_monthly_portfolios: Processing 11/470: https://cms.angelonemf.com/amc-cms/wp-content/uploads/formidable/20/Monthly-Portfolio-July-2026-Angel-One-Nifty-Total-Market-Momentum-Quality-50-Index-Fund.xlsx
2026-08-22 15:08:18,119 INFO backfill_amfi_monthly_portfolios: Downloaded https://cms.angelonemf.com/amc-cms/wp-content/uploads/formidable/20/Monthly-Portfolio-July-2026-Angel-One-Nifty-Total-Market-Momentum-Quality-50-Index-Fund.xlsx: 163591 bytes (application/vnd.openxmlformats-officedocument.spreadsheetml.sheet)
2026-08-22 15:08:18,120 INFO mutual_fund_ingestion.agent.parser: Routing to parser=portfolio_monthly_amfi for dataset_type=portfolio_disclosure file_type=amfi_monthly_xlsx
2026-08-22 15:08:18,130 INFO backfill_amfi_monthly_portfolios: Parser portfolio_monthly_amfi: 51 records (confidence=0.80), 0 errors
2026-08-22 15:08:18,137 INFO backfill_amfi_monthly_portfolios: Validation https://cms.angelonemf.com/amc-cms/wp-content/uploads/formidable/20/Monthly-Portfolio-July-2026-Angel-One-Nifty-Total-Market-Momentum-Quality-50-Index-Fund.xlsx: 51 valid, 0 quarantined
2026-08-22 15:08:19,687 INFO backfill_amfi_monthly_portfolios: Processing 12/470: https://cms.angelonemf.com/amc-cms/wp-content/uploads/formidable/20/Monthly-Portfolio-June-2026-Angel-One-Nifty-50-ETF.xlsx
2026-08-22 15:08:19,795 INFO backfill_amfi_monthly_portfolios: Downloaded https://cms.angelonemf.com/amc-cms/wp-content/uploads/formidable/20/Monthly-Portfolio-June-2026-Angel-One-Nifty-50-ETF.xlsx: 139239 bytes (application/vnd.openxmlformats-officedocument.spreadsheetml.sheet)
2026-08-22 15:08:19,798 INFO mutual_fund_ingestion.agent.parser: Routing to parser=portfolio_monthly_amfi for dataset_type=portfolio_disclosure file_type=amfi_monthly_xlsx
2026-08-22 15:08:19,810 INFO backfill_amfi_monthly_portfolios: Parser portfolio_monthly_amfi: 51 records (confidence=0.80), 0 errors
2026-08-22 15:08:19,819 INFO backfill_amfi_monthly_portfolios: Validation https://cms.angelonemf.com/amc-cms/wp-content/uploads/formidable/20/Monthly-Portfolio-June-2026-Angel-One-Nifty-50-ETF.xlsx: 51 valid, 0 quarantined
2026-08-22 15:08:21,363 INFO backfill_amfi_monthly_portfolios: Processing 13/470: https://cms.angelonemf.com/amc-cms/wp-content/uploads/formidable/20/Monthly-Portfolio-June-2026-Angel-One-Nifty-50-Index-Fund.xlsx
2026-08-22 15:08:21,444 INFO backfill_amfi_monthly_portfolios: Downloaded https://cms.angelonemf.com/amc-cms/wp-content/uploads/formidable/20/Monthly-Portfolio-June-2026-Angel-One-Nifty-50-Index-Fund.xlsx: 141015 bytes (application/vnd.openxmlformats-officedocument.spreadsheetml.sheet)
2026-08-22 15:08:21,444 INFO mutual_fund_ingestion.agent.parser: Routing to parser=portfolio_monthly_amfi for dataset_type=portfolio_disclosure file_type=amfi_monthly_xlsx
2026-08-22 15:08:21,453 INFO backfill_amfi_monthly_portfolios: Parser portfolio_monthly_amfi: 0 records (confidence=0.00), 0 errors
2026-08-22 15:08:22,960 INFO backfill_amfi_monthly_portfolios: Processing 14/470: https://cms.angelonemf.com/amc-cms/wp-content/uploads/formidable/20/Monthly-Portfolio-June-2026-Angel-One-Gold-ETF.xlsx
2026-08-22 15:08:23,180 INFO backfill_amfi_monthly_portfolios: Downloaded https://cms.angelonemf.com/amc-cms/wp-content/uploads/formidable/20/Monthly-Portfolio-June-2026-Angel-One-Gold-ETF.xlsx: 219177 bytes (application/vnd.openxmlformats-officedocument.spreadsheetml.sheet)
2026-08-22 15:08:23,180 INFO mutual_fund_ingestion.agent.parser: Routing to parser=portfolio_monthly_amfi for dataset_type=portfolio_disclosure file_type=amfi_monthly_xlsx
2026-08-22 15:08:23,194 INFO backfill_amfi_monthly_portfolios: Parser portfolio_monthly_amfi: 3 records (confidence=0.80), 0 errors
2026-08-22 15:08:23,196 INFO backfill_amfi_monthly_portfolios: Validation https://cms.angelonemf.com/amc-cms/wp-content/uploads/formidable/20/Monthly-Portfolio-June-2026-Angel-One-Gold-ETF.xlsx: 3 valid, 0 quarantined
2026-08-22 15:08:24,709 INFO backfill_amfi_monthly_portfolios: Processing 15/470: https://cms.angelonemf.com/amc-cms/wp-content/uploads/formidable/20/Monthly-Portfolio-June-2026-Angel-One-Gold-ETF-FOF.xlsx
2026-08-22 15:08:24,817 INFO backfill_amfi_monthly_portfolios: Downloaded https://cms.angelonemf.com/amc-cms/wp-content/uploads/formidable/20/Monthly-Portfolio-June-2026-Angel-One-Gold-ETF-FOF.xlsx: 161241 bytes (application/vnd.openxmlformats-officedocument.spreadsheetml.sheet)
2026-08-22 15:08:24,818 INFO mutual_fund_ingestion.agent.parser: Routing to parser=portfolio_monthly_amfi for dataset_type=portfolio_disclosure file_type=amfi_monthly_xlsx
2026-08-22 15:08:24,827 INFO backfill_amfi_monthly_portfolios: Parser portfolio_monthly_amfi: 2 records (confidence=0.80), 0 errors
2026-08-22 15:08:24,829 INFO backfill_amfi_monthly_portfolios: Validation https://cms.angelonemf.com/amc-cms/wp-content/uploads/formidable/20/Monthly-Portfolio-June-2026-Angel-One-Gold-ETF-FOF.xlsx: 2 valid, 0 quarantined
2026-08-22 15:08:26,339 INFO backfill_amfi_monthly_portfolios: Processing 16/470: https://cms.angelonemf.com/amc-cms/wp-content/uploads/formidable/20/Monthly-Portfolio-June-2026-Angel-One-Silver-ETF-FOF.xlsx
2026-08-22 15:08:26,425 INFO backfill_amfi_monthly_portfolios: Downloaded https://cms.angelonemf.com/amc-cms/wp-content/uploads/formidable/20/Monthly-Portfolio-June-2026-Angel-One-Silver-ETF-FOF.xlsx: 190962 bytes (application/vnd.openxmlformats-officedocument.spreadsheetml.sheet)
2026-08-22 15:08:26,425 INFO mutual_fund_ingestion.agent.parser: Routing to parser=portfolio_monthly_amfi for dataset_type=portfolio_disclosure file_type=amfi_monthly_xlsx
2026-08-22 15:08:26,433 INFO backfill_amfi_monthly_portfolios: Parser portfolio_monthly_amfi: 2 records (confidence=0.80), 0 errors
2026-08-22 15:08:26,434 INFO backfill_amfi_monthly_portfolios: Validation https://cms.angelonemf.com/amc-cms/wp-content/uploads/formidable/20/Monthly-Portfolio-June-2026-Angel-One-Silver-ETF-FOF.xlsx: 2 valid, 0 quarantined
2026-08-22 15:08:27,944 INFO backfill_amfi_monthly_portfolios: Processing 17/470: https://cms.angelonemf.com/amc-cms/wp-content/uploads/formidable/20/Monthly-Portfolio-June-2026-Angel-One-Silver-ETF-1.xlsx
2026-08-22 15:08:28,065 INFO backfill_amfi_monthly_portfolios: Downloaded https://cms.angelonemf.com/amc-cms/wp-content/uploads/formidable/20/Monthly-Portfolio-June-2026-Angel-One-Silver-ETF-1.xlsx: 219358 bytes (application/vnd.openxmlformats-officedocument.spreadsheetml.sheet)
2026-08-22 15:08:28,065 INFO mutual_fund_ingestion.agent.parser: Routing to parser=portfolio_monthly_amfi for dataset_type=portfolio_disclosure file_type=amfi_monthly_xlsx
2026-08-22 15:08:28,075 INFO backfill_amfi_monthly_portfolios: Parser portfolio_monthly_amfi: 3 records (confidence=0.80), 0 errors
2026-08-22 15:08:28,077 INFO backfill_amfi_monthly_portfolios: Validation https://cms.angelonemf.com/amc-cms/wp-content/uploads/formidable/20/Monthly-Portfolio-June-2026-Angel-One-Silver-ETF-1.xlsx: 3 valid, 0 quarantined
2026-08-22 15:08:29,595 INFO backfill_amfi_monthly_portfolios: Processing 18/470: https://cms.angelonemf.com/amc-cms/wp-content/uploads/formidable/20/Monthly-Portfolio-June-2026-Angel-One-Nifty-1D-Rate-Liquid-ETF-GROWTH-1.xlsx
2026-08-22 15:08:29,678 INFO backfill_amfi_monthly_portfolios: Downloaded https://cms.angelonemf.com/amc-cms/wp-content/uploads/formidable/20/Monthly-Portfolio-June-2026-Angel-One-Nifty-1D-Rate-Liquid-ETF-GROWTH-1.xlsx: 149338 bytes (application/vnd.openxmlformats-officedocument.spreadsheetml.sheet)
2026-08-22 15:08:29,678 INFO mutual_fund_ingestion.agent.parser: Routing to parser=portfolio_monthly_amfi for dataset_type=portfolio_disclosure file_type=amfi_monthly_xlsx
2026-08-22 15:08:29,685 INFO backfill_amfi_monthly_portfolios: Parser portfolio_monthly_amfi: 1 records (confidence=0.80), 0 errors
2026-08-22 15:08:29,686 INFO backfill_amfi_monthly_portfolios: Validation https://cms.angelonemf.com/amc-cms/wp-content/uploads/formidable/20/Monthly-Portfolio-June-2026-Angel-One-Nifty-1D-Rate-Liquid-ETF-GROWTH-1.xlsx: 1 valid, 0 quarantined
2026-08-22 15:08:31,195 INFO backfill_amfi_monthly_portfolios: Processing 19/470: https://cms.angelonemf.com/amc-cms/wp-content/uploads/formidable/20/Monthly-Portfolio-June-2026-Angel-One-Nifty-Total-Market-ETF.xlsx
2026-08-22 15:08:31,314 INFO backfill_amfi_monthly_portfolios: Downloaded https://cms.angelonemf.com/amc-cms/wp-content/uploads/formidable/20/Monthly-Portfolio-June-2026-Angel-One-Nifty-Total-Market-ETF.xlsx: 208864 bytes (application/vnd.openxmlformats-officedocument.spreadsheetml.sheet)
2026-08-22 15:08:31,315 INFO mutual_fund_ingestion.agent.parser: Routing to parser=portfolio_monthly_amfi for dataset_type=portfolio_disclosure file_type=amfi_monthly_xlsx
2026-08-22 15:08:31,367 INFO backfill_amfi_monthly_portfolios: Parser portfolio_monthly_amfi: 752 records (confidence=0.80), 0 errors
2026-08-22 15:08:31,450 INFO backfill_amfi_monthly_portfolios: Validation https://cms.angelonemf.com/amc-cms/wp-content/uploads/formidable/20/Monthly-Portfolio-June-2026-Angel-One-Nifty-Total-Market-ETF.xlsx: 752 valid, 0 quarantined
2026-08-22 15:08:33,565 INFO backfill_amfi_monthly_portfolios: Processing 20/470: https://cms.angelonemf.com/amc-cms/wp-content/uploads/formidable/20/Monthly-Portfolio-June-2026-Angel-One-Nifty-Total-Market-Momentum-Quality-50-ETF.xlsx
2026-08-22 15:08:33,655 INFO backfill_amfi_monthly_portfolios: Downloaded https://cms.angelonemf.com/amc-cms/wp-content/uploads/formidable/20/Monthly-Portfolio-June-2026-Angel-One-Nifty-Total-Market-Momentum-Quality-50-ETF.xlsx: 161203 bytes (application/vnd.openxmlformats-officedocument.spreadsheetml.sheet)
2026-08-22 15:08:33,655 INFO mutual_fund_ingestion.agent.parser: Routing to parser=portfolio_monthly_amfi for dataset_type=portfolio_disclosure file_type=amfi_monthly_xlsx
2026-08-22 15:08:33,666 INFO backfill_amfi_monthly_portfolios: Parser portfolio_monthly_amfi: 51 records (confidence=0.80), 0 errors
2026-08-22 15:08:33,676 INFO backfill_amfi_monthly_portfolios: Validation https://cms.angelonemf.com/amc-cms/wp-content/uploads/formidable/20/Monthly-Portfolio-June-2026-Angel-One-Nifty-Total-Market-Momentum-Quality-50-ETF.xlsx: 51 valid, 0 quarantined
2026-08-22 15:08:35,222 INFO backfill_amfi_monthly_portfolios: Processing 21/470: https://cms.angelonemf.com/amc-cms/wp-content/uploads/formidable/20/Monthly-Portfolio-June-2026-Angel-One-Nifty-Total-Market-Momentum-Quality-50-Index-Fund.xlsx
2026-08-22 15:08:35,306 INFO backfill_amfi_monthly_portfolios: Downloaded https://cms.angelonemf.com/amc-cms/wp-content/uploads/formidable/20/Monthly-Portfolio-June-2026-Angel-One-Nifty-Total-Market-Momentum-Quality-50-Index-Fund.xlsx: 163519 bytes (application/vnd.openxmlformats-officedocument.spreadsheetml.sheet)
2026-08-22 15:08:35,312 INFO mutual_fund_ingestion.agent.parser: Routing to parser=portfolio_monthly_amfi for dataset_type=portfolio_disclosure file_type=amfi_monthly_xlsx
2026-08-22 15:08:35,326 INFO backfill_amfi_monthly_portfolios: Parser portfolio_monthly_amfi: 51 records (confidence=0.80), 0 errors
2026-08-22 15:08:35,336 INFO backfill_amfi_monthly_portfolios: Validation https://cms.angelonemf.com/amc-cms/wp-content/uploads/formidable/20/Monthly-Portfolio-June-2026-Angel-One-Nifty-Total-Market-Momentum-Quality-50-Index-Fund.xlsx: 51 valid, 0 quarantined
2026-08-22 15:08:39,520 INFO backfill_amfi_monthly_portfolios: Processing 22/470: https://cms.angelonemf.com/amc-cms/wp-content/uploads/formidable/20/Monthly-Portfolio-June-2026-Angel-One-Nifty-Total-Market-Index-Fund-1.xlsx
2026-08-22 15:08:39,653 INFO backfill_amfi_monthly_portfolios: Downloaded https://cms.angelonemf.com/amc-cms/wp-content/uploads/formidable/20/Monthly-Portfolio-June-2026-Angel-One-Nifty-Total-Market-Index-Fund-1.xlsx: 208092 bytes (application/vnd.openxmlformats-officedocument.spreadsheetml.sheet)
2026-08-22 15:08:39,653 INFO mutual_fund_ingestion.agent.parser: Routing to parser=portfolio_monthly_amfi for dataset_type=portfolio_disclosure file_type=amfi_monthly_xlsx
2026-08-22 15:08:39,715 INFO backfill_amfi_monthly_portfolios: Parser portfolio_monthly_amfi: 752 records (confidence=0.80), 0 errors
2026-08-22 15:08:39,821 INFO backfill_amfi_monthly_portfolios: Validation https://cms.angelonemf.com/amc-cms/wp-content/uploads/formidable/20/Monthly-Portfolio-June-2026-Angel-One-Nifty-Total-Market-Index-Fund-1.xlsx: 752 valid, 0 quarantined
2026-08-22 15:08:42,039 INFO backfill_amfi_monthly_portfolios: Processing 23/470: https://cms.angelonemf.com/amc-cms/wp-content/uploads/formidable/20/Monthly-Portfolio-May-2026-Angel-One-Nifty-1D-Rate-Liquid-ETF-GROWTH.xlsx
2026-08-22 15:08:42,132 INFO backfill_amfi_monthly_portfolios: Downloaded https://cms.angelonemf.com/amc-cms/wp-content/uploads/formidable/20/Monthly-Portfolio-May-2026-Angel-One-Nifty-1D-Rate-Liquid-ETF-GROWTH.xlsx: 149335 bytes (application/vnd.openxmlformats-officedocument.spreadsheetml.sheet)
2026-08-22 15:08:42,132 INFO mutual_fund_ingestion.agent.parser: Routing to parser=portfolio_monthly_amfi for dataset_type=portfolio_disclosure file_type=amfi_monthly_xlsx
2026-08-22 15:08:42,140 INFO backfill_amfi_monthly_portfolios: Parser portfolio_monthly_amfi: 1 records (confidence=0.80), 0 errors
2026-08-22 15:08:42,141 INFO backfill_amfi_monthly_portfolios: Validation https://cms.angelonemf.com/amc-cms/wp-content/uploads/formidable/20/Monthly-Portfolio-May-2026-Angel-One-Nifty-1D-Rate-Liquid-ETF-GROWTH.xlsx: 1 valid, 0 quarantined
2026-08-22 15:08:43,658 INFO backfill_amfi_monthly_portfolios: Processing 24/470: https://cms.angelonemf.com/amc-cms/wp-content/uploads/formidable/20/Monthly-Portfolio-May-2026-Angel-One-Nifty-50-ETF.xlsx
2026-08-22 15:08:43,748 INFO backfill_amfi_monthly_portfolios: Downloaded https://cms.angelonemf.com/amc-cms/wp-content/uploads/formidable/20/Monthly-Portfolio-May-2026-Angel-One-Nifty-50-ETF.xlsx: 139244 bytes (application/vnd.openxmlformats-officedocument.spreadsheetml.sheet)
2026-08-22 15:08:43,748 INFO mutual_fund_ingestion.agent.parser: Routing to parser=portfolio_monthly_amfi for dataset_type=portfolio_disclosure file_type=amfi_monthly_xlsx
2026-08-22 15:08:43,758 INFO backfill_amfi_monthly_portfolios: Parser portfolio_monthly_amfi: 51 records (confidence=0.80), 0 errors
2026-08-22 15:08:43,769 INFO backfill_amfi_monthly_portfolios: Validation https://cms.angelonemf.com/amc-cms/wp-content/uploads/formidable/20/Monthly-Portfolio-May-2026-Angel-One-Nifty-50-ETF.xlsx: 51 valid, 0 quarantined
2026-08-22 15:08:45,320 INFO backfill_amfi_monthly_portfolios: Processing 25/470: https://cms.angelonemf.com/amc-cms/wp-content/uploads/formidable/20/Monthly-Portfolio-May-2026-Angel-One-Nifty-50-Index-Fund.xlsx
2026-08-22 15:08:45,408 INFO backfill_amfi_monthly_portfolios: Downloaded https://cms.angelonemf.com/amc-cms/wp-content/uploads/formidable/20/Monthly-Portfolio-May-2026-Angel-One-Nifty-50-Index-Fund.xlsx: 141025 bytes (application/vnd.openxmlformats-officedocument.spreadsheetml.sheet)
2026-08-22 15:08:45,408 INFO mutual_fund_ingestion.agent.parser: Routing to parser=portfolio_monthly_amfi for dataset_type=portfolio_disclosure file_type=amfi_monthly_xlsx
2026-08-22 15:08:45,418 INFO backfill_amfi_monthly_portfolios: Parser portfolio_monthly_amfi: 0 records (confidence=0.00), 0 errors
2026-08-22 15:08:46,923 INFO backfill_amfi_monthly_portfolios: Processing 26/470: https://cms.angelonemf.com/amc-cms/wp-content/uploads/formidable/20/Monthly-Portfolio-May-2026-Angel-One-Gold-ETF.xlsx
2026-08-22 15:08:47,045 INFO backfill_amfi_monthly_portfolios: Downloaded https://cms.angelonemf.com/amc-cms/wp-content/uploads/formidable/20/Monthly-Portfolio-May-2026-Angel-One-Gold-ETF.xlsx: 219355 bytes (application/vnd.openxmlformats-officedocument.spreadsheetml.sheet)
2026-08-22 15:08:47,045 INFO mutual_fund_ingestion.agent.parser: Routing to parser=portfolio_monthly_amfi for dataset_type=portfolio_disclosure file_type=amfi_monthly_xlsx
2026-08-22 15:08:47,053 INFO backfill_amfi_monthly_portfolios: Parser portfolio_monthly_amfi: 3 records (confidence=0.80), 0 errors
2026-08-22 15:08:47,058 INFO backfill_amfi_monthly_portfolios: Validation https://cms.angelonemf.com/amc-cms/wp-content/uploads/formidable/20/Monthly-Portfolio-May-2026-Angel-One-Gold-ETF.xlsx: 3 valid, 0 quarantined
2026-08-22 15:08:48,575 INFO backfill_amfi_monthly_portfolios: Processing 27/470: https://cms.angelonemf.com/amc-cms/wp-content/uploads/formidable/20/Monthly-Portfolio-May-2026-Angel-One-Gold-ETF-FOF.xlsx
2026-08-22 15:08:48,665 INFO backfill_amfi_monthly_portfolios: Downloaded https://cms.angelonemf.com/amc-cms/wp-content/uploads/formidable/20/Monthly-Portfolio-May-2026-Angel-One-Gold-ETF-FOF.xlsx: 161566 bytes (application/vnd.openxmlformats-officedocument.spreadsheetml.sheet)
2026-08-22 15:08:48,666 INFO mutual_fund_ingestion.agent.parser: Routing to parser=portfolio_monthly_amfi for dataset_type=portfolio_disclosure file_type=amfi_monthly_xlsx
2026-08-22 15:08:48,672 INFO backfill_amfi_monthly_portfolios: Parser portfolio_monthly_amfi: 2 records (confidence=0.80), 0 errors
2026-08-22 15:08:48,676 INFO backfill_amfi_monthly_portfolios: Validation https://cms.angelonemf.com/amc-cms/wp-content/uploads/formidable/20/Monthly-Portfolio-May-2026-Angel-One-Gold-ETF-FOF.xlsx: 2 valid, 0 quarantined
2026-08-22 15:08:50,187 INFO backfill_amfi_monthly_portfolios: Processing 28/470: https://cms.angelonemf.com/amc-cms/wp-content/uploads/formidable/20/Monthly-Portfolio-May-2026-Angel-One-Silver-ETF.xlsx
2026-08-22 15:08:50,569 INFO backfill_amfi_monthly_portfolios: Downloaded https://cms.angelonemf.com/amc-cms/wp-content/uploads/formidable/20/Monthly-Portfolio-May-2026-Angel-One-Silver-ETF.xlsx: 219360 bytes (application/vnd.openxmlformats-officedocument.spreadsheetml.sheet)
2026-08-22 15:08:50,569 INFO mutual_fund_ingestion.agent.parser: Routing to parser=portfolio_monthly_amfi for dataset_type=portfolio_disclosure file_type=amfi_monthly_xlsx
2026-08-22 15:08:50,577 INFO backfill_amfi_monthly_portfolios: Parser portfolio_monthly_amfi: 3 records (confidence=0.80), 0 errors
2026-08-22 15:08:50,579 INFO backfill_amfi_monthly_portfolios: Validation https://cms.angelonemf.com/amc-cms/wp-content/uploads/formidable/20/Monthly-Portfolio-May-2026-Angel-One-Silver-ETF.xlsx: 3 valid, 0 quarantined
2026-08-22 15:08:52,092 INFO backfill_amfi_monthly_portfolios: Processing 29/470: https://cms.angelonemf.com/amc-cms/wp-content/uploads/formidable/20/Monthly-Portfolio-May-2026-Angel-One-Silver-ETF-FOF.xlsx
2026-08-22 15:08:52,228 INFO backfill_amfi_monthly_portfolios: Downloaded https://cms.angelonemf.com/amc-cms/wp-content/uploads/formidable/20/Monthly-Portfolio-May-2026-Angel-One-Silver-ETF-FOF.xlsx: 191232 bytes (application/vnd.openxmlformats-officedocument.spreadsheetml.sheet)
2026-08-22 15:08:52,228 INFO mutual_fund_ingestion.agent.parser: Routing to parser=portfolio_monthly_amfi for dataset_type=portfolio_disclosure file_type=amfi_monthly_xlsx
2026-08-22 15:08:52,235 INFO backfill_amfi_monthly_portfolios: Parser portfolio_monthly_amfi: 2 records (confidence=0.80), 0 errors
2026-08-22 15:08:52,237 INFO backfill_amfi_monthly_portfolios: Validation https://cms.angelonemf.com/amc-cms/wp-content/uploads/formidable/20/Monthly-Portfolio-May-2026-Angel-One-Silver-ETF-FOF.xlsx: 2 valid, 0 quarantined
2026-08-22 15:08:53,745 INFO backfill_amfi_monthly_portfolios: Processing 30/470: https://cms.angelonemf.com/amc-cms/wp-content/uploads/formidable/20/Monthly-Portfolio-May-2026-Angel-One-Nifty-Total-Market-Index-Fund.xlsx
2026-08-22 15:08:53,890 INFO backfill_amfi_monthly_portfolios: Downloaded https://cms.angelonemf.com/amc-cms/wp-content/uploads/formidable/20/Monthly-Portfolio-May-2026-Angel-One-Nifty-Total-Market-Index-Fund.xlsx: 208992 bytes (application/vnd.openxmlformats-officedocument.spreadsheetml.sheet)
2026-08-22 15:08:53,891 INFO mutual_fund_ingestion.agent.parser: Routing to parser=portfolio_monthly_amfi for dataset_type=portfolio_disclosure file_type=amfi_monthly_xlsx
2026-08-22 15:08:53,945 INFO backfill_amfi_monthly_portfolios: Parser portfolio_monthly_amfi: 756 records (confidence=0.80), 0 errors
2026-08-22 15:08:54,021 INFO backfill_amfi_monthly_portfolios: Validation https://cms.angelonemf.com/amc-cms/wp-content/uploads/formidable/20/Monthly-Portfolio-May-2026-Angel-One-Nifty-Total-Market-Index-Fund.xlsx: 756 valid, 0 quarantined
2026-08-22 15:08:56,086 INFO backfill_amfi_monthly_portfolios: Processing 31/470: https://cms.angelonemf.com/amc-cms/wp-content/uploads/formidable/20/Monthly-Portfolio-May-2026-Angel-One-Nifty-Total-Market-ETF.xlsx
2026-08-22 15:08:56,242 INFO backfill_amfi_monthly_portfolios: Downloaded https://cms.angelonemf.com/amc-cms/wp-content/uploads/formidable/20/Monthly-Portfolio-May-2026-Angel-One-Nifty-Total-Market-ETF.xlsx: 206042 bytes (application/vnd.openxmlformats-officedocument.spreadsheetml.sheet)
2026-08-22 15:08:56,242 INFO mutual_fund_ingestion.agent.parser: Routing to parser=portfolio_monthly_amfi for dataset_type=portfolio_disclosure file_type=amfi_monthly_xlsx
2026-08-22 15:08:56,305 INFO backfill_amfi_monthly_portfolios: Parser portfolio_monthly_amfi: 756 records (confidence=0.80), 0 errors
2026-08-22 15:08:56,367 INFO backfill_amfi_monthly_portfolios: Validation https://cms.angelonemf.com/amc-cms/wp-content/uploads/formidable/20/Monthly-Portfolio-May-2026-Angel-One-Nifty-Total-Market-ETF.xlsx: 756 valid, 0 quarantined
2026-08-22 15:08:58,477 INFO backfill_amfi_monthly_portfolios: Processing 32/470: https://cms.angelonemf.com/amc-cms/wp-content/uploads/formidable/20/Monthly-Portfolio-May-2026-Angel-One-Nifty-Total-Market-Momentum-Quality-50-ETF.xlsx
2026-08-22 15:08:58,598 INFO backfill_amfi_monthly_portfolios: Downloaded https://cms.angelonemf.com/amc-cms/wp-content/uploads/formidable/20/Monthly-Portfolio-May-2026-Angel-One-Nifty-Total-Market-Momentum-Quality-50-ETF.xlsx: 161075 bytes (application/vnd.openxmlformats-officedocument.spreadsheetml.sheet)
2026-08-22 15:08:58,598 INFO mutual_fund_ingestion.agent.parser: Routing to parser=portfolio_monthly_amfi for dataset_type=portfolio_disclosure file_type=amfi_monthly_xlsx
2026-08-22 15:08:58,607 INFO backfill_amfi_monthly_portfolios: Parser portfolio_monthly_amfi: 50 records (confidence=0.80), 0 errors
2026-08-22 15:08:58,613 INFO backfill_amfi_monthly_portfolios: Validation https://cms.angelonemf.com/amc-cms/wp-content/uploads/formidable/20/Monthly-Portfolio-May-2026-Angel-One-Nifty-Total-Market-Momentum-Quality-50-ETF.xlsx: 50 valid, 0 quarantined
2026-08-22 15:09:00,178 INFO backfill_amfi_monthly_portfolios: Processing 33/470: https://cms.angelonemf.com/amc-cms/wp-content/uploads/formidable/20/Monthly-Portfolio-May-2026-Angel-One-Nifty-Total-Market-Momentum-Quality-50-Index-Fund.xlsx
2026-08-22 15:09:00,325 INFO backfill_amfi_monthly_portfolios: Downloaded https://cms.angelonemf.com/amc-cms/wp-content/uploads/formidable/20/Monthly-Portfolio-May-2026-Angel-One-Nifty-Total-Market-Momentum-Quality-50-Index-Fund.xlsx: 163594 bytes (application/vnd.openxmlformats-officedocument.spreadsheetml.sheet)
2026-08-22 15:09:00,325 INFO mutual_fund_ingestion.agent.parser: Routing to parser=portfolio_monthly_amfi for dataset_type=portfolio_disclosure file_type=amfi_monthly_xlsx
2026-08-22 15:09:00,334 INFO backfill_amfi_monthly_portfolios: Parser portfolio_monthly_amfi: 51 records (confidence=0.80), 0 errors
2026-08-22 15:09:00,341 INFO backfill_amfi_monthly_portfolios: Validation https://cms.angelonemf.com/amc-cms/wp-content/uploads/formidable/20/Monthly-Portfolio-May-2026-Angel-One-Nifty-Total-Market-Momentum-Quality-50-Index-Fund.xlsx: 51 valid, 0 quarantined
2026-08-22 15:09:03,576 INFO backfill_amfi_monthly_portfolios: Processing 34/470: https://cms.angelonemf.com/amc-cms/wp-content/uploads/formidable/20/Monthly-Portfolio-April-2026-Angel-One-Nifty-1D-Rate-Liquid-ETF-GROWTH.xlsx
2026-08-22 15:09:03,693 INFO backfill_amfi_monthly_portfolios: Downloaded https://cms.angelonemf.com/amc-cms/wp-content/uploads/formidable/20/Monthly-Portfolio-April-2026-Angel-One-Nifty-1D-Rate-Liquid-ETF-GROWTH.xlsx: 149378 bytes (application/vnd.openxmlformats-officedocument.spreadsheetml.sheet)
2026-08-22 15:09:03,693 INFO mutual_fund_ingestion.agent.parser: Routing to parser=portfolio_monthly_amfi for dataset_type=portfolio_disclosure file_type=amfi_monthly_xlsx
2026-08-22 15:09:03,702 INFO backfill_amfi_monthly_portfolios: Parser portfolio_monthly_amfi: 1 records (confidence=0.80), 0 errors
2026-08-22 15:09:03,704 INFO backfill_amfi_monthly_portfolios: Validation https://cms.angelonemf.com/amc-cms/wp-content/uploads/formidable/20/Monthly-Portfolio-April-2026-Angel-One-Nifty-1D-Rate-Liquid-ETF-GROWTH.xlsx: 1 valid, 0 quarantined
2026-08-22 15:09:05,215 INFO backfill_amfi_monthly_portfolios: Processing 35/470: https://cms.angelonemf.com/amc-cms/wp-content/uploads/formidable/20/Monthly-Portfolio-April-2026-Angel-One-Nifty-50-ETF.xlsx
2026-08-22 15:09:05,346 INFO backfill_amfi_monthly_portfolios: Downloaded https://cms.angelonemf.com/amc-cms/wp-content/uploads/formidable/20/Monthly-Portfolio-April-2026-Angel-One-Nifty-50-ETF.xlsx: 139431 bytes (application/vnd.openxmlformats-officedocument.spreadsheetml.sheet)
2026-08-22 15:09:05,346 INFO mutual_fund_ingestion.agent.parser: Routing to parser=portfolio_monthly_amfi for dataset_type=portfolio_disclosure file_type=amfi_monthly_xlsx
2026-08-22 15:09:05,357 INFO backfill_amfi_monthly_portfolios: Parser portfolio_monthly_amfi: 51 records (confidence=0.80), 0 errors
2026-08-22 15:09:05,364 INFO backfill_amfi_monthly_portfolios: Validation https://cms.angelonemf.com/amc-cms/wp-content/uploads/formidable/20/Monthly-Portfolio-April-2026-Angel-One-Nifty-50-ETF.xlsx: 51 valid, 0 quarantined
2026-08-22 15:09:06,924 INFO backfill_amfi_monthly_portfolios: Processing 36/470: https://cms.angelonemf.com/amc-cms/wp-content/uploads/formidable/20/Monthly-Portfolio-April-2026-Angel-One-Nifty-50-Index-Fund.xlsx
2026-08-22 15:09:07,346 INFO backfill_amfi_monthly_portfolios: Downloaded https://cms.angelonemf.com/amc-cms/wp-content/uploads/formidable/20/Monthly-Portfolio-April-2026-Angel-One-Nifty-50-Index-Fund.xlsx: 141187 bytes (application/vnd.openxmlformats-officedocument.spreadsheetml.sheet)
2026-08-22 15:09:07,346 INFO mutual_fund_ingestion.agent.parser: Routing to parser=portfolio_monthly_amfi for dataset_type=portfolio_disclosure file_type=amfi_monthly_xlsx
2026-08-22 15:09:07,356 INFO backfill_amfi_monthly_portfolios: Parser portfolio_monthly_amfi: 51 records (confidence=0.80), 0 errors
2026-08-22 15:09:07,363 INFO backfill_amfi_monthly_portfolios: Validation https://cms.angelonemf.com/amc-cms/wp-content/uploads/formidable/20/Monthly-Portfolio-April-2026-Angel-One-Nifty-50-Index-Fund.xlsx: 51 valid, 0 quarantined
2026-08-22 15:09:08,917 INFO backfill_amfi_monthly_portfolios: Processing 37/470: https://cms.angelonemf.com/amc-cms/wp-content/uploads/formidable/20/Monthly-Portfolio-April-2026-Angel-One-Gold-ETF.xlsx
2026-08-22 15:09:09,264 INFO backfill_amfi_monthly_portfolios: Downloaded https://cms.angelonemf.com/amc-cms/wp-content/uploads/formidable/20/Monthly-Portfolio-April-2026-Angel-One-Gold-ETF.xlsx: 219134 bytes (application/vnd.openxmlformats-officedocument.spreadsheetml.sheet)
2026-08-22 15:09:09,264 INFO mutual_fund_ingestion.agent.parser: Routing to parser=portfolio_monthly_amfi for dataset_type=portfolio_disclosure file_type=amfi_monthly_xlsx
2026-08-22 15:09:09,276 INFO backfill_amfi_monthly_portfolios: Parser portfolio_monthly_amfi: 3 records (confidence=0.80), 0 errors
2026-08-22 15:09:09,279 INFO backfill_amfi_monthly_portfolios: Validation https://cms.angelonemf.com/amc-cms/wp-content/uploads/formidable/20/Monthly-Portfolio-April-2026-Angel-One-Gold-ETF.xlsx: 3 valid, 0 quarantined
2026-08-22 15:09:10,797 INFO backfill_amfi_monthly_portfolios: Processing 38/470: https://cms.angelonemf.com/amc-cms/wp-content/uploads/formidable/20/Monthly-Portfolio-April-2026-Angel-One-Gold-ETF-FOF.xlsx
2026-08-22 15:09:11,005 INFO backfill_amfi_monthly_portfolios: Downloaded https://cms.angelonemf.com/amc-cms/wp-content/uploads/formidable/20/Monthly-Portfolio-April-2026-Angel-One-Gold-ETF-FOF.xlsx: 161717 bytes (application/vnd.openxmlformats-officedocument.spreadsheetml.sheet)
2026-08-22 15:09:11,005 INFO mutual_fund_ingestion.agent.parser: Routing to parser=portfolio_monthly_amfi for dataset_type=portfolio_disclosure file_type=amfi_monthly_xlsx
2026-08-22 15:09:11,014 INFO backfill_amfi_monthly_portfolios: Parser portfolio_monthly_amfi: 2 records (confidence=0.80), 0 errors
2026-08-22 15:09:11,016 INFO backfill_amfi_monthly_portfolios: Validation https://cms.angelonemf.com/amc-cms/wp-content/uploads/formidable/20/Monthly-Portfolio-April-2026-Angel-One-Gold-ETF-FOF.xlsx: 2 valid, 0 quarantined
2026-08-22 15:09:12,531 INFO backfill_amfi_monthly_portfolios: Processing 39/470: https://cms.angelonemf.com/amc-cms/wp-content/uploads/formidable/20/Monthly-Portfolio-April-2026-Angel-One-Silver-ETF.xlsx
2026-08-22 15:09:12,780 INFO backfill_amfi_monthly_portfolios: Downloaded https://cms.angelonemf.com/amc-cms/wp-content/uploads/formidable/20/Monthly-Portfolio-April-2026-Angel-One-Silver-ETF.xlsx: 219084 bytes (application/vnd.openxmlformats-officedocument.spreadsheetml.sheet)
2026-08-22 15:09:12,780 INFO mutual_fund_ingestion.agent.parser: Routing to parser=portfolio_monthly_amfi for dataset_type=portfolio_disclosure file_type=amfi_monthly_xlsx
2026-08-22 15:09:12,789 INFO backfill_amfi_monthly_portfolios: Parser portfolio_monthly_amfi: 3 records (confidence=0.80), 0 errors
2026-08-22 15:09:12,791 INFO backfill_amfi_monthly_portfolios: Validation https://cms.angelonemf.com/amc-cms/wp-content/uploads/formidable/20/Monthly-Portfolio-April-2026-Angel-One-Silver-ETF.xlsx: 3 valid, 0 quarantined
2026-08-22 15:09:14,306 INFO backfill_amfi_monthly_portfolios: Processing 40/470: https://cms.angelonemf.com/amc-cms/wp-content/uploads/formidable/20/Monthly-Portfolio-April-2026-Angel-One-Silver-ETF-FOF.xlsx
2026-08-22 15:09:14,565 INFO backfill_amfi_monthly_portfolios: Downloaded https://cms.angelonemf.com/amc-cms/wp-content/uploads/formidable/20/Monthly-Portfolio-April-2026-Angel-One-Silver-ETF-FOF.xlsx: 191434 bytes (application/vnd.openxmlformats-officedocument.spreadsheetml.sheet)
2026-08-22 15:09:14,565 INFO mutual_fund_ingestion.agent.parser: Routing to parser=portfolio_monthly_amfi for dataset_type=portfolio_disclosure file_type=amfi_monthly_xlsx
2026-08-22 15:09:14,573 INFO backfill_amfi_monthly_portfolios: Parser portfolio_monthly_amfi: 2 records (confidence=0.80), 0 errors
2026-08-22 15:09:14,577 INFO backfill_amfi_monthly_portfolios: Validation https://cms.angelonemf.com/amc-cms/wp-content/uploads/formidable/20/Monthly-Portfolio-April-2026-Angel-One-Silver-ETF-FOF.xlsx: 2 valid, 0 quarantined
2026-08-22 15:09:16,095 INFO backfill_amfi_monthly_portfolios: Processing 41/470: https://cms.angelonemf.com/amc-cms/wp-content/uploads/formidable/20/Monthly-Portfolio-April-2026-Angel-One-Nifty-Total-Market-Index-Fund.xlsx
2026-08-22 15:09:16,275 INFO backfill_amfi_monthly_portfolios: Downloaded https://cms.angelonemf.com/amc-cms/wp-content/uploads/formidable/20/Monthly-Portfolio-April-2026-Angel-One-Nifty-Total-Market-Index-Fund.xlsx: 208689 bytes (application/vnd.openxmlformats-officedocument.spreadsheetml.sheet)
2026-08-22 15:09:16,275 INFO mutual_fund_ingestion.agent.parser: Routing to parser=portfolio_monthly_amfi for dataset_type=portfolio_disclosure file_type=amfi_monthly_xlsx
2026-08-22 15:09:16,328 INFO backfill_amfi_monthly_portfolios: Parser portfolio_monthly_amfi: 756 records (confidence=0.80), 0 errors
2026-08-22 15:09:16,389 INFO backfill_amfi_monthly_portfolios: Validation https://cms.angelonemf.com/amc-cms/wp-content/uploads/formidable/20/Monthly-Portfolio-April-2026-Angel-One-Nifty-Total-Market-Index-Fund.xlsx: 756 valid, 0 quarantined
2026-08-22 15:09:19,533 INFO backfill_amfi_monthly_portfolios: Processing 42/470: https://cms.angelonemf.com/amc-cms/wp-content/uploads/formidable/20/Monthly-Portfolio-April-2026-Angel-One-Nifty-Total-Market-ETF.xlsx
2026-08-22 15:09:20,130 INFO backfill_amfi_monthly_portfolios: Downloaded https://cms.angelonemf.com/amc-cms/wp-content/uploads/formidable/20/Monthly-Portfolio-April-2026-Angel-One-Nifty-Total-Market-ETF.xlsx: 209281 bytes (application/vnd.openxmlformats-officedocument.spreadsheetml.sheet)
2026-08-22 15:09:20,130 INFO mutual_fund_ingestion.agent.parser: Routing to parser=portfolio_monthly_amfi for dataset_type=portfolio_disclosure file_type=amfi_monthly_xlsx
2026-08-22 15:09:20,187 INFO backfill_amfi_monthly_portfolios: Parser portfolio_monthly_amfi: 756 records (confidence=0.80), 0 errors
2026-08-22 15:09:20,259 INFO backfill_amfi_monthly_portfolios: Validation https://cms.angelonemf.com/amc-cms/wp-content/uploads/formidable/20/Monthly-Portfolio-April-2026-Angel-One-Nifty-Total-Market-ETF.xlsx: 756 valid, 0 quarantined
2026-08-22 15:09:23,217 INFO backfill_amfi_monthly_portfolios: Processing 43/470: https://cms.angelonemf.com/amc-cms/wp-content/uploads/formidable/20/Monthly-Portfolio-April-2026-Angel-One-Nifty-Total-Market-Momentum-Quality-50-ETF.xlsx
2026-08-22 15:09:23,423 INFO backfill_amfi_monthly_portfolios: Downloaded https://cms.angelonemf.com/amc-cms/wp-content/uploads/formidable/20/Monthly-Portfolio-April-2026-Angel-One-Nifty-Total-Market-Momentum-Quality-50-ETF.xlsx: 161362 bytes (application/vnd.openxmlformats-officedocument.spreadsheetml.sheet)
2026-08-22 15:09:23,423 INFO mutual_fund_ingestion.agent.parser: Routing to parser=portfolio_monthly_amfi for dataset_type=portfolio_disclosure file_type=amfi_monthly_xlsx
2026-08-22 15:09:23,436 INFO backfill_amfi_monthly_portfolios: Parser portfolio_monthly_amfi: 51 records (confidence=0.80), 0 errors
2026-08-22 15:09:23,442 INFO backfill_amfi_monthly_portfolios: Validation https://cms.angelonemf.com/amc-cms/wp-content/uploads/formidable/20/Monthly-Portfolio-April-2026-Angel-One-Nifty-Total-Market-Momentum-Quality-50-ETF.xlsx: 51 valid, 0 quarantined
2026-08-22 15:09:25,057 INFO backfill_amfi_monthly_portfolios: Processing 44/470: https://cms.angelonemf.com/amc-cms/wp-content/uploads/formidable/20/Monthly-Portfolio-April-2026-Angel-One-Nifty-Total-Market-Momentum-Quality-50-Index-Fund.xlsx
2026-08-22 15:09:25,530 INFO backfill_amfi_monthly_portfolios: Downloaded https://cms.angelonemf.com/amc-cms/wp-content/uploads/formidable/20/Monthly-Portfolio-April-2026-Angel-One-Nifty-Total-Market-Momentum-Quality-50-Index-Fund.xlsx: 162942 bytes (application/vnd.openxmlformats-officedocument.spreadsheetml.sheet)
2026-08-22 15:09:25,530 INFO mutual_fund_ingestion.agent.parser: Routing to parser=portfolio_monthly_amfi for dataset_type=portfolio_disclosure file_type=amfi_monthly_xlsx
2026-08-22 15:09:25,540 INFO backfill_amfi_monthly_portfolios: Parser portfolio_monthly_amfi: 51 records (confidence=0.80), 0 errors
2026-08-22 15:09:25,548 INFO backfill_amfi_monthly_portfolios: Validation https://cms.angelonemf.com/amc-cms/wp-content/uploads/formidable/20/Monthly-Portfolio-April-2026-Angel-One-Nifty-Total-Market-Momentum-Quality-50-Index-Fund.xlsx: 51 valid, 0 quarantined
2026-08-22 15:09:28,781 INFO backfill_amfi_monthly_portfolios: Processing 45/470: https://cms.angelonemf.com/amc-cms/wp-content/uploads/formidable/20/Monthly-Portfolio-Mar-2026-Angel-One-Nifty-1D-Rate-Liquid-ETF-Growth-1.xlsx
2026-08-22 15:09:29,016 INFO backfill_amfi_monthly_portfolios: Downloaded https://cms.angelonemf.com/amc-cms/wp-content/uploads/formidable/20/Monthly-Portfolio-Mar-2026-Angel-One-Nifty-1D-Rate-Liquid-ETF-Growth-1.xlsx: 151500 bytes (application/vnd.openxmlformats-officedocument.spreadsheetml.sheet)
2026-08-22 15:09:29,016 INFO mutual_fund_ingestion.agent.parser: Routing to parser=portfolio_monthly_amfi for dataset_type=portfolio_disclosure file_type=amfi_monthly_xlsx
2026-08-22 15:09:29,023 INFO backfill_amfi_monthly_portfolios: Parser portfolio_monthly_amfi: 1 records (confidence=0.80), 0 errors
2026-08-22 15:09:29,026 INFO backfill_amfi_monthly_portfolios: Validation https://cms.angelonemf.com/amc-cms/wp-content/uploads/formidable/20/Monthly-Portfolio-Mar-2026-Angel-One-Nifty-1D-Rate-Liquid-ETF-Growth-1.xlsx: 1 valid, 0 quarantined
2026-08-22 15:09:30,548 INFO backfill_amfi_monthly_portfolios: Processing 46/470: https://cms.angelonemf.com/amc-cms/wp-content/uploads/formidable/20/Monthly-Portfolio-Mar-2026-Angel-One-Nifty-50-ETF-1.xlsx
2026-08-22 15:09:30,735 INFO backfill_amfi_monthly_portfolios: Downloaded https://cms.angelonemf.com/amc-cms/wp-content/uploads/formidable/20/Monthly-Portfolio-Mar-2026-Angel-One-Nifty-50-ETF-1.xlsx: 141525 bytes (application/vnd.openxmlformats-officedocument.spreadsheetml.sheet)
2026-08-22 15:09:30,736 INFO mutual_fund_ingestion.agent.parser: Routing to parser=portfolio_monthly_amfi for dataset_type=portfolio_disclosure file_type=amfi_monthly_xlsx
2026-08-22 15:09:30,746 INFO backfill_amfi_monthly_portfolios: Parser portfolio_monthly_amfi: 51 records (confidence=0.80), 0 errors
2026-08-22 15:09:30,755 INFO backfill_amfi_monthly_portfolios: Validation https://cms.angelonemf.com/amc-cms/wp-content/uploads/formidable/20/Monthly-Portfolio-Mar-2026-Angel-One-Nifty-50-ETF-1.xlsx: 51 valid, 0 quarantined
2026-08-22 15:09:32,419 INFO backfill_amfi_monthly_portfolios: Processing 47/470: https://cms.angelonemf.com/amc-cms/wp-content/uploads/formidable/20/Monthly-Portfolio-Mar-2026-Angel-One-Nifty-50-Index-Fund-1.xlsx
2026-08-22 15:09:32,667 INFO backfill_amfi_monthly_portfolios: Downloaded https://cms.angelonemf.com/amc-cms/wp-content/uploads/formidable/20/Monthly-Portfolio-Mar-2026-Angel-One-Nifty-50-Index-Fund-1.xlsx: 143315 bytes (application/vnd.openxmlformats-officedocument.spreadsheetml.sheet)
2026-08-22 15:09:32,667 INFO mutual_fund_ingestion.agent.parser: Routing to parser=portfolio_monthly_amfi for dataset_type=portfolio_disclosure file_type=amfi_monthly_xlsx
2026-08-22 15:09:32,688 INFO backfill_amfi_monthly_portfolios: Parser portfolio_monthly_amfi: 51 records (confidence=0.80), 0 errors
2026-08-22 15:09:32,702 INFO backfill_amfi_monthly_portfolios: Validation https://cms.angelonemf.com/amc-cms/wp-content/uploads/formidable/20/Monthly-Portfolio-Mar-2026-Angel-One-Nifty-50-Index-Fund-1.xlsx: 51 valid, 0 quarantined
2026-08-22 15:09:34,491 INFO backfill_amfi_monthly_portfolios: Processing 48/470: https://cms.angelonemf.com/amc-cms/wp-content/uploads/formidable/20/Monthly-Portfolio-Mar-2026-Angel-One-Gold-ETF-1.xlsx
2026-08-22 15:09:34,713 INFO backfill_amfi_monthly_portfolios: Downloaded https://cms.angelonemf.com/amc-cms/wp-content/uploads/formidable/20/Monthly-Portfolio-Mar-2026-Angel-One-Gold-ETF-1.xlsx: 220750 bytes (application/vnd.openxmlformats-officedocument.spreadsheetml.sheet)
2026-08-22 15:09:34,713 INFO mutual_fund_ingestion.agent.parser: Routing to parser=portfolio_monthly_amfi for dataset_type=portfolio_disclosure file_type=amfi_monthly_xlsx
2026-08-22 15:09:34,721 INFO backfill_amfi_monthly_portfolios: Parser portfolio_monthly_amfi: 3 records (confidence=0.80), 0 errors
2026-08-22 15:09:34,723 INFO backfill_amfi_monthly_portfolios: Validation https://cms.angelonemf.com/amc-cms/wp-content/uploads/formidable/20/Monthly-Portfolio-Mar-2026-Angel-One-Gold-ETF-1.xlsx: 3 valid, 0 quarantined
2026-08-22 15:09:36,252 INFO backfill_amfi_monthly_portfolios: Processing 49/470: https://cms.angelonemf.com/amc-cms/wp-content/uploads/formidable/20/Monthly-Portfolio-Mar-2026-Angel-One-Nifty-Total-Market-Index-Fund-1.xlsx
2026-08-22 15:09:36,683 INFO backfill_amfi_monthly_portfolios: Downloaded https://cms.angelonemf.com/amc-cms/wp-content/uploads/formidable/20/Monthly-Portfolio-Mar-2026-Angel-One-Nifty-Total-Market-Index-Fund-1.xlsx: 210816 bytes (application/vnd.openxmlformats-officedocument.spreadsheetml.sheet)
2026-08-22 15:09:36,683 INFO mutual_fund_ingestion.agent.parser: Routing to parser=portfolio_monthly_amfi for dataset_type=portfolio_disclosure file_type=amfi_monthly_xlsx
2026-08-22 15:09:36,747 INFO backfill_amfi_monthly_portfolios: Parser portfolio_monthly_amfi: 752 records (confidence=0.80), 0 errors
2026-08-22 15:09:36,851 INFO backfill_amfi_monthly_portfolios: Validation https://cms.angelonemf.com/amc-cms/wp-content/uploads/formidable/20/Monthly-Portfolio-Mar-2026-Angel-One-Nifty-Total-Market-Index-Fund-1.xlsx: 752 valid, 0 quarantined
2026-08-22 15:09:41,093 INFO backfill_amfi_monthly_portfolios: Processing 50/470: https://cms.angelonemf.com/amc-cms/wp-content/uploads/formidable/20/Monthly-Portfolio-Mar-2026-Angel-One-Nifty-Total-Market-ETF-1.xlsx
2026-08-22 15:09:41,509 INFO backfill_amfi_monthly_portfolios: Downloaded https://cms.angelonemf.com/amc-cms/wp-content/uploads/formidable/20/Monthly-Portfolio-Mar-2026-Angel-One-Nifty-Total-Market-ETF-1.xlsx: 211108 bytes (application/vnd.openxmlformats-officedocument.spreadsheetml.sheet)
2026-08-22 15:09:41,509 INFO mutual_fund_ingestion.agent.parser: Routing to parser=portfolio_monthly_amfi for dataset_type=portfolio_disclosure file_type=amfi_monthly_xlsx
2026-08-22 15:09:41,569 INFO backfill_amfi_monthly_portfolios: Parser portfolio_monthly_amfi: 752 records (confidence=0.80), 0 errors
2026-08-22 15:09:41,642 INFO backfill_amfi_monthly_portfolios: Validation https://cms.angelonemf.com/amc-cms/wp-content/uploads/formidable/20/Monthly-Portfolio-Mar-2026-Angel-One-Nifty-Total-Market-ETF-1.xlsx: 752 valid, 0 quarantined
2026-08-22 15:09:45,646 INFO backfill_amfi_monthly_portfolios: Processing 51/470: https://cms.angelonemf.com/amc-cms/wp-content/uploads/formidable/20/Monthly-Portfolio-Mar-2026-Angel-One-Nifty-Total-Market-Momentum-Quality-50-ETF-1.xlsx
2026-08-22 15:09:45,988 INFO backfill_amfi_monthly_portfolios: Downloaded https://cms.angelonemf.com/amc-cms/wp-content/uploads/formidable/20/Monthly-Portfolio-Mar-2026-Angel-One-Nifty-Total-Market-Momentum-Quality-50-ETF-1.xlsx: 163449 bytes (application/vnd.openxmlformats-officedocument.spreadsheetml.sheet)
2026-08-22 15:09:45,988 INFO mutual_fund_ingestion.agent.parser: Routing to parser=portfolio_monthly_amfi for dataset_type=portfolio_disclosure file_type=amfi_monthly_xlsx
2026-08-22 15:09:46,004 INFO backfill_amfi_monthly_portfolios: Parser portfolio_monthly_amfi: 51 records (confidence=0.80), 0 errors
2026-08-22 15:09:46,015 INFO backfill_amfi_monthly_portfolios: Validation https://cms.angelonemf.com/amc-cms/wp-content/uploads/formidable/20/Monthly-Portfolio-Mar-2026-Angel-One-Nifty-Total-Market-Momentum-Quality-50-ETF-1.xlsx: 51 valid, 0 quarantined
2026-08-22 15:09:47,688 INFO backfill_amfi_monthly_portfolios: Processing 52/470: https://cms.angelonemf.com/amc-cms/wp-content/uploads/formidable/20/Monthly-Portfolio-Mar-2026-Angel-One-Nifty-Total-Market-Momentum-Quality-50-Index-1.xlsx
2026-08-22 15:09:47,869 INFO backfill_amfi_monthly_portfolios: Downloaded https://cms.angelonemf.com/amc-cms/wp-content/uploads/formidable/20/Monthly-Portfolio-Mar-2026-Angel-One-Nifty-Total-Market-Momentum-Quality-50-Index-1.xlsx: 165839 bytes (application/vnd.openxmlformats-officedocument.spreadsheetml.sheet)
2026-08-22 15:09:47,869 INFO mutual_fund_ingestion.agent.parser: Routing to parser=portfolio_monthly_amfi for dataset_type=portfolio_disclosure file_type=amfi_monthly_xlsx
2026-08-22 15:09:47,886 INFO backfill_amfi_monthly_portfolios: Parser portfolio_monthly_amfi: 51 records (confidence=0.80), 0 errors
2026-08-22 15:09:47,897 INFO backfill_amfi_monthly_portfolios: Validation https://cms.angelonemf.com/amc-cms/wp-content/uploads/formidable/20/Monthly-Portfolio-Mar-2026-Angel-One-Nifty-Total-Market-Momentum-Quality-50-Index-1.xlsx: 51 valid, 0 quarantined
2026-08-22 15:09:52,033 INFO backfill_amfi_monthly_portfolios: Processing 53/470: https://cms.angelonemf.com/amc-cms/wp-content/uploads/formidable/20/Monthly-Portfolio-Mar-2026-Angel-One-Silver-ETF-1.xlsx
2026-08-22 15:09:52,328 INFO backfill_amfi_monthly_portfolios: Downloaded https://cms.angelonemf.com/amc-cms/wp-content/uploads/formidable/20/Monthly-Portfolio-Mar-2026-Angel-One-Silver-ETF-1.xlsx: 220648 bytes (application/vnd.openxmlformats-officedocument.spreadsheetml.sheet)
2026-08-22 15:09:52,329 INFO mutual_fund_ingestion.agent.parser: Routing to parser=portfolio_monthly_amfi for dataset_type=portfolio_disclosure file_type=amfi_monthly_xlsx
2026-08-22 15:09:52,339 INFO backfill_amfi_monthly_portfolios: Parser portfolio_monthly_amfi: 3 records (confidence=0.80), 0 errors
2026-08-22 15:09:52,341 INFO backfill_amfi_monthly_portfolios: Validation https://cms.angelonemf.com/amc-cms/wp-content/uploads/formidable/20/Monthly-Portfolio-Mar-2026-Angel-One-Silver-ETF-1.xlsx: 3 valid, 0 quarantined
2026-08-22 15:09:53,864 INFO backfill_amfi_monthly_portfolios: Processing 54/470: https://cms.angelonemf.com/amc-cms/wp-content/uploads/formidable/20/Monthly-Portfolio-Mar-2026-Angel-One-Silver-ETF-FOF-1.xlsx
2026-08-22 15:09:54,077 INFO backfill_amfi_monthly_portfolios: Downloaded https://cms.angelonemf.com/amc-cms/wp-content/uploads/formidable/20/Monthly-Portfolio-Mar-2026-Angel-One-Silver-ETF-FOF-1.xlsx: 193034 bytes (application/vnd.openxmlformats-officedocument.spreadsheetml.sheet)
2026-08-22 15:09:54,077 INFO mutual_fund_ingestion.agent.parser: Routing to parser=portfolio_monthly_amfi for dataset_type=portfolio_disclosure file_type=amfi_monthly_xlsx
2026-08-22 15:09:54,088 INFO backfill_amfi_monthly_portfolios: Parser portfolio_monthly_amfi: 1 records (confidence=0.80), 0 errors
2026-08-22 15:09:54,091 INFO backfill_amfi_monthly_portfolios: Validation https://cms.angelonemf.com/amc-cms/wp-content/uploads/formidable/20/Monthly-Portfolio-Mar-2026-Angel-One-Silver-ETF-FOF-1.xlsx: 1 valid, 0 quarantined
2026-08-22 15:09:55,608 INFO backfill_amfi_monthly_portfolios: Processing 55/470: https://cms.angelonemf.com/amc-cms/wp-content/uploads/formidable/20/Monthly-Portfolio-Mar-2026-Angel-One-Gold-ETF-FOF.xlsx
2026-08-22 15:09:55,774 INFO backfill_amfi_monthly_portfolios: Downloaded https://cms.angelonemf.com/amc-cms/wp-content/uploads/formidable/20/Monthly-Portfolio-Mar-2026-Angel-One-Gold-ETF-FOF.xlsx: 163455 bytes (application/vnd.openxmlformats-officedocument.spreadsheetml.sheet)
2026-08-22 15:09:55,774 INFO mutual_fund_ingestion.agent.parser: Routing to parser=portfolio_monthly_amfi for dataset_type=portfolio_disclosure file_type=amfi_monthly_xlsx
2026-08-22 15:09:55,790 INFO backfill_amfi_monthly_portfolios: Parser portfolio_monthly_amfi: 2 records (confidence=0.80), 0 errors
2026-08-22 15:09:55,792 INFO backfill_amfi_monthly_portfolios: Validation https://cms.angelonemf.com/amc-cms/wp-content/uploads/formidable/20/Monthly-Portfolio-Mar-2026-Angel-One-Gold-ETF-FOF.xlsx: 2 valid, 0 quarantined
2026-08-22 15:09:57,315 INFO backfill_amfi_monthly_portfolios: Processing 56/470: https://cms.angelonemf.com/amc-cms/wp-content/uploads/formidable/20/Monthly-Portfolio-Feb-2026-Angel-One-Nifty-1D-Rate-Liquid-ETF-Growth.xlsx
2026-08-22 15:09:57,534 INFO backfill_amfi_monthly_portfolios: Downloaded https://cms.angelonemf.com/amc-cms/wp-content/uploads/formidable/20/Monthly-Portfolio-Feb-2026-Angel-One-Nifty-1D-Rate-Liquid-ETF-Growth.xlsx: 151812 bytes (application/vnd.openxmlformats-officedocument.spreadsheetml.sheet)
2026-08-22 15:09:57,534 INFO mutual_fund_ingestion.agent.parser: Routing to parser=portfolio_monthly_amfi for dataset_type=portfolio_disclosure file_type=amfi_monthly_xlsx
2026-08-22 15:09:57,543 INFO backfill_amfi_monthly_portfolios: Parser portfolio_monthly_amfi: 1 records (confidence=0.80), 0 errors
2026-08-22 15:09:57,545 INFO backfill_amfi_monthly_portfolios: Validation https://cms.angelonemf.com/amc-cms/wp-content/uploads/formidable/20/Monthly-Portfolio-Feb-2026-Angel-One-Nifty-1D-Rate-Liquid-ETF-Growth.xlsx: 1 valid, 0 quarantined
2026-08-22 15:09:59,071 INFO backfill_amfi_monthly_portfolios: Processing 57/470: https://cms.angelonemf.com/amc-cms/wp-content/uploads/formidable/20/Monthly-Portfolio-Feb-2026-Angel-One-Nifty-50-ETF.xlsx
2026-08-22 15:09:59,175 INFO backfill_amfi_monthly_portfolios: Downloaded https://cms.angelonemf.com/amc-cms/wp-content/uploads/formidable/20/Monthly-Portfolio-Feb-2026-Angel-One-Nifty-50-ETF.xlsx: 141309 bytes (application/vnd.openxmlformats-officedocument.spreadsheetml.sheet)
2026-08-22 15:09:59,253 INFO mutual_fund_ingestion.agent.parser: Routing to parser=portfolio_monthly_amfi for dataset_type=portfolio_disclosure file_type=amfi_monthly_xlsx
2026-08-22 15:09:59,265 INFO backfill_amfi_monthly_portfolios: Parser portfolio_monthly_amfi: 51 records (confidence=0.80), 0 errors
2026-08-22 15:09:59,275 INFO backfill_amfi_monthly_portfolios: Validation https://cms.angelonemf.com/amc-cms/wp-content/uploads/formidable/20/Monthly-Portfolio-Feb-2026-Angel-One-Nifty-50-ETF.xlsx: 51 valid, 0 quarantined
2026-08-22 15:10:00,896 INFO backfill_amfi_monthly_portfolios: Processing 58/470: https://cms.angelonemf.com/amc-cms/wp-content/uploads/formidable/20/Monthly-Portfolio-Feb-2026-Angel-One-Nifty-50-Index-Fund.xlsx
2026-08-22 15:10:01,009 INFO backfill_amfi_monthly_portfolios: Downloaded https://cms.angelonemf.com/amc-cms/wp-content/uploads/formidable/20/Monthly-Portfolio-Feb-2026-Angel-One-Nifty-50-Index-Fund.xlsx: 143189 bytes (application/vnd.openxmlformats-officedocument.spreadsheetml.sheet)
2026-08-22 15:10:01,009 INFO mutual_fund_ingestion.agent.parser: Routing to parser=portfolio_monthly_amfi for dataset_type=portfolio_disclosure file_type=amfi_monthly_xlsx
2026-08-22 15:10:01,021 INFO backfill_amfi_monthly_portfolios: Parser portfolio_monthly_amfi: 51 records (confidence=0.80), 0 errors
2026-08-22 15:10:01,031 INFO backfill_amfi_monthly_portfolios: Validation https://cms.angelonemf.com/amc-cms/wp-content/uploads/formidable/20/Monthly-Portfolio-Feb-2026-Angel-One-Nifty-50-Index-Fund.xlsx: 51 valid, 0 quarantined
2026-08-22 15:10:02,667 INFO backfill_amfi_monthly_portfolios: Processing 59/470: https://cms.angelonemf.com/amc-cms/wp-content/uploads/formidable/20/Monthly-Portfolio-Feb-2026-Angel-One-Gold-ETF.xlsx
2026-08-22 15:10:02,916 INFO backfill_amfi_monthly_portfolios: Downloaded https://cms.angelonemf.com/amc-cms/wp-content/uploads/formidable/20/Monthly-Portfolio-Feb-2026-Angel-One-Gold-ETF.xlsx: 220402 bytes (application/vnd.openxmlformats-officedocument.spreadsheetml.sheet)
2026-08-22 15:10:02,916 INFO mutual_fund_ingestion.agent.parser: Routing to parser=portfolio_monthly_amfi for dataset_type=portfolio_disclosure file_type=amfi_monthly_xlsx
2026-08-22 15:10:02,924 INFO backfill_amfi_monthly_portfolios: Parser portfolio_monthly_amfi: 3 records (confidence=0.80), 0 errors
2026-08-22 15:10:02,927 INFO backfill_amfi_monthly_portfolios: Validation https://cms.angelonemf.com/amc-cms/wp-content/uploads/formidable/20/Monthly-Portfolio-Feb-2026-Angel-One-Gold-ETF.xlsx: 3 valid, 0 quarantined
2026-08-22 15:10:04,450 INFO backfill_amfi_monthly_portfolios: Processing 60/470: https://cms.angelonemf.com/amc-cms/wp-content/uploads/formidable/20/Monthly-Portfolio-Feb-2026-Angel-One-Nifty-Total-Market-Index-Fund.xlsx
2026-08-22 15:10:04,893 INFO backfill_amfi_monthly_portfolios: Downloaded https://cms.angelonemf.com/amc-cms/wp-content/uploads/formidable/20/Monthly-Portfolio-Feb-2026-Angel-One-Nifty-Total-Market-Index-Fund.xlsx: 297538 bytes (application/vnd.openxmlformats-officedocument.spreadsheetml.sheet)
2026-08-22 15:10:04,894 INFO mutual_fund_ingestion.agent.parser: Routing to parser=portfolio_monthly_amfi for dataset_type=portfolio_disclosure file_type=amfi_monthly_xlsx
2026-08-22 15:10:04,980 INFO backfill_amfi_monthly_portfolios: Parser portfolio_monthly_amfi: 753 records (confidence=0.80), 0 errors
2026-08-22 15:10:05,041 INFO backfill_amfi_monthly_portfolios: Validation https://cms.angelonemf.com/amc-cms/wp-content/uploads/formidable/20/Monthly-Portfolio-Feb-2026-Angel-One-Nifty-Total-Market-Index-Fund.xlsx: 753 valid, 0 quarantined
2026-08-22 15:10:07,981 INFO backfill_amfi_monthly_portfolios: Processing 61/470: https://cms.angelonemf.com/amc-cms/wp-content/uploads/formidable/20/Monthly-Portfolio-Feb-2026-Angel-One-Nifty-Total-Market-ETF.xlsx
2026-08-22 15:10:08,347 INFO backfill_amfi_monthly_portfolios: Downloaded https://cms.angelonemf.com/amc-cms/wp-content/uploads/formidable/20/Monthly-Portfolio-Feb-2026-Angel-One-Nifty-Total-Market-ETF.xlsx: 208617 bytes (application/vnd.openxmlformats-officedocument.spreadsheetml.sheet)
2026-08-22 15:10:08,347 INFO mutual_fund_ingestion.agent.parser: Routing to parser=portfolio_monthly_amfi for dataset_type=portfolio_disclosure file_type=amfi_monthly_xlsx
2026-08-22 15:10:08,398 INFO backfill_amfi_monthly_portfolios: Parser portfolio_monthly_amfi: 753 records (confidence=0.80), 0 errors
2026-08-22 15:10:08,471 INFO backfill_amfi_monthly_portfolios: Validation https://cms.angelonemf.com/amc-cms/wp-content/uploads/formidable/20/Monthly-Portfolio-Feb-2026-Angel-One-Nifty-Total-Market-ETF.xlsx: 753 valid, 0 quarantined
2026-08-22 15:10:12,391 INFO backfill_amfi_monthly_portfolios: Processing 62/470: https://cms.angelonemf.com/amc-cms/wp-content/uploads/formidable/20/Monthly-Portfolio-Feb-2026-Angel-One-Nifty-Total-Market-Momentum-Quality-50-ETF.xlsx
2026-08-22 15:10:12,568 INFO backfill_amfi_monthly_portfolios: Downloaded https://cms.angelonemf.com/amc-cms/wp-content/uploads/formidable/20/Monthly-Portfolio-Feb-2026-Angel-One-Nifty-Total-Market-Momentum-Quality-50-ETF.xlsx: 163133 bytes (application/vnd.openxmlformats-officedocument.spreadsheetml.sheet)
2026-08-22 15:10:12,569 INFO mutual_fund_ingestion.agent.parser: Routing to parser=portfolio_monthly_amfi for dataset_type=portfolio_disclosure file_type=amfi_monthly_xlsx
2026-08-22 15:10:12,579 INFO backfill_amfi_monthly_portfolios: Parser portfolio_monthly_amfi: 51 records (confidence=0.80), 0 errors
2026-08-22 15:10:12,586 INFO backfill_amfi_monthly_portfolios: Validation https://cms.angelonemf.com/amc-cms/wp-content/uploads/formidable/20/Monthly-Portfolio-Feb-2026-Angel-One-Nifty-Total-Market-Momentum-Quality-50-ETF.xlsx: 51 valid, 0 quarantined
2026-08-22 15:10:14,235 INFO backfill_amfi_monthly_portfolios: Processing 63/470: https://cms.angelonemf.com/amc-cms/wp-content/uploads/formidable/20/Monthly-Portfolio-Feb-2026-Angel-One-Nifty-Total-Market-Momentum-Quality-50-Index.xlsx
2026-08-22 15:10:14,379 INFO backfill_amfi_monthly_portfolios: Downloaded https://cms.angelonemf.com/amc-cms/wp-content/uploads/formidable/20/Monthly-Portfolio-Feb-2026-Angel-One-Nifty-Total-Market-Momentum-Quality-50-Index.xlsx: 165510 bytes (application/vnd.openxmlformats-officedocument.spreadsheetml.sheet)
2026-08-22 15:10:14,379 INFO mutual_fund_ingestion.agent.parser: Routing to parser=portfolio_monthly_amfi for dataset_type=portfolio_disclosure file_type=amfi_monthly_xlsx
2026-08-22 15:10:14,389 INFO backfill_amfi_monthly_portfolios: Parser portfolio_monthly_amfi: 51 records (confidence=0.80), 0 errors
2026-08-22 15:10:14,396 INFO backfill_amfi_monthly_portfolios: Validation https://cms.angelonemf.com/amc-cms/wp-content/uploads/formidable/20/Monthly-Portfolio-Feb-2026-Angel-One-Nifty-Total-Market-Momentum-Quality-50-Index.xlsx: 51 valid, 0 quarantined
2026-08-22 15:10:16,042 INFO backfill_amfi_monthly_portfolios: Processing 64/470: https://cms.angelonemf.com/amc-cms/wp-content/uploads/formidable/20/Monthly-Portfolio-Feb-2026-Angel-One-Silver-ETF.xlsx
2026-08-22 15:10:16,218 INFO backfill_amfi_monthly_portfolios: Downloaded https://cms.angelonemf.com/amc-cms/wp-content/uploads/formidable/20/Monthly-Portfolio-Feb-2026-Angel-One-Silver-ETF.xlsx: 221024 bytes (application/vnd.openxmlformats-officedocument.spreadsheetml.sheet)
2026-08-22 15:10:16,218 INFO mutual_fund_ingestion.agent.parser: Routing to parser=portfolio_monthly_amfi for dataset_type=portfolio_disclosure file_type=amfi_monthly_xlsx
2026-08-22 15:10:16,227 INFO backfill_amfi_monthly_portfolios: Parser portfolio_monthly_amfi: 3 records (confidence=0.80), 0 errors
2026-08-22 15:10:16,232 INFO backfill_amfi_monthly_portfolios: Validation https://cms.angelonemf.com/amc-cms/wp-content/uploads/formidable/20/Monthly-Portfolio-Feb-2026-Angel-One-Silver-ETF.xlsx: 3 valid, 0 quarantined
2026-08-22 15:10:17,787 INFO backfill_amfi_monthly_portfolios: Processing 65/470: https://cms.angelonemf.com/amc-cms/wp-content/uploads/formidable/20/Monthly-Portfolio-Feb-2026-Angel-One-Gold-ETF-FOF.xlsx
2026-08-22 15:10:17,914 INFO backfill_amfi_monthly_portfolios: Downloaded https://cms.angelonemf.com/amc-cms/wp-content/uploads/formidable/20/Monthly-Portfolio-Feb-2026-Angel-One-Gold-ETF-FOF.xlsx: 161762 bytes (application/vnd.openxmlformats-officedocument.spreadsheetml.sheet)
2026-08-22 15:10:17,914 INFO mutual_fund_ingestion.agent.parser: Routing to parser=portfolio_monthly_amfi for dataset_type=portfolio_disclosure file_type=amfi_monthly_xlsx
2026-08-22 15:10:18,040 INFO backfill_amfi_monthly_portfolios: Parser portfolio_monthly_amfi: 2 records (confidence=0.80), 0 errors
2026-08-22 15:10:18,055 INFO backfill_amfi_monthly_portfolios: Validation https://cms.angelonemf.com/amc-cms/wp-content/uploads/formidable/20/Monthly-Portfolio-Feb-2026-Angel-One-Gold-ETF-FOF.xlsx: 2 valid, 0 quarantined
2026-08-22 15:10:19,690 INFO backfill_amfi_monthly_portfolios: Processing 66/470: https://cms.angelonemf.com/amc-cms/wp-content/uploads/formidable/20/Monthly-Portfolio-Jan-2026-Angel-One-Nifty-1D-Rate-Liquid-ETF-Growth-1.xlsx
2026-08-22 15:10:20,016 INFO backfill_amfi_monthly_portfolios: Downloaded https://cms.angelonemf.com/amc-cms/wp-content/uploads/formidable/20/Monthly-Portfolio-Jan-2026-Angel-One-Nifty-1D-Rate-Liquid-ETF-Growth-1.xlsx: 151377 bytes (application/vnd.openxmlformats-officedocument.spreadsheetml.sheet)
2026-08-22 15:10:20,016 INFO mutual_fund_ingestion.agent.parser: Routing to parser=portfolio_monthly_amfi for dataset_type=portfolio_disclosure file_type=amfi_monthly_xlsx
2026-08-22 15:10:20,025 INFO backfill_amfi_monthly_portfolios: Parser portfolio_monthly_amfi: 1 records (confidence=0.80), 0 errors
2026-08-22 15:10:20,028 INFO backfill_amfi_monthly_portfolios: Validation https://cms.angelonemf.com/amc-cms/wp-content/uploads/formidable/20/Monthly-Portfolio-Jan-2026-Angel-One-Nifty-1D-Rate-Liquid-ETF-Growth-1.xlsx: 1 valid, 0 quarantined
2026-08-22 15:10:21,551 INFO backfill_amfi_monthly_portfolios: Processing 67/470: https://cms.angelonemf.com/amc-cms/wp-content/uploads/formidable/20/Monthly-Portfolio-Jan-2026-Angel-One-Nifty-50-ETF-2.xlsx
2026-08-22 15:10:21,684 INFO backfill_amfi_monthly_portfolios: Downloaded https://cms.angelonemf.com/amc-cms/wp-content/uploads/formidable/20/Monthly-Portfolio-Jan-2026-Angel-One-Nifty-50-ETF-2.xlsx: 140985 bytes (application/vnd.openxmlformats-officedocument.spreadsheetml.sheet)
2026-08-22 15:10:21,684 INFO mutual_fund_ingestion.agent.parser: Routing to parser=portfolio_monthly_amfi for dataset_type=portfolio_disclosure file_type=amfi_monthly_xlsx
2026-08-22 15:10:21,696 INFO backfill_amfi_monthly_portfolios: Parser portfolio_monthly_amfi: 51 records (confidence=0.80), 0 errors
2026-08-22 15:10:21,705 INFO backfill_amfi_monthly_portfolios: Validation https://cms.angelonemf.com/amc-cms/wp-content/uploads/formidable/20/Monthly-Portfolio-Jan-2026-Angel-One-Nifty-50-ETF-2.xlsx: 51 valid, 0 quarantined
2026-08-22 15:10:23,418 INFO backfill_amfi_monthly_portfolios: Processing 68/470: https://cms.angelonemf.com/amc-cms/wp-content/uploads/formidable/20/Monthly-Portfolio-Jan-2026-Angel-One-Nifty-50-Index-Fund-1.xlsx
2026-08-22 15:10:23,527 INFO backfill_amfi_monthly_portfolios: Downloaded https://cms.angelonemf.com/amc-cms/wp-content/uploads/formidable/20/Monthly-Portfolio-Jan-2026-Angel-One-Nifty-50-Index-Fund-1.xlsx: 143037 bytes (application/vnd.openxmlformats-officedocument.spreadsheetml.sheet)
2026-08-22 15:10:23,527 INFO mutual_fund_ingestion.agent.parser: Routing to parser=portfolio_monthly_amfi for dataset_type=portfolio_disclosure file_type=amfi_monthly_xlsx
2026-08-22 15:10:23,539 INFO backfill_amfi_monthly_portfolios: Parser portfolio_monthly_amfi: 52 records (confidence=0.80), 0 errors
2026-08-22 15:10:23,552 INFO backfill_amfi_monthly_portfolios: Validation https://cms.angelonemf.com/amc-cms/wp-content/uploads/formidable/20/Monthly-Portfolio-Jan-2026-Angel-One-Nifty-50-Index-Fund-1.xlsx: 52 valid, 0 quarantined
2026-08-22 15:10:25,166 INFO backfill_amfi_monthly_portfolios: Processing 69/470: https://cms.angelonemf.com/amc-cms/wp-content/uploads/formidable/20/Monthly-Portfolio-Jan-2026-Angel-One-Gold-ETF-1.xlsx
2026-08-22 15:10:25,334 INFO backfill_amfi_monthly_portfolios: Downloaded https://cms.angelonemf.com/amc-cms/wp-content/uploads/formidable/20/Monthly-Portfolio-Jan-2026-Angel-One-Gold-ETF-1.xlsx: 219685 bytes (application/vnd.openxmlformats-officedocument.spreadsheetml.sheet)
2026-08-22 15:10:25,334 INFO mutual_fund_ingestion.agent.parser: Routing to parser=portfolio_monthly_amfi for dataset_type=portfolio_disclosure file_type=amfi_monthly_xlsx
2026-08-22 15:10:25,343 INFO backfill_amfi_monthly_portfolios: Parser portfolio_monthly_amfi: 2 records (confidence=0.80), 0 errors
2026-08-22 15:10:25,346 INFO backfill_amfi_monthly_portfolios: Validation https://cms.angelonemf.com/amc-cms/wp-content/uploads/formidable/20/Monthly-Portfolio-Jan-2026-Angel-One-Gold-ETF-1.xlsx: 2 valid, 0 quarantined
2026-08-22 15:10:26,876 INFO backfill_amfi_monthly_portfolios: Processing 70/470: https://cms.angelonemf.com/amc-cms/wp-content/uploads/formidable/20/Monthly-Portfolio-Jan-2026-Angel-One-Gold-ETF-FOF-1.xlsx
2026-08-22 15:10:26,981 INFO backfill_amfi_monthly_portfolios: Downloaded https://cms.angelonemf.com/amc-cms/wp-content/uploads/formidable/20/Monthly-Portfolio-Jan-2026-Angel-One-Gold-ETF-FOF-1.xlsx: 163501 bytes (application/vnd.openxmlformats-officedocument.spreadsheetml.sheet)
2026-08-22 15:10:26,982 INFO mutual_fund_ingestion.agent.parser: Routing to parser=portfolio_monthly_amfi for dataset_type=portfolio_disclosure file_type=amfi_monthly_xlsx
2026-08-22 15:10:26,990 INFO backfill_amfi_monthly_portfolios: Parser portfolio_monthly_amfi: 2 records (confidence=0.80), 0 errors
2026-08-22 15:10:26,992 INFO backfill_amfi_monthly_portfolios: Validation https://cms.angelonemf.com/amc-cms/wp-content/uploads/formidable/20/Monthly-Portfolio-Jan-2026-Angel-One-Gold-ETF-FOF-1.xlsx: 2 valid, 0 quarantined
2026-08-22 15:10:28,514 INFO backfill_amfi_monthly_portfolios: Processing 71/470: https://cms.angelonemf.com/amc-cms/wp-content/uploads/formidable/20/Monthly-Portfolio-Jan-2026-Angel-One-Nifty-Total-Market-Index-Fund-1.xlsx
2026-08-22 15:10:28,695 INFO backfill_amfi_monthly_portfolios: Downloaded https://cms.angelonemf.com/amc-cms/wp-content/uploads/formidable/20/Monthly-Portfolio-Jan-2026-Angel-One-Nifty-Total-Market-Index-Fund-1.xlsx: 208114 bytes (application/vnd.openxmlformats-officedocument.spreadsheetml.sheet)
2026-08-22 15:10:28,695 INFO mutual_fund_ingestion.agent.parser: Routing to parser=portfolio_monthly_amfi for dataset_type=portfolio_disclosure file_type=amfi_monthly_xlsx
2026-08-22 15:10:28,750 INFO backfill_amfi_monthly_portfolios: Parser portfolio_monthly_amfi: 754 records (confidence=0.80), 0 errors
2026-08-22 15:10:28,822 INFO backfill_amfi_monthly_portfolios: Validation https://cms.angelonemf.com/amc-cms/wp-content/uploads/formidable/20/Monthly-Portfolio-Jan-2026-Angel-One-Nifty-Total-Market-Index-Fund-1.xlsx: 754 valid, 0 quarantined
2026-08-22 15:10:31,586 INFO backfill_amfi_monthly_portfolios: Processing 72/470: https://cms.angelonemf.com/amc-cms/wp-content/uploads/formidable/20/Monthly-Portfolio-Jan-2026-Angel-One-Nifty-Total-Market-ETF-1.xlsx
2026-08-22 15:10:31,697 INFO backfill_amfi_monthly_portfolios: Downloaded https://cms.angelonemf.com/amc-cms/wp-content/uploads/formidable/20/Monthly-Portfolio-Jan-2026-Angel-One-Nifty-Total-Market-ETF-1.xlsx: 208563 bytes (application/vnd.openxmlformats-officedocument.spreadsheetml.sheet)
2026-08-22 15:10:31,697 INFO mutual_fund_ingestion.agent.parser: Routing to parser=portfolio_monthly_amfi for dataset_type=portfolio_disclosure file_type=amfi_monthly_xlsx
2026-08-22 15:10:31,749 INFO backfill_amfi_monthly_portfolios: Parser portfolio_monthly_amfi: 754 records (confidence=0.80), 0 errors
2026-08-22 15:10:31,819 INFO backfill_amfi_monthly_portfolios: Validation https://cms.angelonemf.com/amc-cms/wp-content/uploads/formidable/20/Monthly-Portfolio-Jan-2026-Angel-One-Nifty-Total-Market-ETF-1.xlsx: 754 valid, 0 quarantined
2026-08-22 15:10:34,590 INFO backfill_amfi_monthly_portfolios: Processing 73/470: https://cms.angelonemf.com/amc-cms/wp-content/uploads/formidable/20/Monthly-Portfolio-Jan-2026-Angel-One-Nifty-Total-Market-Momentum-Quality-50-ETF-1.xlsx
2026-08-22 15:10:34,733 INFO backfill_amfi_monthly_portfolios: Downloaded https://cms.angelonemf.com/amc-cms/wp-content/uploads/formidable/20/Monthly-Portfolio-Jan-2026-Angel-One-Nifty-Total-Market-Momentum-Quality-50-ETF-1.xlsx: 163085 bytes (application/vnd.openxmlformats-officedocument.spreadsheetml.sheet)
2026-08-22 15:10:34,733 INFO mutual_fund_ingestion.agent.parser: Routing to parser=portfolio_monthly_amfi for dataset_type=portfolio_disclosure file_type=amfi_monthly_xlsx
2026-08-22 15:10:34,748 INFO backfill_amfi_monthly_portfolios: Parser portfolio_monthly_amfi: 50 records (confidence=0.80), 0 errors
2026-08-22 15:10:34,757 INFO backfill_amfi_monthly_portfolios: Validation https://cms.angelonemf.com/amc-cms/wp-content/uploads/formidable/20/Monthly-Portfolio-Jan-2026-Angel-One-Nifty-Total-Market-Momentum-Quality-50-ETF-1.xlsx: 50 valid, 0 quarantined
2026-08-22 15:10:36,389 INFO backfill_amfi_monthly_portfolios: Processing 74/470: https://cms.angelonemf.com/amc-cms/wp-content/uploads/formidable/20/Monthly-Portfolio-Jan-2025-Angel-One-Nifty-Total-Market-Momentum-Quality-50-Index-1.xlsx
2026-08-22 15:10:36,535 INFO backfill_amfi_monthly_portfolios: Downloaded https://cms.angelonemf.com/amc-cms/wp-content/uploads/formidable/20/Monthly-Portfolio-Jan-2025-Angel-One-Nifty-Total-Market-Momentum-Quality-50-Index-1.xlsx: 165475 bytes (application/vnd.openxmlformats-officedocument.spreadsheetml.sheet)
2026-08-22 15:10:36,535 INFO mutual_fund_ingestion.agent.parser: Routing to parser=portfolio_monthly_amfi for dataset_type=portfolio_disclosure file_type=amfi_monthly_xlsx
2026-08-22 15:10:36,545 INFO backfill_amfi_monthly_portfolios: Parser portfolio_monthly_amfi: 51 records (confidence=0.80), 0 errors
2026-08-22 15:10:36,557 INFO backfill_amfi_monthly_portfolios: Validation https://cms.angelonemf.com/amc-cms/wp-content/uploads/formidable/20/Monthly-Portfolio-Jan-2025-Angel-One-Nifty-Total-Market-Momentum-Quality-50-Index-1.xlsx: 51 valid, 0 quarantined
2026-08-22 15:10:38,164 INFO backfill_amfi_monthly_portfolios: Processing 75/470: https://cms.angelonemf.com/amc-cms/wp-content/uploads/formidable/20/Monthly-Portfolio-Dec-2025-Angel-One-Nifty-1D-Rate-Liquid-ETF-GROWTH.xlsx
2026-08-22 15:10:38,244 INFO backfill_amfi_monthly_portfolios: Downloaded https://cms.angelonemf.com/amc-cms/wp-content/uploads/formidable/20/Monthly-Portfolio-Dec-2025-Angel-One-Nifty-1D-Rate-Liquid-ETF-GROWTH.xlsx: 149589 bytes (application/vnd.openxmlformats-officedocument.spreadsheetml.sheet)
2026-08-22 15:10:38,244 INFO mutual_fund_ingestion.agent.parser: Routing to parser=portfolio_monthly_amfi for dataset_type=portfolio_disclosure file_type=amfi_monthly_xlsx
2026-08-22 15:10:38,256 INFO backfill_amfi_monthly_portfolios: Parser portfolio_monthly_amfi: 1 records (confidence=0.80), 0 errors
2026-08-22 15:10:38,260 INFO backfill_amfi_monthly_portfolios: Validation https://cms.angelonemf.com/amc-cms/wp-content/uploads/formidable/20/Monthly-Portfolio-Dec-2025-Angel-One-Nifty-1D-Rate-Liquid-ETF-GROWTH.xlsx: 1 valid, 0 quarantined
2026-08-22 15:10:39,789 INFO backfill_amfi_monthly_portfolios: Processing 76/470: https://cms.angelonemf.com/amc-cms/wp-content/uploads/formidable/20/Monthly-Portfolio-Dec-2025-Angel-One-Nifty-50-ETF.xlsx
2026-08-22 15:10:39,874 INFO backfill_amfi_monthly_portfolios: Downloaded https://cms.angelonemf.com/amc-cms/wp-content/uploads/formidable/20/Monthly-Portfolio-Dec-2025-Angel-One-Nifty-50-ETF.xlsx: 138923 bytes (application/vnd.openxmlformats-officedocument.spreadsheetml.sheet)
2026-08-22 15:10:39,874 INFO mutual_fund_ingestion.agent.parser: Routing to parser=portfolio_monthly_amfi for dataset_type=portfolio_disclosure file_type=amfi_monthly_xlsx
2026-08-22 15:10:39,886 INFO backfill_amfi_monthly_portfolios: Parser portfolio_monthly_amfi: 51 records (confidence=0.80), 0 errors
2026-08-22 15:10:39,895 INFO backfill_amfi_monthly_portfolios: Validation https://cms.angelonemf.com/amc-cms/wp-content/uploads/formidable/20/Monthly-Portfolio-Dec-2025-Angel-One-Nifty-50-ETF.xlsx: 51 valid, 0 quarantined
2026-08-22 15:10:41,504 INFO backfill_amfi_monthly_portfolios: Processing 77/470: https://cms.angelonemf.com/amc-cms/wp-content/uploads/formidable/20/Monthly-Portfolio-Dec-2025-Angel-One-Nifty-50-Index-Fund.xlsx
2026-08-22 15:10:41,575 INFO backfill_amfi_monthly_portfolios: Downloaded https://cms.angelonemf.com/amc-cms/wp-content/uploads/formidable/20/Monthly-Portfolio-Dec-2025-Angel-One-Nifty-50-Index-Fund.xlsx: 140899 bytes (application/vnd.openxmlformats-officedocument.spreadsheetml.sheet)
2026-08-22 15:10:41,575 INFO mutual_fund_ingestion.agent.parser: Routing to parser=portfolio_monthly_amfi for dataset_type=portfolio_disclosure file_type=amfi_monthly_xlsx
2026-08-22 15:10:41,587 INFO backfill_amfi_monthly_portfolios: Parser portfolio_monthly_amfi: 52 records (confidence=0.80), 0 errors
2026-08-22 15:10:41,594 INFO backfill_amfi_monthly_portfolios: Validation https://cms.angelonemf.com/amc-cms/wp-content/uploads/formidable/20/Monthly-Portfolio-Dec-2025-Angel-One-Nifty-50-Index-Fund.xlsx: 52 valid, 0 quarantined
2026-08-22 15:10:43,219 INFO backfill_amfi_monthly_portfolios: Processing 78/470: https://cms.angelonemf.com/amc-cms/wp-content/uploads/formidable/20/Monthly-Portfolio-Dec-2025-Angel-One-Gold-ETF.xlsx
2026-08-22 15:10:43,369 INFO backfill_amfi_monthly_portfolios: Downloaded https://cms.angelonemf.com/amc-cms/wp-content/uploads/formidable/20/Monthly-Portfolio-Dec-2025-Angel-One-Gold-ETF.xlsx: 218381 bytes (application/vnd.openxmlformats-officedocument.spreadsheetml.sheet)
2026-08-22 15:10:43,369 INFO mutual_fund_ingestion.agent.parser: Routing to parser=portfolio_monthly_amfi for dataset_type=portfolio_disclosure file_type=amfi_monthly_xlsx
2026-08-22 15:10:43,380 INFO backfill_amfi_monthly_portfolios: Parser portfolio_monthly_amfi: 3 records (confidence=0.80), 0 errors
2026-08-22 15:10:43,383 INFO backfill_amfi_monthly_portfolios: Validation https://cms.angelonemf.com/amc-cms/wp-content/uploads/formidable/20/Monthly-Portfolio-Dec-2025-Angel-One-Gold-ETF.xlsx: 3 valid, 0 quarantined
2026-08-22 15:10:44,922 INFO backfill_amfi_monthly_portfolios: Processing 79/470: https://cms.angelonemf.com/amc-cms/wp-content/uploads/formidable/20/Monthly-Portfolio-Dec-2025-Angel-One-Gold-ETF-FOF.xlsx
2026-08-22 15:10:45,036 INFO backfill_amfi_monthly_portfolios: Downloaded https://cms.angelonemf.com/amc-cms/wp-content/uploads/formidable/20/Monthly-Portfolio-Dec-2025-Angel-One-Gold-ETF-FOF.xlsx: 161610 bytes (application/vnd.openxmlformats-officedocument.spreadsheetml.sheet)
2026-08-22 15:10:45,036 INFO mutual_fund_ingestion.agent.parser: Routing to parser=portfolio_monthly_amfi for dataset_type=portfolio_disclosure file_type=amfi_monthly_xlsx
2026-08-22 15:10:45,046 INFO backfill_amfi_monthly_portfolios: Parser portfolio_monthly_amfi: 2 records (confidence=0.80), 0 errors
2026-08-22 15:10:45,052 INFO backfill_amfi_monthly_portfolios: Validation https://cms.angelonemf.com/amc-cms/wp-content/uploads/formidable/20/Monthly-Portfolio-Dec-2025-Angel-One-Gold-ETF-FOF.xlsx: 2 valid, 0 quarantined
2026-08-22 15:10:46,582 INFO backfill_amfi_monthly_portfolios: Processing 80/470: https://cms.angelonemf.com/amc-cms/wp-content/uploads/formidable/20/Monthly-Portfolio-Dec-2025-Angel-One-Nifty-Total-Market-Index-Fund.xlsx
2026-08-22 15:10:46,815 INFO backfill_amfi_monthly_portfolios: Downloaded https://cms.angelonemf.com/amc-cms/wp-content/uploads/formidable/20/Monthly-Portfolio-Dec-2025-Angel-One-Nifty-Total-Market-Index-Fund.xlsx: 205736 bytes (application/vnd.openxmlformats-officedocument.spreadsheetml.sheet)
2026-08-22 15:10:46,815 INFO mutual_fund_ingestion.agent.parser: Routing to parser=portfolio_monthly_amfi for dataset_type=portfolio_disclosure file_type=amfi_monthly_xlsx
2026-08-22 15:10:46,881 INFO backfill_amfi_monthly_portfolios: Parser portfolio_monthly_amfi: 754 records (confidence=0.80), 0 errors
2026-08-22 15:10:46,948 INFO backfill_amfi_monthly_portfolios: Validation https://cms.angelonemf.com/amc-cms/wp-content/uploads/formidable/20/Monthly-Portfolio-Dec-2025-Angel-One-Nifty-Total-Market-Index-Fund.xlsx: 754 valid, 0 quarantined
2026-08-22 15:10:49,801 INFO backfill_amfi_monthly_portfolios: Processing 81/470: https://cms.angelonemf.com/amc-cms/wp-content/uploads/formidable/20/Monthly-Portfolio-Dec-2025-Angel-One-Nifty-Total-Market-ETF.xlsx
2026-08-22 15:10:50,033 INFO backfill_amfi_monthly_portfolios: Downloaded https://cms.angelonemf.com/amc-cms/wp-content/uploads/formidable/20/Monthly-Portfolio-Dec-2025-Angel-One-Nifty-Total-Market-ETF.xlsx: 205702 bytes (application/vnd.openxmlformats-officedocument.spreadsheetml.sheet)
2026-08-22 15:10:50,033 INFO mutual_fund_ingestion.agent.parser: Routing to parser=portfolio_monthly_amfi for dataset_type=portfolio_disclosure file_type=amfi_monthly_xlsx
2026-08-22 15:10:50,082 INFO backfill_amfi_monthly_portfolios: Parser portfolio_monthly_amfi: 754 records (confidence=0.80), 0 errors
2026-08-22 15:10:50,141 INFO backfill_amfi_monthly_portfolios: Validation https://cms.angelonemf.com/amc-cms/wp-content/uploads/formidable/20/Monthly-Portfolio-Dec-2025-Angel-One-Nifty-Total-Market-ETF.xlsx: 754 valid, 0 quarantined
2026-08-22 15:10:52,974 INFO backfill_amfi_monthly_portfolios: Processing 82/470: https://cms.angelonemf.com/amc-cms/wp-content/uploads/formidable/20/Monthly-Portfolio-Dec-2025-Angel-One-Nifty-Total-Market-Momentum-Quality-50-ETF.xlsx
2026-08-22 15:10:53,137 INFO backfill_amfi_monthly_portfolios: Downloaded https://cms.angelonemf.com/amc-cms/wp-content/uploads/formidable/20/Monthly-Portfolio-Dec-2025-Angel-One-Nifty-Total-Market-Momentum-Quality-50-ETF.xlsx: 161006 bytes (application/vnd.openxmlformats-officedocument.spreadsheetml.sheet)
2026-08-22 15:10:53,137 INFO mutual_fund_ingestion.agent.parser: Routing to parser=portfolio_monthly_amfi for dataset_type=portfolio_disclosure file_type=amfi_monthly_xlsx
2026-08-22 15:10:53,150 INFO backfill_amfi_monthly_portfolios: Parser portfolio_monthly_amfi: 51 records (confidence=0.80), 0 errors
2026-08-22 15:10:53,160 INFO backfill_amfi_monthly_portfolios: Validation https://cms.angelonemf.com/amc-cms/wp-content/uploads/formidable/20/Monthly-Portfolio-Dec-2025-Angel-One-Nifty-Total-Market-Momentum-Quality-50-ETF.xlsx: 51 valid, 0 quarantined
2026-08-22 15:10:54,805 INFO backfill_amfi_monthly_portfolios: Processing 83/470: https://cms.angelonemf.com/amc-cms/wp-content/uploads/formidable/20/Monthly-Portfolio-Dec-2025-Angel-One-Nifty-Total-Market-Momentum-Quality-50-Index.xlsx
2026-08-22 15:10:54,929 INFO backfill_amfi_monthly_portfolios: Downloaded https://cms.angelonemf.com/amc-cms/wp-content/uploads/formidable/20/Monthly-Portfolio-Dec-2025-Angel-One-Nifty-Total-Market-Momentum-Quality-50-Index.xlsx: 163335 bytes (application/vnd.openxmlformats-officedocument.spreadsheetml.sheet)
2026-08-22 15:10:54,929 INFO mutual_fund_ingestion.agent.parser: Routing to parser=portfolio_monthly_amfi for dataset_type=portfolio_disclosure file_type=amfi_monthly_xlsx
2026-08-22 15:10:54,939 INFO backfill_amfi_monthly_portfolios: Parser portfolio_monthly_amfi: 51 records (confidence=0.80), 0 errors
2026-08-22 15:10:54,950 INFO backfill_amfi_monthly_portfolios: Validation https://cms.angelonemf.com/amc-cms/wp-content/uploads/formidable/20/Monthly-Portfolio-Dec-2025-Angel-One-Nifty-Total-Market-Momentum-Quality-50-Index.xlsx: 51 valid, 0 quarantined
2026-08-22 15:10:56,563 INFO backfill_amfi_monthly_portfolios: Processing 84/470: https://cms.angelonemf.com/amc-cms/wp-content/uploads/formidable/20/Monthly-Portfolio-Nov-2025-Angel-One-Nifty-1D-Rate-Liquid-ETF-GROWTH.xlsx
2026-08-22 15:10:56,679 INFO backfill_amfi_monthly_portfolios: Downloaded https://cms.angelonemf.com/amc-cms/wp-content/uploads/formidable/20/Monthly-Portfolio-Nov-2025-Angel-One-Nifty-1D-Rate-Liquid-ETF-GROWTH.xlsx: 149118 bytes (application/vnd.openxmlformats-officedocument.spreadsheetml.sheet)
2026-08-22 15:10:56,679 INFO mutual_fund_ingestion.agent.parser: Routing to parser=portfolio_monthly_amfi for dataset_type=portfolio_disclosure file_type=amfi_monthly_xlsx
2026-08-22 15:10:56,689 INFO backfill_amfi_monthly_portfolios: Parser portfolio_monthly_amfi: 1 records (confidence=0.80), 0 errors
2026-08-22 15:10:56,692 INFO backfill_amfi_monthly_portfolios: Validation https://cms.angelonemf.com/amc-cms/wp-content/uploads/formidable/20/Monthly-Portfolio-Nov-2025-Angel-One-Nifty-1D-Rate-Liquid-ETF-GROWTH.xlsx: 1 valid, 0 quarantined
2026-08-22 15:10:58,215 INFO backfill_amfi_monthly_portfolios: Processing 85/470: https://cms.angelonemf.com/amc-cms/wp-content/uploads/formidable/20/Monthly-Portfolio-Nov-2025-Angel-One-Nifty-50-ETF.xlsx
2026-08-22 15:10:58,433 INFO backfill_amfi_monthly_portfolios: Downloaded https://cms.angelonemf.com/amc-cms/wp-content/uploads/formidable/20/Monthly-Portfolio-Nov-2025-Angel-One-Nifty-50-ETF.xlsx: 139073 bytes (application/vnd.openxmlformats-officedocument.spreadsheetml.sheet)
2026-08-22 15:10:58,433 INFO mutual_fund_ingestion.agent.parser: Routing to parser=portfolio_monthly_amfi for dataset_type=portfolio_disclosure file_type=amfi_monthly_xlsx
2026-08-22 15:10:58,442 INFO backfill_amfi_monthly_portfolios: Parser portfolio_monthly_amfi: 51 records (confidence=0.80), 0 errors
2026-08-22 15:10:58,451 INFO backfill_amfi_monthly_portfolios: Validation https://cms.angelonemf.com/amc-cms/wp-content/uploads/formidable/20/Monthly-Portfolio-Nov-2025-Angel-One-Nifty-50-ETF.xlsx: 51 valid, 0 quarantined
2026-08-22 15:11:00,078 INFO backfill_amfi_monthly_portfolios: Processing 86/470: https://cms.angelonemf.com/amc-cms/wp-content/uploads/formidable/20/Monthly-Portfolio-Nov-2025-Angel-One-Nifty-50-Index-Fund.xlsx
2026-08-22 15:11:00,186 INFO backfill_amfi_monthly_portfolios: Downloaded https://cms.angelonemf.com/amc-cms/wp-content/uploads/formidable/20/Monthly-Portfolio-Nov-2025-Angel-One-Nifty-50-Index-Fund.xlsx: 140768 bytes (application/vnd.openxmlformats-officedocument.spreadsheetml.sheet)
2026-08-22 15:11:00,187 INFO mutual_fund_ingestion.agent.parser: Routing to parser=portfolio_monthly_amfi for dataset_type=portfolio_disclosure file_type=amfi_monthly_xlsx
2026-08-22 15:11:00,196 INFO backfill_amfi_monthly_portfolios: Parser portfolio_monthly_amfi: 51 records (confidence=0.80), 0 errors
2026-08-22 15:11:00,204 INFO backfill_amfi_monthly_portfolios: Validation https://cms.angelonemf.com/amc-cms/wp-content/uploads/formidable/20/Monthly-Portfolio-Nov-2025-Angel-One-Nifty-50-Index-Fund.xlsx: 51 valid, 0 quarantined
2026-08-22 15:11:01,805 INFO backfill_amfi_monthly_portfolios: Processing 87/470: https://cms.angelonemf.com/amc-cms/wp-content/uploads/formidable/20/Monthly-Portfolio-Nov-2025-Angel-One-Gold-ETF.xlsx
2026-08-22 15:11:01,947 INFO backfill_amfi_monthly_portfolios: Downloaded https://cms.angelonemf.com/amc-cms/wp-content/uploads/formidable/20/Monthly-Portfolio-Nov-2025-Angel-One-Gold-ETF.xlsx: 218063 bytes (application/vnd.openxmlformats-officedocument.spreadsheetml.sheet)
2026-08-22 15:11:01,947 INFO mutual_fund_ingestion.agent.parser: Routing to parser=portfolio_monthly_amfi for dataset_type=portfolio_disclosure file_type=amfi_monthly_xlsx
2026-08-22 15:11:01,955 INFO backfill_amfi_monthly_portfolios: Parser portfolio_monthly_amfi: 3 records (confidence=0.80), 0 errors
2026-08-22 15:11:01,959 INFO backfill_amfi_monthly_portfolios: Validation https://cms.angelonemf.com/amc-cms/wp-content/uploads/formidable/20/Monthly-Portfolio-Nov-2025-Angel-One-Gold-ETF.xlsx: 3 valid, 0 quarantined
2026-08-22 15:11:03,495 INFO backfill_amfi_monthly_portfolios: Processing 88/470: https://cms.angelonemf.com/amc-cms/wp-content/uploads/formidable/20/Monthly-Portfolio-Nov-2025-Angel-One-Gold-ETF-FOF.xlsx
2026-08-22 15:11:03,739 INFO backfill_amfi_monthly_portfolios: Downloaded https://cms.angelonemf.com/amc-cms/wp-content/uploads/formidable/20/Monthly-Portfolio-Nov-2025-Angel-One-Gold-ETF-FOF.xlsx: 279197 bytes (application/vnd.openxmlformats-officedocument.spreadsheetml.sheet)
2026-08-22 15:11:03,739 INFO mutual_fund_ingestion.agent.parser: Routing to parser=portfolio_monthly_amfi for dataset_type=portfolio_disclosure file_type=amfi_monthly_xlsx
2026-08-22 15:11:03,748 INFO backfill_amfi_monthly_portfolios: Parser portfolio_monthly_amfi: 2 records (confidence=0.80), 0 errors
2026-08-22 15:11:03,753 WARNING mutual_fund_ingestion.agent.validate: snapshot_pct_sum out of range [85.0, 115.0]: scheme='Angel One Gold ETF FOF' reporting_date='2025-11-30' pct_sum=1.0031 n_records=2
2026-08-22 15:11:03,753 INFO backfill_amfi_monthly_portfolios: Validation https://cms.angelonemf.com/amc-cms/wp-content/uploads/formidable/20/Monthly-Portfolio-Nov-2025-Angel-One-Gold-ETF-FOF.xlsx: 2 valid, 0 quarantined
2026-08-22 15:11:05,275 INFO backfill_amfi_monthly_portfolios: Processing 89/470: https://cms.angelonemf.com/amc-cms/wp-content/uploads/formidable/20/Monthly-Portfolio-Nov-2025-Angel-One-Nifty-Total-Market-Index-Fund.xlsx
2026-08-22 15:11:05,391 INFO backfill_amfi_monthly_portfolios: Downloaded https://cms.angelonemf.com/amc-cms/wp-content/uploads/formidable/20/Monthly-Portfolio-Nov-2025-Angel-One-Nifty-Total-Market-Index-Fund.xlsx: 205798 bytes (application/vnd.openxmlformats-officedocument.spreadsheetml.sheet)
2026-08-22 15:11:05,391 INFO mutual_fund_ingestion.agent.parser: Routing to parser=portfolio_monthly_amfi for dataset_type=portfolio_disclosure file_type=amfi_monthly_xlsx
2026-08-22 15:11:05,445 INFO backfill_amfi_monthly_portfolios: Parser portfolio_monthly_amfi: 754 records (confidence=0.80), 0 errors
2026-08-22 15:11:05,515 INFO backfill_amfi_monthly_portfolios: Validation https://cms.angelonemf.com/amc-cms/wp-content/uploads/formidable/20/Monthly-Portfolio-Nov-2025-Angel-One-Nifty-Total-Market-Index-Fund.xlsx: 754 valid, 0 quarantined
2026-08-22 15:11:08,451 INFO backfill_amfi_monthly_portfolios: Processing 90/470: https://cms.angelonemf.com/amc-cms/wp-content/uploads/formidable/20/Monthly-Portfolio-Nov-2025-Angel-One-Nifty-Total-Market-ETF.xlsx
2026-08-22 15:11:08,588 INFO backfill_amfi_monthly_portfolios: Downloaded https://cms.angelonemf.com/amc-cms/wp-content/uploads/formidable/20/Monthly-Portfolio-Nov-2025-Angel-One-Nifty-Total-Market-ETF.xlsx: 205509 bytes (application/vnd.openxmlformats-officedocument.spreadsheetml.sheet)
2026-08-22 15:11:08,588 INFO mutual_fund_ingestion.agent.parser: Routing to parser=portfolio_monthly_amfi for dataset_type=portfolio_disclosure file_type=amfi_monthly_xlsx
2026-08-22 15:11:08,642 INFO backfill_amfi_monthly_portfolios: Parser portfolio_monthly_amfi: 753 records (confidence=0.80), 0 errors
2026-08-22 15:11:08,719 INFO backfill_amfi_monthly_portfolios: Validation https://cms.angelonemf.com/amc-cms/wp-content/uploads/formidable/20/Monthly-Portfolio-Nov-2025-Angel-One-Nifty-Total-Market-ETF.xlsx: 753 valid, 0 quarantined
2026-08-22 15:11:11,577 INFO backfill_amfi_monthly_portfolios: Processing 91/470: https://cms.angelonemf.com/amc-cms/wp-content/uploads/formidable/20/Monthly-Portfolio-Nov-2025-Angel-One-Nifty-Total-Market-Momentum-Quality-50-ETF.xlsx
2026-08-22 15:11:11,717 INFO backfill_amfi_monthly_portfolios: Downloaded https://cms.angelonemf.com/amc-cms/wp-content/uploads/formidable/20/Monthly-Portfolio-Nov-2025-Angel-One-Nifty-Total-Market-Momentum-Quality-50-ETF.xlsx: 160935 bytes (application/vnd.openxmlformats-officedocument.spreadsheetml.sheet)
2026-08-22 15:11:11,718 INFO mutual_fund_ingestion.agent.parser: Routing to parser=portfolio_monthly_amfi for dataset_type=portfolio_disclosure file_type=amfi_monthly_xlsx
2026-08-22 15:11:11,730 INFO backfill_amfi_monthly_portfolios: Parser portfolio_monthly_amfi: 50 records (confidence=0.80), 0 errors
2026-08-22 15:11:11,737 INFO backfill_amfi_monthly_portfolios: Validation https://cms.angelonemf.com/amc-cms/wp-content/uploads/formidable/20/Monthly-Portfolio-Nov-2025-Angel-One-Nifty-Total-Market-Momentum-Quality-50-ETF.xlsx: 50 valid, 0 quarantined
2026-08-22 15:11:13,371 INFO backfill_amfi_monthly_portfolios: Processing 92/470: https://cms.angelonemf.com/amc-cms/wp-content/uploads/formidable/20/Monthly-Portfolio-Nov-2025-Angel-One-Nifty-Total-Market-Momentum-Quality-50-Index-Fund.xlsx
2026-08-22 15:11:13,493 INFO backfill_amfi_monthly_portfolios: Downloaded https://cms.angelonemf.com/amc-cms/wp-content/uploads/formidable/20/Monthly-Portfolio-Nov-2025-Angel-One-Nifty-Total-Market-Momentum-Quality-50-Index-Fund.xlsx: 163397 bytes (application/vnd.openxmlformats-officedocument.spreadsheetml.sheet)
2026-08-22 15:11:13,494 INFO mutual_fund_ingestion.agent.parser: Routing to parser=portfolio_monthly_amfi for dataset_type=portfolio_disclosure file_type=amfi_monthly_xlsx
2026-08-22 15:11:13,504 INFO backfill_amfi_monthly_portfolios: Parser portfolio_monthly_amfi: 51 records (confidence=0.80), 0 errors
2026-08-22 15:11:13,512 INFO backfill_amfi_monthly_portfolios: Validation https://cms.angelonemf.com/amc-cms/wp-content/uploads/formidable/20/Monthly-Portfolio-Nov-2025-Angel-One-Nifty-Total-Market-Momentum-Quality-50-Index-Fund.xlsx: 51 valid, 0 quarantined
2026-08-22 15:11:15,162 INFO backfill_amfi_monthly_portfolios: Processing 93/470: https://cms.angelonemf.com/amc-cms/wp-content/uploads/formidable/20/Monthly-Portfolio-Oct-2025-Angel-One-Nifty-1D-Rate-Liquid-ETF-GROWTH-1-1.xlsx
2026-08-22 15:11:15,261 INFO backfill_amfi_monthly_portfolios: Downloaded https://cms.angelonemf.com/amc-cms/wp-content/uploads/formidable/20/Monthly-Portfolio-Oct-2025-Angel-One-Nifty-1D-Rate-Liquid-ETF-GROWTH-1-1.xlsx: 149599 bytes (application/vnd.openxmlformats-officedocument.spreadsheetml.sheet)
2026-08-22 15:11:15,262 INFO mutual_fund_ingestion.agent.parser: Routing to parser=portfolio_monthly_amfi for dataset_type=portfolio_disclosure file_type=amfi_monthly_xlsx
2026-08-22 15:11:15,269 INFO backfill_amfi_monthly_portfolios: Parser portfolio_monthly_amfi: 1 records (confidence=0.80), 0 errors
2026-08-22 15:11:15,271 INFO backfill_amfi_monthly_portfolios: Validation https://cms.angelonemf.com/amc-cms/wp-content/uploads/formidable/20/Monthly-Portfolio-Oct-2025-Angel-One-Nifty-1D-Rate-Liquid-ETF-GROWTH-1-1.xlsx: 1 valid, 0 quarantined
2026-08-22 15:11:16,786 INFO backfill_amfi_monthly_portfolios: Processing 94/470: https://cms.angelonemf.com/amc-cms/wp-content/uploads/formidable/20/Monthly-Portfolio-Oct-2025-Angel-One-Nifty-50-ETF-1-1.xlsx
2026-08-22 15:11:16,884 INFO backfill_amfi_monthly_portfolios: Downloaded https://cms.angelonemf.com/amc-cms/wp-content/uploads/formidable/20/Monthly-Portfolio-Oct-2025-Angel-One-Nifty-50-ETF-1-1.xlsx: 138967 bytes (application/vnd.openxmlformats-officedocument.spreadsheetml.sheet)
2026-08-22 15:11:16,885 INFO mutual_fund_ingestion.agent.parser: Routing to parser=portfolio_monthly_amfi for dataset_type=portfolio_disclosure file_type=amfi_monthly_xlsx
2026-08-22 15:11:16,894 INFO backfill_amfi_monthly_portfolios: Parser portfolio_monthly_amfi: 51 records (confidence=0.80), 0 errors
2026-08-22 15:11:16,900 INFO backfill_amfi_monthly_portfolios: Validation https://cms.angelonemf.com/amc-cms/wp-content/uploads/formidable/20/Monthly-Portfolio-Oct-2025-Angel-One-Nifty-50-ETF-1-1.xlsx: 51 valid, 0 quarantined
2026-08-22 15:11:18,511 INFO backfill_amfi_monthly_portfolios: Processing 95/470: https://cms.angelonemf.com/amc-cms/wp-content/uploads/formidable/20/Monthly-Portfolio-Oct-2025-Angel-One-Nifty-50-Index-Fund-1-1.xlsx
2026-08-22 15:11:18,625 INFO backfill_amfi_monthly_portfolios: Downloaded https://cms.angelonemf.com/amc-cms/wp-content/uploads/formidable/20/Monthly-Portfolio-Oct-2025-Angel-One-Nifty-50-Index-Fund-1-1.xlsx: 140750 bytes (application/vnd.openxmlformats-officedocument.spreadsheetml.sheet)
2026-08-22 15:11:18,625 INFO mutual_fund_ingestion.agent.parser: Routing to parser=portfolio_monthly_amfi for dataset_type=portfolio_disclosure file_type=amfi_monthly_xlsx
2026-08-22 15:11:18,636 INFO backfill_amfi_monthly_portfolios: Parser portfolio_monthly_amfi: 52 records (confidence=0.80), 0 errors
2026-08-22 15:11:18,646 INFO backfill_amfi_monthly_portfolios: Validation https://cms.angelonemf.com/amc-cms/wp-content/uploads/formidable/20/Monthly-Portfolio-Oct-2025-Angel-One-Nifty-50-Index-Fund-1-1.xlsx: 52 valid, 0 quarantined
2026-08-22 15:11:20,264 INFO backfill_amfi_monthly_portfolios: Processing 96/470: https://cms.angelonemf.com/amc-cms/wp-content/uploads/formidable/20/Monthly-Portfolio-Oct-2025-Angel-One-Gold-ETF-1-1.xlsx
2026-08-22 15:11:20,446 INFO backfill_amfi_monthly_portfolios: Downloaded https://cms.angelonemf.com/amc-cms/wp-content/uploads/formidable/20/Monthly-Portfolio-Oct-2025-Angel-One-Gold-ETF-1-1.xlsx: 218185 bytes (application/vnd.openxmlformats-officedocument.spreadsheetml.sheet)
2026-08-22 15:11:20,446 INFO mutual_fund_ingestion.agent.parser: Routing to parser=portfolio_monthly_amfi for dataset_type=portfolio_disclosure file_type=amfi_monthly_xlsx
2026-08-22 15:11:20,455 INFO backfill_amfi_monthly_portfolios: Parser portfolio_monthly_amfi: 3 records (confidence=0.80), 0 errors
2026-08-22 15:11:20,457 INFO backfill_amfi_monthly_portfolios: Validation https://cms.angelonemf.com/amc-cms/wp-content/uploads/formidable/20/Monthly-Portfolio-Oct-2025-Angel-One-Gold-ETF-1-1.xlsx: 3 valid, 0 quarantined
2026-08-22 15:11:21,988 INFO backfill_amfi_monthly_portfolios: Processing 97/470: https://cms.angelonemf.com/amc-cms/wp-content/uploads/formidable/20/Monthly-Portfolio-Oct-2025-Angel-One-Gold-ETF-FOF-1-2.xlsx
2026-08-22 15:11:22,066 INFO backfill_amfi_monthly_portfolios: Downloaded https://cms.angelonemf.com/amc-cms/wp-content/uploads/formidable/20/Monthly-Portfolio-Oct-2025-Angel-One-Gold-ETF-FOF-1-2.xlsx: 161594 bytes (application/vnd.openxmlformats-officedocument.spreadsheetml.sheet)
2026-08-22 15:11:22,066 INFO mutual_fund_ingestion.agent.parser: Routing to parser=portfolio_monthly_amfi for dataset_type=portfolio_disclosure file_type=amfi_monthly_xlsx
2026-08-22 15:11:22,073 INFO backfill_amfi_monthly_portfolios: Parser portfolio_monthly_amfi: 2 records (confidence=0.80), 0 errors
2026-08-22 15:11:22,075 INFO backfill_amfi_monthly_portfolios: Validation https://cms.angelonemf.com/amc-cms/wp-content/uploads/formidable/20/Monthly-Portfolio-Oct-2025-Angel-One-Gold-ETF-FOF-1-2.xlsx: 2 valid, 0 quarantined
2026-08-22 15:11:23,592 INFO backfill_amfi_monthly_portfolios: Processing 98/470: https://cms.angelonemf.com/amc-cms/wp-content/uploads/formidable/20/Monthly-Portfolio-Oct-2025-Angel-One-Nifty-Total-Market-Index-Fund-2-1.xlsx
2026-08-22 15:11:23,732 INFO backfill_amfi_monthly_portfolios: Downloaded https://cms.angelonemf.com/amc-cms/wp-content/uploads/formidable/20/Monthly-Portfolio-Oct-2025-Angel-One-Nifty-Total-Market-Index-Fund-2-1.xlsx: 205366 bytes (application/vnd.openxmlformats-officedocument.spreadsheetml.sheet)
2026-08-22 15:11:23,733 INFO mutual_fund_ingestion.agent.parser: Routing to parser=portfolio_monthly_amfi for dataset_type=portfolio_disclosure file_type=amfi_monthly_xlsx
2026-08-22 15:11:23,785 INFO backfill_amfi_monthly_portfolios: Parser portfolio_monthly_amfi: 755 records (confidence=0.80), 0 errors
2026-08-22 15:11:23,854 INFO backfill_amfi_monthly_portfolios: Validation https://cms.angelonemf.com/amc-cms/wp-content/uploads/formidable/20/Monthly-Portfolio-Oct-2025-Angel-One-Nifty-Total-Market-Index-Fund-2-1.xlsx: 755 valid, 0 quarantined
2026-08-22 15:11:27,096 INFO backfill_amfi_monthly_portfolios: Processing 99/470: https://cms.angelonemf.com/amc-cms/wp-content/uploads/formidable/20/Monthly-Portfolio-Oct-2025-Angel-One-Nifty-Total-Market-ETF-1-1.xlsx
2026-08-22 15:11:27,235 INFO backfill_amfi_monthly_portfolios: Downloaded https://cms.angelonemf.com/amc-cms/wp-content/uploads/formidable/20/Monthly-Portfolio-Oct-2025-Angel-One-Nifty-Total-Market-ETF-1-1.xlsx: 205825 bytes (application/vnd.openxmlformats-officedocument.spreadsheetml.sheet)
2026-08-22 15:11:27,235 INFO mutual_fund_ingestion.agent.parser: Routing to parser=portfolio_monthly_amfi for dataset_type=portfolio_disclosure file_type=amfi_monthly_xlsx
2026-08-22 15:11:27,286 INFO backfill_amfi_monthly_portfolios: Parser portfolio_monthly_amfi: 754 records (confidence=0.80), 0 errors
2026-08-22 15:11:27,355 INFO backfill_amfi_monthly_portfolios: Validation https://cms.angelonemf.com/amc-cms/wp-content/uploads/formidable/20/Monthly-Portfolio-Oct-2025-Angel-One-Nifty-Total-Market-ETF-1-1.xlsx: 754 valid, 0 quarantined
2026-08-22 15:11:30,406 INFO backfill_amfi_monthly_portfolios: Processing 100/470: https://cms.angelonemf.com/amc-cms/wp-content/uploads/formidable/20/Monthly-Portfolio-Sep-2025-Angel-One-Nifty-1D-Rate-Liquid-ETF-GROWTH-1.xlsx
2026-08-22 15:11:30,683 INFO backfill_amfi_monthly_portfolios: Downloaded https://cms.angelonemf.com/amc-cms/wp-content/uploads/formidable/20/Monthly-Portfolio-Sep-2025-Angel-One-Nifty-1D-Rate-Liquid-ETF-GROWTH-1.xlsx: 149253 bytes (application/vnd.openxmlformats-officedocument.spreadsheetml.sheet)
2026-08-22 15:11:30,683 INFO mutual_fund_ingestion.agent.parser: Routing to parser=portfolio_monthly_amfi for dataset_type=portfolio_disclosure file_type=amfi_monthly_xlsx
2026-08-22 15:11:30,691 INFO backfill_amfi_monthly_portfolios: Parser portfolio_monthly_amfi: 1 records (confidence=0.80), 0 errors
2026-08-22 15:11:30,694 INFO backfill_amfi_monthly_portfolios: Validation https://cms.angelonemf.com/amc-cms/wp-content/uploads/formidable/20/Monthly-Portfolio-Sep-2025-Angel-One-Nifty-1D-Rate-Liquid-ETF-GROWTH-1.xlsx: 1 valid, 0 quarantined
2026-08-22 15:11:32,216 INFO backfill_amfi_monthly_portfolios: Processing 101/470: https://cms.angelonemf.com/amc-cms/wp-content/uploads/formidable/20/Monthly-Portfolio-Sep-2025-Angel-One-Nifty-50-ETF-1.xlsx
2026-08-22 15:11:32,292 INFO backfill_amfi_monthly_portfolios: Downloaded https://cms.angelonemf.com/amc-cms/wp-content/uploads/formidable/20/Monthly-Portfolio-Sep-2025-Angel-One-Nifty-50-ETF-1.xlsx: 139160 bytes (application/vnd.openxmlformats-officedocument.spreadsheetml.sheet)
2026-08-22 15:11:32,293 INFO mutual_fund_ingestion.agent.parser: Routing to parser=portfolio_monthly_amfi for dataset_type=portfolio_disclosure file_type=amfi_monthly_xlsx
2026-08-22 15:11:32,303 INFO backfill_amfi_monthly_portfolios: Parser portfolio_monthly_amfi: 51 records (confidence=0.80), 0 errors
2026-08-22 15:11:32,317 INFO backfill_amfi_monthly_portfolios: Validation https://cms.angelonemf.com/amc-cms/wp-content/uploads/formidable/20/Monthly-Portfolio-Sep-2025-Angel-One-Nifty-50-ETF-1.xlsx: 51 valid, 0 quarantined
2026-08-22 15:11:33,938 INFO backfill_amfi_monthly_portfolios: Processing 102/470: https://cms.angelonemf.com/amc-cms/wp-content/uploads/formidable/20/Monthly-Portfolio-Sep-2025-Angel-One-Nifty-50-Index-Fund-1.xlsx
2026-08-22 15:11:34,025 INFO backfill_amfi_monthly_portfolios: Downloaded https://cms.angelonemf.com/amc-cms/wp-content/uploads/formidable/20/Monthly-Portfolio-Sep-2025-Angel-One-Nifty-50-Index-Fund-1.xlsx: 140906 bytes (application/vnd.openxmlformats-officedocument.spreadsheetml.sheet)
2026-08-22 15:11:34,026 INFO mutual_fund_ingestion.agent.parser: Routing to parser=portfolio_monthly_amfi for dataset_type=portfolio_disclosure file_type=amfi_monthly_xlsx
2026-08-22 15:11:34,037 INFO backfill_amfi_monthly_portfolios: Parser portfolio_monthly_amfi: 51 records (confidence=0.80), 0 errors
2026-08-22 15:11:34,048 INFO backfill_amfi_monthly_portfolios: Validation https://cms.angelonemf.com/amc-cms/wp-content/uploads/formidable/20/Monthly-Portfolio-Sep-2025-Angel-One-Nifty-50-Index-Fund-1.xlsx: 51 valid, 0 quarantined
2026-08-22 15:11:35,666 INFO backfill_amfi_monthly_portfolios: Processing 103/470: https://cms.angelonemf.com/amc-cms/wp-content/uploads/formidable/20/Monthly-Portfolio-Sep-2025-Angel-One-Gold-ETF-1.xlsx
2026-08-22 15:11:36,081 INFO backfill_amfi_monthly_portfolios: Downloaded https://cms.angelonemf.com/amc-cms/wp-content/uploads/formidable/20/Monthly-Portfolio-Sep-2025-Angel-One-Gold-ETF-1.xlsx: 218596 bytes (application/vnd.openxmlformats-officedocument.spreadsheetml.sheet)
2026-08-22 15:11:36,081 INFO mutual_fund_ingestion.agent.parser: Routing to parser=portfolio_monthly_amfi for dataset_type=portfolio_disclosure file_type=amfi_monthly_xlsx
2026-08-22 15:11:36,090 INFO backfill_amfi_monthly_portfolios: Parser portfolio_monthly_amfi: 2 records (confidence=0.80), 0 errors
2026-08-22 15:11:36,095 INFO backfill_amfi_monthly_portfolios: Validation https://cms.angelonemf.com/amc-cms/wp-content/uploads/formidable/20/Monthly-Portfolio-Sep-2025-Angel-One-Gold-ETF-1.xlsx: 2 valid, 0 quarantined
2026-08-22 15:11:37,621 INFO backfill_amfi_monthly_portfolios: Processing 104/470: https://cms.angelonemf.com/amc-cms/wp-content/uploads/formidable/20/Monthly-Portfolio-Sep-2025-Angel-One-Gold-ETF-FOF-1.xlsx
2026-08-22 15:11:37,854 INFO backfill_amfi_monthly_portfolios: Downloaded https://cms.angelonemf.com/amc-cms/wp-content/uploads/formidable/20/Monthly-Portfolio-Sep-2025-Angel-One-Gold-ETF-FOF-1.xlsx: 282086 bytes (application/vnd.openxmlformats-officedocument.spreadsheetml.sheet)
2026-08-22 15:11:37,854 INFO mutual_fund_ingestion.agent.parser: Routing to parser=portfolio_monthly_amfi for dataset_type=portfolio_disclosure file_type=amfi_monthly_xlsx
2026-08-22 15:11:37,861 INFO backfill_amfi_monthly_portfolios: Parser portfolio_monthly_amfi: 2 records (confidence=0.80), 0 errors
2026-08-22 15:11:37,865 WARNING mutual_fund_ingestion.agent.validate: snapshot_pct_sum out of range [85.0, 115.0]: scheme='Angel One Gold ETF FOF' reporting_date='2025-09-30' pct_sum=1.0228 n_records=2
2026-08-22 15:11:37,865 INFO backfill_amfi_monthly_portfolios: Validation https://cms.angelonemf.com/amc-cms/wp-content/uploads/formidable/20/Monthly-Portfolio-Sep-2025-Angel-One-Gold-ETF-FOF-1.xlsx: 2 valid, 0 quarantined
2026-08-22 15:11:39,387 INFO backfill_amfi_monthly_portfolios: Processing 105/470: https://cms.angelonemf.com/amc-cms/wp-content/uploads/formidable/20/Monthly-Portfolio-Sep-2025-Angel-One-Nifty-Total-Market-Index-Fund-2.xlsx
2026-08-22 15:11:39,569 INFO backfill_amfi_monthly_portfolios: Downloaded https://cms.angelonemf.com/amc-cms/wp-content/uploads/formidable/20/Monthly-Portfolio-Sep-2025-Angel-One-Nifty-Total-Market-Index-Fund-2.xlsx: 205284 bytes (application/vnd.openxmlformats-officedocument.spreadsheetml.sheet)
2026-08-22 15:11:39,569 INFO mutual_fund_ingestion.agent.parser: Routing to parser=portfolio_monthly_amfi for dataset_type=portfolio_disclosure file_type=amfi_monthly_xlsx
2026-08-22 15:11:39,620 INFO backfill_amfi_monthly_portfolios: Parser portfolio_monthly_amfi: 753 records (confidence=0.80), 0 errors
2026-08-22 15:11:39,681 INFO backfill_amfi_monthly_portfolios: Validation https://cms.angelonemf.com/amc-cms/wp-content/uploads/formidable/20/Monthly-Portfolio-Sep-2025-Angel-One-Nifty-Total-Market-Index-Fund-2.xlsx: 753 valid, 0 quarantined
2026-08-22 15:11:42,663 INFO backfill_amfi_monthly_portfolios: Processing 106/470: https://cms.angelonemf.com/amc-cms/wp-content/uploads/formidable/20/Monthly-Portfolio-Sep-2025-Angel-One-Nifty-Total-Market-ETF-1.xlsx
2026-08-22 15:11:42,886 INFO backfill_amfi_monthly_portfolios: Downloaded https://cms.angelonemf.com/amc-cms/wp-content/uploads/formidable/20/Monthly-Portfolio-Sep-2025-Angel-One-Nifty-Total-Market-ETF-1.xlsx: 205597 bytes (application/vnd.openxmlformats-officedocument.spreadsheetml.sheet)
2026-08-22 15:11:42,886 INFO mutual_fund_ingestion.agent.parser: Routing to parser=portfolio_monthly_amfi for dataset_type=portfolio_disclosure file_type=amfi_monthly_xlsx
2026-08-22 15:11:42,938 INFO backfill_amfi_monthly_portfolios: Parser portfolio_monthly_amfi: 753 records (confidence=0.80), 0 errors
2026-08-22 15:11:42,998 INFO backfill_amfi_monthly_portfolios: Validation https://cms.angelonemf.com/amc-cms/wp-content/uploads/formidable/20/Monthly-Portfolio-Sep-2025-Angel-One-Nifty-Total-Market-ETF-1.xlsx: 753 valid, 0 quarantined
2026-08-22 15:11:45,975 INFO backfill_amfi_monthly_portfolios: Processing 107/470: https://cms.angelonemf.com/amc-cms/wp-content/uploads/formidable/20/Monthly-Portfolio-Aug-2025-AngelOne-Nifty-1D-Rate-Liquid-ETF-GROWTH-1.xlsx
2026-08-22 15:11:46,088 INFO backfill_amfi_monthly_portfolios: Downloaded https://cms.angelonemf.com/amc-cms/wp-content/uploads/formidable/20/Monthly-Portfolio-Aug-2025-AngelOne-Nifty-1D-Rate-Liquid-ETF-GROWTH-1.xlsx: 149184 bytes (application/vnd.openxmlformats-officedocument.spreadsheetml.sheet)
2026-08-22 15:11:46,088 INFO mutual_fund_ingestion.agent.parser: Routing to parser=portfolio_monthly_amfi for dataset_type=portfolio_disclosure file_type=amfi_monthly_xlsx
2026-08-22 15:11:46,096 INFO backfill_amfi_monthly_portfolios: Parser portfolio_monthly_amfi: 1 records (confidence=0.80), 0 errors
2026-08-22 15:11:46,098 INFO backfill_amfi_monthly_portfolios: Validation https://cms.angelonemf.com/amc-cms/wp-content/uploads/formidable/20/Monthly-Portfolio-Aug-2025-AngelOne-Nifty-1D-Rate-Liquid-ETF-GROWTH-1.xlsx: 1 valid, 0 quarantined
2026-08-22 15:11:47,612 INFO backfill_amfi_monthly_portfolios: Processing 108/470: https://cms.angelonemf.com/amc-cms/wp-content/uploads/formidable/20/Monthly-Portfolio-Aug-2025-Angel-One-Nifty-50-ETF-1.xlsx
2026-08-22 15:11:47,732 INFO backfill_amfi_monthly_portfolios: Downloaded https://cms.angelonemf.com/amc-cms/wp-content/uploads/formidable/20/Monthly-Portfolio-Aug-2025-Angel-One-Nifty-50-ETF-1.xlsx: 139060 bytes (application/vnd.openxmlformats-officedocument.spreadsheetml.sheet)
2026-08-22 15:11:47,732 INFO mutual_fund_ingestion.agent.parser: Routing to parser=portfolio_monthly_amfi for dataset_type=portfolio_disclosure file_type=amfi_monthly_xlsx
2026-08-22 15:11:47,743 INFO backfill_amfi_monthly_portfolios: Parser portfolio_monthly_amfi: 50 records (confidence=0.80), 0 errors
2026-08-22 15:11:47,750 INFO backfill_amfi_monthly_portfolios: Validation https://cms.angelonemf.com/amc-cms/wp-content/uploads/formidable/20/Monthly-Portfolio-Aug-2025-Angel-One-Nifty-50-ETF-1.xlsx: 50 valid, 0 quarantined
2026-08-22 15:11:49,367 INFO backfill_amfi_monthly_portfolios: Processing 109/470: https://cms.angelonemf.com/amc-cms/wp-content/uploads/formidable/20/Monthly-Portfolio-Aug-2025-Angel-One-Nifty-50-Index-Fund-1.xlsx
2026-08-22 15:11:49,666 INFO backfill_amfi_monthly_portfolios: Downloaded https://cms.angelonemf.com/amc-cms/wp-content/uploads/formidable/20/Monthly-Portfolio-Aug-2025-Angel-One-Nifty-50-Index-Fund-1.xlsx: 140903 bytes (application/vnd.openxmlformats-officedocument.spreadsheetml.sheet)
2026-08-22 15:11:49,666 INFO mutual_fund_ingestion.agent.parser: Routing to parser=portfolio_monthly_amfi for dataset_type=portfolio_disclosure file_type=amfi_monthly_xlsx
2026-08-22 15:11:49,676 INFO backfill_amfi_monthly_portfolios: Parser portfolio_monthly_amfi: 51 records (confidence=0.80), 0 errors
2026-08-22 15:11:49,697 INFO backfill_amfi_monthly_portfolios: Validation https://cms.angelonemf.com/amc-cms/wp-content/uploads/formidable/20/Monthly-Portfolio-Aug-2025-Angel-One-Nifty-50-Index-Fund-1.xlsx: 51 valid, 0 quarantined
2026-08-22 15:11:51,314 INFO backfill_amfi_monthly_portfolios: Processing 110/470: https://cms.angelonemf.com/amc-cms/wp-content/uploads/formidable/20/Monthly-Portfolio-Aug-2025-Angel-One-Nifty-Total-Market-Index-Fund-1.xlsx
2026-08-22 15:11:51,485 INFO backfill_amfi_monthly_portfolios: Downloaded https://cms.angelonemf.com/amc-cms/wp-content/uploads/formidable/20/Monthly-Portfolio-Aug-2025-Angel-One-Nifty-Total-Market-Index-Fund-1.xlsx: 208847 bytes (application/vnd.openxmlformats-officedocument.spreadsheetml.sheet)
2026-08-22 15:11:51,485 INFO mutual_fund_ingestion.agent.parser: Routing to parser=portfolio_monthly_amfi for dataset_type=portfolio_disclosure file_type=amfi_monthly_xlsx
2026-08-22 15:11:51,536 INFO backfill_amfi_monthly_portfolios: Parser portfolio_monthly_amfi: 754 records (confidence=0.80), 0 errors
2026-08-22 15:11:51,615 INFO backfill_amfi_monthly_portfolios: Validation https://cms.angelonemf.com/amc-cms/wp-content/uploads/formidable/20/Monthly-Portfolio-Aug-2025-Angel-One-Nifty-Total-Market-Index-Fund-1.xlsx: 754 valid, 0 quarantined
2026-08-22 15:11:54,810 INFO backfill_amfi_monthly_portfolios: Processing 111/470: https://cms.angelonemf.com/amc-cms/wp-content/uploads/formidable/20/Monthly-Portfolio-Aug-2025-Angel-One-Nifty-Total-Market-ETF-1.xlsx
2026-08-22 15:11:55,078 INFO backfill_amfi_monthly_portfolios: Downloaded https://cms.angelonemf.com/amc-cms/wp-content/uploads/formidable/20/Monthly-Portfolio-Aug-2025-Angel-One-Nifty-Total-Market-ETF-1.xlsx: 206112 bytes (application/vnd.openxmlformats-officedocument.spreadsheetml.sheet)
2026-08-22 15:11:55,078 INFO mutual_fund_ingestion.agent.parser: Routing to parser=portfolio_monthly_amfi for dataset_type=portfolio_disclosure file_type=amfi_monthly_xlsx
2026-08-22 15:11:55,130 INFO backfill_amfi_monthly_portfolios: Parser portfolio_monthly_amfi: 754 records (confidence=0.80), 0 errors
2026-08-22 15:11:55,197 INFO backfill_amfi_monthly_portfolios: Validation https://cms.angelonemf.com/amc-cms/wp-content/uploads/formidable/20/Monthly-Portfolio-Aug-2025-Angel-One-Nifty-Total-Market-ETF-1.xlsx: 754 valid, 0 quarantined
2026-08-22 15:11:58,121 INFO backfill_amfi_monthly_portfolios: Processing 112/470: https://cms.angelonemf.com/amc-cms/wp-content/uploads/formidable/20/Monthly-portfolio-July-2025-AngelOne-Nifty-1D-Rate-Liquid-ETF-GROWTH-2.xlsx
2026-08-22 15:11:58,240 INFO backfill_amfi_monthly_portfolios: Downloaded https://cms.angelonemf.com/amc-cms/wp-content/uploads/formidable/20/Monthly-portfolio-July-2025-AngelOne-Nifty-1D-Rate-Liquid-ETF-GROWTH-2.xlsx: 149159 bytes (application/vnd.openxmlformats-officedocument.spreadsheetml.sheet)
2026-08-22 15:11:58,240 INFO mutual_fund_ingestion.agent.parser: Routing to parser=portfolio_monthly_amfi for dataset_type=portfolio_disclosure file_type=amfi_monthly_xlsx
2026-08-22 15:11:58,248 INFO backfill_amfi_monthly_portfolios: Parser portfolio_monthly_amfi: 1 records (confidence=0.80), 0 errors
2026-08-22 15:11:58,250 INFO backfill_amfi_monthly_portfolios: Validation https://cms.angelonemf.com/amc-cms/wp-content/uploads/formidable/20/Monthly-portfolio-July-2025-AngelOne-Nifty-1D-Rate-Liquid-ETF-GROWTH-2.xlsx: 1 valid, 0 quarantined
2026-08-22 15:11:59,766 INFO backfill_amfi_monthly_portfolios: Processing 113/470: https://cms.angelonemf.com/amc-cms/wp-content/uploads/formidable/20/Monthly-portfolio-July-2025-Angel-One-Nifty-50-ETF-2.xlsx
2026-08-22 15:11:59,957 INFO backfill_amfi_monthly_portfolios: Downloaded https://cms.angelonemf.com/amc-cms/wp-content/uploads/formidable/20/Monthly-portfolio-July-2025-Angel-One-Nifty-50-ETF-2.xlsx: 139197 bytes (application/vnd.openxmlformats-officedocument.spreadsheetml.sheet)
2026-08-22 15:11:59,958 INFO mutual_fund_ingestion.agent.parser: Routing to parser=portfolio_monthly_amfi for dataset_type=portfolio_disclosure file_type=amfi_monthly_xlsx
2026-08-22 15:11:59,968 INFO backfill_amfi_monthly_portfolios: Parser portfolio_monthly_amfi: 51 records (confidence=0.80), 0 errors
2026-08-22 15:11:59,981 INFO backfill_amfi_monthly_portfolios: Validation https://cms.angelonemf.com/amc-cms/wp-content/uploads/formidable/20/Monthly-portfolio-July-2025-Angel-One-Nifty-50-ETF-2.xlsx: 51 valid, 0 quarantined
2026-08-22 15:12:01,601 INFO backfill_amfi_monthly_portfolios: Processing 114/470: https://cms.angelonemf.com/amc-cms/wp-content/uploads/formidable/20/Monthly-portfolio-July-2025-Angel-One-Nifty-50-Index-Fund-2.xlsx
2026-08-22 15:12:01,770 INFO backfill_amfi_monthly_portfolios: Downloaded https://cms.angelonemf.com/amc-cms/wp-content/uploads/formidable/20/Monthly-portfolio-July-2025-Angel-One-Nifty-50-Index-Fund-2.xlsx: 140856 bytes (application/vnd.openxmlformats-officedocument.spreadsheetml.sheet)
2026-08-22 15:12:01,770 INFO mutual_fund_ingestion.agent.parser: Routing to parser=portfolio_monthly_amfi for dataset_type=portfolio_disclosure file_type=amfi_monthly_xlsx
2026-08-22 15:12:01,781 INFO backfill_amfi_monthly_portfolios: Parser portfolio_monthly_amfi: 51 records (confidence=0.80), 0 errors
2026-08-22 15:12:01,792 INFO backfill_amfi_monthly_portfolios: Validation https://cms.angelonemf.com/amc-cms/wp-content/uploads/formidable/20/Monthly-portfolio-July-2025-Angel-One-Nifty-50-Index-Fund-2.xlsx: 51 valid, 0 quarantined
2026-08-22 15:12:03,421 INFO backfill_amfi_monthly_portfolios: Processing 115/470: https://cms.angelonemf.com/amc-cms/wp-content/uploads/formidable/20/Monthly-portfolio-July-2025-Angel-One-Nifty-Total-Market-Index-Fund-1.xlsx
2026-08-22 15:12:03,582 INFO backfill_amfi_monthly_portfolios: Downloaded https://cms.angelonemf.com/amc-cms/wp-content/uploads/formidable/20/Monthly-portfolio-July-2025-Angel-One-Nifty-Total-Market-Index-Fund-1.xlsx: 205417 bytes (application/vnd.openxmlformats-officedocument.spreadsheetml.sheet)
2026-08-22 15:12:03,582 INFO mutual_fund_ingestion.agent.parser: Routing to parser=portfolio_monthly_amfi for dataset_type=portfolio_disclosure file_type=amfi_monthly_xlsx
2026-08-22 15:12:03,633 INFO backfill_amfi_monthly_portfolios: Parser portfolio_monthly_amfi: 755 records (confidence=0.80), 0 errors
2026-08-22 15:12:03,702 INFO backfill_amfi_monthly_portfolios: Validation https://cms.angelonemf.com/amc-cms/wp-content/uploads/formidable/20/Monthly-portfolio-July-2025-Angel-One-Nifty-Total-Market-Index-Fund-1.xlsx: 755 valid, 0 quarantined
2026-08-22 15:12:06,651 INFO backfill_amfi_monthly_portfolios: Processing 116/470: https://cms.angelonemf.com/amc-cms/wp-content/uploads/formidable/20/Monthly-portfolio-July-2025-Angel-One-Nifty-Total-Market-ETF-1.xlsx
2026-08-22 15:12:06,871 INFO backfill_amfi_monthly_portfolios: Downloaded https://cms.angelonemf.com/amc-cms/wp-content/uploads/formidable/20/Monthly-portfolio-July-2025-Angel-One-Nifty-Total-Market-ETF-1.xlsx: 205638 bytes (application/vnd.openxmlformats-officedocument.spreadsheetml.sheet)
2026-08-22 15:12:06,871 INFO mutual_fund_ingestion.agent.parser: Routing to parser=portfolio_monthly_amfi for dataset_type=portfolio_disclosure file_type=amfi_monthly_xlsx
2026-08-22 15:12:06,922 INFO backfill_amfi_monthly_portfolios: Parser portfolio_monthly_amfi: 755 records (confidence=0.80), 0 errors
2026-08-22 15:12:06,990 INFO backfill_amfi_monthly_portfolios: Validation https://cms.angelonemf.com/amc-cms/wp-content/uploads/formidable/20/Monthly-portfolio-July-2025-Angel-One-Nifty-Total-Market-ETF-1.xlsx: 755 valid, 0 quarantined
2026-08-22 15:12:10,584 INFO backfill_amfi_monthly_portfolios: Processing 117/470: https://cms.angelonemf.com/amc-cms/wp-content/uploads/formidable/20/Monthly-portfolio-June-2025-AngelOne-Nifty-1D-Rate-Liquid-ETF-GROWTH-1.xlsx
2026-08-22 15:12:10,763 INFO backfill_amfi_monthly_portfolios: Downloaded https://cms.angelonemf.com/amc-cms/wp-content/uploads/formidable/20/Monthly-portfolio-June-2025-AngelOne-Nifty-1D-Rate-Liquid-ETF-GROWTH-1.xlsx: 149112 bytes (application/vnd.openxmlformats-officedocument.spreadsheetml.sheet)
2026-08-22 15:12:10,763 INFO mutual_fund_ingestion.agent.parser: Routing to parser=portfolio_monthly_amfi for dataset_type=portfolio_disclosure file_type=amfi_monthly_xlsx
2026-08-22 15:12:10,775 INFO backfill_amfi_monthly_portfolios: Parser portfolio_monthly_amfi: 1 records (confidence=0.80), 0 errors
2026-08-22 15:12:10,778 INFO backfill_amfi_monthly_portfolios: Validation https://cms.angelonemf.com/amc-cms/wp-content/uploads/formidable/20/Monthly-portfolio-June-2025-AngelOne-Nifty-1D-Rate-Liquid-ETF-GROWTH-1.xlsx: 1 valid, 0 quarantined
2026-08-22 15:12:12,301 INFO backfill_amfi_monthly_portfolios: Processing 118/470: https://cms.angelonemf.com/amc-cms/wp-content/uploads/formidable/20/Monthly-portfolio-June-2025-Angel-One-Nifty-50-ETF-1.xlsx
2026-08-22 15:12:12,422 INFO backfill_amfi_monthly_portfolios: Downloaded https://cms.angelonemf.com/amc-cms/wp-content/uploads/formidable/20/Monthly-portfolio-June-2025-Angel-One-Nifty-50-ETF-1.xlsx: 139085 bytes (application/vnd.openxmlformats-officedocument.spreadsheetml.sheet)
2026-08-22 15:12:12,422 INFO mutual_fund_ingestion.agent.parser: Routing to parser=portfolio_monthly_amfi for dataset_type=portfolio_disclosure file_type=amfi_monthly_xlsx
2026-08-22 15:12:12,435 INFO backfill_amfi_monthly_portfolios: Parser portfolio_monthly_amfi: 50 records (confidence=0.80), 0 errors
2026-08-22 15:12:12,442 INFO backfill_amfi_monthly_portfolios: Validation https://cms.angelonemf.com/amc-cms/wp-content/uploads/formidable/20/Monthly-portfolio-June-2025-Angel-One-Nifty-50-ETF-1.xlsx: 50 valid, 0 quarantined
2026-08-22 15:12:14,081 INFO backfill_amfi_monthly_portfolios: Processing 119/470: https://cms.angelonemf.com/amc-cms/wp-content/uploads/formidable/20/Monthly-portfolio-June-2025-Angel-One-Nifty-50-Index-Fund-1.xlsx
2026-08-22 15:12:14,240 INFO backfill_amfi_monthly_portfolios: Downloaded https://cms.angelonemf.com/amc-cms/wp-content/uploads/formidable/20/Monthly-portfolio-June-2025-Angel-One-Nifty-50-Index-Fund-1.xlsx: 140939 bytes (application/vnd.openxmlformats-officedocument.spreadsheetml.sheet)
2026-08-22 15:12:14,241 INFO mutual_fund_ingestion.agent.parser: Routing to parser=portfolio_monthly_amfi for dataset_type=portfolio_disclosure file_type=amfi_monthly_xlsx
2026-08-22 15:12:14,254 INFO backfill_amfi_monthly_portfolios: Parser portfolio_monthly_amfi: 51 records (confidence=0.80), 0 errors
2026-08-22 15:12:14,263 INFO backfill_amfi_monthly_portfolios: Validation https://cms.angelonemf.com/amc-cms/wp-content/uploads/formidable/20/Monthly-portfolio-June-2025-Angel-One-Nifty-50-Index-Fund-1.xlsx: 51 valid, 0 quarantined
2026-08-22 15:12:15,920 INFO backfill_amfi_monthly_portfolios: Processing 120/470: https://cms.angelonemf.com/amc-cms/wp-content/uploads/formidable/20/Monthly-portfolio-June-2025-Angel-One-Nifty-Total-Market-Index-Fund-1.xlsx
2026-08-22 15:12:16,090 INFO backfill_amfi_monthly_portfolios: Downloaded https://cms.angelonemf.com/amc-cms/wp-content/uploads/formidable/20/Monthly-portfolio-June-2025-Angel-One-Nifty-Total-Market-Index-Fund-1.xlsx: 204961 bytes (application/vnd.openxmlformats-officedocument.spreadsheetml.sheet)
2026-08-22 15:12:16,090 INFO mutual_fund_ingestion.agent.parser: Routing to parser=portfolio_monthly_amfi for dataset_type=portfolio_disclosure file_type=amfi_monthly_xlsx
2026-08-22 15:12:16,140 INFO backfill_amfi_monthly_portfolios: Parser portfolio_monthly_amfi: 755 records (confidence=0.80), 0 errors
2026-08-22 15:12:16,213 INFO backfill_amfi_monthly_portfolios: Validation https://cms.angelonemf.com/amc-cms/wp-content/uploads/formidable/20/Monthly-portfolio-June-2025-Angel-One-Nifty-Total-Market-Index-Fund-1.xlsx: 755 valid, 0 quarantined
2026-08-22 15:12:19,159 INFO backfill_amfi_monthly_portfolios: Processing 121/470: https://cms.angelonemf.com/amc-cms/wp-content/uploads/formidable/20/Monthly-portfolio-June-2025-Angel-One-Nifty-Total-Market-ETF-1.xlsx
2026-08-22 15:12:19,314 INFO backfill_amfi_monthly_portfolios: Downloaded https://cms.angelonemf.com/amc-cms/wp-content/uploads/formidable/20/Monthly-portfolio-June-2025-Angel-One-Nifty-Total-Market-ETF-1.xlsx: 205067 bytes (application/vnd.openxmlformats-officedocument.spreadsheetml.sheet)
2026-08-22 15:12:19,314 INFO mutual_fund_ingestion.agent.parser: Routing to parser=portfolio_monthly_amfi for dataset_type=portfolio_disclosure file_type=amfi_monthly_xlsx
2026-08-22 15:12:19,382 INFO backfill_amfi_monthly_portfolios: Parser portfolio_monthly_amfi: 754 records (confidence=0.80), 0 errors
2026-08-22 15:12:19,457 INFO backfill_amfi_monthly_portfolios: Validation https://cms.angelonemf.com/amc-cms/wp-content/uploads/formidable/20/Monthly-portfolio-June-2025-Angel-One-Nifty-Total-Market-ETF-1.xlsx: 754 valid, 0 quarantined
2026-08-22 15:12:23,584 INFO backfill_amfi_monthly_portfolios: Processing 122/470: https://cms.angelonemf.com/amc-cms/wp-content/uploads/formidable/20/Monthly-portfolio-May-2025-Angel-One-Nifty-1D-Rate-Liquid-ETF-Growth-1.xlsx
2026-08-22 15:12:23,696 INFO backfill_amfi_monthly_portfolios: Downloaded https://cms.angelonemf.com/amc-cms/wp-content/uploads/formidable/20/Monthly-portfolio-May-2025-Angel-One-Nifty-1D-Rate-Liquid-ETF-Growth-1.xlsx: 149015 bytes (application/vnd.openxmlformats-officedocument.spreadsheetml.sheet)
2026-08-22 15:12:23,697 INFO mutual_fund_ingestion.agent.parser: Routing to parser=portfolio_monthly_amfi for dataset_type=portfolio_disclosure file_type=amfi_monthly_xlsx
2026-08-22 15:12:23,706 INFO backfill_amfi_monthly_portfolios: Parser portfolio_monthly_amfi: 1 records (confidence=0.80), 0 errors
2026-08-22 15:12:23,709 INFO backfill_amfi_monthly_portfolios: Validation https://cms.angelonemf.com/amc-cms/wp-content/uploads/formidable/20/Monthly-portfolio-May-2025-Angel-One-Nifty-1D-Rate-Liquid-ETF-Growth-1.xlsx: 1 valid, 0 quarantined
2026-08-22 15:12:25,224 INFO backfill_amfi_monthly_portfolios: Processing 123/470: https://cms.angelonemf.com/amc-cms/wp-content/uploads/formidable/20/Monthly-portfolio-May-2025-Angel-One-Nifty-50-ETF-1.xlsx
2026-08-22 15:12:25,448 INFO backfill_amfi_monthly_portfolios: Downloaded https://cms.angelonemf.com/amc-cms/wp-content/uploads/formidable/20/Monthly-portfolio-May-2025-Angel-One-Nifty-50-ETF-1.xlsx: 138828 bytes (application/vnd.openxmlformats-officedocument.spreadsheetml.sheet)
2026-08-22 15:12:25,448 INFO mutual_fund_ingestion.agent.parser: Routing to parser=portfolio_monthly_amfi for dataset_type=portfolio_disclosure file_type=amfi_monthly_xlsx
2026-08-22 15:12:25,457 INFO backfill_amfi_monthly_portfolios: Parser portfolio_monthly_amfi: 50 records (confidence=0.80), 0 errors
2026-08-22 15:12:25,463 INFO backfill_amfi_monthly_portfolios: Validation https://cms.angelonemf.com/amc-cms/wp-content/uploads/formidable/20/Monthly-portfolio-May-2025-Angel-One-Nifty-50-ETF-1.xlsx: 50 valid, 0 quarantined
2026-08-22 15:12:27,094 INFO backfill_amfi_monthly_portfolios: Processing 124/470: https://cms.angelonemf.com/amc-cms/wp-content/uploads/formidable/20/Monthly-portfolio-May-2025-Angel-One-Nifty-50-Index-Fund-2.xlsx
2026-08-22 15:12:27,202 INFO backfill_amfi_monthly_portfolios: Downloaded https://cms.angelonemf.com/amc-cms/wp-content/uploads/formidable/20/Monthly-portfolio-May-2025-Angel-One-Nifty-50-Index-Fund-2.xlsx: 143733 bytes (application/vnd.openxmlformats-officedocument.spreadsheetml.sheet)
2026-08-22 15:12:27,266 INFO mutual_fund_ingestion.agent.parser: Routing to parser=portfolio_monthly_amfi for dataset_type=portfolio_disclosure file_type=amfi_monthly_xlsx
2026-08-22 15:12:27,276 INFO backfill_amfi_monthly_portfolios: Parser portfolio_monthly_amfi: 51 records (confidence=0.80), 0 errors
2026-08-22 15:12:27,282 INFO backfill_amfi_monthly_portfolios: Validation https://cms.angelonemf.com/amc-cms/wp-content/uploads/formidable/20/Monthly-portfolio-May-2025-Angel-One-Nifty-50-Index-Fund-2.xlsx: 51 valid, 0 quarantined
2026-08-22 15:12:28,890 INFO backfill_amfi_monthly_portfolios: Processing 125/470: https://cms.angelonemf.com/amc-cms/wp-content/uploads/formidable/20/Monthly-portfolio-May-2025-Angel-One-Nifty-Total-Market-Index-Fund-1.xlsx
2026-08-22 15:12:29,107 INFO backfill_amfi_monthly_portfolios: Downloaded https://cms.angelonemf.com/amc-cms/wp-content/uploads/formidable/20/Monthly-portfolio-May-2025-Angel-One-Nifty-Total-Market-Index-Fund-1.xlsx: 204422 bytes (application/vnd.openxmlformats-officedocument.spreadsheetml.sheet)
2026-08-22 15:12:29,107 INFO mutual_fund_ingestion.agent.parser: Routing to parser=portfolio_monthly_amfi for dataset_type=portfolio_disclosure file_type=amfi_monthly_xlsx
2026-08-22 15:12:29,159 INFO backfill_amfi_monthly_portfolios: Parser portfolio_monthly_amfi: 757 records (confidence=0.80), 0 errors
2026-08-22 15:12:29,216 INFO backfill_amfi_monthly_portfolios: Validation https://cms.angelonemf.com/amc-cms/wp-content/uploads/formidable/20/Monthly-portfolio-May-2025-Angel-One-Nifty-Total-Market-Index-Fund-1.xlsx: 757 valid, 0 quarantined
2026-08-22 15:12:32,265 INFO backfill_amfi_monthly_portfolios: Processing 126/470: https://cms.angelonemf.com/amc-cms/wp-content/uploads/formidable/20/Monthly-portfolio-May-2025-Angel-One-Nifty-Total-Market-ETF-1.xlsx
2026-08-22 15:12:32,416 INFO backfill_amfi_monthly_portfolios: Downloaded https://cms.angelonemf.com/amc-cms/wp-content/uploads/formidable/20/Monthly-portfolio-May-2025-Angel-One-Nifty-Total-Market-ETF-1.xlsx: 204289 bytes (application/vnd.openxmlformats-officedocument.spreadsheetml.sheet)
2026-08-22 15:12:32,416 INFO mutual_fund_ingestion.agent.parser: Routing to parser=portfolio_monthly_amfi for dataset_type=portfolio_disclosure file_type=amfi_monthly_xlsx
2026-08-22 15:12:32,477 INFO backfill_amfi_monthly_portfolios: Parser portfolio_monthly_amfi: 756 records (confidence=0.80), 0 errors
2026-08-22 15:12:32,554 INFO backfill_amfi_monthly_portfolios: Validation https://cms.angelonemf.com/amc-cms/wp-content/uploads/formidable/20/Monthly-portfolio-May-2025-Angel-One-Nifty-Total-Market-ETF-1.xlsx: 756 valid, 0 quarantined
2026-08-22 15:12:37,011 INFO backfill_amfi_monthly_portfolios: Processing 127/470: https://cms.angelonemf.com/amc-cms/wp-content/uploads/formidable/20/Monthly-Portfolio-April-2025-Angel-One-Nifty-1D-Rate-Liquid-ETF-1.xlsx
2026-08-22 15:12:37,182 INFO backfill_amfi_monthly_portfolios: Downloaded https://cms.angelonemf.com/amc-cms/wp-content/uploads/formidable/20/Monthly-Portfolio-April-2025-Angel-One-Nifty-1D-Rate-Liquid-ETF-1.xlsx: 149349 bytes (application/vnd.openxmlformats-officedocument.spreadsheetml.sheet)
2026-08-22 15:12:37,182 INFO mutual_fund_ingestion.agent.parser: Routing to parser=portfolio_monthly_amfi for dataset_type=portfolio_disclosure file_type=amfi_monthly_xlsx
2026-08-22 15:12:37,189 INFO backfill_amfi_monthly_portfolios: Parser portfolio_monthly_amfi: 1 records (confidence=0.80), 0 errors
2026-08-22 15:12:37,191 INFO backfill_amfi_monthly_portfolios: Validation https://cms.angelonemf.com/amc-cms/wp-content/uploads/formidable/20/Monthly-Portfolio-April-2025-Angel-One-Nifty-1D-Rate-Liquid-ETF-1.xlsx: 1 valid, 0 quarantined
2026-08-22 15:12:38,702 INFO backfill_amfi_monthly_portfolios: Processing 128/470: https://cms.angelonemf.com/amc-cms/wp-content/uploads/formidable/20/Monthly-Portfolio-April-2025-Angel-One-Nifty-1D-Rate-Liquid-ETF-1-1.xlsx
2026-08-22 15:12:38,824 INFO backfill_amfi_monthly_portfolios: Downloaded https://cms.angelonemf.com/amc-cms/wp-content/uploads/formidable/20/Monthly-Portfolio-April-2025-Angel-One-Nifty-1D-Rate-Liquid-ETF-1-1.xlsx: 149349 bytes (application/vnd.openxmlformats-officedocument.spreadsheetml.sheet)
2026-08-22 15:12:38,825 INFO mutual_fund_ingestion.agent.parser: Routing to parser=portfolio_monthly_amfi for dataset_type=portfolio_disclosure file_type=amfi_monthly_xlsx
2026-08-22 15:12:38,834 INFO backfill_amfi_monthly_portfolios: Parser portfolio_monthly_amfi: 1 records (confidence=0.80), 0 errors
2026-08-22 15:12:38,857 INFO backfill_amfi_monthly_portfolios: Validation https://cms.angelonemf.com/amc-cms/wp-content/uploads/formidable/20/Monthly-Portfolio-April-2025-Angel-One-Nifty-1D-Rate-Liquid-ETF-1-1.xlsx: 1 valid, 0 quarantined
2026-08-22 15:12:40,368 INFO backfill_amfi_monthly_portfolios: Processing 129/470: https://cms.angelonemf.com/amc-cms/wp-content/uploads/formidable/20/Monthly-Portfolio-April-2025-Angel-One-Nifty-Total-Market-Index-Fund-1.xlsx
2026-08-22 15:12:40,544 INFO backfill_amfi_monthly_portfolios: Downloaded https://cms.angelonemf.com/amc-cms/wp-content/uploads/formidable/20/Monthly-Portfolio-April-2025-Angel-One-Nifty-Total-Market-Index-Fund-1.xlsx: 206071 bytes (application/vnd.openxmlformats-officedocument.spreadsheetml.sheet)
2026-08-22 15:12:40,544 INFO mutual_fund_ingestion.agent.parser: Routing to parser=portfolio_monthly_amfi for dataset_type=portfolio_disclosure file_type=amfi_monthly_xlsx
2026-08-22 15:12:40,601 INFO backfill_amfi_monthly_portfolios: Parser portfolio_monthly_amfi: 754 records (confidence=0.80), 0 errors
2026-08-22 15:12:40,666 INFO backfill_amfi_monthly_portfolios: Validation https://cms.angelonemf.com/amc-cms/wp-content/uploads/formidable/20/Monthly-Portfolio-April-2025-Angel-One-Nifty-Total-Market-Index-Fund-1.xlsx: 754 valid, 0 quarantined
2026-08-22 15:12:44,428 INFO backfill_amfi_monthly_portfolios: Processing 130/470: https://cms.angelonemf.com/amc-cms/wp-content/uploads/formidable/20/Monthly-Portfolio-April-2025-Angel-One-Nifty-Total-Market-ETF-1.xlsx
2026-08-22 15:12:44,574 INFO backfill_amfi_monthly_portfolios: Downloaded https://cms.angelonemf.com/amc-cms/wp-content/uploads/formidable/20/Monthly-Portfolio-April-2025-Angel-One-Nifty-Total-Market-ETF-1.xlsx: 205014 bytes (application/vnd.openxmlformats-officedocument.spreadsheetml.sheet)
2026-08-22 15:12:44,574 INFO mutual_fund_ingestion.agent.parser: Routing to parser=portfolio_monthly_amfi for dataset_type=portfolio_disclosure file_type=amfi_monthly_xlsx
2026-08-22 15:12:44,641 INFO backfill_amfi_monthly_portfolios: Parser portfolio_monthly_amfi: 753 records (confidence=0.80), 0 errors
2026-08-22 15:12:44,723 INFO backfill_amfi_monthly_portfolios: Validation https://cms.angelonemf.com/amc-cms/wp-content/uploads/formidable/20/Monthly-Portfolio-April-2025-Angel-One-Nifty-Total-Market-ETF-1.xlsx: 753 valid, 0 quarantined
2026-08-22 15:12:48,277 INFO backfill_amfi_monthly_portfolios: Processing 131/470: https://cms.angelonemf.com/amc-cms/wp-content/uploads/formidable/20/Monthly-Portfolio-April-2025-Angel-One-Nifty-Total-Market-Index-Fund-1-1.xlsx
2026-08-22 15:12:48,480 INFO backfill_amfi_monthly_portfolios: Downloaded https://cms.angelonemf.com/amc-cms/wp-content/uploads/formidable/20/Monthly-Portfolio-April-2025-Angel-One-Nifty-Total-Market-Index-Fund-1-1.xlsx: 206071 bytes (application/vnd.openxmlformats-officedocument.spreadsheetml.sheet)
2026-08-22 15:12:48,480 INFO mutual_fund_ingestion.agent.parser: Routing to parser=portfolio_monthly_amfi for dataset_type=portfolio_disclosure file_type=amfi_monthly_xlsx
2026-08-22 15:12:48,549 INFO backfill_amfi_monthly_portfolios: Parser portfolio_monthly_amfi: 754 records (confidence=0.80), 0 errors
2026-08-22 15:12:48,630 INFO backfill_amfi_monthly_portfolios: Validation https://cms.angelonemf.com/amc-cms/wp-content/uploads/formidable/20/Monthly-Portfolio-April-2025-Angel-One-Nifty-Total-Market-Index-Fund-1-1.xlsx: 754 valid, 0 quarantined
2026-08-22 15:12:51,294 INFO backfill_amfi_monthly_portfolios: Processing 132/470: https://cms.angelonemf.com/amc-cms/wp-content/uploads/formidable/20/Monthly-Portfolio-April-2025-Angel-One-Nifty-Total-Market-ETF-1-1.xlsx
2026-08-22 15:12:51,407 INFO backfill_amfi_monthly_portfolios: Downloaded https://cms.angelonemf.com/amc-cms/wp-content/uploads/formidable/20/Monthly-Portfolio-April-2025-Angel-One-Nifty-Total-Market-ETF-1-1.xlsx: 205014 bytes (application/vnd.openxmlformats-officedocument.spreadsheetml.sheet)
2026-08-22 15:12:51,407 INFO mutual_fund_ingestion.agent.parser: Routing to parser=portfolio_monthly_amfi for dataset_type=portfolio_disclosure file_type=amfi_monthly_xlsx
2026-08-22 15:12:51,463 INFO backfill_amfi_monthly_portfolios: Parser portfolio_monthly_amfi: 753 records (confidence=0.80), 0 errors
2026-08-22 15:12:51,529 INFO backfill_amfi_monthly_portfolios: Validation https://cms.angelonemf.com/amc-cms/wp-content/uploads/formidable/20/Monthly-Portfolio-April-2025-Angel-One-Nifty-Total-Market-ETF-1-1.xlsx: 753 valid, 0 quarantined
2026-08-22 15:12:53,601 INFO backfill_amfi_monthly_portfolios: Processing 133/470: https://cms.angelonemf.com/amc-cms/wp-content/uploads/formidable/20/Half-Yearly-Portfolio-Mar-2026-Angel-One-Nifty-Total-Market-ETF.xlsx
2026-08-22 15:12:53,768 INFO backfill_amfi_monthly_portfolios: Downloaded https://cms.angelonemf.com/amc-cms/wp-content/uploads/formidable/20/Half-Yearly-Portfolio-Mar-2026-Angel-One-Nifty-Total-Market-ETF.xlsx: 208408 bytes (application/vnd.openxmlformats-officedocument.spreadsheetml.sheet)
2026-08-22 15:12:53,768 INFO mutual_fund_ingestion.agent.parser: Routing to parser=portfolio_monthly_amfi for dataset_type=portfolio_disclosure file_type=amfi_monthly_xlsx
2026-08-22 15:12:53,827 INFO backfill_amfi_monthly_portfolios: Parser portfolio_monthly_amfi: 752 records (confidence=0.80), 0 errors
2026-08-22 15:12:53,902 INFO backfill_amfi_monthly_portfolios: Validation https://cms.angelonemf.com/amc-cms/wp-content/uploads/formidable/20/Half-Yearly-Portfolio-Mar-2026-Angel-One-Nifty-Total-Market-ETF.xlsx: 752 valid, 0 quarantined
2026-08-22 15:12:56,088 INFO backfill_amfi_monthly_portfolios: Processing 134/470: https://cms.angelonemf.com/amc-cms/wp-content/uploads/formidable/20/Half-Yearly-Portfolio-Mar-2026-Angel-One-Nifty-Total-Market-Index-Fund.xlsx
2026-08-22 15:12:56,219 INFO backfill_amfi_monthly_portfolios: Downloaded https://cms.angelonemf.com/amc-cms/wp-content/uploads/formidable/20/Half-Yearly-Portfolio-Mar-2026-Angel-One-Nifty-Total-Market-Index-Fund.xlsx: 208039 bytes (application/vnd.openxmlformats-officedocument.spreadsheetml.sheet)
2026-08-22 15:12:56,219 INFO mutual_fund_ingestion.agent.parser: Routing to parser=portfolio_monthly_amfi for dataset_type=portfolio_disclosure file_type=amfi_monthly_xlsx
2026-08-22 15:12:56,291 INFO backfill_amfi_monthly_portfolios: Parser portfolio_monthly_amfi: 752 records (confidence=0.80), 0 errors
2026-08-22 15:12:56,375 INFO backfill_amfi_monthly_portfolios: Validation https://cms.angelonemf.com/amc-cms/wp-content/uploads/formidable/20/Half-Yearly-Portfolio-Mar-2026-Angel-One-Nifty-Total-Market-Index-Fund.xlsx: 752 valid, 0 quarantined
2026-08-22 15:12:59,174 INFO backfill_amfi_monthly_portfolios: Processing 135/470: https://cms.angelonemf.com/amc-cms/wp-content/uploads/formidable/20/Half-Yearly-Portfolio-Mar-2026-Angel-One-Nifty-Total-Market-Momentum-Quality-50-ETF.xlsx
2026-08-22 15:12:59,285 INFO backfill_amfi_monthly_portfolios: Downloaded https://cms.angelonemf.com/amc-cms/wp-content/uploads/formidable/20/Half-Yearly-Portfolio-Mar-2026-Angel-One-Nifty-Total-Market-Momentum-Quality-50-ETF.xlsx: 163641 bytes (application/vnd.openxmlformats-officedocument.spreadsheetml.sheet)
2026-08-22 15:12:59,285 INFO mutual_fund_ingestion.agent.parser: Routing to parser=portfolio_monthly_amfi for dataset_type=portfolio_disclosure file_type=amfi_monthly_xlsx
2026-08-22 15:12:59,301 INFO backfill_amfi_monthly_portfolios: Parser portfolio_monthly_amfi: 51 records (confidence=0.80), 0 errors
2026-08-22 15:12:59,314 INFO backfill_amfi_monthly_portfolios: Validation https://cms.angelonemf.com/amc-cms/wp-content/uploads/formidable/20/Half-Yearly-Portfolio-Mar-2026-Angel-One-Nifty-Total-Market-Momentum-Quality-50-ETF.xlsx: 51 valid, 0 quarantined
2026-08-22 15:13:00,886 INFO backfill_amfi_monthly_portfolios: Processing 136/470: https://cms.angelonemf.com/amc-cms/wp-content/uploads/formidable/20/Half-Yearly-Portfolio-Mar-2026-Angel-One-Nifty-Total-Market-Momentum-Quality-50-Index.xlsx
2026-08-22 15:13:01,273 INFO backfill_amfi_monthly_portfolios: Downloaded https://cms.angelonemf.com/amc-cms/wp-content/uploads/formidable/20/Half-Yearly-Portfolio-Mar-2026-Angel-One-Nifty-Total-Market-Momentum-Quality-50-Index.xlsx: 165914 bytes (application/vnd.openxmlformats-officedocument.spreadsheetml.sheet)
2026-08-22 15:13:01,273 INFO mutual_fund_ingestion.agent.parser: Routing to parser=portfolio_monthly_amfi for dataset_type=portfolio_disclosure file_type=amfi_monthly_xlsx
2026-08-22 15:13:01,293 INFO backfill_amfi_monthly_portfolios: Parser portfolio_monthly_amfi: 51 records (confidence=0.80), 0 errors
2026-08-22 15:13:01,303 INFO backfill_amfi_monthly_portfolios: Validation https://cms.angelonemf.com/amc-cms/wp-content/uploads/formidable/20/Half-Yearly-Portfolio-Mar-2026-Angel-One-Nifty-Total-Market-Momentum-Quality-50-Index.xlsx: 51 valid, 0 quarantined
2026-08-22 15:13:06,235 INFO backfill_amfi_monthly_portfolios: Processing 137/470: https://cms.angelonemf.com/amc-cms/wp-content/uploads/formidable/20/Half-Yearly-Portfolio-Sep-2025-Angel-One-Nifty-Total-Market-ETF-1.xlsx
2026-08-22 15:13:06,462 INFO backfill_amfi_monthly_portfolios: Downloaded https://cms.angelonemf.com/amc-cms/wp-content/uploads/formidable/20/Half-Yearly-Portfolio-Sep-2025-Angel-One-Nifty-Total-Market-ETF-1.xlsx: 205369 bytes (application/vnd.openxmlformats-officedocument.spreadsheetml.sheet)
2026-08-22 15:13:06,462 INFO mutual_fund_ingestion.agent.parser: Routing to parser=portfolio_monthly_amfi for dataset_type=portfolio_disclosure file_type=amfi_monthly_xlsx
2026-08-22 15:13:06,539 INFO backfill_amfi_monthly_portfolios: Parser portfolio_monthly_amfi: 753 records (confidence=0.80), 0 errors
2026-08-22 15:13:06,715 INFO backfill_amfi_monthly_portfolios: Validation https://cms.angelonemf.com/amc-cms/wp-content/uploads/formidable/20/Half-Yearly-Portfolio-Sep-2025-Angel-One-Nifty-Total-Market-ETF-1.xlsx: 753 valid, 0 quarantined
2026-08-22 15:13:09,178 INFO backfill_amfi_monthly_portfolios: Processing 138/470: https://cms.angelonemf.com/amc-cms/wp-content/uploads/formidable/20/Half-Yearly-Portfolio-Sep-2025-Angel-One-Nifty-Total-Market-Index-Fund-1.xlsx
2026-08-22 15:13:09,503 INFO backfill_amfi_monthly_portfolios: Downloaded https://cms.angelonemf.com/amc-cms/wp-content/uploads/formidable/20/Half-Yearly-Portfolio-Sep-2025-Angel-One-Nifty-Total-Market-Index-Fund-1.xlsx: 205154 bytes (application/vnd.openxmlformats-officedocument.spreadsheetml.sheet)
2026-08-22 15:13:09,503 INFO mutual_fund_ingestion.agent.parser: Routing to parser=portfolio_monthly_amfi for dataset_type=portfolio_disclosure file_type=amfi_monthly_xlsx
2026-08-22 15:13:09,561 INFO backfill_amfi_monthly_portfolios: Parser portfolio_monthly_amfi: 753 records (confidence=0.80), 0 errors
2026-08-22 15:13:09,627 INFO backfill_amfi_monthly_portfolios: Validation https://cms.angelonemf.com/amc-cms/wp-content/uploads/formidable/20/Half-Yearly-Portfolio-Sep-2025-Angel-One-Nifty-Total-Market-Index-Fund-1.xlsx: 753 valid, 0 quarantined
2026-08-22 15:13:11,704 INFO backfill_amfi_monthly_portfolios: Processing 139/470: https://cms.angelonemf.com/amc-cms/wp-content/uploads/formidable/20/Monthly-Portfolio-March-2025-Angel-One-Nifty-Total-Market-Index-Fund-1.xlsx
2026-08-22 15:13:11,841 INFO backfill_amfi_monthly_portfolios: Downloaded https://cms.angelonemf.com/amc-cms/wp-content/uploads/formidable/20/Monthly-Portfolio-March-2025-Angel-One-Nifty-Total-Market-Index-Fund-1.xlsx: 203576 bytes (application/vnd.openxmlformats-officedocument.spreadsheetml.sheet)
2026-08-22 15:13:11,841 INFO mutual_fund_ingestion.agent.parser: Routing to parser=portfolio_monthly_amfi for dataset_type=portfolio_disclosure file_type=amfi_monthly_xlsx
2026-08-22 15:13:11,902 INFO backfill_amfi_monthly_portfolios: Parser portfolio_monthly_amfi: 750 records (confidence=0.80), 0 errors
2026-08-22 15:13:11,970 INFO backfill_amfi_monthly_portfolios: Validation https://cms.angelonemf.com/amc-cms/wp-content/uploads/formidable/20/Monthly-Portfolio-March-2025-Angel-One-Nifty-Total-Market-Index-Fund-1.xlsx: 750 valid, 0 quarantined
2026-08-22 15:13:16,750 INFO backfill_amfi_monthly_portfolios: Processing 140/470: https://cms.angelonemf.com/amc-cms/wp-content/uploads/formidable/20/Monthly-Portfolio-March-2025-Angel-One-Nifty-Total-Market-ETF-1.xlsx
2026-08-22 15:13:16,866 INFO backfill_amfi_monthly_portfolios: Downloaded https://cms.angelonemf.com/amc-cms/wp-content/uploads/formidable/20/Monthly-Portfolio-March-2025-Angel-One-Nifty-Total-Market-ETF-1.xlsx: 203488 bytes (application/vnd.openxmlformats-officedocument.spreadsheetml.sheet)
2026-08-22 15:13:16,866 INFO mutual_fund_ingestion.agent.parser: Routing to parser=portfolio_monthly_amfi for dataset_type=portfolio_disclosure file_type=amfi_monthly_xlsx
2026-08-22 15:13:16,930 INFO backfill_amfi_monthly_portfolios: Parser portfolio_monthly_amfi: 750 records (confidence=0.80), 0 errors
2026-08-22 15:13:17,011 INFO backfill_amfi_monthly_portfolios: Validation https://cms.angelonemf.com/amc-cms/wp-content/uploads/formidable/20/Monthly-Portfolio-March-2025-Angel-One-Nifty-Total-Market-ETF-1.xlsx: 750 valid, 0 quarantined
2026-08-22 15:13:20,549 INFO backfill_amfi_monthly_portfolios: Processing 141/470: https://cms.angelonemf.com/amc-cms/wp-content/uploads/formidable/20/Monthly-Portfolio-March-2025-Angel-One-Nifty-1D-rate-Liquid-ETF-1.xlsx
2026-08-22 15:13:20,714 INFO backfill_amfi_monthly_portfolios: Downloaded https://cms.angelonemf.com/amc-cms/wp-content/uploads/formidable/20/Monthly-Portfolio-March-2025-Angel-One-Nifty-1D-rate-Liquid-ETF-1.xlsx: 148221 bytes (application/vnd.openxmlformats-officedocument.spreadsheetml.sheet)
2026-08-22 15:13:20,714 INFO mutual_fund_ingestion.agent.parser: Routing to parser=portfolio_monthly_amfi for dataset_type=portfolio_disclosure file_type=amfi_monthly_xlsx
2026-08-22 15:13:20,722 INFO backfill_amfi_monthly_portfolios: Parser portfolio_monthly_amfi: 1 records (confidence=0.80), 0 errors
2026-08-22 15:13:20,724 INFO backfill_amfi_monthly_portfolios: Validation https://cms.angelonemf.com/amc-cms/wp-content/uploads/formidable/20/Monthly-Portfolio-March-2025-Angel-One-Nifty-1D-rate-Liquid-ETF-1.xlsx: 1 valid, 0 quarantined
2026-08-22 15:13:22,239 INFO backfill_amfi_monthly_portfolios: Processing 142/470: https://cms.angelonemf.com/amc-cms/wp-content/uploads/formidable/20/Half-Yearly-portfolio-March-2025-Angel-One-Nifty-Total-Market-Index-Fund-1.xlsx
2026-08-22 15:13:22,392 INFO backfill_amfi_monthly_portfolios: Downloaded https://cms.angelonemf.com/amc-cms/wp-content/uploads/formidable/20/Half-Yearly-portfolio-March-2025-Angel-One-Nifty-Total-Market-Index-Fund-1.xlsx: 202719 bytes (application/vnd.openxmlformats-officedocument.spreadsheetml.sheet)
2026-08-22 15:13:22,392 INFO mutual_fund_ingestion.agent.parser: Routing to parser=portfolio_monthly_amfi for dataset_type=portfolio_disclosure file_type=amfi_monthly_xlsx
2026-08-22 15:13:22,457 INFO backfill_amfi_monthly_portfolios: Parser portfolio_monthly_amfi: 750 records (confidence=0.80), 0 errors
2026-08-22 15:13:22,546 INFO backfill_amfi_monthly_portfolios: Validation https://cms.angelonemf.com/amc-cms/wp-content/uploads/formidable/20/Half-Yearly-portfolio-March-2025-Angel-One-Nifty-Total-Market-Index-Fund-1.xlsx: 750 valid, 0 quarantined
2026-08-22 15:13:25,380 INFO backfill_amfi_monthly_portfolios: Processing 143/470: https://cms.angelonemf.com/amc-cms/wp-content/uploads/formidable/20/Half-Yearly-portfolio-March-2025-Angel-One-Nifty-Total-Market-ETF-1.xlsx
2026-08-22 15:13:25,493 INFO backfill_amfi_monthly_portfolios: Downloaded https://cms.angelonemf.com/amc-cms/wp-content/uploads/formidable/20/Half-Yearly-portfolio-March-2025-Angel-One-Nifty-Total-Market-ETF-1.xlsx: 203115 bytes (application/vnd.openxmlformats-officedocument.spreadsheetml.sheet)
2026-08-22 15:13:25,493 INFO mutual_fund_ingestion.agent.parser: Routing to parser=portfolio_monthly_amfi for dataset_type=portfolio_disclosure file_type=amfi_monthly_xlsx
2026-08-22 15:13:25,557 INFO backfill_amfi_monthly_portfolios: Parser portfolio_monthly_amfi: 750 records (confidence=0.80), 0 errors
2026-08-22 15:13:25,630 INFO backfill_amfi_monthly_portfolios: Validation https://cms.angelonemf.com/amc-cms/wp-content/uploads/formidable/20/Half-Yearly-portfolio-March-2025-Angel-One-Nifty-Total-Market-ETF-1.xlsx: 750 valid, 0 quarantined
2026-08-22 15:13:28,423 INFO backfill_amfi_monthly_portfolios: Processing 144/470: https://www.barodabnpparibasmf.in/assets/download_documents/BOBBNPMF_Monthly_Portfolio_31-07-2026_19490.xls
2026-08-22 15:13:43,610 INFO backfill_amfi_monthly_portfolios: Downloaded https://www.barodabnpparibasmf.in/assets/download_documents/BOBBNPMF_Monthly_Portfolio_31-07-2026_19490.xls: 14743317 bytes (application/vnd.ms-excel)
2026-08-22 15:13:43,610 INFO mutual_fund_ingestion.agent.parser: Routing to parser=portfolio_monthly_amfi for dataset_type=portfolio_disclosure file_type=amfi_monthly_xls
2026-08-22 15:13:44,148 INFO backfill_amfi_monthly_portfolios: Parser portfolio_monthly_amfi: 2157 records (confidence=0.80), 0 errors
2026-08-22 15:13:44,436 WARNING mutual_fund_ingestion.agent.validate: snapshot_pct_sum out of range [85.0, 115.0]: scheme='Baroda BNP Paribas Arbitrage Fund' reporting_date='2026-07-31' pct_sum=72.61 n_records=83
2026-08-22 15:13:44,436 WARNING mutual_fund_ingestion.agent.validate: snapshot_pct_sum out of range [85.0, 115.0]: scheme='Baroda BNP Paribas Equity Savings Fund' reporting_date='2026-07-31' pct_sum=67.74 n_records=51
2026-08-22 15:13:44,436 INFO backfill_amfi_monthly_portfolios: Validation https://www.barodabnpparibasmf.in/assets/download_documents/BOBBNPMF_Monthly_Portfolio_31-07-2026_19490.xls: 2157 valid, 0 quarantined
2026-08-22 15:13:52,725 INFO backfill_amfi_monthly_portfolios: Processing 145/470: https://www.dspim.com/media/pages/mandatory-disclosures/portfolio-disclosures/415e8731e8-1787239919/dsp-isin-debt-fortnightly-portfolio-as-on-15-aug-2026.xlsx
2026-08-22 15:13:52,952 INFO backfill_amfi_monthly_portfolios: Downloaded https://www.dspim.com/media/pages/mandatory-disclosures/portfolio-disclosures/415e8731e8-1787239919/dsp-isin-debt-fortnightly-portfolio-as-on-15-aug-2026.xlsx: 455869 bytes (application/vnd.openxmlformats-officedocument.spreadsheetml.sheet)
2026-08-22 15:13:52,953 INFO mutual_fund_ingestion.agent.parser: Routing to parser=portfolio_monthly_amfi for dataset_type=portfolio_disclosure file_type=amfi_monthly_xlsx
2026-08-22 15:13:53,229 INFO backfill_amfi_monthly_portfolios: Parser portfolio_monthly_amfi: 873 records (confidence=0.80), 0 errors
2026-08-22 15:13:53,329 WARNING mutual_fund_ingestion.agent.validate: snapshot_pct_sum out of range [85.0, 115.0]: scheme='DSP Overnight Fund' reporting_date='2026-08-15' pct_sum=18.13 n_records=5
2026-08-22 15:13:53,329 INFO backfill_amfi_monthly_portfolios: Validation https://www.dspim.com/media/pages/mandatory-disclosures/portfolio-disclosures/415e8731e8-1787239919/dsp-isin-debt-fortnightly-portfolio-as-on-15-aug-2026.xlsx: 873 valid, 0 quarantined
2026-08-22 15:13:56,509 INFO backfill_amfi_monthly_portfolios: Processing 146/470: https://www.dspim.com/media/pages/mandatory-disclosures/portfolio-disclosures/eec54eb443-1785950917/dsp-isin-debt-portfolio-as-on-31-jul-2026.xlsx
2026-08-22 15:13:57,058 INFO backfill_amfi_monthly_portfolios: Downloaded https://www.dspim.com/media/pages/mandatory-disclosures/portfolio-disclosures/eec54eb443-1785950917/dsp-isin-debt-portfolio-as-on-31-jul-2026.xlsx: 450580 bytes (application/vnd.openxmlformats-officedocument.spreadsheetml.sheet)
2026-08-22 15:13:57,058 INFO mutual_fund_ingestion.agent.parser: Routing to parser=portfolio_monthly_amfi for dataset_type=portfolio_disclosure file_type=amfi_monthly_xlsx
2026-08-22 15:13:57,331 INFO backfill_amfi_monthly_portfolios: Parser portfolio_monthly_amfi: 851 records (confidence=0.80), 0 errors
2026-08-22 15:13:57,424 WARNING mutual_fund_ingestion.agent.validate: snapshot_pct_sum out of range [85.0, 115.0]: scheme='DSP Overnight Fund' reporting_date='2026-07-31' pct_sum=6.24 n_records=4
2026-08-22 15:13:57,424 INFO backfill_amfi_monthly_portfolios: Validation https://www.dspim.com/media/pages/mandatory-disclosures/portfolio-disclosures/eec54eb443-1785950917/dsp-isin-debt-portfolio-as-on-31-jul-2026.xlsx: 851 valid, 0 quarantined
2026-08-22 15:14:00,212 INFO backfill_amfi_monthly_portfolios: Processing 147/470: https://www.dspim.com/media/pages/mandatory-disclosures/portfolio-disclosures/0448906466-1784552387/dsp-isin-debt-fortnightly-portfolio-as-on-15-jul-2026.xlsx
2026-08-22 15:14:00,313 INFO backfill_amfi_monthly_portfolios: Downloaded https://www.dspim.com/media/pages/mandatory-disclosures/portfolio-disclosures/0448906466-1784552387/dsp-isin-debt-fortnightly-portfolio-as-on-15-jul-2026.xlsx: 459184 bytes (application/vnd.openxmlformats-officedocument.spreadsheetml.sheet)
2026-08-22 15:14:00,313 INFO mutual_fund_ingestion.agent.parser: Routing to parser=portfolio_monthly_amfi for dataset_type=portfolio_disclosure file_type=amfi_monthly_xlsx
2026-08-22 15:14:00,595 INFO backfill_amfi_monthly_portfolios: Parser portfolio_monthly_amfi: 830 records (confidence=0.80), 0 errors
2026-08-22 15:14:00,682 WARNING mutual_fund_ingestion.agent.validate: snapshot_pct_sum out of range [85.0, 115.0]: scheme='DSP Overnight Fund' reporting_date='2026-07-15' pct_sum=10.69 n_records=7
2026-08-22 15:14:00,682 INFO backfill_amfi_monthly_portfolios: Validation https://www.dspim.com/media/pages/mandatory-disclosures/portfolio-disclosures/0448906466-1784552387/dsp-isin-debt-fortnightly-portfolio-as-on-15-jul-2026.xlsx: 830 valid, 0 quarantined
2026-08-22 15:14:03,286 INFO backfill_amfi_monthly_portfolios: Processing 148/470: https://www.dspim.com/media/pages/mandatory-disclosures/portfolio-disclosures/6aa16cc3eb-1783255224/dsp-isin-debt-portfolio-as-on-30-jun-2026.xlsx
2026-08-22 15:14:03,392 INFO backfill_amfi_monthly_portfolios: Downloaded https://www.dspim.com/media/pages/mandatory-disclosures/portfolio-disclosures/6aa16cc3eb-1783255224/dsp-isin-debt-portfolio-as-on-30-jun-2026.xlsx: 443056 bytes (application/vnd.openxmlformats-officedocument.spreadsheetml.sheet)
2026-08-22 15:14:03,393 INFO mutual_fund_ingestion.agent.parser: Routing to parser=portfolio_monthly_amfi for dataset_type=portfolio_disclosure file_type=amfi_monthly_xlsx
2026-08-22 15:14:03,610 INFO backfill_amfi_monthly_portfolios: Parser portfolio_monthly_amfi: 808 records (confidence=0.80), 0 errors
2026-08-22 15:14:03,681 WARNING mutual_fund_ingestion.agent.validate: snapshot_pct_sum out of range [85.0, 115.0]: scheme='DSP Gilt Fund' reporting_date='2026-06-30' pct_sum=84.13 n_records=12
2026-08-22 15:14:03,681 WARNING mutual_fund_ingestion.agent.validate: snapshot_pct_sum out of range [85.0, 115.0]: scheme='DSP Overnight Fund' reporting_date='2026-06-30' pct_sum=23.1 n_records=7
2026-08-22 15:14:03,681 WARNING mutual_fund_ingestion.agent.validate: snapshot_pct_sum out of range [85.0, 115.0]: scheme='DSP Floater Fund' reporting_date='2026-06-30' pct_sum=84.27 n_records=12
2026-08-22 15:14:03,681 INFO backfill_amfi_monthly_portfolios: Validation https://www.dspim.com/media/pages/mandatory-disclosures/portfolio-disclosures/6aa16cc3eb-1783255224/dsp-isin-debt-portfolio-as-on-30-jun-2026.xlsx: 808 valid, 0 quarantined
2026-08-22 15:14:06,145 INFO backfill_amfi_monthly_portfolios: Processing 149/470: https://www.dspim.com/media/pages/mandatory-disclosures/portfolio-disclosures/cdabf52dd7-1781955085/dsp-isin-debt-fortnightly-portfolio-as-on-15-jun-2026.xlsx
2026-08-22 15:14:06,260 INFO backfill_amfi_monthly_portfolios: Downloaded https://www.dspim.com/media/pages/mandatory-disclosures/portfolio-disclosures/cdabf52dd7-1781955085/dsp-isin-debt-fortnightly-portfolio-as-on-15-jun-2026.xlsx: 445376 bytes (application/vnd.openxmlformats-officedocument.spreadsheetml.sheet)
2026-08-22 15:14:06,260 INFO mutual_fund_ingestion.agent.parser: Routing to parser=portfolio_monthly_amfi for dataset_type=portfolio_disclosure file_type=amfi_monthly_xlsx
2026-08-22 15:14:06,448 INFO backfill_amfi_monthly_portfolios: Parser portfolio_monthly_amfi: 822 records (confidence=0.80), 0 errors
2026-08-22 15:14:06,519 WARNING mutual_fund_ingestion.agent.validate: snapshot_pct_sum out of range [85.0, 115.0]: scheme='DSP Overnight Fund' reporting_date='2026-06-15' pct_sum=29.92 n_records=8
2026-08-22 15:14:06,519 INFO backfill_amfi_monthly_portfolios: Validation https://www.dspim.com/media/pages/mandatory-disclosures/portfolio-disclosures/cdabf52dd7-1781955085/dsp-isin-debt-fortnightly-portfolio-as-on-15-jun-2026.xlsx: 822 valid, 0 quarantined
2026-08-22 15:14:08,898 INFO backfill_amfi_monthly_portfolios: Processing 150/470: https://www.dspim.com/media/pages/mandatory-disclosures/portfolio-disclosures/194377cdad-1781093278/dsp-isin-debt-portfolio-as-on-31-may-2026.zip
2026-08-22 15:14:09,226 INFO backfill_amfi_monthly_portfolios: Downloaded https://www.dspim.com/media/pages/mandatory-disclosures/portfolio-disclosures/194377cdad-1781093278/dsp-isin-debt-portfolio-as-on-31-may-2026.zip: 935275 bytes (application/zip)
2026-08-22 15:14:09,226 INFO mutual_fund_ingestion.agent.parser: Routing to parser=portfolio_monthly_amfi for dataset_type=portfolio_disclosure file_type=amfi_monthly_xlsx
2026-08-22 15:14:09,226 INFO backfill_amfi_monthly_portfolios: Parser portfolio_monthly_amfi: 0 records (confidence=0.00), 1 errors
2026-08-22 15:14:10,731 INFO backfill_amfi_monthly_portfolios: Processing 151/470: https://www.dspim.com/media/pages/mandatory-disclosures/portfolio-disclosures/e89133ab20-1779284364/dsp-isin-debt-fortnightly-portfolio-as-on-15-may-2026.zip
2026-08-22 15:14:10,858 INFO backfill_amfi_monthly_portfolios: Downloaded https://www.dspim.com/media/pages/mandatory-disclosures/portfolio-disclosures/e89133ab20-1779284364/dsp-isin-debt-fortnightly-portfolio-as-on-15-may-2026.zip: 684887 bytes (application/zip)
2026-08-22 15:14:10,858 INFO mutual_fund_ingestion.agent.parser: Routing to parser=portfolio_monthly_amfi for dataset_type=portfolio_disclosure file_type=amfi_monthly_xlsx
2026-08-22 15:14:10,858 INFO backfill_amfi_monthly_portfolios: Parser portfolio_monthly_amfi: 0 records (confidence=0.00), 1 errors
2026-08-22 15:14:12,363 INFO backfill_amfi_monthly_portfolios: Processing 152/470: https://www.dspim.com/media/pages/mandatory-disclosures/portfolio-disclosures/94a605d3fe-1778002916/dsp-isin-debt-fortnightly-portfolio-as-on-30-apr-2026.zip
2026-08-22 15:14:12,502 INFO backfill_amfi_monthly_portfolios: Downloaded https://www.dspim.com/media/pages/mandatory-disclosures/portfolio-disclosures/94a605d3fe-1778002916/dsp-isin-debt-fortnightly-portfolio-as-on-30-apr-2026.zip: 694433 bytes (application/zip)
2026-08-22 15:14:12,502 INFO mutual_fund_ingestion.agent.parser: Routing to parser=portfolio_monthly_amfi for dataset_type=portfolio_disclosure file_type=amfi_monthly_xlsx
2026-08-22 15:14:12,502 INFO backfill_amfi_monthly_portfolios: Parser portfolio_monthly_amfi: 0 records (confidence=0.00), 1 errors
2026-08-22 15:14:14,004 INFO backfill_amfi_monthly_portfolios: Processing 153/470: https://www.dspim.com/media/pages/mandatory-disclosures/portfolio-disclosures/32dad9bfe6-1776709859/dsp-isin-debt-fortnightly-portfolio-as-on-15-apr-2026.zip
2026-08-22 15:14:14,245 INFO backfill_amfi_monthly_portfolios: Downloaded https://www.dspim.com/media/pages/mandatory-disclosures/portfolio-disclosures/32dad9bfe6-1776709859/dsp-isin-debt-fortnightly-portfolio-as-on-15-apr-2026.zip: 1676421 bytes (application/zip)
2026-08-22 15:14:14,245 INFO mutual_fund_ingestion.agent.parser: Routing to parser=portfolio_monthly_amfi for dataset_type=portfolio_disclosure file_type=amfi_monthly_xlsx
2026-08-22 15:14:14,245 INFO backfill_amfi_monthly_portfolios: Parser portfolio_monthly_amfi: 0 records (confidence=0.00), 1 errors
2026-08-22 15:14:15,748 INFO backfill_amfi_monthly_portfolios: Processing 154/470: https://www.dspim.com/media/pages/mandatory-disclosures/portfolio-disclosures/fcbf60579a-1775404489/dsp-isin-debt-portfolio-as-on-31-mar-2026.xlsx
2026-08-22 15:14:15,838 INFO backfill_amfi_monthly_portfolios: Downloaded https://www.dspim.com/media/pages/mandatory-disclosures/portfolio-disclosures/fcbf60579a-1775404489/dsp-isin-debt-portfolio-as-on-31-mar-2026.xlsx: 403246 bytes (application/vnd.openxmlformats-officedocument.spreadsheetml.sheet)
2026-08-22 15:14:15,838 INFO mutual_fund_ingestion.agent.parser: Routing to parser=portfolio_monthly_amfi for dataset_type=portfolio_disclosure file_type=amfi_monthly_xlsx
2026-08-22 15:14:16,007 INFO backfill_amfi_monthly_portfolios: Parser portfolio_monthly_amfi: 784 records (confidence=0.80), 0 errors
2026-08-22 15:14:16,074 WARNING mutual_fund_ingestion.agent.validate: snapshot_pct_sum out of range [85.0, 115.0]: scheme='DSP Liquidity Fund' reporting_date='2026-03-31' pct_sum=121.03 n_records=105
2026-08-22 15:14:16,074 WARNING mutual_fund_ingestion.agent.validate: snapshot_pct_sum out of range [85.0, 115.0]: scheme='DSP Overnight Fund' reporting_date='2026-03-31' pct_sum=17.28 n_records=5
2026-08-22 15:14:16,074 INFO backfill_amfi_monthly_portfolios: Validation https://www.dspim.com/media/pages/mandatory-disclosures/portfolio-disclosures/fcbf60579a-1775404489/dsp-isin-debt-portfolio-as-on-31-mar-2026.xlsx: 784 valid, 0 quarantined
2026-08-22 15:14:19,409 INFO backfill_amfi_monthly_portfolios: Processing 155/470: https://www.dspim.com/media/pages/mandatory-disclosures/portfolio-disclosures/34923fdd01-1773998072/dsp-isin-debt-fortnightly-portfolio-as-on-15-mar-2026.xlsx
2026-08-22 15:14:20,387 INFO backfill_amfi_monthly_portfolios: Downloaded https://www.dspim.com/media/pages/mandatory-disclosures/portfolio-disclosures/34923fdd01-1773998072/dsp-isin-debt-fortnightly-portfolio-as-on-15-mar-2026.xlsx: 403000 bytes (application/vnd.openxmlformats-officedocument.spreadsheetml.sheet)
2026-08-22 15:14:20,387 INFO mutual_fund_ingestion.agent.parser: Routing to parser=portfolio_monthly_amfi for dataset_type=portfolio_disclosure file_type=amfi_monthly_xlsx
2026-08-22 15:14:20,591 INFO backfill_amfi_monthly_portfolios: Parser portfolio_monthly_amfi: 788 records (confidence=0.80), 0 errors
2026-08-22 15:14:20,674 WARNING mutual_fund_ingestion.agent.validate: snapshot_pct_sum out of range [85.0, 115.0]: scheme='DSP Credit Risk Fund' reporting_date='2026-03-15' pct_sum=81.6 n_records=19
2026-08-22 15:14:20,674 WARNING mutual_fund_ingestion.agent.validate: snapshot_pct_sum out of range [85.0, 115.0]: scheme='DSP Overnight Fund' reporting_date='2026-03-15' pct_sum=25.66 n_records=9
2026-08-22 15:14:20,674 INFO backfill_amfi_monthly_portfolios: Validation https://www.dspim.com/media/pages/mandatory-disclosures/portfolio-disclosures/34923fdd01-1773998072/dsp-isin-debt-fortnightly-portfolio-as-on-15-mar-2026.xlsx: 788 valid, 0 quarantined
2026-08-22 15:14:24,814 INFO backfill_amfi_monthly_portfolios: Processing 156/470: https://www.dspim.com/media/pages/mandatory-disclosures/portfolio-disclosures/15a440a099-1772724988/dsp-isin-debt-fortnightly-portfolio-as-on-28-feb-2026.xlsx
2026-08-22 15:14:24,937 INFO backfill_amfi_monthly_portfolios: Downloaded https://www.dspim.com/media/pages/mandatory-disclosures/portfolio-disclosures/15a440a099-1772724988/dsp-isin-debt-fortnightly-portfolio-as-on-28-feb-2026.xlsx: 403151 bytes (application/vnd.openxmlformats-officedocument.spreadsheetml.sheet)
2026-08-22 15:14:24,937 INFO mutual_fund_ingestion.agent.parser: Routing to parser=portfolio_monthly_amfi for dataset_type=portfolio_disclosure file_type=amfi_monthly_xlsx
2026-08-22 15:14:25,103 INFO backfill_amfi_monthly_portfolios: Parser portfolio_monthly_amfi: 802 records (confidence=0.80), 0 errors
2026-08-22 15:14:25,180 WARNING mutual_fund_ingestion.agent.validate: snapshot_pct_sum out of range [85.0, 115.0]: scheme='DSP Overnight Fund' reporting_date='2026-02-28' pct_sum=8.26 n_records=7
2026-08-22 15:14:25,181 INFO backfill_amfi_monthly_portfolios: Validation https://www.dspim.com/media/pages/mandatory-disclosures/portfolio-disclosures/15a440a099-1772724988/dsp-isin-debt-fortnightly-portfolio-as-on-28-feb-2026.xlsx: 802 valid, 0 quarantined
2026-08-22 15:14:28,219 INFO backfill_amfi_monthly_portfolios: Processing 157/470: https://www.dspim.com/media/pages/mandatory-disclosures/portfolio-disclosures/180a6a1e4e-1771517150/dsp-isin-debt-fortnightly-portfolio-as-on-15-feb-2026.xlsx
2026-08-22 15:14:28,313 INFO backfill_amfi_monthly_portfolios: Downloaded https://www.dspim.com/media/pages/mandatory-disclosures/portfolio-disclosures/180a6a1e4e-1771517150/dsp-isin-debt-fortnightly-portfolio-as-on-15-feb-2026.xlsx: 402285 bytes (application/vnd.openxmlformats-officedocument.spreadsheetml.sheet)
2026-08-22 15:14:28,314 INFO mutual_fund_ingestion.agent.parser: Routing to parser=portfolio_monthly_amfi for dataset_type=portfolio_disclosure file_type=amfi_monthly_xlsx
2026-08-22 15:14:28,491 INFO backfill_amfi_monthly_portfolios: Parser portfolio_monthly_amfi: 794 records (confidence=0.80), 0 errors
2026-08-22 15:14:28,575 WARNING mutual_fund_ingestion.agent.validate: snapshot_pct_sum out of range [85.0, 115.0]: scheme='DSP Credit Risk Fund' reporting_date='2026-02-15' pct_sum=80.73 n_records=18
2026-08-22 15:14:28,575 WARNING mutual_fund_ingestion.agent.validate: snapshot_pct_sum out of range [85.0, 115.0]: scheme='DSP Overnight Fund' reporting_date='2026-02-15' pct_sum=4.89 n_records=5
2026-08-22 15:14:28,575 INFO backfill_amfi_monthly_portfolios: Validation https://www.dspim.com/media/pages/mandatory-disclosures/portfolio-disclosures/180a6a1e4e-1771517150/dsp-isin-debt-fortnightly-portfolio-as-on-15-feb-2026.xlsx: 794 valid, 0 quarantined
2026-08-22 15:14:31,935 INFO backfill_amfi_monthly_portfolios: Processing 158/470: https://www.dspim.com/media/pages/mandatory-disclosures/portfolio-disclosures/4f5a6dbad4-1770311663/dsp-isin-debt-portfolio-as-on-31-jan-2026.xlsx
2026-08-22 15:14:32,081 INFO backfill_amfi_monthly_portfolios: Downloaded https://www.dspim.com/media/pages/mandatory-disclosures/portfolio-disclosures/4f5a6dbad4-1770311663/dsp-isin-debt-portfolio-as-on-31-jan-2026.xlsx: 400031 bytes (application/vnd.openxmlformats-officedocument.spreadsheetml.sheet)
2026-08-22 15:14:32,081 INFO mutual_fund_ingestion.agent.parser: Routing to parser=portfolio_monthly_amfi for dataset_type=portfolio_disclosure file_type=amfi_monthly_xlsx
2026-08-22 15:14:32,236 INFO backfill_amfi_monthly_portfolios: Parser portfolio_monthly_amfi: 770 records (confidence=0.80), 0 errors
2026-08-22 15:14:32,307 WARNING mutual_fund_ingestion.agent.validate: snapshot_pct_sum out of range [85.0, 115.0]: scheme='DSP Overnight Fund' reporting_date='2026-01-31' pct_sum=33.03 n_records=8
2026-08-22 15:14:32,307 INFO backfill_amfi_monthly_portfolios: Validation https://www.dspim.com/media/pages/mandatory-disclosures/portfolio-disclosures/4f5a6dbad4-1770311663/dsp-isin-debt-portfolio-as-on-31-jan-2026.xlsx: 770 valid, 0 quarantined
2026-08-22 15:14:36,034 INFO backfill_amfi_monthly_portfolios: Processing 159/470: https://www.dspim.com/media/pages/mandatory-disclosures/portfolio-disclosures/cb1398ee82-1768918154/dsp-isin-debt-fortnightly-portfolio-as-on-15-jan-2026.xlsx
2026-08-22 15:14:36,164 INFO backfill_amfi_monthly_portfolios: Downloaded https://www.dspim.com/media/pages/mandatory-disclosures/portfolio-disclosures/cb1398ee82-1768918154/dsp-isin-debt-fortnightly-portfolio-as-on-15-jan-2026.xlsx: 402854 bytes (application/vnd.openxmlformats-officedocument.spreadsheetml.sheet)
2026-08-22 15:14:36,164 INFO mutual_fund_ingestion.agent.parser: Routing to parser=portfolio_monthly_amfi for dataset_type=portfolio_disclosure file_type=amfi_monthly_xlsx
2026-08-22 15:14:36,345 INFO backfill_amfi_monthly_portfolios: Parser portfolio_monthly_amfi: 795 records (confidence=0.80), 0 errors
2026-08-22 15:14:36,419 WARNING mutual_fund_ingestion.agent.validate: snapshot_pct_sum out of range [85.0, 115.0]: scheme='DSP Overnight Fund' reporting_date='2026-01-15' pct_sum=27.74 n_records=6
2026-08-22 15:14:36,419 INFO backfill_amfi_monthly_portfolios: Validation https://www.dspim.com/media/pages/mandatory-disclosures/portfolio-disclosures/cb1398ee82-1768918154/dsp-isin-debt-fortnightly-portfolio-as-on-15-jan-2026.xlsx: 795 valid, 0 quarantined
2026-08-22 15:14:39,768 INFO backfill_amfi_monthly_portfolios: Processing 160/470: https://www.dspim.com/media/pages/mandatory-disclosures/portfolio-disclosures/996c2f049c-1767632018/dsp-isin-debt-portfolio-as-on-31-dec-2025.xlsx
2026-08-22 15:14:39,914 INFO backfill_amfi_monthly_portfolios: Downloaded https://www.dspim.com/media/pages/mandatory-disclosures/portfolio-disclosures/996c2f049c-1767632018/dsp-isin-debt-portfolio-as-on-31-dec-2025.xlsx: 405100 bytes (application/vnd.openxmlformats-officedocument.spreadsheetml.sheet)
2026-08-22 15:14:39,914 INFO mutual_fund_ingestion.agent.parser: Routing to parser=portfolio_monthly_amfi for dataset_type=portfolio_disclosure file_type=amfi_monthly_xlsx
2026-08-22 15:14:40,089 INFO backfill_amfi_monthly_portfolios: Parser portfolio_monthly_amfi: 814 records (confidence=0.80), 0 errors
2026-08-22 15:14:40,157 WARNING mutual_fund_ingestion.agent.validate: snapshot_pct_sum out of range [85.0, 115.0]: scheme='DSP Liquidity Fund' reporting_date='2025-12-31' pct_sum=117.26 n_records=108
2026-08-22 15:14:40,157 WARNING mutual_fund_ingestion.agent.validate: snapshot_pct_sum out of range [85.0, 115.0]: scheme='DSP Overnight Fund' reporting_date='2025-12-31' pct_sum=6.57 n_records=3
2026-08-22 15:14:40,157 INFO backfill_amfi_monthly_portfolios: Validation https://www.dspim.com/media/pages/mandatory-disclosures/portfolio-disclosures/996c2f049c-1767632018/dsp-isin-debt-portfolio-as-on-31-dec-2025.xlsx: 814 valid, 0 quarantined
2026-08-22 15:14:43,649 INFO backfill_amfi_monthly_portfolios: Processing 161/470: https://www.dspim.com/media/pages/mandatory-disclosures/portfolio-disclosures/839b461638-1766245619/dsp-isin-debt-fortnightly-portfolio-as-on-15-dec-2025.xlsx
2026-08-22 15:14:43,810 INFO backfill_amfi_monthly_portfolios: Downloaded https://www.dspim.com/media/pages/mandatory-disclosures/portfolio-disclosures/839b461638-1766245619/dsp-isin-debt-fortnightly-portfolio-as-on-15-dec-2025.xlsx: 405154 bytes (application/vnd.openxmlformats-officedocument.spreadsheetml.sheet)
2026-08-22 15:14:43,811 INFO mutual_fund_ingestion.agent.parser: Routing to parser=portfolio_monthly_amfi for dataset_type=portfolio_disclosure file_type=amfi_monthly_xlsx
2026-08-22 15:14:43,991 INFO backfill_amfi_monthly_portfolios: Parser portfolio_monthly_amfi: 824 records (confidence=0.80), 0 errors
2026-08-22 15:14:44,073 WARNING mutual_fund_ingestion.agent.validate: snapshot_pct_sum out of range [85.0, 115.0]: scheme='DSP Overnight Fund' reporting_date='2025-12-15' pct_sum=31.4 n_records=8
2026-08-22 15:14:44,073 INFO backfill_amfi_monthly_portfolios: Validation https://www.dspim.com/media/pages/mandatory-disclosures/portfolio-disclosures/839b461638-1766245619/dsp-isin-debt-fortnightly-portfolio-as-on-15-dec-2025.xlsx: 824 valid, 0 quarantined
2026-08-22 15:14:48,111 INFO backfill_amfi_monthly_portfolios: Processing 162/470: https://www.dspim.com/media/pages/mandatory-disclosures/portfolio-disclosures/5a472f52ef-1764947408/dsp-isin-debt-fortnightly-portfolio-as-on-30-nov-2025.xlsx
2026-08-22 15:14:48,221 INFO backfill_amfi_monthly_portfolios: Downloaded https://www.dspim.com/media/pages/mandatory-disclosures/portfolio-disclosures/5a472f52ef-1764947408/dsp-isin-debt-fortnightly-portfolio-as-on-30-nov-2025.xlsx: 402599 bytes (application/vnd.openxmlformats-officedocument.spreadsheetml.sheet)
2026-08-22 15:14:48,222 INFO mutual_fund_ingestion.agent.parser: Routing to parser=portfolio_monthly_amfi for dataset_type=portfolio_disclosure file_type=amfi_monthly_xlsx
2026-08-22 15:14:48,406 INFO backfill_amfi_monthly_portfolios: Parser portfolio_monthly_amfi: 806 records (confidence=0.80), 0 errors
2026-08-22 15:14:48,487 WARNING mutual_fund_ingestion.agent.validate: snapshot_pct_sum out of range [85.0, 115.0]: scheme='DSP Overnight Fund' reporting_date='2025-11-30' pct_sum=13.27 n_records=7
2026-08-22 15:14:48,488 INFO backfill_amfi_monthly_portfolios: Validation https://www.dspim.com/media/pages/mandatory-disclosures/portfolio-disclosures/5a472f52ef-1764947408/dsp-isin-debt-fortnightly-portfolio-as-on-30-nov-2025.xlsx: 806 valid, 0 quarantined
2026-08-22 15:14:52,022 INFO backfill_amfi_monthly_portfolios: Processing 163/470: https://www.dspim.com/media/pages/mandatory-disclosures/portfolio-disclosures/229cf95af7-1763653792/dsp-isin-debt-fortnightly-portfolio-as-on-15-nov-2025.xlsx
2026-08-22 15:14:52,180 INFO backfill_amfi_monthly_portfolios: Downloaded https://www.dspim.com/media/pages/mandatory-disclosures/portfolio-disclosures/229cf95af7-1763653792/dsp-isin-debt-fortnightly-portfolio-as-on-15-nov-2025.xlsx: 403087 bytes (application/vnd.openxmlformats-officedocument.spreadsheetml.sheet)
2026-08-22 15:14:52,180 INFO mutual_fund_ingestion.agent.parser: Routing to parser=portfolio_monthly_amfi for dataset_type=portfolio_disclosure file_type=amfi_monthly_xlsx
2026-08-22 15:14:52,351 INFO backfill_amfi_monthly_portfolios: Parser portfolio_monthly_amfi: 797 records (confidence=0.80), 0 errors
2026-08-22 15:14:52,422 WARNING mutual_fund_ingestion.agent.validate: snapshot_pct_sum out of range [85.0, 115.0]: scheme='DSP Overnight Fund' reporting_date='2025-11-15' pct_sum=56.35 n_records=11
2026-08-22 15:14:52,422 INFO backfill_amfi_monthly_portfolios: Validation https://www.dspim.com/media/pages/mandatory-disclosures/portfolio-disclosures/229cf95af7-1763653792/dsp-isin-debt-fortnightly-portfolio-as-on-15-nov-2025.xlsx: 797 valid, 0 quarantined
2026-08-22 15:14:55,942 INFO backfill_amfi_monthly_portfolios: Processing 164/470: https://www.dspim.com/media/pages/mandatory-disclosures/portfolio-disclosures/110097a835-1762344389/dsp-isin-debt-portfolio-as-on-31-oct-2025.xlsx
2026-08-22 15:14:56,051 INFO backfill_amfi_monthly_portfolios: Downloaded https://www.dspim.com/media/pages/mandatory-disclosures/portfolio-disclosures/110097a835-1762344389/dsp-isin-debt-portfolio-as-on-31-oct-2025.xlsx: 402687 bytes (application/vnd.openxmlformats-officedocument.spreadsheetml.sheet)
2026-08-22 15:14:56,052 INFO mutual_fund_ingestion.agent.parser: Routing to parser=portfolio_monthly_amfi for dataset_type=portfolio_disclosure file_type=amfi_monthly_xlsx
2026-08-22 15:14:56,224 INFO backfill_amfi_monthly_portfolios: Parser portfolio_monthly_amfi: 775 records (confidence=0.80), 0 errors
2026-08-22 15:14:56,299 WARNING mutual_fund_ingestion.agent.validate: snapshot_pct_sum out of range [85.0, 115.0]: scheme='DSP Overnight Fund' reporting_date='2025-10-31' pct_sum=18.09 n_records=8
2026-08-22 15:14:56,299 INFO backfill_amfi_monthly_portfolios: Validation https://www.dspim.com/media/pages/mandatory-disclosures/portfolio-disclosures/110097a835-1762344389/dsp-isin-debt-portfolio-as-on-31-oct-2025.xlsx: 775 valid, 0 quarantined
2026-08-22 15:14:59,713 INFO backfill_amfi_monthly_portfolios: Processing 165/470: https://www.dspim.com/media/pages/mandatory-disclosures/portfolio-disclosures/608ad706b4-1760787868/dsp-isin-debt-fortnightly-portfolio-as-on-15-oct-2025.xlsx
2026-08-22 15:14:59,804 INFO backfill_amfi_monthly_portfolios: Downloaded https://www.dspim.com/media/pages/mandatory-disclosures/portfolio-disclosures/608ad706b4-1760787868/dsp-isin-debt-fortnightly-portfolio-as-on-15-oct-2025.xlsx: 401611 bytes (application/vnd.openxmlformats-officedocument.spreadsheetml.sheet)
2026-08-22 15:14:59,804 INFO mutual_fund_ingestion.agent.parser: Routing to parser=portfolio_monthly_amfi for dataset_type=portfolio_disclosure file_type=amfi_monthly_xlsx
2026-08-22 15:14:59,984 INFO backfill_amfi_monthly_portfolios: Parser portfolio_monthly_amfi: 766 records (confidence=0.80), 0 errors
2026-08-22 15:15:00,048 WARNING mutual_fund_ingestion.agent.validate: snapshot_pct_sum out of range [85.0, 115.0]: scheme='DSP Overnight Fund' reporting_date='2025-10-15' pct_sum=28.92 n_records=9
2026-08-22 15:15:00,048 INFO backfill_amfi_monthly_portfolios: Validation https://www.dspim.com/media/pages/mandatory-disclosures/portfolio-disclosures/608ad706b4-1760787868/dsp-isin-debt-fortnightly-portfolio-as-on-15-oct-2025.xlsx: 766 valid, 0 quarantined
2026-08-22 15:15:03,961 INFO backfill_amfi_monthly_portfolios: Processing 166/470: https://www.dspim.com/media/pages/mandatory-disclosures/portfolio-disclosures/094df8a29c-1759679519/dsp-isin-debt-portfolio-as-on-30-sep-2025.xlsx
2026-08-22 15:15:04,096 INFO backfill_amfi_monthly_portfolios: Downloaded https://www.dspim.com/media/pages/mandatory-disclosures/portfolio-disclosures/094df8a29c-1759679519/dsp-isin-debt-portfolio-as-on-30-sep-2025.xlsx: 398390 bytes (application/vnd.openxmlformats-officedocument.spreadsheetml.sheet)
2026-08-22 15:15:04,096 INFO mutual_fund_ingestion.agent.parser: Routing to parser=portfolio_monthly_amfi for dataset_type=portfolio_disclosure file_type=amfi_monthly_xlsx
2026-08-22 15:15:04,385 INFO backfill_amfi_monthly_portfolios: Parser portfolio_monthly_amfi: 740 records (confidence=0.80), 0 errors
2026-08-22 15:15:04,503 WARNING mutual_fund_ingestion.agent.validate: snapshot_pct_sum out of range [85.0, 115.0]: scheme='DSP Strategic Bond Fund' reporting_date='2025-09-30' pct_sum=83.55 n_records=15
2026-08-22 15:15:04,503 WARNING mutual_fund_ingestion.agent.validate: snapshot_pct_sum out of range [85.0, 115.0]: scheme='DSP Overnight Fund' reporting_date='2025-09-30' pct_sum=5.75 n_records=4
2026-08-22 15:15:04,503 INFO backfill_amfi_monthly_portfolios: Validation https://www.dspim.com/media/pages/mandatory-disclosures/portfolio-disclosures/094df8a29c-1759679519/dsp-isin-debt-portfolio-as-on-30-sep-2025.xlsx: 740 valid, 0 quarantined
2026-08-22 15:15:08,696 INFO backfill_amfi_monthly_portfolios: Processing 167/470: https://www.dspim.com/media/pages/mandatory-disclosures/portfolio-disclosures/2b1bc9a176-1758392441/dsp-isin-debt-fortnightly-portfolio-as-on-15-sep-2025.xlsx
2026-08-22 15:15:08,933 INFO backfill_amfi_monthly_portfolios: Downloaded https://www.dspim.com/media/pages/mandatory-disclosures/portfolio-disclosures/2b1bc9a176-1758392441/dsp-isin-debt-fortnightly-portfolio-as-on-15-sep-2025.xlsx: 399173 bytes (application/vnd.openxmlformats-officedocument.spreadsheetml.sheet)
2026-08-22 15:15:08,933 INFO mutual_fund_ingestion.agent.parser: Routing to parser=portfolio_monthly_amfi for dataset_type=portfolio_disclosure file_type=amfi_monthly_xlsx
2026-08-22 15:15:09,109 INFO backfill_amfi_monthly_portfolios: Parser portfolio_monthly_amfi: 734 records (confidence=0.80), 0 errors
2026-08-22 15:15:09,193 WARNING mutual_fund_ingestion.agent.validate: snapshot_pct_sum out of range [85.0, 115.0]: scheme='DSP Strategic Bond Fund' reporting_date='2025-09-15' pct_sum=80.95 n_records=15
2026-08-22 15:15:09,193 WARNING mutual_fund_ingestion.agent.validate: snapshot_pct_sum out of range [85.0, 115.0]: scheme='DSP Overnight Fund' reporting_date='2025-09-15' pct_sum=5.19 n_records=3
2026-08-22 15:15:09,193 INFO backfill_amfi_monthly_portfolios: Validation https://www.dspim.com/media/pages/mandatory-disclosures/portfolio-disclosures/2b1bc9a176-1758392441/dsp-isin-debt-fortnightly-portfolio-as-on-15-sep-2025.xlsx: 734 valid, 0 quarantined
2026-08-22 15:15:12,874 INFO backfill_amfi_monthly_portfolios: Processing 168/470: https://www.dspim.com/media/pages/mandatory-disclosures/portfolio-disclosures/4e4c40fc52-1757771553/dsp-isin-debt-portfolio-as-on-31-aug-2025.xlsx
2026-08-22 15:15:13,095 INFO backfill_amfi_monthly_portfolios: Downloaded https://www.dspim.com/media/pages/mandatory-disclosures/portfolio-disclosures/4e4c40fc52-1757771553/dsp-isin-debt-portfolio-as-on-31-aug-2025.xlsx: 400088 bytes (application/vnd.openxmlformats-officedocument.spreadsheetml.sheet)
2026-08-22 15:15:13,096 INFO mutual_fund_ingestion.agent.parser: Routing to parser=portfolio_monthly_amfi for dataset_type=portfolio_disclosure file_type=amfi_monthly_xlsx
2026-08-22 15:15:13,266 INFO backfill_amfi_monthly_portfolios: Parser portfolio_monthly_amfi: 769 records (confidence=0.80), 0 errors
2026-08-22 15:15:13,325 WARNING mutual_fund_ingestion.agent.validate: snapshot_pct_sum out of range [85.0, 115.0]: scheme='DSP Strategic Bond Fund' reporting_date='2025-08-31' pct_sum=81.86 n_records=15
2026-08-22 15:15:13,325 WARNING mutual_fund_ingestion.agent.validate: snapshot_pct_sum out of range [85.0, 115.0]: scheme='DSP Overnight Fund' reporting_date='2025-08-31' pct_sum=5.57 n_records=4
2026-08-22 15:15:13,325 INFO backfill_amfi_monthly_portfolios: Validation https://www.dspim.com/media/pages/mandatory-disclosures/portfolio-disclosures/4e4c40fc52-1757771553/dsp-isin-debt-portfolio-as-on-31-aug-2025.xlsx: 769 valid, 0 quarantined
2026-08-22 15:15:16,547 INFO backfill_amfi_monthly_portfolios: Processing 169/470: https://www.dspim.com/media/pages/mandatory-disclosures/portfolio-disclosures/b8d9b51037-1757771552/dsp-debt-fortnightly-portfolio-as-on-15-aug-2025.xlsx
2026-08-22 15:15:16,654 INFO backfill_amfi_monthly_portfolios: Downloaded https://www.dspim.com/media/pages/mandatory-disclosures/portfolio-disclosures/b8d9b51037-1757771552/dsp-debt-fortnightly-portfolio-as-on-15-aug-2025.xlsx: 400343 bytes (application/vnd.openxmlformats-officedocument.spreadsheetml.sheet)
2026-08-22 15:15:16,654 INFO mutual_fund_ingestion.agent.parser: Routing to parser=portfolio_monthly_amfi for dataset_type=portfolio_disclosure file_type=amfi_monthly_xlsx
2026-08-22 15:15:16,820 INFO backfill_amfi_monthly_portfolios: Parser portfolio_monthly_amfi: 784 records (confidence=0.80), 0 errors
2026-08-22 15:15:16,894 WARNING mutual_fund_ingestion.agent.validate: snapshot_pct_sum out of range [85.0, 115.0]: scheme='DSP Overnight Fund' reporting_date='2025-08-15' pct_sum=5.65 n_records=5
2026-08-22 15:15:16,894 INFO backfill_amfi_monthly_portfolios: Validation https://www.dspim.com/media/pages/mandatory-disclosures/portfolio-disclosures/b8d9b51037-1757771552/dsp-debt-fortnightly-portfolio-as-on-15-aug-2025.xlsx: 784 valid, 0 quarantined
2026-08-22 15:15:20,492 INFO backfill_amfi_monthly_portfolios: Processing 170/470: https://www.dspim.com/media/pages/mandatory-disclosures/portfolio-disclosures/a7c51fe7a2-1757771553/dsp-isin-debt-portfolio-as-on-31-jul-2025.xlsx
2026-08-22 15:15:20,610 INFO backfill_amfi_monthly_portfolios: Downloaded https://www.dspim.com/media/pages/mandatory-disclosures/portfolio-disclosures/a7c51fe7a2-1757771553/dsp-isin-debt-portfolio-as-on-31-jul-2025.xlsx: 401199 bytes (application/vnd.openxmlformats-officedocument.spreadsheetml.sheet)
2026-08-22 15:15:20,610 INFO mutual_fund_ingestion.agent.parser: Routing to parser=portfolio_monthly_amfi for dataset_type=portfolio_disclosure file_type=amfi_monthly_xlsx
2026-08-22 15:15:20,807 INFO backfill_amfi_monthly_portfolios: Parser portfolio_monthly_amfi: 790 records (confidence=0.80), 0 errors
2026-08-22 15:15:20,897 WARNING mutual_fund_ingestion.agent.validate: snapshot_pct_sum out of range [85.0, 115.0]: scheme='DSP Overnight Fund' reporting_date='2025-07-31' pct_sum=6.68 n_records=4
2026-08-22 15:15:20,897 INFO backfill_amfi_monthly_portfolios: Validation https://www.dspim.com/media/pages/mandatory-disclosures/portfolio-disclosures/a7c51fe7a2-1757771553/dsp-isin-debt-portfolio-as-on-31-jul-2025.xlsx: 790 valid, 0 quarantined
2026-08-22 15:15:25,257 INFO backfill_amfi_monthly_portfolios: Processing 171/470: https://www.dspim.com/media/pages/mandatory-disclosures/portfolio-disclosures/fd5016a64e-1757771552/dsp-isin-debt-fortnightly-portfolio-as-on-15-jul-2025.xlsx
2026-08-22 15:15:25,389 INFO backfill_amfi_monthly_portfolios: Downloaded https://www.dspim.com/media/pages/mandatory-disclosures/portfolio-disclosures/fd5016a64e-1757771552/dsp-isin-debt-fortnightly-portfolio-as-on-15-jul-2025.xlsx: 398577 bytes (application/vnd.openxmlformats-officedocument.spreadsheetml.sheet)
2026-08-22 15:15:25,389 INFO mutual_fund_ingestion.agent.parser: Routing to parser=portfolio_monthly_amfi for dataset_type=portfolio_disclosure file_type=amfi_monthly_xlsx
2026-08-22 15:15:25,574 INFO backfill_amfi_monthly_portfolios: Parser portfolio_monthly_amfi: 769 records (confidence=0.80), 0 errors
2026-08-22 15:15:25,656 WARNING mutual_fund_ingestion.agent.validate: snapshot_pct_sum out of range [85.0, 115.0]: scheme='DSP Overnight Fund' reporting_date='2025-07-15' pct_sum=5.05 n_records=3
2026-08-22 15:15:25,656 INFO backfill_amfi_monthly_portfolios: Validation https://www.dspim.com/media/pages/mandatory-disclosures/portfolio-disclosures/fd5016a64e-1757771552/dsp-isin-debt-fortnightly-portfolio-as-on-15-jul-2025.xlsx: 769 valid, 0 quarantined
2026-08-22 15:15:29,037 INFO backfill_amfi_monthly_portfolios: Processing 172/470: https://www.dspim.com/media/pages/mandatory-disclosures/portfolio-disclosures/a7be435687-1757771553/dsp-isin-debt-portfolio-as-on-30-jun-2025.xlsx
2026-08-22 15:15:29,183 INFO backfill_amfi_monthly_portfolios: Downloaded https://www.dspim.com/media/pages/mandatory-disclosures/portfolio-disclosures/a7be435687-1757771553/dsp-isin-debt-portfolio-as-on-30-jun-2025.xlsx: 399606 bytes (application/vnd.openxmlformats-officedocument.spreadsheetml.sheet)
2026-08-22 15:15:29,183 INFO mutual_fund_ingestion.agent.parser: Routing to parser=portfolio_monthly_amfi for dataset_type=portfolio_disclosure file_type=amfi_monthly_xlsx
2026-08-22 15:15:29,428 INFO backfill_amfi_monthly_portfolios: Parser portfolio_monthly_amfi: 766 records (confidence=0.80), 0 errors
2026-08-22 15:15:29,519 WARNING mutual_fund_ingestion.agent.validate: snapshot_pct_sum out of range [85.0, 115.0]: scheme='DSP Overnight Fund' reporting_date='2025-06-30' pct_sum=8.71 n_records=2
2026-08-22 15:15:29,519 WARNING mutual_fund_ingestion.agent.validate: snapshot_pct_sum out of range [85.0, 115.0]: scheme='DSP Floater Fund' reporting_date='2025-06-30' pct_sum=84.18 n_records=9
2026-08-22 15:15:29,519 INFO backfill_amfi_monthly_portfolios: Validation https://www.dspim.com/media/pages/mandatory-disclosures/portfolio-disclosures/a7be435687-1757771553/dsp-isin-debt-portfolio-as-on-30-jun-2025.xlsx: 766 valid, 0 quarantined
2026-08-22 15:15:33,817 INFO backfill_amfi_monthly_portfolios: Processing 173/470: https://www.dspim.com/media/pages/mandatory-disclosures/portfolio-disclosures/7123833275-1757771552/dsp-isin-debt-fortnightly-portfolio-as-on-15-jun-2025.xlsx
2026-08-22 15:15:34,108 INFO backfill_amfi_monthly_portfolios: Downloaded https://www.dspim.com/media/pages/mandatory-disclosures/portfolio-disclosures/7123833275-1757771552/dsp-isin-debt-fortnightly-portfolio-as-on-15-jun-2025.xlsx: 398912 bytes (application/vnd.openxmlformats-officedocument.spreadsheetml.sheet)
2026-08-22 15:15:34,108 INFO mutual_fund_ingestion.agent.parser: Routing to parser=portfolio_monthly_amfi for dataset_type=portfolio_disclosure file_type=amfi_monthly_xlsx
2026-08-22 15:15:34,342 INFO backfill_amfi_monthly_portfolios: Parser portfolio_monthly_amfi: 760 records (confidence=0.80), 0 errors
2026-08-22 15:15:34,437 WARNING mutual_fund_ingestion.agent.validate: snapshot_pct_sum out of range [85.0, 115.0]: scheme='DSP Overnight Fund' reporting_date='2025-06-15' pct_sum=7.02 n_records=3
2026-08-22 15:15:34,437 INFO backfill_amfi_monthly_portfolios: Validation https://www.dspim.com/media/pages/mandatory-disclosures/portfolio-disclosures/7123833275-1757771552/dsp-isin-debt-fortnightly-portfolio-as-on-15-jun-2025.xlsx: 760 valid, 0 quarantined
2026-08-22 15:15:38,540 INFO backfill_amfi_monthly_portfolios: Processing 174/470: https://www.dspim.com/media/pages/mandatory-disclosures/portfolio-disclosures/43b253e246-1757771552/dsp-isin-debt-fortnightly-portfolio-as-on-31-may-2025.xlsx
2026-08-22 15:15:38,695 INFO backfill_amfi_monthly_portfolios: Downloaded https://www.dspim.com/media/pages/mandatory-disclosures/portfolio-disclosures/43b253e246-1757771552/dsp-isin-debt-fortnightly-portfolio-as-on-31-may-2025.xlsx: 397148 bytes (application/vnd.openxmlformats-officedocument.spreadsheetml.sheet)
2026-08-22 15:15:38,695 INFO mutual_fund_ingestion.agent.parser: Routing to parser=portfolio_monthly_amfi for dataset_type=portfolio_disclosure file_type=amfi_monthly_xlsx
2026-08-22 15:15:38,917 INFO backfill_amfi_monthly_portfolios: Parser portfolio_monthly_amfi: 748 records (confidence=0.80), 0 errors
2026-08-22 15:15:39,005 WARNING mutual_fund_ingestion.agent.validate: snapshot_pct_sum out of range [85.0, 115.0]: scheme='DSP Credit Risk Fund' reporting_date='2025-05-31' pct_sum=84.34 n_records=17
2026-08-22 15:15:39,005 WARNING mutual_fund_ingestion.agent.validate: snapshot_pct_sum out of range [85.0, 115.0]: scheme='DSP Overnight Fund' reporting_date='2025-05-31' pct_sum=6.24 n_records=3
2026-08-22 15:15:39,005 INFO backfill_amfi_monthly_portfolios: Validation https://www.dspim.com/media/pages/mandatory-disclosures/portfolio-disclosures/43b253e246-1757771552/dsp-isin-debt-fortnightly-portfolio-as-on-31-may-2025.xlsx: 748 valid, 0 quarantined
2026-08-22 15:15:42,705 INFO backfill_amfi_monthly_portfolios: Processing 175/470: https://www.dspim.com/media/pages/mandatory-disclosures/portfolio-disclosures/1e01dd67d4-1757771552/dsp-isin-debt-fortnightly-portfolio-as-on-15-may-2025.xlsx
2026-08-22 15:15:42,847 INFO backfill_amfi_monthly_portfolios: Downloaded https://www.dspim.com/media/pages/mandatory-disclosures/portfolio-disclosures/1e01dd67d4-1757771552/dsp-isin-debt-fortnightly-portfolio-as-on-15-may-2025.xlsx: 396481 bytes (application/vnd.openxmlformats-officedocument.spreadsheetml.sheet)
2026-08-22 15:15:42,847 INFO mutual_fund_ingestion.agent.parser: Routing to parser=portfolio_monthly_amfi for dataset_type=portfolio_disclosure file_type=amfi_monthly_xlsx
2026-08-22 15:15:43,094 INFO backfill_amfi_monthly_portfolios: Parser portfolio_monthly_amfi: 747 records (confidence=0.80), 0 errors
2026-08-22 15:15:43,211 WARNING mutual_fund_ingestion.agent.validate: snapshot_pct_sum out of range [85.0, 115.0]: scheme='DSP Overnight Fund' reporting_date='2025-05-15' pct_sum=4.03 n_records=2
2026-08-22 15:15:43,211 INFO backfill_amfi_monthly_portfolios: Validation https://www.dspim.com/media/pages/mandatory-disclosures/portfolio-disclosures/1e01dd67d4-1757771552/dsp-isin-debt-fortnightly-portfolio-as-on-15-may-2025.xlsx: 747 valid, 0 quarantined
2026-08-22 15:15:47,926 INFO backfill_amfi_monthly_portfolios: Processing 176/470: https://www.dspim.com/media/pages/mandatory-disclosures/portfolio-disclosures/584aab047a-1757771553/dsp-isin-debt-portfolio-as-on-30-apr-2025.xlsx
2026-08-22 15:15:48,059 INFO backfill_amfi_monthly_portfolios: Downloaded https://www.dspim.com/media/pages/mandatory-disclosures/portfolio-disclosures/584aab047a-1757771553/dsp-isin-debt-portfolio-as-on-30-apr-2025.xlsx: 395403 bytes (application/vnd.openxmlformats-officedocument.spreadsheetml.sheet)
2026-08-22 15:15:48,059 INFO mutual_fund_ingestion.agent.parser: Routing to parser=portfolio_monthly_amfi for dataset_type=portfolio_disclosure file_type=amfi_monthly_xlsx
2026-08-22 15:15:48,270 INFO backfill_amfi_monthly_portfolios: Parser portfolio_monthly_amfi: 706 records (confidence=0.80), 0 errors
2026-08-22 15:15:48,353 WARNING mutual_fund_ingestion.agent.validate: snapshot_pct_sum out of range [85.0, 115.0]: scheme='DSP Regular Savings Fund' reporting_date='2025-04-30' pct_sum=14.54 n_records=29
2026-08-22 15:15:48,353 WARNING mutual_fund_ingestion.agent.validate: snapshot_pct_sum out of range [85.0, 115.0]: scheme='DSP Overnight Fund' reporting_date='2025-04-30' pct_sum=7.2 n_records=4
2026-08-22 15:15:48,353 INFO backfill_amfi_monthly_portfolios: Validation https://www.dspim.com/media/pages/mandatory-disclosures/portfolio-disclosures/584aab047a-1757771553/dsp-isin-debt-portfolio-as-on-30-apr-2025.xlsx: 706 valid, 0 quarantined
2026-08-22 15:15:51,964 INFO backfill_amfi_monthly_portfolios: Processing 177/470: https://www.dspim.com/media/pages/mandatory-disclosures/portfolio-disclosures/ed21541ae8-1757771552/dsp-isin-debt-fortnightly-portfolio-as-on-15-apr-2025.xlsx
2026-08-22 15:15:52,106 INFO backfill_amfi_monthly_portfolios: Downloaded https://www.dspim.com/media/pages/mandatory-disclosures/portfolio-disclosures/ed21541ae8-1757771552/dsp-isin-debt-fortnightly-portfolio-as-on-15-apr-2025.xlsx: 395703 bytes (application/vnd.openxmlformats-officedocument.spreadsheetml.sheet)
2026-08-22 15:15:52,106 INFO mutual_fund_ingestion.agent.parser: Routing to parser=portfolio_monthly_amfi for dataset_type=portfolio_disclosure file_type=amfi_monthly_xlsx
2026-08-22 15:15:52,325 INFO backfill_amfi_monthly_portfolios: Parser portfolio_monthly_amfi: 711 records (confidence=0.80), 0 errors
2026-08-22 15:15:52,418 WARNING mutual_fund_ingestion.agent.validate: snapshot_pct_sum out of range [85.0, 115.0]: scheme='DSP Regular Savings Fund' reporting_date='2025-04-15' pct_sum=23.53 n_records=30
2026-08-22 15:15:52,418 WARNING mutual_fund_ingestion.agent.validate: snapshot_pct_sum out of range [85.0, 115.0]: scheme='DSP Overnight Fund' reporting_date='2025-04-15' pct_sum=5.11 n_records=4
2026-08-22 15:15:52,418 INFO backfill_amfi_monthly_portfolios: Validation https://www.dspim.com/media/pages/mandatory-disclosures/portfolio-disclosures/ed21541ae8-1757771552/dsp-isin-debt-fortnightly-portfolio-as-on-15-apr-2025.xlsx: 711 valid, 0 quarantined
2026-08-22 15:15:57,251 INFO backfill_amfi_monthly_portfolios: Processing 178/470: https://www.dspim.com/media/pages/mandatory-disclosures/portfolio-disclosures/4d45b48738-1757771553/dsp-isin-debt-portfolio-as-on-31-mar-2025.xlsx
2026-08-22 15:15:57,627 INFO backfill_amfi_monthly_portfolios: Downloaded https://www.dspim.com/media/pages/mandatory-disclosures/portfolio-disclosures/4d45b48738-1757771553/dsp-isin-debt-portfolio-as-on-31-mar-2025.xlsx: 391993 bytes (application/vnd.openxmlformats-officedocument.spreadsheetml.sheet)
2026-08-22 15:15:57,627 INFO mutual_fund_ingestion.agent.parser: Routing to parser=portfolio_monthly_amfi for dataset_type=portfolio_disclosure file_type=amfi_monthly_xlsx
2026-08-22 15:15:57,880 INFO backfill_amfi_monthly_portfolios: Parser portfolio_monthly_amfi: 685 records (confidence=0.80), 0 errors
2026-08-22 15:15:57,974 WARNING mutual_fund_ingestion.agent.validate: snapshot_pct_sum out of range [85.0, 115.0]: scheme='DSP Savings Fund' reporting_date='2025-03-31' pct_sum=84.07 n_records=50
2026-08-22 15:15:57,974 WARNING mutual_fund_ingestion.agent.validate: snapshot_pct_sum out of range [85.0, 115.0]: scheme='DSP Income Plus Arbitrage Fund of Fund' reporting_date='2025-03-31' pct_sum=73.03 n_records=2
2026-08-22 15:15:57,974 WARNING mutual_fund_ingestion.agent.validate: snapshot_pct_sum out of range [85.0, 115.0]: scheme='DSP Overnight Fund' reporting_date='2025-03-31' pct_sum=9.5 n_records=4
2026-08-22 15:15:57,974 INFO backfill_amfi_monthly_portfolios: Validation https://www.dspim.com/media/pages/mandatory-disclosures/portfolio-disclosures/4d45b48738-1757771553/dsp-isin-debt-portfolio-as-on-31-mar-2025.xlsx: 685 valid, 0 quarantined
2026-08-22 15:16:03,128 INFO backfill_amfi_monthly_portfolios: Processing 179/470: https://www.dspim.com/media/pages/mandatory-disclosures/portfolio-disclosures/0b72725f2c-1757771552/dsp-isin-debt-fortnightly-portfolio-as-on-15-mar-2025.xlsx
2026-08-22 15:16:03,396 INFO backfill_amfi_monthly_portfolios: Downloaded https://www.dspim.com/media/pages/mandatory-disclosures/portfolio-disclosures/0b72725f2c-1757771552/dsp-isin-debt-fortnightly-portfolio-as-on-15-mar-2025.xlsx: 397856 bytes (application/vnd.openxmlformats-officedocument.spreadsheetml.sheet)
2026-08-22 15:16:03,396 INFO mutual_fund_ingestion.agent.parser: Routing to parser=portfolio_monthly_amfi for dataset_type=portfolio_disclosure file_type=amfi_monthly_xlsx
2026-08-22 15:16:03,706 INFO backfill_amfi_monthly_portfolios: Parser portfolio_monthly_amfi: 692 records (confidence=0.80), 0 errors
2026-08-22 15:16:03,823 WARNING mutual_fund_ingestion.agent.validate: snapshot_pct_sum out of range [85.0, 115.0]: scheme='DSP Overnight Fund' reporting_date='2025-03-15' pct_sum=7.25 n_records=4
2026-08-22 15:16:03,830 INFO backfill_amfi_monthly_portfolios: Validation https://www.dspim.com/media/pages/mandatory-disclosures/portfolio-disclosures/0b72725f2c-1757771552/dsp-isin-debt-fortnightly-portfolio-as-on-15-mar-2025.xlsx: 692 valid, 0 quarantined
2026-08-22 15:16:09,145 INFO backfill_amfi_monthly_portfolios: Processing 180/470: https://www.dspim.com/media/pages/mandatory-disclosures/portfolio-disclosures/4464ea9d5e-1757771553/dsp-isin-debt-portfolio-as-on-28-feb-2025.xlsx
2026-08-22 15:16:09,244 INFO backfill_amfi_monthly_portfolios: Downloaded https://www.dspim.com/media/pages/mandatory-disclosures/portfolio-disclosures/4464ea9d5e-1757771553/dsp-isin-debt-portfolio-as-on-28-feb-2025.xlsx: 395344 bytes (application/vnd.openxmlformats-officedocument.spreadsheetml.sheet)
2026-08-22 15:16:09,244 INFO mutual_fund_ingestion.agent.parser: Routing to parser=portfolio_monthly_amfi for dataset_type=portfolio_disclosure file_type=amfi_monthly_xlsx
2026-08-22 15:16:09,711 INFO backfill_amfi_monthly_portfolios: Parser portfolio_monthly_amfi: 699 records (confidence=0.80), 0 errors
2026-08-22 15:16:09,889 WARNING mutual_fund_ingestion.agent.validate: snapshot_pct_sum out of range [85.0, 115.0]: scheme='DSP Overnight Fund' reporting_date='2025-02-28' pct_sum=6.57 n_records=3
2026-08-22 15:16:09,889 INFO backfill_amfi_monthly_portfolios: Validation https://www.dspim.com/media/pages/mandatory-disclosures/portfolio-disclosures/4464ea9d5e-1757771553/dsp-isin-debt-portfolio-as-on-28-feb-2025.xlsx: 699 valid, 0 quarantined
2026-08-22 15:16:16,309 INFO backfill_amfi_monthly_portfolios: Processing 181/470: https://www.dspim.com/media/pages/mandatory-disclosures/portfolio-disclosures/1e976d8fa0-1757771552/dsp-isin-debt-fortnightly-portfolio-as-on-15-feb-2025.xlsx
2026-08-22 15:16:16,576 INFO backfill_amfi_monthly_portfolios: Downloaded https://www.dspim.com/media/pages/mandatory-disclosures/portfolio-disclosures/1e976d8fa0-1757771552/dsp-isin-debt-fortnightly-portfolio-as-on-15-feb-2025.xlsx: 395996 bytes (application/vnd.openxmlformats-officedocument.spreadsheetml.sheet)
2026-08-22 15:16:16,576 INFO mutual_fund_ingestion.agent.parser: Routing to parser=portfolio_monthly_amfi for dataset_type=portfolio_disclosure file_type=amfi_monthly_xlsx
2026-08-22 15:16:16,797 INFO backfill_amfi_monthly_portfolios: Parser portfolio_monthly_amfi: 728 records (confidence=0.80), 0 errors
2026-08-22 15:16:16,883 WARNING mutual_fund_ingestion.agent.validate: snapshot_pct_sum out of range [85.0, 115.0]: scheme='DSP Overnight Fund' reporting_date='2025-02-15' pct_sum=6.04 n_records=4
2026-08-22 15:16:16,883 INFO backfill_amfi_monthly_portfolios: Validation https://www.dspim.com/media/pages/mandatory-disclosures/portfolio-disclosures/1e976d8fa0-1757771552/dsp-isin-debt-fortnightly-portfolio-as-on-15-feb-2025.xlsx: 728 valid, 0 quarantined
2026-08-22 15:16:21,368 INFO backfill_amfi_monthly_portfolios: Processing 182/470: https://www.dspim.com/media/pages/mandatory-disclosures/portfolio-disclosures/539b88d543-1757771553/dsp-isin-debt-portfolio-as-on-31-jan-2025.xlsx
2026-08-22 15:16:21,462 INFO backfill_amfi_monthly_portfolios: Downloaded https://www.dspim.com/media/pages/mandatory-disclosures/portfolio-disclosures/539b88d543-1757771553/dsp-isin-debt-portfolio-as-on-31-jan-2025.xlsx: 394359 bytes (application/vnd.openxmlformats-officedocument.spreadsheetml.sheet)
2026-08-22 15:16:21,479 INFO mutual_fund_ingestion.agent.parser: Routing to parser=portfolio_monthly_amfi for dataset_type=portfolio_disclosure file_type=amfi_monthly_xlsx
2026-08-22 15:16:21,689 INFO backfill_amfi_monthly_portfolios: Parser portfolio_monthly_amfi: 708 records (confidence=0.80), 0 errors
2026-08-22 15:16:21,774 WARNING mutual_fund_ingestion.agent.validate: snapshot_pct_sum out of range [85.0, 115.0]: scheme='DSP Overnight Fund' reporting_date='2025-01-31' pct_sum=5.46 n_records=4
2026-08-22 15:16:21,774 INFO backfill_amfi_monthly_portfolios: Validation https://www.dspim.com/media/pages/mandatory-disclosures/portfolio-disclosures/539b88d543-1757771553/dsp-isin-debt-portfolio-as-on-31-jan-2025.xlsx: 708 valid, 0 quarantined
2026-08-22 15:16:26,138 INFO backfill_amfi_monthly_portfolios: Processing 183/470: https://www.dspim.com/media/pages/mandatory-disclosures/portfolio-disclosures/7c168575ad-1757771552/dsp-isin-debt-fortnightly-portfolio-as-on-15-jan-2025.xlsx
2026-08-22 15:16:26,307 INFO backfill_amfi_monthly_portfolios: Downloaded https://www.dspim.com/media/pages/mandatory-disclosures/portfolio-disclosures/7c168575ad-1757771552/dsp-isin-debt-fortnightly-portfolio-as-on-15-jan-2025.xlsx: 388699 bytes (application/vnd.openxmlformats-officedocument.spreadsheetml.sheet)
2026-08-22 15:16:26,307 INFO mutual_fund_ingestion.agent.parser: Routing to parser=portfolio_monthly_amfi for dataset_type=portfolio_disclosure file_type=amfi_monthly_xlsx
2026-08-22 15:16:26,514 INFO backfill_amfi_monthly_portfolios: Parser portfolio_monthly_amfi: 715 records (confidence=0.80), 0 errors
2026-08-22 15:16:26,608 WARNING mutual_fund_ingestion.agent.validate: snapshot_pct_sum out of range [85.0, 115.0]: scheme='DSP Strategic Bond Fund' reporting_date='2025-01-15' pct_sum=82.13 n_records=13
2026-08-22 15:16:26,608 WARNING mutual_fund_ingestion.agent.validate: snapshot_pct_sum out of range [85.0, 115.0]: scheme='DSP Gilt Fund' reporting_date='2025-01-15' pct_sum=82.71 n_records=9
2026-08-22 15:16:26,608 WARNING mutual_fund_ingestion.agent.validate: snapshot_pct_sum out of range [85.0, 115.0]: scheme='DSP Overnight Fund' reporting_date='2025-01-15' pct_sum=6.06 n_records=6
2026-08-22 15:16:26,608 INFO backfill_amfi_monthly_portfolios: Validation https://www.dspim.com/media/pages/mandatory-disclosures/portfolio-disclosures/7c168575ad-1757771552/dsp-isin-debt-fortnightly-portfolio-as-on-15-jan-2025.xlsx: 715 valid, 0 quarantined
2026-08-22 15:16:30,466 INFO backfill_amfi_monthly_portfolios: Processing 184/470: https://www.dspim.com/media/pages/mandatory-disclosures/portfolio-disclosures/fe6bc0271d-1757771553/dsp-isin-debt-portfolio-as-on-31-dec-2024.xlsx
2026-08-22 15:16:30,975 INFO backfill_amfi_monthly_portfolios: Downloaded https://www.dspim.com/media/pages/mandatory-disclosures/portfolio-disclosures/fe6bc0271d-1757771553/dsp-isin-debt-portfolio-as-on-31-dec-2024.xlsx: 391491 bytes (application/vnd.openxmlformats-officedocument.spreadsheetml.sheet)
2026-08-22 15:16:30,975 INFO mutual_fund_ingestion.agent.parser: Routing to parser=portfolio_monthly_amfi for dataset_type=portfolio_disclosure file_type=amfi_monthly_xlsx
2026-08-22 15:16:31,187 INFO backfill_amfi_monthly_portfolios: Parser portfolio_monthly_amfi: 713 records (confidence=0.80), 0 errors
2026-08-22 15:16:31,318 WARNING mutual_fund_ingestion.agent.validate: snapshot_pct_sum out of range [85.0, 115.0]: scheme='DSP Overnight Fund' reporting_date='2024-12-31' pct_sum=6.11 n_records=4
2026-08-22 15:16:31,319 INFO backfill_amfi_monthly_portfolios: Validation https://www.dspim.com/media/pages/mandatory-disclosures/portfolio-disclosures/fe6bc0271d-1757771553/dsp-isin-debt-portfolio-as-on-31-dec-2024.xlsx: 713 valid, 0 quarantined
2026-08-22 15:16:35,680 INFO backfill_amfi_monthly_portfolios: Processing 185/470: https://www.dspim.com/media/pages/mandatory-disclosures/portfolio-disclosures/3d1d31fa27-1757771552/dsp-isin-debt-fortnightly-portfolio-as-on-15-dec-2024.xlsx
2026-08-22 15:16:36,288 INFO backfill_amfi_monthly_portfolios: Downloaded https://www.dspim.com/media/pages/mandatory-disclosures/portfolio-disclosures/3d1d31fa27-1757771552/dsp-isin-debt-fortnightly-portfolio-as-on-15-dec-2024.xlsx: 394883 bytes (application/vnd.openxmlformats-officedocument.spreadsheetml.sheet)
2026-08-22 15:16:36,288 INFO mutual_fund_ingestion.agent.parser: Routing to parser=portfolio_monthly_amfi for dataset_type=portfolio_disclosure file_type=amfi_monthly_xlsx
2026-08-22 15:16:36,477 INFO backfill_amfi_monthly_portfolios: Parser portfolio_monthly_amfi: 726 records (confidence=0.80), 0 errors
2026-08-22 15:16:36,558 WARNING mutual_fund_ingestion.agent.validate: snapshot_pct_sum out of range [85.0, 115.0]: scheme='DSP Overnight Fund' reporting_date='2024-12-15' pct_sum=5.82 n_records=3
2026-08-22 15:16:36,558 INFO backfill_amfi_monthly_portfolios: Validation https://www.dspim.com/media/pages/mandatory-disclosures/portfolio-disclosures/3d1d31fa27-1757771552/dsp-isin-debt-fortnightly-portfolio-as-on-15-dec-2024.xlsx: 726 valid, 0 quarantined
2026-08-22 15:16:40,403 INFO backfill_amfi_monthly_portfolios: Processing 186/470: https://www.dspim.com/media/pages/mandatory-disclosures/portfolio-disclosures/dfdef38dc6-1757771553/dsp-isin-debt-portfolio-as-on-30-nov-2024.xlsx
2026-08-22 15:16:40,513 INFO backfill_amfi_monthly_portfolios: Downloaded https://www.dspim.com/media/pages/mandatory-disclosures/portfolio-disclosures/dfdef38dc6-1757771553/dsp-isin-debt-portfolio-as-on-30-nov-2024.xlsx: 398979 bytes (application/vnd.openxmlformats-officedocument.spreadsheetml.sheet)
2026-08-22 15:16:40,513 INFO mutual_fund_ingestion.agent.parser: Routing to parser=portfolio_monthly_amfi for dataset_type=portfolio_disclosure file_type=amfi_monthly_xlsx
2026-08-22 15:16:40,704 INFO backfill_amfi_monthly_portfolios: Parser portfolio_monthly_amfi: 727 records (confidence=0.80), 0 errors
2026-08-22 15:16:40,781 WARNING mutual_fund_ingestion.agent.validate: snapshot_pct_sum out of range [85.0, 115.0]: scheme='DSP Overnight Fund' reporting_date='2024-11-30' pct_sum=5.13 n_records=3
2026-08-22 15:16:40,787 INFO backfill_amfi_monthly_portfolios: Validation https://www.dspim.com/media/pages/mandatory-disclosures/portfolio-disclosures/dfdef38dc6-1757771553/dsp-isin-debt-portfolio-as-on-30-nov-2024.xlsx: 727 valid, 0 quarantined
2026-08-22 15:16:44,578 INFO backfill_amfi_monthly_portfolios: Processing 187/470: https://www.dspim.com/media/pages/mandatory-disclosures/portfolio-disclosures/95652093fc-1757771552/dsp-debt-fortnightly-portfolio-as-on-15-nov-2024.xlsx
2026-08-22 15:16:44,815 INFO backfill_amfi_monthly_portfolios: Downloaded https://www.dspim.com/media/pages/mandatory-disclosures/portfolio-disclosures/95652093fc-1757771552/dsp-debt-fortnightly-portfolio-as-on-15-nov-2024.xlsx: 314440 bytes (application/vnd.openxmlformats-officedocument.spreadsheetml.sheet)
2026-08-22 15:16:44,815 INFO mutual_fund_ingestion.agent.parser: Routing to parser=portfolio_monthly_amfi for dataset_type=portfolio_disclosure file_type=amfi_monthly_xlsx
2026-08-22 15:16:45,010 INFO backfill_amfi_monthly_portfolios: Parser portfolio_monthly_amfi: 718 records (confidence=0.80), 0 errors
2026-08-22 15:16:45,078 WARNING mutual_fund_ingestion.agent.validate: snapshot_pct_sum out of range [85.0, 115.0]: scheme='DSP Overnight Fund' reporting_date='2024-11-15' pct_sum=4.85 n_records=4
2026-08-22 15:16:45,081 INFO backfill_amfi_monthly_portfolios: Validation https://www.dspim.com/media/pages/mandatory-disclosures/portfolio-disclosures/95652093fc-1757771552/dsp-debt-fortnightly-portfolio-as-on-15-nov-2024.xlsx: 718 valid, 0 quarantined
2026-08-22 15:16:48,606 INFO backfill_amfi_monthly_portfolios: Processing 188/470: https://www.dspim.com/media/pages/mandatory-disclosures/portfolio-disclosures/97a68a01a4-1757771553/dsp-isin-debt-portfolio-as-on-31-oct-2024.xlsx
2026-08-22 15:16:48,700 INFO backfill_amfi_monthly_portfolios: Downloaded https://www.dspim.com/media/pages/mandatory-disclosures/portfolio-disclosures/97a68a01a4-1757771553/dsp-isin-debt-portfolio-as-on-31-oct-2024.xlsx: 316094 bytes (application/vnd.openxmlformats-officedocument.spreadsheetml.sheet)
2026-08-22 15:16:48,700 INFO mutual_fund_ingestion.agent.parser: Routing to parser=portfolio_monthly_amfi for dataset_type=portfolio_disclosure file_type=amfi_monthly_xlsx
2026-08-22 15:16:48,967 INFO backfill_amfi_monthly_portfolios: Parser portfolio_monthly_amfi: 713 records (confidence=0.80), 0 errors
2026-08-22 15:16:49,082 WARNING mutual_fund_ingestion.agent.validate: snapshot_pct_sum out of range [85.0, 115.0]: scheme='DSP Overnight Fund' reporting_date='2024-10-31' pct_sum=6.26 n_records=4
2026-08-22 15:16:49,082 INFO backfill_amfi_monthly_portfolios: Validation https://www.dspim.com/media/pages/mandatory-disclosures/portfolio-disclosures/97a68a01a4-1757771553/dsp-isin-debt-portfolio-as-on-31-oct-2024.xlsx: 713 valid, 0 quarantined
2026-08-22 15:16:53,445 INFO backfill_amfi_monthly_portfolios: Processing 189/470: https://www.dspim.com/media/pages/mandatory-disclosures/portfolio-disclosures/07366c929e-1757771552/dsp-isin-debt-fortnightly-portfolio-as-on-15-oct-2024.xlsx
2026-08-22 15:16:53,561 INFO backfill_amfi_monthly_portfolios: Downloaded https://www.dspim.com/media/pages/mandatory-disclosures/portfolio-disclosures/07366c929e-1757771552/dsp-isin-debt-fortnightly-portfolio-as-on-15-oct-2024.xlsx: 451340 bytes (application/vnd.openxmlformats-officedocument.spreadsheetml.sheet)
2026-08-22 15:16:53,562 INFO mutual_fund_ingestion.agent.parser: Routing to parser=portfolio_monthly_amfi for dataset_type=portfolio_disclosure file_type=amfi_monthly_xlsx
2026-08-22 15:16:53,744 INFO backfill_amfi_monthly_portfolios: Parser portfolio_monthly_amfi: 704 records (confidence=0.80), 0 errors
2026-08-22 15:16:53,824 WARNING mutual_fund_ingestion.agent.validate: snapshot_pct_sum out of range [85.0, 115.0]: scheme='DSP Overnight Fund' reporting_date='2024-10-15' pct_sum=4.43 n_records=4
2026-08-22 15:16:53,824 INFO backfill_amfi_monthly_portfolios: Validation https://www.dspim.com/media/pages/mandatory-disclosures/portfolio-disclosures/07366c929e-1757771552/dsp-isin-debt-fortnightly-portfolio-as-on-15-oct-2024.xlsx: 704 valid, 0 quarantined
2026-08-22 15:16:57,741 INFO backfill_amfi_monthly_portfolios: Processing 190/470: https://www.dspim.com/media/pages/mandatory-disclosures/portfolio-disclosures/bebf5909c3-1757771553/dsp-isin-debt-portfolio-as-on-30-sep-2024.xlsx
2026-08-22 15:16:57,987 INFO backfill_amfi_monthly_portfolios: Downloaded https://www.dspim.com/media/pages/mandatory-disclosures/portfolio-disclosures/bebf5909c3-1757771553/dsp-isin-debt-portfolio-as-on-30-sep-2024.xlsx: 451488 bytes (application/vnd.openxmlformats-officedocument.spreadsheetml.sheet)
2026-08-22 15:16:57,987 INFO mutual_fund_ingestion.agent.parser: Routing to parser=portfolio_monthly_amfi for dataset_type=portfolio_disclosure file_type=amfi_monthly_xlsx
2026-08-22 15:16:58,172 INFO backfill_amfi_monthly_portfolios: Parser portfolio_monthly_amfi: 686 records (confidence=0.80), 0 errors
2026-08-22 15:16:58,235 WARNING mutual_fund_ingestion.agent.validate: snapshot_pct_sum out of range [85.0, 115.0]: scheme='DSP Overnight Fund' reporting_date='2024-09-30' pct_sum=6.52 n_records=3
2026-08-22 15:16:58,235 INFO backfill_amfi_monthly_portfolios: Validation https://www.dspim.com/media/pages/mandatory-disclosures/portfolio-disclosures/bebf5909c3-1757771553/dsp-isin-debt-portfolio-as-on-30-sep-2024.xlsx: 686 valid, 0 quarantined
2026-08-22 15:17:01,946 INFO backfill_amfi_monthly_portfolios: Processing 191/470: https://www.dspim.com/media/pages/mandatory-disclosures/portfolio-disclosures/323ea89ead-1757771552/dsp-isin-debt-fortnightly-portfolio-as-on-15-sep-2024.xlsx
2026-08-22 15:17:02,179 INFO backfill_amfi_monthly_portfolios: Downloaded https://www.dspim.com/media/pages/mandatory-disclosures/portfolio-disclosures/323ea89ead-1757771552/dsp-isin-debt-fortnightly-portfolio-as-on-15-sep-2024.xlsx: 454869 bytes (application/vnd.openxmlformats-officedocument.spreadsheetml.sheet)
2026-08-22 15:17:02,179 INFO mutual_fund_ingestion.agent.parser: Routing to parser=portfolio_monthly_amfi for dataset_type=portfolio_disclosure file_type=amfi_monthly_xlsx
2026-08-22 15:17:02,401 INFO backfill_amfi_monthly_portfolios: Parser portfolio_monthly_amfi: 686 records (confidence=0.80), 0 errors
2026-08-22 15:17:02,483 WARNING mutual_fund_ingestion.agent.validate: snapshot_pct_sum out of range [85.0, 115.0]: scheme='DSP Overnight Fund' reporting_date='2024-09-15' pct_sum=5.89 n_records=3
2026-08-22 15:17:02,483 INFO backfill_amfi_monthly_portfolios: Validation https://www.dspim.com/media/pages/mandatory-disclosures/portfolio-disclosures/323ea89ead-1757771552/dsp-isin-debt-fortnightly-portfolio-as-on-15-sep-2024.xlsx: 686 valid, 0 quarantined
2026-08-22 15:17:06,078 INFO backfill_amfi_monthly_portfolios: Processing 192/470: https://www.dspim.com/media/pages/mandatory-disclosures/portfolio-disclosures/025552f476-1757771553/dsp-isin-debt-portfolio-as-on-31-aug-2024.xlsx
2026-08-22 15:17:06,192 INFO backfill_amfi_monthly_portfolios: Downloaded https://www.dspim.com/media/pages/mandatory-disclosures/portfolio-disclosures/025552f476-1757771553/dsp-isin-debt-portfolio-as-on-31-aug-2024.xlsx: 456432 bytes (application/vnd.openxmlformats-officedocument.spreadsheetml.sheet)
2026-08-22 15:17:06,192 INFO mutual_fund_ingestion.agent.parser: Routing to parser=portfolio_monthly_amfi for dataset_type=portfolio_disclosure file_type=amfi_monthly_xlsx
2026-08-22 15:17:06,425 INFO backfill_amfi_monthly_portfolios: Parser portfolio_monthly_amfi: 701 records (confidence=0.80), 0 errors
2026-08-22 15:17:06,512 WARNING mutual_fund_ingestion.agent.validate: snapshot_pct_sum out of range [85.0, 115.0]: scheme='DSP Overnight Fund' reporting_date='2024-08-31' pct_sum=5.38 n_records=3
2026-08-22 15:17:06,512 INFO backfill_amfi_monthly_portfolios: Validation https://www.dspim.com/media/pages/mandatory-disclosures/portfolio-disclosures/025552f476-1757771553/dsp-isin-debt-portfolio-as-on-31-aug-2024.xlsx: 701 valid, 0 quarantined
2026-08-22 15:17:10,065 INFO backfill_amfi_monthly_portfolios: Processing 193/470: https://www.dspim.com/media/pages/mandatory-disclosures/portfolio-disclosures/a551d2518b-1757771552/dsp-isin-debt-fortnightly-portfolio-as-on-15-aug-2024.xlsx
2026-08-22 15:17:10,222 INFO backfill_amfi_monthly_portfolios: Downloaded https://www.dspim.com/media/pages/mandatory-disclosures/portfolio-disclosures/a551d2518b-1757771552/dsp-isin-debt-fortnightly-portfolio-as-on-15-aug-2024.xlsx: 453917 bytes (application/vnd.openxmlformats-officedocument.spreadsheetml.sheet)
2026-08-22 15:17:10,222 INFO mutual_fund_ingestion.agent.parser: Routing to parser=portfolio_monthly_amfi for dataset_type=portfolio_disclosure file_type=amfi_monthly_xlsx
2026-08-22 15:17:10,380 INFO backfill_amfi_monthly_portfolios: Parser portfolio_monthly_amfi: 667 records (confidence=0.80), 0 errors
2026-08-22 15:17:10,444 WARNING mutual_fund_ingestion.agent.validate: snapshot_pct_sum out of range [85.0, 115.0]: scheme='DSP Regular Savings Fund' reporting_date='2024-08-15' pct_sum=20.56 n_records=31
2026-08-22 15:17:10,444 WARNING mutual_fund_ingestion.agent.validate: snapshot_pct_sum out of range [85.0, 115.0]: scheme='DSP Overnight Fund' reporting_date='2024-08-15' pct_sum=4.52 n_records=3
2026-08-22 15:17:10,444 INFO backfill_amfi_monthly_portfolios: Validation https://www.dspim.com/media/pages/mandatory-disclosures/portfolio-disclosures/a551d2518b-1757771552/dsp-isin-debt-fortnightly-portfolio-as-on-15-aug-2024.xlsx: 667 valid, 0 quarantined
2026-08-22 15:17:13,520 INFO backfill_amfi_monthly_portfolios: Processing 194/470: https://www.dspim.com/media/pages/mandatory-disclosures/portfolio-disclosures/81cc96e8c0-1757771553/dsp-isin-debt-portfolio-as-on-31-jul-2024.xlsx
2026-08-22 15:17:13,724 INFO backfill_amfi_monthly_portfolios: Downloaded https://www.dspim.com/media/pages/mandatory-disclosures/portfolio-disclosures/81cc96e8c0-1757771553/dsp-isin-debt-portfolio-as-on-31-jul-2024.xlsx: 452724 bytes (application/vnd.openxmlformats-officedocument.spreadsheetml.sheet)
2026-08-22 15:17:13,724 INFO mutual_fund_ingestion.agent.parser: Routing to parser=portfolio_monthly_amfi for dataset_type=portfolio_disclosure file_type=amfi_monthly_xlsx
2026-08-22 15:17:13,939 INFO backfill_amfi_monthly_portfolios: Parser portfolio_monthly_amfi: 680 records (confidence=0.80), 0 errors
2026-08-22 15:17:14,031 WARNING mutual_fund_ingestion.agent.validate: snapshot_pct_sum out of range [85.0, 115.0]: scheme='DSP Overnight Fund' reporting_date='2024-07-31' pct_sum=5.79 n_records=4
2026-08-22 15:17:14,031 INFO backfill_amfi_monthly_portfolios: Validation https://www.dspim.com/media/pages/mandatory-disclosures/portfolio-disclosures/81cc96e8c0-1757771553/dsp-isin-debt-portfolio-as-on-31-jul-2024.xlsx: 680 valid, 0 quarantined
2026-08-22 15:17:17,780 INFO backfill_amfi_monthly_portfolios: Processing 195/470: https://www.dspim.com/media/pages/mandatory-disclosures/portfolio-disclosures/74fa813248-1757771552/dsp-isin-debt-fortnightly-portfolio-as-on-15-jul-2024.xlsx
2026-08-22 15:17:17,916 INFO backfill_amfi_monthly_portfolios: Downloaded https://www.dspim.com/media/pages/mandatory-disclosures/portfolio-disclosures/74fa813248-1757771552/dsp-isin-debt-fortnightly-portfolio-as-on-15-jul-2024.xlsx: 457203 bytes (application/vnd.openxmlformats-officedocument.spreadsheetml.sheet)
2026-08-22 15:17:17,916 INFO mutual_fund_ingestion.agent.parser: Routing to parser=portfolio_monthly_amfi for dataset_type=portfolio_disclosure file_type=amfi_monthly_xlsx
2026-08-22 15:17:18,068 INFO backfill_amfi_monthly_portfolios: Parser portfolio_monthly_amfi: 679 records (confidence=0.80), 0 errors
2026-08-22 15:17:18,121 WARNING mutual_fund_ingestion.agent.validate: snapshot_pct_sum out of range [85.0, 115.0]: scheme='DSP Overnight Fund' reporting_date='2024-07-15' pct_sum=5.32 n_records=3
2026-08-22 15:17:18,121 INFO backfill_amfi_monthly_portfolios: Validation https://www.dspim.com/media/pages/mandatory-disclosures/portfolio-disclosures/74fa813248-1757771552/dsp-isin-debt-fortnightly-portfolio-as-on-15-jul-2024.xlsx: 679 valid, 0 quarantined
2026-08-22 15:17:21,278 INFO backfill_amfi_monthly_portfolios: Processing 196/470: https://www.dspim.com/media/pages/mandatory-disclosures/portfolio-disclosures/6956f1d407-1757771553/dsp-isin-debt-portfolio-as-on-30-jun-2024.xlsx
2026-08-22 15:17:21,392 INFO backfill_amfi_monthly_portfolios: Downloaded https://www.dspim.com/media/pages/mandatory-disclosures/portfolio-disclosures/6956f1d407-1757771553/dsp-isin-debt-portfolio-as-on-30-jun-2024.xlsx: 456662 bytes (application/vnd.openxmlformats-officedocument.spreadsheetml.sheet)
2026-08-22 15:17:21,392 INFO mutual_fund_ingestion.agent.parser: Routing to parser=portfolio_monthly_amfi for dataset_type=portfolio_disclosure file_type=amfi_monthly_xlsx
2026-08-22 15:17:21,622 INFO backfill_amfi_monthly_portfolios: Parser portfolio_monthly_amfi: 663 records (confidence=0.80), 0 errors
2026-08-22 15:17:21,696 WARNING mutual_fund_ingestion.agent.validate: snapshot_pct_sum out of range [85.0, 115.0]: scheme='DSP Liquidity Fund' reporting_date='2024-06-30' pct_sum=115.55 n_records=96
2026-08-22 15:17:21,696 WARNING mutual_fund_ingestion.agent.validate: snapshot_pct_sum out of range [85.0, 115.0]: scheme='DSP Overnight Fund' reporting_date='2024-06-30' pct_sum=8.43 n_records=3
2026-08-22 15:17:21,697 INFO backfill_amfi_monthly_portfolios: Validation https://www.dspim.com/media/pages/mandatory-disclosures/portfolio-disclosures/6956f1d407-1757771553/dsp-isin-debt-portfolio-as-on-30-jun-2024.xlsx: 663 valid, 0 quarantined
2026-08-22 15:17:25,154 INFO backfill_amfi_monthly_portfolios: Processing 197/470: https://www.dspim.com/media/pages/mandatory-disclosures/portfolio-disclosures/c5b90e2240-1757771552/dsp-isin-debt-fortnightly-portfolio-as-on-15-jun-2024.xlsx
2026-08-22 15:17:25,246 INFO backfill_amfi_monthly_portfolios: Downloaded https://www.dspim.com/media/pages/mandatory-disclosures/portfolio-disclosures/c5b90e2240-1757771552/dsp-isin-debt-fortnightly-portfolio-as-on-15-jun-2024.xlsx: 448699 bytes (application/vnd.openxmlformats-officedocument.spreadsheetml.sheet)
2026-08-22 15:17:25,246 INFO mutual_fund_ingestion.agent.parser: Routing to parser=portfolio_monthly_amfi for dataset_type=portfolio_disclosure file_type=amfi_monthly_xlsx
2026-08-22 15:17:25,433 INFO backfill_amfi_monthly_portfolios: Parser portfolio_monthly_amfi: 669 records (confidence=0.80), 0 errors
2026-08-22 15:17:25,496 WARNING mutual_fund_ingestion.agent.validate: snapshot_pct_sum out of range [85.0, 115.0]: scheme='DSP Overnight Fund' reporting_date='2024-06-15' pct_sum=5.52 n_records=2
2026-08-22 15:17:25,496 INFO backfill_amfi_monthly_portfolios: Validation https://www.dspim.com/media/pages/mandatory-disclosures/portfolio-disclosures/c5b90e2240-1757771552/dsp-isin-debt-fortnightly-portfolio-as-on-15-jun-2024.xlsx: 669 valid, 0 quarantined
2026-08-22 15:17:28,872 INFO backfill_amfi_monthly_portfolios: Processing 198/470: https://www.dspim.com/media/pages/mandatory-disclosures/portfolio-disclosures/de0b936d8f-1757771552/dsp-isin-debt-fortnightly-portfolio-as-on-31-may-2024.xlsx
2026-08-22 15:17:28,991 INFO backfill_amfi_monthly_portfolios: Downloaded https://www.dspim.com/media/pages/mandatory-disclosures/portfolio-disclosures/de0b936d8f-1757771552/dsp-isin-debt-fortnightly-portfolio-as-on-31-may-2024.xlsx: 448854 bytes (application/vnd.openxmlformats-officedocument.spreadsheetml.sheet)
2026-08-22 15:17:28,991 INFO mutual_fund_ingestion.agent.parser: Routing to parser=portfolio_monthly_amfi for dataset_type=portfolio_disclosure file_type=amfi_monthly_xlsx
2026-08-22 15:17:29,139 INFO backfill_amfi_monthly_portfolios: Parser portfolio_monthly_amfi: 657 records (confidence=0.80), 0 errors
2026-08-22 15:17:29,195 WARNING mutual_fund_ingestion.agent.validate: snapshot_pct_sum out of range [85.0, 115.0]: scheme='DSP Credit Risk Fund' reporting_date='2024-05-31' pct_sum=82.91 n_records=16
2026-08-22 15:17:29,195 WARNING mutual_fund_ingestion.agent.validate: snapshot_pct_sum out of range [85.0, 115.0]: scheme='DSP Overnight Fund' reporting_date='2024-05-31' pct_sum=7.0 n_records=3
2026-08-22 15:17:29,195 INFO backfill_amfi_monthly_portfolios: Validation https://www.dspim.com/media/pages/mandatory-disclosures/portfolio-disclosures/de0b936d8f-1757771552/dsp-isin-debt-fortnightly-portfolio-as-on-31-may-2024.xlsx: 657 valid, 0 quarantined
2026-08-22 15:17:32,111 INFO backfill_amfi_monthly_portfolios: Processing 199/470: https://www.dspim.com/media/pages/mandatory-disclosures/portfolio-disclosures/f1998fec45-1757771552/dsp-isin-debt-fortnightly-portfolio-as-on-15-may-2024.xlsx
2026-08-22 15:17:32,227 INFO backfill_amfi_monthly_portfolios: Downloaded https://www.dspim.com/media/pages/mandatory-disclosures/portfolio-disclosures/f1998fec45-1757771552/dsp-isin-debt-fortnightly-portfolio-as-on-15-may-2024.xlsx: 452450 bytes (application/vnd.openxmlformats-officedocument.spreadsheetml.sheet)
2026-08-22 15:17:32,227 INFO mutual_fund_ingestion.agent.parser: Routing to parser=portfolio_monthly_amfi for dataset_type=portfolio_disclosure file_type=amfi_monthly_xlsx
2026-08-22 15:17:32,378 INFO backfill_amfi_monthly_portfolios: Parser portfolio_monthly_amfi: 635 records (confidence=0.80), 0 errors
2026-08-22 15:17:32,432 WARNING mutual_fund_ingestion.agent.validate: snapshot_pct_sum out of range [85.0, 115.0]: scheme='DSP Overnight Fund' reporting_date='2024-05-15' pct_sum=5.36 n_records=3
2026-08-22 15:17:32,432 INFO backfill_amfi_monthly_portfolios: Validation https://www.dspim.com/media/pages/mandatory-disclosures/portfolio-disclosures/f1998fec45-1757771552/dsp-isin-debt-fortnightly-portfolio-as-on-15-may-2024.xlsx: 635 valid, 0 quarantined
2026-08-22 15:17:35,762 INFO backfill_amfi_monthly_portfolios: Processing 200/470: https://www.dspim.com/media/pages/mandatory-disclosures/portfolio-disclosures/a8fcd5410c-1757771553/dsp-isin-debt-portfolio-as-on-30-apr-2024.xlsx
2026-08-22 15:17:35,864 INFO backfill_amfi_monthly_portfolios: Downloaded https://www.dspim.com/media/pages/mandatory-disclosures/portfolio-disclosures/a8fcd5410c-1757771553/dsp-isin-debt-portfolio-as-on-30-apr-2024.xlsx: 445414 bytes (application/vnd.openxmlformats-officedocument.spreadsheetml.sheet)
2026-08-22 15:17:35,864 INFO mutual_fund_ingestion.agent.parser: Routing to parser=portfolio_monthly_amfi for dataset_type=portfolio_disclosure file_type=amfi_monthly_xlsx
2026-08-22 15:17:36,072 INFO backfill_amfi_monthly_portfolios: Parser portfolio_monthly_amfi: 615 records (confidence=0.80), 0 errors
2026-08-22 15:17:36,150 WARNING mutual_fund_ingestion.agent.validate: snapshot_pct_sum out of range [85.0, 115.0]: scheme='DSP Strategic Bond Fund' reporting_date='2024-04-30' pct_sum=82.66 n_records=13
2026-08-22 15:17:36,150 WARNING mutual_fund_ingestion.agent.validate: snapshot_pct_sum out of range [85.0, 115.0]: scheme='DSP Overnight Fund' reporting_date='2024-04-30' pct_sum=5.36 n_records=3
2026-08-22 15:17:36,150 INFO backfill_amfi_monthly_portfolios: Validation https://www.dspim.com/media/pages/mandatory-disclosures/portfolio-disclosures/a8fcd5410c-1757771553/dsp-isin-debt-portfolio-as-on-30-apr-2024.xlsx: 615 valid, 0 quarantined
2026-08-22 15:17:39,574 INFO backfill_amfi_monthly_portfolios: Processing 201/470: https://www.dspim.com/media/pages/mandatory-disclosures/portfolio-disclosures/8fc0e1b0ec-1757771552/dsp-isin-debt-fortnightly-portfolio-as-on-15-apr-2024.xlsx
2026-08-22 15:17:40,061 INFO backfill_amfi_monthly_portfolios: Downloaded https://www.dspim.com/media/pages/mandatory-disclosures/portfolio-disclosures/8fc0e1b0ec-1757771552/dsp-isin-debt-fortnightly-portfolio-as-on-15-apr-2024.xlsx: 443947 bytes (application/vnd.openxmlformats-officedocument.spreadsheetml.sheet)
2026-08-22 15:17:40,061 INFO mutual_fund_ingestion.agent.parser: Routing to parser=portfolio_monthly_amfi for dataset_type=portfolio_disclosure file_type=amfi_monthly_xlsx
2026-08-22 15:17:40,209 INFO backfill_amfi_monthly_portfolios: Parser portfolio_monthly_amfi: 596 records (confidence=0.80), 0 errors
2026-08-22 15:17:40,272 WARNING mutual_fund_ingestion.agent.validate: snapshot_pct_sum out of range [85.0, 115.0]: scheme='DSP Overnight Fund' reporting_date='2024-04-15' pct_sum=4.13 n_records=2
2026-08-22 15:17:40,272 INFO backfill_amfi_monthly_portfolios: Validation https://www.dspim.com/media/pages/mandatory-disclosures/portfolio-disclosures/8fc0e1b0ec-1757771552/dsp-isin-debt-fortnightly-portfolio-as-on-15-apr-2024.xlsx: 596 valid, 0 quarantined
2026-08-22 15:17:43,009 INFO backfill_amfi_monthly_portfolios: Processing 202/470: https://www.dspim.com/media/pages/mandatory-disclosures/portfolio-disclosures/e577062ba9-1757771554/dsp-isin-debt-portfolio-as-on-mar-2024.xlsx
2026-08-22 15:17:43,158 INFO backfill_amfi_monthly_portfolios: Downloaded https://www.dspim.com/media/pages/mandatory-disclosures/portfolio-disclosures/e577062ba9-1757771554/dsp-isin-debt-portfolio-as-on-mar-2024.xlsx: 442679 bytes (application/vnd.openxmlformats-officedocument.spreadsheetml.sheet)
2026-08-22 15:17:43,158 INFO mutual_fund_ingestion.agent.parser: Routing to parser=portfolio_monthly_amfi for dataset_type=portfolio_disclosure file_type=amfi_monthly_xlsx
2026-08-22 15:17:43,300 INFO backfill_amfi_monthly_portfolios: Parser portfolio_monthly_amfi: 580 records (confidence=0.80), 0 errors
2026-08-22 15:17:43,346 WARNING mutual_fund_ingestion.agent.validate: snapshot_pct_sum out of range [85.0, 115.0]: scheme='DSP Liquidity Fund' reporting_date='2024-03-31' pct_sum=119.82 n_records=63
2026-08-22 15:17:43,346 WARNING mutual_fund_ingestion.agent.validate: snapshot_pct_sum out of range [85.0, 115.0]: scheme='DSP Overnight Fund' reporting_date='2024-03-31' pct_sum=12.99 n_records=3
2026-08-22 15:17:43,346 INFO backfill_amfi_monthly_portfolios: Validation https://www.dspim.com/media/pages/mandatory-disclosures/portfolio-disclosures/e577062ba9-1757771554/dsp-isin-debt-portfolio-as-on-mar-2024.xlsx: 580 valid, 0 quarantined
2026-08-22 15:17:46,103 INFO backfill_amfi_monthly_portfolios: Processing 203/470: https://www.dspim.com/media/pages/mandatory-disclosures/portfolio-disclosures/0b4fcbd151-1757771554/dsp-isin-debt-portfolio-fortnightly-as-on-mar-2024.xlsx
2026-08-22 15:17:46,284 INFO backfill_amfi_monthly_portfolios: Downloaded https://www.dspim.com/media/pages/mandatory-disclosures/portfolio-disclosures/0b4fcbd151-1757771554/dsp-isin-debt-portfolio-fortnightly-as-on-mar-2024.xlsx: 408535 bytes (application/vnd.openxmlformats-officedocument.spreadsheetml.sheet)
2026-08-22 15:17:46,284 INFO mutual_fund_ingestion.agent.parser: Routing to parser=portfolio_monthly_amfi for dataset_type=portfolio_disclosure file_type=amfi_monthly_xlsx
2026-08-22 15:17:46,446 INFO backfill_amfi_monthly_portfolios: Parser portfolio_monthly_amfi: 599 records (confidence=0.80), 0 errors
2026-08-22 15:17:46,501 WARNING mutual_fund_ingestion.agent.validate: snapshot_pct_sum out of range [85.0, 115.0]: scheme='DSP Overnight Fund' reporting_date='2024-03-15' pct_sum=6.25 n_records=3
2026-08-22 15:17:46,501 INFO backfill_amfi_monthly_portfolios: Validation https://www.dspim.com/media/pages/mandatory-disclosures/portfolio-disclosures/0b4fcbd151-1757771554/dsp-isin-debt-portfolio-fortnightly-as-on-mar-2024.xlsx: 599 valid, 0 quarantined
2026-08-22 15:17:49,366 INFO backfill_amfi_monthly_portfolios: Processing 204/470: https://www.dspim.com/media/pages/mandatory-disclosures/portfolio-disclosures/af520081bc-1757771554/dsp-isin-debt-portfolio-as-on-feb-2024.xlsx
2026-08-22 15:17:49,539 INFO backfill_amfi_monthly_portfolios: Downloaded https://www.dspim.com/media/pages/mandatory-disclosures/portfolio-disclosures/af520081bc-1757771554/dsp-isin-debt-portfolio-as-on-feb-2024.xlsx: 411484 bytes (application/vnd.openxmlformats-officedocument.spreadsheetml.sheet)
2026-08-22 15:17:49,539 INFO mutual_fund_ingestion.agent.parser: Routing to parser=portfolio_monthly_amfi for dataset_type=portfolio_disclosure file_type=amfi_monthly_xlsx
2026-08-22 15:17:49,697 INFO backfill_amfi_monthly_portfolios: Parser portfolio_monthly_amfi: 642 records (confidence=0.80), 0 errors
2026-08-22 15:17:49,750 WARNING mutual_fund_ingestion.agent.validate: snapshot_pct_sum out of range [85.0, 115.0]: scheme='DSP Overnight Fund' reporting_date='2024-02-29' pct_sum=5.16 n_records=2
2026-08-22 15:17:49,750 INFO backfill_amfi_monthly_portfolios: Validation https://www.dspim.com/media/pages/mandatory-disclosures/portfolio-disclosures/af520081bc-1757771554/dsp-isin-debt-portfolio-as-on-feb-2024.xlsx: 642 valid, 0 quarantined
2026-08-22 15:17:53,799 INFO backfill_amfi_monthly_portfolios: Processing 205/470: https://www.dspim.com/media/pages/mandatory-disclosures/portfolio-disclosures/0efde4e491-1757771554/dsp-isin-debt-portfolio-as-on-fortnightly-feb-15-2024.xlsx
2026-08-22 15:17:53,907 INFO backfill_amfi_monthly_portfolios: Downloaded https://www.dspim.com/media/pages/mandatory-disclosures/portfolio-disclosures/0efde4e491-1757771554/dsp-isin-debt-portfolio-as-on-fortnightly-feb-15-2024.xlsx: 410931 bytes (application/vnd.openxmlformats-officedocument.spreadsheetml.sheet)
2026-08-22 15:17:53,908 INFO mutual_fund_ingestion.agent.parser: Routing to parser=portfolio_monthly_amfi for dataset_type=portfolio_disclosure file_type=amfi_monthly_xlsx
2026-08-22 15:17:54,048 INFO backfill_amfi_monthly_portfolios: Parser portfolio_monthly_amfi: 633 records (confidence=0.80), 0 errors
2026-08-22 15:17:54,105 WARNING mutual_fund_ingestion.agent.validate: snapshot_pct_sum out of range [85.0, 115.0]: scheme='DSP Overnight Fund' reporting_date='2024-02-15' pct_sum=4.01 n_records=3
2026-08-22 15:17:54,105 INFO backfill_amfi_monthly_portfolios: Validation https://www.dspim.com/media/pages/mandatory-disclosures/portfolio-disclosures/0efde4e491-1757771554/dsp-isin-debt-portfolio-as-on-fortnightly-feb-15-2024.xlsx: 633 valid, 0 quarantined
2026-08-22 15:17:56,938 INFO backfill_amfi_monthly_portfolios: Processing 206/470: https://www.dspim.com/media/pages/mandatory-disclosures/portfolio-disclosures/03781b8ed6-1757771554/dsp-isin-debt-portfolio-as-on-jan-2024.xlsx
2026-08-22 15:17:57,127 INFO backfill_amfi_monthly_portfolios: Downloaded https://www.dspim.com/media/pages/mandatory-disclosures/portfolio-disclosures/03781b8ed6-1757771554/dsp-isin-debt-portfolio-as-on-jan-2024.xlsx: 406830 bytes (application/vnd.openxmlformats-officedocument.spreadsheetml.sheet)
2026-08-22 15:17:57,131 INFO mutual_fund_ingestion.agent.parser: Routing to parser=portfolio_monthly_amfi for dataset_type=portfolio_disclosure file_type=amfi_monthly_xlsx
2026-08-22 15:17:57,289 INFO backfill_amfi_monthly_portfolios: Parser portfolio_monthly_amfi: 608 records (confidence=0.80), 0 errors
2026-08-22 15:17:57,344 WARNING mutual_fund_ingestion.agent.validate: snapshot_pct_sum out of range [85.0, 115.0]: scheme='DSP Government Securities Fund' reporting_date='2024-01-31' pct_sum=84.75 n_records=7
2026-08-22 15:17:57,344 WARNING mutual_fund_ingestion.agent.validate: snapshot_pct_sum out of range [85.0, 115.0]: scheme='DSP Overnight Fund' reporting_date='2024-01-31' pct_sum=5.14 n_records=4
2026-08-22 15:17:57,344 INFO backfill_amfi_monthly_portfolios: Validation https://www.dspim.com/media/pages/mandatory-disclosures/portfolio-disclosures/03781b8ed6-1757771554/dsp-isin-debt-portfolio-as-on-jan-2024.xlsx: 608 valid, 0 quarantined
2026-08-22 15:18:00,866 INFO backfill_amfi_monthly_portfolios: Processing 207/470: https://www.dspim.com/media/pages/mandatory-disclosures/portfolio-disclosures/41b1deef1d-1757771552/dsp-isin-debt-liquid-etf-portfolio-fortnigthly-as-on-jan-15-2024.xlsx
2026-08-22 15:18:01,099 INFO backfill_amfi_monthly_portfolios: Downloaded https://www.dspim.com/media/pages/mandatory-disclosures/portfolio-disclosures/41b1deef1d-1757771552/dsp-isin-debt-liquid-etf-portfolio-fortnigthly-as-on-jan-15-2024.xlsx: 407651 bytes (application/vnd.openxmlformats-officedocument.spreadsheetml.sheet)
2026-08-22 15:18:01,099 INFO mutual_fund_ingestion.agent.parser: Routing to parser=portfolio_monthly_amfi for dataset_type=portfolio_disclosure file_type=amfi_monthly_xlsx
2026-08-22 15:18:01,254 INFO backfill_amfi_monthly_portfolios: Parser portfolio_monthly_amfi: 622 records (confidence=0.80), 0 errors
2026-08-22 15:18:01,311 WARNING mutual_fund_ingestion.agent.validate: snapshot_pct_sum out of range [85.0, 115.0]: scheme='DSP Overnight Fund' reporting_date='2024-01-15' pct_sum=4.84 n_records=3
2026-08-22 15:18:01,311 INFO backfill_amfi_monthly_portfolios: Validation https://www.dspim.com/media/pages/mandatory-disclosures/portfolio-disclosures/41b1deef1d-1757771552/dsp-isin-debt-liquid-etf-portfolio-fortnigthly-as-on-jan-15-2024.xlsx: 622 valid, 0 quarantined
2026-08-22 15:18:04,245 INFO backfill_amfi_monthly_portfolios: Processing 208/470: https://www.dspim.com/media/pages/mandatory-disclosures/portfolio-disclosures/951d1e434f-1757771554/dsp-isin-debt-portfolio-as-on-dec-2023.xlsx
2026-08-22 15:18:04,381 INFO backfill_amfi_monthly_portfolios: Downloaded https://www.dspim.com/media/pages/mandatory-disclosures/portfolio-disclosures/951d1e434f-1757771554/dsp-isin-debt-portfolio-as-on-dec-2023.xlsx: 407787 bytes (application/vnd.openxmlformats-officedocument.spreadsheetml.sheet)
2026-08-22 15:18:04,381 INFO mutual_fund_ingestion.agent.parser: Routing to parser=portfolio_monthly_amfi for dataset_type=portfolio_disclosure file_type=amfi_monthly_xlsx
2026-08-22 15:18:04,600 INFO backfill_amfi_monthly_portfolios: Parser portfolio_monthly_amfi: 612 records (confidence=0.80), 0 errors
2026-08-22 15:18:04,676 WARNING mutual_fund_ingestion.agent.validate: snapshot_pct_sum out of range [85.0, 115.0]: scheme='DSP Overnight Fund' reporting_date='2023-12-31' pct_sum=6.61 n_records=3
2026-08-22 15:18:04,676 INFO backfill_amfi_monthly_portfolios: Validation https://www.dspim.com/media/pages/mandatory-disclosures/portfolio-disclosures/951d1e434f-1757771554/dsp-isin-debt-portfolio-as-on-dec-2023.xlsx: 612 valid, 0 quarantined
2026-08-22 15:18:08,928 INFO backfill_amfi_monthly_portfolios: Processing 209/470: https://www.dspim.com/media/pages/mandatory-disclosures/portfolio-disclosures/55ed3e87a8-1757771554/dsp-isin-debt-portfolio-as-on-fortnightly-dec-15-2023.xlsx
2026-08-22 15:18:09,116 INFO backfill_amfi_monthly_portfolios: Downloaded https://www.dspim.com/media/pages/mandatory-disclosures/portfolio-disclosures/55ed3e87a8-1757771554/dsp-isin-debt-portfolio-as-on-fortnightly-dec-15-2023.xlsx: 406789 bytes (application/vnd.openxmlformats-officedocument.spreadsheetml.sheet)
2026-08-22 15:18:09,116 INFO mutual_fund_ingestion.agent.parser: Routing to parser=portfolio_monthly_amfi for dataset_type=portfolio_disclosure file_type=amfi_monthly_xlsx
2026-08-22 15:18:09,304 INFO backfill_amfi_monthly_portfolios: Parser portfolio_monthly_amfi: 610 records (confidence=0.80), 0 errors
2026-08-22 15:18:09,378 WARNING mutual_fund_ingestion.agent.validate: snapshot_pct_sum out of range [85.0, 115.0]: scheme='DSP Overnight Fund' reporting_date='2023-12-15' pct_sum=9.04 n_records=3
2026-08-22 15:18:09,378 INFO backfill_amfi_monthly_portfolios: Validation https://www.dspim.com/media/pages/mandatory-disclosures/portfolio-disclosures/55ed3e87a8-1757771554/dsp-isin-debt-portfolio-as-on-fortnightly-dec-15-2023.xlsx: 610 valid, 0 quarantined
2026-08-22 15:18:13,198 INFO backfill_amfi_monthly_portfolios: Processing 210/470: https://www.dspim.com/media/pages/mandatory-disclosures/portfolio-disclosures/457e06571d-1757771554/dsp-isin-debt-portfolio-as-on-nov-2023.xlsx
2026-08-22 15:18:13,472 INFO backfill_amfi_monthly_portfolios: Downloaded https://www.dspim.com/media/pages/mandatory-disclosures/portfolio-disclosures/457e06571d-1757771554/dsp-isin-debt-portfolio-as-on-nov-2023.xlsx: 407583 bytes (application/vnd.openxmlformats-officedocument.spreadsheetml.sheet)
2026-08-22 15:18:13,472 INFO mutual_fund_ingestion.agent.parser: Routing to parser=portfolio_monthly_amfi for dataset_type=portfolio_disclosure file_type=amfi_monthly_xlsx
2026-08-22 15:18:13,682 INFO backfill_amfi_monthly_portfolios: Parser portfolio_monthly_amfi: 602 records (confidence=0.80), 0 errors
2026-08-22 15:18:13,776 WARNING mutual_fund_ingestion.agent.validate: snapshot_pct_sum out of range [85.0, 115.0]: scheme='DSP Short Term Fund' reporting_date='2023-11-30' pct_sum=83.82 n_records=46
2026-08-22 15:18:13,776 WARNING mutual_fund_ingestion.agent.validate: snapshot_pct_sum out of range [85.0, 115.0]: scheme='DSP Strategic Bond Fund' reporting_date='2023-11-30' pct_sum=74.87 n_records=17
2026-08-22 15:18:13,776 WARNING mutual_fund_ingestion.agent.validate: snapshot_pct_sum out of range [85.0, 115.0]: scheme='DSP Government Securities Fund' reporting_date='2023-11-30' pct_sum=81.68 n_records=7
2026-08-22 15:18:13,776 WARNING mutual_fund_ingestion.agent.validate: snapshot_pct_sum out of range [85.0, 115.0]: scheme='DSP Overnight Fund' reporting_date='2023-11-30' pct_sum=5.13 n_records=3
2026-08-22 15:18:13,776 INFO backfill_amfi_monthly_portfolios: Validation https://www.dspim.com/media/pages/mandatory-disclosures/portfolio-disclosures/457e06571d-1757771554/dsp-isin-debt-portfolio-as-on-nov-2023.xlsx: 602 valid, 0 quarantined
2026-08-22 15:18:17,769 INFO backfill_amfi_monthly_portfolios: Processing 211/470: https://www.dspim.com/media/pages/mandatory-disclosures/portfolio-disclosures/2aea4e2ccb-1757771552/dsp-isin-debt-liquid-etf-portfolio-fortnightly-as-on-15-nov-2023.xlsx
2026-08-22 15:18:18,007 INFO backfill_amfi_monthly_portfolios: Downloaded https://www.dspim.com/media/pages/mandatory-disclosures/portfolio-disclosures/2aea4e2ccb-1757771552/dsp-isin-debt-liquid-etf-portfolio-fortnightly-as-on-15-nov-2023.xlsx: 408178 bytes (application/vnd.openxmlformats-officedocument.spreadsheetml.sheet)
2026-08-22 15:18:18,007 INFO mutual_fund_ingestion.agent.parser: Routing to parser=portfolio_monthly_amfi for dataset_type=portfolio_disclosure file_type=amfi_monthly_xlsx
2026-08-22 15:18:18,162 INFO backfill_amfi_monthly_portfolios: Parser portfolio_monthly_amfi: 621 records (confidence=0.80), 0 errors
2026-08-22 15:18:18,222 WARNING mutual_fund_ingestion.agent.validate: snapshot_pct_sum out of range [85.0, 115.0]: scheme='DSP Overnight Fund' reporting_date='2023-11-15' pct_sum=4.53 n_records=3
2026-08-22 15:18:18,222 INFO backfill_amfi_monthly_portfolios: Validation https://www.dspim.com/media/pages/mandatory-disclosures/portfolio-disclosures/2aea4e2ccb-1757771552/dsp-isin-debt-liquid-etf-portfolio-fortnightly-as-on-15-nov-2023.xlsx: 621 valid, 0 quarantined
2026-08-22 15:18:21,003 INFO backfill_amfi_monthly_portfolios: Processing 212/470: https://www.dspim.com/media/pages/mandatory-disclosures/portfolio-disclosures/32ae54fa8c-1757771554/dsp-isin-debt-portfolio-as-on-oct-2023.xlsx
2026-08-22 15:18:21,173 INFO backfill_amfi_monthly_portfolios: Downloaded https://www.dspim.com/media/pages/mandatory-disclosures/portfolio-disclosures/32ae54fa8c-1757771554/dsp-isin-debt-portfolio-as-on-oct-2023.xlsx: 407912 bytes (application/vnd.openxmlformats-officedocument.spreadsheetml.sheet)
2026-08-22 15:18:21,173 INFO mutual_fund_ingestion.agent.parser: Routing to parser=portfolio_monthly_amfi for dataset_type=portfolio_disclosure file_type=amfi_monthly_xlsx
2026-08-22 15:18:21,316 INFO backfill_amfi_monthly_portfolios: Parser portfolio_monthly_amfi: 636 records (confidence=0.80), 0 errors
2026-08-22 15:18:21,366 WARNING mutual_fund_ingestion.agent.validate: snapshot_pct_sum out of range [85.0, 115.0]: scheme='DSP Overnight Fund' reporting_date='2023-10-31' pct_sum=5.78 n_records=6
2026-08-22 15:18:21,366 INFO backfill_amfi_monthly_portfolios: Validation https://www.dspim.com/media/pages/mandatory-disclosures/portfolio-disclosures/32ae54fa8c-1757771554/dsp-isin-debt-portfolio-as-on-oct-2023.xlsx: 636 valid, 0 quarantined
2026-08-22 15:18:24,299 INFO backfill_amfi_monthly_portfolios: Processing 213/470: https://www.dspim.com/media/pages/mandatory-disclosures/portfolio-disclosures/248b0d47cb-1757771554/dsp-isin-debt-portfolio-as-on-oct-15-2023.xlsx
2026-08-22 15:18:24,479 INFO backfill_amfi_monthly_portfolios: Downloaded https://www.dspim.com/media/pages/mandatory-disclosures/portfolio-disclosures/248b0d47cb-1757771554/dsp-isin-debt-portfolio-as-on-oct-15-2023.xlsx: 405412 bytes (application/vnd.openxmlformats-officedocument.spreadsheetml.sheet)
2026-08-22 15:18:24,479 INFO mutual_fund_ingestion.agent.parser: Routing to parser=portfolio_monthly_amfi for dataset_type=portfolio_disclosure file_type=amfi_monthly_xlsx
2026-08-22 15:18:24,735 INFO backfill_amfi_monthly_portfolios: Parser portfolio_monthly_amfi: 622 records (confidence=0.80), 0 errors
2026-08-22 15:18:24,818 WARNING mutual_fund_ingestion.agent.validate: snapshot_pct_sum out of range [85.0, 115.0]: scheme='DSP Overnight Fund' reporting_date='2023-10-15' pct_sum=5.98 n_records=4
2026-08-22 15:18:24,819 INFO backfill_amfi_monthly_portfolios: Validation https://www.dspim.com/media/pages/mandatory-disclosures/portfolio-disclosures/248b0d47cb-1757771554/dsp-isin-debt-portfolio-as-on-oct-15-2023.xlsx: 622 valid, 0 quarantined
2026-08-22 15:18:28,335 INFO backfill_amfi_monthly_portfolios: Processing 214/470: https://www.dspim.com/media/pages/mandatory-disclosures/portfolio-disclosures/91552a2c0c-1757771554/dsp-isin-debt-portfolio-as-on-sep-2023-final.xlsx
2026-08-22 15:18:28,460 INFO backfill_amfi_monthly_portfolios: Downloaded https://www.dspim.com/media/pages/mandatory-disclosures/portfolio-disclosures/91552a2c0c-1757771554/dsp-isin-debt-portfolio-as-on-sep-2023-final.xlsx: 405105 bytes (application/vnd.openxmlformats-officedocument.spreadsheetml.sheet)
2026-08-22 15:18:28,460 INFO mutual_fund_ingestion.agent.parser: Routing to parser=portfolio_monthly_amfi for dataset_type=portfolio_disclosure file_type=amfi_monthly_xlsx
2026-08-22 15:18:28,599 INFO backfill_amfi_monthly_portfolios: Parser portfolio_monthly_amfi: 602 records (confidence=0.80), 0 errors
2026-08-22 15:18:28,650 WARNING mutual_fund_ingestion.agent.validate: snapshot_pct_sum out of range [85.0, 115.0]: scheme='DSP Overnight Fund' reporting_date='2023-09-30' pct_sum=4.19 n_records=3
2026-08-22 15:18:28,650 INFO backfill_amfi_monthly_portfolios: Validation https://www.dspim.com/media/pages/mandatory-disclosures/portfolio-disclosures/91552a2c0c-1757771554/dsp-isin-debt-portfolio-as-on-sep-2023-final.xlsx: 602 valid, 0 quarantined
2026-08-22 15:18:31,591 INFO backfill_amfi_monthly_portfolios: Processing 215/470: https://www.dspim.com/media/pages/mandatory-disclosures/portfolio-disclosures/d45dd27387-1757771553/dsp-isin-debt-portfolio-as-on-15th-sep-2023.xlsx
2026-08-22 15:18:31,720 INFO backfill_amfi_monthly_portfolios: Downloaded https://www.dspim.com/media/pages/mandatory-disclosures/portfolio-disclosures/d45dd27387-1757771553/dsp-isin-debt-portfolio-as-on-15th-sep-2023.xlsx: 406156 bytes (application/vnd.openxmlformats-officedocument.spreadsheetml.sheet)
2026-08-22 15:18:31,720 INFO mutual_fund_ingestion.agent.parser: Routing to parser=portfolio_monthly_amfi for dataset_type=portfolio_disclosure file_type=amfi_monthly_xlsx
2026-08-22 15:18:31,847 INFO backfill_amfi_monthly_portfolios: Parser portfolio_monthly_amfi: 623 records (confidence=0.80), 0 errors
2026-08-22 15:18:31,901 WARNING mutual_fund_ingestion.agent.validate: snapshot_pct_sum out of range [85.0, 115.0]: scheme='DSP Overnight Fund' reporting_date='2023-09-15' pct_sum=6.31 n_records=4
2026-08-22 15:18:31,901 INFO backfill_amfi_monthly_portfolios: Validation https://www.dspim.com/media/pages/mandatory-disclosures/portfolio-disclosures/d45dd27387-1757771553/dsp-isin-debt-portfolio-as-on-15th-sep-2023.xlsx: 623 valid, 0 quarantined
2026-08-22 15:18:34,714 INFO backfill_amfi_monthly_portfolios: Processing 216/470: https://www.dspim.com/media/pages/mandatory-disclosures/portfolio-disclosures/c2a98850b7-1757771552/dsp-debt-liquid-etf-isin-portfolio-as-on-aug-2023.xlsx
2026-08-22 15:18:34,909 INFO backfill_amfi_monthly_portfolios: Downloaded https://www.dspim.com/media/pages/mandatory-disclosures/portfolio-disclosures/c2a98850b7-1757771552/dsp-debt-liquid-etf-isin-portfolio-as-on-aug-2023.xlsx: 404144 bytes (application/vnd.openxmlformats-officedocument.spreadsheetml.sheet)
2026-08-22 15:18:34,909 INFO mutual_fund_ingestion.agent.parser: Routing to parser=portfolio_monthly_amfi for dataset_type=portfolio_disclosure file_type=amfi_monthly_xlsx
2026-08-22 15:18:35,028 INFO backfill_amfi_monthly_portfolios: Parser portfolio_monthly_amfi: 604 records (confidence=0.80), 0 errors
2026-08-22 15:18:35,077 WARNING mutual_fund_ingestion.agent.validate: snapshot_pct_sum out of range [85.0, 115.0]: scheme='DSP Overnight Fund' reporting_date='2023-08-31' pct_sum=4.78 n_records=5
2026-08-22 15:18:35,077 INFO backfill_amfi_monthly_portfolios: Validation https://www.dspim.com/media/pages/mandatory-disclosures/portfolio-disclosures/c2a98850b7-1757771552/dsp-debt-liquid-etf-isin-portfolio-as-on-aug-2023.xlsx: 604 valid, 0 quarantined
2026-08-22 15:18:38,627 INFO backfill_amfi_monthly_portfolios: Processing 217/470: https://www.dspim.com/media/pages/mandatory-disclosures/portfolio-disclosures/7229213a5d-1757771552/dsp-isin-debt-liquid-etf-portfolio-as-on-aug-15-2023.xlsx
2026-08-22 15:18:38,754 INFO backfill_amfi_monthly_portfolios: Downloaded https://www.dspim.com/media/pages/mandatory-disclosures/portfolio-disclosures/7229213a5d-1757771552/dsp-isin-debt-liquid-etf-portfolio-as-on-aug-15-2023.xlsx: 406497 bytes (application/vnd.openxmlformats-officedocument.spreadsheetml.sheet)
2026-08-22 15:18:38,754 INFO mutual_fund_ingestion.agent.parser: Routing to parser=portfolio_monthly_amfi for dataset_type=portfolio_disclosure file_type=amfi_monthly_xlsx
2026-08-22 15:18:38,962 INFO backfill_amfi_monthly_portfolios: Parser portfolio_monthly_amfi: 591 records (confidence=0.80), 0 errors
2026-08-22 15:18:39,038 WARNING mutual_fund_ingestion.agent.validate: snapshot_pct_sum out of range [85.0, 115.0]: scheme='DSP Regular Savings Fund' reporting_date='2023-08-15' pct_sum=24.07 n_records=24
2026-08-22 15:18:39,038 WARNING mutual_fund_ingestion.agent.validate: snapshot_pct_sum out of range [85.0, 115.0]: scheme='DSP Overnight Fund' reporting_date='2023-08-15' pct_sum=4.92 n_records=4
2026-08-22 15:18:39,038 INFO backfill_amfi_monthly_portfolios: Validation https://www.dspim.com/media/pages/mandatory-disclosures/portfolio-disclosures/7229213a5d-1757771552/dsp-isin-debt-liquid-etf-portfolio-as-on-aug-15-2023.xlsx: 591 valid, 0 quarantined
2026-08-22 15:18:42,834 INFO backfill_amfi_monthly_portfolios: Processing 218/470: https://www.dspim.com/media/pages/mandatory-disclosures/portfolio-disclosures/581f88fa95-1757771554/dsp-isin-debt-portfolio-as-on-jul-2023.xlsx
2026-08-22 15:18:43,141 INFO backfill_amfi_monthly_portfolios: Downloaded https://www.dspim.com/media/pages/mandatory-disclosures/portfolio-disclosures/581f88fa95-1757771554/dsp-isin-debt-portfolio-as-on-jul-2023.xlsx: 406161 bytes (application/vnd.openxmlformats-officedocument.spreadsheetml.sheet)
2026-08-22 15:18:43,141 INFO mutual_fund_ingestion.agent.parser: Routing to parser=portfolio_monthly_amfi for dataset_type=portfolio_disclosure file_type=amfi_monthly_xlsx
2026-08-22 15:18:43,364 INFO backfill_amfi_monthly_portfolios: Parser portfolio_monthly_amfi: 595 records (confidence=0.80), 0 errors
2026-08-22 15:18:43,451 WARNING mutual_fund_ingestion.agent.validate: snapshot_pct_sum out of range [85.0, 115.0]: scheme='DSP Regular Savings Fund' reporting_date='2023-07-31' pct_sum=24.42 n_records=23
2026-08-22 15:18:43,451 WARNING mutual_fund_ingestion.agent.validate: snapshot_pct_sum out of range [85.0, 115.0]: scheme='DSP Overnight Fund' reporting_date='2023-07-31' pct_sum=4.98 n_records=4
2026-08-22 15:18:43,451 INFO backfill_amfi_monthly_portfolios: Validation https://www.dspim.com/media/pages/mandatory-disclosures/portfolio-disclosures/581f88fa95-1757771554/dsp-isin-debt-portfolio-as-on-jul-2023.xlsx: 595 valid, 0 quarantined
2026-08-22 15:18:47,734 INFO backfill_amfi_monthly_portfolios: Processing 219/470: https://www.dspim.com/media/pages/mandatory-disclosures/portfolio-disclosures/3e2251296a-1757771552/dsp-isin-debt-portfolio-as-on-15-jul-2023.xlsx
2026-08-22 15:18:48,413 INFO backfill_amfi_monthly_portfolios: Downloaded https://www.dspim.com/media/pages/mandatory-disclosures/portfolio-disclosures/3e2251296a-1757771552/dsp-isin-debt-portfolio-as-on-15-jul-2023.xlsx: 401614 bytes (application/vnd.openxmlformats-officedocument.spreadsheetml.sheet)
2026-08-22 15:18:48,413 INFO mutual_fund_ingestion.agent.parser: Routing to parser=portfolio_monthly_amfi for dataset_type=portfolio_disclosure file_type=amfi_monthly_xlsx
2026-08-22 15:18:48,583 INFO backfill_amfi_monthly_portfolios: Parser portfolio_monthly_amfi: 595 records (confidence=0.80), 0 errors
2026-08-22 15:18:48,659 WARNING mutual_fund_ingestion.agent.validate: snapshot_pct_sum out of range [85.0, 115.0]: scheme='DSP Low Duration Fund' reporting_date='2023-07-15' pct_sum=84.64 n_records=82
2026-08-22 15:18:48,659 WARNING mutual_fund_ingestion.agent.validate: snapshot_pct_sum out of range [85.0, 115.0]: scheme='DSP Strategic Bond Fund' reporting_date='2023-07-15' pct_sum=73.07 n_records=13
2026-08-22 15:18:48,659 WARNING mutual_fund_ingestion.agent.validate: snapshot_pct_sum out of range [85.0, 115.0]: scheme='DSP Government Securities Fund' reporting_date='2023-07-15' pct_sum=80.72 n_records=6
2026-08-22 15:18:48,659 WARNING mutual_fund_ingestion.agent.validate: snapshot_pct_sum out of range [85.0, 115.0]: scheme='DSP Overnight Fund' reporting_date='2023-07-15' pct_sum=4.58 n_records=6
2026-08-22 15:18:48,659 INFO backfill_amfi_monthly_portfolios: Validation https://www.dspim.com/media/pages/mandatory-disclosures/portfolio-disclosures/3e2251296a-1757771552/dsp-isin-debt-portfolio-as-on-15-jul-2023.xlsx: 595 valid, 0 quarantined
2026-08-22 15:18:51,602 INFO backfill_amfi_monthly_portfolios: Processing 220/470: https://www.dspim.com/media/pages/mandatory-disclosures/portfolio-disclosures/0e91cd2668-1757771553/dsp-isin-debt-portfolio-as-on-30th-jun-2023.xlsx
2026-08-22 15:18:51,861 INFO backfill_amfi_monthly_portfolios: Downloaded https://www.dspim.com/media/pages/mandatory-disclosures/portfolio-disclosures/0e91cd2668-1757771553/dsp-isin-debt-portfolio-as-on-30th-jun-2023.xlsx: 401276 bytes (application/vnd.openxmlformats-officedocument.spreadsheetml.sheet)
2026-08-22 15:18:51,861 INFO mutual_fund_ingestion.agent.parser: Routing to parser=portfolio_monthly_amfi for dataset_type=portfolio_disclosure file_type=amfi_monthly_xlsx
2026-08-22 15:18:52,007 INFO backfill_amfi_monthly_portfolios: Parser portfolio_monthly_amfi: 587 records (confidence=0.80), 0 errors
2026-08-22 15:18:52,064 WARNING mutual_fund_ingestion.agent.validate: snapshot_pct_sum out of range [85.0, 115.0]: scheme='DSP Credit Risk Fund' reporting_date='2023-06-30' pct_sum=83.85 n_records=14
2026-08-22 15:18:52,064 WARNING mutual_fund_ingestion.agent.validate: snapshot_pct_sum out of range [85.0, 115.0]: scheme='DSP Strategic Bond Fund' reporting_date='2023-06-30' pct_sum=72.98 n_records=13
2026-08-22 15:18:52,064 WARNING mutual_fund_ingestion.agent.validate: snapshot_pct_sum out of range [85.0, 115.0]: scheme='DSP Government Securities Fund' reporting_date='2023-06-30' pct_sum=71.1 n_records=4
2026-08-22 15:18:52,064 WARNING mutual_fund_ingestion.agent.validate: snapshot_pct_sum out of range [85.0, 115.0]: scheme='DSP Overnight Fund' reporting_date='2023-06-30' pct_sum=6.25 n_records=6
2026-08-22 15:18:52,064 INFO backfill_amfi_monthly_portfolios: Validation https://www.dspim.com/media/pages/mandatory-disclosures/portfolio-disclosures/0e91cd2668-1757771553/dsp-isin-debt-portfolio-as-on-30th-jun-2023.xlsx: 587 valid, 0 quarantined
2026-08-22 15:18:55,461 INFO backfill_amfi_monthly_portfolios: Processing 221/470: https://www.dspim.com/media/pages/mandatory-disclosures/portfolio-disclosures/a05b25f5a6-1757771553/dsp-isin-debt-portfolio-as-on-15th-june-2023.xlsx
2026-08-22 15:18:56,469 INFO backfill_amfi_monthly_portfolios: Downloaded https://www.dspim.com/media/pages/mandatory-disclosures/portfolio-disclosures/a05b25f5a6-1757771553/dsp-isin-debt-portfolio-as-on-15th-june-2023.xlsx: 1224729 bytes (application/vnd.openxmlformats-officedocument.spreadsheetml.sheet)
2026-08-22 15:18:56,469 INFO mutual_fund_ingestion.agent.parser: Routing to parser=portfolio_monthly_amfi for dataset_type=portfolio_disclosure file_type=amfi_monthly_xlsx
2026-08-22 15:18:56,623 INFO backfill_amfi_monthly_portfolios: Parser portfolio_monthly_amfi: 592 records (confidence=0.80), 0 errors
2026-08-22 15:18:56,688 WARNING mutual_fund_ingestion.agent.validate: snapshot_pct_sum out of range [85.0, 115.0]: scheme='DSP Strategic Bond Fund' reporting_date='2023-06-15' pct_sum=72.41 n_records=11
2026-08-22 15:18:56,688 WARNING mutual_fund_ingestion.agent.validate: snapshot_pct_sum out of range [85.0, 115.0]: scheme='DSP Government Securities Fund' reporting_date='2023-06-15' pct_sum=70.15 n_records=5
2026-08-22 15:18:56,688 WARNING mutual_fund_ingestion.agent.validate: snapshot_pct_sum out of range [85.0, 115.0]: scheme='DSP Overnight Fund' reporting_date='2023-06-15' pct_sum=4.58 n_records=2
2026-08-22 15:18:56,688 INFO backfill_amfi_monthly_portfolios: Validation https://www.dspim.com/media/pages/mandatory-disclosures/portfolio-disclosures/a05b25f5a6-1757771553/dsp-isin-debt-portfolio-as-on-15th-june-2023.xlsx: 592 valid, 0 quarantined
2026-08-22 15:18:59,705 INFO backfill_amfi_monthly_portfolios: Processing 222/470: https://www.dspim.com/media/pages/mandatory-disclosures/portfolio-disclosures/a75357d6ad-1757771554/dsp-isin-debt-portfolio-as-on-may-2023.xlsx
2026-08-22 15:18:59,898 INFO backfill_amfi_monthly_portfolios: Downloaded https://www.dspim.com/media/pages/mandatory-disclosures/portfolio-disclosures/a75357d6ad-1757771554/dsp-isin-debt-portfolio-as-on-may-2023.xlsx: 500395 bytes (application/vnd.openxmlformats-officedocument.spreadsheetml.sheet)
2026-08-22 15:18:59,899 INFO mutual_fund_ingestion.agent.parser: Routing to parser=portfolio_monthly_amfi for dataset_type=portfolio_disclosure file_type=amfi_monthly_xlsx
2026-08-22 15:19:00,050 INFO backfill_amfi_monthly_portfolios: Parser portfolio_monthly_amfi: 587 records (confidence=0.80), 0 errors
2026-08-22 15:19:00,107 WARNING mutual_fund_ingestion.agent.validate: snapshot_pct_sum out of range [85.0, 115.0]: scheme='DSP Strategic Bond Fund' reporting_date='2023-05-31' pct_sum=57.54 n_records=11
2026-08-22 15:19:00,108 WARNING mutual_fund_ingestion.agent.validate: snapshot_pct_sum out of range [85.0, 115.0]: scheme='DSP Government Securities Fund' reporting_date='2023-05-31' pct_sum=81.72 n_records=8
2026-08-22 15:19:00,108 WARNING mutual_fund_ingestion.agent.validate: snapshot_pct_sum out of range [85.0, 115.0]: scheme='DSP Overnight Fund' reporting_date='2023-05-31' pct_sum=6.14 n_records=4
2026-08-22 15:19:00,108 WARNING mutual_fund_ingestion.agent.validate: snapshot_pct_sum out of range [85.0, 115.0]: scheme='DSP Floater Fund' reporting_date='2023-05-31' pct_sum=75.35 n_records=9
2026-08-22 15:19:00,108 INFO backfill_amfi_monthly_portfolios: Validation https://www.dspim.com/media/pages/mandatory-disclosures/portfolio-disclosures/a75357d6ad-1757771554/dsp-isin-debt-portfolio-as-on-may-2023.xlsx: 587 valid, 0 quarantined
2026-08-22 15:19:02,873 INFO backfill_amfi_monthly_portfolios: Processing 223/470: https://www.dspim.com/media/pages/mandatory-disclosures/portfolio-disclosures/3de9cec4d0-1757771554/dsp-isin-debt-portfolio-as-on-may-15-2023.xlsx
2026-08-22 15:19:03,218 INFO backfill_amfi_monthly_portfolios: Downloaded https://www.dspim.com/media/pages/mandatory-disclosures/portfolio-disclosures/3de9cec4d0-1757771554/dsp-isin-debt-portfolio-as-on-may-15-2023.xlsx: 882063 bytes (application/vnd.openxmlformats-officedocument.spreadsheetml.sheet)
2026-08-22 15:19:03,218 INFO mutual_fund_ingestion.agent.parser: Routing to parser=portfolio_monthly_amfi for dataset_type=portfolio_disclosure file_type=amfi_monthly_xlsx
2026-08-22 15:19:03,394 INFO backfill_amfi_monthly_portfolios: Parser portfolio_monthly_amfi: 592 records (confidence=0.80), 0 errors
2026-08-22 15:19:03,460 WARNING mutual_fund_ingestion.agent.validate: snapshot_pct_sum out of range [85.0, 115.0]: scheme='DSP Liquidity Fund' reporting_date='2023-05-15' pct_sum=83.08 n_records=62
2026-08-22 15:19:03,460 WARNING mutual_fund_ingestion.agent.validate: snapshot_pct_sum out of range [85.0, 115.0]: scheme='DSP Overnight Fund' reporting_date='2023-05-15' pct_sum=5.16 n_records=4
2026-08-22 15:19:03,460 WARNING mutual_fund_ingestion.agent.validate: snapshot_pct_sum out of range [85.0, 115.0]: scheme='DSP FMP - Series 269 - 160 Days' reporting_date='2023-05-15' pct_sum=68.66 n_records=11
2026-08-22 15:19:03,460 INFO backfill_amfi_monthly_portfolios: Validation https://www.dspim.com/media/pages/mandatory-disclosures/portfolio-disclosures/3de9cec4d0-1757771554/dsp-isin-debt-portfolio-as-on-may-15-2023.xlsx: 592 valid, 0 quarantined
2026-08-22 15:19:07,015 INFO backfill_amfi_monthly_portfolios: Processing 224/470: https://www.dspim.com/media/pages/mandatory-disclosures/portfolio-disclosures/1ae36f138f-1757771553/dsp-isin-debt-portfolio-as-on-30-april-2023.xlsx
2026-08-22 15:19:07,701 INFO backfill_amfi_monthly_portfolios: Downloaded https://www.dspim.com/media/pages/mandatory-disclosures/portfolio-disclosures/1ae36f138f-1757771553/dsp-isin-debt-portfolio-as-on-30-april-2023.xlsx: 1216788 bytes (application/vnd.openxmlformats-officedocument.spreadsheetml.sheet)
2026-08-22 15:19:07,701 INFO mutual_fund_ingestion.agent.parser: Routing to parser=portfolio_monthly_amfi for dataset_type=portfolio_disclosure file_type=amfi_monthly_xlsx
2026-08-22 15:19:07,896 INFO backfill_amfi_monthly_portfolios: Parser portfolio_monthly_amfi: 592 records (confidence=0.80), 0 errors
2026-08-22 15:19:07,957 WARNING mutual_fund_ingestion.agent.validate: snapshot_pct_sum out of range [85.0, 115.0]: scheme='DSP Overnight Fund' reporting_date='2023-04-30' pct_sum=5.85 n_records=3
2026-08-22 15:19:07,958 INFO backfill_amfi_monthly_portfolios: Validation https://www.dspim.com/media/pages/mandatory-disclosures/portfolio-disclosures/1ae36f138f-1757771553/dsp-isin-debt-portfolio-as-on-30-april-2023.xlsx: 592 valid, 0 quarantined
2026-08-22 15:19:11,123 INFO backfill_amfi_monthly_portfolios: Processing 225/470: https://www.dspim.com/media/pages/mandatory-disclosures/portfolio-disclosures/9dff6cec62-1757771553/dsp-isin-debt-portfolio-as-on-15th-april-2023.xlsx
2026-08-22 15:19:11,800 INFO backfill_amfi_monthly_portfolios: Downloaded https://www.dspim.com/media/pages/mandatory-disclosures/portfolio-disclosures/9dff6cec62-1757771553/dsp-isin-debt-portfolio-as-on-15th-april-2023.xlsx: 1227124 bytes (application/vnd.openxmlformats-officedocument.spreadsheetml.sheet)
2026-08-22 15:19:11,800 INFO mutual_fund_ingestion.agent.parser: Routing to parser=portfolio_monthly_amfi for dataset_type=portfolio_disclosure file_type=amfi_monthly_xlsx
2026-08-22 15:19:11,937 INFO backfill_amfi_monthly_portfolios: Parser portfolio_monthly_amfi: 598 records (confidence=0.80), 0 errors
2026-08-22 15:19:11,980 WARNING mutual_fund_ingestion.agent.validate: snapshot_pct_sum out of range [85.0, 115.0]: scheme='DSP Overnight Fund' reporting_date='2023-04-15' pct_sum=5.34 n_records=4
2026-08-22 15:19:11,980 INFO backfill_amfi_monthly_portfolios: Validation https://www.dspim.com/media/pages/mandatory-disclosures/portfolio-disclosures/9dff6cec62-1757771553/dsp-isin-debt-portfolio-as-on-15th-april-2023.xlsx: 598 valid, 0 quarantined
2026-08-22 15:19:14,575 INFO backfill_amfi_monthly_portfolios: Processing 226/470: https://www.dspim.com/media/pages/mandatory-disclosures/portfolio-disclosures/7324b1bb26-1757771553/dsp-isin-debt-portfolio-as-on-31st-march-2023.xlsx
2026-08-22 15:19:15,018 INFO backfill_amfi_monthly_portfolios: Downloaded https://www.dspim.com/media/pages/mandatory-disclosures/portfolio-disclosures/7324b1bb26-1757771553/dsp-isin-debt-portfolio-as-on-31st-march-2023.xlsx: 1273039 bytes (application/vnd.openxmlformats-officedocument.spreadsheetml.sheet)
2026-08-22 15:19:15,019 INFO mutual_fund_ingestion.agent.parser: Routing to parser=portfolio_monthly_amfi for dataset_type=portfolio_disclosure file_type=amfi_monthly_xlsx
2026-08-22 15:19:15,195 INFO backfill_amfi_monthly_portfolios: Parser portfolio_monthly_amfi: 575 records (confidence=0.80), 0 errors
2026-08-22 15:19:15,240 WARNING mutual_fund_ingestion.agent.validate: snapshot_pct_sum out of range [85.0, 115.0]: scheme='DSP Overnight Fund' reporting_date='2023-03-31' pct_sum=6.45 n_records=4
2026-08-22 15:19:15,240 INFO backfill_amfi_monthly_portfolios: Validation https://www.dspim.com/media/pages/mandatory-disclosures/portfolio-disclosures/7324b1bb26-1757771553/dsp-isin-debt-portfolio-as-on-31st-march-2023.xlsx: 575 valid, 0 quarantined
2026-08-22 15:19:17,831 INFO backfill_amfi_monthly_portfolios: Processing 227/470: https://www.dspim.com/media/pages/mandatory-disclosures/portfolio-disclosures/b1eb3cd98a-1757771553/dsp-isin-debt-portfolio-as-on-15th-march-2023.xlsx
2026-08-22 15:19:18,799 INFO backfill_amfi_monthly_portfolios: Downloaded https://www.dspim.com/media/pages/mandatory-disclosures/portfolio-disclosures/b1eb3cd98a-1757771553/dsp-isin-debt-portfolio-as-on-15th-march-2023.xlsx: 1226540 bytes (application/vnd.openxmlformats-officedocument.spreadsheetml.sheet)
2026-08-22 15:19:18,799 INFO mutual_fund_ingestion.agent.parser: Routing to parser=portfolio_monthly_amfi for dataset_type=portfolio_disclosure file_type=amfi_monthly_xlsx
2026-08-22 15:19:18,930 INFO backfill_amfi_monthly_portfolios: Parser portfolio_monthly_amfi: 565 records (confidence=0.80), 0 errors
2026-08-22 15:19:18,971 WARNING mutual_fund_ingestion.agent.validate: snapshot_pct_sum out of range [85.0, 115.0]: scheme='DSP Savings Fund' reporting_date='2023-03-15' pct_sum=82.77 n_records=25
2026-08-22 15:19:18,971 WARNING mutual_fund_ingestion.agent.validate: snapshot_pct_sum out of range [85.0, 115.0]: scheme='DSP Overnight Fund' reporting_date='2023-03-15' pct_sum=2.56 n_records=2
2026-08-22 15:19:18,972 INFO backfill_amfi_monthly_portfolios: Validation https://www.dspim.com/media/pages/mandatory-disclosures/portfolio-disclosures/b1eb3cd98a-1757771553/dsp-isin-debt-portfolio-as-on-15th-march-2023.xlsx: 565 valid, 0 quarantined
2026-08-22 15:19:21,463 INFO backfill_amfi_monthly_portfolios: Processing 228/470: https://www.dspim.com/media/pages/mandatory-disclosures/portfolio-disclosures/c5459a006d-1757771553/dsp-isin-debt-portfolio-as-on-28th-february-2023.xlsx
2026-08-22 15:19:22,206 INFO backfill_amfi_monthly_portfolios: Downloaded https://www.dspim.com/media/pages/mandatory-disclosures/portfolio-disclosures/c5459a006d-1757771553/dsp-isin-debt-portfolio-as-on-28th-february-2023.xlsx: 1225635 bytes (application/vnd.openxmlformats-officedocument.spreadsheetml.sheet)
2026-08-22 15:19:22,206 INFO mutual_fund_ingestion.agent.parser: Routing to parser=portfolio_monthly_amfi for dataset_type=portfolio_disclosure file_type=amfi_monthly_xlsx
2026-08-22 15:19:22,331 INFO backfill_amfi_monthly_portfolios: Parser portfolio_monthly_amfi: 567 records (confidence=0.80), 0 errors
2026-08-22 15:19:22,380 WARNING mutual_fund_ingestion.agent.validate: snapshot_pct_sum out of range [85.0, 115.0]: scheme='DSP Government Securities Fund' reporting_date='2023-02-28' pct_sum=81.35 n_records=6
2026-08-22 15:19:22,380 WARNING mutual_fund_ingestion.agent.validate: snapshot_pct_sum out of range [85.0, 115.0]: scheme='DSP Savings Fund' reporting_date='2023-02-28' pct_sum=80.06 n_records=35
2026-08-22 15:19:22,380 WARNING mutual_fund_ingestion.agent.validate: snapshot_pct_sum out of range [85.0, 115.0]: scheme='DSP Overnight Fund' reporting_date='2023-02-28' pct_sum=2.72 n_records=3
2026-08-22 15:19:22,380 INFO backfill_amfi_monthly_portfolios: Validation https://www.dspim.com/media/pages/mandatory-disclosures/portfolio-disclosures/c5459a006d-1757771553/dsp-isin-debt-portfolio-as-on-28th-february-2023.xlsx: 567 valid, 0 quarantined
2026-08-22 15:19:24,941 INFO backfill_amfi_monthly_portfolios: Processing 229/470: https://www.dspim.com/media/pages/mandatory-disclosures/portfolio-disclosures/fe4d6f9fff-1757771553/dsp-isin-debt-portfolio-as-on-15th-february-2023.xlsx
2026-08-22 15:19:25,384 INFO backfill_amfi_monthly_portfolios: Downloaded https://www.dspim.com/media/pages/mandatory-disclosures/portfolio-disclosures/fe4d6f9fff-1757771553/dsp-isin-debt-portfolio-as-on-15th-february-2023.xlsx: 1222329 bytes (application/vnd.openxmlformats-officedocument.spreadsheetml.sheet)
2026-08-22 15:19:25,384 INFO mutual_fund_ingestion.agent.parser: Routing to parser=portfolio_monthly_amfi for dataset_type=portfolio_disclosure file_type=amfi_monthly_xlsx
2026-08-22 15:19:25,504 INFO backfill_amfi_monthly_portfolios: Parser portfolio_monthly_amfi: 570 records (confidence=0.80), 0 errors
2026-08-22 15:19:25,549 WARNING mutual_fund_ingestion.agent.validate: snapshot_pct_sum out of range [85.0, 115.0]: scheme='DSP Liquidity Fund' reporting_date='2023-02-15' pct_sum=69.79 n_records=67
2026-08-22 15:19:25,549 WARNING mutual_fund_ingestion.agent.validate: snapshot_pct_sum out of range [85.0, 115.0]: scheme='DSP Overnight Fund' reporting_date='2023-02-15' pct_sum=3.69 n_records=3
2026-08-22 15:19:25,549 INFO backfill_amfi_monthly_portfolios: Validation https://www.dspim.com/media/pages/mandatory-disclosures/portfolio-disclosures/fe4d6f9fff-1757771553/dsp-isin-debt-portfolio-as-on-15th-february-2023.xlsx: 570 valid, 0 quarantined
2026-08-22 15:19:28,186 INFO backfill_amfi_monthly_portfolios: Processing 230/470: https://www.dspim.com/media/pages/mandatory-disclosures/portfolio-disclosures/0143dbb0cc-1757771553/dsp-isin-debt-portfolio-as-on-31st-january-2023.xlsx
2026-08-22 15:19:28,525 INFO backfill_amfi_monthly_portfolios: Downloaded https://www.dspim.com/media/pages/mandatory-disclosures/portfolio-disclosures/0143dbb0cc-1757771553/dsp-isin-debt-portfolio-as-on-31st-january-2023.xlsx: 1222459 bytes (application/vnd.openxmlformats-officedocument.spreadsheetml.sheet)
2026-08-22 15:19:28,526 INFO mutual_fund_ingestion.agent.parser: Routing to parser=portfolio_monthly_amfi for dataset_type=portfolio_disclosure file_type=amfi_monthly_xlsx
2026-08-22 15:19:28,646 INFO backfill_amfi_monthly_portfolios: Parser portfolio_monthly_amfi: 570 records (confidence=0.80), 0 errors
2026-08-22 15:19:28,691 WARNING mutual_fund_ingestion.agent.validate: snapshot_pct_sum out of range [85.0, 115.0]: scheme='DSP Strategic Bond Fund' reporting_date='2023-01-31' pct_sum=82.89 n_records=15
2026-08-22 15:19:28,691 WARNING mutual_fund_ingestion.agent.validate: snapshot_pct_sum out of range [85.0, 115.0]: scheme='DSP Government Securities Fund' reporting_date='2023-01-31' pct_sum=77.85 n_records=5
2026-08-22 15:19:28,691 WARNING mutual_fund_ingestion.agent.validate: snapshot_pct_sum out of range [85.0, 115.0]: scheme='DSP Overnight Fund' reporting_date='2023-01-31' pct_sum=2.84 n_records=3
2026-08-22 15:19:28,691 INFO backfill_amfi_monthly_portfolios: Validation https://www.dspim.com/media/pages/mandatory-disclosures/portfolio-disclosures/0143dbb0cc-1757771553/dsp-isin-debt-portfolio-as-on-31st-january-2023.xlsx: 570 valid, 0 quarantined
2026-08-22 15:19:31,290 INFO backfill_amfi_monthly_portfolios: Processing 231/470: https://www.dspim.com/media/pages/mandatory-disclosures/portfolio-disclosures/cb6f4b52f4-1757771553/dsp-isin-debt-portfolio-as-on-15th-january-2023.xlsx
2026-08-22 15:19:31,603 INFO backfill_amfi_monthly_portfolios: Downloaded https://www.dspim.com/media/pages/mandatory-disclosures/portfolio-disclosures/cb6f4b52f4-1757771553/dsp-isin-debt-portfolio-as-on-15th-january-2023.xlsx: 1216165 bytes (application/vnd.openxmlformats-officedocument.spreadsheetml.sheet)
2026-08-22 15:19:31,603 INFO mutual_fund_ingestion.agent.parser: Routing to parser=portfolio_monthly_amfi for dataset_type=portfolio_disclosure file_type=amfi_monthly_xlsx
2026-08-22 15:19:31,712 INFO backfill_amfi_monthly_portfolios: Parser portfolio_monthly_amfi: 577 records (confidence=0.80), 0 errors
2026-08-22 15:19:31,753 WARNING mutual_fund_ingestion.agent.validate: snapshot_pct_sum out of range [85.0, 115.0]: scheme='DSP Strategic Bond Fund' reporting_date='2023-01-15' pct_sum=77.21 n_records=16
2026-08-22 15:19:31,753 WARNING mutual_fund_ingestion.agent.validate: snapshot_pct_sum out of range [85.0, 115.0]: scheme='DSP Overnight Fund' reporting_date='2023-01-15' pct_sum=6.24 n_records=3
2026-08-22 15:19:31,753 INFO backfill_amfi_monthly_portfolios: Validation https://www.dspim.com/media/pages/mandatory-disclosures/portfolio-disclosures/cb6f4b52f4-1757771553/dsp-isin-debt-portfolio-as-on-15th-january-2023.xlsx: 577 valid, 0 quarantined
2026-08-22 15:19:34,346 INFO backfill_amfi_monthly_portfolios: Processing 232/470: https://www.dspim.com/media/pages/mandatory-disclosures/portfolio-disclosures/3ad301f875-1757771553/dsp-isin-debt-portfolio-as-on-31st-december-2022.xlsx
2026-08-22 15:19:34,591 INFO backfill_amfi_monthly_portfolios: Downloaded https://www.dspim.com/media/pages/mandatory-disclosures/portfolio-disclosures/3ad301f875-1757771553/dsp-isin-debt-portfolio-as-on-31st-december-2022.xlsx: 1214618 bytes (application/vnd.openxmlformats-officedocument.spreadsheetml.sheet)
2026-08-22 15:19:34,591 INFO mutual_fund_ingestion.agent.parser: Routing to parser=portfolio_monthly_amfi for dataset_type=portfolio_disclosure file_type=amfi_monthly_xlsx
2026-08-22 15:19:34,705 INFO backfill_amfi_monthly_portfolios: Parser portfolio_monthly_amfi: 553 records (confidence=0.80), 0 errors
2026-08-22 15:19:34,747 WARNING mutual_fund_ingestion.agent.validate: snapshot_pct_sum out of range [85.0, 115.0]: scheme='DSP Credit Risk Fund' reporting_date='2022-12-31' pct_sum=82.89 n_records=13
2026-08-22 15:19:34,747 WARNING mutual_fund_ingestion.agent.validate: snapshot_pct_sum out of range [85.0, 115.0]: scheme='DSP Strategic Bond Fund' reporting_date='2022-12-31' pct_sum=84.48 n_records=17
2026-08-22 15:19:34,747 WARNING mutual_fund_ingestion.agent.validate: snapshot_pct_sum out of range [85.0, 115.0]: scheme='DSP Government Securities Fund' reporting_date='2022-12-31' pct_sum=72.41 n_records=5
2026-08-22 15:19:34,747 WARNING mutual_fund_ingestion.agent.validate: snapshot_pct_sum out of range [85.0, 115.0]: scheme='DSP Overnight Fund' reporting_date='2022-12-31' pct_sum=2.81 n_records=4
2026-08-22 15:19:34,747 INFO backfill_amfi_monthly_portfolios: Validation https://www.dspim.com/media/pages/mandatory-disclosures/portfolio-disclosures/3ad301f875-1757771553/dsp-isin-debt-portfolio-as-on-31st-december-2022.xlsx: 553 valid, 0 quarantined
2026-08-22 15:19:37,342 INFO backfill_amfi_monthly_portfolios: Processing 233/470: https://www.dspim.com/media/pages/mandatory-disclosures/portfolio-disclosures/90d4212046-1757771553/dsp-isin-debt-portfolio-as-on-15th-december-2022.xlsx
2026-08-22 15:19:37,812 INFO backfill_amfi_monthly_portfolios: Downloaded https://www.dspim.com/media/pages/mandatory-disclosures/portfolio-disclosures/90d4212046-1757771553/dsp-isin-debt-portfolio-as-on-15th-december-2022.xlsx: 1203425 bytes (application/vnd.openxmlformats-officedocument.spreadsheetml.sheet)
2026-08-22 15:19:37,812 INFO mutual_fund_ingestion.agent.parser: Routing to parser=portfolio_monthly_amfi for dataset_type=portfolio_disclosure file_type=amfi_monthly_xlsx
2026-08-22 15:19:37,910 INFO backfill_amfi_monthly_portfolios: Parser portfolio_monthly_amfi: 523 records (confidence=0.80), 0 errors
2026-08-22 15:19:37,950 WARNING mutual_fund_ingestion.agent.validate: snapshot_pct_sum out of range [85.0, 115.0]: scheme='DSP Strategic Bond Fund' reporting_date='2022-12-15' pct_sum=67.21 n_records=16
2026-08-22 15:19:37,951 WARNING mutual_fund_ingestion.agent.validate: snapshot_pct_sum out of range [85.0, 115.0]: scheme='DSP Overnight Fund' reporting_date='2022-12-15' pct_sum=3.96 n_records=2
2026-08-22 15:19:37,951 INFO backfill_amfi_monthly_portfolios: Validation https://www.dspim.com/media/pages/mandatory-disclosures/portfolio-disclosures/90d4212046-1757771553/dsp-isin-debt-portfolio-as-on-15th-december-2022.xlsx: 523 valid, 0 quarantined
2026-08-22 15:19:40,374 INFO backfill_amfi_monthly_portfolios: Processing 234/470: https://www.dspim.com/media/pages/mandatory-disclosures/portfolio-disclosures/8238ca148e-1757771553/dsp-isin-debt-portfolio-as-on-30th-november-2022.xlsx
2026-08-22 15:19:40,887 INFO backfill_amfi_monthly_portfolios: Downloaded https://www.dspim.com/media/pages/mandatory-disclosures/portfolio-disclosures/8238ca148e-1757771553/dsp-isin-debt-portfolio-as-on-30th-november-2022.xlsx: 1201322 bytes (application/vnd.openxmlformats-officedocument.spreadsheetml.sheet)
2026-08-22 15:19:40,887 INFO mutual_fund_ingestion.agent.parser: Routing to parser=portfolio_monthly_amfi for dataset_type=portfolio_disclosure file_type=amfi_monthly_xlsx
2026-08-22 15:19:40,985 INFO backfill_amfi_monthly_portfolios: Parser portfolio_monthly_amfi: 494 records (confidence=0.80), 0 errors
2026-08-22 15:19:41,031 WARNING mutual_fund_ingestion.agent.validate: snapshot_pct_sum out of range [85.0, 115.0]: scheme='DSP Credit Risk Fund' reporting_date='2022-11-30' pct_sum=84.85 n_records=13
2026-08-22 15:19:41,031 WARNING mutual_fund_ingestion.agent.validate: snapshot_pct_sum out of range [85.0, 115.0]: scheme='DSP Strategic Bond Fund' reporting_date='2022-11-30' pct_sum=66.24 n_records=16
2026-08-22 15:19:41,031 WARNING mutual_fund_ingestion.agent.validate: snapshot_pct_sum out of range [85.0, 115.0]: scheme='DSP Government Securities Fund' reporting_date='2022-11-30' pct_sum=80.81 n_records=5
2026-08-22 15:19:41,031 WARNING mutual_fund_ingestion.agent.validate: snapshot_pct_sum out of range [85.0, 115.0]: scheme='DSP Overnight Fund' reporting_date='2022-11-30' pct_sum=5.97 n_records=3
2026-08-22 15:19:41,031 INFO backfill_amfi_monthly_portfolios: Validation https://www.dspim.com/media/pages/mandatory-disclosures/portfolio-disclosures/8238ca148e-1757771553/dsp-isin-debt-portfolio-as-on-30th-november-2022.xlsx: 494 valid, 0 quarantined
2026-08-22 15:19:43,388 INFO backfill_amfi_monthly_portfolios: Processing 235/470: https://www.dspim.com/media/pages/mandatory-disclosures/portfolio-disclosures/781ca66c7f-1757771553/dsp-isin-debt-portfolio-as-on-15th-november-2022.xlsx
2026-08-22 15:19:43,742 INFO backfill_amfi_monthly_portfolios: Downloaded https://www.dspim.com/media/pages/mandatory-disclosures/portfolio-disclosures/781ca66c7f-1757771553/dsp-isin-debt-portfolio-as-on-15th-november-2022.xlsx: 1195389 bytes (application/vnd.openxmlformats-officedocument.spreadsheetml.sheet)
2026-08-22 15:19:43,742 INFO mutual_fund_ingestion.agent.parser: Routing to parser=portfolio_monthly_amfi for dataset_type=portfolio_disclosure file_type=amfi_monthly_xlsx
2026-08-22 15:19:43,832 INFO backfill_amfi_monthly_portfolios: Parser portfolio_monthly_amfi: 462 records (confidence=0.80), 0 errors
2026-08-22 15:19:43,867 WARNING mutual_fund_ingestion.agent.validate: snapshot_pct_sum out of range [85.0, 115.0]: scheme='DSP Liquidity Fund' reporting_date='2022-11-15' pct_sum=77.13 n_records=61
2026-08-22 15:19:43,867 WARNING mutual_fund_ingestion.agent.validate: snapshot_pct_sum out of range [85.0, 115.0]: scheme='DSP Credit Risk Fund' reporting_date='2022-11-15' pct_sum=84.12 n_records=13
2026-08-22 15:19:43,867 WARNING mutual_fund_ingestion.agent.validate: snapshot_pct_sum out of range [85.0, 115.0]: scheme='DSP Strategic Bond Fund' reporting_date='2022-11-15' pct_sum=70.88 n_records=16
2026-08-22 15:19:43,867 WARNING mutual_fund_ingestion.agent.validate: snapshot_pct_sum out of range [85.0, 115.0]: scheme='DSP Overnight Fund' reporting_date='2022-11-15' pct_sum=3.57 n_records=2
2026-08-22 15:19:43,867 INFO backfill_amfi_monthly_portfolios: Validation https://www.dspim.com/media/pages/mandatory-disclosures/portfolio-disclosures/781ca66c7f-1757771553/dsp-isin-debt-portfolio-as-on-15th-november-2022.xlsx: 462 valid, 0 quarantined
2026-08-22 15:19:46,181 INFO backfill_amfi_monthly_portfolios: Processing 236/470: https://www.dspim.com/media/pages/mandatory-disclosures/portfolio-disclosures/fb46ca7deb-1757771554/dsp-isin-debt-portfolio-as-on-31st-october-2022.xlsx
2026-08-22 15:19:46,481 INFO backfill_amfi_monthly_portfolios: Downloaded https://www.dspim.com/media/pages/mandatory-disclosures/portfolio-disclosures/fb46ca7deb-1757771554/dsp-isin-debt-portfolio-as-on-31st-october-2022.xlsx: 1189985 bytes (application/vnd.openxmlformats-officedocument.spreadsheetml.sheet)
2026-08-22 15:19:46,481 INFO mutual_fund_ingestion.agent.parser: Routing to parser=portfolio_monthly_amfi for dataset_type=portfolio_disclosure file_type=amfi_monthly_xlsx
2026-08-22 15:19:46,585 INFO backfill_amfi_monthly_portfolios: Parser portfolio_monthly_amfi: 453 records (confidence=0.80), 0 errors
2026-08-22 15:19:46,629 WARNING mutual_fund_ingestion.agent.validate: snapshot_pct_sum out of range [85.0, 115.0]: scheme='DSP Liquidity Fund' reporting_date='2022-10-31' pct_sum=80.76 n_records=64
2026-08-22 15:19:46,630 WARNING mutual_fund_ingestion.agent.validate: snapshot_pct_sum out of range [85.0, 115.0]: scheme='DSP Credit Risk Fund' reporting_date='2022-10-31' pct_sum=83.57 n_records=14
2026-08-22 15:19:46,630 WARNING mutual_fund_ingestion.agent.validate: snapshot_pct_sum out of range [85.0, 115.0]: scheme='DSP Short Term Fund' reporting_date='2022-10-31' pct_sum=82.63 n_records=44
2026-08-22 15:19:46,630 WARNING mutual_fund_ingestion.agent.validate: snapshot_pct_sum out of range [85.0, 115.0]: scheme='DSP Strategic Bond Fund' reporting_date='2022-10-31' pct_sum=68.76 n_records=16
2026-08-22 15:19:46,630 WARNING mutual_fund_ingestion.agent.validate: snapshot_pct_sum out of range [85.0, 115.0]: scheme='DSP Government Securities Fund' reporting_date='2022-10-31' pct_sum=78.11 n_records=7
2026-08-22 15:19:46,630 WARNING mutual_fund_ingestion.agent.validate: snapshot_pct_sum out of range [85.0, 115.0]: scheme='DSP Overnight Fund' reporting_date='2022-10-31' pct_sum=2.13 n_records=2
2026-08-22 15:19:46,630 INFO backfill_amfi_monthly_portfolios: Validation https://www.dspim.com/media/pages/mandatory-disclosures/portfolio-disclosures/fb46ca7deb-1757771554/dsp-isin-debt-portfolio-as-on-31st-october-2022.xlsx: 453 valid, 0 quarantined
2026-08-22 15:19:48,938 INFO backfill_amfi_monthly_portfolios: Processing 237/470: https://www.dspim.com/media/pages/mandatory-disclosures/portfolio-disclosures/3c2a85db33-1757771553/dsp-isin-debt-portfolio-as-on-15th-october-2022.xlsx
2026-08-22 15:19:49,167 INFO backfill_amfi_monthly_portfolios: Downloaded https://www.dspim.com/media/pages/mandatory-disclosures/portfolio-disclosures/3c2a85db33-1757771553/dsp-isin-debt-portfolio-as-on-15th-october-2022.xlsx: 1190626 bytes (application/vnd.openxmlformats-officedocument.spreadsheetml.sheet)
2026-08-22 15:19:49,167 INFO mutual_fund_ingestion.agent.parser: Routing to parser=portfolio_monthly_amfi for dataset_type=portfolio_disclosure file_type=amfi_monthly_xlsx
2026-08-22 15:19:49,267 INFO backfill_amfi_monthly_portfolios: Parser portfolio_monthly_amfi: 457 records (confidence=0.80), 0 errors
2026-08-22 15:19:49,302 WARNING mutual_fund_ingestion.agent.validate: snapshot_pct_sum out of range [85.0, 115.0]: scheme='DSP Liquidity Fund' reporting_date='2022-10-15' pct_sum=74.64 n_records=59
2026-08-22 15:19:49,302 WARNING mutual_fund_ingestion.agent.validate: snapshot_pct_sum out of range [85.0, 115.0]: scheme='DSP Credit Risk Fund' reporting_date='2022-10-15' pct_sum=83.29 n_records=14
2026-08-22 15:19:49,302 WARNING mutual_fund_ingestion.agent.validate: snapshot_pct_sum out of range [85.0, 115.0]: scheme='DSP Short Term Fund' reporting_date='2022-10-15' pct_sum=83.51 n_records=44
2026-08-22 15:19:49,302 WARNING mutual_fund_ingestion.agent.validate: snapshot_pct_sum out of range [85.0, 115.0]: scheme='DSP Strategic Bond Fund' reporting_date='2022-10-15' pct_sum=79.73 n_records=17
2026-08-22 15:19:49,302 WARNING mutual_fund_ingestion.agent.validate: snapshot_pct_sum out of range [85.0, 115.0]: scheme='DSP Overnight Fund' reporting_date='2022-10-15' pct_sum=2.08 n_records=3
2026-08-22 15:19:49,302 INFO backfill_amfi_monthly_portfolios: Validation https://www.dspim.com/media/pages/mandatory-disclosures/portfolio-disclosures/3c2a85db33-1757771553/dsp-isin-debt-portfolio-as-on-15th-october-2022.xlsx: 457 valid, 0 quarantined
2026-08-22 15:19:51,610 INFO backfill_amfi_monthly_portfolios: Processing 238/470: https://www.dspim.com/media/pages/mandatory-disclosures/portfolio-disclosures/29f3ddf851-1757771553/dsp-isin-debt-portfolio-as-on-30th-september-2022.xlsx
2026-08-22 15:19:51,819 INFO backfill_amfi_monthly_portfolios: Downloaded https://www.dspim.com/media/pages/mandatory-disclosures/portfolio-disclosures/29f3ddf851-1757771553/dsp-isin-debt-portfolio-as-on-30th-september-2022.xlsx: 1193083 bytes (application/vnd.openxmlformats-officedocument.spreadsheetml.sheet)
2026-08-22 15:19:51,819 INFO mutual_fund_ingestion.agent.parser: Routing to parser=portfolio_monthly_amfi for dataset_type=portfolio_disclosure file_type=amfi_monthly_xlsx
2026-08-22 15:19:51,921 INFO backfill_amfi_monthly_portfolios: Parser portfolio_monthly_amfi: 457 records (confidence=0.80), 0 errors
2026-08-22 15:19:51,969 WARNING mutual_fund_ingestion.agent.validate: snapshot_pct_sum out of range [85.0, 115.0]: scheme='DSP Credit Risk Fund' reporting_date='2022-09-30' pct_sum=83.46 n_records=14
2026-08-22 15:19:51,969 WARNING mutual_fund_ingestion.agent.validate: snapshot_pct_sum out of range [85.0, 115.0]: scheme='DSP Strategic Bond Fund' reporting_date='2022-09-30' pct_sum=79.12 n_records=16
2026-08-22 15:19:51,969 WARNING mutual_fund_ingestion.agent.validate: snapshot_pct_sum out of range [85.0, 115.0]: scheme='DSP Government Securities Fund' reporting_date='2022-09-30' pct_sum=76.11 n_records=6
2026-08-22 15:19:51,969 WARNING mutual_fund_ingestion.agent.validate: snapshot_pct_sum out of range [85.0, 115.0]: scheme='DSP Overnight Fund' reporting_date='2022-09-30' pct_sum=4.56 n_records=3
2026-08-22 15:19:51,969 INFO backfill_amfi_monthly_portfolios: Validation https://www.dspim.com/media/pages/mandatory-disclosures/portfolio-disclosures/29f3ddf851-1757771553/dsp-isin-debt-portfolio-as-on-30th-september-2022.xlsx: 457 valid, 0 quarantined
2026-08-22 15:19:54,267 INFO backfill_amfi_monthly_portfolios: Processing 239/470: https://www.dspim.com/media/pages/mandatory-disclosures/portfolio-disclosures/9c42a2e4b4-1757771553/dsp-isin-debt-portfolio-as-on-15th-september-2022.xlsx
2026-08-22 15:19:54,516 INFO backfill_amfi_monthly_portfolios: Downloaded https://www.dspim.com/media/pages/mandatory-disclosures/portfolio-disclosures/9c42a2e4b4-1757771553/dsp-isin-debt-portfolio-as-on-15th-september-2022.xlsx: 1194889 bytes (application/vnd.openxmlformats-officedocument.spreadsheetml.sheet)
2026-08-22 15:19:54,516 INFO mutual_fund_ingestion.agent.parser: Routing to parser=portfolio_monthly_amfi for dataset_type=portfolio_disclosure file_type=amfi_monthly_xlsx
2026-08-22 15:19:54,613 INFO backfill_amfi_monthly_portfolios: Parser portfolio_monthly_amfi: 477 records (confidence=0.80), 0 errors
2026-08-22 15:19:54,654 WARNING mutual_fund_ingestion.agent.validate: snapshot_pct_sum out of range [85.0, 115.0]: scheme='DSP Liquidity Fund' reporting_date='2022-09-15' pct_sum=78.91 n_records=62
2026-08-22 15:19:54,654 WARNING mutual_fund_ingestion.agent.validate: snapshot_pct_sum out of range [85.0, 115.0]: scheme='DSP Credit Risk Fund' reporting_date='2022-09-15' pct_sum=83.03 n_records=14
2026-08-22 15:19:54,654 WARNING mutual_fund_ingestion.agent.validate: snapshot_pct_sum out of range [85.0, 115.0]: scheme='DSP Overnight Fund' reporting_date='2022-09-15' pct_sum=2.43 n_records=1
2026-08-22 15:19:54,654 INFO backfill_amfi_monthly_portfolios: Validation https://www.dspim.com/media/pages/mandatory-disclosures/portfolio-disclosures/9c42a2e4b4-1757771553/dsp-isin-debt-portfolio-as-on-15th-september-2022.xlsx: 477 valid, 0 quarantined
2026-08-22 15:19:57,032 INFO backfill_amfi_monthly_portfolios: Processing 240/470: https://www.dspim.com/media/pages/mandatory-disclosures/portfolio-disclosures/f7525f6746-1757771553/dsp-isin-debt-portfolio-as-on-31st-august-2022.xlsx
2026-08-22 15:19:57,382 INFO backfill_amfi_monthly_portfolios: Downloaded https://www.dspim.com/media/pages/mandatory-disclosures/portfolio-disclosures/f7525f6746-1757771553/dsp-isin-debt-portfolio-as-on-31st-august-2022.xlsx: 1200955 bytes (application/vnd.openxmlformats-officedocument.spreadsheetml.sheet)
2026-08-22 15:19:57,382 INFO mutual_fund_ingestion.agent.parser: Routing to parser=portfolio_monthly_amfi for dataset_type=portfolio_disclosure file_type=amfi_monthly_xlsx
2026-08-22 15:19:57,479 INFO backfill_amfi_monthly_portfolios: Parser portfolio_monthly_amfi: 468 records (confidence=0.80), 0 errors
2026-08-22 15:19:57,517 WARNING mutual_fund_ingestion.agent.validate: snapshot_pct_sum out of range [85.0, 115.0]: scheme='DSP Overnight Fund' reporting_date='2022-08-31' pct_sum=4.94 n_records=4
2026-08-22 15:19:57,517 INFO backfill_amfi_monthly_portfolios: Validation https://www.dspim.com/media/pages/mandatory-disclosures/portfolio-disclosures/f7525f6746-1757771553/dsp-isin-debt-portfolio-as-on-31st-august-2022.xlsx: 468 valid, 0 quarantined
2026-08-22 15:19:59,912 INFO backfill_amfi_monthly_portfolios: Processing 241/470: https://www.dspim.com/media/pages/mandatory-disclosures/portfolio-disclosures/e1b127e337-1757771553/dsp-isin-debt-portfolio-as-on-15th-august-2022.xlsx
2026-08-22 15:20:00,174 INFO backfill_amfi_monthly_portfolios: Downloaded https://www.dspim.com/media/pages/mandatory-disclosures/portfolio-disclosures/e1b127e337-1757771553/dsp-isin-debt-portfolio-as-on-15th-august-2022.xlsx: 1189395 bytes (application/vnd.openxmlformats-officedocument.spreadsheetml.sheet)
2026-08-22 15:20:00,174 INFO mutual_fund_ingestion.agent.parser: Routing to parser=portfolio_monthly_amfi for dataset_type=portfolio_disclosure file_type=amfi_monthly_xlsx
2026-08-22 15:20:00,270 INFO backfill_amfi_monthly_portfolios: Parser portfolio_monthly_amfi: 448 records (confidence=0.80), 0 errors
2026-08-22 15:20:00,304 WARNING mutual_fund_ingestion.agent.validate: snapshot_pct_sum out of range [85.0, 115.0]: scheme='DSP Liquidity Fund' reporting_date='2022-08-15' pct_sum=84.5 n_records=63
2026-08-22 15:20:00,304 WARNING mutual_fund_ingestion.agent.validate: snapshot_pct_sum out of range [85.0, 115.0]: scheme='DSP Ultra Short Fund' reporting_date='2022-08-15' pct_sum=82.26 n_records=40
2026-08-22 15:20:00,304 WARNING mutual_fund_ingestion.agent.validate: snapshot_pct_sum out of range [85.0, 115.0]: scheme='DSP Credit Risk Fund' reporting_date='2022-08-15' pct_sum=78.91 n_records=12
2026-08-22 15:20:00,304 WARNING mutual_fund_ingestion.agent.validate: snapshot_pct_sum out of range [85.0, 115.0]: scheme='DSP Strategic Bond Fund' reporting_date='2022-08-15' pct_sum=73.44 n_records=15
2026-08-22 15:20:00,304 WARNING mutual_fund_ingestion.agent.validate: snapshot_pct_sum out of range [85.0, 115.0]: scheme='DSP Overnight Fund' reporting_date='2022-08-15' pct_sum=3.1 n_records=4
2026-08-22 15:20:00,304 INFO backfill_amfi_monthly_portfolios: Validation https://www.dspim.com/media/pages/mandatory-disclosures/portfolio-disclosures/e1b127e337-1757771553/dsp-isin-debt-portfolio-as-on-15th-august-2022.xlsx: 448 valid, 0 quarantined
2026-08-22 15:20:02,637 INFO backfill_amfi_monthly_portfolios: Processing 242/470: https://www.dspim.com/media/pages/mandatory-disclosures/portfolio-disclosures/e881e111e6-1757771553/dsp-isin-debt-portfolio-as-on-31st-july-2022.xlsx
2026-08-22 15:20:02,812 INFO backfill_amfi_monthly_portfolios: Downloaded https://www.dspim.com/media/pages/mandatory-disclosures/portfolio-disclosures/e881e111e6-1757771553/dsp-isin-debt-portfolio-as-on-31st-july-2022.xlsx: 1189574 bytes (application/vnd.openxmlformats-officedocument.spreadsheetml.sheet)
2026-08-22 15:20:02,812 INFO mutual_fund_ingestion.agent.parser: Routing to parser=portfolio_monthly_amfi for dataset_type=portfolio_disclosure file_type=amfi_monthly_xlsx
2026-08-22 15:20:02,901 INFO backfill_amfi_monthly_portfolios: Parser portfolio_monthly_amfi: 442 records (confidence=0.80), 0 errors
2026-08-22 15:20:02,935 WARNING mutual_fund_ingestion.agent.validate: snapshot_pct_sum out of range [85.0, 115.0]: scheme='DSP Credit Risk Fund' reporting_date='2022-07-31' pct_sum=76.18 n_records=11
2026-08-22 15:20:02,935 WARNING mutual_fund_ingestion.agent.validate: snapshot_pct_sum out of range [85.0, 115.0]: scheme='DSP Strategic Bond Fund' reporting_date='2022-07-31' pct_sum=64.07 n_records=15
2026-08-22 15:20:02,935 WARNING mutual_fund_ingestion.agent.validate: snapshot_pct_sum out of range [85.0, 115.0]: scheme='DSP Government Securities Fund' reporting_date='2022-07-31' pct_sum=74.28 n_records=8
2026-08-22 15:20:02,935 WARNING mutual_fund_ingestion.agent.validate: snapshot_pct_sum out of range [85.0, 115.0]: scheme='DSP Overnight Fund' reporting_date='2022-07-31' pct_sum=4.87 n_records=2
2026-08-22 15:20:02,935 INFO backfill_amfi_monthly_portfolios: Validation https://www.dspim.com/media/pages/mandatory-disclosures/portfolio-disclosures/e881e111e6-1757771553/dsp-isin-debt-portfolio-as-on-31st-july-2022.xlsx: 442 valid, 0 quarantined
2026-08-22 15:20:05,210 INFO backfill_amfi_monthly_portfolios: Processing 243/470: https://www.dspim.com/media/pages/mandatory-disclosures/portfolio-disclosures/92d6cbee31-1757771553/dsp-isin-debt-portfolio-as-on-15th-july-2022.xlsx
2026-08-22 15:20:05,425 INFO backfill_amfi_monthly_portfolios: Downloaded https://www.dspim.com/media/pages/mandatory-disclosures/portfolio-disclosures/92d6cbee31-1757771553/dsp-isin-debt-portfolio-as-on-15th-july-2022.xlsx: 1190187 bytes (application/vnd.openxmlformats-officedocument.spreadsheetml.sheet)
2026-08-22 15:20:05,425 INFO mutual_fund_ingestion.agent.parser: Routing to parser=portfolio_monthly_amfi for dataset_type=portfolio_disclosure file_type=amfi_monthly_xlsx
2026-08-22 15:20:05,528 INFO backfill_amfi_monthly_portfolios: Parser portfolio_monthly_amfi: 445 records (confidence=0.80), 0 errors
2026-08-22 15:20:05,574 WARNING mutual_fund_ingestion.agent.validate: snapshot_pct_sum out of range [85.0, 115.0]: scheme='DSP Liquidity Fund' reporting_date='2022-07-15' pct_sum=74.83 n_records=54
2026-08-22 15:20:05,574 WARNING mutual_fund_ingestion.agent.validate: snapshot_pct_sum out of range [85.0, 115.0]: scheme='DSP Credit Risk Fund' reporting_date='2022-07-15' pct_sum=76.47 n_records=11
2026-08-22 15:20:05,574 WARNING mutual_fund_ingestion.agent.validate: snapshot_pct_sum out of range [85.0, 115.0]: scheme='DSP Strategic Bond Fund' reporting_date='2022-07-15' pct_sum=65.32 n_records=15
2026-08-22 15:20:05,574 WARNING mutual_fund_ingestion.agent.validate: snapshot_pct_sum out of range [85.0, 115.0]: scheme='DSP Overnight Fund' reporting_date='2022-07-15' pct_sum=4.53 n_records=3
2026-08-22 15:20:05,574 INFO backfill_amfi_monthly_portfolios: Validation https://www.dspim.com/media/pages/mandatory-disclosures/portfolio-disclosures/92d6cbee31-1757771553/dsp-isin-debt-portfolio-as-on-15th-july-2022.xlsx: 445 valid, 0 quarantined
2026-08-22 15:20:07,842 INFO backfill_amfi_monthly_portfolios: Processing 244/470: https://www.dspim.com/media/pages/mandatory-disclosures/portfolio-disclosures/fda936b8bc-1757771553/dsp-isin-debt-portfolio-as-on-30th-june-2022.xlsx
2026-08-22 15:20:08,070 INFO backfill_amfi_monthly_portfolios: Downloaded https://www.dspim.com/media/pages/mandatory-disclosures/portfolio-disclosures/fda936b8bc-1757771553/dsp-isin-debt-portfolio-as-on-30th-june-2022.xlsx: 1188674 bytes (application/vnd.openxmlformats-officedocument.spreadsheetml.sheet)
2026-08-22 15:20:08,070 INFO mutual_fund_ingestion.agent.parser: Routing to parser=portfolio_monthly_amfi for dataset_type=portfolio_disclosure file_type=amfi_monthly_xlsx
2026-08-22 15:20:08,169 INFO backfill_amfi_monthly_portfolios: Parser portfolio_monthly_amfi: 411 records (confidence=0.80), 0 errors
2026-08-22 15:20:08,204 WARNING mutual_fund_ingestion.agent.validate: snapshot_pct_sum out of range [85.0, 115.0]: scheme='DSP Liquidity Fund' reporting_date='2022-06-30' pct_sum=82.32 n_records=51
2026-08-22 15:20:08,204 WARNING mutual_fund_ingestion.agent.validate: snapshot_pct_sum out of range [85.0, 115.0]: scheme='DSP Credit Risk Fund' reporting_date='2022-06-30' pct_sum=83.99 n_records=12
2026-08-22 15:20:08,204 WARNING mutual_fund_ingestion.agent.validate: snapshot_pct_sum out of range [85.0, 115.0]: scheme='DSP Short Term Fund' reporting_date='2022-06-30' pct_sum=78.37 n_records=45
2026-08-22 15:20:08,204 WARNING mutual_fund_ingestion.agent.validate: snapshot_pct_sum out of range [85.0, 115.0]: scheme='DSP Strategic Bond Fund' reporting_date='2022-06-30' pct_sum=45.96 n_records=10
2026-08-22 15:20:08,205 WARNING mutual_fund_ingestion.agent.validate: snapshot_pct_sum out of range [85.0, 115.0]: scheme='DSP Government Securities Fund' reporting_date='2022-06-30' pct_sum=74.4 n_records=5
2026-08-22 15:20:08,205 WARNING mutual_fund_ingestion.agent.validate: snapshot_pct_sum out of range [85.0, 115.0]: scheme='DSP Overnight Fund' reporting_date='2022-06-30' pct_sum=3.91 n_records=3
2026-08-22 15:20:08,205 INFO backfill_amfi_monthly_portfolios: Validation https://www.dspim.com/media/pages/mandatory-disclosures/portfolio-disclosures/fda936b8bc-1757771553/dsp-isin-debt-portfolio-as-on-30th-june-2022.xlsx: 411 valid, 0 quarantined
2026-08-22 15:20:10,467 INFO backfill_amfi_monthly_portfolios: Processing 245/470: https://www.dspim.com/media/pages/mandatory-disclosures/portfolio-disclosures/80edbd1261-1757771553/dsp-isin-debt-portfolio-as-on-15th-june-2022.xlsx
2026-08-22 15:20:10,739 INFO backfill_amfi_monthly_portfolios: Downloaded https://www.dspim.com/media/pages/mandatory-disclosures/portfolio-disclosures/80edbd1261-1757771553/dsp-isin-debt-portfolio-as-on-15th-june-2022.xlsx: 1187315 bytes (application/vnd.openxmlformats-officedocument.spreadsheetml.sheet)
2026-08-22 15:20:10,739 INFO mutual_fund_ingestion.agent.parser: Routing to parser=portfolio_monthly_amfi for dataset_type=portfolio_disclosure file_type=amfi_monthly_xlsx
2026-08-22 15:20:10,839 INFO backfill_amfi_monthly_portfolios: Parser portfolio_monthly_amfi: 407 records (confidence=0.80), 0 errors
2026-08-22 15:20:10,883 WARNING mutual_fund_ingestion.agent.validate: snapshot_pct_sum out of range [85.0, 115.0]: scheme='DSP Liquidity Fund' reporting_date='2022-06-15' pct_sum=75.07 n_records=51
2026-08-22 15:20:10,884 WARNING mutual_fund_ingestion.agent.validate: snapshot_pct_sum out of range [85.0, 115.0]: scheme='DSP Credit Risk Fund' reporting_date='2022-06-15' pct_sum=83.18 n_records=12
2026-08-22 15:20:10,884 WARNING mutual_fund_ingestion.agent.validate: snapshot_pct_sum out of range [85.0, 115.0]: scheme='DSP Low Duration Fund' reporting_date='2022-06-15' pct_sum=83.93 n_records=51
2026-08-22 15:20:10,884 WARNING mutual_fund_ingestion.agent.validate: snapshot_pct_sum out of range [85.0, 115.0]: scheme='DSP Short Term Fund' reporting_date='2022-06-15' pct_sum=74.16 n_records=45
2026-08-22 15:20:10,884 WARNING mutual_fund_ingestion.agent.validate: snapshot_pct_sum out of range [85.0, 115.0]: scheme='DSP Strategic Bond Fund' reporting_date='2022-06-15' pct_sum=33.62 n_records=11
2026-08-22 15:20:10,884 WARNING mutual_fund_ingestion.agent.validate: snapshot_pct_sum out of range [85.0, 115.0]: scheme='DSP Government Securities Fund' reporting_date='2022-06-15' pct_sum=61.28 n_records=6
2026-08-22 15:20:10,884 WARNING mutual_fund_ingestion.agent.validate: snapshot_pct_sum out of range [85.0, 115.0]: scheme='DSP Banking & PSU Debt Fund' reporting_date='2022-06-15' pct_sum=84.1 n_records=39
2026-08-22 15:20:10,884 WARNING mutual_fund_ingestion.agent.validate: snapshot_pct_sum out of range [85.0, 115.0]: scheme='DSP Overnight Fund' reporting_date='2022-06-15' pct_sum=0.63 n_records=1
2026-08-22 15:20:10,884 WARNING mutual_fund_ingestion.agent.validate: snapshot_pct_sum out of range [85.0, 115.0]: scheme='DSP FLOATER FUND' reporting_date='2022-06-15' pct_sum=81.3 n_records=9
2026-08-22 15:20:10,884 INFO backfill_amfi_monthly_portfolios: Validation https://www.dspim.com/media/pages/mandatory-disclosures/portfolio-disclosures/80edbd1261-1757771553/dsp-isin-debt-portfolio-as-on-15th-june-2022.xlsx: 407 valid, 0 quarantined
2026-08-22 15:20:13,244 INFO backfill_amfi_monthly_portfolios: Processing 246/470: https://www.dspim.com/media/pages/mandatory-disclosures/portfolio-disclosures/477c5320c2-1757771553/dsp-isin-debt-portfolio-as-on-31st-may-2022.xlsx
2026-08-22 15:20:13,771 INFO backfill_amfi_monthly_portfolios: Downloaded https://www.dspim.com/media/pages/mandatory-disclosures/portfolio-disclosures/477c5320c2-1757771553/dsp-isin-debt-portfolio-as-on-31st-may-2022.xlsx: 1188796 bytes (application/vnd.openxmlformats-officedocument.spreadsheetml.sheet)
2026-08-22 15:20:13,771 INFO mutual_fund_ingestion.agent.parser: Routing to parser=portfolio_monthly_amfi for dataset_type=portfolio_disclosure file_type=amfi_monthly_xlsx
2026-08-22 15:20:13,855 INFO backfill_amfi_monthly_portfolios: Parser portfolio_monthly_amfi: 430 records (confidence=0.80), 0 errors
2026-08-22 15:20:13,895 WARNING mutual_fund_ingestion.agent.validate: snapshot_pct_sum out of range [85.0, 115.0]: scheme='DSP Liquidity Fund' reporting_date='2022-05-31' pct_sum=78.2 n_records=52
2026-08-22 15:20:13,895 WARNING mutual_fund_ingestion.agent.validate: snapshot_pct_sum out of range [85.0, 115.0]: scheme='DSP Credit Risk Fund' reporting_date='2022-05-31' pct_sum=74.2 n_records=11
2026-08-22 15:20:13,895 WARNING mutual_fund_ingestion.agent.validate: snapshot_pct_sum out of range [85.0, 115.0]: scheme='DSP Short Term Fund' reporting_date='2022-05-31' pct_sum=78.5 n_records=47
2026-08-22 15:20:13,895 WARNING mutual_fund_ingestion.agent.validate: snapshot_pct_sum out of range [85.0, 115.0]: scheme='DSP Strategic Bond Fund' reporting_date='2022-05-31' pct_sum=40.89 n_records=11
2026-08-22 15:20:13,895 WARNING mutual_fund_ingestion.agent.validate: snapshot_pct_sum out of range [85.0, 115.0]: scheme='DSP Government Securities Fund' reporting_date='2022-05-31' pct_sum=71.27 n_records=8
2026-08-22 15:20:13,895 WARNING mutual_fund_ingestion.agent.validate: snapshot_pct_sum out of range [85.0, 115.0]: scheme='DSP Overnight Fund' reporting_date='2022-05-31' pct_sum=4.3 n_records=3
2026-08-22 15:20:13,895 WARNING mutual_fund_ingestion.agent.validate: snapshot_pct_sum out of range [85.0, 115.0]: scheme='DSP FLOATER FUND' reporting_date='2022-05-31' pct_sum=79.68 n_records=8
2026-08-22 15:20:13,895 INFO backfill_amfi_monthly_portfolios: Validation https://www.dspim.com/media/pages/mandatory-disclosures/portfolio-disclosures/477c5320c2-1757771553/dsp-isin-debt-portfolio-as-on-31st-may-2022.xlsx: 430 valid, 0 quarantined
2026-08-22 15:20:16,157 INFO backfill_amfi_monthly_portfolios: Processing 247/470: https://www.dspim.com/media/pages/mandatory-disclosures/portfolio-disclosures/2c50f58541-1757771553/dsp-isin-debt-portfolio-as-on-15th-may-2022.xlsx
2026-08-22 15:20:16,773 INFO backfill_amfi_monthly_portfolios: Downloaded https://www.dspim.com/media/pages/mandatory-disclosures/portfolio-disclosures/2c50f58541-1757771553/dsp-isin-debt-portfolio-as-on-15th-may-2022.xlsx: 1187749 bytes (application/vnd.openxmlformats-officedocument.spreadsheetml.sheet)
2026-08-22 15:20:16,773 INFO mutual_fund_ingestion.agent.parser: Routing to parser=portfolio_monthly_amfi for dataset_type=portfolio_disclosure file_type=amfi_monthly_xlsx
2026-08-22 15:20:16,862 INFO backfill_amfi_monthly_portfolios: Parser portfolio_monthly_amfi: 425 records (confidence=0.80), 0 errors
2026-08-22 15:20:16,903 WARNING mutual_fund_ingestion.agent.validate: snapshot_pct_sum out of range [85.0, 115.0]: scheme='DSP Liquidity Fund' reporting_date='2022-05-15' pct_sum=79.73 n_records=55
2026-08-22 15:20:16,903 WARNING mutual_fund_ingestion.agent.validate: snapshot_pct_sum out of range [85.0, 115.0]: scheme='DSP Credit Risk Fund' reporting_date='2022-05-15' pct_sum=73.79 n_records=11
2026-08-22 15:20:16,903 WARNING mutual_fund_ingestion.agent.validate: snapshot_pct_sum out of range [85.0, 115.0]: scheme='DSP Low Duration Fund' reporting_date='2022-05-15' pct_sum=83.13 n_records=55
2026-08-22 15:20:16,903 WARNING mutual_fund_ingestion.agent.validate: snapshot_pct_sum out of range [85.0, 115.0]: scheme='DSP Short Term Fund' reporting_date='2022-05-15' pct_sum=79.27 n_records=47
2026-08-22 15:20:16,903 WARNING mutual_fund_ingestion.agent.validate: snapshot_pct_sum out of range [85.0, 115.0]: scheme='DSP Strategic Bond Fund' reporting_date='2022-05-15' pct_sum=36.9 n_records=10
2026-08-22 15:20:16,903 WARNING mutual_fund_ingestion.agent.validate: snapshot_pct_sum out of range [85.0, 115.0]: scheme='DSP Government Securities Fund' reporting_date='2022-05-15' pct_sum=64.63 n_records=8
2026-08-22 15:20:16,903 WARNING mutual_fund_ingestion.agent.validate: snapshot_pct_sum out of range [85.0, 115.0]: scheme='DSP Overnight Fund' reporting_date='2022-05-15' pct_sum=2.86 n_records=1
2026-08-22 15:20:16,903 INFO backfill_amfi_monthly_portfolios: Validation https://www.dspim.com/media/pages/mandatory-disclosures/portfolio-disclosures/2c50f58541-1757771553/dsp-isin-debt-portfolio-as-on-15th-may-2022.xlsx: 425 valid, 0 quarantined
2026-08-22 15:20:19,237 INFO backfill_amfi_monthly_portfolios: Processing 248/470: https://www.dspim.com/media/pages/mandatory-disclosures/portfolio-disclosures/f4d226a157-1757771553/dsp-isin-debt-portfolio-as-on-30th-april-2022.xlsx
2026-08-22 15:20:19,717 INFO backfill_amfi_monthly_portfolios: Downloaded https://www.dspim.com/media/pages/mandatory-disclosures/portfolio-disclosures/f4d226a157-1757771553/dsp-isin-debt-portfolio-as-on-30th-april-2022.xlsx: 1193501 bytes (application/vnd.openxmlformats-officedocument.spreadsheetml.sheet)
2026-08-22 15:20:19,717 INFO mutual_fund_ingestion.agent.parser: Routing to parser=portfolio_monthly_amfi for dataset_type=portfolio_disclosure file_type=amfi_monthly_xlsx
2026-08-22 15:20:19,826 INFO backfill_amfi_monthly_portfolios: Parser portfolio_monthly_amfi: 423 records (confidence=0.80), 0 errors
2026-08-22 15:20:19,860 WARNING mutual_fund_ingestion.agent.validate: snapshot_pct_sum out of range [85.0, 115.0]: scheme='DSP Credit Risk Fund' reporting_date='2022-04-30' pct_sum=74.26 n_records=11
2026-08-22 15:20:19,860 WARNING mutual_fund_ingestion.agent.validate: snapshot_pct_sum out of range [85.0, 115.0]: scheme='DSP Short Term Fund' reporting_date='2022-04-30' pct_sum=81.97 n_records=49
2026-08-22 15:20:19,860 WARNING mutual_fund_ingestion.agent.validate: snapshot_pct_sum out of range [85.0, 115.0]: scheme='DSP Strategic Bond Fund' reporting_date='2022-04-30' pct_sum=38.77 n_records=10
2026-08-22 15:20:19,860 WARNING mutual_fund_ingestion.agent.validate: snapshot_pct_sum out of range [85.0, 115.0]: scheme='DSP Government Securities Fund' reporting_date='2022-04-30' pct_sum=76.93 n_records=7
2026-08-22 15:20:19,860 WARNING mutual_fund_ingestion.agent.validate: snapshot_pct_sum out of range [85.0, 115.0]: scheme='DSP Banking & PSU Debt Fund' reporting_date='2022-04-30' pct_sum=83.31 n_records=37
2026-08-22 15:20:19,860 WARNING mutual_fund_ingestion.agent.validate: snapshot_pct_sum out of range [85.0, 115.0]: scheme='DSP Overnight Fund' reporting_date='2022-04-30' pct_sum=0.69 n_records=1
2026-08-22 15:20:19,860 INFO backfill_amfi_monthly_portfolios: Validation https://www.dspim.com/media/pages/mandatory-disclosures/portfolio-disclosures/f4d226a157-1757771553/dsp-isin-debt-portfolio-as-on-30th-april-2022.xlsx: 423 valid, 0 quarantined
2026-08-22 15:20:22,169 INFO backfill_amfi_monthly_portfolios: Processing 249/470: https://www.dspim.com/media/pages/mandatory-disclosures/portfolio-disclosures/6c3816c53b-1757771552/dsp-isin-debt-portfolio-as-on-15th-april-2022.xlsx
2026-08-22 15:20:22,580 INFO backfill_amfi_monthly_portfolios: Downloaded https://www.dspim.com/media/pages/mandatory-disclosures/portfolio-disclosures/6c3816c53b-1757771552/dsp-isin-debt-portfolio-as-on-15th-april-2022.xlsx: 1169376 bytes (application/vnd.openxmlformats-officedocument.spreadsheetml.sheet)
2026-08-22 15:20:22,580 INFO mutual_fund_ingestion.agent.parser: Routing to parser=portfolio_monthly_amfi for dataset_type=portfolio_disclosure file_type=amfi_monthly_xlsx
2026-08-22 15:20:22,675 INFO backfill_amfi_monthly_portfolios: Parser portfolio_monthly_amfi: 418 records (confidence=0.80), 0 errors
2026-08-22 15:20:22,712 WARNING mutual_fund_ingestion.agent.validate: snapshot_pct_sum out of range [85.0, 115.0]: scheme='DSP Liquidity Fund' reporting_date='2022-04-15' pct_sum=66.25 n_records=46
2026-08-22 15:20:22,712 WARNING mutual_fund_ingestion.agent.validate: snapshot_pct_sum out of range [85.0, 115.0]: scheme='DSP Ultra Short Fund' reporting_date='2022-04-15' pct_sum=79.71 n_records=42
2026-08-22 15:20:22,712 WARNING mutual_fund_ingestion.agent.validate: snapshot_pct_sum out of range [85.0, 115.0]: scheme='DSP Credit Risk Fund' reporting_date='2022-04-15' pct_sum=67.84 n_records=10
2026-08-22 15:20:22,712 WARNING mutual_fund_ingestion.agent.validate: snapshot_pct_sum out of range [85.0, 115.0]: scheme='DSP Low Duration Fund' reporting_date='2022-04-15' pct_sum=77.64 n_records=51
2026-08-22 15:20:22,712 WARNING mutual_fund_ingestion.agent.validate: snapshot_pct_sum out of range [85.0, 115.0]: scheme='DSP Short Term Fund' reporting_date='2022-04-15' pct_sum=78.87 n_records=47
2026-08-22 15:20:22,712 WARNING mutual_fund_ingestion.agent.validate: snapshot_pct_sum out of range [85.0, 115.0]: scheme='DSP Strategic Bond Fund' reporting_date='2022-04-15' pct_sum=52.58 n_records=11
2026-08-22 15:20:22,712 WARNING mutual_fund_ingestion.agent.validate: snapshot_pct_sum out of range [85.0, 115.0]: scheme='DSP Government Securities Fund' reporting_date='2022-04-15' pct_sum=72.84 n_records=7
2026-08-22 15:20:22,712 WARNING mutual_fund_ingestion.agent.validate: snapshot_pct_sum out of range [85.0, 115.0]: scheme='DSP Banking & PSU Debt Fund' reporting_date='2022-04-15' pct_sum=78.52 n_records=37
2026-08-22 15:20:22,712 WARNING mutual_fund_ingestion.agent.validate: snapshot_pct_sum out of range [85.0, 115.0]: scheme='DSP Overnight Fund' reporting_date='2022-04-15' pct_sum=3.66 n_records=2
2026-08-22 15:20:22,712 INFO backfill_amfi_monthly_portfolios: Validation https://www.dspim.com/media/pages/mandatory-disclosures/portfolio-disclosures/6c3816c53b-1757771552/dsp-isin-debt-portfolio-as-on-15th-april-2022.xlsx: 418 valid, 0 quarantined
2026-08-22 15:20:24,993 INFO backfill_amfi_monthly_portfolios: Processing 250/470: https://www.dspim.com/media/pages/mandatory-disclosures/portfolio-disclosures/6135f65526-1757771554/dsp-isin-debt-portfolio-as-on-31st-march-2022.xlsx
2026-08-22 15:20:25,216 INFO backfill_amfi_monthly_portfolios: Downloaded https://www.dspim.com/media/pages/mandatory-disclosures/portfolio-disclosures/6135f65526-1757771554/dsp-isin-debt-portfolio-as-on-31st-march-2022.xlsx: 1115365 bytes (application/vnd.openxmlformats-officedocument.spreadsheetml.sheet)
2026-08-22 15:20:25,216 INFO mutual_fund_ingestion.agent.parser: Routing to parser=portfolio_monthly_amfi for dataset_type=portfolio_disclosure file_type=amfi_monthly_xlsx
2026-08-22 15:20:25,327 INFO backfill_amfi_monthly_portfolios: Parser portfolio_monthly_amfi: 428 records (confidence=0.80), 0 errors
2026-08-22 15:20:25,359 WARNING mutual_fund_ingestion.agent.validate: snapshot_pct_sum out of range [85.0, 115.0]: scheme='DSP Liquidity Fund' reporting_date='2022-03-31' pct_sum=82.81 n_records=46
2026-08-22 15:20:25,359 WARNING mutual_fund_ingestion.agent.validate: snapshot_pct_sum out of range [85.0, 115.0]: scheme='DSP Credit Risk Fund' reporting_date='2022-03-31' pct_sum=67.22 n_records=10
2026-08-22 15:20:25,360 WARNING mutual_fund_ingestion.agent.validate: snapshot_pct_sum out of range [85.0, 115.0]: scheme='DSP Strategic Bond Fund' reporting_date='2022-03-31' pct_sum=82.42 n_records=13
2026-08-22 15:20:25,360 WARNING mutual_fund_ingestion.agent.validate: snapshot_pct_sum out of range [85.0, 115.0]: scheme='DSP Government Securities Fund' reporting_date='2022-03-31' pct_sum=73.41 n_records=7
2026-08-22 15:20:25,360 WARNING mutual_fund_ingestion.agent.validate: snapshot_pct_sum out of range [85.0, 115.0]: scheme='DSP Overnight Fund' reporting_date='2022-03-31' pct_sum=3.82 n_records=2
2026-08-22 15:20:25,360 WARNING mutual_fund_ingestion.agent.validate: snapshot_pct_sum out of range [85.0, 115.0]: scheme='DSP NIFTY SDL PLUS G-SEC JUN 2028 30:70 INDEX FUND' reporting_date='2022-03-31' pct_sum=82.31 n_records=19
2026-08-22 15:20:25,360 INFO backfill_amfi_monthly_portfolios: Validation https://www.dspim.com/media/pages/mandatory-disclosures/portfolio-disclosures/6135f65526-1757771554/dsp-isin-debt-portfolio-as-on-31st-march-2022.xlsx: 428 valid, 0 quarantined
2026-08-22 15:20:27,648 INFO backfill_amfi_monthly_portfolios: Processing 251/470: https://www.dspim.com/media/pages/mandatory-disclosures/portfolio-disclosures/6cb547261f-1757771553/dsp-isin-debt-portfolio-15th-march-2022.xlsx
2026-08-22 15:20:27,871 INFO backfill_amfi_monthly_portfolios: Downloaded https://www.dspim.com/media/pages/mandatory-disclosures/portfolio-disclosures/6cb547261f-1757771553/dsp-isin-debt-portfolio-15th-march-2022.xlsx: 1176865 bytes (application/vnd.openxmlformats-officedocument.spreadsheetml.sheet)
2026-08-22 15:20:27,872 INFO mutual_fund_ingestion.agent.parser: Routing to parser=portfolio_monthly_amfi for dataset_type=portfolio_disclosure file_type=amfi_monthly_xlsx
2026-08-22 15:20:27,957 INFO backfill_amfi_monthly_portfolios: Parser portfolio_monthly_amfi: 412 records (confidence=0.80), 0 errors
2026-08-22 15:20:27,998 WARNING mutual_fund_ingestion.agent.validate: snapshot_pct_sum out of range [85.0, 115.0]: scheme='DSP Liquidity Fund' reporting_date='2022-03-15' pct_sum=66.22 n_records=42
2026-08-22 15:20:27,999 WARNING mutual_fund_ingestion.agent.validate: snapshot_pct_sum out of range [85.0, 115.0]: scheme='DSP Credit Risk Fund' reporting_date='2022-03-15' pct_sum=71.05 n_records=10
2026-08-22 15:20:27,999 WARNING mutual_fund_ingestion.agent.validate: snapshot_pct_sum out of range [85.0, 115.0]: scheme='DSP Strategic Bond Fund' reporting_date='2022-03-15' pct_sum=62.58 n_records=11
2026-08-22 15:20:27,999 WARNING mutual_fund_ingestion.agent.validate: snapshot_pct_sum out of range [85.0, 115.0]: scheme='DSP Government Securities Fund' reporting_date='2022-03-15' pct_sum=58.06 n_records=6
2026-08-22 15:20:27,999 WARNING mutual_fund_ingestion.agent.validate: snapshot_pct_sum out of range [85.0, 115.0]: scheme='DSP Overnight Fund' reporting_date='2022-03-15' pct_sum=1.29 n_records=2
2026-08-22 15:20:27,999 INFO backfill_amfi_monthly_portfolios: Validation https://www.dspim.com/media/pages/mandatory-disclosures/portfolio-disclosures/6cb547261f-1757771553/dsp-isin-debt-portfolio-15th-march-2022.xlsx: 412 valid, 0 quarantined
2026-08-22 15:20:30,241 INFO backfill_amfi_monthly_portfolios: Processing 252/470: https://www.dspim.com/media/pages/mandatory-disclosures/portfolio-disclosures/b9e89cc6b5-1757771552/dsp-isin-debt-portfolio-28th-feb-2022.xlsx
2026-08-22 15:20:30,523 INFO backfill_amfi_monthly_portfolios: Downloaded https://www.dspim.com/media/pages/mandatory-disclosures/portfolio-disclosures/b9e89cc6b5-1757771552/dsp-isin-debt-portfolio-28th-feb-2022.xlsx: 1178653 bytes (application/vnd.openxmlformats-officedocument.spreadsheetml.sheet)
2026-08-22 15:20:30,523 INFO mutual_fund_ingestion.agent.parser: Routing to parser=portfolio_monthly_amfi for dataset_type=portfolio_disclosure file_type=amfi_monthly_xlsx
2026-08-22 15:20:30,609 INFO backfill_amfi_monthly_portfolios: Parser portfolio_monthly_amfi: 390 records (confidence=0.80), 0 errors
2026-08-22 15:20:30,637 WARNING mutual_fund_ingestion.agent.validate: snapshot_pct_sum out of range [85.0, 115.0]: scheme='DSP Liquidity Fund' reporting_date='2022-02-28' pct_sum=49.55 n_records=30
2026-08-22 15:20:30,637 WARNING mutual_fund_ingestion.agent.validate: snapshot_pct_sum out of range [85.0, 115.0]: scheme='DSP Credit Risk Fund' reporting_date='2022-02-28' pct_sum=64.69 n_records=9
2026-08-22 15:20:30,638 WARNING mutual_fund_ingestion.agent.validate: snapshot_pct_sum out of range [85.0, 115.0]: scheme='DSP Short Term Fund' reporting_date='2022-02-28' pct_sum=82.39 n_records=49
2026-08-22 15:20:30,638 WARNING mutual_fund_ingestion.agent.validate: snapshot_pct_sum out of range [85.0, 115.0]: scheme='DSP Strategic Bond Fund' reporting_date='2022-02-28' pct_sum=44.82 n_records=8
2026-08-22 15:20:30,638 WARNING mutual_fund_ingestion.agent.validate: snapshot_pct_sum out of range [85.0, 115.0]: scheme='DSP Government Securities Fund' reporting_date='2022-02-28' pct_sum=68.71 n_records=8
2026-08-22 15:20:30,638 WARNING mutual_fund_ingestion.agent.validate: snapshot_pct_sum out of range [85.0, 115.0]: scheme='DSP Savings Fund' reporting_date='2022-02-28' pct_sum=66.88 n_records=20
2026-08-22 15:20:30,638 WARNING mutual_fund_ingestion.agent.validate: snapshot_pct_sum out of range [85.0, 115.0]: scheme='DSP Corporate Bond Fund' reporting_date='2022-02-28' pct_sum=80.34 n_records=42
2026-08-22 15:20:30,638 WARNING mutual_fund_ingestion.agent.validate: snapshot_pct_sum out of range [85.0, 115.0]: scheme='DSP Overnight Fund' reporting_date='2022-02-28' pct_sum=1.21 n_records=2
2026-08-22 15:20:30,638 WARNING mutual_fund_ingestion.agent.validate: snapshot_pct_sum out of range [85.0, 115.0]: scheme='DSP FMP - Series 250 - 39M' reporting_date='2022-02-28' pct_sum=80.86 n_records=11
2026-08-22 15:20:30,638 WARNING mutual_fund_ingestion.agent.validate: snapshot_pct_sum out of range [85.0, 115.0]: scheme='DSP FMP Series 251 - 38M' reporting_date='2022-02-28' pct_sum=77.5 n_records=13
2026-08-22 15:20:30,638 INFO backfill_amfi_monthly_portfolios: Validation https://www.dspim.com/media/pages/mandatory-disclosures/portfolio-disclosures/b9e89cc6b5-1757771552/dsp-isin-debt-portfolio-28th-feb-2022.xlsx: 390 valid, 0 quarantined
2026-08-22 15:20:32,859 INFO backfill_amfi_monthly_portfolios: Processing 253/470: https://www.dspim.com/media/pages/mandatory-disclosures/portfolio-disclosures/200a705eaf-1757771553/dsp-isin-debt-portfolio-as-on-15th-feb-2022.xlsx
2026-08-22 15:20:33,069 INFO backfill_amfi_monthly_portfolios: Downloaded https://www.dspim.com/media/pages/mandatory-disclosures/portfolio-disclosures/200a705eaf-1757771553/dsp-isin-debt-portfolio-as-on-15th-feb-2022.xlsx: 1174990 bytes (application/vnd.openxmlformats-officedocument.spreadsheetml.sheet)
2026-08-22 15:20:33,069 INFO mutual_fund_ingestion.agent.parser: Routing to parser=portfolio_monthly_amfi for dataset_type=portfolio_disclosure file_type=amfi_monthly_xlsx
2026-08-22 15:20:33,174 INFO backfill_amfi_monthly_portfolios: Parser portfolio_monthly_amfi: 395 records (confidence=0.80), 0 errors
2026-08-22 15:20:33,208 WARNING mutual_fund_ingestion.agent.validate: snapshot_pct_sum out of range [85.0, 115.0]: scheme='DSP Liquidity Fund' reporting_date='2022-02-15' pct_sum=43.56 n_records=28
2026-08-22 15:20:33,208 WARNING mutual_fund_ingestion.agent.validate: snapshot_pct_sum out of range [85.0, 115.0]: scheme='DSP Ultra Short Fund' reporting_date='2022-02-15' pct_sum=81.88 n_records=38
2026-08-22 15:20:33,208 WARNING mutual_fund_ingestion.agent.validate: snapshot_pct_sum out of range [85.0, 115.0]: scheme='DSP Credit Risk Fund' reporting_date='2022-02-15' pct_sum=57.79 n_records=8
2026-08-22 15:20:33,208 WARNING mutual_fund_ingestion.agent.validate: snapshot_pct_sum out of range [85.0, 115.0]: scheme='DSP Short Term Fund' reporting_date='2022-02-15' pct_sum=84.23 n_records=48
2026-08-22 15:20:33,208 WARNING mutual_fund_ingestion.agent.validate: snapshot_pct_sum out of range [85.0, 115.0]: scheme='DSP Strategic Bond Fund' reporting_date='2022-02-15' pct_sum=62.23 n_records=10
2026-08-22 15:20:33,208 WARNING mutual_fund_ingestion.agent.validate: snapshot_pct_sum out of range [85.0, 115.0]: scheme='DSP Government Securities Fund' reporting_date='2022-02-15' pct_sum=66.29 n_records=9
2026-08-22 15:20:33,208 WARNING mutual_fund_ingestion.agent.validate: snapshot_pct_sum out of range [85.0, 115.0]: scheme='DSP Savings Fund' reporting_date='2022-02-15' pct_sum=82.89 n_records=25
2026-08-22 15:20:33,208 WARNING mutual_fund_ingestion.agent.validate: snapshot_pct_sum out of range [85.0, 115.0]: scheme='DSP Banking & PSU Debt Fund' reporting_date='2022-02-15' pct_sum=83.02 n_records=38
2026-08-22 15:20:33,208 WARNING mutual_fund_ingestion.agent.validate: snapshot_pct_sum out of range [85.0, 115.0]: scheme='DSP Overnight Fund' reporting_date='2022-02-15' pct_sum=0.91 n_records=2
2026-08-22 15:20:33,208 WARNING mutual_fund_ingestion.agent.validate: snapshot_pct_sum out of range [85.0, 115.0]: scheme='DSP FMP - Series 250 - 39M' reporting_date='2022-02-15' pct_sum=80.86 n_records=11
2026-08-22 15:20:33,208 WARNING mutual_fund_ingestion.agent.validate: snapshot_pct_sum out of range [85.0, 115.0]: scheme='DSP FMP Series 251 - 38M' reporting_date='2022-02-15' pct_sum=77.5 n_records=13
2026-08-22 15:20:33,208 INFO backfill_amfi_monthly_portfolios: Validation https://www.dspim.com/media/pages/mandatory-disclosures/portfolio-disclosures/200a705eaf-1757771553/dsp-isin-debt-portfolio-as-on-15th-feb-2022.xlsx: 395 valid, 0 quarantined
2026-08-22 15:20:35,413 INFO backfill_amfi_monthly_portfolios: Processing 254/470: https://www.dspim.com/media/pages/mandatory-disclosures/portfolio-disclosures/7edbda1ebd-1757771553/dsp-isin-debt-portfolio-as-on-31st-jan-2022.xlsx
2026-08-22 15:20:35,604 INFO backfill_amfi_monthly_portfolios: Downloaded https://www.dspim.com/media/pages/mandatory-disclosures/portfolio-disclosures/7edbda1ebd-1757771553/dsp-isin-debt-portfolio-as-on-31st-jan-2022.xlsx: 1171557 bytes (application/vnd.openxmlformats-officedocument.spreadsheetml.sheet)
2026-08-22 15:20:35,604 INFO mutual_fund_ingestion.agent.parser: Routing to parser=portfolio_monthly_amfi for dataset_type=portfolio_disclosure file_type=amfi_monthly_xlsx
2026-08-22 15:20:35,693 INFO backfill_amfi_monthly_portfolios: Parser portfolio_monthly_amfi: 388 records (confidence=0.80), 0 errors
2026-08-22 15:20:35,728 WARNING mutual_fund_ingestion.agent.validate: snapshot_pct_sum out of range [85.0, 115.0]: scheme='DSP Liquidity Fund' reporting_date='2022-01-31' pct_sum=39.46 n_records=28
2026-08-22 15:20:35,728 WARNING mutual_fund_ingestion.agent.validate: snapshot_pct_sum out of range [85.0, 115.0]: scheme='DSP Credit Risk Fund' reporting_date='2022-01-31' pct_sum=63.52 n_records=9
2026-08-22 15:20:35,728 WARNING mutual_fund_ingestion.agent.validate: snapshot_pct_sum out of range [85.0, 115.0]: scheme='DSP Short Term Fund' reporting_date='2022-01-31' pct_sum=76.32 n_records=43
2026-08-22 15:20:35,728 WARNING mutual_fund_ingestion.agent.validate: snapshot_pct_sum out of range [85.0, 115.0]: scheme='DSP Strategic Bond Fund' reporting_date='2022-01-31' pct_sum=69.95 n_records=11
2026-08-22 15:20:35,728 WARNING mutual_fund_ingestion.agent.validate: snapshot_pct_sum out of range [85.0, 115.0]: scheme='DSP Overnight Fund' reporting_date='2022-01-31' pct_sum=0.56 n_records=1
2026-08-22 15:20:35,728 WARNING mutual_fund_ingestion.agent.validate: snapshot_pct_sum out of range [85.0, 115.0]: scheme='DSP FMP - Series 250 - 39M' reporting_date='2022-01-31' pct_sum=80.85 n_records=11
2026-08-22 15:20:35,728 WARNING mutual_fund_ingestion.agent.validate: snapshot_pct_sum out of range [85.0, 115.0]: scheme='DSP FMP Series 251 - 38M' reporting_date='2022-01-31' pct_sum=79.55 n_records=14
2026-08-22 15:20:35,728 INFO backfill_amfi_monthly_portfolios: Validation https://www.dspim.com/media/pages/mandatory-disclosures/portfolio-disclosures/7edbda1ebd-1757771553/dsp-isin-debt-portfolio-as-on-31st-jan-2022.xlsx: 388 valid, 0 quarantined
2026-08-22 15:20:38,012 INFO backfill_amfi_monthly_portfolios: Processing 255/470: https://www.dspim.com/media/pages/mandatory-disclosures/portfolio-disclosures/698bc1aa33-1757771554/dsp-isin-debt-portfolio-as-on-january-15-2022.xlsx
2026-08-22 15:20:38,283 INFO backfill_amfi_monthly_portfolios: Downloaded https://www.dspim.com/media/pages/mandatory-disclosures/portfolio-disclosures/698bc1aa33-1757771554/dsp-isin-debt-portfolio-as-on-january-15-2022.xlsx: 1215777 bytes (application/vnd.openxmlformats-officedocument.spreadsheetml.sheet)
2026-08-22 15:20:38,283 INFO mutual_fund_ingestion.agent.parser: Routing to parser=portfolio_monthly_amfi for dataset_type=portfolio_disclosure file_type=amfi_monthly_xlsx
2026-08-22 15:20:38,369 INFO backfill_amfi_monthly_portfolios: Parser portfolio_monthly_amfi: 392 records (confidence=0.80), 0 errors
2026-08-22 15:20:38,409 WARNING mutual_fund_ingestion.agent.validate: snapshot_pct_sum out of range [85.0, 115.0]: scheme='DSP Liquidity Fund' reporting_date='2022-01-15' pct_sum=37.65 n_records=28
2026-08-22 15:20:38,409 WARNING mutual_fund_ingestion.agent.validate: snapshot_pct_sum out of range [85.0, 115.0]: scheme='DSP Credit Risk Fund' reporting_date='2022-01-15' pct_sum=63.11 n_records=9
2026-08-22 15:20:38,409 WARNING mutual_fund_ingestion.agent.validate: snapshot_pct_sum out of range [85.0, 115.0]: scheme='DSP Short Term Fund' reporting_date='2022-01-15' pct_sum=73.19 n_records=43
2026-08-22 15:20:38,409 WARNING mutual_fund_ingestion.agent.validate: snapshot_pct_sum out of range [85.0, 115.0]: scheme='DSP Strategic Bond Fund' reporting_date='2022-01-15' pct_sum=51.37 n_records=9
2026-08-22 15:20:38,409 WARNING mutual_fund_ingestion.agent.validate: snapshot_pct_sum out of range [85.0, 115.0]: scheme='DSP Government Securities Fund' reporting_date='2022-01-15' pct_sum=72.41 n_records=7
2026-08-22 15:20:38,409 WARNING mutual_fund_ingestion.agent.validate: snapshot_pct_sum out of range [85.0, 115.0]: scheme='DSP Overnight Fund' reporting_date='2022-01-15' pct_sum=1.62 n_records=2
2026-08-22 15:20:38,409 INFO backfill_amfi_monthly_portfolios: Validation https://www.dspim.com/media/pages/mandatory-disclosures/portfolio-disclosures/698bc1aa33-1757771554/dsp-isin-debt-portfolio-as-on-january-15-2022.xlsx: 392 valid, 0 quarantined
2026-08-22 15:20:40,656 INFO backfill_amfi_monthly_portfolios: Processing 256/470: https://www.dspim.com/media/pages/mandatory-disclosures/portfolio-disclosures/81058ae0fd-1757771554/dsp-isin-debt-portfolio-as-on-december-31-2021.xlsx
2026-08-22 15:20:41,098 INFO backfill_amfi_monthly_portfolios: Downloaded https://www.dspim.com/media/pages/mandatory-disclosures/portfolio-disclosures/81058ae0fd-1757771554/dsp-isin-debt-portfolio-as-on-december-31-2021.xlsx: 1216292 bytes (application/vnd.openxmlformats-officedocument.spreadsheetml.sheet)
2026-08-22 15:20:41,098 INFO mutual_fund_ingestion.agent.parser: Routing to parser=portfolio_monthly_amfi for dataset_type=portfolio_disclosure file_type=amfi_monthly_xlsx
2026-08-22 15:20:41,186 INFO backfill_amfi_monthly_portfolios: Parser portfolio_monthly_amfi: 397 records (confidence=0.80), 0 errors
2026-08-22 15:20:41,218 WARNING mutual_fund_ingestion.agent.validate: snapshot_pct_sum out of range [85.0, 115.0]: scheme='DSP Liquidity Fund' reporting_date='2021-12-31' pct_sum=63.48 n_records=29
2026-08-22 15:20:41,218 WARNING mutual_fund_ingestion.agent.validate: snapshot_pct_sum out of range [85.0, 115.0]: scheme='DSP Credit Risk Fund' reporting_date='2021-12-31' pct_sum=62.78 n_records=9
2026-08-22 15:20:41,218 WARNING mutual_fund_ingestion.agent.validate: snapshot_pct_sum out of range [85.0, 115.0]: scheme='DSP Short Term Fund' reporting_date='2021-12-31' pct_sum=70.51 n_records=45
2026-08-22 15:20:41,218 WARNING mutual_fund_ingestion.agent.validate: snapshot_pct_sum out of range [85.0, 115.0]: scheme='DSP Strategic Bond Fund' reporting_date='2021-12-31' pct_sum=50.31 n_records=11
2026-08-22 15:20:41,218 WARNING mutual_fund_ingestion.agent.validate: snapshot_pct_sum out of range [85.0, 115.0]: scheme='DSP Government Securities Fund' reporting_date='2021-12-31' pct_sum=70.49 n_records=8
2026-08-22 15:20:41,218 INFO backfill_amfi_monthly_portfolios: Validation https://www.dspim.com/media/pages/mandatory-disclosures/portfolio-disclosures/81058ae0fd-1757771554/dsp-isin-debt-portfolio-as-on-december-31-2021.xlsx: 397 valid, 0 quarantined
2026-08-22 15:20:43,448 INFO backfill_amfi_monthly_portfolios: Processing 257/470: https://www.dspim.com/media/pages/mandatory-disclosures/portfolio-disclosures/ebb47fd11b-1757771552/dsp-debt-isin-portfolio-15th-december-2021.xlsx
2026-08-22 15:20:43,674 INFO backfill_amfi_monthly_portfolios: Downloaded https://www.dspim.com/media/pages/mandatory-disclosures/portfolio-disclosures/ebb47fd11b-1757771552/dsp-debt-isin-portfolio-15th-december-2021.xlsx: 1297967 bytes (application/vnd.openxmlformats-officedocument.spreadsheetml.sheet)
2026-08-22 15:20:43,674 INFO mutual_fund_ingestion.agent.parser: Routing to parser=portfolio_monthly_amfi for dataset_type=portfolio_disclosure file_type=amfi_monthly_xlsx
2026-08-22 15:20:43,784 INFO backfill_amfi_monthly_portfolios: Parser portfolio_monthly_amfi: 398 records (confidence=0.80), 0 errors
2026-08-22 15:20:43,815 WARNING mutual_fund_ingestion.agent.validate: snapshot_pct_sum out of range [85.0, 115.0]: scheme='DSP Liquidity Fund' reporting_date='2021-12-15' pct_sum=59.33 n_records=33
2026-08-22 15:20:43,815 WARNING mutual_fund_ingestion.agent.validate: snapshot_pct_sum out of range [85.0, 115.0]: scheme='DSP Ultra Short Fund' reporting_date='2021-12-15' pct_sum=70.81 n_records=34
2026-08-22 15:20:43,815 WARNING mutual_fund_ingestion.agent.validate: snapshot_pct_sum out of range [85.0, 115.0]: scheme='DSP Credit Risk Fund' reporting_date='2021-12-15' pct_sum=62.31 n_records=9
2026-08-22 15:20:43,816 WARNING mutual_fund_ingestion.agent.validate: snapshot_pct_sum out of range [85.0, 115.0]: scheme='DSP Strategic Bond Fund' reporting_date='2021-12-15' pct_sum=77.03 n_records=16
2026-08-22 15:20:43,816 WARNING mutual_fund_ingestion.agent.validate: snapshot_pct_sum out of range [85.0, 115.0]: scheme='DSP Government Securities Fund' reporting_date='2021-12-15' pct_sum=67.05 n_records=7
2026-08-22 15:20:43,816 WARNING mutual_fund_ingestion.agent.validate: snapshot_pct_sum out of range [85.0, 115.0]: scheme='DSP Regular Savings Fund' reporting_date='2021-12-15' pct_sum=19.9 n_records=17
2026-08-22 15:20:43,816 INFO backfill_amfi_monthly_portfolios: Validation https://www.dspim.com/media/pages/mandatory-disclosures/portfolio-disclosures/ebb47fd11b-1757771552/dsp-debt-isin-portfolio-15th-december-2021.xlsx: 398 valid, 0 quarantined
2026-08-22 15:20:46,070 INFO backfill_amfi_monthly_portfolios: Processing 258/470: https://www.dspim.com/media/pages/mandatory-disclosures/portfolio-disclosures/0ef1552a52-1757771554/dsp-isin-debt-portfolio-as-on-november-30-2021.xlsx
2026-08-22 15:20:46,329 INFO backfill_amfi_monthly_portfolios: Downloaded https://www.dspim.com/media/pages/mandatory-disclosures/portfolio-disclosures/0ef1552a52-1757771554/dsp-isin-debt-portfolio-as-on-november-30-2021.xlsx: 1325531 bytes (application/vnd.openxmlformats-officedocument.spreadsheetml.sheet)
2026-08-22 15:20:46,330 INFO mutual_fund_ingestion.agent.parser: Routing to parser=portfolio_monthly_amfi for dataset_type=portfolio_disclosure file_type=amfi_monthly_xlsx
2026-08-22 15:20:46,422 INFO backfill_amfi_monthly_portfolios: Parser portfolio_monthly_amfi: 397 records (confidence=0.80), 0 errors
2026-08-22 15:20:46,455 WARNING mutual_fund_ingestion.agent.validate: snapshot_pct_sum out of range [85.0, 115.0]: scheme='DSP Liquidity Fund' reporting_date='2021-11-30' pct_sum=53.22 n_records=36
2026-08-22 15:20:46,456 WARNING mutual_fund_ingestion.agent.validate: snapshot_pct_sum out of range [85.0, 115.0]: scheme='DSP Credit Risk Fund' reporting_date='2021-11-30' pct_sum=73.91 n_records=10
2026-08-22 15:20:46,456 WARNING mutual_fund_ingestion.agent.validate: snapshot_pct_sum out of range [85.0, 115.0]: scheme='DSP Short Term Fund' reporting_date='2021-11-30' pct_sum=81.99 n_records=48
2026-08-22 15:20:46,456 WARNING mutual_fund_ingestion.agent.validate: snapshot_pct_sum out of range [85.0, 115.0]: scheme='DSP Strategic Bond Fund' reporting_date='2021-11-30' pct_sum=70.58 n_records=14
2026-08-22 15:20:46,456 WARNING mutual_fund_ingestion.agent.validate: snapshot_pct_sum out of range [85.0, 115.0]: scheme='DSP Bond Fund' reporting_date='2021-11-30' pct_sum=84.87 n_records=19
2026-08-22 15:20:46,456 WARNING mutual_fund_ingestion.agent.validate: snapshot_pct_sum out of range [85.0, 115.0]: scheme='DSP Government Securities Fund' reporting_date='2021-11-30' pct_sum=73.48 n_records=8
2026-08-22 15:20:46,456 WARNING mutual_fund_ingestion.agent.validate: snapshot_pct_sum out of range [85.0, 115.0]: scheme='DSP Regular Savings Fund' reporting_date='2021-11-30' pct_sum=18.4 n_records=17
2026-08-22 15:20:46,456 INFO backfill_amfi_monthly_portfolios: Validation https://www.dspim.com/media/pages/mandatory-disclosures/portfolio-disclosures/0ef1552a52-1757771554/dsp-isin-debt-portfolio-as-on-november-30-2021.xlsx: 397 valid, 0 quarantined
2026-08-22 15:20:48,707 INFO backfill_amfi_monthly_portfolios: Processing 259/470: https://www.dspim.com/media/pages/mandatory-disclosures/portfolio-disclosures/6fef74aa1a-1757771552/dsp-debt-isin-portfolio-15th-november-2021.xlsx
2026-08-22 15:20:48,955 INFO backfill_amfi_monthly_portfolios: Downloaded https://www.dspim.com/media/pages/mandatory-disclosures/portfolio-disclosures/6fef74aa1a-1757771552/dsp-debt-isin-portfolio-15th-november-2021.xlsx: 1665635 bytes (application/vnd.openxmlformats-officedocument.spreadsheetml.sheet)
2026-08-22 15:20:48,955 INFO mutual_fund_ingestion.agent.parser: Routing to parser=portfolio_monthly_amfi for dataset_type=portfolio_disclosure file_type=amfi_monthly_xlsx
2026-08-22 15:20:49,051 INFO backfill_amfi_monthly_portfolios: Parser portfolio_monthly_amfi: 432 records (confidence=0.80), 0 errors
2026-08-22 15:20:49,094 WARNING mutual_fund_ingestion.agent.validate: snapshot_pct_sum out of range [85.0, 115.0]: scheme='DSP Liquidity Fund' reporting_date='2021-11-15' pct_sum=56.29 n_records=40
2026-08-22 15:20:49,094 WARNING mutual_fund_ingestion.agent.validate: snapshot_pct_sum out of range [85.0, 115.0]: scheme='DSP Credit Risk Fund' reporting_date='2021-11-15' pct_sum=64.36 n_records=9
2026-08-22 15:20:49,094 WARNING mutual_fund_ingestion.agent.validate: snapshot_pct_sum out of range [85.0, 115.0]: scheme='DSP Short Term Fund' reporting_date='2021-11-15' pct_sum=82.43 n_records=52
2026-08-22 15:20:49,094 WARNING mutual_fund_ingestion.agent.validate: snapshot_pct_sum out of range [85.0, 115.0]: scheme='DSP Strategic Bond Fund' reporting_date='2021-11-15' pct_sum=57.69 n_records=15
2026-08-22 15:20:49,094 WARNING mutual_fund_ingestion.agent.validate: snapshot_pct_sum out of range [85.0, 115.0]: scheme='DSP FLOATER FUND' reporting_date='2021-11-15' pct_sum=84.64 n_records=8
2026-08-22 15:20:49,094 INFO backfill_amfi_monthly_portfolios: Validation https://www.dspim.com/media/pages/mandatory-disclosures/portfolio-disclosures/6fef74aa1a-1757771552/dsp-debt-isin-portfolio-15th-november-2021.xlsx: 430 valid, 2 quarantined
2026-08-22 15:20:51,420 INFO backfill_amfi_monthly_portfolios: Processing 260/470: https://www.dspim.com/media/pages/mandatory-disclosures/portfolio-disclosures/9a06c6dfba-1757771552/dsp-debt-isin-portfolio-31st-october-2021.xlsx
2026-08-22 15:20:51,582 INFO backfill_amfi_monthly_portfolios: Downloaded https://www.dspim.com/media/pages/mandatory-disclosures/portfolio-disclosures/9a06c6dfba-1757771552/dsp-debt-isin-portfolio-31st-october-2021.xlsx: 1114521 bytes (application/vnd.openxmlformats-officedocument.spreadsheetml.sheet)
2026-08-22 15:20:51,582 INFO mutual_fund_ingestion.agent.parser: Routing to parser=portfolio_monthly_amfi for dataset_type=portfolio_disclosure file_type=amfi_monthly_xlsx
2026-08-22 15:20:51,670 INFO backfill_amfi_monthly_portfolios: Parser portfolio_monthly_amfi: 425 records (confidence=0.80), 0 errors
2026-08-22 15:20:51,711 WARNING mutual_fund_ingestion.agent.validate: snapshot_pct_sum out of range [85.0, 115.0]: scheme='DSP Liquidity Fund' reporting_date='2021-10-31' pct_sum=61.65 n_records=37
2026-08-22 15:20:51,711 WARNING mutual_fund_ingestion.agent.validate: snapshot_pct_sum out of range [85.0, 115.0]: scheme='DSP Credit Risk Fund' reporting_date='2021-10-31' pct_sum=62.86 n_records=9
2026-08-22 15:20:51,711 WARNING mutual_fund_ingestion.agent.validate: snapshot_pct_sum out of range [85.0, 115.0]: scheme='DSP Short Term Fund' reporting_date='2021-10-31' pct_sum=79.3 n_records=52
2026-08-22 15:20:51,711 WARNING mutual_fund_ingestion.agent.validate: snapshot_pct_sum out of range [85.0, 115.0]: scheme='DSP Strategic Bond Fund' reporting_date='2021-10-31' pct_sum=42.95 n_records=12
2026-08-22 15:20:51,711 WARNING mutual_fund_ingestion.agent.validate: snapshot_pct_sum out of range [85.0, 115.0]: scheme='DSP Government Securities Fund' reporting_date='2021-10-31' pct_sum=63.39 n_records=7
2026-08-22 15:20:51,711 INFO backfill_amfi_monthly_portfolios: Validation https://www.dspim.com/media/pages/mandatory-disclosures/portfolio-disclosures/9a06c6dfba-1757771552/dsp-debt-isin-portfolio-31st-october-2021.xlsx: 425 valid, 0 quarantined
2026-08-22 15:20:53,964 INFO backfill_amfi_monthly_portfolios: Processing 261/470: https://www.dspim.com/media/pages/mandatory-disclosures/portfolio-disclosures/b8376143db-1757771552/dsp-debt-isin-portfolio-15th-october-2021.xlsx
2026-08-22 15:20:54,309 INFO backfill_amfi_monthly_portfolios: Downloaded https://www.dspim.com/media/pages/mandatory-disclosures/portfolio-disclosures/b8376143db-1757771552/dsp-debt-isin-portfolio-15th-october-2021.xlsx: 1111223 bytes (application/vnd.openxmlformats-officedocument.spreadsheetml.sheet)
2026-08-22 15:20:54,309 INFO mutual_fund_ingestion.agent.parser: Routing to parser=portfolio_monthly_amfi for dataset_type=portfolio_disclosure file_type=amfi_monthly_xlsx
2026-08-22 15:20:54,402 INFO backfill_amfi_monthly_portfolios: Parser portfolio_monthly_amfi: 421 records (confidence=0.80), 0 errors
2026-08-22 15:20:54,436 WARNING mutual_fund_ingestion.agent.validate: snapshot_pct_sum out of range [85.0, 115.0]: scheme='DSP Liquidity Fund' reporting_date='2021-10-15' pct_sum=56.49 n_records=42
2026-08-22 15:20:54,436 WARNING mutual_fund_ingestion.agent.validate: snapshot_pct_sum out of range [85.0, 115.0]: scheme='DSP Credit Risk Fund' reporting_date='2021-10-15' pct_sum=62.52 n_records=9
2026-08-22 15:20:54,437 WARNING mutual_fund_ingestion.agent.validate: snapshot_pct_sum out of range [85.0, 115.0]: scheme='DSP Short Term Fund' reporting_date='2021-10-15' pct_sum=84.47 n_records=53
2026-08-22 15:20:54,437 WARNING mutual_fund_ingestion.agent.validate: snapshot_pct_sum out of range [85.0, 115.0]: scheme='DSP Strategic Bond Fund' reporting_date='2021-10-15' pct_sum=58.73 n_records=11
2026-08-22 15:20:54,437 WARNING mutual_fund_ingestion.agent.validate: snapshot_pct_sum out of range [85.0, 115.0]: scheme='DSP Government Securities Fund' reporting_date='2021-10-15' pct_sum=53.65 n_records=4
2026-08-22 15:20:54,437 WARNING mutual_fund_ingestion.agent.validate: snapshot_pct_sum out of range [85.0, 115.0]: scheme='DSP Banking & PSU Debt Fund' reporting_date='2021-10-15' pct_sum=82.17 n_records=49
2026-08-22 15:20:54,437 INFO backfill_amfi_monthly_portfolios: Validation https://www.dspim.com/media/pages/mandatory-disclosures/portfolio-disclosures/b8376143db-1757771552/dsp-debt-isin-portfolio-15th-october-2021.xlsx: 421 valid, 0 quarantined
2026-08-22 15:20:56,771 INFO backfill_amfi_monthly_portfolios: Processing 262/470: https://www.dspim.com/media/pages/mandatory-disclosures/portfolio-disclosures/ff3acb2cc7-1757771552/dsp-debt-isin-portfolio-15th-september-2021.xlsx
2026-08-22 15:20:56,830 INFO backfill_amfi_monthly_portfolios: Downloaded https://www.dspim.com/media/pages/mandatory-disclosures/portfolio-disclosures/ff3acb2cc7-1757771552/dsp-debt-isin-portfolio-15th-september-2021.xlsx: 82306 bytes (application/vnd.openxmlformats-officedocument.spreadsheetml.sheet)
2026-08-22 15:20:56,830 INFO mutual_fund_ingestion.agent.parser: Routing to parser=portfolio_monthly_amfi for dataset_type=portfolio_disclosure file_type=amfi_monthly_xlsx
2026-08-22 15:20:56,932 INFO backfill_amfi_monthly_portfolios: Parser portfolio_monthly_amfi: 448 records (confidence=0.80), 0 errors
2026-08-22 15:20:56,973 WARNING mutual_fund_ingestion.agent.validate: snapshot_pct_sum out of range [85.0, 115.0]: scheme='DSP Liquidity Fund' reporting_date='2021-09-15' pct_sum=58.31 n_records=32
2026-08-22 15:20:56,973 WARNING mutual_fund_ingestion.agent.validate: snapshot_pct_sum out of range [85.0, 115.0]: scheme='DSP Credit Risk Fund' reporting_date='2021-09-15' pct_sum=45.05 n_records=7
2026-08-22 15:20:56,973 INFO backfill_amfi_monthly_portfolios: Validation https://www.dspim.com/media/pages/mandatory-disclosures/portfolio-disclosures/ff3acb2cc7-1757771552/dsp-debt-isin-portfolio-15th-september-2021.xlsx: 448 valid, 0 quarantined
2026-08-22 15:20:59,319 INFO backfill_amfi_monthly_portfolios: Processing 263/470: https://www.dspim.com/media/pages/mandatory-disclosures/portfolio-disclosures/d9f8fff402-1757771553/dsp-isin-debt-portfolio-31st-aug-2021.xlsx
2026-08-22 15:20:59,404 INFO backfill_amfi_monthly_portfolios: Downloaded https://www.dspim.com/media/pages/mandatory-disclosures/portfolio-disclosures/d9f8fff402-1757771553/dsp-isin-debt-portfolio-31st-aug-2021.xlsx: 81136 bytes (application/vnd.openxmlformats-officedocument.spreadsheetml.sheet)
2026-08-22 15:20:59,405 INFO mutual_fund_ingestion.agent.parser: Routing to parser=portfolio_monthly_amfi for dataset_type=portfolio_disclosure file_type=amfi_monthly_xlsx
2026-08-22 15:20:59,500 INFO backfill_amfi_monthly_portfolios: Parser portfolio_monthly_amfi: 449 records (confidence=0.80), 0 errors
2026-08-22 15:20:59,544 WARNING mutual_fund_ingestion.agent.validate: snapshot_pct_sum out of range [85.0, 115.0]: scheme='DSP Liquidity Fund' reporting_date='2021-08-31' pct_sum=64.81 n_records=34
2026-08-22 15:20:59,544 WARNING mutual_fund_ingestion.agent.validate: snapshot_pct_sum out of range [85.0, 115.0]: scheme='DSP Credit Risk Fund' reporting_date='2021-08-31' pct_sum=45.67 n_records=8
2026-08-22 15:20:59,544 INFO backfill_amfi_monthly_portfolios: Validation https://www.dspim.com/media/pages/mandatory-disclosures/portfolio-disclosures/d9f8fff402-1757771553/dsp-isin-debt-portfolio-31st-aug-2021.xlsx: 449 valid, 0 quarantined
2026-08-22 15:21:01,839 INFO backfill_amfi_monthly_portfolios: Processing 264/470: https://www.dspim.com/media/pages/mandatory-disclosures/portfolio-disclosures/c9cc1ba060-1757771552/dsp-debt-isin-portfolio-15th-august-2021.xlsx
2026-08-22 15:21:01,913 INFO backfill_amfi_monthly_portfolios: Downloaded https://www.dspim.com/media/pages/mandatory-disclosures/portfolio-disclosures/c9cc1ba060-1757771552/dsp-debt-isin-portfolio-15th-august-2021.xlsx: 80432 bytes (application/vnd.openxmlformats-officedocument.spreadsheetml.sheet)
2026-08-22 15:21:01,913 INFO mutual_fund_ingestion.agent.parser: Routing to parser=portfolio_monthly_amfi for dataset_type=portfolio_disclosure file_type=amfi_monthly_xlsx
2026-08-22 15:21:02,006 INFO backfill_amfi_monthly_portfolios: Parser portfolio_monthly_amfi: 443 records (confidence=0.80), 0 errors
2026-08-22 15:21:02,041 WARNING mutual_fund_ingestion.agent.validate: snapshot_pct_sum out of range [85.0, 115.0]: scheme='DSP Liquidity Fund' reporting_date='2021-08-15' pct_sum=73.73 n_records=39
2026-08-22 15:21:02,041 WARNING mutual_fund_ingestion.agent.validate: snapshot_pct_sum out of range [85.0, 115.0]: scheme='DSP Credit Risk Fund' reporting_date='2021-08-15' pct_sum=29.29 n_records=6
2026-08-22 15:21:02,041 WARNING mutual_fund_ingestion.agent.validate: snapshot_pct_sum out of range [85.0, 115.0]: scheme='DSP Strategic Bond Fund' reporting_date='2021-08-15' pct_sum=80.84 n_records=16
2026-08-22 15:21:02,041 WARNING mutual_fund_ingestion.agent.validate: snapshot_pct_sum out of range [85.0, 115.0]: scheme='DSP Government Securities Fund' reporting_date='2021-08-15' pct_sum=84.71 n_records=10
2026-08-22 15:21:02,041 WARNING mutual_fund_ingestion.agent.validate: snapshot_pct_sum out of range [85.0, 115.0]: scheme='DSP FMP Series 241 - 36M' reporting_date='2021-08-15' pct_sum=4.83 n_records=1
2026-08-22 15:21:02,041 WARNING mutual_fund_ingestion.agent.validate: snapshot_pct_sum out of range [85.0, 115.0]: scheme='DSP FMP Series 243 - 36M' reporting_date='2021-08-15' pct_sum=2.17 n_records=1
2026-08-22 15:21:02,041 WARNING mutual_fund_ingestion.agent.validate: snapshot_pct_sum out of range [85.0, 115.0]: scheme='DSP FMP Series 244 - 36M' reporting_date='2021-08-15' pct_sum=7.96 n_records=1
2026-08-22 15:21:02,041 INFO backfill_amfi_monthly_portfolios: Validation https://www.dspim.com/media/pages/mandatory-disclosures/portfolio-disclosures/c9cc1ba060-1757771552/dsp-debt-isin-portfolio-15th-august-2021.xlsx: 443 valid, 0 quarantined
2026-08-22 15:21:04,476 INFO backfill_amfi_monthly_portfolios: Processing 265/470: https://www.dspim.com/media/pages/mandatory-disclosures/portfolio-disclosures/a86aff42fd-1757771552/dsp-debt-isin-portfolio-31st-july-2021.xlsx
2026-08-22 15:21:04,518 INFO backfill_amfi_monthly_portfolios: Downloaded https://www.dspim.com/media/pages/mandatory-disclosures/portfolio-disclosures/a86aff42fd-1757771552/dsp-debt-isin-portfolio-31st-july-2021.xlsx: 82442 bytes (application/vnd.openxmlformats-officedocument.spreadsheetml.sheet)
2026-08-22 15:21:04,518 INFO mutual_fund_ingestion.agent.parser: Routing to parser=portfolio_monthly_amfi for dataset_type=portfolio_disclosure file_type=amfi_monthly_xlsx
2026-08-22 15:21:04,613 INFO backfill_amfi_monthly_portfolios: Parser portfolio_monthly_amfi: 452 records (confidence=0.80), 0 errors
2026-08-22 15:21:04,648 WARNING mutual_fund_ingestion.agent.validate: snapshot_pct_sum out of range [85.0, 115.0]: scheme='DSP Liquidity Fund' reporting_date='2021-07-31' pct_sum=82.61 n_records=45
2026-08-22 15:21:04,648 WARNING mutual_fund_ingestion.agent.validate: snapshot_pct_sum out of range [85.0, 115.0]: scheme='DSP Credit Risk Fund' reporting_date='2021-07-31' pct_sum=26.06 n_records=5
2026-08-22 15:21:04,648 WARNING mutual_fund_ingestion.agent.validate: snapshot_pct_sum out of range [85.0, 115.0]: scheme='DSP FMP Series 241 - 36M' reporting_date='2021-07-31' pct_sum=14.34 n_records=3
2026-08-22 15:21:04,648 WARNING mutual_fund_ingestion.agent.validate: snapshot_pct_sum out of range [85.0, 115.0]: scheme='DSP FMP Series 243 - 36M' reporting_date='2021-07-31' pct_sum=19.48 n_records=4
2026-08-22 15:21:04,648 WARNING mutual_fund_ingestion.agent.validate: snapshot_pct_sum out of range [85.0, 115.0]: scheme='DSP FMP Series 244 - 36M' reporting_date='2021-07-31' pct_sum=11.49 n_records=2
2026-08-22 15:21:04,648 INFO backfill_amfi_monthly_portfolios: Validation https://www.dspim.com/media/pages/mandatory-disclosures/portfolio-disclosures/a86aff42fd-1757771552/dsp-debt-isin-portfolio-31st-july-2021.xlsx: 452 valid, 0 quarantined
2026-08-22 15:21:07,050 INFO backfill_amfi_monthly_portfolios: Processing 266/470: https://www.dspim.com/media/pages/mandatory-disclosures/portfolio-disclosures/b5b7270081-1757771552/dsp-debt-isin-portfolio-15th-july-2021.xlsx
2026-08-22 15:21:07,106 INFO backfill_amfi_monthly_portfolios: Downloaded https://www.dspim.com/media/pages/mandatory-disclosures/portfolio-disclosures/b5b7270081-1757771552/dsp-debt-isin-portfolio-15th-july-2021.xlsx: 93225 bytes (application/vnd.openxmlformats-officedocument.spreadsheetml.sheet)
2026-08-22 15:21:07,106 INFO mutual_fund_ingestion.agent.parser: Routing to parser=portfolio_monthly_amfi for dataset_type=portfolio_disclosure file_type=amfi_monthly_xlsx
2026-08-22 15:21:07,215 INFO backfill_amfi_monthly_portfolios: Parser portfolio_monthly_amfi: 489 records (confidence=0.80), 0 errors
2026-08-22 15:21:07,253 WARNING mutual_fund_ingestion.agent.validate: snapshot_pct_sum out of range [85.0, 115.0]: scheme='DSP Liquidity Fund' reporting_date='2021-07-15' pct_sum=83.15 n_records=50
2026-08-22 15:21:07,253 WARNING mutual_fund_ingestion.agent.validate: snapshot_pct_sum out of range [85.0, 115.0]: scheme='DSP Credit Risk Fund' reporting_date='2021-07-15' pct_sum=69.5 n_records=6
2026-08-22 15:21:07,253 WARNING mutual_fund_ingestion.agent.validate: snapshot_pct_sum out of range [85.0, 115.0]: scheme='DSP Strategic Bond Fund' reporting_date='2021-07-15' pct_sum=61.15 n_records=10
2026-08-22 15:21:07,254 WARNING mutual_fund_ingestion.agent.validate: snapshot_pct_sum out of range [85.0, 115.0]: scheme='DSP Government Securities Fund' reporting_date='2021-07-15' pct_sum=65.43 n_records=8
2026-08-22 15:21:07,254 WARNING mutual_fund_ingestion.agent.validate: snapshot_pct_sum out of range [85.0, 115.0]: scheme='DSP FLOATER FUND' reporting_date='2021-07-15' pct_sum=83.78 n_records=4
2026-08-22 15:21:07,254 WARNING mutual_fund_ingestion.agent.validate: snapshot_pct_sum out of range [85.0, 115.0]: scheme='DSP FMP Series 236 - 36M' reporting_date='2021-07-15' pct_sum=18.93 n_records=3
2026-08-22 15:21:07,254 WARNING mutual_fund_ingestion.agent.validate: snapshot_pct_sum out of range [85.0, 115.0]: scheme='DSP FMP Series 237 - 36M' reporting_date='2021-07-15' pct_sum=19.64 n_records=4
2026-08-22 15:21:07,254 WARNING mutual_fund_ingestion.agent.validate: snapshot_pct_sum out of range [85.0, 115.0]: scheme='DSP FMP Series 238 - 36M' reporting_date='2021-07-15' pct_sum=40.52 n_records=6
2026-08-22 15:21:07,254 WARNING mutual_fund_ingestion.agent.validate: snapshot_pct_sum out of range [85.0, 115.0]: scheme='DSP FMP Series 239 - 36M' reporting_date='2021-07-15' pct_sum=38.78 n_records=7
2026-08-22 15:21:07,254 WARNING mutual_fund_ingestion.agent.validate: snapshot_pct_sum out of range [85.0, 115.0]: scheme='DSP FMP Series 241 - 36M' reporting_date='2021-07-15' pct_sum=57.53 n_records=9
2026-08-22 15:21:07,254 WARNING mutual_fund_ingestion.agent.validate: snapshot_pct_sum out of range [85.0, 115.0]: scheme='DSP FMP Series 243 - 36M' reporting_date='2021-07-15' pct_sum=64.66 n_records=9
2026-08-22 15:21:07,254 WARNING mutual_fund_ingestion.agent.validate: snapshot_pct_sum out of range [85.0, 115.0]: scheme='DSP FMP Series 244 - 36M' reporting_date='2021-07-15' pct_sum=44.86 n_records=6
2026-08-22 15:21:07,254 INFO backfill_amfi_monthly_portfolios: Validation https://www.dspim.com/media/pages/mandatory-disclosures/portfolio-disclosures/b5b7270081-1757771552/dsp-debt-isin-portfolio-15th-july-2021.xlsx: 489 valid, 0 quarantined
2026-08-22 15:21:09,660 INFO backfill_amfi_monthly_portfolios: Processing 267/470: https://www.dspim.com/media/pages/mandatory-disclosures/portfolio-disclosures/5f2a833fac-1757771552/dsp-debt-isin-portfolio-30th-june-2021.xlsx
2026-08-22 15:21:09,733 INFO backfill_amfi_monthly_portfolios: Downloaded https://www.dspim.com/media/pages/mandatory-disclosures/portfolio-disclosures/5f2a833fac-1757771552/dsp-debt-isin-portfolio-30th-june-2021.xlsx: 95074 bytes (application/vnd.openxmlformats-officedocument.spreadsheetml.sheet)
2026-08-22 15:21:09,733 INFO mutual_fund_ingestion.agent.parser: Routing to parser=portfolio_monthly_amfi for dataset_type=portfolio_disclosure file_type=amfi_monthly_xlsx
2026-08-22 15:21:09,853 INFO backfill_amfi_monthly_portfolios: Parser portfolio_monthly_amfi: 487 records (confidence=0.80), 0 errors
2026-08-22 15:21:09,892 WARNING mutual_fund_ingestion.agent.validate: snapshot_pct_sum out of range [85.0, 115.0]: scheme='DSP Liquidity Fund' reporting_date='2021-06-30' pct_sum=69.95 n_records=40
2026-08-22 15:21:09,892 WARNING mutual_fund_ingestion.agent.validate: snapshot_pct_sum out of range [85.0, 115.0]: scheme='DSP Credit Risk Fund' reporting_date='2021-06-30' pct_sum=67.58 n_records=6
2026-08-22 15:21:09,892 WARNING mutual_fund_ingestion.agent.validate: snapshot_pct_sum out of range [85.0, 115.0]: scheme='DSP Strategic Bond Fund' reporting_date='2021-06-30' pct_sum=73.73 n_records=10
2026-08-22 15:21:09,892 WARNING mutual_fund_ingestion.agent.validate: snapshot_pct_sum out of range [85.0, 115.0]: scheme='DSP Government Securities Fund' reporting_date='2021-06-30' pct_sum=67.04 n_records=7
2026-08-22 15:21:09,892 WARNING mutual_fund_ingestion.agent.validate: snapshot_pct_sum out of range [85.0, 115.0]: scheme='DSP FMP Series 236 - 36M' reporting_date='2021-06-30' pct_sum=30.67 n_records=5
2026-08-22 15:21:09,892 WARNING mutual_fund_ingestion.agent.validate: snapshot_pct_sum out of range [85.0, 115.0]: scheme='DSP FMP Series 237 - 36M' reporting_date='2021-06-30' pct_sum=56.08 n_records=9
2026-08-22 15:21:09,892 WARNING mutual_fund_ingestion.agent.validate: snapshot_pct_sum out of range [85.0, 115.0]: scheme='DSP FMP Series 238 - 36M' reporting_date='2021-06-30' pct_sum=44.29 n_records=8
2026-08-22 15:21:09,892 WARNING mutual_fund_ingestion.agent.validate: snapshot_pct_sum out of range [85.0, 115.0]: scheme='DSP FMP Series 239 - 36M' reporting_date='2021-06-30' pct_sum=38.77 n_records=7
2026-08-22 15:21:09,892 WARNING mutual_fund_ingestion.agent.validate: snapshot_pct_sum out of range [85.0, 115.0]: scheme='DSP FMP Series 241 - 36M' reporting_date='2021-06-30' pct_sum=57.92 n_records=10
2026-08-22 15:21:09,892 WARNING mutual_fund_ingestion.agent.validate: snapshot_pct_sum out of range [85.0, 115.0]: scheme='DSP FMP Series 243 - 36M' reporting_date='2021-06-30' pct_sum=72.92 n_records=10
2026-08-22 15:21:09,892 WARNING mutual_fund_ingestion.agent.validate: snapshot_pct_sum out of range [85.0, 115.0]: scheme='DSP FMP Series 244 - 36M' reporting_date='2021-06-30' pct_sum=56.97 n_records=8
2026-08-22 15:21:09,892 INFO backfill_amfi_monthly_portfolios: Validation https://www.dspim.com/media/pages/mandatory-disclosures/portfolio-disclosures/5f2a833fac-1757771552/dsp-debt-isin-portfolio-30th-june-2021.xlsx: 487 valid, 0 quarantined
2026-08-22 15:21:12,221 INFO backfill_amfi_monthly_portfolios: Processing 268/470: https://www.dspim.com/media/pages/mandatory-disclosures/portfolio-disclosures/3e6e6d184e-1757771552/dsp-debt-isin-portfolio-15th-june-2021.xlsx
2026-08-22 15:21:12,287 INFO backfill_amfi_monthly_portfolios: Downloaded https://www.dspim.com/media/pages/mandatory-disclosures/portfolio-disclosures/3e6e6d184e-1757771552/dsp-debt-isin-portfolio-15th-june-2021.xlsx: 99374 bytes (application/vnd.openxmlformats-officedocument.spreadsheetml.sheet)
2026-08-22 15:21:12,287 INFO mutual_fund_ingestion.agent.parser: Routing to parser=portfolio_monthly_amfi for dataset_type=portfolio_disclosure file_type=amfi_monthly_xlsx
2026-08-22 15:21:12,419 INFO backfill_amfi_monthly_portfolios: Parser portfolio_monthly_amfi: 525 records (confidence=0.80), 0 errors
2026-08-22 15:21:12,459 WARNING mutual_fund_ingestion.agent.validate: snapshot_pct_sum out of range [85.0, 115.0]: scheme='DSP Liquidity Fund' reporting_date='2021-06-15' pct_sum=69.95 n_records=39
2026-08-22 15:21:12,459 WARNING mutual_fund_ingestion.agent.validate: snapshot_pct_sum out of range [85.0, 115.0]: scheme='DSP Credit Risk Fund' reporting_date='2021-06-15' pct_sum=70.93 n_records=8
2026-08-22 15:21:12,459 WARNING mutual_fund_ingestion.agent.validate: snapshot_pct_sum out of range [85.0, 115.0]: scheme='DSP Government Securities Fund' reporting_date='2021-06-15' pct_sum=79.16 n_records=7
2026-08-22 15:21:12,459 WARNING mutual_fund_ingestion.agent.validate: snapshot_pct_sum out of range [85.0, 115.0]: scheme='DSP FMP Series 233 - 36M' reporting_date='2021-06-15' pct_sum=31.0 n_records=5
2026-08-22 15:21:12,459 WARNING mutual_fund_ingestion.agent.validate: snapshot_pct_sum out of range [85.0, 115.0]: scheme='DSP FMP Series 235 - 36M' reporting_date='2021-06-15' pct_sum=19.75 n_records=4
2026-08-22 15:21:12,459 WARNING mutual_fund_ingestion.agent.validate: snapshot_pct_sum out of range [85.0, 115.0]: scheme='DSP FMP Series 236 - 36M' reporting_date='2021-06-15' pct_sum=50.79 n_records=9
2026-08-22 15:21:12,459 WARNING mutual_fund_ingestion.agent.validate: snapshot_pct_sum out of range [85.0, 115.0]: scheme='DSP FMP Series 237 - 36M' reporting_date='2021-06-15' pct_sum=76.2 n_records=12
2026-08-22 15:21:12,459 WARNING mutual_fund_ingestion.agent.validate: snapshot_pct_sum out of range [85.0, 115.0]: scheme='DSP FMP Series 238 - 36M' reporting_date='2021-06-15' pct_sum=58.58 n_records=12
2026-08-22 15:21:12,459 WARNING mutual_fund_ingestion.agent.validate: snapshot_pct_sum out of range [85.0, 115.0]: scheme='DSP FMP Series 239 - 36M' reporting_date='2021-06-15' pct_sum=55.69 n_records=9
2026-08-22 15:21:12,459 WARNING mutual_fund_ingestion.agent.validate: snapshot_pct_sum out of range [85.0, 115.0]: scheme='DSP FMP Series 241 - 36M' reporting_date='2021-06-15' pct_sum=74.82 n_records=14
2026-08-22 15:21:12,459 WARNING mutual_fund_ingestion.agent.validate: snapshot_pct_sum out of range [85.0, 115.0]: scheme='DSP FMP Series 243 - 36M' reporting_date='2021-06-15' pct_sum=82.26 n_records=12
2026-08-22 15:21:12,459 WARNING mutual_fund_ingestion.agent.validate: snapshot_pct_sum out of range [85.0, 115.0]: scheme='DSP FMP Series 244 - 36M' reporting_date='2021-06-15' pct_sum=68.25 n_records=11
2026-08-22 15:21:12,459 INFO backfill_amfi_monthly_portfolios: Validation https://www.dspim.com/media/pages/mandatory-disclosures/portfolio-disclosures/3e6e6d184e-1757771552/dsp-debt-isin-portfolio-15th-june-2021.xlsx: 525 valid, 0 quarantined
2026-08-22 15:21:15,060 INFO backfill_amfi_monthly_portfolios: Processing 269/470: https://www.dspim.com/media/pages/mandatory-disclosures/portfolio-disclosures/ba906df97b-1757771552/dsp-debt-isin-portfolio-31st-may-2021.xlsx
2026-08-22 15:21:15,115 INFO backfill_amfi_monthly_portfolios: Downloaded https://www.dspim.com/media/pages/mandatory-disclosures/portfolio-disclosures/ba906df97b-1757771552/dsp-debt-isin-portfolio-31st-may-2021.xlsx: 103186 bytes (application/vnd.openxmlformats-officedocument.spreadsheetml.sheet)
2026-08-22 15:21:15,115 INFO mutual_fund_ingestion.agent.parser: Routing to parser=portfolio_monthly_amfi for dataset_type=portfolio_disclosure file_type=amfi_monthly_xlsx
2026-08-22 15:21:15,249 INFO backfill_amfi_monthly_portfolios: Parser portfolio_monthly_amfi: 551 records (confidence=0.80), 0 errors
2026-08-22 15:21:15,296 WARNING mutual_fund_ingestion.agent.validate: snapshot_pct_sum out of range [85.0, 115.0]: scheme='DSP Liquidity Fund' reporting_date='2021-05-31' pct_sum=84.99 n_records=43
2026-08-22 15:21:15,296 WARNING mutual_fund_ingestion.agent.validate: snapshot_pct_sum out of range [85.0, 115.0]: scheme='DSP Credit Risk Fund' reporting_date='2021-05-31' pct_sum=64.27 n_records=7
2026-08-22 15:21:15,296 WARNING mutual_fund_ingestion.agent.validate: snapshot_pct_sum out of range [85.0, 115.0]: scheme='DSP FMP Series 232 - 36M' reporting_date='2021-05-31' pct_sum=8.58 n_records=1
2026-08-22 15:21:15,296 WARNING mutual_fund_ingestion.agent.validate: snapshot_pct_sum out of range [85.0, 115.0]: scheme='DSP FMP Series 233 - 36M' reporting_date='2021-05-31' pct_sum=47.22 n_records=9
2026-08-22 15:21:15,296 WARNING mutual_fund_ingestion.agent.validate: snapshot_pct_sum out of range [85.0, 115.0]: scheme='DSP FMP Series 235 - 36M' reporting_date='2021-05-31' pct_sum=39.13 n_records=9
2026-08-22 15:21:15,296 WARNING mutual_fund_ingestion.agent.validate: snapshot_pct_sum out of range [85.0, 115.0]: scheme='DSP FMP Series 236 - 36M' reporting_date='2021-05-31' pct_sum=60.69 n_records=12
2026-08-22 15:21:15,296 WARNING mutual_fund_ingestion.agent.validate: snapshot_pct_sum out of range [85.0, 115.0]: scheme='DSP FMP Series 237 - 36M' reporting_date='2021-05-31' pct_sum=82.94 n_records=13
2026-08-22 15:21:15,296 WARNING mutual_fund_ingestion.agent.validate: snapshot_pct_sum out of range [85.0, 115.0]: scheme='DSP FMP Series 238 - 36M' reporting_date='2021-05-31' pct_sum=80.22 n_records=15
2026-08-22 15:21:15,296 WARNING mutual_fund_ingestion.agent.validate: snapshot_pct_sum out of range [85.0, 115.0]: scheme='DSP FMP Series 239 - 36M' reporting_date='2021-05-31' pct_sum=78.1 n_records=13
2026-08-22 15:21:15,296 INFO backfill_amfi_monthly_portfolios: Validation https://www.dspim.com/media/pages/mandatory-disclosures/portfolio-disclosures/ba906df97b-1757771552/dsp-debt-isin-portfolio-31st-may-2021.xlsx: 551 valid, 0 quarantined
2026-08-22 15:21:17,816 INFO backfill_amfi_monthly_portfolios: Processing 270/470: https://www.dspim.com/media/pages/mandatory-disclosures/portfolio-disclosures/cf0d4cb6cd-1757771552/dsp-debt-isin-portfolio-15th-may-2021.xlsx
2026-08-22 15:21:18,323 INFO backfill_amfi_monthly_portfolios: Downloaded https://www.dspim.com/media/pages/mandatory-disclosures/portfolio-disclosures/cf0d4cb6cd-1757771552/dsp-debt-isin-portfolio-15th-may-2021.xlsx: 118056 bytes (application/vnd.openxmlformats-officedocument.spreadsheetml.sheet)
2026-08-22 15:21:18,323 INFO mutual_fund_ingestion.agent.parser: Routing to parser=portfolio_monthly_amfi for dataset_type=portfolio_disclosure file_type=amfi_monthly_xlsx
2026-08-22 15:21:18,487 INFO backfill_amfi_monthly_portfolios: Parser portfolio_monthly_amfi: 628 records (confidence=0.80), 0 errors
2026-08-22 15:21:18,539 WARNING mutual_fund_ingestion.agent.validate: snapshot_pct_sum out of range [85.0, 115.0]: scheme='DSP Liquidity Fund' reporting_date='2021-05-15' pct_sum=69.28 n_records=54
2026-08-22 15:21:18,539 WARNING mutual_fund_ingestion.agent.validate: snapshot_pct_sum out of range [85.0, 115.0]: scheme='DSP Credit Risk Fund' reporting_date='2021-05-15' pct_sum=63.7 n_records=7
2026-08-22 15:21:18,539 WARNING mutual_fund_ingestion.agent.validate: snapshot_pct_sum out of range [85.0, 115.0]: scheme='DSP Strategic Bond Fund' reporting_date='2021-05-15' pct_sum=82.5 n_records=8
2026-08-22 15:21:18,539 WARNING mutual_fund_ingestion.agent.validate: snapshot_pct_sum out of range [85.0, 115.0]: scheme='DSP Government Securities Fund' reporting_date='2021-05-15' pct_sum=84.15 n_records=8
2026-08-22 15:21:18,539 WARNING mutual_fund_ingestion.agent.validate: snapshot_pct_sum out of range [85.0, 115.0]: scheme='DSP FMP Series 220 - 40M' reporting_date='2021-05-15' pct_sum=45.74 n_records=6
2026-08-22 15:21:18,539 WARNING mutual_fund_ingestion.agent.validate: snapshot_pct_sum out of range [85.0, 115.0]: scheme='DSP FMP Series 221 - 40M' reporting_date='2021-05-15' pct_sum=37.98 n_records=5
2026-08-22 15:21:18,539 WARNING mutual_fund_ingestion.agent.validate: snapshot_pct_sum out of range [85.0, 115.0]: scheme='DSP FMP Series 223 - 39M' reporting_date='2021-05-15' pct_sum=31.47 n_records=7
2026-08-22 15:21:18,539 WARNING mutual_fund_ingestion.agent.validate: snapshot_pct_sum out of range [85.0, 115.0]: scheme='DSP FMP Series 224 - 39M' reporting_date='2021-05-15' pct_sum=24.55 n_records=5
2026-08-22 15:21:18,539 WARNING mutual_fund_ingestion.agent.validate: snapshot_pct_sum out of range [85.0, 115.0]: scheme='DSP FMP Series 226 - 39M' reporting_date='2021-05-15' pct_sum=44.13 n_records=6
2026-08-22 15:21:18,539 WARNING mutual_fund_ingestion.agent.validate: snapshot_pct_sum out of range [85.0, 115.0]: scheme='DSP FMP Series 227 - 39M' reporting_date='2021-05-15' pct_sum=37.35 n_records=5
2026-08-22 15:21:18,539 WARNING mutual_fund_ingestion.agent.validate: snapshot_pct_sum out of range [85.0, 115.0]: scheme='DSP FMP Series 232 - 36M' reporting_date='2021-05-15' pct_sum=48.85 n_records=8
2026-08-22 15:21:18,539 WARNING mutual_fund_ingestion.agent.validate: snapshot_pct_sum out of range [85.0, 115.0]: scheme='DSP FMP Series 233 - 36M' reporting_date='2021-05-15' pct_sum=61.06 n_records=13
2026-08-22 15:21:18,539 WARNING mutual_fund_ingestion.agent.validate: snapshot_pct_sum out of range [85.0, 115.0]: scheme='DSP FMP Series 235 - 36M' reporting_date='2021-05-15' pct_sum=62.26 n_records=15
2026-08-22 15:21:18,539 WARNING mutual_fund_ingestion.agent.validate: snapshot_pct_sum out of range [85.0, 115.0]: scheme='DSP FMP Series 236 - 36M' reporting_date='2021-05-15' pct_sum=84.87 n_records=16
2026-08-22 15:21:18,539 WARNING mutual_fund_ingestion.agent.validate: snapshot_pct_sum out of range [85.0, 115.0]: scheme='DSP FMP Series 237 - 36M' reporting_date='2021-05-15' pct_sum=84.91 n_records=14
2026-08-22 15:21:18,539 WARNING mutual_fund_ingestion.agent.validate: snapshot_pct_sum out of range [85.0, 115.0]: scheme='DSP FMP Series 239 - 36M' reporting_date='2021-05-15' pct_sum=84.71 n_records=15
2026-08-22 15:21:18,539 INFO backfill_amfi_monthly_portfolios: Validation https://www.dspim.com/media/pages/mandatory-disclosures/portfolio-disclosures/cf0d4cb6cd-1757771552/dsp-debt-isin-portfolio-15th-may-2021.xlsx: 628 valid, 0 quarantined
2026-08-22 15:21:21,398 INFO backfill_amfi_monthly_portfolios: Processing 271/470: https://www.dspim.com/media/pages/mandatory-disclosures/portfolio-disclosures/ea0b3c6052-1757771552/dsp-debt-isin-portfolio-30th-april-2021.xlsx
2026-08-22 15:21:21,573 INFO backfill_amfi_monthly_portfolios: Downloaded https://www.dspim.com/media/pages/mandatory-disclosures/portfolio-disclosures/ea0b3c6052-1757771552/dsp-debt-isin-portfolio-30th-april-2021.xlsx: 116177 bytes (application/vnd.openxmlformats-officedocument.spreadsheetml.sheet)
2026-08-22 15:21:21,573 INFO mutual_fund_ingestion.agent.parser: Routing to parser=portfolio_monthly_amfi for dataset_type=portfolio_disclosure file_type=amfi_monthly_xlsx
2026-08-22 15:21:21,722 INFO backfill_amfi_monthly_portfolios: Parser portfolio_monthly_amfi: 633 records (confidence=0.80), 0 errors
2026-08-22 15:21:21,778 WARNING mutual_fund_ingestion.agent.validate: snapshot_pct_sum out of range [85.0, 115.0]: scheme='DSP Liquidity Fund' reporting_date='2021-04-30' pct_sum=79.85 n_records=54
2026-08-22 15:21:21,778 WARNING mutual_fund_ingestion.agent.validate: snapshot_pct_sum out of range [85.0, 115.0]: scheme='DSP Credit Risk Fund' reporting_date='2021-04-30' pct_sum=70.94 n_records=7
2026-08-22 15:21:21,778 WARNING mutual_fund_ingestion.agent.validate: snapshot_pct_sum out of range [85.0, 115.0]: scheme='DSP FMP Series 220 - 40M' reporting_date='2021-04-30' pct_sum=57.95 n_records=8
2026-08-22 15:21:21,778 WARNING mutual_fund_ingestion.agent.validate: snapshot_pct_sum out of range [85.0, 115.0]: scheme='DSP FMP Series 221 - 40M' reporting_date='2021-04-30' pct_sum=48.0 n_records=6
2026-08-22 15:21:21,778 WARNING mutual_fund_ingestion.agent.validate: snapshot_pct_sum out of range [85.0, 115.0]: scheme='DSP FMP Series 223 - 39M' reporting_date='2021-04-30' pct_sum=47.7 n_records=9
2026-08-22 15:21:21,778 WARNING mutual_fund_ingestion.agent.validate: snapshot_pct_sum out of range [85.0, 115.0]: scheme='DSP FMP Series 224 - 39M' reporting_date='2021-04-30' pct_sum=26.98 n_records=6
2026-08-22 15:21:21,778 WARNING mutual_fund_ingestion.agent.validate: snapshot_pct_sum out of range [85.0, 115.0]: scheme='DSP FMP Series 226 - 39M' reporting_date='2021-04-30' pct_sum=44.13 n_records=6
2026-08-22 15:21:21,778 WARNING mutual_fund_ingestion.agent.validate: snapshot_pct_sum out of range [85.0, 115.0]: scheme='DSP FMP Series 227 - 39M' reporting_date='2021-04-30' pct_sum=43.38 n_records=6
2026-08-22 15:21:21,778 WARNING mutual_fund_ingestion.agent.validate: snapshot_pct_sum out of range [85.0, 115.0]: scheme='DSP FMP Series 232 - 36M' reporting_date='2021-04-30' pct_sum=48.85 n_records=8
2026-08-22 15:21:21,778 WARNING mutual_fund_ingestion.agent.validate: snapshot_pct_sum out of range [85.0, 115.0]: scheme='DSP FMP Series 233 - 36M' reporting_date='2021-04-30' pct_sum=67.03 n_records=14
2026-08-22 15:21:21,778 WARNING mutual_fund_ingestion.agent.validate: snapshot_pct_sum out of range [85.0, 115.0]: scheme='DSP FMP Series 235 - 36M' reporting_date='2021-04-30' pct_sum=72.6 n_records=17
2026-08-22 15:21:21,778 WARNING mutual_fund_ingestion.agent.validate: snapshot_pct_sum out of range [85.0, 115.0]: scheme='DSP FMP Series 237 - 36M' reporting_date='2021-04-30' pct_sum=77.02 n_records=13
2026-08-22 15:21:21,778 WARNING mutual_fund_ingestion.agent.validate: snapshot_pct_sum out of range [85.0, 115.0]: scheme='DSP FMP Series 243 - 36M' reporting_date='2021-04-30' pct_sum=82.82 n_records=12
2026-08-22 15:21:21,778 INFO backfill_amfi_monthly_portfolios: Validation https://www.dspim.com/media/pages/mandatory-disclosures/portfolio-disclosures/ea0b3c6052-1757771552/dsp-debt-isin-portfolio-30th-april-2021.xlsx: 633 valid, 0 quarantined
2026-08-22 15:21:24,431 INFO backfill_amfi_monthly_portfolios: Processing 272/470: https://www.dspim.com/media/pages/mandatory-disclosures/portfolio-disclosures/cefcd0c7f5-1757771552/dsp-debt-isin-portfolio-15th-apr-2021.xlsx
2026-08-22 15:21:24,569 INFO backfill_amfi_monthly_portfolios: Downloaded https://www.dspim.com/media/pages/mandatory-disclosures/portfolio-disclosures/cefcd0c7f5-1757771552/dsp-debt-isin-portfolio-15th-apr-2021.xlsx: 127570 bytes (application/vnd.openxmlformats-officedocument.spreadsheetml.sheet)
2026-08-22 15:21:24,569 INFO mutual_fund_ingestion.agent.parser: Routing to parser=portfolio_monthly_amfi for dataset_type=portfolio_disclosure file_type=amfi_monthly_xlsx
2026-08-22 15:21:24,723 INFO backfill_amfi_monthly_portfolios: Parser portfolio_monthly_amfi: 663 records (confidence=0.80), 0 errors
2026-08-22 15:21:24,777 WARNING mutual_fund_ingestion.agent.validate: snapshot_pct_sum out of range [85.0, 115.0]: scheme='DSP Liquidity Fund' reporting_date='2021-04-15' pct_sum=69.92 n_records=55
2026-08-22 15:21:24,777 WARNING mutual_fund_ingestion.agent.validate: snapshot_pct_sum out of range [85.0, 115.0]: scheme='DSP Ultra Short Fund' reporting_date='2021-04-15' pct_sum=83.78 n_records=35
2026-08-22 15:21:24,777 WARNING mutual_fund_ingestion.agent.validate: snapshot_pct_sum out of range [85.0, 115.0]: scheme='DSP Credit Risk Fund' reporting_date='2021-04-15' pct_sum=70.24 n_records=8
2026-08-22 15:21:24,777 WARNING mutual_fund_ingestion.agent.validate: snapshot_pct_sum out of range [85.0, 115.0]: scheme='DSP Short Term Fund' reporting_date='2021-04-15' pct_sum=84.99 n_records=62
2026-08-22 15:21:24,777 WARNING mutual_fund_ingestion.agent.validate: snapshot_pct_sum out of range [85.0, 115.0]: scheme='DSP Government Securities Fund' reporting_date='2021-04-15' pct_sum=75.41 n_records=6
2026-08-22 15:21:24,777 WARNING mutual_fund_ingestion.agent.validate: snapshot_pct_sum out of range [85.0, 115.0]: scheme='DSP Regular Savings Fund' reporting_date='2021-04-15' pct_sum=84.26 n_records=30
2026-08-22 15:21:24,777 WARNING mutual_fund_ingestion.agent.validate: snapshot_pct_sum out of range [85.0, 115.0]: scheme='DSP FMP Series 217 - 40M' reporting_date='2021-04-15' pct_sum=31.29 n_records=5
2026-08-22 15:21:24,777 WARNING mutual_fund_ingestion.agent.validate: snapshot_pct_sum out of range [85.0, 115.0]: scheme='DSP FMP Series 218 - 40M' reporting_date='2021-04-15' pct_sum=37.12 n_records=6
2026-08-22 15:21:24,777 WARNING mutual_fund_ingestion.agent.validate: snapshot_pct_sum out of range [85.0, 115.0]: scheme='DSP FMP Series 219 - 40M' reporting_date='2021-04-15' pct_sum=50.26 n_records=8
2026-08-22 15:21:24,777 WARNING mutual_fund_ingestion.agent.validate: snapshot_pct_sum out of range [85.0, 115.0]: scheme='DSP FMP Series 220 - 40M' reporting_date='2021-04-15' pct_sum=60.46 n_records=10
2026-08-22 15:21:24,777 WARNING mutual_fund_ingestion.agent.validate: snapshot_pct_sum out of range [85.0, 115.0]: scheme='DSP FMP Series 221 - 40M' reporting_date='2021-04-15' pct_sum=57.95 n_records=9
2026-08-22 15:21:24,777 WARNING mutual_fund_ingestion.agent.validate: snapshot_pct_sum out of range [85.0, 115.0]: scheme='DSP FMP Series 223 - 39M' reporting_date='2021-04-15' pct_sum=56.95 n_records=11
2026-08-22 15:21:24,777 WARNING mutual_fund_ingestion.agent.validate: snapshot_pct_sum out of range [85.0, 115.0]: scheme='DSP FMP Series 224 - 39M' reporting_date='2021-04-15' pct_sum=39.82 n_records=8
2026-08-22 15:21:24,777 WARNING mutual_fund_ingestion.agent.validate: snapshot_pct_sum out of range [85.0, 115.0]: scheme='DSP FMP Series 226 - 39M' reporting_date='2021-04-15' pct_sum=46.7 n_records=8
2026-08-22 15:21:24,777 WARNING mutual_fund_ingestion.agent.validate: snapshot_pct_sum out of range [85.0, 115.0]: scheme='DSP FMP Series 227 - 39M' reporting_date='2021-04-15' pct_sum=49.05 n_records=8
2026-08-22 15:21:24,777 WARNING mutual_fund_ingestion.agent.validate: snapshot_pct_sum out of range [85.0, 115.0]: scheme='DSP FMP Series 232 - 36M' reporting_date='2021-04-15' pct_sum=59.86 n_records=10
2026-08-22 15:21:24,777 WARNING mutual_fund_ingestion.agent.validate: snapshot_pct_sum out of range [85.0, 115.0]: scheme='DSP FMP Series 237 - 36M' reporting_date='2021-04-15' pct_sum=76.18 n_records=13
2026-08-22 15:21:24,777 INFO backfill_amfi_monthly_portfolios: Validation https://www.dspim.com/media/pages/mandatory-disclosures/portfolio-disclosures/cefcd0c7f5-1757771552/dsp-debt-isin-portfolio-15th-apr-2021.xlsx: 663 valid, 0 quarantined
2026-08-22 15:21:27,603 INFO backfill_amfi_monthly_portfolios: Processing 273/470: https://www.dspim.com/media/pages/mandatory-disclosures/portfolio-disclosures/69538f3c61-1757771552/dsp-debt-isin-portfolio-31st-mar-2021.xlsx
2026-08-22 15:21:27,728 INFO backfill_amfi_monthly_portfolios: Downloaded https://www.dspim.com/media/pages/mandatory-disclosures/portfolio-disclosures/69538f3c61-1757771552/dsp-debt-isin-portfolio-31st-mar-2021.xlsx: 126777 bytes (application/vnd.openxmlformats-officedocument.spreadsheetml.sheet)
2026-08-22 15:21:27,728 INFO mutual_fund_ingestion.agent.parser: Routing to parser=portfolio_monthly_amfi for dataset_type=portfolio_disclosure file_type=amfi_monthly_xlsx
2026-08-22 15:21:27,889 INFO backfill_amfi_monthly_portfolios: Parser portfolio_monthly_amfi: 699 records (confidence=0.80), 0 errors
2026-08-22 15:21:27,946 WARNING mutual_fund_ingestion.agent.validate: snapshot_pct_sum out of range [85.0, 115.0]: scheme='DSP Credit Risk Fund' reporting_date='2021-03-31' pct_sum=67.79 n_records=7
2026-08-22 15:21:27,946 WARNING mutual_fund_ingestion.agent.validate: snapshot_pct_sum out of range [85.0, 115.0]: scheme='DSP Strategic Bond Fund' reporting_date='2021-03-31' pct_sum=71.66 n_records=12
2026-08-22 15:21:27,946 WARNING mutual_fund_ingestion.agent.validate: snapshot_pct_sum out of range [85.0, 115.0]: scheme='DSP Government Securities Fund' reporting_date='2021-03-31' pct_sum=72.6 n_records=6
2026-08-22 15:21:27,946 WARNING mutual_fund_ingestion.agent.validate: snapshot_pct_sum out of range [85.0, 115.0]: scheme='DSP Regular Savings Fund' reporting_date='2021-03-31' pct_sum=84.58 n_records=31
2026-08-22 15:21:27,946 WARNING mutual_fund_ingestion.agent.validate: snapshot_pct_sum out of range [85.0, 115.0]: scheme='DSP FMP Series 217 - 40M' reporting_date='2021-03-31' pct_sum=51.63 n_records=8
2026-08-22 15:21:27,946 WARNING mutual_fund_ingestion.agent.validate: snapshot_pct_sum out of range [85.0, 115.0]: scheme='DSP FMP Series 218 - 40M' reporting_date='2021-03-31' pct_sum=55.18 n_records=8
2026-08-22 15:21:27,946 WARNING mutual_fund_ingestion.agent.validate: snapshot_pct_sum out of range [85.0, 115.0]: scheme='DSP FMP Series 219 - 40M' reporting_date='2021-03-31' pct_sum=69.79 n_records=11
2026-08-22 15:21:27,946 WARNING mutual_fund_ingestion.agent.validate: snapshot_pct_sum out of range [85.0, 115.0]: scheme='DSP FMP Series 220 - 40M' reporting_date='2021-03-31' pct_sum=78.44 n_records=13
2026-08-22 15:21:27,946 WARNING mutual_fund_ingestion.agent.validate: snapshot_pct_sum out of range [85.0, 115.0]: scheme='DSP FMP Series 221 - 40M' reporting_date='2021-03-31' pct_sum=76.26 n_records=12
2026-08-22 15:21:27,946 WARNING mutual_fund_ingestion.agent.validate: snapshot_pct_sum out of range [85.0, 115.0]: scheme='DSP FMP Series 223 - 39M' reporting_date='2021-03-31' pct_sum=76.94 n_records=14
2026-08-22 15:21:27,946 WARNING mutual_fund_ingestion.agent.validate: snapshot_pct_sum out of range [85.0, 115.0]: scheme='DSP FMP Series 224 - 39M' reporting_date='2021-03-31' pct_sum=63.44 n_records=13
2026-08-22 15:21:27,946 WARNING mutual_fund_ingestion.agent.validate: snapshot_pct_sum out of range [85.0, 115.0]: scheme='DSP FMP Series 226 - 39M' reporting_date='2021-03-31' pct_sum=76.14 n_records=13
2026-08-22 15:21:27,946 WARNING mutual_fund_ingestion.agent.validate: snapshot_pct_sum out of range [85.0, 115.0]: scheme='DSP FMP Series 227 - 39M' reporting_date='2021-03-31' pct_sum=84.76 n_records=12
2026-08-22 15:21:27,946 WARNING mutual_fund_ingestion.agent.validate: snapshot_pct_sum out of range [85.0, 115.0]: scheme='DSP FMP Series 232 - 36M' reporting_date='2021-03-31' pct_sum=79.7 n_records=15
2026-08-22 15:21:27,946 WARNING mutual_fund_ingestion.agent.validate: snapshot_pct_sum out of range [85.0, 115.0]: scheme='DSP FMP Series 237 - 36M' reporting_date='2021-03-31' pct_sum=76.2 n_records=13
2026-08-22 15:21:27,946 INFO backfill_amfi_monthly_portfolios: Validation https://www.dspim.com/media/pages/mandatory-disclosures/portfolio-disclosures/69538f3c61-1757771552/dsp-debt-isin-portfolio-31st-mar-2021.xlsx: 699 valid, 0 quarantined
2026-08-22 15:21:30,775 INFO backfill_amfi_monthly_portfolios: Processing 274/470: https://www.dspim.com/media/pages/mandatory-disclosures/portfolio-disclosures/28214812f4-1757771552/dsp-debt-isin-portfolio-15th-mar-2021.xlsx
2026-08-22 15:21:30,886 INFO backfill_amfi_monthly_portfolios: Downloaded https://www.dspim.com/media/pages/mandatory-disclosures/portfolio-disclosures/28214812f4-1757771552/dsp-debt-isin-portfolio-15th-mar-2021.xlsx: 130222 bytes (application/vnd.openxmlformats-officedocument.spreadsheetml.sheet)
2026-08-22 15:21:30,886 INFO mutual_fund_ingestion.agent.parser: Routing to parser=portfolio_monthly_amfi for dataset_type=portfolio_disclosure file_type=amfi_monthly_xlsx
2026-08-22 15:21:31,066 INFO backfill_amfi_monthly_portfolios: Parser portfolio_monthly_amfi: 702 records (confidence=0.80), 0 errors
2026-08-22 15:21:31,120 WARNING mutual_fund_ingestion.agent.validate: snapshot_pct_sum out of range [85.0, 115.0]: scheme='DSP Liquidity Fund' reporting_date='2021-03-15' pct_sum=82.97 n_records=45
2026-08-22 15:21:31,120 WARNING mutual_fund_ingestion.agent.validate: snapshot_pct_sum out of range [85.0, 115.0]: scheme='DSP Credit Risk Fund' reporting_date='2021-03-15' pct_sum=67.16 n_records=7
2026-08-22 15:21:31,120 WARNING mutual_fund_ingestion.agent.validate: snapshot_pct_sum out of range [85.0, 115.0]: scheme='DSP Strategic Bond Fund' reporting_date='2021-03-15' pct_sum=80.52 n_records=12
2026-08-22 15:21:31,120 WARNING mutual_fund_ingestion.agent.validate: snapshot_pct_sum out of range [85.0, 115.0]: scheme='DSP Bond Fund' reporting_date='2021-03-15' pct_sum=82.1 n_records=17
2026-08-22 15:21:31,120 WARNING mutual_fund_ingestion.agent.validate: snapshot_pct_sum out of range [85.0, 115.0]: scheme='DSP Government Securities Fund' reporting_date='2021-03-15' pct_sum=64.72 n_records=6
2026-08-22 15:21:31,120 WARNING mutual_fund_ingestion.agent.validate: snapshot_pct_sum out of range [85.0, 115.0]: scheme='DSP Savings Fund' reporting_date='2021-03-15' pct_sum=65.36 n_records=15
2026-08-22 15:21:31,120 WARNING mutual_fund_ingestion.agent.validate: snapshot_pct_sum out of range [85.0, 115.0]: scheme='DSP FMP Series 217 - 40M' reporting_date='2021-03-15' pct_sum=53.64 n_records=9
2026-08-22 15:21:31,120 WARNING mutual_fund_ingestion.agent.validate: snapshot_pct_sum out of range [85.0, 115.0]: scheme='DSP FMP Series 218 - 40M' reporting_date='2021-03-15' pct_sum=65.34 n_records=9
2026-08-22 15:21:31,120 WARNING mutual_fund_ingestion.agent.validate: snapshot_pct_sum out of range [85.0, 115.0]: scheme='DSP FMP Series 219 - 40M' reporting_date='2021-03-15' pct_sum=73.7 n_records=12
2026-08-22 15:21:31,120 WARNING mutual_fund_ingestion.agent.validate: snapshot_pct_sum out of range [85.0, 115.0]: scheme='DSP FMP Series 220 - 40M' reporting_date='2021-03-15' pct_sum=78.61 n_records=14
2026-08-22 15:21:31,120 WARNING mutual_fund_ingestion.agent.validate: snapshot_pct_sum out of range [85.0, 115.0]: scheme='DSP FMP Series 221 - 40M' reporting_date='2021-03-15' pct_sum=76.34 n_records=12
2026-08-22 15:21:31,120 WARNING mutual_fund_ingestion.agent.validate: snapshot_pct_sum out of range [85.0, 115.0]: scheme='DSP FMP Series 223 - 39M' reporting_date='2021-03-15' pct_sum=82.55 n_records=15
2026-08-22 15:21:31,120 WARNING mutual_fund_ingestion.agent.validate: snapshot_pct_sum out of range [85.0, 115.0]: scheme='DSP FMP Series 224 - 39M' reporting_date='2021-03-15' pct_sum=78.42 n_records=15
2026-08-22 15:21:31,120 WARNING mutual_fund_ingestion.agent.validate: snapshot_pct_sum out of range [85.0, 115.0]: scheme='DSP FMP Series 226 - 39M' reporting_date='2021-03-15' pct_sum=84.35 n_records=15
2026-08-22 15:21:31,120 WARNING mutual_fund_ingestion.agent.validate: snapshot_pct_sum out of range [85.0, 115.0]: scheme='DSP FMP Series 232 - 36M' reporting_date='2021-03-15' pct_sum=81.75 n_records=16
2026-08-22 15:21:31,120 WARNING mutual_fund_ingestion.agent.validate: snapshot_pct_sum out of range [85.0, 115.0]: scheme='DSP FMP Series 237 - 36M' reporting_date='2021-03-15' pct_sum=78.17 n_records=14
2026-08-22 15:21:31,120 INFO backfill_amfi_monthly_portfolios: Validation https://www.dspim.com/media/pages/mandatory-disclosures/portfolio-disclosures/28214812f4-1757771552/dsp-debt-isin-portfolio-15th-mar-2021.xlsx: 702 valid, 0 quarantined
2026-08-22 15:21:33,963 INFO backfill_amfi_monthly_portfolios: Processing 275/470: https://www.dspim.com/media/pages/mandatory-disclosures/portfolio-disclosures/8ac7972f13-1757771552/dsp-debt-isin-portfolio-28th-feb-2021.xlsx
2026-08-22 15:21:34,087 INFO backfill_amfi_monthly_portfolios: Downloaded https://www.dspim.com/media/pages/mandatory-disclosures/portfolio-disclosures/8ac7972f13-1757771552/dsp-debt-isin-portfolio-28th-feb-2021.xlsx: 132477 bytes (application/vnd.openxmlformats-officedocument.spreadsheetml.sheet)
2026-08-22 15:21:34,087 INFO mutual_fund_ingestion.agent.parser: Routing to parser=portfolio_monthly_amfi for dataset_type=portfolio_disclosure file_type=amfi_monthly_xlsx
2026-08-22 15:21:34,245 INFO backfill_amfi_monthly_portfolios: Parser portfolio_monthly_amfi: 763 records (confidence=0.80), 0 errors
2026-08-22 15:21:34,313 WARNING mutual_fund_ingestion.agent.validate: snapshot_pct_sum out of range [85.0, 115.0]: scheme='DSP Liquidity Fund' reporting_date='2021-02-28' pct_sum=75.78 n_records=40
2026-08-22 15:21:34,313 WARNING mutual_fund_ingestion.agent.validate: snapshot_pct_sum out of range [85.0, 115.0]: scheme='DSP Credit Risk Fund' reporting_date='2021-02-28' pct_sum=65.49 n_records=7
2026-08-22 15:21:34,313 WARNING mutual_fund_ingestion.agent.validate: snapshot_pct_sum out of range [85.0, 115.0]: scheme='DSP Strategic Bond Fund' reporting_date='2021-02-28' pct_sum=83.01 n_records=14
2026-08-22 15:21:34,313 WARNING mutual_fund_ingestion.agent.validate: snapshot_pct_sum out of range [85.0, 115.0]: scheme='DSP Government Securities Fund' reporting_date='2021-02-28' pct_sum=73.44 n_records=5
2026-08-22 15:21:34,313 WARNING mutual_fund_ingestion.agent.validate: snapshot_pct_sum out of range [85.0, 115.0]: scheme='DSP Savings Fund' reporting_date='2021-02-28' pct_sum=72.6 n_records=16
2026-08-22 15:21:34,313 WARNING mutual_fund_ingestion.agent.validate: snapshot_pct_sum out of range [85.0, 115.0]: scheme='DSP Banking & PSU Debt Fund' reporting_date='2021-02-28' pct_sum=81.34 n_records=44
2026-08-22 15:21:34,313 WARNING mutual_fund_ingestion.agent.validate: snapshot_pct_sum out of range [85.0, 115.0]: scheme='DSP FMP Series 217 - 40M' reporting_date='2021-02-28' pct_sum=78.36 n_records=14
2026-08-22 15:21:34,313 INFO backfill_amfi_monthly_portfolios: Validation https://www.dspim.com/media/pages/mandatory-disclosures/portfolio-disclosures/8ac7972f13-1757771552/dsp-debt-isin-portfolio-28th-feb-2021.xlsx: 763 valid, 0 quarantined
2026-08-22 15:21:37,170 INFO backfill_amfi_monthly_portfolios: Processing 276/470: https://www.dspim.com/media/pages/mandatory-disclosures/portfolio-disclosures/c7cbb32a06-1757771552/dsp-isin-debt-portfolio-15th-feb-2021.xlsx
2026-08-22 15:21:37,286 INFO backfill_amfi_monthly_portfolios: Downloaded https://www.dspim.com/media/pages/mandatory-disclosures/portfolio-disclosures/c7cbb32a06-1757771552/dsp-isin-debt-portfolio-15th-feb-2021.xlsx: 135213 bytes (application/vnd.openxmlformats-officedocument.spreadsheetml.sheet)
2026-08-22 15:21:37,286 INFO mutual_fund_ingestion.agent.parser: Routing to parser=portfolio_monthly_amfi for dataset_type=portfolio_disclosure file_type=amfi_monthly_xlsx
2026-08-22 15:21:37,465 INFO backfill_amfi_monthly_portfolios: Parser portfolio_monthly_amfi: 772 records (confidence=0.80), 0 errors
2026-08-22 15:21:37,531 WARNING mutual_fund_ingestion.agent.validate: snapshot_pct_sum out of range [85.0, 115.0]: scheme='DSP Liquidity Fund' reporting_date='2021-02-15' pct_sum=77.15 n_records=42
2026-08-22 15:21:37,531 WARNING mutual_fund_ingestion.agent.validate: snapshot_pct_sum out of range [85.0, 115.0]: scheme='DSP Ultra Short Fund' reporting_date='2021-02-15' pct_sum=84.72 n_records=37
2026-08-22 15:21:37,531 WARNING mutual_fund_ingestion.agent.validate: snapshot_pct_sum out of range [85.0, 115.0]: scheme='DSP Credit Risk Fund' reporting_date='2021-02-15' pct_sum=55.33 n_records=6
2026-08-22 15:21:37,531 WARNING mutual_fund_ingestion.agent.validate: snapshot_pct_sum out of range [85.0, 115.0]: scheme='DSP Strategic Bond Fund' reporting_date='2021-02-15' pct_sum=83.54 n_records=12
2026-08-22 15:21:37,531 WARNING mutual_fund_ingestion.agent.validate: snapshot_pct_sum out of range [85.0, 115.0]: scheme='DSP Bond Fund' reporting_date='2021-02-15' pct_sum=82.37 n_records=19
2026-08-22 15:21:37,531 WARNING mutual_fund_ingestion.agent.validate: snapshot_pct_sum out of range [85.0, 115.0]: scheme='DSP Government Securities Fund' reporting_date='2021-02-15' pct_sum=61.66 n_records=7
2026-08-22 15:21:37,531 WARNING mutual_fund_ingestion.agent.validate: snapshot_pct_sum out of range [85.0, 115.0]: scheme='DSP Savings Fund' reporting_date='2021-02-15' pct_sum=83.46 n_records=20
2026-08-22 15:21:37,531 INFO backfill_amfi_monthly_portfolios: Validation https://www.dspim.com/media/pages/mandatory-disclosures/portfolio-disclosures/c7cbb32a06-1757771552/dsp-isin-debt-portfolio-15th-feb-2021.xlsx: 771 valid, 1 quarantined
2026-08-22 15:21:40,474 INFO backfill_amfi_monthly_portfolios: Processing 277/470: https://www.dspim.com/media/pages/mandatory-disclosures/portfolio-disclosures/59f3b7951b-1757771552/dsp-debt-isin-portfolio-31st-jan-2021.xlsx
2026-08-22 15:21:40,607 INFO backfill_amfi_monthly_portfolios: Downloaded https://www.dspim.com/media/pages/mandatory-disclosures/portfolio-disclosures/59f3b7951b-1757771552/dsp-debt-isin-portfolio-31st-jan-2021.xlsx: 131018 bytes (application/vnd.openxmlformats-officedocument.spreadsheetml.sheet)
2026-08-22 15:21:40,607 INFO mutual_fund_ingestion.agent.parser: Routing to parser=portfolio_monthly_amfi for dataset_type=portfolio_disclosure file_type=amfi_monthly_xlsx
2026-08-22 15:21:40,774 INFO backfill_amfi_monthly_portfolios: Parser portfolio_monthly_amfi: 789 records (confidence=0.80), 0 errors
2026-08-22 15:21:40,835 WARNING mutual_fund_ingestion.agent.validate: snapshot_pct_sum out of range [85.0, 115.0]: scheme='DSP Ultra Short Fund' reporting_date='2021-01-31' pct_sum=83.37 n_records=35
2026-08-22 15:21:40,835 WARNING mutual_fund_ingestion.agent.validate: snapshot_pct_sum out of range [85.0, 115.0]: scheme='DSP Credit Risk Fund' reporting_date='2021-01-31' pct_sum=54.57 n_records=6
2026-08-22 15:21:40,835 INFO backfill_amfi_monthly_portfolios: Validation https://www.dspim.com/media/pages/mandatory-disclosures/portfolio-disclosures/59f3b7951b-1757771552/dsp-debt-isin-portfolio-31st-jan-2021.xlsx: 789 valid, 0 quarantined
2026-08-22 15:21:43,689 INFO backfill_amfi_monthly_portfolios: Processing 278/470: https://www.dspim.com/media/pages/mandatory-disclosures/portfolio-disclosures/5c6eaea365-1757771552/dsp-isin-debt-portfolio-15th-jan-2021.xlsx
2026-08-22 15:21:43,811 INFO backfill_amfi_monthly_portfolios: Downloaded https://www.dspim.com/media/pages/mandatory-disclosures/portfolio-disclosures/5c6eaea365-1757771552/dsp-isin-debt-portfolio-15th-jan-2021.xlsx: 135698 bytes (application/vnd.openxmlformats-officedocument.spreadsheetml.sheet)
2026-08-22 15:21:43,811 INFO mutual_fund_ingestion.agent.parser: Routing to parser=portfolio_monthly_amfi for dataset_type=portfolio_disclosure file_type=amfi_monthly_xlsx
2026-08-22 15:21:43,990 INFO backfill_amfi_monthly_portfolios: Parser portfolio_monthly_amfi: 798 records (confidence=0.80), 0 errors
2026-08-22 15:21:44,051 WARNING mutual_fund_ingestion.agent.validate: snapshot_pct_sum out of range [85.0, 115.0]: scheme='DSP Liquidity Fund' reporting_date='2021-01-15' pct_sum=75.43 n_records=52
2026-08-22 15:21:44,051 WARNING mutual_fund_ingestion.agent.validate: snapshot_pct_sum out of range [85.0, 115.0]: scheme='DSP Credit Risk Fund' reporting_date='2021-01-15' pct_sum=52.41 n_records=6
2026-08-22 15:21:44,051 INFO backfill_amfi_monthly_portfolios: Validation https://www.dspim.com/media/pages/mandatory-disclosures/portfolio-disclosures/5c6eaea365-1757771552/dsp-isin-debt-portfolio-15th-jan-2021.xlsx: 798 valid, 0 quarantined
2026-08-22 15:21:47,056 INFO backfill_amfi_monthly_portfolios: Processing 279/470: https://www.dspim.com/media/pages/mandatory-disclosures/portfolio-disclosures/9f2136a4d7-1757771552/dsp-debt-isin-portfolio-31st-dec-2020.xlsx
2026-08-22 15:21:47,164 INFO backfill_amfi_monthly_portfolios: Downloaded https://www.dspim.com/media/pages/mandatory-disclosures/portfolio-disclosures/9f2136a4d7-1757771552/dsp-debt-isin-portfolio-31st-dec-2020.xlsx: 134335 bytes (application/vnd.openxmlformats-officedocument.spreadsheetml.sheet)
2026-08-22 15:21:47,164 INFO mutual_fund_ingestion.agent.parser: Routing to parser=portfolio_monthly_amfi for dataset_type=portfolio_disclosure file_type=amfi_monthly_xlsx
2026-08-22 15:21:47,333 INFO backfill_amfi_monthly_portfolios: Parser portfolio_monthly_amfi: 810 records (confidence=0.80), 0 errors
2026-08-22 15:21:47,393 WARNING mutual_fund_ingestion.agent.validate: snapshot_pct_sum out of range [85.0, 115.0]: scheme='DSP Liquidity Fund' reporting_date='2020-12-31' pct_sum=66.97 n_records=53
2026-08-22 15:21:47,393 WARNING mutual_fund_ingestion.agent.validate: snapshot_pct_sum out of range [85.0, 115.0]: scheme='DSP Credit Risk Fund' reporting_date='2020-12-31' pct_sum=52.87 n_records=6
2026-08-22 15:21:47,394 INFO backfill_amfi_monthly_portfolios: Validation https://www.dspim.com/media/pages/mandatory-disclosures/portfolio-disclosures/9f2136a4d7-1757771552/dsp-debt-isin-portfolio-31st-dec-2020.xlsx: 810 valid, 0 quarantined
