id,snapshot_id,instrument_id,security_name,isin,sector,asset_class,quantity,market_value,market_value_currency,percentage_to_nav,coupon,maturity_date,rating,metadata_json,created_at
4ead7a6a-f74f-4596-a727-10df784d16d7,dcf0a87e-d85b-4a7d-908b-f096a8532005,06f07fa5-d040-40e9-907e-43c5251aa3af,Benchmark Riskometer: CRISIL Short Duration Fund A-II Index,,,,,,INR,,,,,{},2026-08-21 22:28:08.968230+00:00
79bb4ad6-2abc-441c-8739-f4d3bd4c9f6e,28b94171-7504-450a-a21a-c461e2063bb1,a475920a-4a19-4d18-9361-edb9d861750d,Benchmark Riskometer: CRISIL Dynamic Bond Fund B-III Index,,,,,,INR,,,,,{},2026-08-21 22:28:08.968230+00:00
51c48373-4cb9-499a-ab1c-34f61334a95a,9e677dec-6abf-4546-b55a-094e76b9fb18,26edd5f1-0439-42b4-af69-b2b51544e620,Benchmark Riskometer: CRISIL Medium Duration Fund B-III Index,,,,,,INR,,,,,{},2026-08-21 22:28:08.968230+00:00
461c2428-d4f4-4de2-a4f0-c785980ee057,9e677dec-6abf-4546-b55a-094e76b9fb18,1fd8ae09-5857-4a90-9faa-8d78de7d6c47,BOND & NCD's,,,,,,INR,,,,,{},2026-08-21 22:28:08.968230+00:00
d3b60ff7-b9d3-46c2-9c62-02e99564a11f,576d2fff-17f2-47c3-99b9-f157e45032ea,01c19d50-de44-49b9-8b96-9f1ded5fbab6,"As on April 30,2023, the aggregate investments by the schemes of DSP Mutual Fund in DSP Savings Fund is Rs. 16,059.97 Lakhs.",,,,,,INR,,,,,{},2026-08-21 22:28:08.968230+00:00
2527e3f3-78df-4a03-bbfc-c5e371a0eebf,576d2fff-17f2-47c3-99b9-f157e45032ea,e959c2ac-47eb-4dd9-afda-488722b8ad97,Benchmark Riskometer: CRISIL Money Market Fund B-I Index,,,,,,INR,,,,,{},2026-08-21 22:28:08.968230+00:00
6e98f093-55a3-4712-9983-c30a925edbd0,576d2fff-17f2-47c3-99b9-f157e45032ea,01755f60-6483-42d3-994e-465ce4a1ce8f,Cash & Cash Equivalent,,,,,,INR,,,,,{},2026-08-21 22:28:08.968230+00:00
4192e2ce-fb24-462a-a92b-fb22502277f5,b04e2240-e78a-4780-ae55-0f23beee477d,e617dc6e-a5dd-4c59-8e18-d362dc906c91,Benchmark Riskometer: CRISIL Corporate Bond Fund B-III Index,,,,,,INR,,,,,{},2026-08-21 22:28:08.968230+00:00
23946954-a381-4d22-b406-76b00a2741f2,dd454cb2-6c59-4c6c-b8ae-adb8afb44272,42c92b5d-87b9-473a-885c-5bb11f0eeafa,Benchmark Riskometer: CRISIL Medium Duration Fund A-III Index,,,,,,INR,,,,,{},2026-08-21 22:28:08.968230+00:00
dbcaa6c1-e77c-4626-8e9f-393f96606488,7c4ff121-f509-442e-a480-ed60df291673,7d4319bb-5720-48d8-90f3-08c984fecd89,SBI Funds Management Pvt Limited/Fund Parent,INF0RQ622028,,,20285.9,2424.12,INR,0.24,,,,{},2026-08-21 22:42:56.887115+00:00
c646b252-54e9-4771-a141-45ca203da805,7bdc74e4-1c46-4b35-adac-7ae88c215ea9,7d4319bb-5720-48d8-90f3-08c984fecd89,SBI Funds Management Pvt Ltd/Fund Parent,INF0RQ622028,,,28649.202,2993.98,INR,0.13,,,,{},2026-08-21 22:42:32.142347+00:00
f04ce816-0b27-48bf-9df5-f85af4840f4b,db8ef9aa-f728-40d9-9574-ce438e666623,7d4319bb-5720-48d8-90f3-08c984fecd89,SBI Funds Management Pvt Ltd/Fund Parent,INF0RQ622028,,,6679.76,698.07,INR,0.22,,,,{},2026-08-21 22:42:32.142347+00:00
97876c5e-fc69-446d-b059-3dfc0c2100c4,d8ee8e24-6db6-4ad5-9bf4-2099a44c8d7a,7d4319bb-5720-48d8-90f3-08c984fecd89,SBI Funds Management Pvt Ltd/Fund Parent,INF0RQ622028,,,585.071,61.14,INR,0.32,,,,{},2026-08-21 22:42:32.142347+00:00
e54dee1e-d217-4a13-badb-1ac9fd573597,44d4e385-ea26-471b-911d-398334943357,7d4319bb-5720-48d8-90f3-08c984fecd89,SBI Funds Management Pvt Ltd/Fund Parent,INF0RQ622028,,,11092.618,1159.23,INR,0.2,,,,{},2026-08-21 22:42:32.142347+00:00
2465118e-e66c-44ae-b824-318d7526b977,79c15fb7-f45b-4d33-a0bb-064626e7d023,7d4319bb-5720-48d8-90f3-08c984fecd89,SBI Funds Management Pvt Ltd/Fund Parent,INF0RQ622028,,,7606.106,794.87,INR,0.28,,,,{},2026-08-21 22:42:32.142347+00:00
8156e525-3fb5-4273-8711-759b65c20920,02c7555d-455b-4a48-a466-2e4af6fd6de2,7d4319bb-5720-48d8-90f3-08c984fecd89,SBI Funds Management Pvt Ltd/Fund Parent,INF0RQ622028,,,2397.625,250.56,INR,0.14,,,,{},2026-08-21 22:42:32.142347+00:00
6582033c-faa5-48b7-8581-c17a294e6ab3,de7a32be-9b9f-4739-86bb-39a8c00ba809,7d4319bb-5720-48d8-90f3-08c984fecd89,SBI Funds Management Pvt Ltd/Fund Parent,INF0RQ622028,,,948.296,99.1,INR,0.26,,,,{},2026-08-21 22:42:32.142347+00:00
5454d138-e763-4f3f-9a55-71d81b68d900,7d37e20b-daca-4597-b22e-d1e067277791,7d4319bb-5720-48d8-90f3-08c984fecd89,SBI Funds Management Pvt Ltd/Fund Parent,INF0RQ622028,,,11892.01,1242.77,INR,0.3,,,,{},2026-08-21 22:42:32.142347+00:00
0b46e232-2a59-4ea2-923d-53c968597dce,c3d3980c-58ce-44b0-8a87-d5d1ef972e16,7d4319bb-5720-48d8-90f3-08c984fecd89,SBI Funds Management Pvt Ltd/Fund Parent,INF0RQ622028,,,501.975,52.46,INR,0.28,,,,{},2026-08-21 22:42:32.142347+00:00
c886ccf5-cbf9-4d2b-a4e8-70662a68fe9d,fcb97c57-a6d8-45b7-854d-89bf5a4ba6ac,7d4319bb-5720-48d8-90f3-08c984fecd89,SBI Funds Management Pvt Ltd/Fund Parent,INF0RQ622028,,,6618.369,691.65,INR,0.28,,,,{},2026-08-21 22:42:32.142347+00:00
62525b87-2e60-45aa-b35b-f1cbcc11be7e,1937445a-337f-45db-8db9-3b971b3d9fa1,7d4319bb-5720-48d8-90f3-08c984fecd89,SBI Funds Management Pvt Ltd/Fund Parent,INF0RQ622028,,,6269.987,655.24,INR,0.21,,,,{},2026-08-21 22:42:32.142347+00:00
6de0cf62-224d-4dad-8495-7c496c321f8e,89c37d06-432d-4d0c-b19f-a0a234a03985,7d4319bb-5720-48d8-90f3-08c984fecd89,SBI Funds Management Pvt Ltd/Fund Parent,INF0RQ622028,,,2979.151,311.34,INR,0.43,,,,{},2026-08-21 22:42:32.142347+00:00
7d3610b5-6581-48f7-95f4-c834cd3e9292,dcf0a87e-d85b-4a7d-908b-f096a8532005,cbb5e1eb-bc8d-4ddd-9195-fe8ac530a118,Scheme Name:,DSP Short Term Fund,,,,,INR,,,,,{},2026-08-21 22:28:08.968230+00:00
10b00485-ac9a-42cf-8c39-8bfdf9e5ba54,bc418993-50c7-47b5-93a7-a1359f771a52,02022e13-3123-45d5-9172-cfeb6da87dbc,TREPS-22092025,IDIA00309679,,,,3102774507.7,INR,1.09510241254143,,,,{},2026-08-21 22:47:24.159087+00:00
23df9c1c-4954-4bf1-8587-d421e7b7c881,2a75f158-db91-49d5-bd31-ee94991557fc,392b70af-917e-4818-860c-aceedef34b2a,TREPS-17012022,IDIA00267253,,,,2134500000.0,INR,2.252059154800973,,,,{},2026-08-21 22:47:26.374169+00:00
b6cfec32-2b14-435d-89a3-a6010507b4ff,fbf22e23-d0d3-40b1-bca7-8ef0a0e58697,392b70af-917e-4818-860c-aceedef34b2a,TREPS-17012022,IDIA00267253,,,,216300000.0,INR,0.14083752604963615,,,,{},2026-08-21 22:47:26.374169+00:00
16951593-5527-4f93-8a98-7df7c276ad97,fbf22e23-d0d3-40b1-bca7-8ef0a0e58697,83f6fafc-ecdc-4ce0-b630-f4e375873397,TREPS-17012022 T+1,IDIA00267340,,,,100100000.0,INR,0.06517723697442708,,,,{},2026-08-21 22:47:26.374169+00:00
303d715d-2e25-4658-9151-f1ec802e0655,58a2a794-3677-48a2-a932-29a7511b4791,cbb5e1eb-bc8d-4ddd-9195-fe8ac530a118,As on (Date),2023-04-30 00:00:00,,,,,INR,,,,,{},2026-08-21 22:28:08.968230+00:00
0a1b9985-bae8-4168-bc26-9f7089b7a98e,3e0e4d3d-45ad-4f7c-ba31-4d41dd50ebaa,cbb5e1eb-bc8d-4ddd-9195-fe8ac530a118,Residual Maturity,0.58,,,,,INR,,,,,{},2026-08-21 22:27:43.322310+00:00
c52a72ee-7b3c-429b-b2bc-1daa4b0628bb,dcf4983e-6d26-4fe5-a74f-b0df6a9f8983,392b70af-917e-4818-860c-aceedef34b2a,TREPS-17012022,IDIA00267253,,,,14842500000.0,INR,8.032848118717217,,,,{},2026-08-21 22:47:26.374169+00:00
691a1ba4-435f-40a6-9b09-e88cbb09c455,dcf4983e-6d26-4fe5-a74f-b0df6a9f8983,83f6fafc-ecdc-4ce0-b630-f4e375873397,TREPS-17012022 T+1,IDIA00267340,,,,4200000.0,INR,0.002273064652087742,,,,{},2026-08-21 22:47:26.374169+00:00
b0fadb5b-14e7-4162-bbe7-56366214a151,3e0e4d3d-45ad-4f7c-ba31-4d41dd50ebaa,cbb5e1eb-bc8d-4ddd-9195-fe8ac530a118,As on (Date),2025-05-31 00:00:00,,,,,INR,,,,,{},2026-08-21 22:27:43.322310+00:00
c245c22c-9e1c-4cb1-8f15-7640318b7fdc,53461a7b-5482-4c7b-b840-62cd721370a1,392b70af-917e-4818-860c-aceedef34b2a,TREPS-17012022,IDIA00267253,,,,1981400000.0,INR,1.1006488463693205,,,,{},2026-08-21 22:47:26.374169+00:00
96dc07fe-dfd0-4658-852c-8a83de07b209,732503bb-c520-4a04-9efa-53ca3aae9c92,392b70af-917e-4818-860c-aceedef34b2a,TREPS-17012022,IDIA00267253,,,,14157100000.0,INR,8.14301380656364,,,,{},2026-08-21 22:47:26.374169+00:00
e186cd0d-a64e-476d-9a5e-fd037f8c9127,732503bb-c520-4a04-9efa-53ca3aae9c92,83f6fafc-ecdc-4ce0-b630-f4e375873397,TREPS-17012022 T+1,IDIA00267340,,,,33900000.0,INR,0.0194989205446389,,,,{},2026-08-21 22:47:26.374169+00:00
73d0193c-8595-4068-8ca6-6e421a9381fe,3c12aae2-e082-454a-89af-a209fca81a03,cbb5e1eb-bc8d-4ddd-9195-fe8ac530a118,As on (Date),2025-05-31 00:00:00,,,,,INR,,,,,{},2026-08-21 22:27:43.322310+00:00
00e88b2f-9197-4749-b810-f8a1eefb9928,96aabf69-1aa3-4950-9e5d-7c21389ce02d,392b70af-917e-4818-860c-aceedef34b2a,TREPS-17012022,IDIA00267253,,,,631300000.0,INR,0.32583011460793265,,,,{},2026-08-21 22:47:26.374169+00:00
108e450a-aa1b-4034-b8c8-55237251b3ce,facff9c4-14e4-4e76-b900-b917d400a0fa,7d4319bb-5720-48d8-90f3-08c984fecd89,SBI Funds Management Pvt Limited/Fund Parent,INF0RQ622028,,,44843.339,5358.69,INR,0.18,,,,{},2026-08-21 22:42:56.887115+00:00
8fa947c3-8e9c-4585-9c9c-4705236cf6a9,118015d3-a011-4747-a812-badc1a712f3e,7d4319bb-5720-48d8-90f3-08c984fecd89,SBI Funds Management Pvt Limited/Fund Parent,INF0RQ622028,,,9593.263,1146.38,INR,0.25,,,,{},2026-08-21 22:42:56.887115+00:00
6b389896-effc-4181-93ec-27d032701bd3,8355d571-f1b0-4c8e-88fe-8f76fdbafd16,7d4319bb-5720-48d8-90f3-08c984fecd89,SBI Funds Management Pvt Limited/Fund Parent,INF0RQ622028,,,674.456,80.6,INR,0.26,,,,{},2026-08-21 22:42:56.887115+00:00
1b5cd962-d3c2-4d1a-a38f-6fe1dcb92c84,e8db222d-2acf-43d4-bacb-37eb0cd185a9,7d4319bb-5720-48d8-90f3-08c984fecd89,SBI Funds Management Pvt Limited/Fund Parent,INF0RQ622028,,,15090.147,1803.24,INR,0.39,,,,{},2026-08-21 22:42:56.887115+00:00
73c26d79-ac51-47dd-bc5a-cf77203e09c0,f3b8cdd7-18da-445f-bda1-59560e3f3f76,7d4319bb-5720-48d8-90f3-08c984fecd89,SBI Funds Management Pvt Limited/Fund Parent,INF0RQ622028,,,9513.143,1136.8,INR,0.32,,,,{},2026-08-21 22:42:56.887115+00:00
cf38f007-3d7d-47ad-88c3-a844ad6f661c,84983e68-886c-48cf-b2b7-7613eac704ed,7d4319bb-5720-48d8-90f3-08c984fecd89,SBI Funds Management Pvt Limited/Fund Parent,INF0RQ622028,,,4556.045,544.44,INR,0.82,,,,{},2026-08-21 22:42:56.887115+00:00
31d3c687-96af-435f-a004-d52079ea1eb8,b8f04c3c-a0e1-44e5-8d20-a6b9eaf0473d,7d4319bb-5720-48d8-90f3-08c984fecd89,SBI Funds Management Pvt Limited/Fund Parent,INF0RQ622028,,,948.296,113.32,INR,0.45,,,,{},2026-08-21 22:42:56.887115+00:00
143b338d-9e63-408e-a718-08ab3ef5e19c,5a584e4a-c747-4c52-8e2b-8e31dab7052b,e0e9b19d-7e43-4178-856a-7ac8a3ecc9b4,"~ Yield to Maturity (YTM) as on October 31, 2024",,,,,,INR,,,,,{},2026-08-21 22:27:33.755328+00:00
1f4349a9-7722-4a2c-951a-8b1bdf1c9f55,5a584e4a-c747-4c52-8e2b-8e31dab7052b,5ff769fc-c0c4-434d-86c5-671e0a98d871,"^ Pursuant to AMFI circular no. 135/BP/91/2020-21, Yield to Call (YTC) for AT-1 bonds and Tier-2 bonds as on October 31, 2024.",,,,,,INR,,,,,{},2026-08-21 22:27:33.755328+00:00
ed556856-321b-4063-92b8-cec97606fc2d,d3c386fc-ea8f-40f2-9b38-8af9e4092072,e9d9c5cf-dacc-4807-98b6-7da90c2d359a,"~ YTM as on December 15, 2022",,,,,,INR,,,,,{},2026-08-21 22:27:39.758130+00:00
4ea9735a-4271-4822-af34-ba1c89443974,d3c386fc-ea8f-40f2-9b38-8af9e4092072,91888741-fded-4975-a3b5-820d304acd3a,"^ Pursuant to AMFI circular no. 135/BP/91/2020-21, Yield to Call (YTC) for AT-1 bonds and Tier-2 bonds as on December 15, 2022.",,,,,,INR,,,,,{},2026-08-21 22:27:39.758130+00:00
7968ea26-b355-478c-8c99-122c81b73b8b,d3c386fc-ea8f-40f2-9b38-8af9e4092072,171b8747-63c1-4da6-a4e3-7269f78596d5,Commercial Paper,,,,,,INR,,,,,{},2026-08-21 22:27:39.758130+00:00
3c373fbf-33bd-4b89-ae14-ba6e0341f8dc,337c19b1-bcb1-4dbd-9336-ea5d9b511272,7d4319bb-5720-48d8-90f3-08c984fecd89,SBI Funds Management Pvt Ltd/Fund Parent,INF0RQ622028,,,39827.285,4457.05,INR,0.25,,,,{},2026-08-21 22:27:43.322310+00:00
40e69d40-4c60-4d70-98e1-ab9741fe429e,c8b2fbcd-6835-4a64-b790-0486910a39dd,7d4319bb-5720-48d8-90f3-08c984fecd89,SBI Funds Management Pvt Ltd/Fund Parent,INF0RQ622028,,,7339.134,821.32,INR,0.002,,,,{},2026-08-21 22:27:43.322310+00:00
b110fdcb-4fef-4865-b7d7-a433a45f421d,8dcc94b2-7f90-4baf-88f5-814ee13f6cc5,7d4319bb-5720-48d8-90f3-08c984fecd89,SBI Funds Management Pvt Ltd/Fund Parent,INF0RQ622028,,,585.071,65.48,INR,0.31,,,,{},2026-08-21 22:27:43.322310+00:00
0154d64e-f323-4a8d-992d-81a8e5544fe6,f98d00b4-ba8a-4436-a88b-4b3ee8f293e2,7d4319bb-5720-48d8-90f3-08c984fecd89,SBI Funds Management Pvt Ltd/Fund Parent,INF0RQ622028,,,13340.083,1492.88,INR,0.29,,,,{},2026-08-21 22:27:43.322310+00:00
03873a7f-619c-42f6-81a1-f3e961055259,cb02bc10-915c-49d2-a2e1-194c15e16032,7d4319bb-5720-48d8-90f3-08c984fecd89,SBI Funds Management Pvt Ltd/Fund Parent,INF0RQ622028,,,7606.106,851.2,INR,0.25,,,,{},2026-08-21 22:27:43.322310+00:00
dc454902-dda5-4d04-be93-b7e9d5bba940,d72c5d6c-b05f-4a9a-9884-001911d22bf3,7d4319bb-5720-48d8-90f3-08c984fecd89,SBI Funds Management Pvt Ltd/Fund Parent,INF0RQ622028,,,4556.045,509.86,INR,0.32,,,,{},2026-08-21 22:27:43.322310+00:00
34ac77c1-8f01-4ff8-8a5b-7b8b2114c063,e65162bc-30e3-4c70-a364-2d29398aeef6,7d4319bb-5720-48d8-90f3-08c984fecd89,SBI Funds Management Pvt Ltd/Fund Parent,INF0RQ622028,,,948.296,106.12,INR,0.0034,,,,{},2026-08-21 22:27:43.322310+00:00
2319211f-bbaa-440f-b2c2-67b1212db60f,3e0e4d3d-45ad-4f7c-ba31-4d41dd50ebaa,7d4319bb-5720-48d8-90f3-08c984fecd89,SBI Funds Management Pvt Ltd/Fund Parent,INF0RQ622028,,,11892.01,1330.83,INR,0.29,,,,{},2026-08-21 22:27:43.322310+00:00
6eb413f2-e5cd-497d-8987-2be0f5422f96,fe1f8698-0748-4cdb-912f-70d58c45bb14,7d4319bb-5720-48d8-90f3-08c984fecd89,SBI Funds Management Pvt Ltd/Fund Parent,INF0RQ622028,,,501.975,56.18,INR,0.0032,,,,{},2026-08-21 22:27:43.322310+00:00
a0179cc2-64ec-4221-96ec-e71bc82facfc,b366c1a2-eda8-4d10-92d6-667db97e46b2,7d4319bb-5720-48d8-90f3-08c984fecd89,SBI Funds Management Pvt Ltd/Fund Parent,INF0RQ622028,,,6618.369,740.66,INR,0.28,,,,{},2026-08-21 22:27:43.322310+00:00
e34b5752-167d-40a6-942c-a289f3c64577,a2e1afdb-6488-4cd7-b329-3cf037faa25a,7d4319bb-5720-48d8-90f3-08c984fecd89,SBI Funds Management Pvt Ltd/Fund Parent,INF0RQ622028,,,7189.781,804.61,INR,0.2,,,,{},2026-08-21 22:27:43.322310+00:00
c294b34c-52db-473f-a501-bab90a3ed4f1,c20da3cb-ea77-41a7-ba29-b756d147545a,7d4319bb-5720-48d8-90f3-08c984fecd89,SBI Funds Management Pvt Ltd/Fund Parent,INF0RQ622028,,,2979.151,333.4,INR,0.57,,,,{},2026-08-21 22:27:43.322310+00:00
0b7f6e1f-3295-4910-a72f-bdb2f3af94fd,8b56b530-dda6-4d7c-a6eb-67eb77c3f745,7d4319bb-5720-48d8-90f3-08c984fecd89,SBI Funds Management Pvt Ltd/Fund Parent,INF0RQ622028,,,39827.285,4394.79,INR,0.28,,,,{},2026-08-21 22:27:51.606989+00:00
25e1c87d-da66-4762-a72e-4c97ae162ede,24f3a0fc-db4e-4f5d-8ce3-0f1220c49f68,7d4319bb-5720-48d8-90f3-08c984fecd89,SBI Funds Management Pvt Ltd/Fund Parent,INF0RQ622028,,,7339.134,809.85,INR,0.0024,,,,{},2026-08-21 22:27:51.606989+00:00
80d43f80-0a87-4456-a149-d88c44b64475,3f0dc69d-77d4-4cd8-952c-3813c4871125,7d4319bb-5720-48d8-90f3-08c984fecd89,SBI Funds Management Pvt Ltd/Fund Parent,INF0RQ622028,,,585.071,64.56,INR,0.31,,,,{},2026-08-21 22:27:51.606989+00:00
60afaf57-e5a6-4e7c-a45b-734f81334a6a,511ec12d-ac26-4a9e-8dea-2b7aa7bf934a,cbb5e1eb-bc8d-4ddd-9195-fe8ac530a118,Macaulay Duration,2.46,,,,,INR,,,,,{},2026-08-21 22:27:51.606989+00:00
2b4736a0-fbf7-4208-981f-8017d9c69f83,683857a7-d74e-4bd0-a718-e5a298157857,7d4319bb-5720-48d8-90f3-08c984fecd89,SBI Funds Management Pvt Ltd/Fund Parent,INF0RQ622028,,,13340.083,1472.03,INR,0.35,,,,{},2026-08-21 22:27:51.606989+00:00
90625dfb-dbdd-4151-a707-1c96cd2dcebb,8f176ebf-b1bd-4696-90e4-be5da4bb63b6,7d4319bb-5720-48d8-90f3-08c984fecd89,SBI Funds Management Pvt Ltd/Fund Parent,INF0RQ622028,,,7606.106,839.31,INR,0.27,,,,{},2026-08-21 22:27:51.606989+00:00
b6855f29-f256-47a6-a269-0df66e7fb53c,8f176ebf-b1bd-4696-90e4-be5da4bb63b6,f383e14f-32ac-41ea-8ecd-e62f63616a68,"As on March 31, 2025, the aggregate investments by the schemes of DSP Mutual Fund in DSP Short Term Fund is ₹ 25,065.70  Lakhs.",,,,,,INR,,,,,{},2026-08-21 22:27:51.606989+00:00
bd97cefa-5ee8-40bd-afcb-34266c04e78d,c59f97f8-48fe-49b2-9b93-c9d26f4d00ac,7d4319bb-5720-48d8-90f3-08c984fecd89,SBI Funds Management Pvt Ltd/Fund Parent,INF0RQ622028,,,4556.045,502.74,INR,0.33,,,,{},2026-08-21 22:27:51.606989+00:00
c2eef173-cfd0-4bb5-ad81-ea8b9f70d655,2fae2a62-d20d-47ce-afa9-2db98b06ad1a,7d4319bb-5720-48d8-90f3-08c984fecd89,SBI Funds Management Pvt Ltd/Fund Parent,INF0RQ622028,,,948.296,104.64,INR,0.0034,,,,{},2026-08-21 22:27:51.606989+00:00
57bba2d7-8a32-4b34-8ec7-348f86329cad,2ff0c7b5-ec0f-4371-8afe-61a4b7224117,7d4319bb-5720-48d8-90f3-08c984fecd89,SBI Funds Management Pvt Ltd/Fund Parent,INF0RQ622028,,,11892.01,1312.24,INR,0.3,,,,{},2026-08-21 22:27:51.606989+00:00
424e87c4-0251-4b08-a133-a43e7f166771,2ff0c7b5-ec0f-4371-8afe-61a4b7224117,60a27d04-5f8a-46a9-9f9d-a3e4ba4279a9,"As on March 31, 2025, the aggregate investments by the schemes of DSP Mutual Fund in DSP Savings Fund is  ₹ 70,294.96 Lakhs.",,,,,,INR,,,,,{},2026-08-21 22:27:51.606989+00:00
81e80f5c-1229-4d98-b88f-0cb244393f06,d261d9a5-22b9-44ab-98da-1f68d27ac487,7d4319bb-5720-48d8-90f3-08c984fecd89,SBI Funds Management Pvt Ltd/Fund Parent,INF0RQ622028,,,501.975,55.39,INR,0.0034,,,,{},2026-08-21 22:27:51.606989+00:00
fe5ab5eb-7cef-4571-988f-52153f45778b,a14edabe-48d2-4c76-9f14-b97545126ba4,7d4319bb-5720-48d8-90f3-08c984fecd89,SBI Funds Management Pvt Ltd/Fund Parent,INF0RQ622028,,,6618.369,730.31,INR,0.27,,,,{},2026-08-21 22:27:51.606989+00:00
ca94e583-1c96-4d09-bf36-4711c92bb472,223147c2-8b24-45da-8811-fc97b939fe42,7d4319bb-5720-48d8-90f3-08c984fecd89,SBI Funds Management Pvt Ltd/Fund Parent,INF0RQ622028,,,7189.781,793.37,INR,0.23,,,,{},2026-08-21 22:27:51.606989+00:00
4df95ee4-28eb-4901-8325-b704e5e35c9b,223147c2-8b24-45da-8811-fc97b939fe42,f3797fec-a520-4f5a-ac67-080039a8ba9b,"As on March 31, 2025, the aggregate investments by the schemes of DSP Mutual Fund in DSP Banking and PSU Debt Fund is  ₹ 5,330.18 Lakhs.",,,,,,INR,,,,,{},2026-08-21 22:27:51.606989+00:00
74c0c93c-7b60-4c6a-b1c8-7bf1392ef4d0,a86a1ca2-80e9-41a1-a8d8-b1e2afb0159c,7d4319bb-5720-48d8-90f3-08c984fecd89,SBI Funds Management Pvt Ltd/Fund Parent,INF0RQ622028,,,2979.151,328.74,INR,0.61,,,,{},2026-08-21 22:27:51.606989+00:00
d1832c90-9e4d-49fc-85a1-cfd0397d95de,b1052d40-184f-42f5-bbef-a63f027d6945,7d4319bb-5720-48d8-90f3-08c984fecd89,SBI Funds Management Pvt Ltd/Fund Parent,INF0RQ622028,,,41915.345,4889.7,INR,0.23,,,,{},2026-08-21 22:28:00.333201+00:00
93821da6-b70a-4117-9ccf-a7de5f60b346,348cd817-ed9d-4b14-adb4-bfcf239878c5,7d4319bb-5720-48d8-90f3-08c984fecd89,SBI Funds Management Pvt Ltd/Fund Parent,INF0RQ622028,,,9593.263,1119.12,INR,0.003,,,,{},2026-08-21 22:28:00.333201+00:00
d91b2a26-ed3b-40aa-9d2a-2760f8d8b932,363fcd54-58de-409c-83a1-9307268d95ae,7d4319bb-5720-48d8-90f3-08c984fecd89,SBI Funds Management Pvt Ltd/Fund Parent,INF0RQ622028,,,585.071,68.25,INR,0.3,,,,{},2026-08-21 22:28:00.333201+00:00
37aaeb63-6f4c-4584-a095-30a96934e2da,ecb4bb92-5882-4d2e-9e2b-ca052ad8c22a,7d4319bb-5720-48d8-90f3-08c984fecd89,SBI Funds Management Pvt Ltd/Fund Parent,INF0RQ622028,,,15090.147,1760.37,INR,0.31,,,,{},2026-08-21 22:28:00.333201+00:00
2da2498f-764e-4cd0-b15f-48a435e76af9,e687fca2-57d4-4be7-bd32-c155ca522388,7d4319bb-5720-48d8-90f3-08c984fecd89,SBI Funds Management Pvt Ltd/Fund Parent,INF0RQ622028,,,9513.143,1109.77,INR,0.3,,,,{},2026-08-21 22:28:00.333201+00:00
96214df7-2826-4d1e-818f-ae23acafca84,e687fca2-57d4-4be7-bd32-c155ca522388,f7a2697e-add7-4b1a-b17e-c471cb46e62b,"As on February 28, 2026, the aggregate investments by the schemes of DSP Mutual Fund in DSP Short Term Fund is ₹ 50,552.88 Lakhs.",,,,,,INR,,,,,{},2026-08-21 22:28:00.333201+00:00
82baaf36-ed15-4f79-977c-865bad86a0dd,6b5d2872-40b1-4bb7-a0c1-e5368cadff36,7d4319bb-5720-48d8-90f3-08c984fecd89,SBI Funds Management Pvt Ltd/Fund Parent,INF0RQ622028,,,4556.045,531.49,INR,0.6,,,,{},2026-08-21 22:28:00.333201+00:00
175e7821-fe75-4a0d-93b3-52c05413dc62,62889a4c-18a0-4360-a661-25a9cd03d7e3,7d4319bb-5720-48d8-90f3-08c984fecd89,SBI Funds Management Pvt Ltd/Fund Parent,INF0RQ622028,,,948.296,110.63,INR,0.0036,,,,{},2026-08-21 22:28:00.333201+00:00
ceb50e1c-40bc-4de4-b51c-4eecbf42d1da,05476498-9a2a-47cb-89a9-1eb58ac325c0,e56d7844-cc9b-41e0-9853-94bd5618becd,"As on February 28, 2026, the aggregate investments by the schemes of DSP Mutual Fund in DSP Nifty50 Equal Weight ETF is ₹  14,084.88 Lakhs.",,,,,,INR,,,,,{},2026-08-21 22:28:00.333201+00:00
aa9e165a-0f63-494c-bf4c-9945aa15d67a,13b8de8d-e3b3-4382-b444-3edfcab4947a,7d4319bb-5720-48d8-90f3-08c984fecd89,SBI Funds Management Pvt Ltd/Fund Parent,INF0RQ622028,,,20285.9,2366.49,INR,0.28,,,,{},2026-08-21 22:28:00.333201+00:00
73345f5d-8de2-4d12-a293-329b4e6abadc,13b8de8d-e3b3-4382-b444-3edfcab4947a,1fd4ebda-e3fa-40e7-a3a2-b1670185c9a1,"As on February 28, 2026, the aggregate investments by the schemes of DSP Mutual Fund in DSP Savings Fund is  ₹  70,772.63 Lakhs.",,,,,,INR,,,,,{},2026-08-21 22:28:00.333201+00:00
7d0c1ae1-81ce-44ce-8c12-3a27b41d3380,df12f86f-e985-4385-adc3-77b0d98a2837,7d4319bb-5720-48d8-90f3-08c984fecd89,SBI Funds Management Pvt Ltd/Fund Parent,INF0RQ622028,,,501.975,58.56,INR,0.0032,,,,{},2026-08-21 22:28:00.333201+00:00
b8ac24fd-d191-4e02-b016-f3f679648952,10ad78f2-1f9e-475e-b925-9a73a663204d,7d4319bb-5720-48d8-90f3-08c984fecd89,SBI Funds Management Pvt Ltd/Fund Parent,INF0RQ622028,,,8273.548,965.16,INR,0.28,,,,{},2026-08-21 22:28:00.333201+00:00
c50ac3a7-2d30-42a1-9e1a-389333075b90,22f1b15b-1c63-413c-93c9-0f8fe5271517,7d4319bb-5720-48d8-90f3-08c984fecd89,SBI Funds Management Pvt Ltd/Fund Parent,INF0RQ622028,,,10095.756,1177.74,INR,0.33,,,,{},2026-08-21 22:28:00.333201+00:00
c98f9c8a-1342-43da-9dd0-b8b560d607ce,22f1b15b-1c63-413c-93c9-0f8fe5271517,81dcba6e-1cdf-47a2-86e7-c86f1b36a6ef,"As on February 28, 2026, the aggregate investments by the schemes of DSP Mutual Fund in DSP Banking and PSU Debt Fund is  ₹ 78,480.48 Lakhs.",,,,,,INR,,,,,{},2026-08-21 22:28:00.333201+00:00
8d6fce28-ae74-4c60-a6c9-7d33bcdba3bf,6d337ab4-dfda-4814-8448-4293ef1bd14a,7d4319bb-5720-48d8-90f3-08c984fecd89,SBI Funds Management Pvt Ltd/Fund Parent,INF0RQ622028,,,2979.151,347.54,INR,0.85,,,,{},2026-08-21 22:28:00.333201+00:00
46890d00-e679-46c6-814d-f6cfc185ed1c,e1bc241b-d20f-4365-8f21-1dc8bae4ddc8,6e196550-daa4-4c74-b266-558d56843bf9,"As on February 28, 2026, the aggregate investments by the schemes of DSP Mutual Fund in DSP Nifty50 Equal Weight ETF is ₹ 2,300.06 Lakhs.",,,,,,INR,,,,,{},2026-08-21 22:28:00.333201+00:00
0337dece-c6ca-4f66-862f-7312a5d884ec,72f4660f-ce7d-4015-b9bf-90c9545964d8,0cf16d98-daa2-4fdb-a3d8-a05d168d25dc,Benchmark Riskometer: CRISIL Ultra Short Duration Fund B-I Index,,,,,,INR,,,,,{},2026-08-21 22:28:08.968230+00:00
3ca093e4-fe19-43e8-b6cb-416583ec76af,c5003a7c-0c45-4124-b5df-d5bd44e717c2,c9d51a71-01fe-430c-97b2-4278a5a7f895,Benchmark Riskometer: CRISIL Credit Risk Fund C-III Index,,,,,,INR,,,,,{},2026-08-21 22:28:08.968230+00:00
662e14a0-5d80-4fde-9bfe-fdfb1834ac39,747f0fcc-ce06-4ab5-9271-c5ba2b44b863,7d4319bb-5720-48d8-90f3-08c984fecd89,SBI Funds Management Pvt Limited/Fund Parent,INF0RQ622028,,,501.975,59.99,INR,0.34,,,,{},2026-08-21 22:42:56.887115+00:00
bfd04037-dfab-49d8-a650-5800ffeae788,2ad65a8e-3555-40c1-9ca6-97884b00c34a,7d4319bb-5720-48d8-90f3-08c984fecd89,SBI Funds Management Pvt Limited/Fund Parent,INF0RQ622028,,,8273.548,988.67,INR,0.34,,,,{},2026-08-21 22:42:56.887115+00:00
529b626f-e75b-4ee9-862e-db488fd4db99,511ec12d-ac26-4a9e-8dea-2b7aa7bf934a,cbb5e1eb-bc8d-4ddd-9195-fe8ac530a118,Residual Maturity,2.73,,,,,INR,,,,,{},2026-08-21 22:27:51.606989+00:00
da24f6c5-1e69-42fa-afd7-6464866af746,af6f2338-c688-4c43-93d5-870387f1df30,7d4319bb-5720-48d8-90f3-08c984fecd89,SBI Funds Management Pvt Limited/Fund Parent,INF0RQ622028,,,10095.756,1206.42,INR,0.36,,,,{},2026-08-21 22:42:56.887115+00:00
ad2ac764-93c9-456b-8aa7-7d025e69be8d,738d57fd-edc5-4c8a-bc69-230fd3097399,7d4319bb-5720-48d8-90f3-08c984fecd89,SBI Funds Management Pvt Limited/Fund Parent,INF0RQ622028,,,2979.151,356.0,INR,1.08,,,,{},2026-08-21 22:42:56.887115+00:00
3bdc9f9f-8188-4a1e-ad37-05530ed605cc,511ec12d-ac26-4a9e-8dea-2b7aa7bf934a,cbb5e1eb-bc8d-4ddd-9195-fe8ac530a118,As on (Date),2025-03-31 00:00:00,,,,,INR,,,,,{},2026-08-21 22:27:51.606989+00:00
6ca92fd9-645d-4278-a945-cbb99cc55e43,5e6bb806-3a25-46df-9b32-afb86cc10ffd,392b70af-917e-4818-860c-aceedef34b2a,TREPS-17012022,IDIA00267253,,,,3803400000.0,INR,2.7076273758357647,,,,{},2026-08-21 22:47:26.374169+00:00
3b0f0be9-ff59-4653-bc6a-1bff076757f8,5e6bb806-3a25-46df-9b32-afb86cc10ffd,83f6fafc-ecdc-4ce0-b630-f4e375873397,TREPS-17012022 T+1,IDIA00267340,,,,5400000.0,INR,0.0038442414233352076,,,,{},2026-08-21 22:47:26.374169+00:00
a316c134-bc45-49f8-a253-fbe479906685,363fcd54-58de-409c-83a1-9307268d95ae,cbb5e1eb-bc8d-4ddd-9195-fe8ac530a118,Residual Maturity,2.97,,,,,INR,,,,,{},2026-08-21 22:28:00.333201+00:00
5d154b2b-ab58-40be-9e51-2103ce081f44,38fa3ca6-1f96-4d75-ac3c-b52900342b13,392b70af-917e-4818-860c-aceedef34b2a,TREPS-17012022,IDIA00267253,,,,2067800000.0,INR,0.5688032592926009,,,,{},2026-08-21 22:47:26.374169+00:00
fb52c984-38dd-4a19-91a3-c6d51ebed98b,38fa3ca6-1f96-4d75-ac3c-b52900342b13,a6bfa30c-85cb-4c41-8b20-d83f972fbf8b,TREPS-19012022,IDIA00267255,,,,9998117300.0,INR,2.750247464469358,,,,{},2026-08-21 22:47:26.374169+00:00
f0710d24-ecd9-4105-99a5-32cf535a979b,38fa3ca6-1f96-4d75-ac3c-b52900342b13,a82fa7d2-5a23-47f5-8c29-e2e5f8ec8768,TREPS-28012022,IDIA00267264,,,,8022466751.91,INR,2.206792357120095,,,,{},2026-08-21 22:47:26.374169+00:00
1d5fba94-0603-420e-8bf4-3eb88a440e92,38fa3ca6-1f96-4d75-ac3c-b52900342b13,ee293902-f816-48cd-8243-320b97786614,TREPS-31012022,IDIA00267267,,,,14980205700.0,INR,4.120703079134151,,,,{},2026-08-21 22:47:26.374169+00:00
17da0646-80e5-4232-991a-99c26a5d467c,38fa3ca6-1f96-4d75-ac3c-b52900342b13,83f6fafc-ecdc-4ce0-b630-f4e375873397,TREPS-17012022 T+1,IDIA00267340,,,,100600000.0,INR,0.027672699431683746,,,,{},2026-08-21 22:47:26.374169+00:00
bc5b7851-2634-45fd-a2c2-310175bec416,a985bef5-b297-456c-948a-b3f5bd1c61b7,392b70af-917e-4818-860c-aceedef34b2a,TREPS-17012022,IDIA00267253,,,,5108400000.0,INR,16.374042695005336,,,,{},2026-08-21 22:47:26.374169+00:00
364a9d0d-171d-43a3-92c2-81538142884c,a985bef5-b297-456c-948a-b3f5bd1c61b7,83f6fafc-ecdc-4ce0-b630-f4e375873397,TREPS-17012022 T+1,IDIA00267340,,,,1400000.0,INR,0.0044874441651020815,,,,{},2026-08-21 22:47:26.374169+00:00
a0e5108b-9c1f-48a0-b8bb-49700cb75053,abea3ff8-ce96-461c-af14-afd2f94dcadf,392b70af-917e-4818-860c-aceedef34b2a,TREPS-17012022,IDIA00267253,,,,118005300000.0,INR,87.017978,,,,{},2026-08-21 22:47:26.374169+00:00
36fd6fa2-42bc-4cbb-b25e-343f092e5032,abea3ff8-ce96-461c-af14-afd2f94dcadf,83f6fafc-ecdc-4ce0-b630-f4e375873397,TREPS-17012022 T+1,IDIA00267340,,,,34200000.0,INR,0.025219,,,,{},2026-08-21 22:47:26.374169+00:00
cd9ed9b5-dec8-436f-9412-814df3aac68f,e813191e-24b2-4863-b9d8-bc0155063785,392b70af-917e-4818-860c-aceedef34b2a,TREPS-17012022,IDIA00267253,,,,340100000.0,INR,3.2755176272116375,,,,{},2026-08-21 22:47:26.374169+00:00
9756e960-a9c3-47db-9e0a-a18574f03fe2,363fcd54-58de-409c-83a1-9307268d95ae,cbb5e1eb-bc8d-4ddd-9195-fe8ac530a118,As on (Date),2026-02-28 00:00:00,,,,,INR,,,,,{},2026-08-21 22:28:00.333201+00:00
714a3a87-6e6d-452f-86a6-2883f60c0ad8,b3c8b03a-9889-4260-a015-6747cc147590,be649145-fffe-416f-a889-521fc5330054,TREPS-29122023,IDIA00287121,,,,11771200000.0,INR,7.161955417350107,,,,{},2026-08-21 22:47:41.212308+00:00
dcbd1aef-06b7-4be9-bbd8-405fe00ca2fc,deb98325-1455-4142-bdee-b7897cc7c62d,01755f60-6483-42d3-994e-465ce4a1ce8f,Cash & Cash Equivalent,,,,,,INR,,,,,{},2026-08-21 22:27:51.606989+00:00
633e46b6-5f0a-4b96-99f9-6a2aa49a9b62,c013c858-d7e4-48e4-8885-935399840dd1,01755f60-6483-42d3-994e-465ce4a1ce8f,Cash & Cash Equivalent,,,,,,INR,,,,,{},2026-08-21 22:27:43.322310+00:00
d4188d60-25c9-45a2-abdc-21effda80806,fe1f8698-0748-4cdb-912f-70d58c45bb14,01755f60-6483-42d3-994e-465ce4a1ce8f,Cash & Cash Equivalent,,,,,,INR,,,,,{},2026-08-21 22:27:43.322310+00:00
f97e9cd9-ef4c-4ecd-aad1-ff5208d4b4c1,1babb57a-f7fc-4ba3-8269-4f334726dc7b,7d4319bb-5720-48d8-90f3-08c984fecd89,SBI Funds Management Pvt Ltd/Fund Parent,INF0RQ622028,,,28649.202,2970.07,INR,0.16,,,,{},2026-08-21 22:47:56.841927+00:00
78266a7f-3c70-42c3-af62-819ad440566c,8a5fff29-1787-41f7-a8a7-f43585cde4f2,7d4319bb-5720-48d8-90f3-08c984fecd89,SBI Funds Management Pvt Ltd/Fund Parent,INF0RQ622028,,,6679.76,692.49,INR,0.24,,,,{},2026-08-21 22:47:56.841927+00:00
83dc14f2-bec1-41fc-9b15-30f710212a05,23f1cccc-9625-422b-97b6-c927be51572b,7d4319bb-5720-48d8-90f3-08c984fecd89,SBI Funds Management Pvt Ltd/Fund Parent,INF0RQ622028,,,585.071,60.65,INR,0.32,,,,{},2026-08-21 22:47:56.841927+00:00
9b7f5066-54cf-42b9-818e-5fe57af752bb,621774cd-aad6-4f6e-b637-0d320be946c3,7d4319bb-5720-48d8-90f3-08c984fecd89,SBI Funds Management Pvt Ltd/Fund Parent,INF0RQ622028,,,11092.618,1149.97,INR,0.24,,,,{},2026-08-21 22:47:56.841927+00:00
8cce68e6-453c-45a9-9810-03c79a85b63e,5812c91a-00bb-4abc-9a01-e25f369536bd,7d4319bb-5720-48d8-90f3-08c984fecd89,SBI Funds Management Pvt Ltd/Fund Parent,INF0RQ622028,,,2397.625,248.56,INR,0.17,,,,{},2026-08-21 22:47:56.841927+00:00
57b4860b-08b4-4c1a-b3c6-9f7a6a01314e,e15d0b17-889e-4605-802b-c1e5e439ebdf,7d4319bb-5720-48d8-90f3-08c984fecd89,SBI Funds Management Pvt Ltd/Fund Parent,INF0RQ622028,,,7606.106,788.53,INR,0.24,,,,{},2026-08-21 22:47:56.841927+00:00
64131b9c-1a1f-449d-907f-75a25b044817,c82ccbc2-f363-4955-88d9-96af8656d8e3,7d4319bb-5720-48d8-90f3-08c984fecd89,SBI Funds Management Pvt Ltd/Fund Parent,INF0RQ622028,,,948.296,98.31,INR,0.26,,,,{},2026-08-21 22:47:56.841927+00:00
e89376ce-e8b7-494f-9336-1de005be28b0,8d568b47-a50b-4ad2-b8e7-3cc6a212500a,01755f60-6483-42d3-994e-465ce4a1ce8f,Cash & Cash Equivalent,,,,,,INR,,,,,{},2026-08-21 22:27:43.322310+00:00
6e81a419-7740-42b4-992b-03d7ea4330eb,2f586bfd-5d55-4adc-beb5-e4ed832ffcbc,7d4319bb-5720-48d8-90f3-08c984fecd89,SBI Funds Management Pvt Ltd/Fund Parent,INF0RQ622028,,,11892.01,1232.85,INR,0.27,,,,{},2026-08-21 22:47:56.841927+00:00
5db787ff-e035-4f0e-898a-f8535ade4c94,dbdb7794-627c-45b8-b5b9-b24c73dd9770,7d4319bb-5720-48d8-90f3-08c984fecd89,SBI Funds Management Pvt Ltd/Fund Parent,INF0RQ622028,,,501.975,52.04,INR,0.29,,,,{},2026-08-21 22:47:56.841927+00:00
a59c6dba-8ed7-4627-a8b6-7628c60297f6,b0ace126-fcdc-452a-94dd-d8b77ed9cb4d,7d4319bb-5720-48d8-90f3-08c984fecd89,SBI Funds Management Pvt Ltd/Fund Parent,INF0RQ622028,,,6618.369,686.13,INR,0.27,,,,{},2026-08-21 22:47:56.841927+00:00
02f91915-2580-4431-9ba1-68962bca663f,9629c1aa-c035-4c94-a9c4-f738eda2e623,7d4319bb-5720-48d8-90f3-08c984fecd89,SBI Funds Management Pvt Ltd/Fund Parent,INF0RQ622028,,,6269.987,650.01,INR,0.26,,,,{},2026-08-21 22:47:56.841927+00:00
4a8cc787-c367-4262-b296-2fa72cd4a572,944459e8-4524-4bf9-b641-05454418243d,7d4319bb-5720-48d8-90f3-08c984fecd89,SBI Funds Management Pvt Ltd/Fund Parent,INF0RQ622028,,,2979.151,308.85,INR,0.38,,,,{},2026-08-21 22:47:56.841927+00:00
accc73f6-7e01-41f8-bf5f-1a95cc0961d7,e65162bc-30e3-4c70-a364-2d29398aeef6,01755f60-6483-42d3-994e-465ce4a1ce8f,Cash & Cash Equivalent,,,,,,INR,,,,,{},2026-08-21 22:27:43.322310+00:00
1a4dbd60-77ff-48a9-a76c-335b2d44a636,8dcc94b2-7f90-4baf-88f5-814ee13f6cc5,01755f60-6483-42d3-994e-465ce4a1ce8f,Cash & Cash Equivalent,,,,,,INR,,,,,{},2026-08-21 22:27:43.322310+00:00
7d557228-ca6c-4fe0-9182-1fb91771097c,f8afd568-b109-44ac-ba3e-5225892fef9f,01755f60-6483-42d3-994e-465ce4a1ce8f,Cash & Cash Equivalent,,,,,,INR,,,,,{},2026-08-21 22:28:08.968230+00:00
0d47f076-0191-429b-9d28-dae5801c95bd,2663f05d-b3bd-4f5d-be47-2ab33a519e02,01755f60-6483-42d3-994e-465ce4a1ce8f,Cash & Cash Equivalent,,,,,,INR,,,,,{},2026-08-21 22:28:00.333201+00:00
9c4c83d0-0ccd-4bde-bb2b-05d255ea0078,22f1b15b-1c63-413c-93c9-0f8fe5271517,01755f60-6483-42d3-994e-465ce4a1ce8f,Cash & Cash Equivalent,,,,,,INR,,,,,{},2026-08-21 22:28:00.333201+00:00
32822fb0-8639-42bb-8ecb-4812fbbf77d8,62889a4c-18a0-4360-a661-25a9cd03d7e3,01755f60-6483-42d3-994e-465ce4a1ce8f,Cash & Cash Equivalent,,,,,,INR,,,,,{},2026-08-21 22:28:00.333201+00:00
57999ece-19b9-4d5f-9695-793542bfb96b,bf03b6d4-f183-4273-9233-2f464066a549,01755f60-6483-42d3-994e-465ce4a1ce8f,Cash & Cash Equivalent,,,,,,INR,,,,,{},2026-08-21 22:27:51.606989+00:00
509dd3cc-2e8f-4191-a4e6-9bb069864e6f,a14edabe-48d2-4c76-9f14-b97545126ba4,01755f60-6483-42d3-994e-465ce4a1ce8f,Cash & Cash Equivalent,,,,,,INR,,,,,{},2026-08-21 22:27:51.606989+00:00
de2d01f3-4ed8-46a7-8154-a82a2b986aab,c59f97f8-48fe-49b2-9b93-c9d26f4d00ac,01755f60-6483-42d3-994e-465ce4a1ce8f,Cash & Cash Equivalent,,,,,,INR,,,,,{},2026-08-21 22:27:51.606989+00:00
86fcbc24-8635-4580-ba30-b3c9675db522,55df5828-c524-4541-8a1b-61cc569d40aa,05889add-3287-43d5-8d87-fd351e4dac55,TREPS / Reverse Repo Investment,,,,,5052.17,INR,4.07,,,,{},2026-08-21 22:48:03.398021+00:00
71696fa8-059b-4321-beaf-4cb5c2687c2e,95f3f344-e673-408d-980a-027c67f8eaa3,01755f60-6483-42d3-994e-465ce4a1ce8f,Cash & Cash Equivalent,,,,,,INR,,,,,{},2026-08-21 22:27:43.322310+00:00
1729dcf9-fde9-4842-a449-91e9ccca9654,3c12aae2-e082-454a-89af-a209fca81a03,01755f60-6483-42d3-994e-465ce4a1ce8f,Cash & Cash Equivalent,,,,,,INR,,,,,{},2026-08-21 22:27:43.322310+00:00
47849a93-52d2-453c-ac7a-05db6162895f,c4b41062-b693-4720-a056-1c792a56e78a,7d4319bb-5720-48d8-90f3-08c984fecd89,SBI Funds Management Pvt Ltd/Fund Parent,INF0RQ622028,,,27963.702,2877.01,INR,0.23,,,,{},2026-08-21 22:48:03.398021+00:00
b16b62cb-be1a-4595-8e5b-c480791176a7,56828064-eb36-4ae4-b605-a74edb13d23a,7d4319bb-5720-48d8-90f3-08c984fecd89,SBI Funds Management Pvt Ltd/Fund Parent,INF0RQ622028,,,6440.747,662.65,INR,0.25,,,,{},2026-08-21 22:48:03.398021+00:00
3f722130-a3b0-4725-bcf2-bee834d9aace,c3b16456-7ae8-4822-9cab-22e3c2121826,7d4319bb-5720-48d8-90f3-08c984fecd89,SBI Funds Management Pvt Ltd/Fund Parent,INF0RQ622028,,,585.071,60.19,INR,0.31,,,,{},2026-08-21 22:48:03.398021+00:00
98337641-f2b0-40ec-975c-6e2b8c1aa9a7,b366c1a2-eda8-4d10-92d6-667db97e46b2,01755f60-6483-42d3-994e-465ce4a1ce8f,Cash & Cash Equivalent,,,,,,INR,,,,,{},2026-08-21 22:27:43.322310+00:00
8723e413-02fd-4be2-9ebe-09b341d64112,77329509-88bf-4dce-b097-2f2bb4147ec8,7d4319bb-5720-48d8-90f3-08c984fecd89,SBI Funds Management Pvt Ltd/Fund Parent,INF0RQ622028,,,8660.567,891.03,INR,0.2,,,,{},2026-08-21 22:48:03.398021+00:00
43c5359d-a389-4ea9-a1b7-e1c3f2cd1ebf,6f1dfe4e-e2e2-468e-b0a9-788786e8cba2,7d4319bb-5720-48d8-90f3-08c984fecd89,SBI Funds Management Pvt Ltd/Fund Parent,INF0RQ622028,,,7606.106,782.55,INR,0.28,,,,{},2026-08-21 22:48:03.398021+00:00
083006bf-705b-4f9d-be51-57aed1fc2fe4,60d83955-6246-46b6-a768-943ad3e2334f,7d4319bb-5720-48d8-90f3-08c984fecd89,SBI Funds Management Pvt Ltd/Fund Parent,INF0RQ622028,,,2168.316,223.08,INR,0.23,,,,{},2026-08-21 22:48:03.398021+00:00
c6a27f9e-4a4c-45e1-8c4b-5a14d608a006,7f6be337-e991-4ad9-b477-23351f704f03,7d4319bb-5720-48d8-90f3-08c984fecd89,SBI Funds Management Pvt Ltd/Fund Parent,INF0RQ622028,,,868.528,89.36,INR,0.23,,,,{},2026-08-21 22:48:03.398021+00:00
86431e72-e844-4124-92bc-0c83f2a09991,9a2504d9-4f1a-4536-be0b-ad51d95213d1,7d4319bb-5720-48d8-90f3-08c984fecd89,SBI Funds Management Pvt Ltd/Fund Parent,INF0RQ622028,,,10716.354,1102.54,INR,0.23,,,,{},2026-08-21 22:48:03.398021+00:00
61a2f05a-f321-4c1e-b66e-8d12df4ba502,e26b38c7-d6d6-4d2a-822c-edd34c51f4cc,7d4319bb-5720-48d8-90f3-08c984fecd89,SBI Funds Management Pvt Ltd/Fund Parent,INF0RQ622028,,,501.975,51.65,INR,0.3,,,,{},2026-08-21 22:48:03.398021+00:00
502b4d76-6bb0-4300-a033-d8043dcf66e6,a9af8c7f-a8f1-4bb3-8bef-80950da7e376,7d4319bb-5720-48d8-90f3-08c984fecd89,SBI Funds Management Pvt Ltd/Fund Parent,INF0RQ622028,,,6618.369,680.92,INR,0.26,,,,{},2026-08-21 22:48:03.398021+00:00
cf17ee7a-e591-4214-85f2-c80cd37829fe,63b0af0b-1ac6-4a89-b9b5-7a3d8c5027dc,7d4319bb-5720-48d8-90f3-08c984fecd89,SBI Funds Management Pvt Ltd/Fund Parent,INF0RQ622028,,,6269.987,645.08,INR,0.27,,,,{},2026-08-21 22:48:03.398021+00:00
d18df2d3-5426-481b-89f5-54356ce86cc0,b8c653d4-7763-4dcc-ad36-09a25a4d23f9,7d4319bb-5720-48d8-90f3-08c984fecd89,SBI Funds Management Pvt Ltd/Fund Parent,INF0RQ622028,,,2979.151,306.51,INR,0.35,,,,{},2026-08-21 22:48:03.398021+00:00
a8018e46-8130-4a91-a8aa-cfc28a089baa,3c4ba2c3-cde8-4a86-b6da-3543dcd565d8,48d8db2d-962d-46a1-ac8a-e0b264ba03e9,TREPS / Reverse Repo Investments,,,,,39.3,INR,0.06,,,,{},2026-08-21 22:48:03.398021+00:00
b1375c2c-4a48-4d7f-b004-27b0f8ab70a8,3c4ba2c3-cde8-4a86-b6da-3543dcd565d8,48d8db2d-962d-46a1-ac8a-e0b264ba03e9,TREPS / Reverse Repo Investments,,,,,21.07,INR,0.18,,,,{},2026-08-21 22:48:03.398021+00:00
956c33c0-6cee-4743-be4c-0af30090a738,758dc4b4-2be6-475f-9ab6-20e16ebf029a,48d8db2d-962d-46a1-ac8a-e0b264ba03e9,TREPS / Reverse Repo Investments,,,,,430.95,INR,1.22,,,,{},2026-08-21 22:48:03.398021+00:00
e114051e-7ee6-4ea8-a200-aa244c15547d,3d3d190e-5154-4cd4-ad14-ee3563431a6c,48d8db2d-962d-46a1-ac8a-e0b264ba03e9,TREPS / Reverse Repo Investments,,,,,162.18,INR,2.47,,,,{},2026-08-21 22:48:03.398021+00:00
bea1cdbe-81cc-4d01-a4ee-26f41a049024,3c4ba2c3-cde8-4a86-b6da-3543dcd565d8,48d8db2d-962d-46a1-ac8a-e0b264ba03e9,TREPS / Reverse Repo Investments,,,,,31.95,INR,0.18,,,,{},2026-08-21 22:48:03.398021+00:00
a07e086f-4fc9-48f7-ab7c-85b57701c6de,3e0e4d3d-45ad-4f7c-ba31-4d41dd50ebaa,01755f60-6483-42d3-994e-465ce4a1ce8f,Cash & Cash Equivalent,,,,,,INR,,,,,{},2026-08-21 22:27:43.322310+00:00
dc71862a-d152-4a1d-84af-dbef56f8a074,dead7470-4f29-4afc-8b73-40d16e6240a4,01755f60-6483-42d3-994e-465ce4a1ce8f,Cash & Cash Equivalent,,,,,,INR,,,,,{},2026-08-21 22:28:08.968230+00:00
bbebb8d2-0f53-4d12-943b-c8d91364f987,4591cbcb-c2d0-47ff-b9f1-081edb7b0bf4,01755f60-6483-42d3-994e-465ce4a1ce8f,Cash & Cash Equivalent,,,,,,INR,,,,,{},2026-08-21 22:28:08.968230+00:00
7e7b3aa4-9949-4cec-826d-4d7e28dd412f,066246e5-9f5f-4ddd-8f0a-5a6cb36e2c5d,01755f60-6483-42d3-994e-465ce4a1ce8f,Cash & Cash Equivalent,,,,,,INR,,,,,{},2026-08-21 22:28:00.333201+00:00
208a0ada-a4a0-47f3-be89-c915d64a49dd,12639e2c-ae37-48bd-b977-7c0e1a8965e1,01755f60-6483-42d3-994e-465ce4a1ce8f,Cash & Cash Equivalent,,,,,,INR,,,,,{},2026-08-21 22:28:00.333201+00:00
22a1d289-21cf-46f3-ae6a-dc9fbbed523a,39d85bfb-703d-4abd-9904-af0019204b9d,01755f60-6483-42d3-994e-465ce4a1ce8f,Cash & Cash Equivalent,,,,,,INR,,,,,{},2026-08-21 22:28:00.333201+00:00
f9b07772-4ccf-4352-86d8-5f902ac3a799,bd316754-25a2-41c4-a71b-7c96c68bc2c4,01755f60-6483-42d3-994e-465ce4a1ce8f,Cash & Cash Equivalent,,,,,,INR,,,,,{},2026-08-21 22:28:00.333201+00:00
d719513d-c9a8-4aca-947d-1f31739ebe4e,df12f86f-e985-4385-adc3-77b0d98a2837,01755f60-6483-42d3-994e-465ce4a1ce8f,Cash & Cash Equivalent,,,,,,INR,,,,,{},2026-08-21 22:28:00.333201+00:00
d9a7bbb7-66a0-4aa7-bf6a-c47dfbba015b,f3c71637-8fce-4289-89a6-119fb8881fb8,01755f60-6483-42d3-994e-465ce4a1ce8f,Cash & Cash Equivalent,,,,,,INR,,,,,{},2026-08-21 22:27:51.606989+00:00
5a6cd472-09eb-4784-90e9-965790d3aece,b621384d-63bb-4bc1-abfe-83c12ee24091,01755f60-6483-42d3-994e-465ce4a1ce8f,Cash & Cash Equivalent,,,,,,INR,,,,,{},2026-08-21 22:27:51.606989+00:00
6a743c7f-1975-42ee-b252-df68f6933d9c,2ff0c7b5-ec0f-4371-8afe-61a4b7224117,01755f60-6483-42d3-994e-465ce4a1ce8f,Cash & Cash Equivalent,,,,,,INR,,,,,{},2026-08-21 22:27:51.606989+00:00
78c670c3-11a9-4b5e-8090-e896f169d87a,3f0dc69d-77d4-4cd8-952c-3813c4871125,01755f60-6483-42d3-994e-465ce4a1ce8f,Cash & Cash Equivalent,,,,,,INR,,,,,{},2026-08-21 22:27:51.606989+00:00
d78a2781-8caa-4da8-b3af-093e5cec3a03,4eb221fa-52ef-4da6-b995-36f34efa70f1,01755f60-6483-42d3-994e-465ce4a1ce8f,Cash & Cash Equivalent,,,,,,INR,,,,,{},2026-08-21 22:28:00.333201+00:00
9cf2ecc1-8c16-481a-91bf-d74095180780,511ec12d-ac26-4a9e-8dea-2b7aa7bf934a,01755f60-6483-42d3-994e-465ce4a1ce8f,Cash & Cash Equivalent,,,,,,INR,,,,,{},2026-08-21 22:27:51.606989+00:00
0bd4a772-3383-4019-9492-599a737cf180,dcf0a87e-d85b-4a7d-908b-f096a8532005,cbb5e1eb-bc8d-4ddd-9195-fe8ac530a118,Annualised Portfolio YTM*:,0.0744302968417632,,,,,INR,,,,,{},2026-08-21 22:28:08.968230+00:00
b2acb7c7-5c4b-44bd-9d85-9923a0ce99e2,dcf0a87e-d85b-4a7d-908b-f096a8532005,cbb5e1eb-bc8d-4ddd-9195-fe8ac530a118,Macaulay Duration,2.71906207379277,,,,,INR,,,,,{},2026-08-21 22:28:08.968230+00:00
3b993466-dcfd-4f51-83fc-e409f7b6ed0d,dcf0a87e-d85b-4a7d-908b-f096a8532005,cbb5e1eb-bc8d-4ddd-9195-fe8ac530a118,Residual Maturity,3.13458020726401,,,,,INR,,,,,{},2026-08-21 22:28:08.968230+00:00
e4cd1fd3-dae6-4733-8f4a-1bdeb50059e0,dcf0a87e-d85b-4a7d-908b-f096a8532005,cbb5e1eb-bc8d-4ddd-9195-fe8ac530a118,As on (Date),2023-04-30 00:00:00,,,,,INR,,,,,{},2026-08-21 22:28:08.968230+00:00
75260e76-f605-4446-ad8b-2c7d6de5dcf9,28b94171-7504-450a-a21a-c461e2063bb1,cbb5e1eb-bc8d-4ddd-9195-fe8ac530a118,Scheme Name:,Portfolio Information,,,,,INR,,,,,{},2026-08-21 22:28:08.968230+00:00
9112b77c-b85a-4302-994e-7b9ec7a7e089,28b94171-7504-450a-a21a-c461e2063bb1,cbb5e1eb-bc8d-4ddd-9195-fe8ac530a118,Description (if any),DSP Strategic Bond Fund,,,,,INR,,,,,{},2026-08-21 22:28:08.968230+00:00
106c31c8-f4d7-44ff-ba19-f0d188f521bf,28b94171-7504-450a-a21a-c461e2063bb1,cbb5e1eb-bc8d-4ddd-9195-fe8ac530a118,Annualised Portfolio YTM*:,0.0750370431936349,,,,,INR,,,,,{},2026-08-21 22:28:08.968230+00:00
34bac073-56e4-4620-8729-031f6a8c60e6,28b94171-7504-450a-a21a-c461e2063bb1,cbb5e1eb-bc8d-4ddd-9195-fe8ac530a118,Macaulay Duration,7.41197643786889,,,,,INR,,,,,{},2026-08-21 22:28:08.968230+00:00
df369e2b-e69f-4583-a148-f3c7a512fc78,28b94171-7504-450a-a21a-c461e2063bb1,cbb5e1eb-bc8d-4ddd-9195-fe8ac530a118,Residual Maturity,13.3396905640079,,,,,INR,,,,,{},2026-08-21 22:28:08.968230+00:00
be643057-f6bc-4e33-a26b-e0dd9b5dea35,28b94171-7504-450a-a21a-c461e2063bb1,cbb5e1eb-bc8d-4ddd-9195-fe8ac530a118,As on (Date),2023-04-30 00:00:00,,,,,INR,,,,,{},2026-08-21 22:28:08.968230+00:00
5f3df64a-adb5-46df-8612-8460895d0c99,9e677dec-6abf-4546-b55a-094e76b9fb18,cbb5e1eb-bc8d-4ddd-9195-fe8ac530a118,Scheme Name:,DSP Bond Fund,,,,,INR,,,,,{},2026-08-21 22:28:08.968230+00:00
30b44aa7-eed0-4774-ba10-49e690aa5cb2,9e677dec-6abf-4546-b55a-094e76b9fb18,cbb5e1eb-bc8d-4ddd-9195-fe8ac530a118,Annualised Portfolio YTM*:,0.0750920412814953,,,,,INR,,,,,{},2026-08-21 22:28:08.968230+00:00
3a02fabc-2988-4834-af06-fcd3623eac72,9e677dec-6abf-4546-b55a-094e76b9fb18,cbb5e1eb-bc8d-4ddd-9195-fe8ac530a118,Macaulay Duration,3.56069910100557,,,,,INR,,,,,{},2026-08-21 22:28:08.968230+00:00
67e30023-e3ca-4d2c-8ace-868e409a1063,9e677dec-6abf-4546-b55a-094e76b9fb18,cbb5e1eb-bc8d-4ddd-9195-fe8ac530a118,Residual Maturity,4.12297367665003,,,,,INR,,,,,{},2026-08-21 22:28:08.968230+00:00
f1e9a352-e796-4041-9221-ced8af909d5c,9e677dec-6abf-4546-b55a-094e76b9fb18,cbb5e1eb-bc8d-4ddd-9195-fe8ac530a118,As on (Date),2023-04-30 00:00:00,,,,,INR,,,,,{},2026-08-21 22:28:08.968230+00:00
f61ea800-b29c-4985-8d8d-4fd4847098ac,22643a51-52f7-491e-8402-99edcead8da8,cbb5e1eb-bc8d-4ddd-9195-fe8ac530a118,Scheme Name:,DSP Government Securities Fund,,,,,INR,,,,,{},2026-08-21 22:28:08.968230+00:00
c0b74f30-3aab-4ead-8a71-2c8a7fa2cd3f,22643a51-52f7-491e-8402-99edcead8da8,cbb5e1eb-bc8d-4ddd-9195-fe8ac530a118,Annualised Portfolio YTM*:,0.0732343642984447,,,,,INR,,,,,{},2026-08-21 22:28:08.968230+00:00
75fb04a1-6ed5-4dd5-8484-bf350a63104f,22643a51-52f7-491e-8402-99edcead8da8,cbb5e1eb-bc8d-4ddd-9195-fe8ac530a118,Macaulay Duration,4.61646014601336,,,,,INR,,,,,{},2026-08-21 22:28:08.968230+00:00
f330f223-149d-4ea2-aa21-db5769e874bc,22643a51-52f7-491e-8402-99edcead8da8,cbb5e1eb-bc8d-4ddd-9195-fe8ac530a118,Residual Maturity,7.2248907855629,,,,,INR,,,,,{},2026-08-21 22:28:08.968230+00:00
4883d8fa-7b0f-4872-b4a5-2f3f7a39172c,22643a51-52f7-491e-8402-99edcead8da8,cbb5e1eb-bc8d-4ddd-9195-fe8ac530a118,As on (Date),2023-04-30 00:00:00,,,,,INR,,,,,{},2026-08-21 22:28:08.968230+00:00
98b0808c-1bca-4b80-a168-7983f645569d,576d2fff-17f2-47c3-99b9-f157e45032ea,cbb5e1eb-bc8d-4ddd-9195-fe8ac530a118,Scheme Name:,DSP Savings Fund,,,,,INR,,,,,{},2026-08-21 22:28:08.968230+00:00
8ae2c4d6-0634-4c68-adeb-49b4da76a901,576d2fff-17f2-47c3-99b9-f157e45032ea,cbb5e1eb-bc8d-4ddd-9195-fe8ac530a118,Annualised Portfolio YTM*:,0.0743880834936264,,,,,INR,,,,,{},2026-08-21 22:28:08.968230+00:00
09fbf3a9-d6ff-4aa7-addf-9dbb3f61aeed,576d2fff-17f2-47c3-99b9-f157e45032ea,cbb5e1eb-bc8d-4ddd-9195-fe8ac530a118,Macaulay Duration,0.838201684979481,,,,,INR,,,,,{},2026-08-21 22:28:08.968230+00:00
01a7e79e-c326-49a6-9341-4ab5d6be197c,576d2fff-17f2-47c3-99b9-f157e45032ea,cbb5e1eb-bc8d-4ddd-9195-fe8ac530a118,Residual Maturity,0.841000898938929,,,,,INR,,,,,{},2026-08-21 22:28:08.968230+00:00
7ac52ac6-86c9-4f98-b831-688795b4e1b6,576d2fff-17f2-47c3-99b9-f157e45032ea,cbb5e1eb-bc8d-4ddd-9195-fe8ac530a118,As on (Date),2023-04-30 00:00:00,,,,,INR,,,,,{},2026-08-21 22:28:08.968230+00:00
abb49f81-0b04-4e69-9842-2d392ec7cd84,551a5203-3c95-4b5a-9daf-cf2a35524a63,cbb5e1eb-bc8d-4ddd-9195-fe8ac530a118,Scheme Name:,DSP Regular Savings Fund,,,,,INR,,,,,{},2026-08-21 22:28:08.968230+00:00
33ec50d1-0ddf-4e0b-85af-a9a8f1d6e20e,551a5203-3c95-4b5a-9daf-cf2a35524a63,cbb5e1eb-bc8d-4ddd-9195-fe8ac530a118,Annualised Portfolio YTM*:,0.0730919661876942,,,,,INR,,,,,{},2026-08-21 22:28:08.968230+00:00
132f0086-0ff0-40bb-980c-7b4bca0c97da,551a5203-3c95-4b5a-9daf-cf2a35524a63,cbb5e1eb-bc8d-4ddd-9195-fe8ac530a118,Macaulay Duration,2.21070740420482,,,,,INR,,,,,{},2026-08-21 22:28:08.968230+00:00
407a7567-1df5-4abc-b77f-b5974445af08,551a5203-3c95-4b5a-9daf-cf2a35524a63,cbb5e1eb-bc8d-4ddd-9195-fe8ac530a118,Residual Maturity,2.44005261303494,,,,,INR,,,,,{},2026-08-21 22:28:08.968230+00:00
42c3783c-ce9f-4cd9-83e2-6bf1e7cbb23b,551a5203-3c95-4b5a-9daf-cf2a35524a63,cbb5e1eb-bc8d-4ddd-9195-fe8ac530a118,As on (Date),2023-04-30 00:00:00,,,,,INR,,,,,{},2026-08-21 22:28:08.968230+00:00
adafe919-21f8-4d88-85bc-202d2a5fa6fa,b04e2240-e78a-4780-ae55-0f23beee477d,cbb5e1eb-bc8d-4ddd-9195-fe8ac530a118,Scheme Name:,DSP Corporate Bond Fund,,,,,INR,,,,,{},2026-08-21 22:28:08.968230+00:00
3d9a2bcb-cebf-4b60-bf8d-280d496b0e5c,b04e2240-e78a-4780-ae55-0f23beee477d,cbb5e1eb-bc8d-4ddd-9195-fe8ac530a118,Annualised Portfolio YTM*:,0.0739152091697595,,,,,INR,,,,,{},2026-08-21 22:28:08.968230+00:00
05fceacb-3e6e-4881-9429-22e15cb1903e,b04e2240-e78a-4780-ae55-0f23beee477d,cbb5e1eb-bc8d-4ddd-9195-fe8ac530a118,Macaulay Duration,3.3288427935095,,,,,INR,,,,,{},2026-08-21 22:28:08.968230+00:00
f34644f7-d4ed-4bb4-9643-8d0901ced793,b04e2240-e78a-4780-ae55-0f23beee477d,cbb5e1eb-bc8d-4ddd-9195-fe8ac530a118,Residual Maturity,3.80331469003929,,,,,INR,,,,,{},2026-08-21 22:28:08.968230+00:00
a072726e-6623-44ba-b3ed-d243591f3db6,b04e2240-e78a-4780-ae55-0f23beee477d,cbb5e1eb-bc8d-4ddd-9195-fe8ac530a118,As on (Date),2023-04-30 00:00:00,,,,,INR,,,,,{},2026-08-21 22:28:08.968230+00:00
a8b92d09-dd71-4ae1-a1dd-c7e48f33ba0c,ee7f77d7-6936-4d83-ba59-9e88403bb081,cbb5e1eb-bc8d-4ddd-9195-fe8ac530a118,Scheme Name:,DSP 10Y G-Sec Fund,,,,,INR,,,,,{},2026-08-21 22:28:08.968230+00:00
a33fddd1-3b15-47e2-83fb-cfadee6f0d9c,ee7f77d7-6936-4d83-ba59-9e88403bb081,cbb5e1eb-bc8d-4ddd-9195-fe8ac530a118,Annualised Portfolio YTM*:,0.0723853646357757,,,,,INR,,,,,{},2026-08-21 22:28:08.968230+00:00
2ad8bcec-95da-4320-9c55-6a10fd7b799f,ee7f77d7-6936-4d83-ba59-9e88403bb081,cbb5e1eb-bc8d-4ddd-9195-fe8ac530a118,Macaulay Duration,7.00373079423269,,,,,INR,,,,,{},2026-08-21 22:28:08.968230+00:00
9842da63-1464-495d-9990-dfc4ac1aea47,ee7f77d7-6936-4d83-ba59-9e88403bb081,cbb5e1eb-bc8d-4ddd-9195-fe8ac530a118,Residual Maturity,9.69217299093107,,,,,INR,,,,,{},2026-08-21 22:28:08.968230+00:00
c295871a-6c5f-462b-ad4c-359db7b7cd73,ee7f77d7-6936-4d83-ba59-9e88403bb081,cbb5e1eb-bc8d-4ddd-9195-fe8ac530a118,As on (Date),2023-04-30 00:00:00,,,,,INR,,,,,{},2026-08-21 22:28:08.968230+00:00
d04fc3e6-4d17-4d8d-80f7-b22c62fd5c4a,d752970f-f545-4c22-b17e-1cb88a905642,cbb5e1eb-bc8d-4ddd-9195-fe8ac530a118,Scheme Name:,DSP Overnight Fund,,,,,INR,,,,,{},2026-08-21 22:28:08.968230+00:00
ff16d438-0b7a-428f-91a3-b8db1fa5d058,d752970f-f545-4c22-b17e-1cb88a905642,cbb5e1eb-bc8d-4ddd-9195-fe8ac530a118,Annualised Portfolio YTM*:,0.0683332471991501,,,,,INR,,,,,{},2026-08-21 22:28:08.968230+00:00
0847cc74-6b99-46b7-9826-06f37a2d2a9c,d752970f-f545-4c22-b17e-1cb88a905642,cbb5e1eb-bc8d-4ddd-9195-fe8ac530a118,Macaulay Duration,0.00111960374547205,,,,,INR,,,,,{},2026-08-21 22:28:08.968230+00:00
ff52ee13-5935-4968-8cea-a5ad3275615c,d752970f-f545-4c22-b17e-1cb88a905642,cbb5e1eb-bc8d-4ddd-9195-fe8ac530a118,Residual Maturity,0.00642706643862646,,,,,INR,,,,,{},2026-08-21 22:28:08.968230+00:00
07ee5a23-a29d-4bd4-9199-5342ab4348b2,d752970f-f545-4c22-b17e-1cb88a905642,cbb5e1eb-bc8d-4ddd-9195-fe8ac530a118,As on (Date),2023-04-30 00:00:00,,,,,INR,,,,,{},2026-08-21 22:28:08.968230+00:00
5b5e2ce6-1a9e-496a-aed7-5d3231a7c21e,dead7470-4f29-4afc-8b73-40d16e6240a4,cbb5e1eb-bc8d-4ddd-9195-fe8ac530a118,Scheme Name:,DSP Nifty SDL Plus G-Sec Jun 2028,,,,,INR,,,,,{},2026-08-21 22:28:08.968230+00:00
68eb2270-ac24-4bfc-ad3e-ae38f36ecf54,dead7470-4f29-4afc-8b73-40d16e6240a4,cbb5e1eb-bc8d-4ddd-9195-fe8ac530a118,Annualised Portfolio YTM*:,0.0724573598735507,,,,,INR,,,,,{},2026-08-21 22:28:08.968230+00:00
37452f3b-1bb9-41ab-8838-0f132f1f5adf,dead7470-4f29-4afc-8b73-40d16e6240a4,cbb5e1eb-bc8d-4ddd-9195-fe8ac530a118,Macaulay Duration,3.88776350566954,,,,,INR,,,,,{},2026-08-21 22:28:08.968230+00:00
26e6a759-6977-4079-876b-731bf4e2d79a,dead7470-4f29-4afc-8b73-40d16e6240a4,cbb5e1eb-bc8d-4ddd-9195-fe8ac530a118,Residual Maturity,4.62495796939768,,,,,INR,,,,,{},2026-08-21 22:28:08.968230+00:00
91741133-f7cb-4f2b-8f01-4a31fac6824b,dead7470-4f29-4afc-8b73-40d16e6240a4,cbb5e1eb-bc8d-4ddd-9195-fe8ac530a118,As on (Date),2023-04-30 00:00:00,,,,,INR,,,,,{},2026-08-21 22:28:08.968230+00:00
ce93caaf-95aa-4544-8052-c26bcc5cb189,58a2a794-3677-48a2-a932-29a7511b4791,cbb5e1eb-bc8d-4ddd-9195-fe8ac530a118,Scheme Name:,DSP Crisil SDL Plus G-Sec Apr 2033 Index,,,,,INR,,,,,{},2026-08-21 22:28:08.968230+00:00
e926469c-d911-4d7d-b793-7a8708bb3576,58a2a794-3677-48a2-a932-29a7511b4791,cbb5e1eb-bc8d-4ddd-9195-fe8ac530a118,Annualised Portfolio YTM*:,0.0743550371168259,,,,,INR,,,,,{},2026-08-21 22:28:08.968230+00:00
f2d93fac-8e21-47d3-b455-9a164a9fa619,58a2a794-3677-48a2-a932-29a7511b4791,cbb5e1eb-bc8d-4ddd-9195-fe8ac530a118,Macaulay Duration,6.8783083300168,,,,,INR,,,,,{},2026-08-21 22:28:08.968230+00:00
c4ef3b70-1473-4ba0-912c-6115e64ae097,58a2a794-3677-48a2-a932-29a7511b4791,cbb5e1eb-bc8d-4ddd-9195-fe8ac530a118,Residual Maturity,9.50727339327127,,,,,INR,,,,,{},2026-08-21 22:28:08.968230+00:00
eeac9b47-a2a6-4bf2-9558-f40f2c71a45f,238fc44a-9b8a-44b9-be62-eab288fa9118,cbb5e1eb-bc8d-4ddd-9195-fe8ac530a118,Scheme Name:,DSP Nifty SDL Plus G-Sec Sep 2027 50:50 Index Fund,,,,,INR,,,,,{},2026-08-21 22:28:08.968230+00:00
065ee7af-cabe-4eb7-8bf4-7a6d7f3ef601,238fc44a-9b8a-44b9-be62-eab288fa9118,cbb5e1eb-bc8d-4ddd-9195-fe8ac530a118,Annualised Portfolio YTM*:,0.0725431954591301,,,,,INR,,,,,{},2026-08-21 22:28:08.968230+00:00
464ed1bc-abbb-411b-854f-16f0f06a254b,238fc44a-9b8a-44b9-be62-eab288fa9118,cbb5e1eb-bc8d-4ddd-9195-fe8ac530a118,Macaulay Duration,3.6153706084008,,,,,INR,,,,,{},2026-08-21 22:28:08.968230+00:00
46f7e993-c8ec-4419-b8fe-b3a1e8265215,238fc44a-9b8a-44b9-be62-eab288fa9118,cbb5e1eb-bc8d-4ddd-9195-fe8ac530a118,Residual Maturity,4.20496253084185,,,,,INR,,,,,{},2026-08-21 22:28:08.968230+00:00
115d74be-35e5-4323-82cc-61b588448802,238fc44a-9b8a-44b9-be62-eab288fa9118,cbb5e1eb-bc8d-4ddd-9195-fe8ac530a118,As on (Date),2023-04-30 00:00:00,,,,,INR,,,,,{},2026-08-21 22:28:08.968230+00:00
d66cf799-fbdb-402f-9089-0bcf4682f200,dd454cb2-6c59-4c6c-b8ae-adb8afb44272,cbb5e1eb-bc8d-4ddd-9195-fe8ac530a118,Scheme Name:,DSP FMP SERIES 270 - 1144 DAYS,,,,,INR,,,,,{},2026-08-21 22:28:08.968230+00:00
360a3b42-f05f-4014-92ae-a23a3a983225,dd454cb2-6c59-4c6c-b8ae-adb8afb44272,cbb5e1eb-bc8d-4ddd-9195-fe8ac530a118,Annualised Portfolio YTM*:,0.0718877712026535,,,,,INR,,,,,{},2026-08-21 22:28:08.968230+00:00
b4d99348-e84f-47f2-a2ac-adee14f1b942,dd454cb2-6c59-4c6c-b8ae-adb8afb44272,cbb5e1eb-bc8d-4ddd-9195-fe8ac530a118,Macaulay Duration,2.93017690193443,,,,,INR,,,,,{},2026-08-21 22:28:08.968230+00:00
4b3164e2-2426-4b5b-806d-1334c8cee568,dd454cb2-6c59-4c6c-b8ae-adb8afb44272,cbb5e1eb-bc8d-4ddd-9195-fe8ac530a118,Residual Maturity,2.93292093923195,,,,,INR,,,,,{},2026-08-21 22:28:08.968230+00:00
f2f1967d-fdb2-4931-9a7f-37bcfdbd704a,dd454cb2-6c59-4c6c-b8ae-adb8afb44272,cbb5e1eb-bc8d-4ddd-9195-fe8ac530a118,As on (Date),2023-04-30 00:00:00,,,,,INR,,,,,{},2026-08-21 22:28:08.968230+00:00
44b912a4-0a43-45aa-a428-3b1ef8b1523d,ef504ea4-3d11-4782-9388-c4491f323f29,cbb5e1eb-bc8d-4ddd-9195-fe8ac530a118,Scheme Name:,DSP FMP SERIES 269 - 160 DAYS,,,,,INR,,,,,{},2026-08-21 22:28:08.968230+00:00
25af5089-d901-412b-87ee-d89819090b9c,ef504ea4-3d11-4782-9388-c4491f323f29,cbb5e1eb-bc8d-4ddd-9195-fe8ac530a118,Annualised Portfolio YTM*:,0.0728653424353972,,,,,INR,,,,,{},2026-08-21 22:28:08.968230+00:00
29f95011-cc93-4c30-b936-9fbe80904eda,ef504ea4-3d11-4782-9388-c4491f323f29,cbb5e1eb-bc8d-4ddd-9195-fe8ac530a118,Macaulay Duration,0.0566208527645228,,,,,INR,,,,,{},2026-08-21 22:28:08.968230+00:00
fbdbc52f-5fcf-4c90-ad9c-f02d1640135c,ef504ea4-3d11-4782-9388-c4491f323f29,cbb5e1eb-bc8d-4ddd-9195-fe8ac530a118,Residual Maturity,0.0593629078910958,,,,,INR,,,,,{},2026-08-21 22:28:08.968230+00:00
105c6b80-bb61-4885-9e67-2524bbd56bcc,ef504ea4-3d11-4782-9388-c4491f323f29,cbb5e1eb-bc8d-4ddd-9195-fe8ac530a118,As on (Date),2023-04-30 00:00:00,,,,,INR,,,,,{},2026-08-21 22:28:08.968230+00:00
d079fff7-ea0e-41c8-bd57-ae4f7e30490b,08180163-e2b7-47f6-b1ca-a69843c50340,cbb5e1eb-bc8d-4ddd-9195-fe8ac530a118,Scheme Name:,DSP FMP Series 268 - 1281 Days,,,,,INR,,,,,{},2026-08-21 22:28:08.968230+00:00
219d742f-fcf7-4c28-96a1-54eea00c026b,08180163-e2b7-47f6-b1ca-a69843c50340,cbb5e1eb-bc8d-4ddd-9195-fe8ac530a118,Annualised Portfolio YTM*:,0.0734328347279114,,,,,INR,,,,,{},2026-08-21 22:28:08.968230+00:00
80dba2c9-993f-4c40-a205-a84aa5f15b75,08180163-e2b7-47f6-b1ca-a69843c50340,cbb5e1eb-bc8d-4ddd-9195-fe8ac530a118,Macaulay Duration,2.5314930754454,,,,,INR,,,,,{},2026-08-21 22:28:08.968230+00:00
7a77bec9-f01a-4066-b94c-a633fa78f7d0,08180163-e2b7-47f6-b1ca-a69843c50340,cbb5e1eb-bc8d-4ddd-9195-fe8ac530a118,Residual Maturity,2.84356004345649,,,,,INR,,,,,{},2026-08-21 22:28:08.968230+00:00
c580cc48-a8cb-4407-96dc-04a5e6ff664e,08180163-e2b7-47f6-b1ca-a69843c50340,cbb5e1eb-bc8d-4ddd-9195-fe8ac530a118,As on (Date),2023-04-30 00:00:00,,,,,INR,,,,,{},2026-08-21 22:28:08.968230+00:00
2d377872-736d-4742-8367-cb67829fa00d,b90689ce-b04b-4728-9417-d7d5cf29a889,cbb5e1eb-bc8d-4ddd-9195-fe8ac530a118,Scheme Name:,DSP FMP Series 267 - 1246 Days,,,,,INR,,,,,{},2026-08-21 22:28:08.968230+00:00
ced6f138-a6e0-4353-86f4-c726987db6cf,b90689ce-b04b-4728-9417-d7d5cf29a889,cbb5e1eb-bc8d-4ddd-9195-fe8ac530a118,Annualised Portfolio YTM*:,0.0718933511616749,,,,,INR,,,,,{},2026-08-21 22:28:08.968230+00:00
7c9d70d1-e316-406f-a2a1-33780ae99da8,b90689ce-b04b-4728-9417-d7d5cf29a889,cbb5e1eb-bc8d-4ddd-9195-fe8ac530a118,Macaulay Duration,2.93647586627504,,,,,INR,,,,,{},2026-08-21 22:28:08.968230+00:00
ceb29abf-65dc-4f0b-8dfa-4fb3eecc6193,b90689ce-b04b-4728-9417-d7d5cf29a889,cbb5e1eb-bc8d-4ddd-9195-fe8ac530a118,Residual Maturity,2.93921716652059,,,,,INR,,,,,{},2026-08-21 22:28:08.968230+00:00
0e0828e3-5545-44f3-a83f-30ba94aaa55f,b90689ce-b04b-4728-9417-d7d5cf29a889,cbb5e1eb-bc8d-4ddd-9195-fe8ac530a118,As on (Date),2023-04-30 00:00:00,,,,,INR,,,,,{},2026-08-21 22:28:08.968230+00:00
a83acff1-e672-4267-8ba1-c76a79bd7d65,99d7c8e0-e9e2-4665-b808-5d81bdfbd7eb,cbb5e1eb-bc8d-4ddd-9195-fe8ac530a118,Scheme Name:,DSP FMP Series 264 - 60M - 17D,,,,,INR,,,,,{},2026-08-21 22:28:08.968230+00:00
d77e9e1e-c4fd-4f45-be99-34a6f3fd2845,99d7c8e0-e9e2-4665-b808-5d81bdfbd7eb,cbb5e1eb-bc8d-4ddd-9195-fe8ac530a118,Annualised Portfolio YTM*:,0.0734513424423404,,,,,INR,,,,,{},2026-08-21 22:28:08.968230+00:00
07f8561e-f660-476d-a3ff-cd7ce540e258,99d7c8e0-e9e2-4665-b808-5d81bdfbd7eb,cbb5e1eb-bc8d-4ddd-9195-fe8ac530a118,Macaulay Duration,3.03798846606366,,,,,INR,,,,,{},2026-08-21 22:28:08.968230+00:00
f0190299-b0de-4b34-a22a-ba5dded1093b,99d7c8e0-e9e2-4665-b808-5d81bdfbd7eb,cbb5e1eb-bc8d-4ddd-9195-fe8ac530a118,Residual Maturity,3.38376386713091,,,,,INR,,,,,{},2026-08-21 22:28:08.968230+00:00
d6a6301b-af81-498c-83a8-1e87d6ecaa50,99d7c8e0-e9e2-4665-b808-5d81bdfbd7eb,cbb5e1eb-bc8d-4ddd-9195-fe8ac530a118,As on (Date),2023-04-30 00:00:00,,,,,INR,,,,,{},2026-08-21 22:28:08.968230+00:00
7e839e25-670c-4858-9677-d23ebe0bda55,5fa02d63-94cf-49c4-b2f2-5204f3628553,cbb5e1eb-bc8d-4ddd-9195-fe8ac530a118,Scheme Name:,DSP Gilt Fund,,,,,INR,,,,,{},2026-08-21 22:27:51.606989+00:00
74775767-04af-43d8-8884-703c19e02737,31b98558-3446-4859-afd0-60e7b0c9b47d,cbb5e1eb-bc8d-4ddd-9195-fe8ac530a118,As on (Date),2025-03-15 00:00:00,,,,,INR,,,,,{},2026-08-21 22:27:51.606989+00:00
2c356449-b28a-448b-83f7-d28a818222dd,5fa02d63-94cf-49c4-b2f2-5204f3628553,01755f60-6483-42d3-994e-465ce4a1ce8f,Cash & Cash Equivalent,,,,,,INR,,,,,{},2026-08-21 22:27:51.606989+00:00
21ce8939-b548-4c4e-b879-1d2a22baf6eb,13b8de8d-e3b3-4382-b444-3edfcab4947a,cbb5e1eb-bc8d-4ddd-9195-fe8ac530a118,Residual Maturity,0.69,,,,,INR,,,,,{},2026-08-21 22:28:00.333201+00:00
c91ea019-3ddc-483b-b56e-8dd1b64091c6,13b8de8d-e3b3-4382-b444-3edfcab4947a,cbb5e1eb-bc8d-4ddd-9195-fe8ac530a118,As on (Date),2026-02-28 00:00:00,,,,,INR,,,,,{},2026-08-21 22:28:00.333201+00:00
76e051ae-c180-444e-a74a-8c6fab2ca17e,888e2b8d-b16f-41df-9a54-321b15f7ca68,cbb5e1eb-bc8d-4ddd-9195-fe8ac530a118,Macaulay Duration,6.08,,,,,INR,,,,,{},2026-08-21 22:28:00.333201+00:00
54148a30-bc7c-4e4b-b312-5bfbebedd539,888e2b8d-b16f-41df-9a54-321b15f7ca68,cbb5e1eb-bc8d-4ddd-9195-fe8ac530a118,Residual Maturity,0,,,,,INR,,,,,{},2026-08-21 22:28:00.333201+00:00
8dc63fad-2aa9-4d38-8132-fb1411cd4727,888e2b8d-b16f-41df-9a54-321b15f7ca68,cbb5e1eb-bc8d-4ddd-9195-fe8ac530a118,As on (Date),2026-02-28 00:00:00,,,,,INR,,,,,{},2026-08-21 22:28:00.333201+00:00
65469df0-adef-40d9-b3d3-37b161def668,12639e2c-ae37-48bd-b977-7c0e1a8965e1,cbb5e1eb-bc8d-4ddd-9195-fe8ac530a118,Residual Maturity,0.12,,,,,INR,,,,,{},2026-08-21 22:28:00.333201+00:00
09faf48a-db1c-4ad3-80f1-eed62ce5dff6,337c19b1-bcb1-4dbd-9336-ea5d9b511272,cbb5e1eb-bc8d-4ddd-9195-fe8ac530a118,Scheme Name:,DSP Liquidity Fund,,,,,INR,,,,,{},2026-08-21 22:27:43.322310+00:00
ff188679-864d-4180-b054-7520bf9a48ef,337c19b1-bcb1-4dbd-9336-ea5d9b511272,cbb5e1eb-bc8d-4ddd-9195-fe8ac530a118,Annualised Portfolio YTM*:,0.0627,,,,,INR,,,,,{},2026-08-21 22:27:43.322310+00:00
3f4da793-d8fb-4cea-9d24-7d0704516484,337c19b1-bcb1-4dbd-9336-ea5d9b511272,cbb5e1eb-bc8d-4ddd-9195-fe8ac530a118,Macaulay Duration,0.11,,,,,INR,,,,,{},2026-08-21 22:27:43.322310+00:00
f6d7916b-3a68-493d-b5b3-876631b1ff8f,337c19b1-bcb1-4dbd-9336-ea5d9b511272,cbb5e1eb-bc8d-4ddd-9195-fe8ac530a118,Residual Maturity,0.11,,,,,INR,,,,,{},2026-08-21 22:27:43.322310+00:00
6441f114-7050-44f9-af92-a64490eb3989,337c19b1-bcb1-4dbd-9336-ea5d9b511272,cbb5e1eb-bc8d-4ddd-9195-fe8ac530a118,As on (Date),2025-05-31 00:00:00,,,,,INR,,,,,{},2026-08-21 22:27:43.322310+00:00
a886eb2e-12b6-47ba-a392-e130fc4b1e15,8dcc94b2-7f90-4baf-88f5-814ee13f6cc5,cbb5e1eb-bc8d-4ddd-9195-fe8ac530a118,Scheme Name:,DSP Credit Risk Fund,,,,,INR,,,,,{},2026-08-21 22:27:43.322310+00:00
fd9841f6-9958-43a3-9cbb-ec879f73191a,8dcc94b2-7f90-4baf-88f5-814ee13f6cc5,cbb5e1eb-bc8d-4ddd-9195-fe8ac530a118,Annualised Portfolio YTM*:,0.0701,,,,,INR,,,,,{},2026-08-21 22:27:43.322310+00:00
0664a012-2f59-4cc2-906b-b9af2bc0bce8,8dcc94b2-7f90-4baf-88f5-814ee13f6cc5,cbb5e1eb-bc8d-4ddd-9195-fe8ac530a118,Macaulay Duration,1.92,,,,,INR,,,,,{},2026-08-21 22:27:43.322310+00:00
4dc73a62-63d9-40da-bf96-e5d153808a0a,8dcc94b2-7f90-4baf-88f5-814ee13f6cc5,cbb5e1eb-bc8d-4ddd-9195-fe8ac530a118,Residual Maturity,2.49086557552701,,,,,INR,,,,,{},2026-08-21 22:27:43.322310+00:00
afb13e8c-2965-41eb-baeb-00dc5a506c5d,8dcc94b2-7f90-4baf-88f5-814ee13f6cc5,cbb5e1eb-bc8d-4ddd-9195-fe8ac530a118,As on (Date),2025-05-31 00:00:00,,,,,INR,,,,,{},2026-08-21 22:27:43.322310+00:00
09b489dd-714d-4282-a622-77a607931384,f98d00b4-ba8a-4436-a88b-4b3ee8f293e2,cbb5e1eb-bc8d-4ddd-9195-fe8ac530a118,Scheme Name:,DSP Low Duration Fund,,,,,INR,,,,,{},2026-08-21 22:27:43.322310+00:00
afecf726-2713-41be-a6d5-cb391e0c2cf9,f98d00b4-ba8a-4436-a88b-4b3ee8f293e2,cbb5e1eb-bc8d-4ddd-9195-fe8ac530a118,Annualised Portfolio YTM*:,0.0656,,,,,INR,,,,,{},2026-08-21 22:27:43.322310+00:00
1a19674a-db83-472e-bb91-8bbb7ee1b8bc,f98d00b4-ba8a-4436-a88b-4b3ee8f293e2,cbb5e1eb-bc8d-4ddd-9195-fe8ac530a118,Macaulay Duration,0.96,,,,,INR,,,,,{},2026-08-21 22:27:43.322310+00:00
fc1e7436-fd25-46be-a0c1-6d8cbfedc45f,f98d00b4-ba8a-4436-a88b-4b3ee8f293e2,cbb5e1eb-bc8d-4ddd-9195-fe8ac530a118,Residual Maturity,1.23811823866042,,,,,INR,,,,,{},2026-08-21 22:27:43.322310+00:00
9ac8d8e0-5939-4522-8bb7-c33efde5ec11,f98d00b4-ba8a-4436-a88b-4b3ee8f293e2,cbb5e1eb-bc8d-4ddd-9195-fe8ac530a118,As on (Date),2025-05-31 00:00:00,,,,,INR,,,,,{},2026-08-21 22:27:43.322310+00:00
af00944c-da20-428a-bb91-3f7dfbca8a67,12639e2c-ae37-48bd-b977-7c0e1a8965e1,cbb5e1eb-bc8d-4ddd-9195-fe8ac530a118,As on (Date),2026-02-28 00:00:00,,,,,INR,,,,,{},2026-08-21 22:28:00.333201+00:00
493ac85a-cdcb-4715-adb5-855f41335e94,cb02bc10-915c-49d2-a2e1-194c15e16032,cbb5e1eb-bc8d-4ddd-9195-fe8ac530a118,Scheme Name:,DSP Short Term Fund,,,,,INR,,,,,{},2026-08-21 22:27:43.322310+00:00
fbd40a9f-df6c-4202-87e7-a81dc5d1470b,cb02bc10-915c-49d2-a2e1-194c15e16032,cbb5e1eb-bc8d-4ddd-9195-fe8ac530a118,Annualised Portfolio YTM*:,0.0674,,,,,INR,,,,,{},2026-08-21 22:27:43.322310+00:00
1eff26cf-f48b-4198-9b6b-5a6967629368,cb02bc10-915c-49d2-a2e1-194c15e16032,cbb5e1eb-bc8d-4ddd-9195-fe8ac530a118,Macaulay Duration,2.96,,,,,INR,,,,,{},2026-08-21 22:27:43.322310+00:00
4177cb31-dcbb-4e5e-8f62-da13e1e3eb0c,cb02bc10-915c-49d2-a2e1-194c15e16032,cbb5e1eb-bc8d-4ddd-9195-fe8ac530a118,Residual Maturity,4.33277175253002,,,,,INR,,,,,{},2026-08-21 22:27:43.322310+00:00
2984dfc1-c15a-43d9-a9a3-116a6d396157,cb02bc10-915c-49d2-a2e1-194c15e16032,cbb5e1eb-bc8d-4ddd-9195-fe8ac530a118,As on (Date),2025-05-31 00:00:00,,,,,INR,,,,,{},2026-08-21 22:27:43.322310+00:00
cf9f2117-04f5-4c31-97de-eb79b8a42201,d72c5d6c-b05f-4a9a-9884-001911d22bf3,cbb5e1eb-bc8d-4ddd-9195-fe8ac530a118,Scheme Name:,DSP Strategic Bond Fund,,,,,INR,,,,,{},2026-08-21 22:27:43.322310+00:00
76e71282-56d6-4aa5-ad25-294eee690d86,d72c5d6c-b05f-4a9a-9884-001911d22bf3,cbb5e1eb-bc8d-4ddd-9195-fe8ac530a118,Annualised Portfolio YTM*:,0.0688,,,,,INR,,,,,{},2026-08-21 22:27:43.322310+00:00
bb41b0de-6068-485e-99e9-1998bc23791b,d72c5d6c-b05f-4a9a-9884-001911d22bf3,cbb5e1eb-bc8d-4ddd-9195-fe8ac530a118,Macaulay Duration,11.5144563367575,,,,,INR,,,,,{},2026-08-21 22:27:43.322310+00:00
2557606e-1a70-43e4-90a1-06bdfc9230b0,d72c5d6c-b05f-4a9a-9884-001911d22bf3,cbb5e1eb-bc8d-4ddd-9195-fe8ac530a118,Residual Maturity,28.7610908410046,,,,,INR,,,,,{},2026-08-21 22:27:43.322310+00:00
de849b51-f8be-4245-9110-5eb66c31854c,d72c5d6c-b05f-4a9a-9884-001911d22bf3,cbb5e1eb-bc8d-4ddd-9195-fe8ac530a118,As on (Date),2025-05-31 00:00:00,,,,,INR,,,,,{},2026-08-21 22:27:43.322310+00:00
1a37f33e-9630-4503-a362-b6940eef9576,e65162bc-30e3-4c70-a364-2d29398aeef6,cbb5e1eb-bc8d-4ddd-9195-fe8ac530a118,Scheme Name:,DSP Bond Fund,,,,,INR,,,,,{},2026-08-21 22:27:43.322310+00:00
cb6d01f4-b36a-43e1-9379-8a933d212729,e65162bc-30e3-4c70-a364-2d29398aeef6,cbb5e1eb-bc8d-4ddd-9195-fe8ac530a118,Annualised Portfolio YTM*:,0.0653,,,,,INR,,,,,{},2026-08-21 22:27:43.322310+00:00
1ec57b15-0681-4e2b-8a9a-949e3033a25f,e65162bc-30e3-4c70-a364-2d29398aeef6,cbb5e1eb-bc8d-4ddd-9195-fe8ac530a118,Macaulay Duration,3.46460670330048,,,,,INR,,,,,{},2026-08-21 22:27:43.322310+00:00
a25939de-1441-4114-91ca-f76d7d858fe5,e65162bc-30e3-4c70-a364-2d29398aeef6,cbb5e1eb-bc8d-4ddd-9195-fe8ac530a118,Residual Maturity,4.01218299624297,,,,,INR,,,,,{},2026-08-21 22:27:43.322310+00:00
81b69794-964f-4b91-9290-2fae1e787b61,e65162bc-30e3-4c70-a364-2d29398aeef6,cbb5e1eb-bc8d-4ddd-9195-fe8ac530a118,As on (Date),2025-05-31 00:00:00,,,,,INR,,,,,{},2026-08-21 22:27:43.322310+00:00
c771ac35-51c6-4d21-a590-baee332af549,8d568b47-a50b-4ad2-b8e7-3cc6a212500a,cbb5e1eb-bc8d-4ddd-9195-fe8ac530a118,Scheme Name:,DSP Gilt Fund,,,,,INR,,,,,{},2026-08-21 22:27:43.322310+00:00
0a328d39-d842-4a84-b2f9-bc4ee86629bd,8d568b47-a50b-4ad2-b8e7-3cc6a212500a,cbb5e1eb-bc8d-4ddd-9195-fe8ac530a118,Annualised Portfolio YTM*:,0.0685,,,,,INR,,,,,{},2026-08-21 22:27:43.322310+00:00
a6882978-aea1-4fe9-b3f3-80f48e0a22e1,8d568b47-a50b-4ad2-b8e7-3cc6a212500a,cbb5e1eb-bc8d-4ddd-9195-fe8ac530a118,Macaulay Duration,11.43,,,,,INR,,,,,{},2026-08-21 22:27:43.322310+00:00
cdd6c458-a5ad-4e83-8d14-9ff358d4c77b,8d568b47-a50b-4ad2-b8e7-3cc6a212500a,cbb5e1eb-bc8d-4ddd-9195-fe8ac530a118,Residual Maturity,29.79,,,,,INR,,,,,{},2026-08-21 22:27:43.322310+00:00
15a3ae9e-eea4-46e3-b454-b20167287561,8d568b47-a50b-4ad2-b8e7-3cc6a212500a,cbb5e1eb-bc8d-4ddd-9195-fe8ac530a118,As on (Date),2025-05-31 00:00:00,,,,,INR,,,,,{},2026-08-21 22:27:43.322310+00:00
91525ef9-00fe-4334-92df-a411f79a6a13,3e0e4d3d-45ad-4f7c-ba31-4d41dd50ebaa,cbb5e1eb-bc8d-4ddd-9195-fe8ac530a118,Scheme Name:,DSP Savings Fund,,,,,INR,,,,,{},2026-08-21 22:27:43.322310+00:00
0c0f6ba3-68c7-46e3-a227-c3f11d4839a2,3e0e4d3d-45ad-4f7c-ba31-4d41dd50ebaa,cbb5e1eb-bc8d-4ddd-9195-fe8ac530a118,Annualised Portfolio YTM*:,0.0653,,,,,INR,,,,,{},2026-08-21 22:27:43.322310+00:00
c208aee1-1ab4-42c5-8370-eb13468be21d,3e0e4d3d-45ad-4f7c-ba31-4d41dd50ebaa,cbb5e1eb-bc8d-4ddd-9195-fe8ac530a118,Macaulay Duration,0.58,,,,,INR,,,,,{},2026-08-21 22:27:43.322310+00:00
e8531a4b-e2e6-430f-a94c-ed119a8b7096,fe1f8698-0748-4cdb-912f-70d58c45bb14,cbb5e1eb-bc8d-4ddd-9195-fe8ac530a118,Scheme Name:,DSP Regular Savings Fund,,,,,INR,,,,,{},2026-08-21 22:27:43.322310+00:00
815579a6-acef-4e63-96ef-7b4414c4cc48,fe1f8698-0748-4cdb-912f-70d58c45bb14,cbb5e1eb-bc8d-4ddd-9195-fe8ac530a118,Annualised Portfolio YTM*:,0.0618,,,,,INR,,,,,{},2026-08-21 22:27:43.322310+00:00
ad2914a6-1f64-4b3a-b523-ddb7221fa844,fe1f8698-0748-4cdb-912f-70d58c45bb14,cbb5e1eb-bc8d-4ddd-9195-fe8ac530a118,Macaulay Duration,2.54,,,,,INR,,,,,{},2026-08-21 22:27:43.322310+00:00
bfc07cf2-a236-43b2-9818-089024517dca,fe1f8698-0748-4cdb-912f-70d58c45bb14,cbb5e1eb-bc8d-4ddd-9195-fe8ac530a118,Residual Maturity,3.60400876236804,,,,,INR,,,,,{},2026-08-21 22:27:43.322310+00:00
de806ea3-ad37-4f0b-a612-30a15f21d347,fe1f8698-0748-4cdb-912f-70d58c45bb14,cbb5e1eb-bc8d-4ddd-9195-fe8ac530a118,As on (Date),2025-05-31 00:00:00,,,,,INR,,,,,{},2026-08-21 22:27:43.322310+00:00
25b2ace6-7797-48b1-b45d-6fb2949cc409,b366c1a2-eda8-4d10-92d6-667db97e46b2,cbb5e1eb-bc8d-4ddd-9195-fe8ac530a118,Scheme Name:,DSP Corporate Bond Fund,,,,,INR,,,,,{},2026-08-21 22:27:43.322310+00:00
cf69f65f-d3bc-4a39-bd30-9d77ab5fb016,b366c1a2-eda8-4d10-92d6-667db97e46b2,cbb5e1eb-bc8d-4ddd-9195-fe8ac530a118,Annualised Portfolio YTM*:,0.0651,,,,,INR,,,,,{},2026-08-21 22:27:43.322310+00:00
e45278c5-9830-444d-918b-763f130f2466,b366c1a2-eda8-4d10-92d6-667db97e46b2,cbb5e1eb-bc8d-4ddd-9195-fe8ac530a118,Macaulay Duration,1.6537711967233,,,,,INR,,,,,{},2026-08-21 22:27:43.322310+00:00
10147132-2655-45f4-944f-2957e97d952b,b366c1a2-eda8-4d10-92d6-667db97e46b2,cbb5e1eb-bc8d-4ddd-9195-fe8ac530a118,Residual Maturity,1.76469647530706,,,,,INR,,,,,{},2026-08-21 22:27:43.322310+00:00
79fb6b99-6b86-4bf3-9ede-6c9d5d3a6831,b366c1a2-eda8-4d10-92d6-667db97e46b2,cbb5e1eb-bc8d-4ddd-9195-fe8ac530a118,As on (Date),2025-05-31 00:00:00,,,,,INR,,,,,{},2026-08-21 22:27:43.322310+00:00
3758a6ef-33c7-4772-ab36-8e0c172f601b,a2e1afdb-6488-4cd7-b329-3cf037faa25a,cbb5e1eb-bc8d-4ddd-9195-fe8ac530a118,Scheme Name:,DSP Banking and PSU Debt Fund,,,,,INR,,,,,{},2026-08-21 22:27:43.322310+00:00
ebd9d4ed-52e5-4511-9b14-3e34cd332b29,a2e1afdb-6488-4cd7-b329-3cf037faa25a,cbb5e1eb-bc8d-4ddd-9195-fe8ac530a118,Annualised Portfolio YTM*:,0.0667115547397308,,,,,INR,,,,,{},2026-08-21 22:27:43.322310+00:00
c26e3f82-0da9-401c-8fd7-148077f8dd20,a2e1afdb-6488-4cd7-b329-3cf037faa25a,cbb5e1eb-bc8d-4ddd-9195-fe8ac530a118,Macaulay Duration,5.22085380636227,,,,,INR,,,,,{},2026-08-21 22:27:43.322310+00:00
2b4d0d8d-beff-4468-9e96-067d9209ba58,a2e1afdb-6488-4cd7-b329-3cf037faa25a,cbb5e1eb-bc8d-4ddd-9195-fe8ac530a118,Residual Maturity,9.72538284857053,,,,,INR,,,,,{},2026-08-21 22:27:43.322310+00:00
828f8bc2-2c15-4ce9-a6ca-3d894ef345cf,a2e1afdb-6488-4cd7-b329-3cf037faa25a,cbb5e1eb-bc8d-4ddd-9195-fe8ac530a118,As on (Date),2025-05-31 00:00:00,,,,,INR,,,,,{},2026-08-21 22:27:43.322310+00:00
8ec6dab6-8ef0-4019-96f4-713488bd6cf7,87c1811a-9b37-4ee1-a921-d6d54cfa31ec,cbb5e1eb-bc8d-4ddd-9195-fe8ac530a118,Scheme Name:,DSP Income Plus Arbitrage Fund of Fund,,,,,INR,,,,,{},2026-08-21 22:27:43.322310+00:00
3d2b06b0-6295-48d1-87ed-802f8eeebf2b,87c1811a-9b37-4ee1-a921-d6d54cfa31ec,cbb5e1eb-bc8d-4ddd-9195-fe8ac530a118,Annualised Portfolio YTM*:,0.0652270185958437,,,,,INR,,,,,{},2026-08-21 22:27:43.322310+00:00
61594ba0-b54a-4e7e-a8be-14778e21b2c0,87c1811a-9b37-4ee1-a921-d6d54cfa31ec,cbb5e1eb-bc8d-4ddd-9195-fe8ac530a118,Macaulay Duration,3.22237377095525,,,,,INR,,,,,{},2026-08-21 22:27:43.322310+00:00
468d023a-dd8e-47cb-bed4-d469a8ee32b7,87c1811a-9b37-4ee1-a921-d6d54cfa31ec,cbb5e1eb-bc8d-4ddd-9195-fe8ac530a118,Residual Maturity,5.87497644390776,,,,,INR,,,,,{},2026-08-21 22:27:43.322310+00:00
9742cb31-fd3a-4019-a658-a67f8f4022ba,87c1811a-9b37-4ee1-a921-d6d54cfa31ec,cbb5e1eb-bc8d-4ddd-9195-fe8ac530a118,As on (Date),2025-05-31 00:00:00,,,,,INR,,,,,{},2026-08-21 22:27:43.322310+00:00
361b6772-2379-4f33-a1d9-aa419d90d487,a98dbc30-617f-41d6-9435-ca7579c3e934,cbb5e1eb-bc8d-4ddd-9195-fe8ac530a118,Scheme Name:,DSP 10Y G-Sec Fund,,,,,INR,,,,,{},2026-08-21 22:27:43.322310+00:00
ced1c5de-0d26-4d12-86b9-bb156addeb2e,a98dbc30-617f-41d6-9435-ca7579c3e934,cbb5e1eb-bc8d-4ddd-9195-fe8ac530a118,Annualised Portfolio YTM*:,0.0635,,,,,INR,,,,,{},2026-08-21 22:27:43.322310+00:00
4601dbf9-4a30-4846-9f1d-5ba285f01fbf,a98dbc30-617f-41d6-9435-ca7579c3e934,cbb5e1eb-bc8d-4ddd-9195-fe8ac530a118,Macaulay Duration,6.72,,,,,INR,,,,,{},2026-08-21 22:27:43.322310+00:00
f052ed49-ccfa-4757-b2b3-2deda05e2cbf,a98dbc30-617f-41d6-9435-ca7579c3e934,cbb5e1eb-bc8d-4ddd-9195-fe8ac530a118,Residual Maturity,8.91,,,,,INR,,,,,{},2026-08-21 22:27:43.322310+00:00
410d0c83-4688-4ac2-bd6f-f961635f17e3,a98dbc30-617f-41d6-9435-ca7579c3e934,cbb5e1eb-bc8d-4ddd-9195-fe8ac530a118,As on (Date),2025-05-31 00:00:00,,,,,INR,,,,,{},2026-08-21 22:27:43.322310+00:00
d69a8a9c-57d5-444f-998e-b76243cb4413,01b1e166-9a20-43a7-baab-8bb3eaa46562,cbb5e1eb-bc8d-4ddd-9195-fe8ac530a118,Scheme Name:,DSP NIFTY 1D Rate Liquid ETF,,,,,INR,,,,,{},2026-08-21 22:27:43.322310+00:00
160d5fc8-941b-4e36-8bab-bc3e15c7b49b,01b1e166-9a20-43a7-baab-8bb3eaa46562,cbb5e1eb-bc8d-4ddd-9195-fe8ac530a118,Annualised Portfolio YTM*:,0.058,,,,,INR,,,,,{},2026-08-21 22:27:43.322310+00:00
eb0001c5-f474-4c63-91fd-623f40f479a1,01b1e166-9a20-43a7-baab-8bb3eaa46562,cbb5e1eb-bc8d-4ddd-9195-fe8ac530a118,Macaulay Duration,0,,,,,INR,,,,,{},2026-08-21 22:27:43.322310+00:00
ba0a428d-7439-4e1f-bc74-533654fc1e7b,01b1e166-9a20-43a7-baab-8bb3eaa46562,cbb5e1eb-bc8d-4ddd-9195-fe8ac530a118,Residual Maturity,0.01,,,,,INR,,,,,{},2026-08-21 22:27:43.322310+00:00
99add4f0-6664-4db9-8098-1cfe721606ce,01b1e166-9a20-43a7-baab-8bb3eaa46562,cbb5e1eb-bc8d-4ddd-9195-fe8ac530a118,As on (Date),2025-05-31 00:00:00,,,,,INR,,,,,{},2026-08-21 22:27:43.322310+00:00
f17cebea-edaf-4f42-a58b-fb1cc8857b66,c2b75d61-232f-4aa5-8ab2-107a06685819,cbb5e1eb-bc8d-4ddd-9195-fe8ac530a118,Scheme Name:,DSP Overnight Fund,,,,,INR,,,,,{},2026-08-21 22:27:43.322310+00:00
f2206625-91eb-4211-94e3-188a442953d4,c2b75d61-232f-4aa5-8ab2-107a06685819,cbb5e1eb-bc8d-4ddd-9195-fe8ac530a118,Annualised Portfolio YTM*:,0.059,,,,,INR,,,,,{},2026-08-21 22:27:43.322310+00:00
9605a407-56b0-4b0d-b750-d0151e9941d8,c2b75d61-232f-4aa5-8ab2-107a06685819,cbb5e1eb-bc8d-4ddd-9195-fe8ac530a118,Macaulay Duration,0,,,,,INR,,,,,{},2026-08-21 22:27:43.322310+00:00
4fcc2a37-0ac1-460e-b8bc-dd965f45a4b6,c2b75d61-232f-4aa5-8ab2-107a06685819,cbb5e1eb-bc8d-4ddd-9195-fe8ac530a118,Residual Maturity,0.01,,,,,INR,,,,,{},2026-08-21 22:27:43.322310+00:00
aa2f2ab6-3264-456b-80a1-bd39b622e70e,c2b75d61-232f-4aa5-8ab2-107a06685819,cbb5e1eb-bc8d-4ddd-9195-fe8ac530a118,As on (Date),2025-05-31 00:00:00,,,,,INR,,,,,{},2026-08-21 22:27:43.322310+00:00
ac8032d1-dace-47c5-8c32-988b6ff14665,c013c858-d7e4-48e4-8885-935399840dd1,cbb5e1eb-bc8d-4ddd-9195-fe8ac530a118,Scheme Name:,DSP NIFTY SDL PLUS G-SEC JUN 2028 30:70 INDEX FUND,,,,,INR,,,,,{},2026-08-21 22:27:43.322310+00:00
0ecb4f6c-4c78-43b0-a60d-31d6dc84ea15,c013c858-d7e4-48e4-8885-935399840dd1,cbb5e1eb-bc8d-4ddd-9195-fe8ac530a118,Annualised Portfolio YTM*:,0.0591,,,,,INR,,,,,{},2026-08-21 22:27:43.322310+00:00
d7becc5b-3126-4d15-b037-42e9f3481ac4,c013c858-d7e4-48e4-8885-935399840dd1,cbb5e1eb-bc8d-4ddd-9195-fe8ac530a118,Macaulay Duration,2.37,,,,,INR,,,,,{},2026-08-21 22:27:43.322310+00:00
f62f7966-9397-4467-8a95-ad5a04beea77,c013c858-d7e4-48e4-8885-935399840dd1,cbb5e1eb-bc8d-4ddd-9195-fe8ac530a118,Residual Maturity,2.63,,,,,INR,,,,,{},2026-08-21 22:27:43.322310+00:00
918d91a0-e713-43ab-8747-90527e4d0b29,c013c858-d7e4-48e4-8885-935399840dd1,cbb5e1eb-bc8d-4ddd-9195-fe8ac530a118,As on (Date),2025-05-31 00:00:00,,,,,INR,,,,,{},2026-08-21 22:27:43.322310+00:00
df9a2a90-5f78-4b20-bfa3-49eb03a85caa,16e863c6-88c5-4567-9b1e-f6f573629c3f,cbb5e1eb-bc8d-4ddd-9195-fe8ac530a118,Scheme Name:,DSP CRISIL-IBX 50:50 Gilt Plus SDL - April 2033 Index Fund,,,,,INR,,,,,{},2026-08-21 22:27:43.322310+00:00
481b9849-4854-4a13-85d3-812f289b77a5,16e863c6-88c5-4567-9b1e-f6f573629c3f,cbb5e1eb-bc8d-4ddd-9195-fe8ac530a118,Annualised Portfolio YTM*:,0.0643,,,,,INR,,,,,{},2026-08-21 22:27:43.322310+00:00
0ddf4b8d-d83b-4928-8d28-1a33001c8f9c,16e863c6-88c5-4567-9b1e-f6f573629c3f,cbb5e1eb-bc8d-4ddd-9195-fe8ac530a118,Macaulay Duration,5.65,,,,,INR,,,,,{},2026-08-21 22:27:43.322310+00:00
569299fd-2b94-4ee1-acb0-d7366ad2aaac,16e863c6-88c5-4567-9b1e-f6f573629c3f,cbb5e1eb-bc8d-4ddd-9195-fe8ac530a118,Residual Maturity,7.28,,,,,INR,,,,,{},2026-08-21 22:27:43.322310+00:00
753ea61f-f453-4e29-b48e-c7536d7cd19b,16e863c6-88c5-4567-9b1e-f6f573629c3f,cbb5e1eb-bc8d-4ddd-9195-fe8ac530a118,As on (Date),2025-05-31 00:00:00,,,,,INR,,,,,{},2026-08-21 22:27:43.322310+00:00
6d689f31-3e4a-4a63-b49f-24ab56f319d4,3c847dd7-b25d-4346-a5f9-c1381111d28c,cbb5e1eb-bc8d-4ddd-9195-fe8ac530a118,Scheme Name:,DSP Nifty SDL Plus G-Sec Sep 2027 50:50 Index Fund,,,,,INR,,,,,{},2026-08-21 22:27:43.322310+00:00
c16c4e5e-1997-42a3-b437-dada18b7258a,3c847dd7-b25d-4346-a5f9-c1381111d28c,cbb5e1eb-bc8d-4ddd-9195-fe8ac530a118,Annualised Portfolio YTM*:,0.0592,,,,,INR,,,,,{},2026-08-21 22:27:43.322310+00:00
9c01b868-2082-44ad-9dfa-0348a6641d11,3c847dd7-b25d-4346-a5f9-c1381111d28c,cbb5e1eb-bc8d-4ddd-9195-fe8ac530a118,Macaulay Duration,1.96,,,,,INR,,,,,{},2026-08-21 22:27:43.322310+00:00
a3bcb7b1-1bcf-47d1-9903-7f28fde8f89a,3c847dd7-b25d-4346-a5f9-c1381111d28c,cbb5e1eb-bc8d-4ddd-9195-fe8ac530a118,Residual Maturity,2.13,,,,,INR,,,,,{},2026-08-21 22:27:43.322310+00:00
49fd68da-2a7b-45d1-9069-91f5be88ba63,3c847dd7-b25d-4346-a5f9-c1381111d28c,cbb5e1eb-bc8d-4ddd-9195-fe8ac530a118,As on (Date),2025-05-31 00:00:00,,,,,INR,,,,,{},2026-08-21 22:27:43.322310+00:00
f4667743-a894-414a-98ce-45604493b60e,3c12aae2-e082-454a-89af-a209fca81a03,cbb5e1eb-bc8d-4ddd-9195-fe8ac530a118,Scheme Name:,DSP BSE Liquid Rate ETF,,,,,INR,,,,,{},2026-08-21 22:27:43.322310+00:00
88bf84f2-7857-4ec5-90b2-8b53f3c04274,3c12aae2-e082-454a-89af-a209fca81a03,cbb5e1eb-bc8d-4ddd-9195-fe8ac530a118,Annualised Portfolio YTM*:,0.058,,,,,INR,,,,,{},2026-08-21 22:27:43.322310+00:00
6009a17a-e6e5-480a-8ade-3e8b6241c7da,3c12aae2-e082-454a-89af-a209fca81a03,cbb5e1eb-bc8d-4ddd-9195-fe8ac530a118,Macaulay Duration,0,,,,,INR,,,,,{},2026-08-21 22:27:43.322310+00:00
adc8fd32-1045-4f67-9d9a-d2ea55b0e6f6,3c12aae2-e082-454a-89af-a209fca81a03,cbb5e1eb-bc8d-4ddd-9195-fe8ac530a118,Residual Maturity,0.01,,,,,INR,,,,,{},2026-08-21 22:27:43.322310+00:00
09b31520-3ad1-4a2f-b52a-21e994b9bf56,95f3f344-e673-408d-980a-027c67f8eaa3,cbb5e1eb-bc8d-4ddd-9195-fe8ac530a118,Scheme Name:,DSP US Treasury Fund of Fund,,,,,INR,,,,,{},2026-08-21 22:27:43.322310+00:00
bd0df4be-a2be-4dc8-ab15-72f52880f248,95f3f344-e673-408d-980a-027c67f8eaa3,cbb5e1eb-bc8d-4ddd-9195-fe8ac530a118,Annualised Portfolio YTM*:,0.043,,,,,INR,,,,,{},2026-08-21 22:27:43.322310+00:00
71a66d2f-b567-4030-81ce-103c50b7d6e6,95f3f344-e673-408d-980a-027c67f8eaa3,cbb5e1eb-bc8d-4ddd-9195-fe8ac530a118,Macaulay Duration,6.0169493971621,,,,,INR,,,,,{},2026-08-21 22:27:43.322310+00:00
a46dd684-163b-403c-bd8e-429bf0def252,95f3f344-e673-408d-980a-027c67f8eaa3,cbb5e1eb-bc8d-4ddd-9195-fe8ac530a118,Residual Maturity,0,,,,,INR,,,,,{},2026-08-21 22:27:43.322310+00:00
3d876162-c053-4166-82d9-51e1e9233bcb,95f3f344-e673-408d-980a-027c67f8eaa3,cbb5e1eb-bc8d-4ddd-9195-fe8ac530a118,As on (Date),2025-05-31 00:00:00,,,,,INR,,,,,{},2026-08-21 22:27:43.322310+00:00
ed0f10a4-0e80-440d-b56c-0585f11f3cc8,40e45dae-d7b9-4622-bce8-3e342dc9a7bc,cbb5e1eb-bc8d-4ddd-9195-fe8ac530a118,Scheme Name:,DSP FMP Series 270 - 1144 Days,,,,,INR,,,,,{},2026-08-21 22:27:43.322310+00:00
802bd159-47c1-48ee-a696-6bca6f1f8702,40e45dae-d7b9-4622-bce8-3e342dc9a7bc,cbb5e1eb-bc8d-4ddd-9195-fe8ac530a118,Annualised Portfolio YTM*:,0.0578,,,,,INR,,,,,{},2026-08-21 22:27:43.322310+00:00
2f9b287c-84e1-42b3-a8fe-6307ddeb8912,40e45dae-d7b9-4622-bce8-3e342dc9a7bc,cbb5e1eb-bc8d-4ddd-9195-fe8ac530a118,Macaulay Duration,0.86,,,,,INR,,,,,{},2026-08-21 22:27:43.322310+00:00
23937821-9b85-4e5a-8925-200f5125e19b,40e45dae-d7b9-4622-bce8-3e342dc9a7bc,cbb5e1eb-bc8d-4ddd-9195-fe8ac530a118,Residual Maturity,0.86,,,,,INR,,,,,{},2026-08-21 22:27:43.322310+00:00
d565b79f-938f-44a6-82e8-6038837f5482,40e45dae-d7b9-4622-bce8-3e342dc9a7bc,cbb5e1eb-bc8d-4ddd-9195-fe8ac530a118,As on (Date),2025-05-31 00:00:00,,,,,INR,,,,,{},2026-08-21 22:27:43.322310+00:00
2d05f8d0-7976-4efe-93fc-9020ad81415f,1235aa4d-d6be-4e66-a594-97bf0a61627c,cbb5e1eb-bc8d-4ddd-9195-fe8ac530a118,Scheme Name:,DSP FMP Series 268 - 1281 Days,,,,,INR,,,,,{},2026-08-21 22:27:43.322310+00:00
1f5ba4e0-bd3a-4219-b88a-f783bcbedf96,1235aa4d-d6be-4e66-a594-97bf0a61627c,cbb5e1eb-bc8d-4ddd-9195-fe8ac530a118,Annualised Portfolio YTM*:,0.059,,,,,INR,,,,,{},2026-08-21 22:27:43.322310+00:00
56d3f0d3-569a-46c1-928b-725b45c129f6,1235aa4d-d6be-4e66-a594-97bf0a61627c,cbb5e1eb-bc8d-4ddd-9195-fe8ac530a118,Macaulay Duration,0.73,,,,,INR,,,,,{},2026-08-21 22:27:43.322310+00:00
59133762-c7a0-4261-97b4-d95cc5ce651a,1235aa4d-d6be-4e66-a594-97bf0a61627c,cbb5e1eb-bc8d-4ddd-9195-fe8ac530a118,Residual Maturity,0.75,,,,,INR,,,,,{},2026-08-21 22:27:43.322310+00:00
70a80acd-a090-4fe4-941b-ad699347671b,1235aa4d-d6be-4e66-a594-97bf0a61627c,cbb5e1eb-bc8d-4ddd-9195-fe8ac530a118,As on (Date),2025-05-31 00:00:00,,,,,INR,,,,,{},2026-08-21 22:27:43.322310+00:00
4a6ab741-f219-4971-89e8-d9547864f50c,f5468236-9267-4325-9790-e8e4d3f786fe,cbb5e1eb-bc8d-4ddd-9195-fe8ac530a118,Scheme Name:,DSP FMP Series 267 - 1246 Days,,,,,INR,,,,,{},2026-08-21 22:27:43.322310+00:00
475b71fd-03e9-4a64-a21a-c92348208412,f5468236-9267-4325-9790-e8e4d3f786fe,cbb5e1eb-bc8d-4ddd-9195-fe8ac530a118,Annualised Portfolio YTM*:,0.0578,,,,,INR,,,,,{},2026-08-21 22:27:43.322310+00:00
eb30858b-1897-47fe-b561-0af58b9716ae,f5468236-9267-4325-9790-e8e4d3f786fe,cbb5e1eb-bc8d-4ddd-9195-fe8ac530a118,Macaulay Duration,0.86,,,,,INR,,,,,{},2026-08-21 22:27:43.322310+00:00
0c4398fa-5356-4623-8f6a-27894b39cf19,f5468236-9267-4325-9790-e8e4d3f786fe,cbb5e1eb-bc8d-4ddd-9195-fe8ac530a118,Residual Maturity,0.86,,,,,INR,,,,,{},2026-08-21 22:27:43.322310+00:00
16308623-a33f-48e0-829b-262878690b63,f5468236-9267-4325-9790-e8e4d3f786fe,cbb5e1eb-bc8d-4ddd-9195-fe8ac530a118,As on (Date),2025-05-31 00:00:00,,,,,INR,,,,,{},2026-08-21 22:27:43.322310+00:00
8cd3c55e-a3fc-4e8f-9e61-5a3963889cc0,fea8d894-1250-43ee-bd1e-9258000070e4,cbb5e1eb-bc8d-4ddd-9195-fe8ac530a118,Scheme Name:,DSP FMP Series 264 - 60M - 17D,,,,,INR,,,,,{},2026-08-21 22:27:43.322310+00:00
b7ff5c18-c867-4280-bc32-2c1700b7f2a5,fea8d894-1250-43ee-bd1e-9258000070e4,cbb5e1eb-bc8d-4ddd-9195-fe8ac530a118,Annualised Portfolio YTM*:,0.0593,,,,,INR,,,,,{},2026-08-21 22:27:43.322310+00:00
a442f543-8cb5-4985-a4f7-f81a3d1671a8,fea8d894-1250-43ee-bd1e-9258000070e4,cbb5e1eb-bc8d-4ddd-9195-fe8ac530a118,Macaulay Duration,1.22,,,,,INR,,,,,{},2026-08-21 22:27:43.322310+00:00
51eb2b24-2c87-498e-aa2d-92965db60476,fea8d894-1250-43ee-bd1e-9258000070e4,cbb5e1eb-bc8d-4ddd-9195-fe8ac530a118,Residual Maturity,1.28,,,,,INR,,,,,{},2026-08-21 22:27:43.322310+00:00
e80c5615-fb97-4e7b-8b3a-f36734f7ef4f,fea8d894-1250-43ee-bd1e-9258000070e4,cbb5e1eb-bc8d-4ddd-9195-fe8ac530a118,As on (Date),2025-05-31 00:00:00,,,,,INR,,,,,{},2026-08-21 22:27:43.322310+00:00
41bdf494-70e6-4ad9-a635-b108821d6c85,8b56b530-dda6-4d7c-a6eb-67eb77c3f745,cbb5e1eb-bc8d-4ddd-9195-fe8ac530a118,Scheme Name:,DSP Liquidity Fund,,,,,INR,,,,,{},2026-08-21 22:27:51.606989+00:00
d54efa11-bc16-4f57-bb98-7fa3f5601279,8b56b530-dda6-4d7c-a6eb-67eb77c3f745,cbb5e1eb-bc8d-4ddd-9195-fe8ac530a118,Annualised Portfolio YTM*:,0.0695,,,,,INR,,,,,{},2026-08-21 22:27:51.606989+00:00
714bafda-b821-4844-af36-639f61077bcd,8b56b530-dda6-4d7c-a6eb-67eb77c3f745,cbb5e1eb-bc8d-4ddd-9195-fe8ac530a118,Macaulay Duration,0.15,,,,,INR,,,,,{},2026-08-21 22:27:51.606989+00:00
adbf998e-b471-44af-9043-2a80d5495a26,8b56b530-dda6-4d7c-a6eb-67eb77c3f745,cbb5e1eb-bc8d-4ddd-9195-fe8ac530a118,Residual Maturity,0.16,,,,,INR,,,,,{},2026-08-21 22:27:51.606989+00:00
cf0fc476-1434-4d78-b833-54a7e896ee88,8b56b530-dda6-4d7c-a6eb-67eb77c3f745,cbb5e1eb-bc8d-4ddd-9195-fe8ac530a118,As on (Date),2025-03-31 00:00:00,,,,,INR,,,,,{},2026-08-21 22:27:51.606989+00:00
4033d55e-c02c-47d0-a871-9883b2d0d826,24f3a0fc-db4e-4f5d-8ce3-0f1220c49f68,cbb5e1eb-bc8d-4ddd-9195-fe8ac530a118,Scheme Name:,DSP Ultra Short Fund,,,,,INR,,,,,{},2026-08-21 22:27:51.606989+00:00
1e98c062-d822-4c39-afcc-204c53a28edc,24f3a0fc-db4e-4f5d-8ce3-0f1220c49f68,cbb5e1eb-bc8d-4ddd-9195-fe8ac530a118,Annualised Portfolio YTM*:,0.0725196093845338,,,,,INR,,,,,{},2026-08-21 22:27:51.606989+00:00
1f436405-2e41-4b4c-a10c-dc175f931154,24f3a0fc-db4e-4f5d-8ce3-0f1220c49f68,cbb5e1eb-bc8d-4ddd-9195-fe8ac530a118,Macaulay Duration,0.46,,,,,INR,,,,,{},2026-08-21 22:27:51.606989+00:00
709ab331-2ec9-4aec-ae9a-a7471eef93e2,24f3a0fc-db4e-4f5d-8ce3-0f1220c49f68,cbb5e1eb-bc8d-4ddd-9195-fe8ac530a118,Residual Maturity,0.469121759666382,,,,,INR,,,,,{},2026-08-21 22:27:51.606989+00:00
241ebf63-7dda-4701-9a9b-6a1cc5364cf8,24f3a0fc-db4e-4f5d-8ce3-0f1220c49f68,cbb5e1eb-bc8d-4ddd-9195-fe8ac530a118,As on (Date),2025-03-31 00:00:00,,,,,INR,,,,,{},2026-08-21 22:27:51.606989+00:00
65d4a8b4-0ad6-4c94-91b6-8e4ff8ad60cb,3f0dc69d-77d4-4cd8-952c-3813c4871125,cbb5e1eb-bc8d-4ddd-9195-fe8ac530a118,Scheme Name:,DSP Credit Risk Fund,,,,,INR,,,,,{},2026-08-21 22:27:51.606989+00:00
93e5975b-8e79-4421-8e4f-560e231f0f6f,3f0dc69d-77d4-4cd8-952c-3813c4871125,cbb5e1eb-bc8d-4ddd-9195-fe8ac530a118,Annualised Portfolio YTM*:,0.0781,,,,,INR,,,,,{},2026-08-21 22:27:51.606989+00:00
2cb6bbd9-98d9-45b0-a2f0-45d5b1cf04f9,3f0dc69d-77d4-4cd8-952c-3813c4871125,cbb5e1eb-bc8d-4ddd-9195-fe8ac530a118,Macaulay Duration,2.29086011442201,,,,,INR,,,,,{},2026-08-21 22:27:51.606989+00:00
bb25ab37-e315-48a2-bad8-3f050f746077,3f0dc69d-77d4-4cd8-952c-3813c4871125,cbb5e1eb-bc8d-4ddd-9195-fe8ac530a118,Residual Maturity,2.95,,,,,INR,,,,,{},2026-08-21 22:27:51.606989+00:00
d0cc94f7-5e89-4554-a887-11bc9ea9029f,3f0dc69d-77d4-4cd8-952c-3813c4871125,cbb5e1eb-bc8d-4ddd-9195-fe8ac530a118,As on (Date),2025-03-31 00:00:00,,,,,INR,,,,,{},2026-08-21 22:27:51.606989+00:00
f1c38d8e-439d-4fde-b70f-1232e7ef697a,683857a7-d74e-4bd0-a718-e5a298157857,cbb5e1eb-bc8d-4ddd-9195-fe8ac530a118,Scheme Name:,DSP Low Duration Fund,,,,,INR,,,,,{},2026-08-21 22:27:51.606989+00:00
761f062b-aa8e-4fad-bacd-0d5751ff2c6f,683857a7-d74e-4bd0-a718-e5a298157857,cbb5e1eb-bc8d-4ddd-9195-fe8ac530a118,Annualised Portfolio YTM*:,0.0727,,,,,INR,,,,,{},2026-08-21 22:27:51.606989+00:00
114f9965-a41b-4b98-9b30-bd9f7fb0bcc6,683857a7-d74e-4bd0-a718-e5a298157857,cbb5e1eb-bc8d-4ddd-9195-fe8ac530a118,Macaulay Duration,0.94,,,,,INR,,,,,{},2026-08-21 22:27:51.606989+00:00
d985e184-9e92-4570-9180-6e86ecfac130,683857a7-d74e-4bd0-a718-e5a298157857,cbb5e1eb-bc8d-4ddd-9195-fe8ac530a118,Residual Maturity,1.04,,,,,INR,,,,,{},2026-08-21 22:27:51.606989+00:00
875aeead-0bab-407a-88b7-56dbabe8ceb7,683857a7-d74e-4bd0-a718-e5a298157857,cbb5e1eb-bc8d-4ddd-9195-fe8ac530a118,As on (Date),2025-03-31 00:00:00,,,,,INR,,,,,{},2026-08-21 22:27:51.606989+00:00
9dcdabdf-abbf-401e-87ff-e707e9b47fff,8f176ebf-b1bd-4696-90e4-be5da4bb63b6,cbb5e1eb-bc8d-4ddd-9195-fe8ac530a118,Scheme Name:,DSP Short Term Fund,,,,,INR,,,,,{},2026-08-21 22:27:51.606989+00:00
80e8c99c-9be2-4b1e-8339-843d3b460bda,8f176ebf-b1bd-4696-90e4-be5da4bb63b6,cbb5e1eb-bc8d-4ddd-9195-fe8ac530a118,Annualised Portfolio YTM*:,0.0729,,,,,INR,,,,,{},2026-08-21 22:27:51.606989+00:00
25f446db-3663-4ae1-838f-3150f4b57bf0,8f176ebf-b1bd-4696-90e4-be5da4bb63b6,cbb5e1eb-bc8d-4ddd-9195-fe8ac530a118,Macaulay Duration,2.86343419441161,,,,,INR,,,,,{},2026-08-21 22:27:51.606989+00:00
60a51249-0022-4b34-9402-e56d9c4f4f57,8f176ebf-b1bd-4696-90e4-be5da4bb63b6,cbb5e1eb-bc8d-4ddd-9195-fe8ac530a118,Residual Maturity,3.5,,,,,INR,,,,,{},2026-08-21 22:27:51.606989+00:00
be633d75-30e0-490d-a7a7-5300f6405a26,8f176ebf-b1bd-4696-90e4-be5da4bb63b6,cbb5e1eb-bc8d-4ddd-9195-fe8ac530a118,As on (Date),2025-03-31 00:00:00,,,,,INR,,,,,{},2026-08-21 22:27:51.606989+00:00
daa05999-7c5c-4305-af5a-30e9d07a3eea,c59f97f8-48fe-49b2-9b93-c9d26f4d00ac,cbb5e1eb-bc8d-4ddd-9195-fe8ac530a118,Scheme Name:,DSP Strategic Bond Fund,,,,,INR,,,,,{},2026-08-21 22:27:51.606989+00:00
cf0b93bd-57a2-468a-b1b3-eb51ab631a89,c59f97f8-48fe-49b2-9b93-c9d26f4d00ac,cbb5e1eb-bc8d-4ddd-9195-fe8ac530a118,Annualised Portfolio YTM*:,0.0707,,,,,INR,,,,,{},2026-08-21 22:27:51.606989+00:00
16e7d7b2-a91e-4b95-a211-9d7e7435e177,c59f97f8-48fe-49b2-9b93-c9d26f4d00ac,cbb5e1eb-bc8d-4ddd-9195-fe8ac530a118,Macaulay Duration,11.43,,,,,INR,,,,,{},2026-08-21 22:27:51.606989+00:00
c1465f22-afb2-49c0-a5ee-f6e234b39e39,c59f97f8-48fe-49b2-9b93-c9d26f4d00ac,cbb5e1eb-bc8d-4ddd-9195-fe8ac530a118,Residual Maturity,27.68,,,,,INR,,,,,{},2026-08-21 22:27:51.606989+00:00
d8014f5d-f21e-4d41-9597-523b30f7ca36,c59f97f8-48fe-49b2-9b93-c9d26f4d00ac,cbb5e1eb-bc8d-4ddd-9195-fe8ac530a118,As on (Date),2025-03-31 00:00:00,,,,,INR,,,,,{},2026-08-21 22:27:51.606989+00:00
c897e4eb-897d-41aa-ac7e-ed1eb267fefb,2fae2a62-d20d-47ce-afa9-2db98b06ad1a,cbb5e1eb-bc8d-4ddd-9195-fe8ac530a118,Scheme Name:,DSP Bond Fund,,,,,INR,,,,,{},2026-08-21 22:27:51.606989+00:00
b5a3518f-5138-403e-b45c-d02c77ece98f,2fae2a62-d20d-47ce-afa9-2db98b06ad1a,cbb5e1eb-bc8d-4ddd-9195-fe8ac530a118,Annualised Portfolio YTM*:,0.0713,,,,,INR,,,,,{},2026-08-21 22:27:51.606989+00:00
e4861a78-6bff-4256-ac6e-0b0ea22f20e9,2fae2a62-d20d-47ce-afa9-2db98b06ad1a,cbb5e1eb-bc8d-4ddd-9195-fe8ac530a118,Macaulay Duration,3.57117720039933,,,,,INR,,,,,{},2026-08-21 22:27:51.606989+00:00
d8a0d56f-fd2b-4b42-a337-7c897288381f,2fae2a62-d20d-47ce-afa9-2db98b06ad1a,cbb5e1eb-bc8d-4ddd-9195-fe8ac530a118,Residual Maturity,4.17227990851636,,,,,INR,,,,,{},2026-08-21 22:27:51.606989+00:00
34a9f6f8-fa41-493f-94d4-84d552648b30,2fae2a62-d20d-47ce-afa9-2db98b06ad1a,cbb5e1eb-bc8d-4ddd-9195-fe8ac530a118,As on (Date),2025-03-31 00:00:00,,,,,INR,,,,,{},2026-08-21 22:27:51.606989+00:00
8164e577-a15f-4f78-a1d9-2c7fea5270c4,5fa02d63-94cf-49c4-b2f2-5204f3628553,cbb5e1eb-bc8d-4ddd-9195-fe8ac530a118,Annualised Portfolio YTM*:,0.0704,,,,,INR,,,,,{},2026-08-21 22:27:51.606989+00:00
163ae3b6-ccc4-480e-a097-15bae0551915,5fa02d63-94cf-49c4-b2f2-5204f3628553,cbb5e1eb-bc8d-4ddd-9195-fe8ac530a118,Macaulay Duration,11.9,,,,,INR,,,,,{},2026-08-21 22:27:51.606989+00:00
bd95a355-fac7-45fb-bae3-7546d4b95584,5fa02d63-94cf-49c4-b2f2-5204f3628553,cbb5e1eb-bc8d-4ddd-9195-fe8ac530a118,Residual Maturity,29.24,,,,,INR,,,,,{},2026-08-21 22:27:51.606989+00:00
a5215376-0e20-4fa7-88ea-d5b58a8c89ac,5fa02d63-94cf-49c4-b2f2-5204f3628553,cbb5e1eb-bc8d-4ddd-9195-fe8ac530a118,As on (Date),2025-03-31 00:00:00,,,,,INR,,,,,{},2026-08-21 22:27:51.606989+00:00
520caea1-c6e3-4c5c-9f59-dd1bee01695f,2ff0c7b5-ec0f-4371-8afe-61a4b7224117,cbb5e1eb-bc8d-4ddd-9195-fe8ac530a118,Scheme Name:,DSP Savings Fund,,,,,INR,,,,,{},2026-08-21 22:27:51.606989+00:00
c478b2ef-431d-4486-821c-d0dc15baf3a6,2ff0c7b5-ec0f-4371-8afe-61a4b7224117,cbb5e1eb-bc8d-4ddd-9195-fe8ac530a118,Annualised Portfolio YTM*:,0.0705,,,,,INR,,,,,{},2026-08-21 22:27:51.606989+00:00
74813284-fef4-49ef-bc9d-a9d9fe4b83b8,2ff0c7b5-ec0f-4371-8afe-61a4b7224117,cbb5e1eb-bc8d-4ddd-9195-fe8ac530a118,Macaulay Duration,0.45,,,,,INR,,,,,{},2026-08-21 22:27:51.606989+00:00
ba58d33e-942f-43b4-8233-6813b039c014,2ff0c7b5-ec0f-4371-8afe-61a4b7224117,cbb5e1eb-bc8d-4ddd-9195-fe8ac530a118,Residual Maturity,0.45,,,,,INR,,,,,{},2026-08-21 22:27:51.606989+00:00
6aa3ab77-1f5a-4363-a1a1-28c36623b894,2ff0c7b5-ec0f-4371-8afe-61a4b7224117,cbb5e1eb-bc8d-4ddd-9195-fe8ac530a118,As on (Date),2025-03-31 00:00:00,,,,,INR,,,,,{},2026-08-21 22:27:51.606989+00:00
ec454949-1119-4c91-97d5-3ffa0664fe95,d261d9a5-22b9-44ab-98da-1f68d27ac487,cbb5e1eb-bc8d-4ddd-9195-fe8ac530a118,Scheme Name:,DSP Regular Savings Fund,,,,,INR,,,,,{},2026-08-21 22:27:51.606989+00:00
14ade49e-fe42-4515-a1d2-f1c968d567bf,d261d9a5-22b9-44ab-98da-1f68d27ac487,cbb5e1eb-bc8d-4ddd-9195-fe8ac530a118,Annualised Portfolio YTM*:,0.0687,,,,,INR,,,,,{},2026-08-21 22:27:51.606989+00:00
f72aa9a7-c1f7-4dc8-abc2-cb0b7b30c7d2,d261d9a5-22b9-44ab-98da-1f68d27ac487,cbb5e1eb-bc8d-4ddd-9195-fe8ac530a118,Macaulay Duration,2.21,,,,,INR,,,,,{},2026-08-21 22:27:51.606989+00:00
f9e84bfb-df2b-418c-af96-c54db7ac9248,d261d9a5-22b9-44ab-98da-1f68d27ac487,cbb5e1eb-bc8d-4ddd-9195-fe8ac530a118,Residual Maturity,2.63457409090604,,,,,INR,,,,,{},2026-08-21 22:27:51.606989+00:00
3a812412-2f62-478b-9289-d82170b336c1,d261d9a5-22b9-44ab-98da-1f68d27ac487,cbb5e1eb-bc8d-4ddd-9195-fe8ac530a118,As on (Date),2025-03-31 00:00:00,,,,,INR,,,,,{},2026-08-21 22:27:51.606989+00:00
5580091c-05a6-4eba-8280-a9ff94c6e156,a14edabe-48d2-4c76-9f14-b97545126ba4,cbb5e1eb-bc8d-4ddd-9195-fe8ac530a118,Scheme Name:,DSP Corporate Bond Fund,,,,,INR,,,,,{},2026-08-21 22:27:51.606989+00:00
614332d2-5227-4d14-abc7-866972838d67,a14edabe-48d2-4c76-9f14-b97545126ba4,cbb5e1eb-bc8d-4ddd-9195-fe8ac530a118,Annualised Portfolio YTM*:,0.0723,,,,,INR,,,,,{},2026-08-21 22:27:51.606989+00:00
2edec111-b72f-4e8a-a9aa-6e1a8ac16e88,a14edabe-48d2-4c76-9f14-b97545126ba4,cbb5e1eb-bc8d-4ddd-9195-fe8ac530a118,Macaulay Duration,1.84,,,,,INR,,,,,{},2026-08-21 22:27:51.606989+00:00
e7d62991-b5b6-4fa1-afb2-2cfce8877d35,a14edabe-48d2-4c76-9f14-b97545126ba4,cbb5e1eb-bc8d-4ddd-9195-fe8ac530a118,Residual Maturity,1.97063598803097,,,,,INR,,,,,{},2026-08-21 22:27:51.606989+00:00
5b11c752-d584-4d4a-943e-d93da80dcc3b,a14edabe-48d2-4c76-9f14-b97545126ba4,cbb5e1eb-bc8d-4ddd-9195-fe8ac530a118,As on (Date),2025-03-31 00:00:00,,,,,INR,,,,,{},2026-08-21 22:27:51.606989+00:00
a867c35b-86f2-4d6e-9c60-53abd8b63051,223147c2-8b24-45da-8811-fc97b939fe42,cbb5e1eb-bc8d-4ddd-9195-fe8ac530a118,Scheme Name:,DSP Banking and PSU Debt Fund,,,,,INR,,,,,{},2026-08-21 22:27:51.606989+00:00
e5b9a175-6cd7-420b-9582-8402a3a581e3,223147c2-8b24-45da-8811-fc97b939fe42,cbb5e1eb-bc8d-4ddd-9195-fe8ac530a118,Annualised Portfolio YTM*:,0.0716,,,,,INR,,,,,{},2026-08-21 22:27:51.606989+00:00
d273ab6e-7380-469e-a17f-65f937a84b16,223147c2-8b24-45da-8811-fc97b939fe42,cbb5e1eb-bc8d-4ddd-9195-fe8ac530a118,Macaulay Duration,5.69864183592519,,,,,INR,,,,,{},2026-08-21 22:27:51.606989+00:00
0a9616da-e145-40eb-8c69-641c1371d766,223147c2-8b24-45da-8811-fc97b939fe42,cbb5e1eb-bc8d-4ddd-9195-fe8ac530a118,Residual Maturity,9.87,,,,,INR,,,,,{},2026-08-21 22:27:51.606989+00:00
a94720a2-8e9e-4200-b1af-e43605f6820c,223147c2-8b24-45da-8811-fc97b939fe42,cbb5e1eb-bc8d-4ddd-9195-fe8ac530a118,As on (Date),2025-03-31 00:00:00,,,,,INR,,,,,{},2026-08-21 22:27:51.606989+00:00
33bc4bf2-5227-4053-a8e3-0d9f57b2f543,31b98558-3446-4859-afd0-60e7b0c9b47d,cbb5e1eb-bc8d-4ddd-9195-fe8ac530a118,Scheme Name:,DSP Income Plus Arbitrage Fund of Fund,,,,,INR,,,,,{},2026-08-21 22:27:51.606989+00:00
7f160023-f9bc-4f06-bbd4-a9c4027bf87b,31b98558-3446-4859-afd0-60e7b0c9b47d,cbb5e1eb-bc8d-4ddd-9195-fe8ac530a118,Annualised Portfolio YTM*:,0.070259903385099,,,,,INR,,,,,{},2026-08-21 22:27:51.606989+00:00
fbeaf477-e4f1-45c4-8f48-6d0efc1b6c70,31b98558-3446-4859-afd0-60e7b0c9b47d,cbb5e1eb-bc8d-4ddd-9195-fe8ac530a118,Macaulay Duration,2.75243320008551,,,,,INR,,,,,{},2026-08-21 22:27:51.606989+00:00
cf513183-e849-4d02-bbd8-afbe0047e954,31b98558-3446-4859-afd0-60e7b0c9b47d,cbb5e1eb-bc8d-4ddd-9195-fe8ac530a118,Residual Maturity,0.0027517568412919,,,,,INR,,,,,{},2026-08-21 22:27:51.606989+00:00
6248b4d2-8ac5-4dea-a966-d61b1b535a28,deb98325-1455-4142-bdee-b7897cc7c62d,cbb5e1eb-bc8d-4ddd-9195-fe8ac530a118,Scheme Name:,DSP 10Y G-Sec Fund,,,,,INR,,,,,{},2026-08-21 22:27:51.606989+00:00
209bb577-38d6-444a-aa2a-e64e157cde33,deb98325-1455-4142-bdee-b7897cc7c62d,cbb5e1eb-bc8d-4ddd-9195-fe8ac530a118,Annualised Portfolio YTM*:,0.067,,,,,INR,,,,,{},2026-08-21 22:27:51.606989+00:00
ac4bce10-5f08-4f30-896d-8d802c10597e,deb98325-1455-4142-bdee-b7897cc7c62d,cbb5e1eb-bc8d-4ddd-9195-fe8ac530a118,Macaulay Duration,6.69,,,,,INR,,,,,{},2026-08-21 22:27:51.606989+00:00
adba6687-b694-4b21-9448-5344a0dec35b,deb98325-1455-4142-bdee-b7897cc7c62d,cbb5e1eb-bc8d-4ddd-9195-fe8ac530a118,Residual Maturity,9.16,,,,,INR,,,,,{},2026-08-21 22:27:51.606989+00:00
a68399c8-5939-4181-b6d6-7fe6f2b2d3e5,deb98325-1455-4142-bdee-b7897cc7c62d,cbb5e1eb-bc8d-4ddd-9195-fe8ac530a118,As on (Date),2025-03-31 00:00:00,,,,,INR,,,,,{},2026-08-21 22:27:51.606989+00:00
096fdf61-e4ab-43a8-bcc8-fd7f72e55215,77de0052-85e0-4f1a-a4ff-6fb32ec99c92,cbb5e1eb-bc8d-4ddd-9195-fe8ac530a118,Scheme Name:,DSP NIFTY 1D Rate Liquid ETF,,,,,INR,,,,,{},2026-08-21 22:27:51.606989+00:00
409e4090-3bfd-4205-87c5-f7143fce9360,77de0052-85e0-4f1a-a4ff-6fb32ec99c92,cbb5e1eb-bc8d-4ddd-9195-fe8ac530a118,Annualised Portfolio YTM*:,0.0682,,,,,INR,,,,,{},2026-08-21 22:27:51.606989+00:00
b1649323-e521-4ab6-ad4d-98f3a53a038e,77de0052-85e0-4f1a-a4ff-6fb32ec99c92,cbb5e1eb-bc8d-4ddd-9195-fe8ac530a118,Macaulay Duration,0,,,,,INR,,,,,{},2026-08-21 22:27:51.606989+00:00
9beef73c-42c4-49e7-a96d-e33fba6997db,77de0052-85e0-4f1a-a4ff-6fb32ec99c92,cbb5e1eb-bc8d-4ddd-9195-fe8ac530a118,Residual Maturity,0.01,,,,,INR,,,,,{},2026-08-21 22:27:51.606989+00:00
ed08fcd5-9fa7-44cd-86ba-cf81c1fa3517,77de0052-85e0-4f1a-a4ff-6fb32ec99c92,cbb5e1eb-bc8d-4ddd-9195-fe8ac530a118,As on (Date),2025-03-31 00:00:00,,,,,INR,,,,,{},2026-08-21 22:27:51.606989+00:00
ec442ebc-47ef-4014-b87e-841031f1fab8,c7b58475-3b99-4fa2-98c3-3d2dda65c37f,cbb5e1eb-bc8d-4ddd-9195-fe8ac530a118,Scheme Name:,DSP Overnight Fund,,,,,INR,,,,,{},2026-08-21 22:27:51.606989+00:00
633cc4fb-224c-474b-aa90-891a0cedf84a,c7b58475-3b99-4fa2-98c3-3d2dda65c37f,cbb5e1eb-bc8d-4ddd-9195-fe8ac530a118,Annualised Portfolio YTM*:,0.0707,,,,,INR,,,,,{},2026-08-21 22:27:51.606989+00:00
1d83c956-ed9d-4e7e-8940-be586399037f,c7b58475-3b99-4fa2-98c3-3d2dda65c37f,cbb5e1eb-bc8d-4ddd-9195-fe8ac530a118,Macaulay Duration,0,,,,,INR,,,,,{},2026-08-21 22:27:51.606989+00:00
634fba70-363b-40d5-9fa8-27b656204e74,c7b58475-3b99-4fa2-98c3-3d2dda65c37f,cbb5e1eb-bc8d-4ddd-9195-fe8ac530a118,Residual Maturity,0.01,,,,,INR,,,,,{},2026-08-21 22:27:51.606989+00:00
15e11fc8-4aef-4b65-b97d-fd3030ae4da6,c7b58475-3b99-4fa2-98c3-3d2dda65c37f,cbb5e1eb-bc8d-4ddd-9195-fe8ac530a118,As on (Date),2025-03-31 00:00:00,,,,,INR,,,,,{},2026-08-21 22:27:51.606989+00:00
79b876a1-7b92-44ff-a660-df21d3fd5bec,511ec12d-ac26-4a9e-8dea-2b7aa7bf934a,cbb5e1eb-bc8d-4ddd-9195-fe8ac530a118,Scheme Name:,DSP NIFTY SDL PLUS G-SEC JUN 2028 30:70 INDEX FUND,,,,,INR,,,,,{},2026-08-21 22:27:51.606989+00:00
9ddf8312-d7f8-4a36-a707-96c7c46cc47b,511ec12d-ac26-4a9e-8dea-2b7aa7bf934a,cbb5e1eb-bc8d-4ddd-9195-fe8ac530a118,Annualised Portfolio YTM*:,0.0669,,,,,INR,,,,,{},2026-08-21 22:27:51.606989+00:00
457c6380-7e90-4f2a-b9d8-7466fdd498b5,b621384d-63bb-4bc1-abfe-83c12ee24091,cbb5e1eb-bc8d-4ddd-9195-fe8ac530a118,Scheme Name:,DSP Crisil SDL Plus G-Sec Apr 2033 5050 Index Fund,,,,,INR,,,,,{},2026-08-21 22:27:51.606989+00:00
c2dc08cf-9947-4eaa-a10c-01d22c99fe5b,b621384d-63bb-4bc1-abfe-83c12ee24091,cbb5e1eb-bc8d-4ddd-9195-fe8ac530a118,Annualised Portfolio YTM*:,0.0686,,,,,INR,,,,,{},2026-08-21 22:27:51.606989+00:00
daf27119-100f-4ef2-b03e-56ed0a657268,b621384d-63bb-4bc1-abfe-83c12ee24091,cbb5e1eb-bc8d-4ddd-9195-fe8ac530a118,Macaulay Duration,5.81,,,,,INR,,,,,{},2026-08-21 22:27:51.606989+00:00
7345adaf-187f-4cf5-a3a7-4613765b5dac,b621384d-63bb-4bc1-abfe-83c12ee24091,cbb5e1eb-bc8d-4ddd-9195-fe8ac530a118,Residual Maturity,7.48,,,,,INR,,,,,{},2026-08-21 22:27:51.606989+00:00
66c9fc66-69cd-4225-a97d-94cf1a0f3ef9,b621384d-63bb-4bc1-abfe-83c12ee24091,cbb5e1eb-bc8d-4ddd-9195-fe8ac530a118,As on (Date),2025-03-31 00:00:00,,,,,INR,,,,,{},2026-08-21 22:27:51.606989+00:00
0595ba97-cb22-4899-969d-ab9116cbf5de,f3c71637-8fce-4289-89a6-119fb8881fb8,cbb5e1eb-bc8d-4ddd-9195-fe8ac530a118,Scheme Name:,DSP Nifty SDL Plus G-Sec Sep 2027 50:50 Index Fund,,,,,INR,,,,,{},2026-08-21 22:27:51.606989+00:00
5fce8c1d-ae37-4d05-abb4-c3d90f786127,f3c71637-8fce-4289-89a6-119fb8881fb8,cbb5e1eb-bc8d-4ddd-9195-fe8ac530a118,Annualised Portfolio YTM*:,0.0673,,,,,INR,,,,,{},2026-08-21 22:27:51.606989+00:00
b8e455a1-aa9a-4804-b7f9-3c9eac902a86,f3c71637-8fce-4289-89a6-119fb8881fb8,cbb5e1eb-bc8d-4ddd-9195-fe8ac530a118,Macaulay Duration,2.12,,,,,INR,,,,,{},2026-08-21 22:27:51.606989+00:00
4563319a-b137-4131-9ec2-1c2a8df637e8,f3c71637-8fce-4289-89a6-119fb8881fb8,cbb5e1eb-bc8d-4ddd-9195-fe8ac530a118,Residual Maturity,2.29,,,,,INR,,,,,{},2026-08-21 22:27:51.606989+00:00
64c79854-370a-4305-8ad1-c2617ce0fe03,f3c71637-8fce-4289-89a6-119fb8881fb8,cbb5e1eb-bc8d-4ddd-9195-fe8ac530a118,As on (Date),2025-03-31 00:00:00,,,,,INR,,,,,{},2026-08-21 22:27:51.606989+00:00
759ca7ea-6823-4753-9fc4-6bdd62bb7fa3,a56c15d9-9072-4a7d-b591-f2212bc23d5a,cbb5e1eb-bc8d-4ddd-9195-fe8ac530a118,Scheme Name:,DSP BSE Liquid Rate ETF,,,,,INR,,,,,{},2026-08-21 22:27:51.606989+00:00
98589e55-7c98-424f-9bc2-7467e86b83b6,a56c15d9-9072-4a7d-b591-f2212bc23d5a,cbb5e1eb-bc8d-4ddd-9195-fe8ac530a118,Annualised Portfolio YTM*:,0.0682,,,,,INR,,,,,{},2026-08-21 22:27:51.606989+00:00
5371b5b0-433d-4ba3-990f-1bff13b90a7e,a56c15d9-9072-4a7d-b591-f2212bc23d5a,cbb5e1eb-bc8d-4ddd-9195-fe8ac530a118,Macaulay Duration,0,,,,,INR,,,,,{},2026-08-21 22:27:51.606989+00:00
b5fac574-d7ca-4c4c-952d-7514decfab06,a56c15d9-9072-4a7d-b591-f2212bc23d5a,cbb5e1eb-bc8d-4ddd-9195-fe8ac530a118,Residual Maturity,0.01,,,,,INR,,,,,{},2026-08-21 22:27:51.606989+00:00
781eace2-830f-47b8-a20b-19f830ec4a25,a56c15d9-9072-4a7d-b591-f2212bc23d5a,cbb5e1eb-bc8d-4ddd-9195-fe8ac530a118,As on (Date),2025-03-31 00:00:00,,,,,INR,,,,,{},2026-08-21 22:27:51.606989+00:00
f3f2342f-9652-4ac9-863f-b4c8834f9bdd,34f1a4b0-feee-42e3-87d7-68cb34f29360,cbb5e1eb-bc8d-4ddd-9195-fe8ac530a118,Scheme Name:,DSP US Treasury Fund of Fund,,,,,INR,,,,,{},2026-08-21 22:27:51.606989+00:00
ae39fc79-ae98-4335-a5e2-d1380e6077af,34f1a4b0-feee-42e3-87d7-68cb34f29360,cbb5e1eb-bc8d-4ddd-9195-fe8ac530a118,Annualised Portfolio YTM*:,0.0419,,,,,INR,,,,,{},2026-08-21 22:27:51.606989+00:00
6215adcd-c375-4ba0-a998-79f9a0f78aa5,34f1a4b0-feee-42e3-87d7-68cb34f29360,cbb5e1eb-bc8d-4ddd-9195-fe8ac530a118,Macaulay Duration,6.06016349203776,,,,,INR,,,,,{},2026-08-21 22:27:51.606989+00:00
76a934a6-82bb-40b9-82ef-81ffd8ee904f,34f1a4b0-feee-42e3-87d7-68cb34f29360,cbb5e1eb-bc8d-4ddd-9195-fe8ac530a118,Residual Maturity,0,,,,,INR,,,,,{},2026-08-21 22:27:51.606989+00:00
4e353231-9a8a-476c-9955-588b36efa16c,34f1a4b0-feee-42e3-87d7-68cb34f29360,cbb5e1eb-bc8d-4ddd-9195-fe8ac530a118,As on (Date),2025-03-31 00:00:00,,,,,INR,,,,,{},2026-08-21 22:27:51.606989+00:00
8faac1a6-b7be-496b-8246-561873a5c3a7,57bf7fdd-93b0-487e-ad92-4a8aa8661288,cbb5e1eb-bc8d-4ddd-9195-fe8ac530a118,Scheme Name:,DSP FMP Series 270 - 1144 Days,,,,,INR,,,,,{},2026-08-21 22:27:51.606989+00:00
d481bc71-2906-42b9-92a5-c32c044a1f08,57bf7fdd-93b0-487e-ad92-4a8aa8661288,cbb5e1eb-bc8d-4ddd-9195-fe8ac530a118,Annualised Portfolio YTM*:,0.0664,,,,,INR,,,,,{},2026-08-21 22:27:51.606989+00:00
b3879780-9b97-4dec-bc7e-31e14a047ca5,57bf7fdd-93b0-487e-ad92-4a8aa8661288,cbb5e1eb-bc8d-4ddd-9195-fe8ac530a118,Macaulay Duration,1.02,,,,,INR,,,,,{},2026-08-21 22:27:51.606989+00:00
c20d88af-fcb2-4dcd-8d1d-bb897c21bdce,57bf7fdd-93b0-487e-ad92-4a8aa8661288,cbb5e1eb-bc8d-4ddd-9195-fe8ac530a118,Residual Maturity,1.03,,,,,INR,,,,,{},2026-08-21 22:27:51.606989+00:00
577a75a1-c871-483b-b588-85954abd5b68,57bf7fdd-93b0-487e-ad92-4a8aa8661288,cbb5e1eb-bc8d-4ddd-9195-fe8ac530a118,As on (Date),2025-03-31 00:00:00,,,,,INR,,,,,{},2026-08-21 22:27:51.606989+00:00
26285f6d-f082-46e8-8f93-b5229f4db4d7,a2565b16-cc39-456f-92b3-f92c0ea1d287,cbb5e1eb-bc8d-4ddd-9195-fe8ac530a118,Scheme Name:,DSP FMP Series 268 - 1281 Days,,,,,INR,,,,,{},2026-08-21 22:27:51.606989+00:00
5c711404-0234-4d34-b854-b753b0189df4,a2565b16-cc39-456f-92b3-f92c0ea1d287,cbb5e1eb-bc8d-4ddd-9195-fe8ac530a118,Annualised Portfolio YTM*:,0.0671,,,,,INR,,,,,{},2026-08-21 22:27:51.606989+00:00
ab0ce985-3311-489a-800b-45acb269599d,a2565b16-cc39-456f-92b3-f92c0ea1d287,cbb5e1eb-bc8d-4ddd-9195-fe8ac530a118,Macaulay Duration,0.89,,,,,INR,,,,,{},2026-08-21 22:27:51.606989+00:00
e28d5af7-0a32-4163-b194-e75761e18547,a2565b16-cc39-456f-92b3-f92c0ea1d287,cbb5e1eb-bc8d-4ddd-9195-fe8ac530a118,Residual Maturity,0.92,,,,,INR,,,,,{},2026-08-21 22:27:51.606989+00:00
72ded1ee-1aca-46d6-bcb7-9b4a072fcdcc,a2565b16-cc39-456f-92b3-f92c0ea1d287,cbb5e1eb-bc8d-4ddd-9195-fe8ac530a118,As on (Date),2025-03-31 00:00:00,,,,,INR,,,,,{},2026-08-21 22:27:51.606989+00:00
ecce739a-e493-4306-9dca-b6403abadff0,e771da65-7c99-4e13-8cdb-d52228fbc2a9,cbb5e1eb-bc8d-4ddd-9195-fe8ac530a118,Scheme Name:,DSP FMP Series 267 - 1246 Days,,,,,INR,,,,,{},2026-08-21 22:27:51.606989+00:00
8ec8255a-ffc6-478b-a742-e93b33372cd9,e771da65-7c99-4e13-8cdb-d52228fbc2a9,cbb5e1eb-bc8d-4ddd-9195-fe8ac530a118,Annualised Portfolio YTM*:,0.0663,,,,,INR,,,,,{},2026-08-21 22:27:51.606989+00:00
4f10c2f1-6f94-4fe1-8a47-5cc542737746,e771da65-7c99-4e13-8cdb-d52228fbc2a9,cbb5e1eb-bc8d-4ddd-9195-fe8ac530a118,Macaulay Duration,1.03,,,,,INR,,,,,{},2026-08-21 22:27:51.606989+00:00
b6fdc091-60d4-4a20-b227-60a9bf1219fb,e771da65-7c99-4e13-8cdb-d52228fbc2a9,cbb5e1eb-bc8d-4ddd-9195-fe8ac530a118,Residual Maturity,1.03,,,,,INR,,,,,{},2026-08-21 22:27:51.606989+00:00
b342897b-52de-447f-9a92-3f15d6abf0cf,e771da65-7c99-4e13-8cdb-d52228fbc2a9,cbb5e1eb-bc8d-4ddd-9195-fe8ac530a118,As on (Date),2025-03-31 00:00:00,,,,,INR,,,,,{},2026-08-21 22:27:51.606989+00:00
f5c05203-06b3-4bfb-92c2-b95c15d95a6f,bf03b6d4-f183-4273-9233-2f464066a549,cbb5e1eb-bc8d-4ddd-9195-fe8ac530a118,Scheme Name:,DSP FMP Series 264 - 60M - 17D,,,,,INR,,,,,{},2026-08-21 22:27:51.606989+00:00
35b9609f-31d8-4867-9112-5a2af20cd58b,bf03b6d4-f183-4273-9233-2f464066a549,cbb5e1eb-bc8d-4ddd-9195-fe8ac530a118,Annualised Portfolio YTM*:,0.0677,,,,,INR,,,,,{},2026-08-21 22:27:51.606989+00:00
b4a295ee-f251-4801-883d-1da9d0932fa1,bf03b6d4-f183-4273-9233-2f464066a549,cbb5e1eb-bc8d-4ddd-9195-fe8ac530a118,Macaulay Duration,1.34,,,,,INR,,,,,{},2026-08-21 22:27:51.606989+00:00
8465137e-c720-454e-953d-f5fe9f163301,bf03b6d4-f183-4273-9233-2f464066a549,cbb5e1eb-bc8d-4ddd-9195-fe8ac530a118,Residual Maturity,1.4,,,,,INR,,,,,{},2026-08-21 22:27:51.606989+00:00
07d409fe-df3d-47ed-a1f5-9ba30bd8db3a,bf03b6d4-f183-4273-9233-2f464066a549,cbb5e1eb-bc8d-4ddd-9195-fe8ac530a118,As on (Date),2025-03-31 00:00:00,,,,,INR,,,,,{},2026-08-21 22:27:51.606989+00:00
120fa408-9fba-4876-b859-59e5b94e5876,b1052d40-184f-42f5-bbef-a63f027d6945,cbb5e1eb-bc8d-4ddd-9195-fe8ac530a118,Scheme Name:,DSP Liquidity Fund,,,,,INR,,,,,{},2026-08-21 22:28:00.333201+00:00
27dfdd3a-73a7-4a72-8134-67858fea1d9a,b1052d40-184f-42f5-bbef-a63f027d6945,cbb5e1eb-bc8d-4ddd-9195-fe8ac530a118,Annualised Portfolio YTM*:,0.0644,,,,,INR,,,,,{},2026-08-21 22:28:00.333201+00:00
aaca5af4-74a9-4f85-925d-23316ea433aa,b1052d40-184f-42f5-bbef-a63f027d6945,cbb5e1eb-bc8d-4ddd-9195-fe8ac530a118,Macaulay Duration,0.13,,,,,INR,,,,,{},2026-08-21 22:28:00.333201+00:00
30e6bcca-eba1-447d-a8ef-cb5942f4351a,b1052d40-184f-42f5-bbef-a63f027d6945,cbb5e1eb-bc8d-4ddd-9195-fe8ac530a118,Residual Maturity,0.13,,,,,INR,,,,,{},2026-08-21 22:28:00.333201+00:00
6d45144e-aa5d-4b5b-b9df-d368e9b9760c,b1052d40-184f-42f5-bbef-a63f027d6945,cbb5e1eb-bc8d-4ddd-9195-fe8ac530a118,As on (Date),2026-02-28 00:00:00,,,,,INR,,,,,{},2026-08-21 22:28:00.333201+00:00
1e2a717c-319b-4030-b1f2-841b621ca8a8,363fcd54-58de-409c-83a1-9307268d95ae,cbb5e1eb-bc8d-4ddd-9195-fe8ac530a118,Scheme Name:,DSP Credit Risk Fund,,,,,INR,,,,,{},2026-08-21 22:28:00.333201+00:00
e11b9ffd-f21a-4784-a160-706689c59733,363fcd54-58de-409c-83a1-9307268d95ae,cbb5e1eb-bc8d-4ddd-9195-fe8ac530a118,Annualised Portfolio YTM*:,0.0746,,,,,INR,,,,,{},2026-08-21 22:28:00.333201+00:00
1e501920-626e-4a10-a8f7-1366b02583f7,363fcd54-58de-409c-83a1-9307268d95ae,cbb5e1eb-bc8d-4ddd-9195-fe8ac530a118,Macaulay Duration,2.27,,,,,INR,,,,,{},2026-08-21 22:28:00.333201+00:00
d706c371-07cd-4ab9-9903-1b929990d9f4,6b5d2872-40b1-4bb7-a0c1-e5368cadff36,cbb5e1eb-bc8d-4ddd-9195-fe8ac530a118,Scheme Name:,DSP Strategic Bond Fund,,,,,INR,,,,,{},2026-08-21 22:28:00.333201+00:00
72ab203f-8291-4a82-a8a2-ddda25fb7e49,6b5d2872-40b1-4bb7-a0c1-e5368cadff36,cbb5e1eb-bc8d-4ddd-9195-fe8ac530a118,Annualised Portfolio YTM*:,0.0726,,,,,INR,,,,,{},2026-08-21 22:28:00.333201+00:00
1c011e12-1493-4246-9641-66a5d04be8ea,6b5d2872-40b1-4bb7-a0c1-e5368cadff36,cbb5e1eb-bc8d-4ddd-9195-fe8ac530a118,Macaulay Duration,8.56,,,,,INR,,,,,{},2026-08-21 22:28:00.333201+00:00
2ebeb509-e0d7-4d66-a5f0-ee395eb95680,6b5d2872-40b1-4bb7-a0c1-e5368cadff36,cbb5e1eb-bc8d-4ddd-9195-fe8ac530a118,Residual Maturity,19.88,,,,,INR,,,,,{},2026-08-21 22:28:00.333201+00:00
235f31ff-3bb1-4566-9c9d-2a40be3a72aa,6b5d2872-40b1-4bb7-a0c1-e5368cadff36,cbb5e1eb-bc8d-4ddd-9195-fe8ac530a118,As on (Date),2026-02-28 00:00:00,,,,,INR,,,,,{},2026-08-21 22:28:00.333201+00:00
600d7e36-384b-4460-a844-8b4fa06fe257,62889a4c-18a0-4360-a661-25a9cd03d7e3,cbb5e1eb-bc8d-4ddd-9195-fe8ac530a118,Scheme Name:,DSP Bond Fund,,,,,INR,,,,,{},2026-08-21 22:28:00.333201+00:00
edc64439-e639-4c88-afd9-4854683039eb,62889a4c-18a0-4360-a661-25a9cd03d7e3,cbb5e1eb-bc8d-4ddd-9195-fe8ac530a118,Annualised Portfolio YTM*:,0.0707,,,,,INR,,,,,{},2026-08-21 22:28:00.333201+00:00
a45f5205-62fe-4bef-9470-0f92a85babf1,62889a4c-18a0-4360-a661-25a9cd03d7e3,cbb5e1eb-bc8d-4ddd-9195-fe8ac530a118,Macaulay Duration,3.38,,,,,INR,,,,,{},2026-08-21 22:28:00.333201+00:00
bfc6fb0d-5048-4379-8a50-3ffefbe2b0f7,62889a4c-18a0-4360-a661-25a9cd03d7e3,cbb5e1eb-bc8d-4ddd-9195-fe8ac530a118,Residual Maturity,3.94,,,,,INR,,,,,{},2026-08-21 22:28:00.333201+00:00
c97e3aba-3670-455f-b3da-eb6a2a6ee28d,62889a4c-18a0-4360-a661-25a9cd03d7e3,cbb5e1eb-bc8d-4ddd-9195-fe8ac530a118,As on (Date),2026-02-28 00:00:00,,,,,INR,,,,,{},2026-08-21 22:28:00.333201+00:00
818186b4-f99a-4346-9521-54ebd93413da,05476498-9a2a-47cb-89a9-1eb58ac325c0,cbb5e1eb-bc8d-4ddd-9195-fe8ac530a118,Scheme Name:,DSP Gilt Fund,,,,,INR,,,,,{},2026-08-21 22:28:00.333201+00:00
3a36cfb5-9d8e-44e3-a557-762dde4d8aa4,05476498-9a2a-47cb-89a9-1eb58ac325c0,cbb5e1eb-bc8d-4ddd-9195-fe8ac530a118,Annualised Portfolio YTM*:,0.0753,,,,,INR,,,,,{},2026-08-21 22:28:00.333201+00:00
b0e5e789-8686-40c7-a420-7714f5d6ebc2,05476498-9a2a-47cb-89a9-1eb58ac325c0,cbb5e1eb-bc8d-4ddd-9195-fe8ac530a118,Macaulay Duration,11.72,,,,,INR,,,,,{},2026-08-21 22:28:00.333201+00:00
87a3837a-7fcd-4e52-b3b3-1d3e61625d51,05476498-9a2a-47cb-89a9-1eb58ac325c0,cbb5e1eb-bc8d-4ddd-9195-fe8ac530a118,Residual Maturity,28.05,,,,,INR,,,,,{},2026-08-21 22:28:00.333201+00:00
0aabc6a9-6252-4d73-84d8-5f0f498a3a1d,05476498-9a2a-47cb-89a9-1eb58ac325c0,cbb5e1eb-bc8d-4ddd-9195-fe8ac530a118,As on (Date),2026-02-28 00:00:00,,,,,INR,,,,,{},2026-08-21 22:28:00.333201+00:00
1da17889-5075-4f92-8362-17b1223ee12b,13b8de8d-e3b3-4382-b444-3edfcab4947a,cbb5e1eb-bc8d-4ddd-9195-fe8ac530a118,Macaulay Duration,0.68,,,,,INR,,,,,{},2026-08-21 22:28:00.333201+00:00
0c29baeb-a18f-4f00-b0a8-7e9d201e8f59,13b8de8d-e3b3-4382-b444-3edfcab4947a,cbb5e1eb-bc8d-4ddd-9195-fe8ac530a118,Scheme Name:,DSP Savings Fund,,,,,INR,,,,,{},2026-08-21 22:28:00.333201+00:00
3ef8f07c-c451-4ccf-b6f7-5353daf2d087,13b8de8d-e3b3-4382-b444-3edfcab4947a,cbb5e1eb-bc8d-4ddd-9195-fe8ac530a118,Annualised Portfolio YTM*:,0.0693,,,,,INR,,,,,{},2026-08-21 22:28:00.333201+00:00
5df52044-dc14-4eaf-a504-40008df37b86,df12f86f-e985-4385-adc3-77b0d98a2837,cbb5e1eb-bc8d-4ddd-9195-fe8ac530a118,Scheme Name:,DSP Regular Savings Fund,,,,,INR,,,,,{},2026-08-21 22:28:00.333201+00:00
4b7b1954-a508-49ef-b88a-6cd200d299db,df12f86f-e985-4385-adc3-77b0d98a2837,cbb5e1eb-bc8d-4ddd-9195-fe8ac530a118,Annualised Portfolio YTM*:,0.066,,,,,INR,,,,,{},2026-08-21 22:28:00.333201+00:00
d073c149-3ba9-43ce-aee1-4057834f19b5,df12f86f-e985-4385-adc3-77b0d98a2837,cbb5e1eb-bc8d-4ddd-9195-fe8ac530a118,Macaulay Duration,2.89,,,,,INR,,,,,{},2026-08-21 22:28:00.333201+00:00
8b2a8b8b-79a6-4ceb-97c5-a3f17dfa98d1,df12f86f-e985-4385-adc3-77b0d98a2837,cbb5e1eb-bc8d-4ddd-9195-fe8ac530a118,Residual Maturity,4.7,,,,,INR,,,,,{},2026-08-21 22:28:00.333201+00:00
b51a6bdd-7e5a-4b65-9e9c-9597bae8cded,df12f86f-e985-4385-adc3-77b0d98a2837,cbb5e1eb-bc8d-4ddd-9195-fe8ac530a118,As on (Date),2026-02-28 00:00:00,,,,,INR,,,,,{},2026-08-21 22:28:00.333201+00:00
171dc243-7bd2-4954-95cb-fea43269c28c,10ad78f2-1f9e-475e-b925-9a73a663204d,cbb5e1eb-bc8d-4ddd-9195-fe8ac530a118,Scheme Name:,DSP Corporate Bond Fund,,,,,INR,,,,,{},2026-08-21 22:28:00.333201+00:00
0312d9bc-2489-4e21-9537-df4078368a49,10ad78f2-1f9e-475e-b925-9a73a663204d,cbb5e1eb-bc8d-4ddd-9195-fe8ac530a118,Annualised Portfolio YTM*:,0.0686,,,,,INR,,,,,{},2026-08-21 22:28:00.333201+00:00
eeea12fc-3026-41a4-9370-0d05e6932d42,10ad78f2-1f9e-475e-b925-9a73a663204d,cbb5e1eb-bc8d-4ddd-9195-fe8ac530a118,Macaulay Duration,1.01,,,,,INR,,,,,{},2026-08-21 22:28:00.333201+00:00
92cd8a53-299f-4a79-8488-cf287163435d,10ad78f2-1f9e-475e-b925-9a73a663204d,cbb5e1eb-bc8d-4ddd-9195-fe8ac530a118,Residual Maturity,1.05,,,,,INR,,,,,{},2026-08-21 22:28:00.333201+00:00
aca31cfa-3295-409a-97eb-54254b456fe6,10ad78f2-1f9e-475e-b925-9a73a663204d,cbb5e1eb-bc8d-4ddd-9195-fe8ac530a118,As on (Date),2026-02-28 00:00:00,,,,,INR,,,,,{},2026-08-21 22:28:00.333201+00:00
97dfa7be-06e7-49cb-b5b1-d30925be8979,22f1b15b-1c63-413c-93c9-0f8fe5271517,cbb5e1eb-bc8d-4ddd-9195-fe8ac530a118,Scheme Name:,DSP Banking and PSU Debt Fund,,,,,INR,,,,,{},2026-08-21 22:28:00.333201+00:00
4df94e00-c464-407d-9932-ba125d0c722f,22f1b15b-1c63-413c-93c9-0f8fe5271517,cbb5e1eb-bc8d-4ddd-9195-fe8ac530a118,Annualised Portfolio YTM*:,0.0713,,,,,INR,,,,,{},2026-08-21 22:28:00.333201+00:00
03e332ba-aa2f-482c-a81a-61a023579fea,22f1b15b-1c63-413c-93c9-0f8fe5271517,cbb5e1eb-bc8d-4ddd-9195-fe8ac530a118,Macaulay Duration,4.32,,,,,INR,,,,,{},2026-08-21 22:28:00.333201+00:00
3e330ed9-88af-4e6b-9f3f-dc85b747d5fc,22f1b15b-1c63-413c-93c9-0f8fe5271517,cbb5e1eb-bc8d-4ddd-9195-fe8ac530a118,Residual Maturity,6.8,,,,,INR,,,,,{},2026-08-21 22:28:00.333201+00:00
79dc1861-6ee4-4f5b-a254-1040951400c2,22f1b15b-1c63-413c-93c9-0f8fe5271517,cbb5e1eb-bc8d-4ddd-9195-fe8ac530a118,As on (Date),2026-02-28 00:00:00,,,,,INR,,,,,{},2026-08-21 22:28:00.333201+00:00
08b1551d-86d2-4dec-b0c3-7190c65273b7,ea59472f-5dda-4f56-b0dd-cba0dba8ea44,cbb5e1eb-bc8d-4ddd-9195-fe8ac530a118,Scheme Name:,DSP Income Plus Arbitrage Omni FoF,,,,,INR,,,,,{},2026-08-21 22:28:00.333201+00:00
7a012220-bd6e-40fe-91d0-e737618fa3fa,ea59472f-5dda-4f56-b0dd-cba0dba8ea44,cbb5e1eb-bc8d-4ddd-9195-fe8ac530a118,Annualised Portfolio YTM*:,0.0693,,,,,INR,,,,,{},2026-08-21 22:28:00.333201+00:00
b79f39bb-5127-43be-b56b-4b334cb79c91,ea59472f-5dda-4f56-b0dd-cba0dba8ea44,cbb5e1eb-bc8d-4ddd-9195-fe8ac530a118,Macaulay Duration,2.7,,,,,INR,,,,,{},2026-08-21 22:28:00.333201+00:00
5a329cb2-36e8-46b9-b393-349e97bb6df3,ea59472f-5dda-4f56-b0dd-cba0dba8ea44,cbb5e1eb-bc8d-4ddd-9195-fe8ac530a118,Residual Maturity,4.06,,,,,INR,,,,,{},2026-08-21 22:28:00.333201+00:00
ecb01a38-3315-494b-806b-13e71da86083,ea59472f-5dda-4f56-b0dd-cba0dba8ea44,cbb5e1eb-bc8d-4ddd-9195-fe8ac530a118,As on (Date),2026-02-28 00:00:00,,,,,INR,,,,,{},2026-08-21 22:28:00.333201+00:00
2beaeffa-0618-41c3-940a-b1f209e05cf1,2663f05d-b3bd-4f5d-be47-2ab33a519e02,cbb5e1eb-bc8d-4ddd-9195-fe8ac530a118,Scheme Name:,DSP 10Y G-Sec Fund,,,,,INR,,,,,{},2026-08-21 22:28:00.333201+00:00
7a67304c-d8fd-4b65-a613-4987ae787fc4,2663f05d-b3bd-4f5d-be47-2ab33a519e02,cbb5e1eb-bc8d-4ddd-9195-fe8ac530a118,Annualised Portfolio YTM*:,0.0677,,,,,INR,,,,,{},2026-08-21 22:28:00.333201+00:00
91e5fa0e-7230-4a7e-9b25-c4572f96993d,2663f05d-b3bd-4f5d-be47-2ab33a519e02,cbb5e1eb-bc8d-4ddd-9195-fe8ac530a118,Macaulay Duration,7.06,,,,,INR,,,,,{},2026-08-21 22:28:00.333201+00:00
b6ccd259-e467-4719-8902-0dc5ca147748,2663f05d-b3bd-4f5d-be47-2ab33a519e02,cbb5e1eb-bc8d-4ddd-9195-fe8ac530a118,Residual Maturity,9.56,,,,,INR,,,,,{},2026-08-21 22:28:00.333201+00:00
65bfcc44-847b-46ae-9260-39aae8725bd6,2663f05d-b3bd-4f5d-be47-2ab33a519e02,cbb5e1eb-bc8d-4ddd-9195-fe8ac530a118,As on (Date),2026-02-28 00:00:00,,,,,INR,,,,,{},2026-08-21 22:28:00.333201+00:00
4e12f332-9ca1-4d33-a534-bf6708162f63,16a96514-a294-46ce-901c-b833cad422c8,cbb5e1eb-bc8d-4ddd-9195-fe8ac530a118,Scheme Name:,DSP NIFTY 1D Rate Liquid ETF,,,,,INR,,,,,{},2026-08-21 22:28:00.333201+00:00
bee40f55-3b2c-4292-a3cd-c4f40ac78e14,16a96514-a294-46ce-901c-b833cad422c8,cbb5e1eb-bc8d-4ddd-9195-fe8ac530a118,Annualised Portfolio YTM*:,0.0493,,,,,INR,,,,,{},2026-08-21 22:28:00.333201+00:00
240d7e42-550f-4d4e-8e0f-ad7943686aa6,16a96514-a294-46ce-901c-b833cad422c8,cbb5e1eb-bc8d-4ddd-9195-fe8ac530a118,Macaulay Duration,0,,,,,INR,,,,,{},2026-08-21 22:28:00.333201+00:00
e033ee88-11ae-4adf-a772-9a69b65e75b4,16a96514-a294-46ce-901c-b833cad422c8,cbb5e1eb-bc8d-4ddd-9195-fe8ac530a118,Residual Maturity,0.01,,,,,INR,,,,,{},2026-08-21 22:28:00.333201+00:00
3840a532-beab-437d-ba76-9809604ce692,16a96514-a294-46ce-901c-b833cad422c8,cbb5e1eb-bc8d-4ddd-9195-fe8ac530a118,As on (Date),2026-02-28 00:00:00,,,,,INR,,,,,{},2026-08-21 22:28:00.333201+00:00
3dfff711-9cb4-47b3-b6e3-0dbd0a90c463,bd316754-25a2-41c4-a71b-7c96c68bc2c4,cbb5e1eb-bc8d-4ddd-9195-fe8ac530a118,Scheme Name:,DSP Overnight Fund,,,,,INR,,,,,{},2026-08-21 22:28:00.333201+00:00
9ad9d091-823b-420d-9ac7-8bd40bf6131e,bd316754-25a2-41c4-a71b-7c96c68bc2c4,cbb5e1eb-bc8d-4ddd-9195-fe8ac530a118,Annualised Portfolio YTM*:,0.0507,,,,,INR,,,,,{},2026-08-21 22:28:00.333201+00:00
a9b67b9b-6c51-49f6-aad0-52e648e7ef9a,bd316754-25a2-41c4-a71b-7c96c68bc2c4,cbb5e1eb-bc8d-4ddd-9195-fe8ac530a118,Macaulay Duration,0,,,,,INR,,,,,{},2026-08-21 22:28:00.333201+00:00
e4c56f61-742e-4723-b0bd-dd71f26c3868,bd316754-25a2-41c4-a71b-7c96c68bc2c4,cbb5e1eb-bc8d-4ddd-9195-fe8ac530a118,Residual Maturity,0.01,,,,,INR,,,,,{},2026-08-21 22:28:00.333201+00:00
67c0de61-4263-411d-8910-cad424e97ca7,bd316754-25a2-41c4-a71b-7c96c68bc2c4,cbb5e1eb-bc8d-4ddd-9195-fe8ac530a118,As on (Date),2026-02-28 00:00:00,,,,,INR,,,,,{},2026-08-21 22:28:00.333201+00:00
cb65d140-6915-4354-b563-ea960ca3f964,ac293497-c767-44e8-9fe1-6db65b2d69dd,cbb5e1eb-bc8d-4ddd-9195-fe8ac530a118,Scheme Name:,DSP NIFTY SDL PLUS G-SEC JUN 2028 30:70 INDEX FUND,,,,,INR,,,,,{},2026-08-21 22:28:00.333201+00:00
93c11645-a71b-49e2-9716-42577adc1081,ac293497-c767-44e8-9fe1-6db65b2d69dd,cbb5e1eb-bc8d-4ddd-9195-fe8ac530a118,Annualised Portfolio YTM*:,0.0589,,,,,INR,,,,,{},2026-08-21 22:28:00.333201+00:00
bf87f068-e5d1-481c-bf64-e75252a2f751,ac293497-c767-44e8-9fe1-6db65b2d69dd,cbb5e1eb-bc8d-4ddd-9195-fe8ac530a118,Macaulay Duration,1.75,,,,,INR,,,,,{},2026-08-21 22:28:00.333201+00:00
24803092-e067-46fb-bb44-dbf11b6f74c5,ac293497-c767-44e8-9fe1-6db65b2d69dd,cbb5e1eb-bc8d-4ddd-9195-fe8ac530a118,Residual Maturity,1.9,,,,,INR,,,,,{},2026-08-21 22:28:00.333201+00:00
d4f0c6ae-5dcb-480d-ab5e-ad6cd74bcf76,ac293497-c767-44e8-9fe1-6db65b2d69dd,cbb5e1eb-bc8d-4ddd-9195-fe8ac530a118,As on (Date),2026-02-28 00:00:00,,,,,INR,,,,,{},2026-08-21 22:28:00.333201+00:00
d57f2431-51f4-4f79-bedb-a9bad7b15baa,e108a83c-f147-43d1-8812-128be3c4b7b1,cbb5e1eb-bc8d-4ddd-9195-fe8ac530a118,Scheme Name:,DSP CRISIL-IBX 50:50 Gilt Plus SDL - April 2033 Index Fund,,,,,INR,,,,,{},2026-08-21 22:28:00.333201+00:00
3cc41c3b-690b-4bc0-9a8c-7b0153333f59,e108a83c-f147-43d1-8812-128be3c4b7b1,cbb5e1eb-bc8d-4ddd-9195-fe8ac530a118,Annualised Portfolio YTM*:,0.0695,,,,,INR,,,,,{},2026-08-21 22:28:00.333201+00:00
2fdff886-a20c-4f6d-a60a-91149ea316b7,e108a83c-f147-43d1-8812-128be3c4b7b1,cbb5e1eb-bc8d-4ddd-9195-fe8ac530a118,Macaulay Duration,5.23,,,,,INR,,,,,{},2026-08-21 22:28:00.333201+00:00
63d060d5-b474-4250-984a-0b78b42fb212,e108a83c-f147-43d1-8812-128be3c4b7b1,cbb5e1eb-bc8d-4ddd-9195-fe8ac530a118,Residual Maturity,6.59,,,,,INR,,,,,{},2026-08-21 22:28:00.333201+00:00
19b10f2e-8d7e-43de-a615-b60d92491f87,e108a83c-f147-43d1-8812-128be3c4b7b1,cbb5e1eb-bc8d-4ddd-9195-fe8ac530a118,As on (Date),2026-02-28 00:00:00,,,,,INR,,,,,{},2026-08-21 22:28:00.333201+00:00
338f9ff7-6e0d-49b1-9bda-5101ab256380,39d85bfb-703d-4abd-9904-af0019204b9d,cbb5e1eb-bc8d-4ddd-9195-fe8ac530a118,Scheme Name:,DSP Nifty SDL Plus G-Sec Sep 2027 50:50 Index Fund,,,,,INR,,,,,{},2026-08-21 22:28:00.333201+00:00
674a95df-c8ff-43ca-ad93-a5495e68c1f5,39d85bfb-703d-4abd-9904-af0019204b9d,cbb5e1eb-bc8d-4ddd-9195-fe8ac530a118,Annualised Portfolio YTM*:,0.0589,,,,,INR,,,,,{},2026-08-21 22:28:00.333201+00:00
7aebbf0b-017a-4533-9f79-68e29224496a,39d85bfb-703d-4abd-9904-af0019204b9d,cbb5e1eb-bc8d-4ddd-9195-fe8ac530a118,Macaulay Duration,1.34,,,,,INR,,,,,{},2026-08-21 22:28:00.333201+00:00
7ccc55d0-fb2f-4c82-9581-72071715c56d,39d85bfb-703d-4abd-9904-af0019204b9d,cbb5e1eb-bc8d-4ddd-9195-fe8ac530a118,Residual Maturity,1.41,,,,,INR,,,,,{},2026-08-21 22:28:00.333201+00:00
8e7cbee7-6004-4c2f-9ea9-cf01d312a963,39d85bfb-703d-4abd-9904-af0019204b9d,cbb5e1eb-bc8d-4ddd-9195-fe8ac530a118,As on (Date),2026-02-28 00:00:00,,,,,INR,,,,,{},2026-08-21 22:28:00.333201+00:00
26d487ba-04da-4ebb-b2fe-34650e5d16d5,e1bc241b-d20f-4365-8f21-1dc8bae4ddc8,cbb5e1eb-bc8d-4ddd-9195-fe8ac530a118,Scheme Name:,DSP BSE Liquid Rate ETF,,,,,INR,,,,,{},2026-08-21 22:28:00.333201+00:00
b72672dc-52ea-4302-8bd4-7429738f3cf0,e1bc241b-d20f-4365-8f21-1dc8bae4ddc8,cbb5e1eb-bc8d-4ddd-9195-fe8ac530a118,Annualised Portfolio YTM*:,0.0493,,,,,INR,,,,,{},2026-08-21 22:28:00.333201+00:00
f0c4ae03-608d-4754-8876-0294b443361d,e1bc241b-d20f-4365-8f21-1dc8bae4ddc8,cbb5e1eb-bc8d-4ddd-9195-fe8ac530a118,Macaulay Duration,0,,,,,INR,,,,,{},2026-08-21 22:28:00.333201+00:00
40a639be-9562-43c8-8e06-bc4f64798eaa,e1bc241b-d20f-4365-8f21-1dc8bae4ddc8,cbb5e1eb-bc8d-4ddd-9195-fe8ac530a118,Residual Maturity,0.01,,,,,INR,,,,,{},2026-08-21 22:28:00.333201+00:00
75d44f39-bfe8-4ee0-a720-afed869f3611,e1bc241b-d20f-4365-8f21-1dc8bae4ddc8,cbb5e1eb-bc8d-4ddd-9195-fe8ac530a118,As on (Date),2026-02-28 00:00:00,,,,,INR,,,,,{},2026-08-21 22:28:00.333201+00:00
154391eb-4593-46fe-a05c-860a4c3b90b5,888e2b8d-b16f-41df-9a54-321b15f7ca68,cbb5e1eb-bc8d-4ddd-9195-fe8ac530a118,Scheme Name:,DSP US Specific Debt Passive FoF,,,,,INR,,,,,{},2026-08-21 22:28:00.333201+00:00
19b88bce-bee0-4598-92a9-2d610cadf9cf,888e2b8d-b16f-41df-9a54-321b15f7ca68,cbb5e1eb-bc8d-4ddd-9195-fe8ac530a118,Annualised Portfolio YTM*:,0.0387,,,,,INR,,,,,{},2026-08-21 22:28:00.333201+00:00
e515baa6-7d65-4b0c-8b8b-76776598e87e,4eb221fa-52ef-4da6-b995-36f34efa70f1,cbb5e1eb-bc8d-4ddd-9195-fe8ac530a118,Scheme Name:,DSP FMP Series 270 - 1144 Days,,,,,INR,,,,,{},2026-08-21 22:28:00.333201+00:00
6ac703ac-8a50-4084-b85c-9cff089cd54e,4eb221fa-52ef-4da6-b995-36f34efa70f1,cbb5e1eb-bc8d-4ddd-9195-fe8ac530a118,Annualised Portfolio YTM*:,0.0533,,,,,INR,,,,,{},2026-08-21 22:28:00.333201+00:00
9312e9c7-97ca-402c-b96e-cd3bd6b95cd9,4eb221fa-52ef-4da6-b995-36f34efa70f1,cbb5e1eb-bc8d-4ddd-9195-fe8ac530a118,Macaulay Duration,0.11,,,,,INR,,,,,{},2026-08-21 22:28:00.333201+00:00
0346c6aa-d8b0-4038-9f07-004b3cbf4cc5,4eb221fa-52ef-4da6-b995-36f34efa70f1,cbb5e1eb-bc8d-4ddd-9195-fe8ac530a118,Residual Maturity,0.12,,,,,INR,,,,,{},2026-08-21 22:28:00.333201+00:00
f5c3dcd7-92d2-44cd-8ac5-027a764a6953,4eb221fa-52ef-4da6-b995-36f34efa70f1,cbb5e1eb-bc8d-4ddd-9195-fe8ac530a118,As on (Date),2026-02-28 00:00:00,,,,,INR,,,,,{},2026-08-21 22:28:00.333201+00:00
ea494dc8-3e0d-44c4-8bea-776efdec3726,5f56202f-1a1b-46ab-9352-32c451eb1f2c,cbb5e1eb-bc8d-4ddd-9195-fe8ac530a118,Scheme Name:,DSP FMP Series 268 - 1281 Days,,,,,INR,,,,,{},2026-08-21 22:28:00.333201+00:00
0cf20461-9f06-416c-821b-0e8c280f0d9f,5f56202f-1a1b-46ab-9352-32c451eb1f2c,cbb5e1eb-bc8d-4ddd-9195-fe8ac530a118,Annualised Portfolio YTM*:,0.0535,,,,,INR,,,,,{},2026-08-21 22:28:00.333201+00:00
2767fb9b-2014-43e3-801c-1cb455720232,5f56202f-1a1b-46ab-9352-32c451eb1f2c,cbb5e1eb-bc8d-4ddd-9195-fe8ac530a118,Macaulay Duration,0.21,,,,,INR,,,,,{},2026-08-21 22:28:00.333201+00:00
cb7918fa-503c-4105-addd-aabe912562ec,5f56202f-1a1b-46ab-9352-32c451eb1f2c,cbb5e1eb-bc8d-4ddd-9195-fe8ac530a118,Residual Maturity,0.21,,,,,INR,,,,,{},2026-08-21 22:28:00.333201+00:00
53513406-7f4c-4660-8a0d-a2358aada173,5f56202f-1a1b-46ab-9352-32c451eb1f2c,cbb5e1eb-bc8d-4ddd-9195-fe8ac530a118,As on (Date),2026-02-28 00:00:00,,,,,INR,,,,,{},2026-08-21 22:28:00.333201+00:00
4db0d2fd-be51-44e1-b82d-029c2aa64ede,12639e2c-ae37-48bd-b977-7c0e1a8965e1,cbb5e1eb-bc8d-4ddd-9195-fe8ac530a118,Scheme Name:,DSP FMP Series 267 - 1246 Days,,,,,INR,,,,,{},2026-08-21 22:28:00.333201+00:00
0daed042-0874-4d1f-99b9-8ff560277025,12639e2c-ae37-48bd-b977-7c0e1a8965e1,cbb5e1eb-bc8d-4ddd-9195-fe8ac530a118,Annualised Portfolio YTM*:,0.0533,,,,,INR,,,,,{},2026-08-21 22:28:00.333201+00:00
13f13832-6511-428e-bd9d-55d78aa836f9,12639e2c-ae37-48bd-b977-7c0e1a8965e1,cbb5e1eb-bc8d-4ddd-9195-fe8ac530a118,Macaulay Duration,0.11,,,,,INR,,,,,{},2026-08-21 22:28:00.333201+00:00
a704e0a7-5470-489c-b56c-b0a54e5981c1,066246e5-9f5f-4ddd-8f0a-5a6cb36e2c5d,cbb5e1eb-bc8d-4ddd-9195-fe8ac530a118,Scheme Name:,DSP FMP Series 264 - 60M - 17D,,,,,INR,,,,,{},2026-08-21 22:28:00.333201+00:00
4a8a6d2c-c313-4575-81c9-1277ab3e1ee3,066246e5-9f5f-4ddd-8f0a-5a6cb36e2c5d,cbb5e1eb-bc8d-4ddd-9195-fe8ac530a118,Annualised Portfolio YTM*:,0.0564,,,,,INR,,,,,{},2026-08-21 22:28:00.333201+00:00
38fc56f8-5630-40de-879c-9a319d12f359,066246e5-9f5f-4ddd-8f0a-5a6cb36e2c5d,cbb5e1eb-bc8d-4ddd-9195-fe8ac530a118,Macaulay Duration,0.53,,,,,INR,,,,,{},2026-08-21 22:28:00.333201+00:00
fe4b444d-b1e7-4605-b396-9fae3d586240,066246e5-9f5f-4ddd-8f0a-5a6cb36e2c5d,cbb5e1eb-bc8d-4ddd-9195-fe8ac530a118,Residual Maturity,0.55,,,,,INR,,,,,{},2026-08-21 22:28:00.333201+00:00
868423df-6662-4ee3-8bee-3f8456a775b3,066246e5-9f5f-4ddd-8f0a-5a6cb36e2c5d,cbb5e1eb-bc8d-4ddd-9195-fe8ac530a118,As on (Date),2026-02-28 00:00:00,,,,,INR,,,,,{},2026-08-21 22:28:00.333201+00:00
8650d822-2e50-4ed8-aef3-1bf6bb5315e2,4591cbcb-c2d0-47ff-b9f1-081edb7b0bf4,cbb5e1eb-bc8d-4ddd-9195-fe8ac530a118,Scheme Name:,DSP Liquidity Fund,,,,,INR,,,,,{},2026-08-21 22:28:08.968230+00:00
3302a346-6eb1-4062-87dc-da893248c810,4591cbcb-c2d0-47ff-b9f1-081edb7b0bf4,cbb5e1eb-bc8d-4ddd-9195-fe8ac530a118,Annualised Portfolio YTM*:,0.070537763999292,,,,,INR,,,,,{},2026-08-21 22:28:08.968230+00:00
ea154856-2ce2-450e-9cda-9f249d0c4dfe,4591cbcb-c2d0-47ff-b9f1-081edb7b0bf4,cbb5e1eb-bc8d-4ddd-9195-fe8ac530a118,Macaulay Duration,0.0933206707839268,,,,,INR,,,,,{},2026-08-21 22:28:08.968230+00:00
d81e79b7-45b4-41f7-bbc9-85e0b91d7e27,4591cbcb-c2d0-47ff-b9f1-081edb7b0bf4,cbb5e1eb-bc8d-4ddd-9195-fe8ac530a118,Residual Maturity,0.0960716363093937,,,,,INR,,,,,{},2026-08-21 22:28:08.968230+00:00
b10bc9e2-b495-4346-b3a8-f6ac344fcad7,4591cbcb-c2d0-47ff-b9f1-081edb7b0bf4,cbb5e1eb-bc8d-4ddd-9195-fe8ac530a118,As on (Date),2023-04-30 00:00:00,,,,,INR,,,,,{},2026-08-21 22:28:08.968230+00:00
6250053b-4736-4ea3-af51-301363ab053c,72f4660f-ce7d-4015-b9bf-90c9545964d8,cbb5e1eb-bc8d-4ddd-9195-fe8ac530a118,Scheme Name:,DSP Ultra Short Fund,,,,,INR,,,,,{},2026-08-21 22:28:08.968230+00:00
992913a5-3049-4da3-bf8a-dfc6e37c361b,72f4660f-ce7d-4015-b9bf-90c9545964d8,cbb5e1eb-bc8d-4ddd-9195-fe8ac530a118,Annualised Portfolio YTM*:,0.0729839838366455,,,,,INR,,,,,{},2026-08-21 22:28:08.968230+00:00
9c103fed-882a-43e7-8f59-1ac577346b77,72f4660f-ce7d-4015-b9bf-90c9545964d8,cbb5e1eb-bc8d-4ddd-9195-fe8ac530a118,Macaulay Duration,0.393371692873324,,,,,INR,,,,,{},2026-08-21 22:28:08.968230+00:00
78bde2d1-9154-41ef-a6fa-e8fe6a4613fa,72f4660f-ce7d-4015-b9bf-90c9545964d8,cbb5e1eb-bc8d-4ddd-9195-fe8ac530a118,Residual Maturity,0.396272499821028,,,,,INR,,,,,{},2026-08-21 22:28:08.968230+00:00
71aa872e-3738-42e0-8ee3-cb056ace72e3,72f4660f-ce7d-4015-b9bf-90c9545964d8,cbb5e1eb-bc8d-4ddd-9195-fe8ac530a118,As on (Date),2023-04-30 00:00:00,,,,,INR,,,,,{},2026-08-21 22:28:08.968230+00:00
4d12d2c7-738a-4a5d-916c-70f7c95693d8,a98dbc30-617f-41d6-9435-ca7579c3e934,01755f60-6483-42d3-994e-465ce4a1ce8f,Cash & Cash Equivalent,,,,,,INR,,,,,{},2026-08-21 22:27:43.322310+00:00
4f4f83c6-152a-44da-ac56-8654e947d3af,c5003a7c-0c45-4124-b5df-d5bd44e717c2,cbb5e1eb-bc8d-4ddd-9195-fe8ac530a118,Scheme Name:,DSP Credit Risk Fund,,,,,INR,,,,,{},2026-08-21 22:28:08.968230+00:00
f5c5d199-db52-408e-9ed0-4e06661a500d,c5003a7c-0c45-4124-b5df-d5bd44e717c2,cbb5e1eb-bc8d-4ddd-9195-fe8ac530a118,Annualised Portfolio YTM*:,0.0776529596215435,,,,,INR,,,,,{},2026-08-21 22:28:08.968230+00:00
fcefff80-2e43-4d97-a74c-f62442e030bc,c5003a7c-0c45-4124-b5df-d5bd44e717c2,cbb5e1eb-bc8d-4ddd-9195-fe8ac530a118,Macaulay Duration,1.63246833224752,,,,,INR,,,,,{},2026-08-21 22:28:08.968230+00:00
71ee7a5d-61cc-4bd2-a7d8-47763217cc4a,c5003a7c-0c45-4124-b5df-d5bd44e717c2,cbb5e1eb-bc8d-4ddd-9195-fe8ac530a118,Residual Maturity,1.79830680115829,,,,,INR,,,,,{},2026-08-21 22:28:08.968230+00:00
8d8faa5b-ba24-4256-ad33-2ff8146c01c7,c5003a7c-0c45-4124-b5df-d5bd44e717c2,cbb5e1eb-bc8d-4ddd-9195-fe8ac530a118,As on (Date),2023-04-30 00:00:00,,,,,INR,,,,,{},2026-08-21 22:28:08.968230+00:00
7376ffee-6f71-49c9-9cf1-5bc38cfaf4bb,8df80959-b26e-4ba7-86c7-1b6adb3b76b6,05d80db1-d9ee-49a8-bd49-bb3a9c76ecc3,(1)  Details of security in default beyond it's maturity date: Nil,,,,,,INR,,,,,{},2026-08-21 22:28:53.715151+00:00
7968e1b5-57f8-4896-8437-5d369768c934,3b43abb7-85fd-4a7c-ad0d-673bbd6c9d08,05d80db1-d9ee-49a8-bd49-bb3a9c76ecc3,(1)  Details of security in default beyond it's maturity date: Nil,,,,,,INR,,,,,{},2026-08-21 22:28:53.041732+00:00
f3714310-6435-48b7-a5e1-f2c7804e5faa,7288268d-4866-444f-83f1-848813aa4de8,4817d225-6359-4603-b0fd-8f5bd2f29938,(1)  The provision made for below investment grade or default securities as of August 15 2026. is Rs. Nil and its percentage to Net Asset Value is Nil.,,,,,,INR,,,,,{},2026-08-21 22:28:32.298587+00:00
6a6bf24a-3058-41d1-9651-01b699764645,4385658a-d467-49a6-9309-08aa51c8528d,4817d225-6359-4603-b0fd-8f5bd2f29938,(1)  The provision made for below investment grade or default securities as of August 15 2026. is Rs. Nil and its percentage to Net Asset Value is Nil.,,,,,,INR,,,,,{},2026-08-21 22:28:36.442168+00:00
1c70e2e1-89f9-40e9-a43b-e9c74f4d1c25,a27952a9-a93c-4a45-a163-9c6ecf55dfda,4817d225-6359-4603-b0fd-8f5bd2f29938,(1)  The provision made for below investment grade or default securities as of August 15 2026. is Rs. Nil and its percentage to Net Asset Value is Nil.,,,,,,INR,,,,,{},2026-08-21 22:28:35.365581+00:00
09ca0ed9-0d9c-4816-b1b1-8fd240497f80,0d00ad8a-dea6-4259-a506-ba3b7865a52b,4817d225-6359-4603-b0fd-8f5bd2f29938,(1)  The provision made for below investment grade or default securities as of August 15 2026. is Rs. Nil and its percentage to Net Asset Value is Nil.,,,,,,INR,,,,,{},2026-08-21 22:28:33.341738+00:00
b1ed1734-2599-430b-b790-55f6cc8cae4e,c8e858cc-96aa-460f-a450-90c5624ad51c,4817d225-6359-4603-b0fd-8f5bd2f29938,(1)  The provision made for below investment grade or default securities as of August 15 2026. is Rs. Nil and its percentage to Net Asset Value is Nil.,,,,,,INR,,,,,{},2026-08-21 22:28:35.849599+00:00
0bd6e7f8-80fe-4068-b0fa-29b27951caee,efdcd646-83a4-402c-9591-178f922be735,4817d225-6359-4603-b0fd-8f5bd2f29938,(1)  The provision made for below investment grade or default securities as of August 15 2026. is Rs. Nil and its percentage to Net Asset Value is Nil.,,,,,,INR,,,,,{},2026-08-21 22:28:34.843915+00:00
d742abcd-dd6a-46a8-ada0-dbe7493db48e,f855102e-8f88-4045-a52a-5715438a96de,4817d225-6359-4603-b0fd-8f5bd2f29938,(1)  The provision made for below investment grade or default securities as of August 15 2026. is Rs. Nil and its percentage to Net Asset Value is Nil.,,,,,,INR,,,,,{},2026-08-21 22:28:34.297141+00:00
75d305c6-49bd-4e89-b233-ef166cd87702,d9429dab-a237-43e3-a000-b146827512ff,6085ec61-a47b-4f85-9471-21be5081b091,(1)  The provision made for below investment grade or default securities as of July 31 2026. is Rs. Nil and its percentage to Net Asset Value is Nil.,,,,,,INR,,,,,{},2026-08-21 22:28:31.892264+00:00
53583a5c-4d6b-4434-aa94-c274f984b79e,a96ee8c2-5907-4ad0-b428-c6af28438ca7,6085ec61-a47b-4f85-9471-21be5081b091,(1)  The provision made for below investment grade or default securities as of July 31 2026. is Rs. Nil and its percentage to Net Asset Value is Nil.,,,,,,INR,,,,,{},2026-08-21 22:28:47.981522+00:00
1bc4b20f-d2ae-42f2-89e9-2618550cb07a,1eebaf52-350c-4f21-9951-54370eb68dad,6085ec61-a47b-4f85-9471-21be5081b091,(1)  The provision made for below investment grade or default securities as of July 31 2026. is Rs. Nil and its percentage to Net Asset Value is Nil.,,,,,,INR,,,,,{},2026-08-21 22:28:47.258802+00:00
58ab6bfc-eb18-485e-847d-7dcdac9b3242,d3c386fc-ea8f-40f2-9b38-8af9e4092072,04a007dc-8062-49dd-ad6c-36456d7eb605,1.  Total value provided for securities classified as below investment grade or default and its percentage to NAV - NIL,,,,,,INR,,,,,{},2026-08-21 22:27:39.758130+00:00
54660456-faea-4a82-8b1f-4ade7e9218ce,5a584e4a-c747-4c52-8e2b-8e31dab7052b,04a007dc-8062-49dd-ad6c-36456d7eb605,1.  Total value provided for securities classified as below investment grade or default and its percentage to NAV - NIL,,,,,,INR,,,,,{},2026-08-21 22:27:33.755328+00:00
bfa27e4f-71de-4da5-967c-443756ef3d01,8eb6cd37-468a-4301-bc72-cdaf3f048f07,04a007dc-8062-49dd-ad6c-36456d7eb605,1.  Total value provided for securities classified as below investment grade or default and its percentage to NAV - NIL,,,,,,INR,,,,,{},2026-08-21 22:27:33.755328+00:00
40799217-50fe-4d00-b4ae-7a43eb8e896b,3b43abb7-85fd-4a7c-ad0d-673bbd6c9d08,c11bd9a8-6f3f-48ee-b58c-c9448055c39d,(2)  Net Assets Value per unit (in `) are as follows:,,,,,,INR,,,,,{},2026-08-21 22:28:53.041732+00:00
e3da6164-89a7-4840-a620-8d29e8c4a36b,8df80959-b26e-4ba7-86c7-1b6adb3b76b6,c11bd9a8-6f3f-48ee-b58c-c9448055c39d,(2)  Net Assets Value per unit (in `) are as follows:,,,,,,INR,,,,,{},2026-08-21 22:28:53.715151+00:00
060e15b8-a2f6-4542-aeb5-05247ba86998,c8e858cc-96aa-460f-a450-90c5624ad51c,4560b8dc-d619-476b-9265-545c9bfbf908,(2)  Total value and percentage of Illiquid Equity Shares: Nil.,,,,,,INR,,,,,{},2026-08-21 22:28:35.849599+00:00
1dd05abb-c7bc-43fe-a95f-a5e1c24815bb,a27952a9-a93c-4a45-a163-9c6ecf55dfda,4560b8dc-d619-476b-9265-545c9bfbf908,(2)  Total value and percentage of Illiquid Equity Shares: Nil.,,,,,,INR,,,,,{},2026-08-21 22:28:35.365581+00:00
ca775b9c-0f04-4217-afa6-c79b6bef109e,d9429dab-a237-43e3-a000-b146827512ff,4560b8dc-d619-476b-9265-545c9bfbf908,(2)  Total value and percentage of Illiquid Equity Shares: Nil.,,,,,,INR,,,,,{},2026-08-21 22:28:31.892264+00:00
86a58122-4837-4412-bfa2-635e59c91d6e,a96ee8c2-5907-4ad0-b428-c6af28438ca7,4560b8dc-d619-476b-9265-545c9bfbf908,(2)  Total value and percentage of Illiquid Equity Shares: Nil.,,,,,,INR,,,,,{},2026-08-21 22:28:47.981522+00:00
500fe16a-9e68-4fed-b657-8ac58e300651,1eebaf52-350c-4f21-9951-54370eb68dad,4560b8dc-d619-476b-9265-545c9bfbf908,(2)  Total value and percentage of Illiquid Equity Shares: Nil.,,,,,,INR,,,,,{},2026-08-21 22:28:47.258802+00:00
9f0262d7-053c-469c-beae-e4fb4e019e95,0d00ad8a-dea6-4259-a506-ba3b7865a52b,4560b8dc-d619-476b-9265-545c9bfbf908,(2)  Total value and percentage of Illiquid Equity Shares: Nil.,,,,,,INR,,,,,{},2026-08-21 22:28:33.341738+00:00
6f3cdee9-d218-42c8-86b6-799f575a44a8,efdcd646-83a4-402c-9591-178f922be735,4560b8dc-d619-476b-9265-545c9bfbf908,(2)  Total value and percentage of Illiquid Equity Shares: Nil.,,,,,,INR,,,,,{},2026-08-21 22:28:34.843915+00:00
95c66f92-9d14-4d47-bec4-ca4c99ccac0f,7288268d-4866-444f-83f1-848813aa4de8,4560b8dc-d619-476b-9265-545c9bfbf908,(2)  Total value and percentage of Illiquid Equity Shares: Nil.,,,,,,INR,,,,,{},2026-08-21 22:28:32.298587+00:00
10635f18-48ae-45e4-99b2-1c11d1601ed8,4385658a-d467-49a6-9309-08aa51c8528d,4560b8dc-d619-476b-9265-545c9bfbf908,(2)  Total value and percentage of Illiquid Equity Shares: Nil.,,,,,,INR,,,,,{},2026-08-21 22:28:36.442168+00:00
fd52ae52-23d4-44ee-914f-b7eb4d406f3c,f855102e-8f88-4045-a52a-5715438a96de,4560b8dc-d619-476b-9265-545c9bfbf908,(2)  Total value and percentage of Illiquid Equity Shares: Nil.,,,,,,INR,,,,,{},2026-08-21 22:28:34.297141+00:00
b6300276-73f3-4109-90c3-b3f9399432ed,8df80959-b26e-4ba7-86c7-1b6adb3b76b6,378f20af-3f3c-46f8-8e9d-9bdcbc19b354,"(3)  Details of IDCW declared per unit (in `) during the fortnight ended as on August 15, 2026: Nil",,,,,,INR,,,,,{},2026-08-21 22:28:53.715151+00:00
5bf43d73-1cbe-47ab-b969-4883be5ab7a5,8df80959-b26e-4ba7-86c7-1b6adb3b76b6,378f20af-3f3c-46f8-8e9d-9bdcbc19b354,"(3)  Details of IDCW declared per unit (in `) during the fortnight ended as on August 15, 2026: Nil",,,,,,INR,,,,,{},2026-08-21 22:28:53.715151+00:00
2c0c3da9-2193-4ae4-ae16-a6ca23f9f477,0d00ad8a-dea6-4259-a506-ba3b7865a52b,6e4f24e6-4353-4c09-8638-9966edee4280,(3)  Net Assets Value per unit (in Rupees) are as follows:,,,,,,INR,,,,,{},2026-08-21 22:28:33.341738+00:00
462997c9-5de5-48ce-b560-f868c70604ac,a96ee8c2-5907-4ad0-b428-c6af28438ca7,6e4f24e6-4353-4c09-8638-9966edee4280,(3)  Net Assets Value per unit (in Rupees) are as follows:,,,,,,INR,,,,,{},2026-08-21 22:28:47.981522+00:00
c1405473-e51f-42f4-b85e-b3f147c4c79a,1eebaf52-350c-4f21-9951-54370eb68dad,6e4f24e6-4353-4c09-8638-9966edee4280,(3)  Net Assets Value per unit (in Rupees) are as follows:,,,,,,INR,,,,,{},2026-08-21 22:28:47.258802+00:00
077f772e-e156-4f15-a3b6-5ebcd45233ff,c8e858cc-96aa-460f-a450-90c5624ad51c,6e4f24e6-4353-4c09-8638-9966edee4280,(3)  Net Assets Value per unit (in Rupees) are as follows:,,,,,,INR,,,,,{},2026-08-21 22:28:35.849599+00:00
2123d007-d16a-44b4-a4e2-4ccfaee765bd,f855102e-8f88-4045-a52a-5715438a96de,6e4f24e6-4353-4c09-8638-9966edee4280,(3)  Net Assets Value per unit (in Rupees) are as follows:,,,,,,INR,,,,,{},2026-08-21 22:28:34.297141+00:00
10bc02c0-8ea0-4a0e-815e-2625313616a8,d9429dab-a237-43e3-a000-b146827512ff,6e4f24e6-4353-4c09-8638-9966edee4280,(3)  Net Assets Value per unit (in Rupees) are as follows:,,,,,,INR,,,,,{},2026-08-21 22:28:31.892264+00:00
ba286e89-c0e1-476a-8523-f17056bfd174,a27952a9-a93c-4a45-a163-9c6ecf55dfda,6e4f24e6-4353-4c09-8638-9966edee4280,(3)  Net Assets Value per unit (in Rupees) are as follows:,,,,,,INR,,,,,{},2026-08-21 22:28:35.365581+00:00
6d69b5e0-4c65-41c8-9c50-cb80a12413a7,7288268d-4866-444f-83f1-848813aa4de8,6e4f24e6-4353-4c09-8638-9966edee4280,(3)  Net Assets Value per unit (in Rupees) are as follows:,,,,,,INR,,,,,{},2026-08-21 22:28:32.298587+00:00
a8b4a180-04a0-48b1-aada-9213d152af43,4385658a-d467-49a6-9309-08aa51c8528d,6e4f24e6-4353-4c09-8638-9966edee4280,(3)  Net Assets Value per unit (in Rupees) are as follows:,,,,,,INR,,,,,{},2026-08-21 22:28:36.442168+00:00
74a1732d-d6a4-42d7-97d3-84d5b811559f,efdcd646-83a4-402c-9591-178f922be735,6e4f24e6-4353-4c09-8638-9966edee4280,(3)  Net Assets Value per unit (in Rupees) are as follows:,,,,,,INR,,,,,{},2026-08-21 22:28:34.843915+00:00
84c18578-cb3b-4f2c-97c2-7ae5efa06f84,3b43abb7-85fd-4a7c-ad0d-673bbd6c9d08,e4028ef6-8c68-450d-ae37-c705d071125f,"(4)  Bonus declared during the fortnight ended as on August 15, 2026: Nil",,,,,,INR,,,,,{},2026-08-21 22:28:53.041732+00:00
7bda1052-75a0-4b6c-8f9a-8bfe2d136358,8df80959-b26e-4ba7-86c7-1b6adb3b76b6,e4028ef6-8c68-450d-ae37-c705d071125f,"(4)  Bonus declared during the fortnight ended as on August 15, 2026: Nil",,,,,,INR,,,,,{},2026-08-21 22:28:53.715151+00:00
05084ec6-f428-4f4e-9954-10d850c09056,3b43abb7-85fd-4a7c-ad0d-673bbd6c9d08,b4a467a3-b143-493e-8d64-350a20e4b81f,"(4)  Details of IDCW declared per unit (in `) during the fortnight ended as on August 15, 2026: Nil",,,,,,INR,,,,,{},2026-08-21 22:28:53.041732+00:00
9c63d711-df57-4700-8384-e4ef585d92c6,3b43abb7-85fd-4a7c-ad0d-673bbd6c9d08,33113a8a-56cf-4af4-b43a-47f4c500e64e,"(5)  Total outstanding exposure in derivative instruments as on August 15, 2026: Nil",,,,,,INR,,,,,{},2026-08-21 22:28:53.041732+00:00
9adf7ca2-e9e7-493a-b965-f4196de689b5,8df80959-b26e-4ba7-86c7-1b6adb3b76b6,33113a8a-56cf-4af4-b43a-47f4c500e64e,"(5)  Total outstanding exposure in derivative instruments as on August 15, 2026: Nil",,,,,,INR,,,,,{},2026-08-21 22:28:53.715151+00:00
8d3e232d-ed2a-4509-882e-6a0ebd42c3a0,3b43abb7-85fd-4a7c-ad0d-673bbd6c9d08,dc913ae1-2774-4d93-8843-378933258b47,"(6)  Total investments in Foreign Securities / Overseas ETFs as on as on August 15, 2026 and its percentage to NAV: Nil",,,,,,INR,,,,,{},2026-08-21 22:28:53.041732+00:00
2f928887-9fbf-47ae-8f9b-6208d5484ef5,8df80959-b26e-4ba7-86c7-1b6adb3b76b6,dc913ae1-2774-4d93-8843-378933258b47,"(6)  Total investments in Foreign Securities / Overseas ETFs as on as on August 15, 2026 and its percentage to NAV: Nil",,,,,,INR,,,,,{},2026-08-21 22:28:53.715151+00:00
eba05902-c506-41f7-8ce6-2346f90c95ba,8df80959-b26e-4ba7-86c7-1b6adb3b76b6,4b957001-80dc-4154-afc5-279a6fd655b2,(7)  Average maturity of the portfolio:  288 days (0.79 years),,,,,,INR,,,,,{},2026-08-21 22:28:53.715151+00:00
e1eb0394-1e46-4765-bc0c-ac56e252d275,3b43abb7-85fd-4a7c-ad0d-673bbd6c9d08,91fc660a-4fd5-4a1b-9b8b-d55885ea5150,(7)  Average maturity of the portfolio:  9961 days (27.29 years),,,,,,INR,,,,,{},2026-08-21 22:28:53.041732+00:00
9443e946-2be9-4bc6-8440-f44d7f814e40,3b43abb7-85fd-4a7c-ad0d-673bbd6c9d08,92ba9880-5d68-4791-98e7-b84b1982a90a,(8)  Investment in Repo of Corporate Debt securities : Nil,,,,,,INR,,,,,{},2026-08-21 22:28:53.041732+00:00
bc6d9c1b-813b-402d-a542-67cb11d78259,8df80959-b26e-4ba7-86c7-1b6adb3b76b6,ca92f1dd-7eac-4f04-97cf-25e89116e585,"(9)  Deviation from the valuation prices given by valuation agencies during the fortnight ended  as on August 15, 2026: Nil",,,,,,INR,,,,,{},2026-08-21 22:28:53.715151+00:00
49902974-f71e-4fd2-81c5-17cfd8ded04b,3b43abb7-85fd-4a7c-ad0d-673bbd6c9d08,ca92f1dd-7eac-4f04-97cf-25e89116e585,"(9)  Deviation from the valuation prices given by valuation agencies during the fortnight ended  as on August 15, 2026: Nil",,,,,,INR,,,,,{},2026-08-21 22:28:53.041732+00:00
bf9bcea2-f640-4e02-baf4-a379f3f3822d,3b43abb7-85fd-4a7c-ad0d-673bbd6c9d08,8d24b722-27b7-4931-bed3-dd3c0d3dcd51,"Aggregate Investments by other schemes i.e. Inter - scheme investment in the portfolio is `15.67 Crores as on August 15, 2026",,,,,,INR,,,,,{},2026-08-21 22:28:53.041732+00:00
19c22d5d-d565-47fc-9c23-66ce2b6e70b8,4591cbcb-c2d0-47ff-b9f1-081edb7b0bf4,c8c5ac24-ba8f-4029-af5d-5cc9ccc61fe1,"As on April 30,2023, the aggregate investments by the schemes of DSP Mutual Fund in DSP Liquidity Fund is Rs. 2,841.69 Lakhs.",,,,,,INR,,,,,{},2026-08-21 22:28:08.968230+00:00
28d77cc1-5f2e-41b3-b612-d83f9ad8953e,b1052d40-184f-42f5-bbef-a63f027d6945,f1c642f9-c13d-489a-a83a-27f80f643411,"As on  February 28, 2026, the aggregate investments by the schemes of DSP Mutual Fund in DSP Liquidity Fund is ₹ 1,422.79 Lakhs.",,,,,,INR,,,,,{},2026-08-21 22:28:00.333201+00:00
bec8bf65-345a-4c02-8e9e-24ad2e7167ca,8b56b530-dda6-4d7c-a6eb-67eb77c3f745,a42b4f1d-20a7-4042-bd8c-37ab262b6b43,"As on  March 31, 2025, the aggregate investments by the schemes of DSP Mutual Fund in DSP Liquidity Fund is ₹ 1,904.42 Lakhs.",,,,,,INR,,,,,{},2026-08-21 22:27:51.606989+00:00
ba1b2dc9-9eaf-4b1a-bfdc-7cf2e631fa88,a2e1afdb-6488-4cd7-b329-3cf037faa25a,1d18bfb0-43cc-4612-9995-b83fe4f1d8cd,"As on May 31, 2025, the aggregate investments by the schemes of DSP Mutual Fund in DSP Banking and PSU Debt Fund is  ₹ 40,274.58 Lakhs.",,,,,,INR,,,,,{},2026-08-21 22:27:43.322310+00:00
ba437b87-3aad-4716-8b8a-4f53ca105b1f,337c19b1-bcb1-4dbd-9336-ea5d9b511272,c46d96d3-fc0b-47bc-9870-245d2367aeea,"As on  May 31, 2025, the aggregate investments by the schemes of DSP Mutual Fund in DSP Liquidity Fund is ₹ 2,054.01 Lakhs.",,,,,,INR,,,,,{},2026-08-21 22:27:43.322310+00:00
a40e97c8-c273-46a6-987e-26f192022fe2,3e0e4d3d-45ad-4f7c-ba31-4d41dd50ebaa,08d86056-7dab-4a7b-a773-46b55189a140,"As on May 31, 2025, the aggregate investments by the schemes of DSP Mutual Fund in DSP Savings Fund is  ₹ 71,280.63 Lakhs.",,,,,,INR,,,,,{},2026-08-21 22:27:43.322310+00:00
c9ec30de-3850-4b80-9a19-923ba867eee8,cb02bc10-915c-49d2-a2e1-194c15e16032,80858a68-6a93-4c56-a25a-9c71628fd358,"As on May 31, 2025, the aggregate investments by the schemes of DSP Mutual Fund in DSP Short Term Fund is ₹ 25,683.44 Lakhs.",,,,,,INR,,,,,{},2026-08-21 22:27:43.322310+00:00
fdd8afdf-25f7-4b22-8d57-49c39bb7a4db,22643a51-52f7-491e-8402-99edcead8da8,b921186d-5eb9-4da2-bf31-32ae3bdb4645,Benchmark Riskometer: CRISIL Dynamic Gilt Index,,,,,,INR,,,,,{},2026-08-21 22:28:08.968230+00:00
ad09b069-5982-4640-8889-6285dab8cfa0,05476498-9a2a-47cb-89a9-1eb58ac325c0,b921186d-5eb9-4da2-bf31-32ae3bdb4645,Benchmark Riskometer: CRISIL Dynamic Gilt Index,,,,,,INR,,,,,{},2026-08-21 22:28:00.333201+00:00
c305b1e7-9a22-4175-885f-83804d9801de,5fa02d63-94cf-49c4-b2f2-5204f3628553,b921186d-5eb9-4da2-bf31-32ae3bdb4645,Benchmark Riskometer: CRISIL Dynamic Gilt Index,,,,,,INR,,,,,{},2026-08-21 22:27:51.606989+00:00
adfbdbe3-629f-4b68-8849-3df4d9dd5ba9,df12f86f-e985-4385-adc3-77b0d98a2837,64983d78-ff74-4232-96d8-97c1b0dc3df1,Benchmark Riskometer: CRISIL Hybrid 85+15 - Conservative Index,,,,,,INR,,,,,{},2026-08-21 22:28:00.333201+00:00
53f780e4-7ae3-4012-9853-03d7ab56158f,d261d9a5-22b9-44ab-98da-1f68d27ac487,64983d78-ff74-4232-96d8-97c1b0dc3df1,Benchmark Riskometer: CRISIL Hybrid 85+15 - Conservative Index,,,,,,INR,,,,,{},2026-08-21 22:27:51.606989+00:00
605cf26b-6c90-4c70-a75a-80a00d48730f,fe1f8698-0748-4cdb-912f-70d58c45bb14,64983d78-ff74-4232-96d8-97c1b0dc3df1,Benchmark Riskometer: CRISIL Hybrid 85+15 - Conservative Index,,,,,,INR,,,,,{},2026-08-21 22:27:43.322310+00:00
930f5e8a-0f8a-4afe-8352-daf863764d73,87c1811a-9b37-4ee1-a921-d6d54cfa31ec,d4013095-90ae-4cf3-b0b1-b82b179a4b37,Benchmark Riskometer: 40% NIFTY 50 Arbitrage Index + 60% CRISIL Dynamic Bond A-III Index,,,,,,INR,,,,,{},2026-08-21 22:27:43.322310+00:00
77d0177c-d8e1-4989-9bc4-a4162d0998c7,31b98558-3446-4859-afd0-60e7b0c9b47d,d4013095-90ae-4cf3-b0b1-b82b179a4b37,Benchmark Riskometer: 40% NIFTY 50 Arbitrage Index + 60% CRISIL Dynamic Bond A-III Index,,,,,,INR,,,,,{},2026-08-21 22:27:51.606989+00:00
48339f44-fc21-4953-a207-7bdd05ec4bd1,ea59472f-5dda-4f56-b0dd-cba0dba8ea44,c2b354b1-44ca-4733-ac59-70250f2098d6,Benchmark Riskometer: 40% NIFTY 50 Arbitrage Index + 60% NIFTY Composite Debt Index,,,,,,INR,,,,,{},2026-08-21 22:28:00.333201+00:00
f4924b88-2a39-4684-a3ce-771b9539b9ae,e1bc241b-d20f-4365-8f21-1dc8bae4ddc8,d9976d5b-3b05-443f-af98-31a6761aa4b3,Benchmark Riskometer: BSE Liquid Rate Index,,,,,,INR,,,,,{},2026-08-21 22:28:00.333201+00:00
6405ec5f-9d51-4827-8ce8-8e5ea1d6b103,3c12aae2-e082-454a-89af-a209fca81a03,d9976d5b-3b05-443f-af98-31a6761aa4b3,Benchmark Riskometer: BSE Liquid Rate Index,,,,,,INR,,,,,{},2026-08-21 22:27:43.322310+00:00
249015c0-00db-4aab-ac91-de4cad3b9480,a56c15d9-9072-4a7d-b591-f2212bc23d5a,d9976d5b-3b05-443f-af98-31a6761aa4b3,Benchmark Riskometer: BSE Liquid Rate Index,,,,,,INR,,,,,{},2026-08-21 22:27:51.606989+00:00
b137b4fa-9114-44d9-b74e-87a2dc80584d,2663f05d-b3bd-4f5d-be47-2ab33a519e02,e3fe13e9-b908-4de7-ac87-37500ed94810,Benchmark Riskometer: CRISIL 10 Yr Gilt Index,,,,,,INR,,,,,{},2026-08-21 22:28:00.333201+00:00
ffa1d33e-1273-4489-9e71-f715a1d94ec8,ee7f77d7-6936-4d83-ba59-9e88403bb081,e3fe13e9-b908-4de7-ac87-37500ed94810,Benchmark Riskometer: CRISIL 10 Yr Gilt Index,,,,,,INR,,,,,{},2026-08-21 22:28:08.968230+00:00
c9bb1545-31cb-46b3-afbf-68c4b4fc9a37,deb98325-1455-4142-bdee-b7897cc7c62d,e3fe13e9-b908-4de7-ac87-37500ed94810,Benchmark Riskometer: CRISIL 10 Yr Gilt Index,,,,,,INR,,,,,{},2026-08-21 22:27:51.606989+00:00
4e95a501-1d16-432d-b9a5-d979a0e7fb42,a98dbc30-617f-41d6-9435-ca7579c3e934,e3fe13e9-b908-4de7-ac87-37500ed94810,Benchmark Riskometer: CRISIL 10 Yr Gilt Index,,,,,,INR,,,,,{},2026-08-21 22:27:43.322310+00:00
e8b94bd7-3d05-4e28-81ed-32f469b0e767,10ad78f2-1f9e-475e-b925-9a73a663204d,4a3788bf-0294-4b27-9906-523bdb69f40c,Benchmark Riskometer: CRISIL Corporate Debt A-II Index,,,,,,INR,,,,,{},2026-08-21 22:28:00.333201+00:00
8e4d5207-3d92-4895-86ec-6a0d90114d6e,b366c1a2-eda8-4d10-92d6-667db97e46b2,4a3788bf-0294-4b27-9906-523bdb69f40c,Benchmark Riskometer: CRISIL Corporate Debt A-II Index,,,,,,INR,,,,,{},2026-08-21 22:27:43.322310+00:00
e5a9ef0f-ff22-42dc-b40b-9a0c6cda1881,a14edabe-48d2-4c76-9f14-b97545126ba4,4a3788bf-0294-4b27-9906-523bdb69f40c,Benchmark Riskometer: CRISIL Corporate Debt A-II Index,,,,,,INR,,,,,{},2026-08-21 22:27:51.606989+00:00
ab5d2931-42ff-4a2e-bac4-88060514a587,3f0dc69d-77d4-4cd8-952c-3813c4871125,5e4fcfd6-9baf-4452-9ee1-e4ea934d81df,Benchmark Riskometer: CRISIL Credit Risk Debt B-II Index,,,,,,INR,,,,,{},2026-08-21 22:27:51.606989+00:00
b19b920b-9913-449f-be82-7e51824647e4,8dcc94b2-7f90-4baf-88f5-814ee13f6cc5,5e4fcfd6-9baf-4452-9ee1-e4ea934d81df,Benchmark Riskometer: CRISIL Credit Risk Debt B-II Index,,,,,,INR,,,,,{},2026-08-21 22:27:43.322310+00:00
a6a94d0b-5e20-4772-9201-b55253fe6414,363fcd54-58de-409c-83a1-9307268d95ae,5e4fcfd6-9baf-4452-9ee1-e4ea934d81df,Benchmark Riskometer: CRISIL Credit Risk Debt B-II Index,,,,,,INR,,,,,{},2026-08-21 22:28:00.333201+00:00
e07ba839-650a-4b11-8511-f1302db46eb9,c59f97f8-48fe-49b2-9b93-c9d26f4d00ac,74b8b226-86a9-4008-bca6-df9b72370d0f,Benchmark Riskometer: CRISIL Dynamic Bond A-III Index,,,,,,INR,,,,,{},2026-08-21 22:27:51.606989+00:00
b9084628-ac73-4a68-9c5f-9fd2aa546094,d72c5d6c-b05f-4a9a-9884-001911d22bf3,74b8b226-86a9-4008-bca6-df9b72370d0f,Benchmark Riskometer: CRISIL Dynamic Bond A-III Index,,,,,,INR,,,,,{},2026-08-21 22:27:43.322310+00:00
12d28835-4cc1-4d63-802d-e10c285fd762,6b5d2872-40b1-4bb7-a0c1-e5368cadff36,74b8b226-86a9-4008-bca6-df9b72370d0f,Benchmark Riskometer: CRISIL Dynamic Bond A-III Index,,,,,,INR,,,,,{},2026-08-21 22:28:00.333201+00:00
3ad42142-8e8e-4062-814a-6af4c260ea07,8d568b47-a50b-4ad2-b8e7-3cc6a212500a,b921186d-5eb9-4da2-bf31-32ae3bdb4645,Benchmark Riskometer: CRISIL Dynamic Gilt Index,,,,,,INR,,,,,{},2026-08-21 22:27:43.322310+00:00
e4749bee-59c9-4898-acda-9033808c1974,e771da65-7c99-4e13-8cdb-d52228fbc2a9,01755f60-6483-42d3-994e-465ce4a1ce8f,Cash & Cash Equivalent,,,,,,INR,,,,,{},2026-08-21 22:27:51.606989+00:00
87b4ff4f-db93-4013-a7e0-ddcb17c07eb7,551a5203-3c95-4b5a-9daf-cf2a35524a63,64983d78-ff74-4232-96d8-97c1b0dc3df1,Benchmark Riskometer: CRISIL Hybrid 85+15 - Conservative Index,,,,,,INR,,,,,{},2026-08-21 22:28:08.968230+00:00
aa9cc4bf-f459-4721-b4de-a2c0faf39dd9,e108a83c-f147-43d1-8812-128be3c4b7b1,8707268a-266e-4456-8764-155a3386a1c2,Benchmark Riskometer: CRISIL-IBX 50:50 Gilt Plus SDL Index – April 2033,,,,,,INR,,,,,{},2026-08-21 22:28:00.333201+00:00
b32ca925-6757-467a-b677-b053c029f82b,8b56b530-dda6-4d7c-a6eb-67eb77c3f745,3d33bf42-44b3-4e3a-a832-b20604481688,Benchmark Riskometer: CRISIL Liquid Debt A-I Index,,,,,,INR,,,,,{},2026-08-21 22:27:51.606989+00:00
300a3031-03af-4254-819d-b2eec4b4d133,b1052d40-184f-42f5-bbef-a63f027d6945,3d33bf42-44b3-4e3a-a832-b20604481688,Benchmark Riskometer: CRISIL Liquid Debt A-I Index,,,,,,INR,,,,,{},2026-08-21 22:28:00.333201+00:00
73129527-8664-4247-8866-3aaf14fa9ef6,337c19b1-bcb1-4dbd-9336-ea5d9b511272,3d33bf42-44b3-4e3a-a832-b20604481688,Benchmark Riskometer: CRISIL Liquid Debt A-I Index,,,,,,INR,,,,,{},2026-08-21 22:27:43.322310+00:00
756d166b-ba8f-4f94-8f14-85b70629b1e7,4591cbcb-c2d0-47ff-b9f1-081edb7b0bf4,95e51509-e36e-40d1-ab12-4b14e2f5034f,Benchmark Riskometer: CRISIL Liquid Fund B-I Index,,,,,,INR,,,,,{},2026-08-21 22:28:08.968230+00:00
c92bef3a-3858-47df-8103-49a95ddff0b9,c2b75d61-232f-4aa5-8ab2-107a06685819,e5903387-a3f6-48b0-855b-704fcccc383c,Benchmark Riskometer: CRISIL Liquid Overnight Index,,,,,,INR,,,,,{},2026-08-21 22:27:43.322310+00:00
211d89ae-0e33-45d9-8c2c-4540866dd57a,bd316754-25a2-41c4-a71b-7c96c68bc2c4,e5903387-a3f6-48b0-855b-704fcccc383c,Benchmark Riskometer: CRISIL Liquid Overnight Index,,,,,,INR,,,,,{},2026-08-21 22:28:00.333201+00:00
7919230e-1358-4a5c-8cbd-df880ef65323,d752970f-f545-4c22-b17e-1cb88a905642,e5903387-a3f6-48b0-855b-704fcccc383c,Benchmark Riskometer: CRISIL Liquid Overnight Index,,,,,,INR,,,,,{},2026-08-21 22:28:08.968230+00:00
1fdab361-5f33-4798-a766-0a97922e8ea0,c7b58475-3b99-4fa2-98c3-3d2dda65c37f,e5903387-a3f6-48b0-855b-704fcccc383c,Benchmark Riskometer: CRISIL Liquid Overnight Index,,,,,,INR,,,,,{},2026-08-21 22:27:51.606989+00:00
e282f12c-9ded-4c61-8aca-11ac83988823,a2565b16-cc39-456f-92b3-f92c0ea1d287,06571b73-f580-49fc-bb23-aa9af274748a,Benchmark Riskometer: CRISIL Medium Duration Debt A-III Index,,,,,,INR,,,,,{},2026-08-21 22:27:51.606989+00:00
9b2ee13c-03e9-47d4-8966-1c67eee16425,4eb221fa-52ef-4da6-b995-36f34efa70f1,06571b73-f580-49fc-bb23-aa9af274748a,Benchmark Riskometer: CRISIL Medium Duration Debt A-III Index,,,,,,INR,,,,,{},2026-08-21 22:28:00.333201+00:00
12917135-46ee-4ab2-b6fd-2d9e19418291,62889a4c-18a0-4360-a661-25a9cd03d7e3,06571b73-f580-49fc-bb23-aa9af274748a,Benchmark Riskometer: CRISIL Medium Duration Debt A-III Index,,,,,,INR,,,,,{},2026-08-21 22:28:00.333201+00:00
92462b59-a2ef-402f-bd54-5586703d78ff,e771da65-7c99-4e13-8cdb-d52228fbc2a9,06571b73-f580-49fc-bb23-aa9af274748a,Benchmark Riskometer: CRISIL Medium Duration Debt A-III Index,,,,,,INR,,,,,{},2026-08-21 22:27:51.606989+00:00
78008598-1e13-4ea1-9a91-2ac49739657a,2fae2a62-d20d-47ce-afa9-2db98b06ad1a,06571b73-f580-49fc-bb23-aa9af274748a,Benchmark Riskometer: CRISIL Medium Duration Debt A-III Index,,,,,,INR,,,,,{},2026-08-21 22:27:51.606989+00:00
31586cd3-d246-480d-89b6-5b649ab3c212,1235aa4d-d6be-4e66-a594-97bf0a61627c,06571b73-f580-49fc-bb23-aa9af274748a,Benchmark Riskometer: CRISIL Medium Duration Debt A-III Index,,,,,,INR,,,,,{},2026-08-21 22:27:43.322310+00:00
03d464f0-e8d9-4f84-927e-706297019b00,40e45dae-d7b9-4622-bce8-3e342dc9a7bc,06571b73-f580-49fc-bb23-aa9af274748a,Benchmark Riskometer: CRISIL Medium Duration Debt A-III Index,,,,,,INR,,,,,{},2026-08-21 22:27:43.322310+00:00
6078d9c8-1e93-4cf0-bf97-1aafeab49ac0,f5468236-9267-4325-9790-e8e4d3f786fe,06571b73-f580-49fc-bb23-aa9af274748a,Benchmark Riskometer: CRISIL Medium Duration Debt A-III Index,,,,,,INR,,,,,{},2026-08-21 22:27:43.322310+00:00
1c0d753c-5dbe-4b13-949c-e8b9fede5e7a,e65162bc-30e3-4c70-a364-2d29398aeef6,06571b73-f580-49fc-bb23-aa9af274748a,Benchmark Riskometer: CRISIL Medium Duration Debt A-III Index,,,,,,INR,,,,,{},2026-08-21 22:27:43.322310+00:00
020f8586-ba84-49fa-b87d-c06904c432d7,08180163-e2b7-47f6-b1ca-a69843c50340,06571b73-f580-49fc-bb23-aa9af274748a,Benchmark Riskometer: CRISIL Medium Duration Debt A-III Index,,,,,,INR,,,,,{},2026-08-21 22:28:08.968230+00:00
36d11baa-b5c3-4c4c-b83d-036ac3980bd7,12639e2c-ae37-48bd-b977-7c0e1a8965e1,06571b73-f580-49fc-bb23-aa9af274748a,Benchmark Riskometer: CRISIL Medium Duration Debt A-III Index,,,,,,INR,,,,,{},2026-08-21 22:28:00.333201+00:00
d4a5d6be-b6d9-4280-9db4-5b25c19063f1,5f56202f-1a1b-46ab-9352-32c451eb1f2c,06571b73-f580-49fc-bb23-aa9af274748a,Benchmark Riskometer: CRISIL Medium Duration Debt A-III Index,,,,,,INR,,,,,{},2026-08-21 22:28:00.333201+00:00
da21cf26-4768-432f-b2ea-f5a6694230b3,57bf7fdd-93b0-487e-ad92-4a8aa8661288,06571b73-f580-49fc-bb23-aa9af274748a,Benchmark Riskometer: CRISIL Medium Duration Debt A-III Index,,,,,,INR,,,,,{},2026-08-21 22:27:51.606989+00:00
968eed8e-c3eb-4f80-a9bc-71da03c7b703,b90689ce-b04b-4728-9417-d7d5cf29a889,42c92b5d-87b9-473a-885c-5bb11f0eeafa,Benchmark Riskometer: CRISIL Medium Duration Fund A-III Index,,,,,,INR,,,,,{},2026-08-21 22:28:08.968230+00:00
06cbb273-0e19-4a35-a35b-0ad2f3d59ef2,fea8d894-1250-43ee-bd1e-9258000070e4,22d316eb-7581-4ac4-b167-56ccb17b4a02,Benchmark Riskometer: CRISIL Medium to Long Duration Debt A-III Index,,,,,,INR,,,,,{},2026-08-21 22:27:43.322310+00:00
d515ea44-bcfe-4515-8067-8ebff9d4fb52,066246e5-9f5f-4ddd-8f0a-5a6cb36e2c5d,22d316eb-7581-4ac4-b167-56ccb17b4a02,Benchmark Riskometer: CRISIL Medium to Long Duration Debt A-III Index,,,,,,INR,,,,,{},2026-08-21 22:28:00.333201+00:00
f3382dd5-ca4e-4875-8943-318beea33d32,bf03b6d4-f183-4273-9233-2f464066a549,22d316eb-7581-4ac4-b167-56ccb17b4a02,Benchmark Riskometer: CRISIL Medium to Long Duration Debt A-III Index,,,,,,INR,,,,,{},2026-08-21 22:27:51.606989+00:00
a319aa3d-188c-42de-92b8-99c1989dbe17,99d7c8e0-e9e2-4665-b808-5d81bdfbd7eb,43378d2e-ade6-4e7c-a631-2b89ead76f5f,Benchmark Riskometer: CRISIL Medium To Long Term Debt Index,,,,,,INR,,,,,{},2026-08-21 22:28:08.968230+00:00
9dee47ee-50e1-467a-a821-44c8904a6805,2ff0c7b5-ec0f-4371-8afe-61a4b7224117,54a203d8-5511-4913-8422-e1998919798c,Benchmark Riskometer: CRISIL Money Market A-I Index,,,,,,INR,,,,,{},2026-08-21 22:27:51.606989+00:00
3b17cfb7-e589-4074-9e99-024d96074af8,3e0e4d3d-45ad-4f7c-ba31-4d41dd50ebaa,54a203d8-5511-4913-8422-e1998919798c,Benchmark Riskometer: CRISIL Money Market A-I Index,,,,,,INR,,,,,{},2026-08-21 22:27:43.322310+00:00
392e2d52-bac0-4ebf-ad18-cf5d680f7c2d,13b8de8d-e3b3-4382-b444-3edfcab4947a,54a203d8-5511-4913-8422-e1998919798c,Benchmark Riskometer: CRISIL Money Market A-I Index,,,,,,INR,,,,,{},2026-08-21 22:28:00.333201+00:00
e940d38a-d2b7-4c75-a729-dcb68634a50b,b621384d-63bb-4bc1-abfe-83c12ee24091,cd94a52d-9bd2-4b4a-b2c9-26cc5c5df901,Benchmark Riskometer: CRISIL SDL Plus G-Sec Apr 2033 50:50 Index Fund,,,,,,INR,,,,,{},2026-08-21 22:27:51.606989+00:00
0b52c30b-f955-4fc0-9f84-6670f583f321,16e863c6-88c5-4567-9b1e-f6f573629c3f,cd94a52d-9bd2-4b4a-b2c9-26cc5c5df901,Benchmark Riskometer: CRISIL SDL Plus G-Sec Apr 2033 50:50 Index Fund,,,,,,INR,,,,,{},2026-08-21 22:27:43.322310+00:00
bd028d4c-9e90-4666-a764-282ec983cd25,58a2a794-3677-48a2-a932-29a7511b4791,cd94a52d-9bd2-4b4a-b2c9-26cc5c5df901,Benchmark Riskometer: CRISIL SDL Plus G-Sec Apr 2033 50:50 Index Fund,,,,,,INR,,,,,{},2026-08-21 22:28:08.968230+00:00
b9718cb3-7e97-482d-bc95-ec7a19e3506a,cb02bc10-915c-49d2-a2e1-194c15e16032,661e3bfb-6c72-442a-aab7-1aeded65a03a,Benchmark Riskometer: CRISIL Short Duration Debt A-II Index,,,,,,INR,,,,,{},2026-08-21 22:27:43.322310+00:00
ea4a88de-cac5-450c-8781-5ab7c6095809,8f176ebf-b1bd-4696-90e4-be5da4bb63b6,661e3bfb-6c72-442a-aab7-1aeded65a03a,Benchmark Riskometer: CRISIL Short Duration Debt A-II Index,,,,,,INR,,,,,{},2026-08-21 22:27:51.606989+00:00
96211301-f6ef-4688-9d91-abe02551d27a,24f3a0fc-db4e-4f5d-8ce3-0f1220c49f68,026b3e6e-ed66-4b99-9f57-97e08fda2f46,Benchmark Riskometer: CRISIL Ultra Short Duration Debt A-I Index,,,,,,INR,,,,,{},2026-08-21 22:27:51.606989+00:00
989b801d-c57e-419b-a89f-10a01e84e864,ef504ea4-3d11-4782-9388-c4491f323f29,0cf16d98-daa2-4fdb-a3d8-a05d168d25dc,Benchmark Riskometer: CRISIL Ultra Short Duration Fund B-I Index,,,,,,INR,,,,,{},2026-08-21 22:28:08.968230+00:00
d731417a-d5fd-4cf4-9894-02be6c37d0bc,888e2b8d-b16f-41df-9a54-321b15f7ca68,8b0391d7-ac12-4b5a-b3a1-6be9c1adaca7,Benchmark Riskometer: MSCI U.S. Government Bond Index,,,,,,INR,,,,,{},2026-08-21 22:28:00.333201+00:00
5688efe4-782f-4bde-b97c-6ac61474885c,16a96514-a294-46ce-901c-b833cad422c8,ad2c6b33-4db6-44c7-aa56-3e7c46d10619,Benchmark Riskometer: Nifty 1D Rate Index,,,,,,INR,,,,,{},2026-08-21 22:28:00.333201+00:00
822d5599-5074-4534-b6d3-7ed294486289,77de0052-85e0-4f1a-a4ff-6fb32ec99c92,ad2c6b33-4db6-44c7-aa56-3e7c46d10619,Benchmark Riskometer: Nifty 1D Rate Index,,,,,,INR,,,,,{},2026-08-21 22:27:51.606989+00:00
ac6d7663-15b2-4e93-acc0-fa311594a9ca,01b1e166-9a20-43a7-baab-8bb3eaa46562,ad2c6b33-4db6-44c7-aa56-3e7c46d10619,Benchmark Riskometer: Nifty 1D Rate Index,,,,,,INR,,,,,{},2026-08-21 22:27:43.322310+00:00
ece5ae86-455f-4f99-926d-470959c92b28,22f1b15b-1c63-413c-93c9-0f8fe5271517,754dde44-a107-4430-8b60-2137469fbf54,Benchmark Riskometer: Nifty Banking & PSU Debt Index A-II,,,,,,INR,,,,,{},2026-08-21 22:28:00.333201+00:00
b55bfeca-59a5-4771-b3f6-a8b6791ff984,a2e1afdb-6488-4cd7-b329-3cf037faa25a,754dde44-a107-4430-8b60-2137469fbf54,Benchmark Riskometer: Nifty Banking & PSU Debt Index A-II,,,,,,INR,,,,,{},2026-08-21 22:27:43.322310+00:00
ad872c30-e6b9-4a7e-b386-2b515e67c085,223147c2-8b24-45da-8811-fc97b939fe42,754dde44-a107-4430-8b60-2137469fbf54,Benchmark Riskometer: Nifty Banking & PSU Debt Index A-II,,,,,,INR,,,,,{},2026-08-21 22:27:51.606989+00:00
7f1b4d5f-4ba8-4770-907d-28bc613937ff,f98d00b4-ba8a-4436-a88b-4b3ee8f293e2,ac188d12-ede6-445b-b1f0-7c177dddb2a0,Benchmark Riskometer: NIFTY Low Duration Debt Index A-I,,,,,,INR,,,,,{},2026-08-21 22:27:43.322310+00:00
b6fb96df-ba30-438d-914e-7d6b7a68b4d1,683857a7-d74e-4bd0-a718-e5a298157857,ac188d12-ede6-445b-b1f0-7c177dddb2a0,Benchmark Riskometer: NIFTY Low Duration Debt Index A-I,,,,,,INR,,,,,{},2026-08-21 22:27:51.606989+00:00
942d76ca-5915-4380-b2d0-cb4ff0f43ce6,dead7470-4f29-4afc-8b73-40d16e6240a4,5b65e539-f1ab-4e7a-bc64-bc951b8d2d80,Benchmark Riskometer: Nifty SDL Plus G-Sec Jun 2028 30:70 Index,,,,,,INR,,,,,{},2026-08-21 22:28:08.968230+00:00
aa3149c5-02a7-4c78-ae7f-913b95a020c4,c013c858-d7e4-48e4-8885-935399840dd1,5b65e539-f1ab-4e7a-bc64-bc951b8d2d80,Benchmark Riskometer: Nifty SDL Plus G-Sec Jun 2028 30:70 Index,,,,,,INR,,,,,{},2026-08-21 22:27:43.322310+00:00
cf757a21-5753-41e1-89ac-9d033df748c5,511ec12d-ac26-4a9e-8dea-2b7aa7bf934a,5b65e539-f1ab-4e7a-bc64-bc951b8d2d80,Benchmark Riskometer: Nifty SDL Plus G-Sec Jun 2028 30:70 Index,,,,,,INR,,,,,{},2026-08-21 22:27:51.606989+00:00
57da9d15-ca58-4ac2-ac61-0f4f176b7547,ac293497-c767-44e8-9fe1-6db65b2d69dd,5b65e539-f1ab-4e7a-bc64-bc951b8d2d80,Benchmark Riskometer: Nifty SDL Plus G-Sec Jun 2028 30:70 Index,,,,,,INR,,,,,{},2026-08-21 22:28:00.333201+00:00
4d10df2b-7250-4e8f-ae76-cee6759b34e1,238fc44a-9b8a-44b9-be62-eab288fa9118,2ddc5da5-4481-4628-a3a6-7d45572d4d83,Benchmark Riskometer: Nifty SDL Plus G-Sec Sep 2027 50:50 Index,,,,,,INR,,,,,{},2026-08-21 22:28:08.968230+00:00
92f8b8f2-d1f3-4e8b-8f6b-a0ae3eb56b03,39d85bfb-703d-4abd-9904-af0019204b9d,2ddc5da5-4481-4628-a3a6-7d45572d4d83,Benchmark Riskometer: Nifty SDL Plus G-Sec Sep 2027 50:50 Index,,,,,,INR,,,,,{},2026-08-21 22:28:00.333201+00:00
e2b41406-0fa5-4e9f-8b08-ad8f6a8725e6,f3c71637-8fce-4289-89a6-119fb8881fb8,2ddc5da5-4481-4628-a3a6-7d45572d4d83,Benchmark Riskometer: Nifty SDL Plus G-Sec Sep 2027 50:50 Index,,,,,,INR,,,,,{},2026-08-21 22:27:51.606989+00:00
e7de2ffa-ee48-4328-aa53-67f6d9850dd9,3c847dd7-b25d-4346-a5f9-c1381111d28c,2ddc5da5-4481-4628-a3a6-7d45572d4d83,Benchmark Riskometer: Nifty SDL Plus G-Sec Sep 2027 50:50 Index,,,,,,INR,,,,,{},2026-08-21 22:27:43.322310+00:00
337d7996-4193-458e-9ffe-119cefaaa483,34f1a4b0-feee-42e3-87d7-68cb34f29360,60e994cc-5281-4849-99f0-bc6a22d3ce99,Benchmark Riskometer: S&P U.S. Treasury Bond Index,,,,,,INR,,,,,{},2026-08-21 22:27:51.606989+00:00
471261ba-7edb-42b3-b940-6975d80097b0,95f3f344-e673-408d-980a-027c67f8eaa3,60e994cc-5281-4849-99f0-bc6a22d3ce99,Benchmark Riskometer: S&P U.S. Treasury Bond Index,,,,,,INR,,,,,{},2026-08-21 22:27:43.322310+00:00
6c6e7600-6abb-424e-a5d9-e511b5117f89,ecb4bb92-5882-4d2e-9e2b-ca052ad8c22a,1fd8ae09-5857-4a90-9faa-8d78de7d6c47,BOND & NCD's,,,,,,INR,,,,,{},2026-08-21 22:28:00.333201+00:00
77ee92d4-d0ad-4513-89af-726ab1d22945,363fcd54-58de-409c-83a1-9307268d95ae,1fd8ae09-5857-4a90-9faa-8d78de7d6c47,BOND & NCD's,,,,,,INR,,,,,{},2026-08-21 22:28:00.333201+00:00
eef0096d-4914-49ce-957a-0f7e6f5ac89b,348cd817-ed9d-4b14-adb4-bfcf239878c5,1fd8ae09-5857-4a90-9faa-8d78de7d6c47,BOND & NCD's,,,,,,INR,,,,,{},2026-08-21 22:28:00.333201+00:00
e51b5abe-11a2-41fa-b2ab-62b65319bef7,24f3a0fc-db4e-4f5d-8ce3-0f1220c49f68,1fd8ae09-5857-4a90-9faa-8d78de7d6c47,BOND & NCD's,,,,,,INR,,,,,{},2026-08-21 22:27:51.606989+00:00
a324b7cc-de1d-4f98-a042-31bf683c02ee,ef504ea4-3d11-4782-9388-c4491f323f29,1fd8ae09-5857-4a90-9faa-8d78de7d6c47,BOND & NCD's,,,,,,INR,,,,,{},2026-08-21 22:28:08.968230+00:00
7fe1ee49-4642-43c0-9484-489070d63c41,8b56b530-dda6-4d7c-a6eb-67eb77c3f745,1fd8ae09-5857-4a90-9faa-8d78de7d6c47,BOND & NCD's,,,,,,INR,,,,,{},2026-08-21 22:27:51.606989+00:00
a022777b-db39-47f7-86a1-b164e3b87e37,a86a1ca2-80e9-41a1-a8d8-b1e2afb0159c,1fd8ae09-5857-4a90-9faa-8d78de7d6c47,BOND & NCD's,,,,,,INR,,,,,{},2026-08-21 22:27:51.606989+00:00
655cda4b-7818-4dc2-a5da-ea811ddeb042,c59f97f8-48fe-49b2-9b93-c9d26f4d00ac,1fd8ae09-5857-4a90-9faa-8d78de7d6c47,BOND & NCD's,,,,,,INR,,,,,{},2026-08-21 22:27:51.606989+00:00
cbbd33fd-56ff-46e0-88e4-5857dd026218,683857a7-d74e-4bd0-a718-e5a298157857,1fd8ae09-5857-4a90-9faa-8d78de7d6c47,BOND & NCD's,,,,,,INR,,,,,{},2026-08-21 22:27:51.606989+00:00
aa9c5ac4-b2da-4e50-89db-903124b30ccd,cb02bc10-915c-49d2-a2e1-194c15e16032,1fd8ae09-5857-4a90-9faa-8d78de7d6c47,BOND & NCD's,,,,,,INR,,,,,{},2026-08-21 22:27:43.322310+00:00
085a6d30-8e88-4825-bfa8-8c123e9a4925,28b94171-7504-450a-a21a-c461e2063bb1,1fd8ae09-5857-4a90-9faa-8d78de7d6c47,BOND & NCD's,,,,,,INR,,,,,{},2026-08-21 22:28:08.968230+00:00
9279c47a-f41f-4a4e-8d09-2d869d4ee986,4591cbcb-c2d0-47ff-b9f1-081edb7b0bf4,1fd8ae09-5857-4a90-9faa-8d78de7d6c47,BOND & NCD's,,,,,,INR,,,,,{},2026-08-21 22:28:08.968230+00:00
ecd583e0-cf20-4718-b2dc-a9fca78bc7fa,6d337ab4-dfda-4814-8448-4293ef1bd14a,1fd8ae09-5857-4a90-9faa-8d78de7d6c47,BOND & NCD's,,,,,,INR,,,,,{},2026-08-21 22:28:00.333201+00:00
da3e5c18-5644-4b89-910b-44d25737588a,df12f86f-e985-4385-adc3-77b0d98a2837,1fd8ae09-5857-4a90-9faa-8d78de7d6c47,BOND & NCD's,,,,,,INR,,,,,{},2026-08-21 22:28:00.333201+00:00
580893ed-15a1-437a-bd11-578b7ba72d00,a14edabe-48d2-4c76-9f14-b97545126ba4,1fd8ae09-5857-4a90-9faa-8d78de7d6c47,BOND & NCD's,,,,,,INR,,,,,{},2026-08-21 22:27:51.606989+00:00
333d5bef-9d71-4734-bfee-0f60f038b4c9,3f0dc69d-77d4-4cd8-952c-3813c4871125,1fd8ae09-5857-4a90-9faa-8d78de7d6c47,BOND & NCD's,,,,,,INR,,,,,{},2026-08-21 22:27:51.606989+00:00
fee9960f-3169-43d2-a286-bbb111355996,8dcc94b2-7f90-4baf-88f5-814ee13f6cc5,1fd8ae09-5857-4a90-9faa-8d78de7d6c47,BOND & NCD's,,,,,,INR,,,,,{},2026-08-21 22:27:43.322310+00:00
3ef6bebb-e29b-40e2-a8fb-e689bfabc4b0,dcf0a87e-d85b-4a7d-908b-f096a8532005,1fd8ae09-5857-4a90-9faa-8d78de7d6c47,BOND & NCD's,,,,,,INR,,,,,{},2026-08-21 22:28:08.968230+00:00
c988efd2-5848-421c-ac44-c2966204f7ba,22f1b15b-1c63-413c-93c9-0f8fe5271517,1fd8ae09-5857-4a90-9faa-8d78de7d6c47,BOND & NCD's,,,,,,INR,,,,,{},2026-08-21 22:28:00.333201+00:00
66839e5b-01c6-4de4-a384-19384d696edc,10ad78f2-1f9e-475e-b925-9a73a663204d,1fd8ae09-5857-4a90-9faa-8d78de7d6c47,BOND & NCD's,,,,,,INR,,,,,{},2026-08-21 22:28:00.333201+00:00
6a52f748-b4c0-46e0-b160-a2cc0c2839f9,d261d9a5-22b9-44ab-98da-1f68d27ac487,1fd8ae09-5857-4a90-9faa-8d78de7d6c47,BOND & NCD's,,,,,,INR,,,,,{},2026-08-21 22:27:51.606989+00:00
0fbc99b7-1fa6-4a26-bc9e-a973acec0a31,a2e1afdb-6488-4cd7-b329-3cf037faa25a,1fd8ae09-5857-4a90-9faa-8d78de7d6c47,BOND & NCD's,,,,,,INR,,,,,{},2026-08-21 22:27:43.322310+00:00
6335e593-e5f7-468b-9923-77e2822c7d73,c8b2fbcd-6835-4a64-b790-0486910a39dd,1fd8ae09-5857-4a90-9faa-8d78de7d6c47,BOND & NCD's,,,,,,INR,,,,,{},2026-08-21 22:27:43.322310+00:00
a2142272-83cf-487e-9020-fdb6c0498eb2,4c73d3e6-349d-4083-a72d-178e108b4002,1fd8ae09-5857-4a90-9faa-8d78de7d6c47,BOND & NCD's,,,,,,INR,,,,,{},2026-08-21 22:28:08.968230+00:00
3ae1936c-cb16-4b84-b6e7-0bc258a3daf2,62889a4c-18a0-4360-a661-25a9cd03d7e3,1fd8ae09-5857-4a90-9faa-8d78de7d6c47,BOND & NCD's,,,,,,INR,,,,,{},2026-08-21 22:28:00.333201+00:00
6b4ecd5d-90bb-4ac7-840d-1dcf10b4b20f,2fae2a62-d20d-47ce-afa9-2db98b06ad1a,1fd8ae09-5857-4a90-9faa-8d78de7d6c47,BOND & NCD's,,,,,,INR,,,,,{},2026-08-21 22:27:51.606989+00:00
7c422045-4f87-4dbd-b593-fb6c536ae4a7,e65162bc-30e3-4c70-a364-2d29398aeef6,1fd8ae09-5857-4a90-9faa-8d78de7d6c47,BOND & NCD's,,,,,,INR,,,,,{},2026-08-21 22:27:43.322310+00:00
fce58069-453f-47f8-b666-859222e1ceb5,551a5203-3c95-4b5a-9daf-cf2a35524a63,1fd8ae09-5857-4a90-9faa-8d78de7d6c47,BOND & NCD's,,,,,,INR,,,,,{},2026-08-21 22:28:08.968230+00:00
3e4cbeb7-a15d-43fd-be77-e24d031b7a99,c5003a7c-0c45-4124-b5df-d5bd44e717c2,1fd8ae09-5857-4a90-9faa-8d78de7d6c47,BOND & NCD's,,,,,,INR,,,,,{},2026-08-21 22:28:08.968230+00:00
c14bc872-c5f4-4bad-8dcd-cadd38b67a3d,6b5d2872-40b1-4bb7-a0c1-e5368cadff36,1fd8ae09-5857-4a90-9faa-8d78de7d6c47,BOND & NCD's,,,,,,INR,,,,,{},2026-08-21 22:28:00.333201+00:00
3f59beb6-13ba-4ca9-a1fc-bb506ab1707c,e687fca2-57d4-4be7-bd32-c155ca522388,1fd8ae09-5857-4a90-9faa-8d78de7d6c47,BOND & NCD's,,,,,,INR,,,,,{},2026-08-21 22:28:00.333201+00:00
d54884a8-93ff-4b63-899d-197988c4e413,223147c2-8b24-45da-8811-fc97b939fe42,1fd8ae09-5857-4a90-9faa-8d78de7d6c47,BOND & NCD's,,,,,,INR,,,,,{},2026-08-21 22:27:51.606989+00:00
a6dc723f-6196-4a6e-bed4-8bed13d299ae,c20da3cb-ea77-41a7-ba29-b756d147545a,1fd8ae09-5857-4a90-9faa-8d78de7d6c47,BOND & NCD's,,,,,,INR,,,,,{},2026-08-21 22:27:43.322310+00:00
dfe19512-5e5c-4787-b189-13c651082a29,fe1f8698-0748-4cdb-912f-70d58c45bb14,1fd8ae09-5857-4a90-9faa-8d78de7d6c47,BOND & NCD's,,,,,,INR,,,,,{},2026-08-21 22:27:43.322310+00:00
3b00f543-40d2-471c-a471-86677e0a77fc,d72c5d6c-b05f-4a9a-9884-001911d22bf3,1fd8ae09-5857-4a90-9faa-8d78de7d6c47,BOND & NCD's,,,,,,INR,,,,,{},2026-08-21 22:27:43.322310+00:00
345bef2b-c2b3-41e6-9c81-e43a21e554ff,337c19b1-bcb1-4dbd-9336-ea5d9b511272,1fd8ae09-5857-4a90-9faa-8d78de7d6c47,BOND & NCD's,,,,,,INR,,,,,{},2026-08-21 22:27:43.322310+00:00
2ec5e5da-58f6-4fc0-bce1-3b91c5d04aa1,72f4660f-ce7d-4015-b9bf-90c9545964d8,1fd8ae09-5857-4a90-9faa-8d78de7d6c47,BOND & NCD's,,,,,,INR,,,,,{},2026-08-21 22:28:08.968230+00:00
2febf4dd-14b6-4380-a1b2-8bc91a9b0785,b1052d40-184f-42f5-bbef-a63f027d6945,1fd8ae09-5857-4a90-9faa-8d78de7d6c47,BOND & NCD's,,,,,,INR,,,,,{},2026-08-21 22:28:00.333201+00:00
98baefad-34ec-40a9-b364-0a82addb34b7,8f176ebf-b1bd-4696-90e4-be5da4bb63b6,1fd8ae09-5857-4a90-9faa-8d78de7d6c47,BOND & NCD's,,,,,,INR,,,,,{},2026-08-21 22:27:51.606989+00:00
d51f7998-ea9c-4827-b1e0-7dcddf426966,b366c1a2-eda8-4d10-92d6-667db97e46b2,1fd8ae09-5857-4a90-9faa-8d78de7d6c47,BOND & NCD's,,,,,,INR,,,,,{},2026-08-21 22:27:43.322310+00:00
0369a265-b454-474d-97c2-33cbce51d443,f98d00b4-ba8a-4436-a88b-4b3ee8f293e2,1fd8ae09-5857-4a90-9faa-8d78de7d6c47,BOND & NCD's,,,,,,INR,,,,,{},2026-08-21 22:27:43.322310+00:00
da7e32b0-23a0-496e-9515-439742c042ae,f8afd568-b109-44ac-ba3e-5225892fef9f,1fd8ae09-5857-4a90-9faa-8d78de7d6c47,BOND & NCD's,,,,,,INR,,,,,{},2026-08-21 22:28:08.968230+00:00
cd34a5a4-d26c-4f2e-9d4d-a7fb4dbfdc4d,b04e2240-e78a-4780-ae55-0f23beee477d,1fd8ae09-5857-4a90-9faa-8d78de7d6c47,BOND & NCD's,,,,,,INR,,,,,{},2026-08-21 22:28:08.968230+00:00
7ad39cd9-179c-40dd-bfaa-eef27a5384e7,ac293497-c767-44e8-9fe1-6db65b2d69dd,01755f60-6483-42d3-994e-465ce4a1ce8f,Cash & Cash Equivalent,,,,,,INR,,,,,{},2026-08-21 22:28:00.333201+00:00
a8d669fb-b61e-445e-8be3-ea4c484106e9,6b5d2872-40b1-4bb7-a0c1-e5368cadff36,01755f60-6483-42d3-994e-465ce4a1ce8f,Cash & Cash Equivalent,,,,,,INR,,,,,{},2026-08-21 22:28:00.333201+00:00
34fff936-be72-454f-a997-378afd1fa395,57bf7fdd-93b0-487e-ad92-4a8aa8661288,01755f60-6483-42d3-994e-465ce4a1ce8f,Cash & Cash Equivalent,,,,,,INR,,,,,{},2026-08-21 22:27:51.606989+00:00
4471f2b1-2153-465d-b95a-9128dfe62e3e,2fae2a62-d20d-47ce-afa9-2db98b06ad1a,01755f60-6483-42d3-994e-465ce4a1ce8f,Cash & Cash Equivalent,,,,,,INR,,,,,{},2026-08-21 22:27:51.606989+00:00
62cbd45a-43a5-4e9a-b217-64d43040fd43,a2e1afdb-6488-4cd7-b329-3cf037faa25a,01755f60-6483-42d3-994e-465ce4a1ce8f,Cash & Cash Equivalent,,,,,,INR,,,,,{},2026-08-21 22:27:43.322310+00:00
8b25d7e1-e3a8-4ee2-af63-d983cde5c2b0,d72c5d6c-b05f-4a9a-9884-001911d22bf3,01755f60-6483-42d3-994e-465ce4a1ce8f,Cash & Cash Equivalent,,,,,,INR,,,,,{},2026-08-21 22:27:43.322310+00:00
17ad4fdc-c437-4ff9-88eb-807b6abac6e0,337c19b1-bcb1-4dbd-9336-ea5d9b511272,01755f60-6483-42d3-994e-465ce4a1ce8f,Cash & Cash Equivalent,,,,,,INR,,,,,{},2026-08-21 22:27:43.322310+00:00
ccee23ef-784e-45ab-88f2-919a1c5cb29a,b90689ce-b04b-4728-9417-d7d5cf29a889,01755f60-6483-42d3-994e-465ce4a1ce8f,Cash & Cash Equivalent,,,,,,INR,,,,,{},2026-08-21 22:28:08.968230+00:00
30655e29-9b8f-47d2-84bf-0369139055df,dd454cb2-6c59-4c6c-b8ae-adb8afb44272,01755f60-6483-42d3-994e-465ce4a1ce8f,Cash & Cash Equivalent,,,,,,INR,,,,,{},2026-08-21 22:28:08.968230+00:00
a009ba59-097c-44c2-83c8-8d3901f84c7c,d752970f-f545-4c22-b17e-1cb88a905642,01755f60-6483-42d3-994e-465ce4a1ce8f,Cash & Cash Equivalent,,,,,,INR,,,,,{},2026-08-21 22:28:08.968230+00:00
2ed77520-c4c0-4317-9a8e-92a6065f72d1,dcf0a87e-d85b-4a7d-908b-f096a8532005,01755f60-6483-42d3-994e-465ce4a1ce8f,Cash & Cash Equivalent,,,,,,INR,,,,,{},2026-08-21 22:28:08.968230+00:00
2ee845de-940f-4d2b-a684-00386b82c7b4,4c73d3e6-349d-4083-a72d-178e108b4002,01755f60-6483-42d3-994e-465ce4a1ce8f,Cash & Cash Equivalent,,,,,,INR,,,,,{},2026-08-21 22:28:08.968230+00:00
f9c9c86e-ac2f-42c4-8d36-6e6a50b3b6fc,888e2b8d-b16f-41df-9a54-321b15f7ca68,01755f60-6483-42d3-994e-465ce4a1ce8f,Cash & Cash Equivalent,,,,,,INR,,,,,{},2026-08-21 22:28:00.333201+00:00
a6e67660-6423-441f-a775-233e7876ee0a,6d337ab4-dfda-4814-8448-4293ef1bd14a,01755f60-6483-42d3-994e-465ce4a1ce8f,Cash & Cash Equivalent,,,,,,INR,,,,,{},2026-08-21 22:28:00.333201+00:00
135eda4b-2454-45bd-bb4d-40f89b632148,363fcd54-58de-409c-83a1-9307268d95ae,01755f60-6483-42d3-994e-465ce4a1ce8f,Cash & Cash Equivalent,,,,,,INR,,,,,{},2026-08-21 22:28:00.333201+00:00
4116a47a-c66d-4617-a4c6-317aa733e1ce,f98d00b4-ba8a-4436-a88b-4b3ee8f293e2,01755f60-6483-42d3-994e-465ce4a1ce8f,Cash & Cash Equivalent,,,,,,INR,,,,,{},2026-08-21 22:27:43.322310+00:00
8dc4137c-e5f2-42e9-9436-199e4af13e2c,08180163-e2b7-47f6-b1ca-a69843c50340,01755f60-6483-42d3-994e-465ce4a1ce8f,Cash & Cash Equivalent,,,,,,INR,,,,,{},2026-08-21 22:28:08.968230+00:00
74cac812-a1af-4dfe-85ee-b514be6d5cf8,ee7f77d7-6936-4d83-ba59-9e88403bb081,01755f60-6483-42d3-994e-465ce4a1ce8f,Cash & Cash Equivalent,,,,,,INR,,,,,{},2026-08-21 22:28:08.968230+00:00
5785a1d9-2255-4bb7-a3ef-7b8c04c2dafc,72f4660f-ce7d-4015-b9bf-90c9545964d8,01755f60-6483-42d3-994e-465ce4a1ce8f,Cash & Cash Equivalent,,,,,,INR,,,,,{},2026-08-21 22:28:08.968230+00:00
82df3702-a9e5-48e8-b399-087ee0492b98,ea59472f-5dda-4f56-b0dd-cba0dba8ea44,01755f60-6483-42d3-994e-465ce4a1ce8f,Cash & Cash Equivalent,,,,,,INR,,,,,{},2026-08-21 22:28:00.333201+00:00
2248f5ca-c667-4a52-854c-15e114a62a35,13b8de8d-e3b3-4382-b444-3edfcab4947a,01755f60-6483-42d3-994e-465ce4a1ce8f,Cash & Cash Equivalent,,,,,,INR,,,,,{},2026-08-21 22:28:00.333201+00:00
2cf3dd10-19fd-4618-bbfa-fb113f339408,e687fca2-57d4-4be7-bd32-c155ca522388,01755f60-6483-42d3-994e-465ce4a1ce8f,Cash & Cash Equivalent,,,,,,INR,,,,,{},2026-08-21 22:28:00.333201+00:00
5f6e708a-0489-4583-a9ae-7a25b448927b,a2565b16-cc39-456f-92b3-f92c0ea1d287,01755f60-6483-42d3-994e-465ce4a1ce8f,Cash & Cash Equivalent,,,,,,INR,,,,,{},2026-08-21 22:27:51.606989+00:00
1f38dab5-a357-48c6-b7c8-6d2ee1d39f56,77de0052-85e0-4f1a-a4ff-6fb32ec99c92,01755f60-6483-42d3-994e-465ce4a1ce8f,Cash & Cash Equivalent,,,,,,INR,,,,,{},2026-08-21 22:27:51.606989+00:00
408c9bdc-4731-47b4-b0bc-e9d208a40ab1,223147c2-8b24-45da-8811-fc97b939fe42,01755f60-6483-42d3-994e-465ce4a1ce8f,Cash & Cash Equivalent,,,,,,INR,,,,,{},2026-08-21 22:27:51.606989+00:00
b12a047c-0024-4625-9505-3fb4b60fc21f,d261d9a5-22b9-44ab-98da-1f68d27ac487,01755f60-6483-42d3-994e-465ce4a1ce8f,Cash & Cash Equivalent,,,,,,INR,,,,,{},2026-08-21 22:27:51.606989+00:00
aaf31d10-aa28-4d17-8017-96923c8260df,683857a7-d74e-4bd0-a718-e5a298157857,01755f60-6483-42d3-994e-465ce4a1ce8f,Cash & Cash Equivalent,,,,,,INR,,,,,{},2026-08-21 22:27:51.606989+00:00
04798a78-fe4f-4748-94c0-c0afbe2fadbe,fea8d894-1250-43ee-bd1e-9258000070e4,01755f60-6483-42d3-994e-465ce4a1ce8f,Cash & Cash Equivalent,,,,,,INR,,,,,{},2026-08-21 22:27:43.322310+00:00
f6c7f315-d854-400a-814e-6cae77f91d73,1235aa4d-d6be-4e66-a594-97bf0a61627c,01755f60-6483-42d3-994e-465ce4a1ce8f,Cash & Cash Equivalent,,,,,,INR,,,,,{},2026-08-21 22:27:43.322310+00:00
82532e99-0f84-4025-aa4d-4f29ebb5e05e,40e45dae-d7b9-4622-bce8-3e342dc9a7bc,01755f60-6483-42d3-994e-465ce4a1ce8f,Cash & Cash Equivalent,,,,,,INR,,,,,{},2026-08-21 22:27:43.322310+00:00
1cb6df1e-de23-44dc-a19c-2996540a6710,3c847dd7-b25d-4346-a5f9-c1381111d28c,01755f60-6483-42d3-994e-465ce4a1ce8f,Cash & Cash Equivalent,,,,,,INR,,,,,{},2026-08-21 22:27:43.322310+00:00
4a7a4694-a20a-4812-bc11-a03bbbd1fd81,01b1e166-9a20-43a7-baab-8bb3eaa46562,01755f60-6483-42d3-994e-465ce4a1ce8f,Cash & Cash Equivalent,,,,,,INR,,,,,{},2026-08-21 22:27:43.322310+00:00
b954f329-aec0-45d6-bff4-fb380f9bb32a,c8b2fbcd-6835-4a64-b790-0486910a39dd,01755f60-6483-42d3-994e-465ce4a1ce8f,Cash & Cash Equivalent,,,,,,INR,,,,,{},2026-08-21 22:27:43.322310+00:00
8e4f9b91-c486-43a5-9803-9f1bd023cabf,99d7c8e0-e9e2-4665-b808-5d81bdfbd7eb,01755f60-6483-42d3-994e-465ce4a1ce8f,Cash & Cash Equivalent,,,,,,INR,,,,,{},2026-08-21 22:28:08.968230+00:00
45e1c1ff-2624-41e9-86a4-c5fb1d42e5c0,238fc44a-9b8a-44b9-be62-eab288fa9118,01755f60-6483-42d3-994e-465ce4a1ce8f,Cash & Cash Equivalent,,,,,,INR,,,,,{},2026-08-21 22:28:08.968230+00:00
60e0cb5f-26b1-44c4-90bf-88673d116d1e,b04e2240-e78a-4780-ae55-0f23beee477d,01755f60-6483-42d3-994e-465ce4a1ce8f,Cash & Cash Equivalent,,,,,,INR,,,,,{},2026-08-21 22:28:08.968230+00:00
8bab1781-0e96-4b6b-a4b5-43568237d012,e1bc241b-d20f-4365-8f21-1dc8bae4ddc8,01755f60-6483-42d3-994e-465ce4a1ce8f,Cash & Cash Equivalent,,,,,,INR,,,,,{},2026-08-21 22:28:00.333201+00:00
d8fa1459-8fb9-4de4-acc4-f6417c61c91d,e108a83c-f147-43d1-8812-128be3c4b7b1,01755f60-6483-42d3-994e-465ce4a1ce8f,Cash & Cash Equivalent,,,,,,INR,,,,,{},2026-08-21 22:28:00.333201+00:00
a8f4a359-83c7-4bd4-ac61-d83181c50964,10ad78f2-1f9e-475e-b925-9a73a663204d,01755f60-6483-42d3-994e-465ce4a1ce8f,Cash & Cash Equivalent,,,,,,INR,,,,,{},2026-08-21 22:28:00.333201+00:00
30c484a8-6260-4720-8a9c-a55c56d83f07,05476498-9a2a-47cb-89a9-1eb58ac325c0,01755f60-6483-42d3-994e-465ce4a1ce8f,Cash & Cash Equivalent,,,,,,INR,,,,,{},2026-08-21 22:28:00.333201+00:00
cbeb15d8-f952-426e-947e-6986b25df955,ecb4bb92-5882-4d2e-9e2b-ca052ad8c22a,01755f60-6483-42d3-994e-465ce4a1ce8f,Cash & Cash Equivalent,,,,,,INR,,,,,{},2026-08-21 22:28:00.333201+00:00
dfc9d443-10d3-4ceb-ace4-27cbb93347b9,b1052d40-184f-42f5-bbef-a63f027d6945,01755f60-6483-42d3-994e-465ce4a1ce8f,Cash & Cash Equivalent,,,,,,INR,,,,,{},2026-08-21 22:28:00.333201+00:00
c539422f-d21e-415c-8553-a3317fef1c8f,a86a1ca2-80e9-41a1-a8d8-b1e2afb0159c,01755f60-6483-42d3-994e-465ce4a1ce8f,Cash & Cash Equivalent,,,,,,INR,,,,,{},2026-08-21 22:27:51.606989+00:00
1d6f6162-3dc5-4a35-a80c-6b3d7cb27d8c,31b98558-3446-4859-afd0-60e7b0c9b47d,01755f60-6483-42d3-994e-465ce4a1ce8f,Cash & Cash Equivalent,,,,,,INR,,,,,{},2026-08-21 22:27:51.606989+00:00
0d7324c0-d579-4bea-9625-ac1daddd387e,8f176ebf-b1bd-4696-90e4-be5da4bb63b6,01755f60-6483-42d3-994e-465ce4a1ce8f,Cash & Cash Equivalent,,,,,,INR,,,,,{},2026-08-21 22:27:51.606989+00:00
38dd8e77-d8f5-4a80-bd29-21d0e00b7908,24f3a0fc-db4e-4f5d-8ce3-0f1220c49f68,01755f60-6483-42d3-994e-465ce4a1ce8f,Cash & Cash Equivalent,,,,,,INR,,,,,{},2026-08-21 22:27:51.606989+00:00
e8158302-990e-4cb2-a553-a7aa85a9c6a2,16e863c6-88c5-4567-9b1e-f6f573629c3f,01755f60-6483-42d3-994e-465ce4a1ce8f,Cash & Cash Equivalent,,,,,,INR,,,,,{},2026-08-21 22:27:43.322310+00:00
30c99a11-ff12-406f-b0a0-6b849058ce09,c2b75d61-232f-4aa5-8ab2-107a06685819,01755f60-6483-42d3-994e-465ce4a1ce8f,Cash & Cash Equivalent,,,,,,INR,,,,,{},2026-08-21 22:27:43.322310+00:00
5cbc7869-cb9b-4913-b2d5-e413b43e61cc,ef504ea4-3d11-4782-9388-c4491f323f29,01755f60-6483-42d3-994e-465ce4a1ce8f,Cash & Cash Equivalent,,,,,,INR,,,,,{},2026-08-21 22:28:08.968230+00:00
33175e56-c62c-4275-a77b-94ee91682b26,fdd0027b-0401-4d6d-998f-e43261872872,01755f60-6483-42d3-994e-465ce4a1ce8f,Cash & Cash Equivalent,,,,,,INR,,,,,{},2026-08-21 22:28:08.968230+00:00
922347a9-b92d-4a51-8253-6a5e1ae8d1c9,551a5203-3c95-4b5a-9daf-cf2a35524a63,01755f60-6483-42d3-994e-465ce4a1ce8f,Cash & Cash Equivalent,,,,,,INR,,,,,{},2026-08-21 22:28:08.968230+00:00
c19bb394-7db1-47d9-8efc-52153d289c86,9e677dec-6abf-4546-b55a-094e76b9fb18,01755f60-6483-42d3-994e-465ce4a1ce8f,Cash & Cash Equivalent,,,,,,INR,,,,,{},2026-08-21 22:28:08.968230+00:00
52c4a50b-2eed-4ee6-bf01-9e894fd26270,c5003a7c-0c45-4124-b5df-d5bd44e717c2,01755f60-6483-42d3-994e-465ce4a1ce8f,Cash & Cash Equivalent,,,,,,INR,,,,,{},2026-08-21 22:28:08.968230+00:00
f81e42c5-1d7e-4dd9-989f-fbc4dbd32835,5f56202f-1a1b-46ab-9352-32c451eb1f2c,01755f60-6483-42d3-994e-465ce4a1ce8f,Cash & Cash Equivalent,,,,,,INR,,,,,{},2026-08-21 22:28:00.333201+00:00
607411a3-3952-4274-b79e-7bb1d9c2b912,16a96514-a294-46ce-901c-b833cad422c8,01755f60-6483-42d3-994e-465ce4a1ce8f,Cash & Cash Equivalent,,,,,,INR,,,,,{},2026-08-21 22:28:00.333201+00:00
04afca15-651b-470a-91f8-53d059f88189,348cd817-ed9d-4b14-adb4-bfcf239878c5,01755f60-6483-42d3-994e-465ce4a1ce8f,Cash & Cash Equivalent,,,,,,INR,,,,,{},2026-08-21 22:28:00.333201+00:00
3de1d06e-69f3-4b34-a265-3e78a839e204,34f1a4b0-feee-42e3-87d7-68cb34f29360,01755f60-6483-42d3-994e-465ce4a1ce8f,Cash & Cash Equivalent,,,,,,INR,,,,,{},2026-08-21 22:27:51.606989+00:00
2e6a1ba7-6b5b-4621-bd2e-1ed67751d09f,a56c15d9-9072-4a7d-b591-f2212bc23d5a,01755f60-6483-42d3-994e-465ce4a1ce8f,Cash & Cash Equivalent,,,,,,INR,,,,,{},2026-08-21 22:27:51.606989+00:00
e16f0de4-1f0f-41e3-8e07-d5e2a89165d9,c7b58475-3b99-4fa2-98c3-3d2dda65c37f,01755f60-6483-42d3-994e-465ce4a1ce8f,Cash & Cash Equivalent,,,,,,INR,,,,,{},2026-08-21 22:27:51.606989+00:00
cd41c8de-c65d-46c8-9ff3-8f18297964da,8b56b530-dda6-4d7c-a6eb-67eb77c3f745,01755f60-6483-42d3-994e-465ce4a1ce8f,Cash & Cash Equivalent,,,,,,INR,,,,,{},2026-08-21 22:27:51.606989+00:00
55fc2c3b-478c-418e-8024-8f82149afa4c,f5468236-9267-4325-9790-e8e4d3f786fe,01755f60-6483-42d3-994e-465ce4a1ce8f,Cash & Cash Equivalent,,,,,,INR,,,,,{},2026-08-21 22:27:43.322310+00:00
8753b9c8-4f09-460f-af5a-4b485f57cd26,c20da3cb-ea77-41a7-ba29-b756d147545a,01755f60-6483-42d3-994e-465ce4a1ce8f,Cash & Cash Equivalent,,,,,,INR,,,,,{},2026-08-21 22:27:43.322310+00:00
174348f1-191c-47ed-8115-0238543dba1b,87c1811a-9b37-4ee1-a921-d6d54cfa31ec,01755f60-6483-42d3-994e-465ce4a1ce8f,Cash & Cash Equivalent,,,,,,INR,,,,,{},2026-08-21 22:27:43.322310+00:00
94aa3c82-5edc-48b4-9190-ec09e448d575,cb02bc10-915c-49d2-a2e1-194c15e16032,01755f60-6483-42d3-994e-465ce4a1ce8f,Cash & Cash Equivalent,,,,,,INR,,,,,{},2026-08-21 22:27:43.322310+00:00
f6a05107-4ecd-4736-955f-597c6d38c321,58a2a794-3677-48a2-a932-29a7511b4791,01755f60-6483-42d3-994e-465ce4a1ce8f,Cash & Cash Equivalent,,,,,,INR,,,,,{},2026-08-21 22:28:08.968230+00:00
2bb9aad2-be9c-4c7c-9786-07b83560a256,22643a51-52f7-491e-8402-99edcead8da8,01755f60-6483-42d3-994e-465ce4a1ce8f,Cash & Cash Equivalent,,,,,,INR,,,,,{},2026-08-21 22:28:08.968230+00:00
049ad944-a586-4dc4-bc76-70ed55b91768,28b94171-7504-450a-a21a-c461e2063bb1,01755f60-6483-42d3-994e-465ce4a1ce8f,Cash & Cash Equivalent,,,,,,INR,,,,,{},2026-08-21 22:28:08.968230+00:00
c21ae08d-a4ce-43b0-9d76-3ba4531bc86a,daf9b179-a582-4650-955e-06a7309846c9,171b8747-63c1-4da6-a4e3-7269f78596d5,Commercial Paper,,,,,,INR,,,,,{},2026-08-21 22:33:38.313576+00:00
ae5be0fd-3efc-4a64-b4bd-60987018358a,8eb6cd37-468a-4301-bc72-cdaf3f048f07,171b8747-63c1-4da6-a4e3-7269f78596d5,Commercial Paper,,,,,,INR,,,,,{},2026-08-21 22:27:33.755328+00:00
5b2c1f93-e90d-4e02-ab2c-94678771f0de,2ff0c7b5-ec0f-4371-8afe-61a4b7224117,17dad25c-00ef-4b3c-82ba-1e1d0fff0855,Commercial Papers,,,,,,INR,,,,,{},2026-08-21 22:27:51.606989+00:00
a72d3306-b239-40e2-a616-f86438213f2c,8b56b530-dda6-4d7c-a6eb-67eb77c3f745,17dad25c-00ef-4b3c-82ba-1e1d0fff0855,Commercial Papers,,,,,,INR,,,,,{},2026-08-21 22:27:51.606989+00:00
abaf013f-6c67-4ded-969e-f980877de45b,f98d00b4-ba8a-4436-a88b-4b3ee8f293e2,17dad25c-00ef-4b3c-82ba-1e1d0fff0855,Commercial Papers,,,,,,INR,,,,,{},2026-08-21 22:27:43.322310+00:00
49b47f1f-6cd8-4823-8775-d375c1287eae,b1052d40-184f-42f5-bbef-a63f027d6945,17dad25c-00ef-4b3c-82ba-1e1d0fff0855,Commercial Papers,,,,,,INR,,,,,{},2026-08-21 22:28:00.333201+00:00
31d96d24-9f2c-4a33-9583-04addaf73bf4,683857a7-d74e-4bd0-a718-e5a298157857,17dad25c-00ef-4b3c-82ba-1e1d0fff0855,Commercial Papers,,,,,,INR,,,,,{},2026-08-21 22:27:51.606989+00:00
084e8ccc-6b3a-4080-a8e5-f9645ef5b900,24f3a0fc-db4e-4f5d-8ce3-0f1220c49f68,17dad25c-00ef-4b3c-82ba-1e1d0fff0855,Commercial Papers,,,,,,INR,,,,,{},2026-08-21 22:27:51.606989+00:00
be9db7a9-5742-43de-ad41-7d83684ae150,9e677dec-6abf-4546-b55a-094e76b9fb18,17dad25c-00ef-4b3c-82ba-1e1d0fff0855,Commercial Papers,,,,,,INR,,,,,{},2026-08-21 22:28:08.968230+00:00
12707c99-dd69-423b-8f8b-d2279f9fa722,bd316754-25a2-41c4-a71b-7c96c68bc2c4,17dad25c-00ef-4b3c-82ba-1e1d0fff0855,Commercial Papers,,,,,,INR,,,,,{},2026-08-21 22:28:00.333201+00:00
c12b1368-760a-49cc-80b8-def6ed87d062,22f1b15b-1c63-413c-93c9-0f8fe5271517,17dad25c-00ef-4b3c-82ba-1e1d0fff0855,Commercial Papers,,,,,,INR,,,,,{},2026-08-21 22:28:00.333201+00:00
e3bb1ebc-4b34-405a-b96a-f25ba4fa8f1b,13b8de8d-e3b3-4382-b444-3edfcab4947a,17dad25c-00ef-4b3c-82ba-1e1d0fff0855,Commercial Papers,,,,,,INR,,,,,{},2026-08-21 22:28:00.333201+00:00
daad27d5-47f2-4220-ad28-8112a4146ee4,348cd817-ed9d-4b14-adb4-bfcf239878c5,17dad25c-00ef-4b3c-82ba-1e1d0fff0855,Commercial Papers,,,,,,INR,,,,,{},2026-08-21 22:28:00.333201+00:00
d49b5b18-bb32-40d6-af38-dc25cba22378,d261d9a5-22b9-44ab-98da-1f68d27ac487,17dad25c-00ef-4b3c-82ba-1e1d0fff0855,Commercial Papers,,,,,,INR,,,,,{},2026-08-21 22:27:51.606989+00:00
bd6d7e54-faae-4b52-9e40-a60561f013d9,4591cbcb-c2d0-47ff-b9f1-081edb7b0bf4,17dad25c-00ef-4b3c-82ba-1e1d0fff0855,Commercial Papers,,,,,,INR,,,,,{},2026-08-21 22:28:08.968230+00:00
3141f688-b3aa-414b-a6e0-d747fd25c10a,4c73d3e6-349d-4083-a72d-178e108b4002,17dad25c-00ef-4b3c-82ba-1e1d0fff0855,Commercial Papers,,,,,,INR,,,,,{},2026-08-21 22:28:08.968230+00:00
ca438fc1-e57c-4387-96e1-5b3b8061e458,ecb4bb92-5882-4d2e-9e2b-ca052ad8c22a,17dad25c-00ef-4b3c-82ba-1e1d0fff0855,Commercial Papers,,,,,,INR,,,,,{},2026-08-21 22:28:00.333201+00:00
cef3e2d7-cd7c-4338-ab01-aaac6246037a,fe1f8698-0748-4cdb-912f-70d58c45bb14,17dad25c-00ef-4b3c-82ba-1e1d0fff0855,Commercial Papers,,,,,,INR,,,,,{},2026-08-21 22:27:43.322310+00:00
f3f72a45-2a98-465e-89b6-ac7f433409d1,c8b2fbcd-6835-4a64-b790-0486910a39dd,17dad25c-00ef-4b3c-82ba-1e1d0fff0855,Commercial Papers,,,,,,INR,,,,,{},2026-08-21 22:27:43.322310+00:00
458edd4f-971f-4a7e-8609-8e9816130ff2,72f4660f-ce7d-4015-b9bf-90c9545964d8,17dad25c-00ef-4b3c-82ba-1e1d0fff0855,Commercial Papers,,,,,,INR,,,,,{},2026-08-21 22:28:08.968230+00:00
37b25837-6e18-4be6-a5a7-f241166d281e,3e0e4d3d-45ad-4f7c-ba31-4d41dd50ebaa,17dad25c-00ef-4b3c-82ba-1e1d0fff0855,Commercial Papers,,,,,,INR,,,,,{},2026-08-21 22:27:43.322310+00:00
6be0de3f-dd01-4e03-8f68-9a7426f52d2e,337c19b1-bcb1-4dbd-9336-ea5d9b511272,17dad25c-00ef-4b3c-82ba-1e1d0fff0855,Commercial Papers,,,,,,INR,,,,,{},2026-08-21 22:27:43.322310+00:00
c9497811-8153-4ae7-bcdc-55a5ee08dbf6,ef504ea4-3d11-4782-9388-c4491f323f29,17dad25c-00ef-4b3c-82ba-1e1d0fff0855,Commercial Papers,,,,,,INR,,,,,{},2026-08-21 22:28:08.968230+00:00
50953591-997e-4be3-8f96-0bc0d170d9c6,576d2fff-17f2-47c3-99b9-f157e45032ea,17dad25c-00ef-4b3c-82ba-1e1d0fff0855,Commercial Papers,,,,,,INR,,,,,{},2026-08-21 22:28:08.968230+00:00
af96e38d-93e1-4e21-ae21-c9a65f55e637,39d85bfb-703d-4abd-9904-af0019204b9d,2dc200e0-995c-4b95-a1aa-692ca7a1276e,Description (if any),,,,,,INR,,,,,{},2026-08-21 22:28:00.333201+00:00
ade01cb6-3c6a-48f3-920f-647a56610204,10ad78f2-1f9e-475e-b925-9a73a663204d,2dc200e0-995c-4b95-a1aa-692ca7a1276e,Description (if any),,,,,,INR,,,,,{},2026-08-21 22:28:00.333201+00:00
2f8d6c71-db53-4f29-bb69-5c390a7f796a,13b8de8d-e3b3-4382-b444-3edfcab4947a,2dc200e0-995c-4b95-a1aa-692ca7a1276e,Description (if any),,,,,,INR,,,,,{},2026-08-21 22:28:00.333201+00:00
8209cf97-8117-44ea-abf6-ad687f3a2b45,a2565b16-cc39-456f-92b3-f92c0ea1d287,2dc200e0-995c-4b95-a1aa-692ca7a1276e,Description (if any),,,,,,INR,,,,,{},2026-08-21 22:27:51.606989+00:00
dce3767e-bdb6-4413-af8a-b07e9459d7d4,77de0052-85e0-4f1a-a4ff-6fb32ec99c92,2dc200e0-995c-4b95-a1aa-692ca7a1276e,Description (if any),,,,,,INR,,,,,{},2026-08-21 22:27:51.606989+00:00
8f3a1f91-8b89-47a6-9322-482c0457e12b,8f176ebf-b1bd-4696-90e4-be5da4bb63b6,2dc200e0-995c-4b95-a1aa-692ca7a1276e,Description (if any),,,,,,INR,,,,,{},2026-08-21 22:27:51.606989+00:00
5693c665-985e-412b-ad44-2035872713be,24f3a0fc-db4e-4f5d-8ce3-0f1220c49f68,2dc200e0-995c-4b95-a1aa-692ca7a1276e,Description (if any),,,,,,INR,,,,,{},2026-08-21 22:27:51.606989+00:00
42410a93-1d01-4758-8ccd-f101c8c5c347,40e45dae-d7b9-4622-bce8-3e342dc9a7bc,2dc200e0-995c-4b95-a1aa-692ca7a1276e,Description (if any),,,,,,INR,,,,,{},2026-08-21 22:27:43.322310+00:00
b3d241c5-5fbd-4696-b8d4-e22a1cf6c509,a2e1afdb-6488-4cd7-b329-3cf037faa25a,2dc200e0-995c-4b95-a1aa-692ca7a1276e,Description (if any),,,,,,INR,,,,,{},2026-08-21 22:27:43.322310+00:00
4b012641-64a9-4d83-8a4e-8bebc3f61a1d,58a2a794-3677-48a2-a932-29a7511b4791,2dc200e0-995c-4b95-a1aa-692ca7a1276e,Description (if any),,,,,,INR,,,,,{},2026-08-21 22:28:08.968230+00:00
68f7fac3-4859-4955-bffe-c63fe954e9c9,72f4660f-ce7d-4015-b9bf-90c9545964d8,2dc200e0-995c-4b95-a1aa-692ca7a1276e,Description (if any),,,,,,INR,,,,,{},2026-08-21 22:28:08.968230+00:00
5ebc8a4c-57a0-4449-a6eb-0d06ebe5bc5b,12639e2c-ae37-48bd-b977-7c0e1a8965e1,2dc200e0-995c-4b95-a1aa-692ca7a1276e,Description (if any),,,,,,INR,,,,,{},2026-08-21 22:28:00.333201+00:00
f40e3520-4664-452c-b3ad-2f53dc45f50f,4eb221fa-52ef-4da6-b995-36f34efa70f1,2dc200e0-995c-4b95-a1aa-692ca7a1276e,Description (if any),,,,,,INR,,,,,{},2026-08-21 22:28:00.333201+00:00
7fa3bf2f-34d5-4fc7-86cf-c4e0d7c7e70f,e1bc241b-d20f-4365-8f21-1dc8bae4ddc8,2dc200e0-995c-4b95-a1aa-692ca7a1276e,Description (if any),,,,,,INR,,,,,{},2026-08-21 22:28:00.333201+00:00
b21eef92-91d2-4611-b033-a33b69ce87bc,2663f05d-b3bd-4f5d-be47-2ab33a519e02,2dc200e0-995c-4b95-a1aa-692ca7a1276e,Description (if any),,,,,,INR,,,,,{},2026-08-21 22:28:00.333201+00:00
f99fe0b7-ed98-43d6-9eea-544b1e178496,df12f86f-e985-4385-adc3-77b0d98a2837,2dc200e0-995c-4b95-a1aa-692ca7a1276e,Description (if any),,,,,,INR,,,,,{},2026-08-21 22:28:00.333201+00:00
982d9098-37da-4352-b898-726a1802830c,bf03b6d4-f183-4273-9233-2f464066a549,2dc200e0-995c-4b95-a1aa-692ca7a1276e,Description (if any),,,,,,INR,,,,,{},2026-08-21 22:27:51.606989+00:00
654cbcbf-1e85-4c7c-830d-1ec4a26fbc3e,deb98325-1455-4142-bdee-b7897cc7c62d,2dc200e0-995c-4b95-a1aa-692ca7a1276e,Description (if any),,,,,,INR,,,,,{},2026-08-21 22:27:51.606989+00:00
237d1648-4da8-44ec-a6c2-80b624c9f2da,a14edabe-48d2-4c76-9f14-b97545126ba4,2dc200e0-995c-4b95-a1aa-692ca7a1276e,Description (if any),,,,,,INR,,,,,{},2026-08-21 22:27:51.606989+00:00
42126ccc-75f9-4143-aac2-812f6a4bd792,c59f97f8-48fe-49b2-9b93-c9d26f4d00ac,2dc200e0-995c-4b95-a1aa-692ca7a1276e,Description (if any),,,,,,INR,,,,,{},2026-08-21 22:27:51.606989+00:00
ee52217c-f364-4ad1-b53c-687b68ece9f9,95f3f344-e673-408d-980a-027c67f8eaa3,2dc200e0-995c-4b95-a1aa-692ca7a1276e,Description (if any),,,,,,INR,,,,,{},2026-08-21 22:27:43.322310+00:00
1a48458a-df16-4af8-8ea5-63d9f429b474,3c12aae2-e082-454a-89af-a209fca81a03,2dc200e0-995c-4b95-a1aa-692ca7a1276e,Description (if any),,,,,,INR,,,,,{},2026-08-21 22:27:43.322310+00:00
20466074-eb1b-43dc-a8a0-f8cf2f8fc627,3c847dd7-b25d-4346-a5f9-c1381111d28c,2dc200e0-995c-4b95-a1aa-692ca7a1276e,Description (if any),,,,,,INR,,,,,{},2026-08-21 22:27:43.322310+00:00
0366d8c4-040e-49c0-a8ef-4c534ee974d6,a98dbc30-617f-41d6-9435-ca7579c3e934,2dc200e0-995c-4b95-a1aa-692ca7a1276e,Description (if any),,,,,,INR,,,,,{},2026-08-21 22:27:43.322310+00:00
edeb575a-a067-4731-bc88-bd95f49f87eb,fe1f8698-0748-4cdb-912f-70d58c45bb14,2dc200e0-995c-4b95-a1aa-692ca7a1276e,Description (if any),,,,,,INR,,,,,{},2026-08-21 22:27:43.322310+00:00
93c938a2-5e99-4d69-a690-3ceb3548d44a,8dcc94b2-7f90-4baf-88f5-814ee13f6cc5,2dc200e0-995c-4b95-a1aa-692ca7a1276e,Description (if any),,,,,,INR,,,,,{},2026-08-21 22:27:43.322310+00:00
db7d408a-1722-45e5-87c8-b7b5142b9649,dead7470-4f29-4afc-8b73-40d16e6240a4,2dc200e0-995c-4b95-a1aa-692ca7a1276e,Description (if any),,,,,,INR,,,,,{},2026-08-21 22:28:08.968230+00:00
bd834ed3-38b4-495a-be4e-6cab5141ac33,b04e2240-e78a-4780-ae55-0f23beee477d,2dc200e0-995c-4b95-a1aa-692ca7a1276e,Description (if any),,,,,,INR,,,,,{},2026-08-21 22:28:08.968230+00:00
d8ab165c-4206-4835-8148-add178729848,22f1b15b-1c63-413c-93c9-0f8fe5271517,2dc200e0-995c-4b95-a1aa-692ca7a1276e,Description (if any),,,,,,INR,,,,,{},2026-08-21 22:28:00.333201+00:00
49e94a77-b76a-4a20-bc3c-2cda3de3a158,363fcd54-58de-409c-83a1-9307268d95ae,2dc200e0-995c-4b95-a1aa-692ca7a1276e,Description (if any),,,,,,INR,,,,,{},2026-08-21 22:28:00.333201+00:00
bb452e24-ea20-4207-ad19-f17915c23284,e771da65-7c99-4e13-8cdb-d52228fbc2a9,2dc200e0-995c-4b95-a1aa-692ca7a1276e,Description (if any),,,,,,INR,,,,,{},2026-08-21 22:27:51.606989+00:00
56401a2a-e148-4c8f-8739-56750ff961e1,a56c15d9-9072-4a7d-b591-f2212bc23d5a,2dc200e0-995c-4b95-a1aa-692ca7a1276e,Description (if any),,,,,,INR,,,,,{},2026-08-21 22:27:51.606989+00:00
14427bed-12d1-4861-85a3-e36d31d87a35,f3c71637-8fce-4289-89a6-119fb8881fb8,2dc200e0-995c-4b95-a1aa-692ca7a1276e,Description (if any),,,,,,INR,,,,,{},2026-08-21 22:27:51.606989+00:00
5dc88557-12fa-4643-af6a-82b02d7271e7,c7b58475-3b99-4fa2-98c3-3d2dda65c37f,2dc200e0-995c-4b95-a1aa-692ca7a1276e,Description (if any),,,,,,INR,,,,,{},2026-08-21 22:27:51.606989+00:00
84f3f7e2-58a6-4e81-ab51-48bb1f1a7820,d261d9a5-22b9-44ab-98da-1f68d27ac487,2dc200e0-995c-4b95-a1aa-692ca7a1276e,Description (if any),,,,,,INR,,,,,{},2026-08-21 22:27:51.606989+00:00
c8f6f1dd-2f09-471c-ae8a-b4bcd8b09320,16e863c6-88c5-4567-9b1e-f6f573629c3f,2dc200e0-995c-4b95-a1aa-692ca7a1276e,Description (if any),,,,,,INR,,,,,{},2026-08-21 22:27:43.322310+00:00
6f4d4e54-cb6b-41a2-ad73-faa3da38953b,b366c1a2-eda8-4d10-92d6-667db97e46b2,2dc200e0-995c-4b95-a1aa-692ca7a1276e,Description (if any),,,,,,INR,,,,,{},2026-08-21 22:27:43.322310+00:00
7265fb74-d0db-4273-99d2-f9debed6aacb,d72c5d6c-b05f-4a9a-9884-001911d22bf3,2dc200e0-995c-4b95-a1aa-692ca7a1276e,Description (if any),,,,,,INR,,,,,{},2026-08-21 22:27:43.322310+00:00
98153db7-9849-415c-a6e4-e01bb64ba21d,dd454cb2-6c59-4c6c-b8ae-adb8afb44272,2dc200e0-995c-4b95-a1aa-692ca7a1276e,Description (if any),,,,,,INR,,,,,{},2026-08-21 22:28:08.968230+00:00
1c7ae051-0d42-4ad4-9636-de1a5bca2a01,ee7f77d7-6936-4d83-ba59-9e88403bb081,2dc200e0-995c-4b95-a1aa-692ca7a1276e,Description (if any),,,,,,INR,,,,,{},2026-08-21 22:28:08.968230+00:00
43384a71-0c7f-4042-b2d1-84b9b06ea4ed,2ff0c7b5-ec0f-4371-8afe-61a4b7224117,2dc200e0-995c-4b95-a1aa-692ca7a1276e,Description (if any),,,,,,INR,,,,,{},2026-08-21 22:27:51.606989+00:00
ca9e5d59-f111-4f0b-aa8e-14c3d2e6ee91,fea8d894-1250-43ee-bd1e-9258000070e4,2dc200e0-995c-4b95-a1aa-692ca7a1276e,Description (if any),,,,,,INR,,,,,{},2026-08-21 22:27:43.322310+00:00
c1b2a872-7141-4e4e-bb05-92f2124b3e0e,f5468236-9267-4325-9790-e8e4d3f786fe,2dc200e0-995c-4b95-a1aa-692ca7a1276e,Description (if any),,,,,,INR,,,,,{},2026-08-21 22:27:43.322310+00:00
17050670-a38c-486a-babc-747411d68676,1235aa4d-d6be-4e66-a594-97bf0a61627c,2dc200e0-995c-4b95-a1aa-692ca7a1276e,Description (if any),,,,,,INR,,,,,{},2026-08-21 22:27:43.322310+00:00
3bf57cda-4770-41c1-8fb0-e119f7e41147,c013c858-d7e4-48e4-8885-935399840dd1,2dc200e0-995c-4b95-a1aa-692ca7a1276e,Description (if any),,,,,,INR,,,,,{},2026-08-21 22:27:43.322310+00:00
6b885c8a-46ef-4086-a8ad-e8e0ebf82c25,3e0e4d3d-45ad-4f7c-ba31-4d41dd50ebaa,2dc200e0-995c-4b95-a1aa-692ca7a1276e,Description (if any),,,,,,INR,,,,,{},2026-08-21 22:27:43.322310+00:00
de1ace6b-ab0e-4500-90a5-4ce9bef5fcb6,99d7c8e0-e9e2-4665-b808-5d81bdfbd7eb,2dc200e0-995c-4b95-a1aa-692ca7a1276e,Description (if any),,,,,,INR,,,,,{},2026-08-21 22:28:08.968230+00:00
2a613cdc-f16d-446b-b3a5-44c25f26b36c,b90689ce-b04b-4728-9417-d7d5cf29a889,2dc200e0-995c-4b95-a1aa-692ca7a1276e,Description (if any),,,,,,INR,,,,,{},2026-08-21 22:28:08.968230+00:00
19064bf0-082e-450c-b2d1-54b49c492d5b,576d2fff-17f2-47c3-99b9-f157e45032ea,2dc200e0-995c-4b95-a1aa-692ca7a1276e,Description (if any),,,,,,INR,,,,,{},2026-08-21 22:28:08.968230+00:00
12e25afd-fb5d-437c-b035-bbb989d5d548,5f56202f-1a1b-46ab-9352-32c451eb1f2c,2dc200e0-995c-4b95-a1aa-692ca7a1276e,Description (if any),,,,,,INR,,,,,{},2026-08-21 22:28:00.333201+00:00
2ec7af4c-1829-4403-9d06-aaa8ff749b70,16a96514-a294-46ce-901c-b833cad422c8,2dc200e0-995c-4b95-a1aa-692ca7a1276e,Description (if any),,,,,,INR,,,,,{},2026-08-21 22:28:00.333201+00:00
b4beedef-2aa5-4fad-9857-74081b4d7f6d,34f1a4b0-feee-42e3-87d7-68cb34f29360,2dc200e0-995c-4b95-a1aa-692ca7a1276e,Description (if any),,,,,,INR,,,,,{},2026-08-21 22:27:51.606989+00:00
9106e76c-d585-4761-a2c1-a83924e2a167,511ec12d-ac26-4a9e-8dea-2b7aa7bf934a,2dc200e0-995c-4b95-a1aa-692ca7a1276e,Description (if any),,,,,,INR,,,,,{},2026-08-21 22:27:51.606989+00:00
655ef483-7f96-4d87-912d-9dd82fff08ab,4591cbcb-c2d0-47ff-b9f1-081edb7b0bf4,2dc200e0-995c-4b95-a1aa-692ca7a1276e,Description (if any),,,,,,INR,,,,,{},2026-08-21 22:28:08.968230+00:00
26c39db9-9bc1-42e4-a194-93ddd0af2c29,c2b75d61-232f-4aa5-8ab2-107a06685819,2dc200e0-995c-4b95-a1aa-692ca7a1276e,Description (if any),,,,,,INR,,,,,{},2026-08-21 22:27:43.322310+00:00
a4250e08-a053-435e-9a4c-7971fbc76d97,01b1e166-9a20-43a7-baab-8bb3eaa46562,2dc200e0-995c-4b95-a1aa-692ca7a1276e,Description (if any),,,,,,INR,,,,,{},2026-08-21 22:27:43.322310+00:00
792ad1de-953d-42b1-b4ee-cc4f9ecb75bf,cb02bc10-915c-49d2-a2e1-194c15e16032,2dc200e0-995c-4b95-a1aa-692ca7a1276e,Description (if any),,,,,,INR,,,,,{},2026-08-21 22:27:43.322310+00:00
6c011477-3211-4a8e-b1d8-3c955010229c,5fa02d63-94cf-49c4-b2f2-5204f3628553,2dc200e0-995c-4b95-a1aa-692ca7a1276e,Description (if any),,,,,,INR,,,,,{},2026-08-21 22:27:51.606989+00:00
fb1695e4-3d48-45f6-b8cc-bb9a6a2d8e5f,8d568b47-a50b-4ad2-b8e7-3cc6a212500a,2dc200e0-995c-4b95-a1aa-692ca7a1276e,Description (if any),,,,,,INR,,,,,{},2026-08-21 22:27:43.322310+00:00
e7b6d5cc-9af1-4092-bbf8-8d2269981bcf,ef504ea4-3d11-4782-9388-c4491f323f29,2dc200e0-995c-4b95-a1aa-692ca7a1276e,Description (if any),,,,,,INR,,,,,{},2026-08-21 22:28:08.968230+00:00
f08c5a4b-219a-4091-9d5f-b6cb2f653c2a,d752970f-f545-4c22-b17e-1cb88a905642,2dc200e0-995c-4b95-a1aa-692ca7a1276e,Description (if any),,,,,,INR,,,,,{},2026-08-21 22:28:08.968230+00:00
0ce63117-6822-4765-92be-948a1c11caf8,22643a51-52f7-491e-8402-99edcead8da8,2dc200e0-995c-4b95-a1aa-692ca7a1276e,Description (if any),,,,,,INR,,,,,{},2026-08-21 22:28:08.968230+00:00
e1da110d-6e48-436e-b9a9-b9755368fab7,9e677dec-6abf-4546-b55a-094e76b9fb18,2dc200e0-995c-4b95-a1aa-692ca7a1276e,Description (if any),,,,,,INR,,,,,{},2026-08-21 22:28:08.968230+00:00
62af4643-e536-4954-851e-6275ba3e731c,c5003a7c-0c45-4124-b5df-d5bd44e717c2,2dc200e0-995c-4b95-a1aa-692ca7a1276e,Description (if any),,,,,,INR,,,,,{},2026-08-21 22:28:08.968230+00:00
ff004eff-5768-48f1-88c5-287adf97a50f,066246e5-9f5f-4ddd-8f0a-5a6cb36e2c5d,2dc200e0-995c-4b95-a1aa-692ca7a1276e,Description (if any),,,,,,INR,,,,,{},2026-08-21 22:28:00.333201+00:00
499068bd-a000-4939-8703-49f1c1d4d24c,ea59472f-5dda-4f56-b0dd-cba0dba8ea44,2dc200e0-995c-4b95-a1aa-692ca7a1276e,Description (if any),,,,,,INR,,,,,{},2026-08-21 22:28:00.333201+00:00
fdb93d94-bf5b-4169-bb6f-a299c5a9be61,05476498-9a2a-47cb-89a9-1eb58ac325c0,2dc200e0-995c-4b95-a1aa-692ca7a1276e,Description (if any),,,,,,INR,,,,,{},2026-08-21 22:28:00.333201+00:00
fe15d16b-9f6a-42cf-b34f-a1c42bd40b2b,683857a7-d74e-4bd0-a718-e5a298157857,2dc200e0-995c-4b95-a1aa-692ca7a1276e,Description (if any),,,,,,INR,,,,,{},2026-08-21 22:27:51.606989+00:00
b48ffc0b-8603-4952-8517-337848023923,87c1811a-9b37-4ee1-a921-d6d54cfa31ec,2dc200e0-995c-4b95-a1aa-692ca7a1276e,Description (if any),,,,,,INR,,,,,{},2026-08-21 22:27:43.322310+00:00
7e4f385d-1c3e-484e-8d4e-04da0137f7f9,337c19b1-bcb1-4dbd-9336-ea5d9b511272,2dc200e0-995c-4b95-a1aa-692ca7a1276e,Description (if any),,,,,,INR,,,,,{},2026-08-21 22:27:43.322310+00:00
54d44857-07d6-4e76-8a0d-dc97b39af654,dcf0a87e-d85b-4a7d-908b-f096a8532005,2dc200e0-995c-4b95-a1aa-692ca7a1276e,Description (if any),,,,,,INR,,,,,{},2026-08-21 22:28:08.968230+00:00
733f9fc9-875a-47e4-98e2-6c623723a9d3,888e2b8d-b16f-41df-9a54-321b15f7ca68,2dc200e0-995c-4b95-a1aa-692ca7a1276e,Description (if any),,,,,,INR,,,,,{},2026-08-21 22:28:00.333201+00:00
c1a422ba-f996-43aa-b7ae-f1c274d2af89,62889a4c-18a0-4360-a661-25a9cd03d7e3,2dc200e0-995c-4b95-a1aa-692ca7a1276e,Description (if any),,,,,,INR,,,,,{},2026-08-21 22:28:00.333201+00:00
5a62b1ed-84eb-4e47-b0d4-f092ce2768ae,b1052d40-184f-42f5-bbef-a63f027d6945,2dc200e0-995c-4b95-a1aa-692ca7a1276e,Description (if any),,,,,,INR,,,,,{},2026-08-21 22:28:00.333201+00:00
fd50e506-82c8-4c5d-907b-147108c0e9fa,57bf7fdd-93b0-487e-ad92-4a8aa8661288,2dc200e0-995c-4b95-a1aa-692ca7a1276e,Description (if any),,,,,,INR,,,,,{},2026-08-21 22:27:51.606989+00:00
ec885bec-3376-40cc-8609-19729361d030,b621384d-63bb-4bc1-abfe-83c12ee24091,2dc200e0-995c-4b95-a1aa-692ca7a1276e,Description (if any),,,,,,INR,,,,,{},2026-08-21 22:27:51.606989+00:00
6f4141f6-3efb-43e7-b2e3-218840b4e6a7,31b98558-3446-4859-afd0-60e7b0c9b47d,2dc200e0-995c-4b95-a1aa-692ca7a1276e,Description (if any),,,,,,INR,,,,,{},2026-08-21 22:27:51.606989+00:00
b029be4b-887c-406d-aa0e-54c0ec2793d2,223147c2-8b24-45da-8811-fc97b939fe42,2dc200e0-995c-4b95-a1aa-692ca7a1276e,Description (if any),,,,,,INR,,,,,{},2026-08-21 22:27:51.606989+00:00
3a63747c-ebf3-46e3-bd77-04ac6051f8cb,3f0dc69d-77d4-4cd8-952c-3813c4871125,2dc200e0-995c-4b95-a1aa-692ca7a1276e,Description (if any),,,,,,INR,,,,,{},2026-08-21 22:27:51.606989+00:00
bb98b61e-e584-454d-b474-9943f978efe7,8b56b530-dda6-4d7c-a6eb-67eb77c3f745,2dc200e0-995c-4b95-a1aa-692ca7a1276e,Description (if any),,,,,,INR,,,,,{},2026-08-21 22:27:51.606989+00:00
0cd313ba-754d-4453-9735-e1e3937e1a76,08180163-e2b7-47f6-b1ca-a69843c50340,2dc200e0-995c-4b95-a1aa-692ca7a1276e,Description (if any),,,,,,INR,,,,,{},2026-08-21 22:28:08.968230+00:00
07dd8657-695e-45d5-840a-a357065da5ef,e108a83c-f147-43d1-8812-128be3c4b7b1,2dc200e0-995c-4b95-a1aa-692ca7a1276e,Description (if any),,,,,,INR,,,,,{},2026-08-21 22:28:00.333201+00:00
f56fde8e-d162-433a-a822-ba81eccb5dc9,ac293497-c767-44e8-9fe1-6db65b2d69dd,2dc200e0-995c-4b95-a1aa-692ca7a1276e,Description (if any),,,,,,INR,,,,,{},2026-08-21 22:28:00.333201+00:00
37e25e24-ba3b-4f69-b886-1dabc2fa69ef,bd316754-25a2-41c4-a71b-7c96c68bc2c4,2dc200e0-995c-4b95-a1aa-692ca7a1276e,Description (if any),,,,,,INR,,,,,{},2026-08-21 22:28:00.333201+00:00
ba29513e-4ac7-41c8-a3a5-930f25ab9bce,6b5d2872-40b1-4bb7-a0c1-e5368cadff36,2dc200e0-995c-4b95-a1aa-692ca7a1276e,Description (if any),,,,,,INR,,,,,{},2026-08-21 22:28:00.333201+00:00
27dda84c-53ac-47ba-bfa3-872ef27cc75e,2fae2a62-d20d-47ce-afa9-2db98b06ad1a,2dc200e0-995c-4b95-a1aa-692ca7a1276e,Description (if any),,,,,,INR,,,,,{},2026-08-21 22:27:51.606989+00:00
ec243901-c79a-4d29-9177-98a493b0e5b6,e65162bc-30e3-4c70-a364-2d29398aeef6,2dc200e0-995c-4b95-a1aa-692ca7a1276e,Description (if any),,,,,,INR,,,,,{},2026-08-21 22:27:43.322310+00:00
fb876fec-395a-4412-9d21-0973238acd5a,f98d00b4-ba8a-4436-a88b-4b3ee8f293e2,2dc200e0-995c-4b95-a1aa-692ca7a1276e,Description (if any),,,,,,INR,,,,,{},2026-08-21 22:27:43.322310+00:00
b4d24397-824d-4a11-b5e0-5a9500e0304a,238fc44a-9b8a-44b9-be62-eab288fa9118,2dc200e0-995c-4b95-a1aa-692ca7a1276e,Description (if any),,,,,,INR,,,,,{},2026-08-21 22:28:08.968230+00:00
31ee9087-e336-4b67-9229-70ac7454aa37,551a5203-3c95-4b5a-9daf-cf2a35524a63,2dc200e0-995c-4b95-a1aa-692ca7a1276e,Description (if any),,,,,,INR,,,,,{},2026-08-21 22:28:08.968230+00:00
5ddddbac-b50a-4c3e-8844-8a6d93900495,c9dd90f9-e007-45a8-b0ef-992befb89f1e,01ee3ab7-64c6-4d29-b3b6-8f0550e6dfd3,Equity & Equity related,,,,,,INR,,,,,{},2026-08-21 22:27:33.755328+00:00
0804d4f2-36a2-4308-af1a-62a5ab20dc01,c8e858cc-96aa-460f-a450-90c5624ad51c,01ee3ab7-64c6-4d29-b3b6-8f0550e6dfd3,EQUITY & EQUITY RELATED,,,,,,INR,,,,,{},2026-08-21 22:28:35.849599+00:00
21281ddd-b014-4677-8b4c-9675ce10c17d,a27952a9-a93c-4a45-a163-9c6ecf55dfda,01ee3ab7-64c6-4d29-b3b6-8f0550e6dfd3,EQUITY & EQUITY RELATED,,,,,,INR,,,,,{},2026-08-21 22:28:35.365581+00:00
3cbaf170-b305-4723-aa21-0a50bc97e669,0d00ad8a-dea6-4259-a506-ba3b7865a52b,01ee3ab7-64c6-4d29-b3b6-8f0550e6dfd3,EQUITY & EQUITY RELATED,,,,,,INR,,,,,{},2026-08-21 22:28:33.341738+00:00
56b9a923-a5e0-4718-bf3c-67223c2356dc,62a10e5c-613d-4942-bc99-0ad021b1d805,01ee3ab7-64c6-4d29-b3b6-8f0550e6dfd3,Equity & Equity related,,,,,,INR,,,,,{},2026-08-21 22:27:33.755328+00:00
001a4510-6305-4e3d-a8fd-32317ab8a373,1eebaf52-350c-4f21-9951-54370eb68dad,01ee3ab7-64c6-4d29-b3b6-8f0550e6dfd3,EQUITY & EQUITY RELATED,,,,,,INR,,,,,{},2026-08-21 22:28:47.258802+00:00
b1255591-2aa6-4c2b-bdd4-4b3e9a5bce8d,66a2a0c5-3f43-471c-b626-ab10373f21bd,01ee3ab7-64c6-4d29-b3b6-8f0550e6dfd3,Equity & Equity related,,,,,,INR,,,,,{},2026-08-21 22:27:32.578701+00:00
7835c80b-a512-4512-a812-818ef5d3f727,d3c386fc-ea8f-40f2-9b38-8af9e4092072,01ee3ab7-64c6-4d29-b3b6-8f0550e6dfd3,Equity & Equity related,,,,,,INR,,,,,{},2026-08-21 22:27:39.758130+00:00
e8b940ec-3014-4818-aaa5-065525e349c6,7288268d-4866-444f-83f1-848813aa4de8,01ee3ab7-64c6-4d29-b3b6-8f0550e6dfd3,EQUITY & EQUITY RELATED,,,,,,INR,,,,,{},2026-08-21 22:28:32.298587+00:00
75ef901a-6870-4111-a3ba-117c7289701f,df12f86f-e985-4385-adc3-77b0d98a2837,01ee3ab7-64c6-4d29-b3b6-8f0550e6dfd3,EQUITY & EQUITY RELATED,,,,,,INR,,,,,{},2026-08-21 22:28:00.333201+00:00
d6cb93b7-1656-4362-8541-fbb06b7605cf,b405169e-b10b-4cd6-a5a4-86f7ec69b705,01ee3ab7-64c6-4d29-b3b6-8f0550e6dfd3,Equity & Equity related,,,,,,INR,,,,,{},2026-08-21 22:27:33.755328+00:00
a89392a0-2bac-4573-bcac-981644c37268,03201d2f-0aa8-49b4-9220-a310f57b034b,01ee3ab7-64c6-4d29-b3b6-8f0550e6dfd3,Equity & Equity related,,,,,,INR,,,,,{},2026-08-21 22:27:33.755328+00:00
dec890f0-0dfb-4d32-8054-15094b399ff0,efdcd646-83a4-402c-9591-178f922be735,01ee3ab7-64c6-4d29-b3b6-8f0550e6dfd3,EQUITY & EQUITY RELATED,,,,,,INR,,,,,{},2026-08-21 22:28:34.843915+00:00
d2fcbf10-a825-4876-a32a-022a1e67bf95,e52aceb7-9bc0-403c-a7ee-524034694c23,01ee3ab7-64c6-4d29-b3b6-8f0550e6dfd3,EQUITY & EQUITY RELATED,,,,,,INR,,,,,{},2026-08-21 22:27:38.662887+00:00
91537351-1cf3-4b5a-83c9-e524af371f00,4385658a-d467-49a6-9309-08aa51c8528d,01ee3ab7-64c6-4d29-b3b6-8f0550e6dfd3,EQUITY & EQUITY RELATED,,,,,,INR,,,,,{},2026-08-21 22:28:36.442168+00:00
8d45f246-5388-44da-9f12-dec784010cb0,c21cb746-5943-42d6-a552-401e685f9f7c,01ee3ab7-64c6-4d29-b3b6-8f0550e6dfd3,Equity & Equity related,,,,,,INR,,,,,{},2026-08-21 22:27:40.781090+00:00
25315757-37a5-49ae-b83b-593c618a4ec2,f855102e-8f88-4045-a52a-5715438a96de,01ee3ab7-64c6-4d29-b3b6-8f0550e6dfd3,EQUITY & EQUITY RELATED,,,,,,INR,,,,,{},2026-08-21 22:28:34.297141+00:00
acba26ad-041f-4990-99e6-990463d95f0f,551a5203-3c95-4b5a-9daf-cf2a35524a63,01ee3ab7-64c6-4d29-b3b6-8f0550e6dfd3,EQUITY & EQUITY RELATED,,,,,,INR,,,,,{},2026-08-21 22:28:08.968230+00:00
2f3802dd-eb70-4651-9e82-2b843a14c34f,d261d9a5-22b9-44ab-98da-1f68d27ac487,01ee3ab7-64c6-4d29-b3b6-8f0550e6dfd3,EQUITY & EQUITY RELATED,,,,,,INR,,,,,{},2026-08-21 22:27:51.606989+00:00
c2796801-a420-4709-88b1-315975736d53,fe1f8698-0748-4cdb-912f-70d58c45bb14,01ee3ab7-64c6-4d29-b3b6-8f0550e6dfd3,EQUITY & EQUITY RELATED,,,,,,INR,,,,,{},2026-08-21 22:27:43.322310+00:00
9a1ba476-a853-4b4a-b046-43b960daf051,5a584e4a-c747-4c52-8e2b-8e31dab7052b,01ee3ab7-64c6-4d29-b3b6-8f0550e6dfd3,Equity & Equity related,,,,,,INR,,,,,{},2026-08-21 22:27:33.755328+00:00
c8379314-5439-4539-8952-0fa5beecb36b,a96ee8c2-5907-4ad0-b428-c6af28438ca7,01ee3ab7-64c6-4d29-b3b6-8f0550e6dfd3,EQUITY & EQUITY RELATED,,,,,,INR,,,,,{},2026-08-21 22:28:47.981522+00:00
ce7f5098-bdbe-420b-a5ed-19d820c78f93,d9429dab-a237-43e3-a000-b146827512ff,01ee3ab7-64c6-4d29-b3b6-8f0550e6dfd3,EQUITY & EQUITY RELATED,,,,,,INR,,,,,{},2026-08-21 22:28:31.892264+00:00
f76c8e62-de88-4959-983f-e6624e8e0c94,c9dd90f9-e007-45a8-b0ef-992befb89f1e,24c8b33b-1de8-496c-aee5-cbf2279616d6,Equity & Equity related Foreign Investments,,,,,,INR,,,,,{},2026-08-21 22:27:33.755328+00:00
6e262fa9-b130-4080-9a50-ee087ce0993d,066246e5-9f5f-4ddd-8f0a-5a6cb36e2c5d,9427fae3-bd30-4b43-9794-13a43d532636,Government Securities (Central/State),,,,,,INR,,,,,{},2026-08-21 22:28:00.333201+00:00
73f41627-850a-46d9-9873-b2dc16a9d913,5f56202f-1a1b-46ab-9352-32c451eb1f2c,9427fae3-bd30-4b43-9794-13a43d532636,Government Securities (Central/State),,,,,,INR,,,,,{},2026-08-21 22:28:00.333201+00:00
3652075b-e85a-4a0b-95ca-fa4a79e095f4,6d337ab4-dfda-4814-8448-4293ef1bd14a,9427fae3-bd30-4b43-9794-13a43d532636,Government Securities (Central/State),,,,,,INR,,,,,{},2026-08-21 22:28:00.333201+00:00
7ef11a1a-d61c-4503-84dd-78f19fd63f0e,bf03b6d4-f183-4273-9233-2f464066a549,9427fae3-bd30-4b43-9794-13a43d532636,Government Securities (Central/State),,,,,,INR,,,,,{},2026-08-21 22:27:51.606989+00:00
13feeb68-65fb-4d5c-a1c9-c647c52a8ae5,e771da65-7c99-4e13-8cdb-d52228fbc2a9,9427fae3-bd30-4b43-9794-13a43d532636,Government Securities (Central/State),,,,,,INR,,,,,{},2026-08-21 22:27:51.606989+00:00
777a7ae1-2ca5-4a40-979c-5238a8970e42,223147c2-8b24-45da-8811-fc97b939fe42,9427fae3-bd30-4b43-9794-13a43d532636,Government Securities (Central/State),,,,,,INR,,,,,{},2026-08-21 22:27:51.606989+00:00
dab93267-f1f9-4cfa-bbae-18515b32e3b1,2ff0c7b5-ec0f-4371-8afe-61a4b7224117,9427fae3-bd30-4b43-9794-13a43d532636,Government Securities (Central/State),,,,,,INR,,,,,{},2026-08-21 22:27:51.606989+00:00
1179ff83-b333-4460-aa2c-c98e0d8e76a7,683857a7-d74e-4bd0-a718-e5a298157857,9427fae3-bd30-4b43-9794-13a43d532636,Government Securities (Central/State),,,,,,INR,,,,,{},2026-08-21 22:27:51.606989+00:00
d7e06c5c-74e1-489b-a5e0-8c0b794d3c05,fea8d894-1250-43ee-bd1e-9258000070e4,9427fae3-bd30-4b43-9794-13a43d532636,Government Securities (Central/State),,,,,,INR,,,,,{},2026-08-21 22:27:43.322310+00:00
f019b1ba-5067-45f4-92a6-eeae4da15c80,40e45dae-d7b9-4622-bce8-3e342dc9a7bc,9427fae3-bd30-4b43-9794-13a43d532636,Government Securities (Central/State),,,,,,INR,,,,,{},2026-08-21 22:27:43.322310+00:00
ce7bc02e-ad42-48e2-aabe-b699faebfdaa,22643a51-52f7-491e-8402-99edcead8da8,9427fae3-bd30-4b43-9794-13a43d532636,Government Securities (Central/State),,,,,,INR,,,,,{},2026-08-21 22:28:08.968230+00:00
d072f22a-62c7-4509-a4c5-075183cd0bec,e108a83c-f147-43d1-8812-128be3c4b7b1,9427fae3-bd30-4b43-9794-13a43d532636,Government Securities (Central/State),,,,,,INR,,,,,{},2026-08-21 22:28:00.333201+00:00
6a311971-ee6e-4df7-8bcb-009b44c570fb,05476498-9a2a-47cb-89a9-1eb58ac325c0,9427fae3-bd30-4b43-9794-13a43d532636,Government Securities (Central/State),,,,,,INR,,,,,{},2026-08-21 22:28:00.333201+00:00
c3735635-3766-4963-b56a-3ef638688c0a,62889a4c-18a0-4360-a661-25a9cd03d7e3,9427fae3-bd30-4b43-9794-13a43d532636,Government Securities (Central/State),,,,,,INR,,,,,{},2026-08-21 22:28:00.333201+00:00
c6b0ebd9-b5e3-441c-be72-7be85f784c72,b1052d40-184f-42f5-bbef-a63f027d6945,9427fae3-bd30-4b43-9794-13a43d532636,Government Securities (Central/State),,,,,,INR,,,,,{},2026-08-21 22:28:00.333201+00:00
42ed4797-ccbc-4006-81eb-59dfbf5cbe58,b621384d-63bb-4bc1-abfe-83c12ee24091,9427fae3-bd30-4b43-9794-13a43d532636,Government Securities (Central/State),,,,,,INR,,,,,{},2026-08-21 22:27:51.606989+00:00
34d177cb-71e4-4cb7-bc03-0a44c02fb8b0,a86a1ca2-80e9-41a1-a8d8-b1e2afb0159c,9427fae3-bd30-4b43-9794-13a43d532636,Government Securities (Central/State),,,,,,INR,,,,,{},2026-08-21 22:27:51.606989+00:00
0e4b1f3e-c561-4574-a840-cc877a8dbeb0,8f176ebf-b1bd-4696-90e4-be5da4bb63b6,9427fae3-bd30-4b43-9794-13a43d532636,Government Securities (Central/State),,,,,,INR,,,,,{},2026-08-21 22:27:51.606989+00:00
359e5f63-4e2d-44b0-8338-48ba79d0f3a4,8d568b47-a50b-4ad2-b8e7-3cc6a212500a,9427fae3-bd30-4b43-9794-13a43d532636,Government Securities (Central/State),,,,,,INR,,,,,{},2026-08-21 22:27:43.322310+00:00
4fe53018-442d-4aa6-a4e1-0b03cd59403d,238fc44a-9b8a-44b9-be62-eab288fa9118,9427fae3-bd30-4b43-9794-13a43d532636,Government Securities (Central/State),,,,,,INR,,,,,{},2026-08-21 22:28:08.968230+00:00
c9b76c71-e1e6-4cc0-a934-96d98c53888b,58a2a794-3677-48a2-a932-29a7511b4791,9427fae3-bd30-4b43-9794-13a43d532636,Government Securities (Central/State),,,,,,INR,,,,,{},2026-08-21 22:28:08.968230+00:00
ca259282-2ade-43fb-82fa-e2cdb5d9c3a6,6b5d2872-40b1-4bb7-a0c1-e5368cadff36,9427fae3-bd30-4b43-9794-13a43d532636,Government Securities (Central/State),,,,,,INR,,,,,{},2026-08-21 22:28:00.333201+00:00
cb594f43-dff3-4c87-9c8e-d432707e5148,24f3a0fc-db4e-4f5d-8ce3-0f1220c49f68,9427fae3-bd30-4b43-9794-13a43d532636,Government Securities (Central/State),,,,,,INR,,,,,{},2026-08-21 22:27:51.606989+00:00
0e804757-f466-4e40-8be1-c7804c91a907,3c847dd7-b25d-4346-a5f9-c1381111d28c,9427fae3-bd30-4b43-9794-13a43d532636,Government Securities (Central/State),,,,,,INR,,,,,{},2026-08-21 22:27:43.322310+00:00
7fb3990c-6782-4cfb-87ba-07b2bf5c7d76,c20da3cb-ea77-41a7-ba29-b756d147545a,9427fae3-bd30-4b43-9794-13a43d532636,Government Securities (Central/State),,,,,,INR,,,,,{},2026-08-21 22:27:43.322310+00:00
82fa1508-9632-42cc-99b4-12a29b03cdfd,a2e1afdb-6488-4cd7-b329-3cf037faa25a,9427fae3-bd30-4b43-9794-13a43d532636,Government Securities (Central/State),,,,,,INR,,,,,{},2026-08-21 22:27:43.322310+00:00
e7fc49b2-3cab-43d6-a569-47af6a5a75b3,8dcc94b2-7f90-4baf-88f5-814ee13f6cc5,9427fae3-bd30-4b43-9794-13a43d532636,Government Securities (Central/State),,,,,,INR,,,,,{},2026-08-21 22:27:43.322310+00:00
3b0a2a79-e20d-4a68-928d-0f7fd928856e,08180163-e2b7-47f6-b1ca-a69843c50340,9427fae3-bd30-4b43-9794-13a43d532636,Government Securities (Central/State),,,,,,INR,,,,,{},2026-08-21 22:28:08.968230+00:00
f45c0755-9caf-42ff-8a5d-41bb86230bc2,dead7470-4f29-4afc-8b73-40d16e6240a4,9427fae3-bd30-4b43-9794-13a43d532636,Government Securities (Central/State),,,,,,INR,,,,,{},2026-08-21 22:28:08.968230+00:00
437eee86-546f-4e68-b3ab-b8d7645d7f94,4c73d3e6-349d-4083-a72d-178e108b4002,9427fae3-bd30-4b43-9794-13a43d532636,Government Securities (Central/State),,,,,,INR,,,,,{},2026-08-21 22:28:08.968230+00:00
9a2f02d3-7019-4336-9c88-9c183ee33735,4eb221fa-52ef-4da6-b995-36f34efa70f1,9427fae3-bd30-4b43-9794-13a43d532636,Government Securities (Central/State),,,,,,INR,,,,,{},2026-08-21 22:28:00.333201+00:00
db7d8e97-fc7f-4287-878d-21611cc91751,2663f05d-b3bd-4f5d-be47-2ab33a519e02,9427fae3-bd30-4b43-9794-13a43d532636,Government Securities (Central/State),,,,,,INR,,,,,{},2026-08-21 22:28:00.333201+00:00
89da2345-8997-43ea-bd57-d9c73b401bdb,13b8de8d-e3b3-4382-b444-3edfcab4947a,9427fae3-bd30-4b43-9794-13a43d532636,Government Securities (Central/State),,,,,,INR,,,,,{},2026-08-21 22:28:00.333201+00:00
015bef55-22a3-4535-92c1-e11e0bb98ef0,f3c71637-8fce-4289-89a6-119fb8881fb8,9427fae3-bd30-4b43-9794-13a43d532636,Government Securities (Central/State),,,,,,INR,,,,,{},2026-08-21 22:27:51.606989+00:00
08b75e89-4b10-46ba-8cdf-bfcb94980089,a14edabe-48d2-4c76-9f14-b97545126ba4,9427fae3-bd30-4b43-9794-13a43d532636,Government Securities (Central/State),,,,,,INR,,,,,{},2026-08-21 22:27:51.606989+00:00
c863b67c-b9f8-4355-a690-3a9fcff01d04,5fa02d63-94cf-49c4-b2f2-5204f3628553,9427fae3-bd30-4b43-9794-13a43d532636,Government Securities (Central/State),,,,,,INR,,,,,{},2026-08-21 22:27:51.606989+00:00
56ec984f-539d-4c41-be44-9d38a3af71f6,16e863c6-88c5-4567-9b1e-f6f573629c3f,9427fae3-bd30-4b43-9794-13a43d532636,Government Securities (Central/State),,,,,,INR,,,,,{},2026-08-21 22:27:43.322310+00:00
74715c7e-932a-49ba-9d91-e713ad0d80fa,cb02bc10-915c-49d2-a2e1-194c15e16032,9427fae3-bd30-4b43-9794-13a43d532636,Government Securities (Central/State),,,,,,INR,,,,,{},2026-08-21 22:27:43.322310+00:00
eec5e640-9722-4295-8e0f-3e2287fa85ee,fdd0027b-0401-4d6d-998f-e43261872872,9427fae3-bd30-4b43-9794-13a43d532636,Government Securities (Central/State),,,,,,INR,,,,,{},2026-08-21 22:28:08.968230+00:00
84b8967d-a24a-4ffa-9ac9-0e02e7c67e05,ee7f77d7-6936-4d83-ba59-9e88403bb081,9427fae3-bd30-4b43-9794-13a43d532636,Government Securities (Central/State),,,,,,INR,,,,,{},2026-08-21 22:28:08.968230+00:00
371c0898-172d-4600-9c83-be9e1947777f,551a5203-3c95-4b5a-9daf-cf2a35524a63,9427fae3-bd30-4b43-9794-13a43d532636,Government Securities (Central/State),,,,,,INR,,,,,{},2026-08-21 22:28:08.968230+00:00
564d02a7-560e-47a3-8f33-1bcde9b9f580,ac293497-c767-44e8-9fe1-6db65b2d69dd,9427fae3-bd30-4b43-9794-13a43d532636,Government Securities (Central/State),,,,,,INR,,,,,{},2026-08-21 22:28:00.333201+00:00
03c341d8-51ef-43be-970d-578bc2fbdf0f,511ec12d-ac26-4a9e-8dea-2b7aa7bf934a,9427fae3-bd30-4b43-9794-13a43d532636,Government Securities (Central/State),,,,,,INR,,,,,{},2026-08-21 22:27:51.606989+00:00
672bb8f1-07ea-4979-9670-025575ec79d5,d261d9a5-22b9-44ab-98da-1f68d27ac487,9427fae3-bd30-4b43-9794-13a43d532636,Government Securities (Central/State),,,,,,INR,,,,,{},2026-08-21 22:27:51.606989+00:00
fbef125f-3cc7-4d4f-a9a7-c296e90c9677,f5468236-9267-4325-9790-e8e4d3f786fe,9427fae3-bd30-4b43-9794-13a43d532636,Government Securities (Central/State),,,,,,INR,,,,,{},2026-08-21 22:27:43.322310+00:00
299668a5-dabb-46d7-ac65-a440c12c8c5a,1235aa4d-d6be-4e66-a594-97bf0a61627c,9427fae3-bd30-4b43-9794-13a43d532636,Government Securities (Central/State),,,,,,INR,,,,,{},2026-08-21 22:27:43.322310+00:00
e8e7bc63-0ebc-4138-aa02-1cf5d1b9cb84,a98dbc30-617f-41d6-9435-ca7579c3e934,9427fae3-bd30-4b43-9794-13a43d532636,Government Securities (Central/State),,,,,,INR,,,,,{},2026-08-21 22:27:43.322310+00:00
df0c13cc-9b60-4df6-a602-4e306eafe8b9,fe1f8698-0748-4cdb-912f-70d58c45bb14,9427fae3-bd30-4b43-9794-13a43d532636,Government Securities (Central/State),,,,,,INR,,,,,{},2026-08-21 22:27:43.322310+00:00
191ec123-29dc-462a-b7ac-c47b04dc2b7a,b90689ce-b04b-4728-9417-d7d5cf29a889,9427fae3-bd30-4b43-9794-13a43d532636,Government Securities (Central/State),,,,,,INR,,,,,{},2026-08-21 22:28:08.968230+00:00
3a8bdad1-d1f0-498a-92ce-f14593642e46,f8afd568-b109-44ac-ba3e-5225892fef9f,9427fae3-bd30-4b43-9794-13a43d532636,Government Securities (Central/State),,,,,,INR,,,,,{},2026-08-21 22:28:08.968230+00:00
f4dcd3cc-dc1c-4deb-9350-e82f5a8b4d93,9e677dec-6abf-4546-b55a-094e76b9fb18,9427fae3-bd30-4b43-9794-13a43d532636,Government Securities (Central/State),,,,,,INR,,,,,{},2026-08-21 22:28:08.968230+00:00
84ae736d-4fd1-4c1d-a9b5-b17997b25c35,dcf0a87e-d85b-4a7d-908b-f096a8532005,9427fae3-bd30-4b43-9794-13a43d532636,Government Securities (Central/State),,,,,,INR,,,,,{},2026-08-21 22:28:08.968230+00:00
b7f0e2fa-2702-458f-9e9a-50ecb15952a9,72f4660f-ce7d-4015-b9bf-90c9545964d8,9427fae3-bd30-4b43-9794-13a43d532636,Government Securities (Central/State),,,,,,INR,,,,,{},2026-08-21 22:28:08.968230+00:00
e7ea6374-9204-48c6-8779-c8784001a39f,df12f86f-e985-4385-adc3-77b0d98a2837,9427fae3-bd30-4b43-9794-13a43d532636,Government Securities (Central/State),,,,,,INR,,,,,{},2026-08-21 22:28:00.333201+00:00
b07542e6-e57f-40c2-a940-cdb0c47aa6f8,348cd817-ed9d-4b14-adb4-bfcf239878c5,9427fae3-bd30-4b43-9794-13a43d532636,Government Securities (Central/State),,,,,,INR,,,,,{},2026-08-21 22:28:00.333201+00:00
33b2170a-64bb-4516-915f-f724b7985c96,a2565b16-cc39-456f-92b3-f92c0ea1d287,9427fae3-bd30-4b43-9794-13a43d532636,Government Securities (Central/State),,,,,,INR,,,,,{},2026-08-21 22:27:51.606989+00:00
9856eed2-7714-4320-96e2-3c7b58ef210b,deb98325-1455-4142-bdee-b7897cc7c62d,9427fae3-bd30-4b43-9794-13a43d532636,Government Securities (Central/State),,,,,,INR,,,,,{},2026-08-21 22:27:51.606989+00:00
81866bb1-52ca-4d5d-8504-1d3dcd831e05,c59f97f8-48fe-49b2-9b93-c9d26f4d00ac,9427fae3-bd30-4b43-9794-13a43d532636,Government Securities (Central/State),,,,,,INR,,,,,{},2026-08-21 22:27:51.606989+00:00
4990aed3-8dc5-4511-9caa-079852305caf,b366c1a2-eda8-4d10-92d6-667db97e46b2,9427fae3-bd30-4b43-9794-13a43d532636,Government Securities (Central/State),,,,,,INR,,,,,{},2026-08-21 22:27:43.322310+00:00
26d775cd-0768-4875-869c-ca5219f24064,c8b2fbcd-6835-4a64-b790-0486910a39dd,9427fae3-bd30-4b43-9794-13a43d532636,Government Securities (Central/State),,,,,,INR,,,,,{},2026-08-21 22:27:43.322310+00:00
183573ce-36fd-49b1-99b2-5e72d087b4c5,dd454cb2-6c59-4c6c-b8ae-adb8afb44272,9427fae3-bd30-4b43-9794-13a43d532636,Government Securities (Central/State),,,,,,INR,,,,,{},2026-08-21 22:28:08.968230+00:00
96b05eff-7a05-4f70-99ce-edac42bebae5,28b94171-7504-450a-a21a-c461e2063bb1,9427fae3-bd30-4b43-9794-13a43d532636,Government Securities (Central/State),,,,,,INR,,,,,{},2026-08-21 22:28:08.968230+00:00
5e96116f-23d8-4dae-83af-d1e3e18b797d,10ad78f2-1f9e-475e-b925-9a73a663204d,9427fae3-bd30-4b43-9794-13a43d532636,Government Securities (Central/State),,,,,,INR,,,,,{},2026-08-21 22:28:00.333201+00:00
d78be5c9-dfd1-46ba-a18a-7d731e45152c,e687fca2-57d4-4be7-bd32-c155ca522388,9427fae3-bd30-4b43-9794-13a43d532636,Government Securities (Central/State),,,,,,INR,,,,,{},2026-08-21 22:28:00.333201+00:00
08fc57e5-a5cb-4a99-a993-c192666caec8,363fcd54-58de-409c-83a1-9307268d95ae,9427fae3-bd30-4b43-9794-13a43d532636,Government Securities (Central/State),,,,,,INR,,,,,{},2026-08-21 22:28:00.333201+00:00
ab46b2b4-f8f6-47c8-a7ea-133db35c4a65,2fae2a62-d20d-47ce-afa9-2db98b06ad1a,9427fae3-bd30-4b43-9794-13a43d532636,Government Securities (Central/State),,,,,,INR,,,,,{},2026-08-21 22:27:51.606989+00:00
e11512b9-3114-40c8-a5fa-42feea5d25a4,8b56b530-dda6-4d7c-a6eb-67eb77c3f745,9427fae3-bd30-4b43-9794-13a43d532636,Government Securities (Central/State),,,,,,INR,,,,,{},2026-08-21 22:27:51.606989+00:00
5fc715ce-0543-4a48-9316-27503d8b82ce,c013c858-d7e4-48e4-8885-935399840dd1,9427fae3-bd30-4b43-9794-13a43d532636,Government Securities (Central/State),,,,,,INR,,,,,{},2026-08-21 22:27:43.322310+00:00
bc1dd044-7e67-449a-8fc8-7c560e0d17f6,3e0e4d3d-45ad-4f7c-ba31-4d41dd50ebaa,9427fae3-bd30-4b43-9794-13a43d532636,Government Securities (Central/State),,,,,,INR,,,,,{},2026-08-21 22:27:43.322310+00:00
f215c137-678c-46c1-95d2-498cbb8e60c6,e65162bc-30e3-4c70-a364-2d29398aeef6,9427fae3-bd30-4b43-9794-13a43d532636,Government Securities (Central/State),,,,,,INR,,,,,{},2026-08-21 22:27:43.322310+00:00
d610f2a2-1921-473d-b8c4-83ba753177fe,d72c5d6c-b05f-4a9a-9884-001911d22bf3,9427fae3-bd30-4b43-9794-13a43d532636,Government Securities (Central/State),,,,,,INR,,,,,{},2026-08-21 22:27:43.322310+00:00
202afa44-18d0-41f7-a8a8-ed60081c747f,337c19b1-bcb1-4dbd-9336-ea5d9b511272,9427fae3-bd30-4b43-9794-13a43d532636,Government Securities (Central/State),,,,,,INR,,,,,{},2026-08-21 22:27:43.322310+00:00
53ae759f-c2d8-4f5f-9450-a99f8a8951d8,c5003a7c-0c45-4124-b5df-d5bd44e717c2,9427fae3-bd30-4b43-9794-13a43d532636,Government Securities (Central/State),,,,,,INR,,,,,{},2026-08-21 22:28:08.968230+00:00
a3b65008-369f-4fc3-a81c-566165393a1a,12639e2c-ae37-48bd-b977-7c0e1a8965e1,9427fae3-bd30-4b43-9794-13a43d532636,Government Securities (Central/State),,,,,,INR,,,,,{},2026-08-21 22:28:00.333201+00:00
366219a0-5da9-4085-ae2e-1a869cea63d4,39d85bfb-703d-4abd-9904-af0019204b9d,9427fae3-bd30-4b43-9794-13a43d532636,Government Securities (Central/State),,,,,,INR,,,,,{},2026-08-21 22:28:00.333201+00:00
ed67c882-be66-4889-893f-b5488faa3b5b,22f1b15b-1c63-413c-93c9-0f8fe5271517,9427fae3-bd30-4b43-9794-13a43d532636,Government Securities (Central/State),,,,,,INR,,,,,{},2026-08-21 22:28:00.333201+00:00
cd3b9e79-d864-4d1b-8d6a-ad70a7503fda,ecb4bb92-5882-4d2e-9e2b-ca052ad8c22a,9427fae3-bd30-4b43-9794-13a43d532636,Government Securities (Central/State),,,,,,INR,,,,,{},2026-08-21 22:28:00.333201+00:00
a15f0055-abdb-49f7-ad10-affd80f3e5a5,57bf7fdd-93b0-487e-ad92-4a8aa8661288,9427fae3-bd30-4b43-9794-13a43d532636,Government Securities (Central/State),,,,,,INR,,,,,{},2026-08-21 22:27:51.606989+00:00
ed89e1f9-4853-420a-82f8-444c252ea7ff,3f0dc69d-77d4-4cd8-952c-3813c4871125,9427fae3-bd30-4b43-9794-13a43d532636,Government Securities (Central/State),,,,,,INR,,,,,{},2026-08-21 22:27:51.606989+00:00
d7581308-d737-4909-9aaf-67e92605a8fd,f98d00b4-ba8a-4436-a88b-4b3ee8f293e2,9427fae3-bd30-4b43-9794-13a43d532636,Government Securities (Central/State),,,,,,INR,,,,,{},2026-08-21 22:27:43.322310+00:00
c2b3c788-17f2-41de-914e-d76dded9476f,99d7c8e0-e9e2-4665-b808-5d81bdfbd7eb,9427fae3-bd30-4b43-9794-13a43d532636,Government Securities (Central/State),,,,,,INR,,,,,{},2026-08-21 22:28:08.968230+00:00
bb32d982-a77d-475f-8657-64d84809b2bd,b04e2240-e78a-4780-ae55-0f23beee477d,9427fae3-bd30-4b43-9794-13a43d532636,Government Securities (Central/State),,,,,,INR,,,,,{},2026-08-21 22:28:08.968230+00:00
796ddbc6-149e-4720-aea1-148407f5b1ad,e52aceb7-9bc0-403c-a7ee-524034694c23,84f55d3c-0e4b-42ff-8378-85a8046897d9,GRAND TOTAL (AUM),,,,,95852.81,INR,99.99999999999999,,,,{},2026-08-21 22:27:38.662887+00:00
95121d96-218b-4372-9314-ef18a2b902f3,72f4660f-ce7d-4015-b9bf-90c9545964d8,81597c1d-40e7-4bb2-aba2-717b8b824cf5,"* In case of semi-annual YTM, it will be annualised",,,,,,INR,,,,,{},2026-08-21 22:28:08.968230+00:00
74cb914e-6673-4fe1-99be-15ff124fe56f,888e2b8d-b16f-41df-9a54-321b15f7ca68,81597c1d-40e7-4bb2-aba2-717b8b824cf5,"* In case of semi-annual YTM, it will be annualised",,,,,,INR,,,,,{},2026-08-21 22:28:00.333201+00:00
2249efb9-a626-4e1f-beac-3d8e114144f1,ac293497-c767-44e8-9fe1-6db65b2d69dd,81597c1d-40e7-4bb2-aba2-717b8b824cf5,"* In case of semi-annual YTM, it will be annualised",,,,,,INR,,,,,{},2026-08-21 22:28:00.333201+00:00
80cc823d-f5a9-4c44-ad30-0ad2a1f69037,16a96514-a294-46ce-901c-b833cad422c8,81597c1d-40e7-4bb2-aba2-717b8b824cf5,"* In case of semi-annual YTM, it will be annualised",,,,,,INR,,,,,{},2026-08-21 22:28:00.333201+00:00
f5de73f9-a9eb-4939-92b8-5fc400f63d06,2663f05d-b3bd-4f5d-be47-2ab33a519e02,81597c1d-40e7-4bb2-aba2-717b8b824cf5,"* In case of semi-annual YTM, it will be annualised",,,,,,INR,,,,,{},2026-08-21 22:28:00.333201+00:00
5cbbedae-67cb-4487-af0e-95a711d3c9b3,ea59472f-5dda-4f56-b0dd-cba0dba8ea44,81597c1d-40e7-4bb2-aba2-717b8b824cf5,"* In case of semi-annual YTM, it will be annualised",,,,,,INR,,,,,{},2026-08-21 22:28:00.333201+00:00
6989cbbf-c1a8-4ac6-be0b-f44f34735693,363fcd54-58de-409c-83a1-9307268d95ae,81597c1d-40e7-4bb2-aba2-717b8b824cf5,"* In case of semi-annual YTM, it will be annualised",,,,,,INR,,,,,{},2026-08-21 22:28:00.333201+00:00
cf9682a5-4503-42f0-a0a1-813138e7cd8a,a56c15d9-9072-4a7d-b591-f2212bc23d5a,81597c1d-40e7-4bb2-aba2-717b8b824cf5,"* In case of semi-annual YTM, it will be annualised",,,,,,INR,,,,,{},2026-08-21 22:27:51.606989+00:00
ec2cc501-1014-4183-a944-38afa8e75b80,deb98325-1455-4142-bdee-b7897cc7c62d,81597c1d-40e7-4bb2-aba2-717b8b824cf5,"* In case of semi-annual YTM, it will be annualised",,,,,,INR,,,,,{},2026-08-21 22:27:51.606989+00:00
797fd01c-8fb9-47fe-826d-afa8340faf7b,a14edabe-48d2-4c76-9f14-b97545126ba4,81597c1d-40e7-4bb2-aba2-717b8b824cf5,"* In case of semi-annual YTM, it will be annualised",,,,,,INR,,,,,{},2026-08-21 22:27:51.606989+00:00
f97459c5-7728-406a-a27f-c9f90887889f,8f176ebf-b1bd-4696-90e4-be5da4bb63b6,81597c1d-40e7-4bb2-aba2-717b8b824cf5,"* In case of semi-annual YTM, it will be annualised",,,,,,INR,,,,,{},2026-08-21 22:27:51.606989+00:00
1063856d-2d55-4900-8d30-c9f07eb02e91,683857a7-d74e-4bd0-a718-e5a298157857,81597c1d-40e7-4bb2-aba2-717b8b824cf5,"* In case of semi-annual YTM, it will be annualised",,,,,,INR,,,,,{},2026-08-21 22:27:51.606989+00:00
228f40ae-f3ca-4dc5-bab2-f6fa71dd5581,fea8d894-1250-43ee-bd1e-9258000070e4,81597c1d-40e7-4bb2-aba2-717b8b824cf5,"* In case of semi-annual YTM, it will be annualised",,,,,,INR,,,,,{},2026-08-21 22:27:43.322310+00:00
91ceaa3b-7386-4e87-9d0e-3d786f4c1682,cb02bc10-915c-49d2-a2e1-194c15e16032,81597c1d-40e7-4bb2-aba2-717b8b824cf5,"* In case of semi-annual YTM, it will be annualised",,,,,,INR,,,,,{},2026-08-21 22:27:43.322310+00:00
6371d257-082c-47cd-bffc-2c221c88e6cd,99d7c8e0-e9e2-4665-b808-5d81bdfbd7eb,81597c1d-40e7-4bb2-aba2-717b8b824cf5,"* In case of semi-annual YTM, it will be annualised",,,,,,INR,,,,,{},2026-08-21 22:28:08.968230+00:00
fc2cc3b1-5a6c-4a7d-a6c5-67d6d5a078d3,ef504ea4-3d11-4782-9388-c4491f323f29,81597c1d-40e7-4bb2-aba2-717b8b824cf5,"* In case of semi-annual YTM, it will be annualised",,,,,,INR,,,,,{},2026-08-21 22:28:08.968230+00:00
4230a5f0-a626-483e-928f-e2e8485801b6,22643a51-52f7-491e-8402-99edcead8da8,81597c1d-40e7-4bb2-aba2-717b8b824cf5,"* In case of semi-annual YTM, it will be annualised",,,,,,INR,,,,,{},2026-08-21 22:28:08.968230+00:00
56e08c69-bfaf-409e-bd99-a4662e637a58,066246e5-9f5f-4ddd-8f0a-5a6cb36e2c5d,81597c1d-40e7-4bb2-aba2-717b8b824cf5,"* In case of semi-annual YTM, it will be annualised",,,,,,INR,,,,,{},2026-08-21 22:28:00.333201+00:00
fc84ceca-4e13-4fdb-bdcc-cd3af81b3734,a2565b16-cc39-456f-92b3-f92c0ea1d287,81597c1d-40e7-4bb2-aba2-717b8b824cf5,"* In case of semi-annual YTM, it will be annualised",,,,,,INR,,,,,{},2026-08-21 22:27:51.606989+00:00
4d339fa0-a562-4ffa-bb59-3ee83c0aaa82,2ff0c7b5-ec0f-4371-8afe-61a4b7224117,81597c1d-40e7-4bb2-aba2-717b8b824cf5,"* In case of semi-annual YTM, it will be annualised",,,,,,INR,,,,,{},2026-08-21 22:27:51.606989+00:00
3d5c78c2-032c-4489-b1c6-497cdb1f51f5,3f0dc69d-77d4-4cd8-952c-3813c4871125,81597c1d-40e7-4bb2-aba2-717b8b824cf5,"* In case of semi-annual YTM, it will be annualised",,,,,,INR,,,,,{},2026-08-21 22:27:51.606989+00:00
8c20202b-782f-4c1a-9843-1b51ac06539f,3c847dd7-b25d-4346-a5f9-c1381111d28c,81597c1d-40e7-4bb2-aba2-717b8b824cf5,"* In case of semi-annual YTM, it will be annualised",,,,,,INR,,,,,{},2026-08-21 22:27:43.322310+00:00
d61e5bc3-2e7b-4cb9-bd5d-b01f8f529b10,c2b75d61-232f-4aa5-8ab2-107a06685819,81597c1d-40e7-4bb2-aba2-717b8b824cf5,"* In case of semi-annual YTM, it will be annualised",,,,,,INR,,,,,{},2026-08-21 22:27:43.322310+00:00
cf3fd1fb-e2a2-4894-9363-e5239008f2f0,01b1e166-9a20-43a7-baab-8bb3eaa46562,81597c1d-40e7-4bb2-aba2-717b8b824cf5,"* In case of semi-annual YTM, it will be annualised",,,,,,INR,,,,,{},2026-08-21 22:27:43.322310+00:00
8e44503c-3f1c-4395-a224-7a27ab03df4b,58a2a794-3677-48a2-a932-29a7511b4791,81597c1d-40e7-4bb2-aba2-717b8b824cf5,"* In case of semi-annual YTM, it will be annualised",,,,,,INR,,,,,{},2026-08-21 22:28:08.968230+00:00
06658fc3-f8af-499c-9651-ce704aada799,d752970f-f545-4c22-b17e-1cb88a905642,81597c1d-40e7-4bb2-aba2-717b8b824cf5,"* In case of semi-annual YTM, it will be annualised",,,,,,INR,,,,,{},2026-08-21 22:28:08.968230+00:00
dcf15632-e8fc-4516-8ca7-e72bcb8bfe20,9e677dec-6abf-4546-b55a-094e76b9fb18,81597c1d-40e7-4bb2-aba2-717b8b824cf5,"* In case of semi-annual YTM, it will be annualised",,,,,,INR,,,,,{},2026-08-21 22:28:08.968230+00:00
4ca43de5-6b60-4b3e-9fd4-c8d577d9f10f,4591cbcb-c2d0-47ff-b9f1-081edb7b0bf4,81597c1d-40e7-4bb2-aba2-717b8b824cf5,"* In case of semi-annual YTM, it will be annualised",,,,,,INR,,,,,{},2026-08-21 22:28:08.968230+00:00
8e1fc10b-306a-4a44-98db-a0db672c17e3,e108a83c-f147-43d1-8812-128be3c4b7b1,81597c1d-40e7-4bb2-aba2-717b8b824cf5,"* In case of semi-annual YTM, it will be annualised",,,,,,INR,,,,,{},2026-08-21 22:28:00.333201+00:00
3961044e-e092-4520-b13f-884fd91a1e66,bd316754-25a2-41c4-a71b-7c96c68bc2c4,81597c1d-40e7-4bb2-aba2-717b8b824cf5,"* In case of semi-annual YTM, it will be annualised",,,,,,INR,,,,,{},2026-08-21 22:28:00.333201+00:00
e12ef0b2-5796-4b31-839b-b161f0c0b0e9,10ad78f2-1f9e-475e-b925-9a73a663204d,81597c1d-40e7-4bb2-aba2-717b8b824cf5,"* In case of semi-annual YTM, it will be annualised",,,,,,INR,,,,,{},2026-08-21 22:28:00.333201+00:00
5f8d83cd-fb3d-40f8-a351-60212ad62d1a,13b8de8d-e3b3-4382-b444-3edfcab4947a,81597c1d-40e7-4bb2-aba2-717b8b824cf5,"* In case of semi-annual YTM, it will be annualised",,,,,,INR,,,,,{},2026-08-21 22:28:00.333201+00:00
30fc2af9-aed1-4015-8dcd-cfd7102b4ada,6b5d2872-40b1-4bb7-a0c1-e5368cadff36,81597c1d-40e7-4bb2-aba2-717b8b824cf5,"* In case of semi-annual YTM, it will be annualised",,,,,,INR,,,,,{},2026-08-21 22:28:00.333201+00:00
c7034611-2ef5-4a83-b587-24a85b63a981,f3c71637-8fce-4289-89a6-119fb8881fb8,81597c1d-40e7-4bb2-aba2-717b8b824cf5,"* In case of semi-annual YTM, it will be annualised",,,,,,INR,,,,,{},2026-08-21 22:27:51.606989+00:00
2d602cce-8aee-4b0f-8264-3488a4ce0877,77de0052-85e0-4f1a-a4ff-6fb32ec99c92,81597c1d-40e7-4bb2-aba2-717b8b824cf5,"* In case of semi-annual YTM, it will be annualised",,,,,,INR,,,,,{},2026-08-21 22:27:51.606989+00:00
887228d1-d399-444b-8e87-9400353e0056,5fa02d63-94cf-49c4-b2f2-5204f3628553,81597c1d-40e7-4bb2-aba2-717b8b824cf5,"* In case of semi-annual YTM, it will be annualised",,,,,,INR,,,,,{},2026-08-21 22:27:51.606989+00:00
d14d45af-2004-4c48-80a1-ecc8e4e1eb62,95f3f344-e673-408d-980a-027c67f8eaa3,81597c1d-40e7-4bb2-aba2-717b8b824cf5,"* In case of semi-annual YTM, it will be annualised",,,,,,INR,,,,,{},2026-08-21 22:27:43.322310+00:00
bc59b606-f7c2-48e9-834e-d6bbad1a5834,d72c5d6c-b05f-4a9a-9884-001911d22bf3,81597c1d-40e7-4bb2-aba2-717b8b824cf5,"* In case of semi-annual YTM, it will be annualised",,,,,,INR,,,,,{},2026-08-21 22:27:43.322310+00:00
ef8bc2fd-27f4-4e87-aca4-fa2f04d8208e,f98d00b4-ba8a-4436-a88b-4b3ee8f293e2,81597c1d-40e7-4bb2-aba2-717b8b824cf5,"* In case of semi-annual YTM, it will be annualised",,,,,,INR,,,,,{},2026-08-21 22:27:43.322310+00:00
4da29abe-6c10-49b5-aeea-8a8c3b939432,28b94171-7504-450a-a21a-c461e2063bb1,81597c1d-40e7-4bb2-aba2-717b8b824cf5,"* In case of semi-annual YTM, it will be annualised",,,,,,INR,,,,,{},2026-08-21 22:28:08.968230+00:00
04b59b8e-2d10-4347-a0d1-48764831a974,dcf0a87e-d85b-4a7d-908b-f096a8532005,81597c1d-40e7-4bb2-aba2-717b8b824cf5,"* In case of semi-annual YTM, it will be annualised",,,,,,INR,,,,,{},2026-08-21 22:28:08.968230+00:00
08df071e-5eb9-4e3f-b659-1f2d30a02d52,c5003a7c-0c45-4124-b5df-d5bd44e717c2,81597c1d-40e7-4bb2-aba2-717b8b824cf5,"* In case of semi-annual YTM, it will be annualised",,,,,,INR,,,,,{},2026-08-21 22:28:08.968230+00:00
fe173bde-ca73-4608-942f-6a47752f3f0f,5f56202f-1a1b-46ab-9352-32c451eb1f2c,81597c1d-40e7-4bb2-aba2-717b8b824cf5,"* In case of semi-annual YTM, it will be annualised",,,,,,INR,,,,,{},2026-08-21 22:28:00.333201+00:00
c66714d8-2d87-4532-bd29-5a89651c8b17,24f3a0fc-db4e-4f5d-8ce3-0f1220c49f68,81597c1d-40e7-4bb2-aba2-717b8b824cf5,"* In case of semi-annual YTM, it will be annualised",,,,,,INR,,,,,{},2026-08-21 22:27:51.606989+00:00
bd030e43-f32c-4e90-bbfd-6c6b01acadef,87c1811a-9b37-4ee1-a921-d6d54cfa31ec,81597c1d-40e7-4bb2-aba2-717b8b824cf5,"* In case of semi-annual YTM, it will be annualised",,,,,,INR,,,,,{},2026-08-21 22:27:43.322310+00:00
147b28d6-ee8b-4de7-9c66-b6ed824b7b37,b366c1a2-eda8-4d10-92d6-667db97e46b2,81597c1d-40e7-4bb2-aba2-717b8b824cf5,"* In case of semi-annual YTM, it will be annualised",,,,,,INR,,,,,{},2026-08-21 22:27:43.322310+00:00
bfa9fecb-03c8-4e40-a30e-18bcb43b9b61,337c19b1-bcb1-4dbd-9336-ea5d9b511272,81597c1d-40e7-4bb2-aba2-717b8b824cf5,"* In case of semi-annual YTM, it will be annualised",,,,,,INR,,,,,{},2026-08-21 22:27:43.322310+00:00
dd33f3b5-dbb4-40e9-8938-a9274b061515,4eb221fa-52ef-4da6-b995-36f34efa70f1,81597c1d-40e7-4bb2-aba2-717b8b824cf5,"* In case of semi-annual YTM, it will be annualised",,,,,,INR,,,,,{},2026-08-21 22:28:00.333201+00:00
d6b14f5b-fe7b-474e-8b9e-798392d6f642,e1bc241b-d20f-4365-8f21-1dc8bae4ddc8,81597c1d-40e7-4bb2-aba2-717b8b824cf5,"* In case of semi-annual YTM, it will be annualised",,,,,,INR,,,,,{},2026-08-21 22:28:00.333201+00:00
78ff7c72-3c93-433b-8a96-608814347846,df12f86f-e985-4385-adc3-77b0d98a2837,81597c1d-40e7-4bb2-aba2-717b8b824cf5,"* In case of semi-annual YTM, it will be annualised",,,,,,INR,,,,,{},2026-08-21 22:28:00.333201+00:00
93d5a88d-6357-4c72-a3a2-4f78d7f220a6,62889a4c-18a0-4360-a661-25a9cd03d7e3,81597c1d-40e7-4bb2-aba2-717b8b824cf5,"* In case of semi-annual YTM, it will be annualised",,,,,,INR,,,,,{},2026-08-21 22:28:00.333201+00:00
50893a04-1421-4b49-992f-11396dfea22e,bf03b6d4-f183-4273-9233-2f464066a549,81597c1d-40e7-4bb2-aba2-717b8b824cf5,"* In case of semi-annual YTM, it will be annualised",,,,,,INR,,,,,{},2026-08-21 22:27:51.606989+00:00
02e0fe70-0b4b-40d3-9be5-be3ccca624d9,31b98558-3446-4859-afd0-60e7b0c9b47d,81597c1d-40e7-4bb2-aba2-717b8b824cf5,"* In case of semi-annual YTM, it will be annualised",,,,,,INR,,,,,{},2026-08-21 22:27:51.606989+00:00
4044ea62-1306-4fdb-8b39-95badab2b331,d261d9a5-22b9-44ab-98da-1f68d27ac487,81597c1d-40e7-4bb2-aba2-717b8b824cf5,"* In case of semi-annual YTM, it will be annualised",,,,,,INR,,,,,{},2026-08-21 22:27:51.606989+00:00
89f4b5db-bede-4b8a-93f4-f76b2aa9ca03,40e45dae-d7b9-4622-bce8-3e342dc9a7bc,81597c1d-40e7-4bb2-aba2-717b8b824cf5,"* In case of semi-annual YTM, it will be annualised",,,,,,INR,,,,,{},2026-08-21 22:27:43.322310+00:00
dd6dcdbd-68d1-4fe5-a845-568a480f7c61,3c12aae2-e082-454a-89af-a209fca81a03,81597c1d-40e7-4bb2-aba2-717b8b824cf5,"* In case of semi-annual YTM, it will be annualised",,,,,,INR,,,,,{},2026-08-21 22:27:43.322310+00:00
98a25b01-7456-4661-b9e0-3acf5fd80251,c013c858-d7e4-48e4-8885-935399840dd1,81597c1d-40e7-4bb2-aba2-717b8b824cf5,"* In case of semi-annual YTM, it will be annualised",,,,,,INR,,,,,{},2026-08-21 22:27:43.322310+00:00
055f1bdb-92d1-4fd3-9187-cc0b2e456cac,b90689ce-b04b-4728-9417-d7d5cf29a889,81597c1d-40e7-4bb2-aba2-717b8b824cf5,"* In case of semi-annual YTM, it will be annualised",,,,,,INR,,,,,{},2026-08-21 22:28:08.968230+00:00
0b42c3af-b6db-42d5-bbe0-535fe0d840ee,dd454cb2-6c59-4c6c-b8ae-adb8afb44272,81597c1d-40e7-4bb2-aba2-717b8b824cf5,"* In case of semi-annual YTM, it will be annualised",,,,,,INR,,,,,{},2026-08-21 22:28:08.968230+00:00
63ceb8f3-e740-4dfc-b194-a50aa4340b17,238fc44a-9b8a-44b9-be62-eab288fa9118,81597c1d-40e7-4bb2-aba2-717b8b824cf5,"* In case of semi-annual YTM, it will be annualised",,,,,,INR,,,,,{},2026-08-21 22:28:08.968230+00:00
5c995f7b-bba7-43ed-bb58-a66b93fc06ef,b04e2240-e78a-4780-ae55-0f23beee477d,81597c1d-40e7-4bb2-aba2-717b8b824cf5,"* In case of semi-annual YTM, it will be annualised",,,,,,INR,,,,,{},2026-08-21 22:28:08.968230+00:00
6244b543-8159-4720-b4cd-733fedbba0d0,551a5203-3c95-4b5a-9daf-cf2a35524a63,81597c1d-40e7-4bb2-aba2-717b8b824cf5,"* In case of semi-annual YTM, it will be annualised",,,,,,INR,,,,,{},2026-08-21 22:28:08.968230+00:00
91b51621-c769-48d1-9fdd-5e5a5092f047,39d85bfb-703d-4abd-9904-af0019204b9d,81597c1d-40e7-4bb2-aba2-717b8b824cf5,"* In case of semi-annual YTM, it will be annualised",,,,,,INR,,,,,{},2026-08-21 22:28:00.333201+00:00
3ef556d2-7c80-481d-b374-6058934e543f,22f1b15b-1c63-413c-93c9-0f8fe5271517,81597c1d-40e7-4bb2-aba2-717b8b824cf5,"* In case of semi-annual YTM, it will be annualised",,,,,,INR,,,,,{},2026-08-21 22:28:00.333201+00:00
56e733eb-4b16-4c0a-841e-b35193206fc3,b1052d40-184f-42f5-bbef-a63f027d6945,81597c1d-40e7-4bb2-aba2-717b8b824cf5,"* In case of semi-annual YTM, it will be annualised",,,,,,INR,,,,,{},2026-08-21 22:28:00.333201+00:00
7a863bb1-cbbe-4a1b-9cae-2fa992cb430f,57bf7fdd-93b0-487e-ad92-4a8aa8661288,81597c1d-40e7-4bb2-aba2-717b8b824cf5,"* In case of semi-annual YTM, it will be annualised",,,,,,INR,,,,,{},2026-08-21 22:27:51.606989+00:00
49bad95d-019c-4484-9e97-4d0b2fc51c85,34f1a4b0-feee-42e3-87d7-68cb34f29360,81597c1d-40e7-4bb2-aba2-717b8b824cf5,"* In case of semi-annual YTM, it will be annualised",,,,,,INR,,,,,{},2026-08-21 22:27:51.606989+00:00
99dda7db-2b1c-4ff9-943e-5b75b88e8d0b,511ec12d-ac26-4a9e-8dea-2b7aa7bf934a,81597c1d-40e7-4bb2-aba2-717b8b824cf5,"* In case of semi-annual YTM, it will be annualised",,,,,,INR,,,,,{},2026-08-21 22:27:51.606989+00:00
a49f5107-238e-4b54-9e29-3f8efdcfb621,c7b58475-3b99-4fa2-98c3-3d2dda65c37f,81597c1d-40e7-4bb2-aba2-717b8b824cf5,"* In case of semi-annual YTM, it will be annualised",,,,,,INR,,,,,{},2026-08-21 22:27:51.606989+00:00
004e28be-58e9-4b09-9b0b-499899348c81,2fae2a62-d20d-47ce-afa9-2db98b06ad1a,81597c1d-40e7-4bb2-aba2-717b8b824cf5,"* In case of semi-annual YTM, it will be annualised",,,,,,INR,,,,,{},2026-08-21 22:27:51.606989+00:00
29d84e24-5cd7-41d2-889b-fc88fece4471,fe1f8698-0748-4cdb-912f-70d58c45bb14,81597c1d-40e7-4bb2-aba2-717b8b824cf5,"* In case of semi-annual YTM, it will be annualised",,,,,,INR,,,,,{},2026-08-21 22:27:43.322310+00:00
33af27fa-aa11-4e55-93b5-a9e688107c4a,8d568b47-a50b-4ad2-b8e7-3cc6a212500a,81597c1d-40e7-4bb2-aba2-717b8b824cf5,"* In case of semi-annual YTM, it will be annualised",,,,,,INR,,,,,{},2026-08-21 22:27:43.322310+00:00
7ac3ed02-23b4-4fe9-80c8-21d29b344cb4,dead7470-4f29-4afc-8b73-40d16e6240a4,81597c1d-40e7-4bb2-aba2-717b8b824cf5,"* In case of semi-annual YTM, it will be annualised",,,,,,INR,,,,,{},2026-08-21 22:28:08.968230+00:00
42e65b29-f1f6-411e-aca4-b30b584c4e39,e771da65-7c99-4e13-8cdb-d52228fbc2a9,81597c1d-40e7-4bb2-aba2-717b8b824cf5,"* In case of semi-annual YTM, it will be annualised",,,,,,INR,,,,,{},2026-08-21 22:27:51.606989+00:00
7f0d9f59-7789-4b92-9c09-16d3ecefab95,c59f97f8-48fe-49b2-9b93-c9d26f4d00ac,81597c1d-40e7-4bb2-aba2-717b8b824cf5,"* In case of semi-annual YTM, it will be annualised",,,,,,INR,,,,,{},2026-08-21 22:27:51.606989+00:00
43e7b48d-de23-4104-bf39-18cce93ecf66,8b56b530-dda6-4d7c-a6eb-67eb77c3f745,81597c1d-40e7-4bb2-aba2-717b8b824cf5,"* In case of semi-annual YTM, it will be annualised",,,,,,INR,,,,,{},2026-08-21 22:27:51.606989+00:00
4f0c9ea2-4524-48a4-b60a-1a1e0703a5c9,f5468236-9267-4325-9790-e8e4d3f786fe,81597c1d-40e7-4bb2-aba2-717b8b824cf5,"* In case of semi-annual YTM, it will be annualised",,,,,,INR,,,,,{},2026-08-21 22:27:43.322310+00:00
1278a286-8ef3-4d34-9b43-abb295463d3d,a98dbc30-617f-41d6-9435-ca7579c3e934,81597c1d-40e7-4bb2-aba2-717b8b824cf5,"* In case of semi-annual YTM, it will be annualised",,,,,,INR,,,,,{},2026-08-21 22:27:43.322310+00:00
03c1e17a-e306-4a20-90d7-de36ff4a1aa2,3e0e4d3d-45ad-4f7c-ba31-4d41dd50ebaa,81597c1d-40e7-4bb2-aba2-717b8b824cf5,"* In case of semi-annual YTM, it will be annualised",,,,,,INR,,,,,{},2026-08-21 22:27:43.322310+00:00
1ba34ad7-398d-4cc6-9f46-d8184e0f8d48,e65162bc-30e3-4c70-a364-2d29398aeef6,81597c1d-40e7-4bb2-aba2-717b8b824cf5,"* In case of semi-annual YTM, it will be annualised",,,,,,INR,,,,,{},2026-08-21 22:27:43.322310+00:00
d8fd7a97-7204-4303-9029-ebd3de2efa15,08180163-e2b7-47f6-b1ca-a69843c50340,81597c1d-40e7-4bb2-aba2-717b8b824cf5,"* In case of semi-annual YTM, it will be annualised",,,,,,INR,,,,,{},2026-08-21 22:28:08.968230+00:00
ec10f8ac-1328-4009-8232-c5e82527b6a5,ee7f77d7-6936-4d83-ba59-9e88403bb081,81597c1d-40e7-4bb2-aba2-717b8b824cf5,"* In case of semi-annual YTM, it will be annualised",,,,,,INR,,,,,{},2026-08-21 22:28:08.968230+00:00
311a4a27-e21e-4505-997e-43e165677bfa,576d2fff-17f2-47c3-99b9-f157e45032ea,81597c1d-40e7-4bb2-aba2-717b8b824cf5,"* In case of semi-annual YTM, it will be annualised",,,,,,INR,,,,,{},2026-08-21 22:28:08.968230+00:00
6fab980d-43ed-4540-8f85-edc5fc238a45,12639e2c-ae37-48bd-b977-7c0e1a8965e1,81597c1d-40e7-4bb2-aba2-717b8b824cf5,"* In case of semi-annual YTM, it will be annualised",,,,,,INR,,,,,{},2026-08-21 22:28:00.333201+00:00
974b578d-0194-407e-a586-6cc998549350,05476498-9a2a-47cb-89a9-1eb58ac325c0,81597c1d-40e7-4bb2-aba2-717b8b824cf5,"* In case of semi-annual YTM, it will be annualised",,,,,,INR,,,,,{},2026-08-21 22:28:00.333201+00:00
3719c782-35b0-41dc-882b-a450c5eff1e3,b621384d-63bb-4bc1-abfe-83c12ee24091,81597c1d-40e7-4bb2-aba2-717b8b824cf5,"* In case of semi-annual YTM, it will be annualised",,,,,,INR,,,,,{},2026-08-21 22:27:51.606989+00:00
54e94b9d-8124-4077-8c6c-eb358042768c,223147c2-8b24-45da-8811-fc97b939fe42,81597c1d-40e7-4bb2-aba2-717b8b824cf5,"* In case of semi-annual YTM, it will be annualised",,,,,,INR,,,,,{},2026-08-21 22:27:51.606989+00:00
d7169945-494d-4a84-bf71-68691a04c5e0,1235aa4d-d6be-4e66-a594-97bf0a61627c,81597c1d-40e7-4bb2-aba2-717b8b824cf5,"* In case of semi-annual YTM, it will be annualised",,,,,,INR,,,,,{},2026-08-21 22:27:43.322310+00:00
569cbc34-947b-4a0b-a614-6c2d77f15aa3,16e863c6-88c5-4567-9b1e-f6f573629c3f,81597c1d-40e7-4bb2-aba2-717b8b824cf5,"* In case of semi-annual YTM, it will be annualised",,,,,,INR,,,,,{},2026-08-21 22:27:43.322310+00:00
eca40ab8-84f4-47d5-be40-742c325017d9,a2e1afdb-6488-4cd7-b329-3cf037faa25a,81597c1d-40e7-4bb2-aba2-717b8b824cf5,"* In case of semi-annual YTM, it will be annualised",,,,,,INR,,,,,{},2026-08-21 22:27:43.322310+00:00
24c36d4d-b14a-4641-958a-dba4642a89f4,8dcc94b2-7f90-4baf-88f5-814ee13f6cc5,81597c1d-40e7-4bb2-aba2-717b8b824cf5,"* In case of semi-annual YTM, it will be annualised",,,,,,INR,,,,,{},2026-08-21 22:27:43.322310+00:00
7532bc13-6f6c-420b-aee6-e71c9540819d,8d568b47-a50b-4ad2-b8e7-3cc6a212500a,3bdc9644-7d98-49aa-a97e-bae19baeec30,* Less than 0.01%,,,,,,INR,,,,,{},2026-08-21 22:27:43.322310+00:00
f909e207-d9f6-44ca-83f5-c38120fc999d,4591cbcb-c2d0-47ff-b9f1-081edb7b0bf4,3bdc9644-7d98-49aa-a97e-bae19baeec30,* Less than 0.01%,,,,,,INR,,,,,{},2026-08-21 22:28:08.968230+00:00
efbd8720-73b7-4260-8d89-d5a1c9e83533,5fa02d63-94cf-49c4-b2f2-5204f3628553,3bdc9644-7d98-49aa-a97e-bae19baeec30,* Less than 0.01%,,,,,,INR,,,,,{},2026-08-21 22:27:51.606989+00:00
403ae386-532b-4bc4-92c4-2d4bf3f0296c,ef504ea4-3d11-4782-9388-c4491f323f29,3bdc9644-7d98-49aa-a97e-bae19baeec30,* Less than 0.01%,,,,,,INR,,,,,{},2026-08-21 22:28:08.968230+00:00
7336d14e-578b-4ea6-ae0d-c428a1a00d5c,3e0e4d3d-45ad-4f7c-ba31-4d41dd50ebaa,3bdc9644-7d98-49aa-a97e-bae19baeec30,* Less than 0.01%,,,,,,INR,,,,,{},2026-08-21 22:27:43.322310+00:00
1132728d-c1f1-4ced-88e5-ea456ede38c3,28b94171-7504-450a-a21a-c461e2063bb1,3bdc9644-7d98-49aa-a97e-bae19baeec30,* Less than 0.01%,,,,,,INR,,,,,{},2026-08-21 22:28:08.968230+00:00
961ab2bc-0f9d-43c9-b8f4-a9e731191058,e1bc241b-d20f-4365-8f21-1dc8bae4ddc8,59c1807d-7d75-4fa6-a29a-db4b9ea1d70c,Market value includes accrued interest,,,,,,INR,,,,,{},2026-08-21 22:28:00.333201+00:00
ba248c19-35cb-456c-a6c1-64dce73356a0,10ad78f2-1f9e-475e-b925-9a73a663204d,59c1807d-7d75-4fa6-a29a-db4b9ea1d70c,Market value includes accrued interest,,,,,,INR,,,,,{},2026-08-21 22:28:00.333201+00:00
eece1366-3bbc-4936-9207-20ae3b91ba9d,e687fca2-57d4-4be7-bd32-c155ca522388,59c1807d-7d75-4fa6-a29a-db4b9ea1d70c,Market value includes accrued interest,,,,,,INR,,,,,{},2026-08-21 22:28:00.333201+00:00
36b47513-473d-4a79-8f71-7ca96cc38e69,363fcd54-58de-409c-83a1-9307268d95ae,59c1807d-7d75-4fa6-a29a-db4b9ea1d70c,Market value includes accrued interest,,,,,,INR,,,,,{},2026-08-21 22:28:00.333201+00:00
e8e889ce-0f8d-46b2-8d46-9ccec4dbc8e2,bf03b6d4-f183-4273-9233-2f464066a549,59c1807d-7d75-4fa6-a29a-db4b9ea1d70c,Market value includes accrued interest,,,,,,INR,,,,,{},2026-08-21 22:27:51.606989+00:00
ce99758f-0fe8-46b6-a903-152f669d77d6,77de0052-85e0-4f1a-a4ff-6fb32ec99c92,59c1807d-7d75-4fa6-a29a-db4b9ea1d70c,Market value includes accrued interest,,,,,,INR,,,,,{},2026-08-21 22:27:51.606989+00:00
7181f68f-d884-40d8-91dd-eec36355b67a,3f0dc69d-77d4-4cd8-952c-3813c4871125,59c1807d-7d75-4fa6-a29a-db4b9ea1d70c,Market value includes accrued interest,,,,,,INR,,,,,{},2026-08-21 22:27:51.606989+00:00
d19503ce-7489-4af3-8e8d-69c90afedcc8,a98dbc30-617f-41d6-9435-ca7579c3e934,59c1807d-7d75-4fa6-a29a-db4b9ea1d70c,Market value includes accrued interest,,,,,,INR,,,,,{},2026-08-21 22:27:43.322310+00:00
1c03f41e-437e-42a8-a8da-4e7dec63646c,337c19b1-bcb1-4dbd-9336-ea5d9b511272,59c1807d-7d75-4fa6-a29a-db4b9ea1d70c,Market value includes accrued interest,,,,,,INR,,,,,{},2026-08-21 22:27:43.322310+00:00
e0940ebc-63d4-4b87-a615-be896627b180,ef504ea4-3d11-4782-9388-c4491f323f29,59c1807d-7d75-4fa6-a29a-db4b9ea1d70c,Market value includes accrued interest,,,,,,INR,,,,,{},2026-08-21 22:28:08.968230+00:00
d863fe1e-e143-4219-b748-6b3deb41e4a2,22643a51-52f7-491e-8402-99edcead8da8,59c1807d-7d75-4fa6-a29a-db4b9ea1d70c,Market value includes accrued interest,,,,,,INR,,,,,{},2026-08-21 22:28:08.968230+00:00
8408cc98-2ad5-4d12-ba3f-78a01b6ed2d7,4c73d3e6-349d-4083-a72d-178e108b4002,59c1807d-7d75-4fa6-a29a-db4b9ea1d70c,Market value includes accrued interest,,,,,,INR,,,,,{},2026-08-21 22:28:08.968230+00:00
cbc57246-bed5-4a05-871d-6ffcf6bd2d28,c5003a7c-0c45-4124-b5df-d5bd44e717c2,59c1807d-7d75-4fa6-a29a-db4b9ea1d70c,Market value includes accrued interest,,,,,,INR,,,,,{},2026-08-21 22:28:08.968230+00:00
56fa78cc-4201-42cc-98fe-998d8363be12,066246e5-9f5f-4ddd-8f0a-5a6cb36e2c5d,59c1807d-7d75-4fa6-a29a-db4b9ea1d70c,Market value includes accrued interest,,,,,,INR,,,,,{},2026-08-21 22:28:00.333201+00:00
7132c2fe-eb5c-4a41-9a1d-f38a714f12c0,6d337ab4-dfda-4814-8448-4293ef1bd14a,59c1807d-7d75-4fa6-a29a-db4b9ea1d70c,Market value includes accrued interest,,,,,,INR,,,,,{},2026-08-21 22:28:00.333201+00:00
706f88fc-d69d-4ace-b39c-df7f18cdb569,ea59472f-5dda-4f56-b0dd-cba0dba8ea44,59c1807d-7d75-4fa6-a29a-db4b9ea1d70c,Market value includes accrued interest,,,,,,INR,,,,,{},2026-08-21 22:28:00.333201+00:00
e8623bc7-7c73-4977-a240-c658178b58cb,6b5d2872-40b1-4bb7-a0c1-e5368cadff36,59c1807d-7d75-4fa6-a29a-db4b9ea1d70c,Market value includes accrued interest,,,,,,INR,,,,,{},2026-08-21 22:28:00.333201+00:00
1babac58-3c4e-4c6f-8b92-a86a055e544f,f3c71637-8fce-4289-89a6-119fb8881fb8,59c1807d-7d75-4fa6-a29a-db4b9ea1d70c,Market value includes accrued interest,,,,,,INR,,,,,{},2026-08-21 22:27:51.606989+00:00
32012874-0638-4f02-8b50-46d90074d65d,b621384d-63bb-4bc1-abfe-83c12ee24091,59c1807d-7d75-4fa6-a29a-db4b9ea1d70c,Market value includes accrued interest,,,,,,INR,,,,,{},2026-08-21 22:27:51.606989+00:00
3d3ebde5-2f22-48bb-9362-c09185a2e296,3c847dd7-b25d-4346-a5f9-c1381111d28c,59c1807d-7d75-4fa6-a29a-db4b9ea1d70c,Market value includes accrued interest,,,,,,INR,,,,,{},2026-08-21 22:27:43.322310+00:00
821b2b92-b1b0-4007-9f30-9ee72ea147a9,8d568b47-a50b-4ad2-b8e7-3cc6a212500a,59c1807d-7d75-4fa6-a29a-db4b9ea1d70c,Market value includes accrued interest,,,,,,INR,,,,,{},2026-08-21 22:27:43.322310+00:00
2c8271c1-458b-4cbc-b1d4-2dde99121fc5,b90689ce-b04b-4728-9417-d7d5cf29a889,59c1807d-7d75-4fa6-a29a-db4b9ea1d70c,Market value includes accrued interest,,,,,,INR,,,,,{},2026-08-21 22:28:08.968230+00:00
89f8c607-8072-4240-a0b7-4398fee854ce,d752970f-f545-4c22-b17e-1cb88a905642,59c1807d-7d75-4fa6-a29a-db4b9ea1d70c,Market value includes accrued interest,,,,,,INR,,,,,{},2026-08-21 22:28:08.968230+00:00
66be329d-4179-4cfa-8e00-4443207d5e71,ee7f77d7-6936-4d83-ba59-9e88403bb081,59c1807d-7d75-4fa6-a29a-db4b9ea1d70c,Market value includes accrued interest,,,,,,INR,,,,,{},2026-08-21 22:28:08.968230+00:00
7bbce031-fb79-4934-82d0-b11ab290232c,5f56202f-1a1b-46ab-9352-32c451eb1f2c,59c1807d-7d75-4fa6-a29a-db4b9ea1d70c,Market value includes accrued interest,,,,,,INR,,,,,{},2026-08-21 22:28:00.333201+00:00
23d0a7a7-7d21-4591-91d1-1dab7fa9bc7c,ac293497-c767-44e8-9fe1-6db65b2d69dd,59c1807d-7d75-4fa6-a29a-db4b9ea1d70c,Market value includes accrued interest,,,,,,INR,,,,,{},2026-08-21 22:28:00.333201+00:00
4e1e9f57-93d1-4e33-8f97-e1a75565869a,2663f05d-b3bd-4f5d-be47-2ab33a519e02,59c1807d-7d75-4fa6-a29a-db4b9ea1d70c,Market value includes accrued interest,,,,,,INR,,,,,{},2026-08-21 22:28:00.333201+00:00
9f433800-fdac-4de2-a7bd-531981da3e19,df12f86f-e985-4385-adc3-77b0d98a2837,59c1807d-7d75-4fa6-a29a-db4b9ea1d70c,Market value includes accrued interest,,,,,,INR,,,,,{},2026-08-21 22:28:00.333201+00:00
40b96209-0979-406a-b129-0ad47a6ea95c,05476498-9a2a-47cb-89a9-1eb58ac325c0,59c1807d-7d75-4fa6-a29a-db4b9ea1d70c,Market value includes accrued interest,,,,,,INR,,,,,{},2026-08-21 22:28:00.333201+00:00
89593f4f-0c78-4cd9-9989-bea1d04eb171,62889a4c-18a0-4360-a661-25a9cd03d7e3,59c1807d-7d75-4fa6-a29a-db4b9ea1d70c,Market value includes accrued interest,,,,,,INR,,,,,{},2026-08-21 22:28:00.333201+00:00
2a8dcd6e-aa8a-4a0c-82eb-0bc4a6e6b68c,348cd817-ed9d-4b14-adb4-bfcf239878c5,59c1807d-7d75-4fa6-a29a-db4b9ea1d70c,Market value includes accrued interest,,,,,,INR,,,,,{},2026-08-21 22:28:00.333201+00:00
c232e51e-f334-49f6-97f9-8288e1b8dae5,2ff0c7b5-ec0f-4371-8afe-61a4b7224117,59c1807d-7d75-4fa6-a29a-db4b9ea1d70c,Market value includes accrued interest,,,,,,INR,,,,,{},2026-08-21 22:27:51.606989+00:00
351de9ab-ea03-4a54-bfb6-1d61aa4ada6d,fea8d894-1250-43ee-bd1e-9258000070e4,59c1807d-7d75-4fa6-a29a-db4b9ea1d70c,Market value includes accrued interest,,,,,,INR,,,,,{},2026-08-21 22:27:43.322310+00:00
6ea40861-a3bf-4ac1-b2e9-444b071e385c,16e863c6-88c5-4567-9b1e-f6f573629c3f,59c1807d-7d75-4fa6-a29a-db4b9ea1d70c,Market value includes accrued interest,,,,,,INR,,,,,{},2026-08-21 22:27:43.322310+00:00
5e36cb5d-67e1-4ca0-9acf-72fcd00c6be8,3e0e4d3d-45ad-4f7c-ba31-4d41dd50ebaa,59c1807d-7d75-4fa6-a29a-db4b9ea1d70c,Market value includes accrued interest,,,,,,INR,,,,,{},2026-08-21 22:27:43.322310+00:00
ac14918c-8bea-4b75-a49f-7a502917100a,f98d00b4-ba8a-4436-a88b-4b3ee8f293e2,59c1807d-7d75-4fa6-a29a-db4b9ea1d70c,Market value includes accrued interest,,,,,,INR,,,,,{},2026-08-21 22:27:43.322310+00:00
a6e08b9c-1efe-43a6-90b6-ad2148b090f5,fdd0027b-0401-4d6d-998f-e43261872872,59c1807d-7d75-4fa6-a29a-db4b9ea1d70c,Market value includes accrued interest,,,,,,INR,,,,,{},2026-08-21 22:28:08.968230+00:00
41c3221e-d42d-4a86-87d7-9de376be8271,9e677dec-6abf-4546-b55a-094e76b9fb18,59c1807d-7d75-4fa6-a29a-db4b9ea1d70c,Market value includes accrued interest,,,,,,INR,,,,,{},2026-08-21 22:28:08.968230+00:00
d7ba42e9-ced6-4546-bd40-fe6994c7fa81,4591cbcb-c2d0-47ff-b9f1-081edb7b0bf4,59c1807d-7d75-4fa6-a29a-db4b9ea1d70c,Market value includes accrued interest,,,,,,INR,,,,,{},2026-08-21 22:28:08.968230+00:00
0e3f953c-3b24-46ca-91bc-a4943d1dfedc,e108a83c-f147-43d1-8812-128be3c4b7b1,59c1807d-7d75-4fa6-a29a-db4b9ea1d70c,Market value includes accrued interest,,,,,,INR,,,,,{},2026-08-21 22:28:00.333201+00:00
4a776e5e-0af4-44ef-9035-09fb239cd4f1,bd316754-25a2-41c4-a71b-7c96c68bc2c4,59c1807d-7d75-4fa6-a29a-db4b9ea1d70c,Market value includes accrued interest,,,,,,INR,,,,,{},2026-08-21 22:28:00.333201+00:00
cf1e4911-08b2-4147-baa1-e7411898ed9f,22f1b15b-1c63-413c-93c9-0f8fe5271517,59c1807d-7d75-4fa6-a29a-db4b9ea1d70c,Market value includes accrued interest,,,,,,INR,,,,,{},2026-08-21 22:28:00.333201+00:00
c318b45d-be16-49af-9bd6-e5576b693836,511ec12d-ac26-4a9e-8dea-2b7aa7bf934a,59c1807d-7d75-4fa6-a29a-db4b9ea1d70c,Market value includes accrued interest,,,,,,INR,,,,,{},2026-08-21 22:27:51.606989+00:00
b0658a42-da40-4a3b-8090-8e02886fd7da,c2b75d61-232f-4aa5-8ab2-107a06685819,59c1807d-7d75-4fa6-a29a-db4b9ea1d70c,Market value includes accrued interest,,,,,,INR,,,,,{},2026-08-21 22:27:43.322310+00:00
a81cfd83-3e04-4b3e-9c99-a7486a5e78b4,28b94171-7504-450a-a21a-c461e2063bb1,59c1807d-7d75-4fa6-a29a-db4b9ea1d70c,Market value includes accrued interest,,,,,,INR,,,,,{},2026-08-21 22:28:08.968230+00:00
37229bf0-af1c-44ab-84d0-6c578529b2cc,72f4660f-ce7d-4015-b9bf-90c9545964d8,59c1807d-7d75-4fa6-a29a-db4b9ea1d70c,Market value includes accrued interest,,,,,,INR,,,,,{},2026-08-21 22:28:08.968230+00:00
14595b1b-07b0-40c0-bfc9-f3d43295e4f9,888e2b8d-b16f-41df-9a54-321b15f7ca68,59c1807d-7d75-4fa6-a29a-db4b9ea1d70c,Market value includes accrued interest,,,,,,INR,,,,,{},2026-08-21 22:28:00.333201+00:00
86e2ace7-6b85-4707-b023-bc1941dcab69,a2565b16-cc39-456f-92b3-f92c0ea1d287,59c1807d-7d75-4fa6-a29a-db4b9ea1d70c,Market value includes accrued interest,,,,,,INR,,,,,{},2026-08-21 22:27:51.606989+00:00
f8e0a257-6bd9-450b-99cc-5010f5ca9fd6,c7b58475-3b99-4fa2-98c3-3d2dda65c37f,59c1807d-7d75-4fa6-a29a-db4b9ea1d70c,Market value includes accrued interest,,,,,,INR,,,,,{},2026-08-21 22:27:51.606989+00:00
c5556176-f5df-460e-b7fc-0ec9ed18fc70,deb98325-1455-4142-bdee-b7897cc7c62d,59c1807d-7d75-4fa6-a29a-db4b9ea1d70c,Market value includes accrued interest,,,,,,INR,,,,,{},2026-08-21 22:27:51.606989+00:00
db56bbea-746b-4be1-bbd9-5ad021105c13,5fa02d63-94cf-49c4-b2f2-5204f3628553,59c1807d-7d75-4fa6-a29a-db4b9ea1d70c,Market value includes accrued interest,,,,,,INR,,,,,{},2026-08-21 22:27:51.606989+00:00
3d71ec56-c811-4980-8f7b-035587c0121b,8f176ebf-b1bd-4696-90e4-be5da4bb63b6,59c1807d-7d75-4fa6-a29a-db4b9ea1d70c,Market value includes accrued interest,,,,,,INR,,,,,{},2026-08-21 22:27:51.606989+00:00
d68954fa-7f8f-4a6b-9592-2bd0431ce3e5,8b56b530-dda6-4d7c-a6eb-67eb77c3f745,59c1807d-7d75-4fa6-a29a-db4b9ea1d70c,Market value includes accrued interest,,,,,,INR,,,,,{},2026-08-21 22:27:51.606989+00:00
100d344d-e6f5-4e87-a565-e92bac870193,3c12aae2-e082-454a-89af-a209fca81a03,59c1807d-7d75-4fa6-a29a-db4b9ea1d70c,Market value includes accrued interest,,,,,,INR,,,,,{},2026-08-21 22:27:43.322310+00:00
723d162c-4fb5-41fd-8cf4-4097f090b267,b366c1a2-eda8-4d10-92d6-667db97e46b2,59c1807d-7d75-4fa6-a29a-db4b9ea1d70c,Market value includes accrued interest,,,,,,INR,,,,,{},2026-08-21 22:27:43.322310+00:00
c8bbdd95-ef39-4aba-9c73-a14868d2e4dc,e65162bc-30e3-4c70-a364-2d29398aeef6,59c1807d-7d75-4fa6-a29a-db4b9ea1d70c,Market value includes accrued interest,,,,,,INR,,,,,{},2026-08-21 22:27:43.322310+00:00
86c3073a-ff21-4835-8726-1d776937abff,c8b2fbcd-6835-4a64-b790-0486910a39dd,59c1807d-7d75-4fa6-a29a-db4b9ea1d70c,Market value includes accrued interest,,,,,,INR,,,,,{},2026-08-21 22:27:43.322310+00:00
7de76032-f80c-4b73-b11e-481cd03e6d9b,08180163-e2b7-47f6-b1ca-a69843c50340,59c1807d-7d75-4fa6-a29a-db4b9ea1d70c,Market value includes accrued interest,,,,,,INR,,,,,{},2026-08-21 22:28:08.968230+00:00
8cdbe50a-34e5-4ef3-94d8-d9285fb36c63,58a2a794-3677-48a2-a932-29a7511b4791,59c1807d-7d75-4fa6-a29a-db4b9ea1d70c,Market value includes accrued interest,,,,,,INR,,,,,{},2026-08-21 22:28:08.968230+00:00
dd15cf6e-aa21-4466-8d50-62a8e24a1a7b,12639e2c-ae37-48bd-b977-7c0e1a8965e1,59c1807d-7d75-4fa6-a29a-db4b9ea1d70c,Market value includes accrued interest,,,,,,INR,,,,,{},2026-08-21 22:28:00.333201+00:00
4033646d-3abc-4c52-9736-8aa5fa96c770,4eb221fa-52ef-4da6-b995-36f34efa70f1,59c1807d-7d75-4fa6-a29a-db4b9ea1d70c,Market value includes accrued interest,,,,,,INR,,,,,{},2026-08-21 22:28:00.333201+00:00
533ea09b-2846-447b-bdc0-535649a5da58,13b8de8d-e3b3-4382-b444-3edfcab4947a,59c1807d-7d75-4fa6-a29a-db4b9ea1d70c,Market value includes accrued interest,,,,,,INR,,,,,{},2026-08-21 22:28:00.333201+00:00
d0b21bd5-112b-4477-aed6-76fa4b966464,e771da65-7c99-4e13-8cdb-d52228fbc2a9,59c1807d-7d75-4fa6-a29a-db4b9ea1d70c,Market value includes accrued interest,,,,,,INR,,,,,{},2026-08-21 22:27:51.606989+00:00
a2bbd9b6-721d-4a71-9863-25cbec62d2e5,a56c15d9-9072-4a7d-b591-f2212bc23d5a,59c1807d-7d75-4fa6-a29a-db4b9ea1d70c,Market value includes accrued interest,,,,,,INR,,,,,{},2026-08-21 22:27:51.606989+00:00
93b5d75d-20e3-4124-a57a-3b87b61b2544,c59f97f8-48fe-49b2-9b93-c9d26f4d00ac,59c1807d-7d75-4fa6-a29a-db4b9ea1d70c,Market value includes accrued interest,,,,,,INR,,,,,{},2026-08-21 22:27:51.606989+00:00
c754586b-08c5-415e-be75-4acb155011a1,24f3a0fc-db4e-4f5d-8ce3-0f1220c49f68,59c1807d-7d75-4fa6-a29a-db4b9ea1d70c,Market value includes accrued interest,,,,,,INR,,,,,{},2026-08-21 22:27:51.606989+00:00
231f8f3b-d200-4f87-acb4-cf546172cea4,1235aa4d-d6be-4e66-a594-97bf0a61627c,59c1807d-7d75-4fa6-a29a-db4b9ea1d70c,Market value includes accrued interest,,,,,,INR,,,,,{},2026-08-21 22:27:43.322310+00:00
596b0818-52ec-44ba-b61a-e617c6c1094c,01b1e166-9a20-43a7-baab-8bb3eaa46562,59c1807d-7d75-4fa6-a29a-db4b9ea1d70c,Market value includes accrued interest,,,,,,INR,,,,,{},2026-08-21 22:27:43.322310+00:00
de639760-b768-41e4-9b45-290ec87e2f66,a2e1afdb-6488-4cd7-b329-3cf037faa25a,59c1807d-7d75-4fa6-a29a-db4b9ea1d70c,Market value includes accrued interest,,,,,,INR,,,,,{},2026-08-21 22:27:43.322310+00:00
6cefd726-186d-42a5-b87f-f88d4ca884d5,d72c5d6c-b05f-4a9a-9884-001911d22bf3,59c1807d-7d75-4fa6-a29a-db4b9ea1d70c,Market value includes accrued interest,,,,,,INR,,,,,{},2026-08-21 22:27:43.322310+00:00
c479708a-d83a-4385-b4c8-f76c0b026e5b,99d7c8e0-e9e2-4665-b808-5d81bdfbd7eb,59c1807d-7d75-4fa6-a29a-db4b9ea1d70c,Market value includes accrued interest,,,,,,INR,,,,,{},2026-08-21 22:28:08.968230+00:00
34b257fa-5ac0-42ed-91e5-ceec65f1cc49,dcf0a87e-d85b-4a7d-908b-f096a8532005,59c1807d-7d75-4fa6-a29a-db4b9ea1d70c,Market value includes accrued interest,,,,,,INR,,,,,{},2026-08-21 22:28:08.968230+00:00
bdf0d5cc-21ab-424e-b793-f400ce14c0fa,ecb4bb92-5882-4d2e-9e2b-ca052ad8c22a,59c1807d-7d75-4fa6-a29a-db4b9ea1d70c,Market value includes accrued interest,,,,,,INR,,,,,{},2026-08-21 22:28:00.333201+00:00
671381e3-eadd-4039-97bd-b067a52bb503,57bf7fdd-93b0-487e-ad92-4a8aa8661288,59c1807d-7d75-4fa6-a29a-db4b9ea1d70c,Market value includes accrued interest,,,,,,INR,,,,,{},2026-08-21 22:27:51.606989+00:00
e58e2d2f-065e-4377-a0af-a740649ed6d9,a86a1ca2-80e9-41a1-a8d8-b1e2afb0159c,59c1807d-7d75-4fa6-a29a-db4b9ea1d70c,Market value includes accrued interest,,,,,,INR,,,,,{},2026-08-21 22:27:51.606989+00:00
3abc05de-9aa5-4e9c-9601-3212e25c8547,31b98558-3446-4859-afd0-60e7b0c9b47d,59c1807d-7d75-4fa6-a29a-db4b9ea1d70c,Market value includes accrued interest,,,,,,INR,,,,,{},2026-08-21 22:27:51.606989+00:00
2a02f3c8-f755-4d31-a7e6-41dac5074511,223147c2-8b24-45da-8811-fc97b939fe42,59c1807d-7d75-4fa6-a29a-db4b9ea1d70c,Market value includes accrued interest,,,,,,INR,,,,,{},2026-08-21 22:27:51.606989+00:00
0ff57690-a89a-43f6-ab8e-c6397fe56850,a14edabe-48d2-4c76-9f14-b97545126ba4,59c1807d-7d75-4fa6-a29a-db4b9ea1d70c,Market value includes accrued interest,,,,,,INR,,,,,{},2026-08-21 22:27:51.606989+00:00
b7e272f4-269a-4f40-812c-83a8c1c58422,d261d9a5-22b9-44ab-98da-1f68d27ac487,59c1807d-7d75-4fa6-a29a-db4b9ea1d70c,Market value includes accrued interest,,,,,,INR,,,,,{},2026-08-21 22:27:51.606989+00:00
7fda1856-b741-4580-8fe0-6c4c56b5d987,f5468236-9267-4325-9790-e8e4d3f786fe,59c1807d-7d75-4fa6-a29a-db4b9ea1d70c,Market value includes accrued interest,,,,,,INR,,,,,{},2026-08-21 22:27:43.322310+00:00
084e444f-d144-4986-94fb-27f474840214,40e45dae-d7b9-4622-bce8-3e342dc9a7bc,59c1807d-7d75-4fa6-a29a-db4b9ea1d70c,Market value includes accrued interest,,,,,,INR,,,,,{},2026-08-21 22:27:43.322310+00:00
f7510458-8448-436c-b86e-3fa63e432030,87c1811a-9b37-4ee1-a921-d6d54cfa31ec,59c1807d-7d75-4fa6-a29a-db4b9ea1d70c,Market value includes accrued interest,,,,,,INR,,,,,{},2026-08-21 22:27:43.322310+00:00
ed2c04ed-2c52-449e-9b87-3e26443d27e8,fe1f8698-0748-4cdb-912f-70d58c45bb14,59c1807d-7d75-4fa6-a29a-db4b9ea1d70c,Market value includes accrued interest,,,,,,INR,,,,,{},2026-08-21 22:27:43.322310+00:00
6babf57b-451a-4bff-997a-1a0e9b7ae94d,dead7470-4f29-4afc-8b73-40d16e6240a4,59c1807d-7d75-4fa6-a29a-db4b9ea1d70c,Market value includes accrued interest,,,,,,INR,,,,,{},2026-08-21 22:28:08.968230+00:00
bea555c1-0ce7-4590-8e0d-b585b2a85cb1,f8afd568-b109-44ac-ba3e-5225892fef9f,59c1807d-7d75-4fa6-a29a-db4b9ea1d70c,Market value includes accrued interest,,,,,,INR,,,,,{},2026-08-21 22:28:08.968230+00:00
d8795e62-dc74-4308-9ce8-00178eddf16c,551a5203-3c95-4b5a-9daf-cf2a35524a63,59c1807d-7d75-4fa6-a29a-db4b9ea1d70c,Market value includes accrued interest,,,,,,INR,,,,,{},2026-08-21 22:28:08.968230+00:00
4498d2ae-47a6-4d93-b0d7-47582ef99ccb,576d2fff-17f2-47c3-99b9-f157e45032ea,59c1807d-7d75-4fa6-a29a-db4b9ea1d70c,Market value includes accrued interest,,,,,,INR,,,,,{},2026-08-21 22:28:08.968230+00:00
2583cebd-d98c-43b7-b89a-e3294c6e8b9f,39d85bfb-703d-4abd-9904-af0019204b9d,59c1807d-7d75-4fa6-a29a-db4b9ea1d70c,Market value includes accrued interest,,,,,,INR,,,,,{},2026-08-21 22:28:00.333201+00:00
c30b71a7-079f-4e87-8ad7-79c1383ebc31,16a96514-a294-46ce-901c-b833cad422c8,59c1807d-7d75-4fa6-a29a-db4b9ea1d70c,Market value includes accrued interest,,,,,,INR,,,,,{},2026-08-21 22:28:00.333201+00:00
a7b74ead-7126-4179-ae87-b95b800cebd9,b1052d40-184f-42f5-bbef-a63f027d6945,59c1807d-7d75-4fa6-a29a-db4b9ea1d70c,Market value includes accrued interest,,,,,,INR,,,,,{},2026-08-21 22:28:00.333201+00:00
78e5c6e5-feda-4240-bc37-ff6c2f346d46,34f1a4b0-feee-42e3-87d7-68cb34f29360,59c1807d-7d75-4fa6-a29a-db4b9ea1d70c,Market value includes accrued interest,,,,,,INR,,,,,{},2026-08-21 22:27:51.606989+00:00
47ea75a2-0d0d-44b8-9066-9a69bccbb2e6,2fae2a62-d20d-47ce-afa9-2db98b06ad1a,59c1807d-7d75-4fa6-a29a-db4b9ea1d70c,Market value includes accrued interest,,,,,,INR,,,,,{},2026-08-21 22:27:51.606989+00:00
b7036389-c122-4dc3-9584-77e31ae5541e,683857a7-d74e-4bd0-a718-e5a298157857,59c1807d-7d75-4fa6-a29a-db4b9ea1d70c,Market value includes accrued interest,,,,,,INR,,,,,{},2026-08-21 22:27:51.606989+00:00
d627ed11-aa78-47a5-b96e-ed47cfa4449c,95f3f344-e673-408d-980a-027c67f8eaa3,59c1807d-7d75-4fa6-a29a-db4b9ea1d70c,Market value includes accrued interest,,,,,,INR,,,,,{},2026-08-21 22:27:43.322310+00:00
babf0854-75a1-4374-b683-cdadb20d2be1,c013c858-d7e4-48e4-8885-935399840dd1,59c1807d-7d75-4fa6-a29a-db4b9ea1d70c,Market value includes accrued interest,,,,,,INR,,,,,{},2026-08-21 22:27:43.322310+00:00
0b867783-d204-4e29-90ff-1da41482743a,c20da3cb-ea77-41a7-ba29-b756d147545a,59c1807d-7d75-4fa6-a29a-db4b9ea1d70c,Market value includes accrued interest,,,,,,INR,,,,,{},2026-08-21 22:27:43.322310+00:00
8c6f3723-91f4-416e-910c-06ff160eec12,cb02bc10-915c-49d2-a2e1-194c15e16032,59c1807d-7d75-4fa6-a29a-db4b9ea1d70c,Market value includes accrued interest,,,,,,INR,,,,,{},2026-08-21 22:27:43.322310+00:00
f4d7fb5e-56aa-4099-be78-c1ef1930b62d,8dcc94b2-7f90-4baf-88f5-814ee13f6cc5,59c1807d-7d75-4fa6-a29a-db4b9ea1d70c,Market value includes accrued interest,,,,,,INR,,,,,{},2026-08-21 22:27:43.322310+00:00
e43145e3-0706-4ebe-b53a-5a624aa3dffc,dd454cb2-6c59-4c6c-b8ae-adb8afb44272,59c1807d-7d75-4fa6-a29a-db4b9ea1d70c,Market value includes accrued interest,,,,,,INR,,,,,{},2026-08-21 22:28:08.968230+00:00
4150af11-0589-46f5-a5cb-35a5ab863138,238fc44a-9b8a-44b9-be62-eab288fa9118,59c1807d-7d75-4fa6-a29a-db4b9ea1d70c,Market value includes accrued interest,,,,,,INR,,,,,{},2026-08-21 22:28:08.968230+00:00
9965e7cb-8e98-47a0-9570-35bb5b8247b9,b04e2240-e78a-4780-ae55-0f23beee477d,59c1807d-7d75-4fa6-a29a-db4b9ea1d70c,Market value includes accrued interest,,,,,,INR,,,,,{},2026-08-21 22:28:08.968230+00:00
4b20abfa-4497-4a19-9429-561c549b54ac,6d337ab4-dfda-4814-8448-4293ef1bd14a,372b6a96-0ec9-4f5e-8b6a-0e7297486587,** Non Traded in accordance with SEBI Regulations.,,,,,,INR,,,,,{},2026-08-21 22:28:00.333201+00:00
f8ca500e-a472-4a10-ac9b-ee86e2f171fa,22f1b15b-1c63-413c-93c9-0f8fe5271517,372b6a96-0ec9-4f5e-8b6a-0e7297486587,** Non Traded in accordance with SEBI Regulations.,,,,,,INR,,,,,{},2026-08-21 22:28:00.333201+00:00
53cddb01-5ba4-4bca-871d-76bcf9208537,363fcd54-58de-409c-83a1-9307268d95ae,372b6a96-0ec9-4f5e-8b6a-0e7297486587,** Non Traded in accordance with SEBI Regulations.,,,,,,INR,,,,,{},2026-08-21 22:28:00.333201+00:00
a4525976-95f2-441d-aedb-b11e23faf8e2,b1052d40-184f-42f5-bbef-a63f027d6945,372b6a96-0ec9-4f5e-8b6a-0e7297486587,** Non Traded in accordance with SEBI Regulations.,,,,,,INR,,,,,{},2026-08-21 22:28:00.333201+00:00
4774195c-1236-422f-a031-ee63bf9d9de8,a86a1ca2-80e9-41a1-a8d8-b1e2afb0159c,372b6a96-0ec9-4f5e-8b6a-0e7297486587,** Non Traded in accordance with SEBI Regulations.,,,,,,INR,,,,,{},2026-08-21 22:27:51.606989+00:00
2b559190-5e25-44fb-a779-40f5c9579dd3,a2e1afdb-6488-4cd7-b329-3cf037faa25a,372b6a96-0ec9-4f5e-8b6a-0e7297486587,** Non Traded in accordance with SEBI Regulations.,,,,,,INR,,,,,{},2026-08-21 22:27:43.322310+00:00
5726a1c8-a744-4651-a14b-71ef914bfc22,8dcc94b2-7f90-4baf-88f5-814ee13f6cc5,372b6a96-0ec9-4f5e-8b6a-0e7297486587,** Non Traded in accordance with SEBI Regulations.,,,,,,INR,,,,,{},2026-08-21 22:27:43.322310+00:00
86796e9b-e9e0-4d2d-862b-4c79bb85d3a0,b04e2240-e78a-4780-ae55-0f23beee477d,372b6a96-0ec9-4f5e-8b6a-0e7297486587,** Non Traded in accordance with SEBI Regulations.,,,,,,INR,,,,,{},2026-08-21 22:28:08.968230+00:00
49d9b5b7-cb92-47a2-a85f-41fcf7940684,551a5203-3c95-4b5a-9daf-cf2a35524a63,372b6a96-0ec9-4f5e-8b6a-0e7297486587,** Non Traded in accordance with SEBI Regulations.,,,,,,INR,,,,,{},2026-08-21 22:28:08.968230+00:00
717f5f5c-46cb-43fa-87c2-8f452fa87a8f,6b5d2872-40b1-4bb7-a0c1-e5368cadff36,372b6a96-0ec9-4f5e-8b6a-0e7297486587,** Non Traded in accordance with SEBI Regulations.,,,,,,INR,,,,,{},2026-08-21 22:28:00.333201+00:00
841330e5-70f0-4276-896c-b0041147a6db,a14edabe-48d2-4c76-9f14-b97545126ba4,372b6a96-0ec9-4f5e-8b6a-0e7297486587,** Non Traded in accordance with SEBI Regulations.,,,,,,INR,,,,,{},2026-08-21 22:27:51.606989+00:00
dc435542-2d3d-4c94-a9eb-05d8dba833a0,2fae2a62-d20d-47ce-afa9-2db98b06ad1a,372b6a96-0ec9-4f5e-8b6a-0e7297486587,** Non Traded in accordance with SEBI Regulations.,,,,,,INR,,,,,{},2026-08-21 22:27:51.606989+00:00
dba2ada4-3d24-4038-b2f4-47b57199afa7,c59f97f8-48fe-49b2-9b93-c9d26f4d00ac,372b6a96-0ec9-4f5e-8b6a-0e7297486587,** Non Traded in accordance with SEBI Regulations.,,,,,,INR,,,,,{},2026-08-21 22:27:51.606989+00:00
d2620993-28b4-4973-840d-7eadbfd62207,683857a7-d74e-4bd0-a718-e5a298157857,372b6a96-0ec9-4f5e-8b6a-0e7297486587,** Non Traded in accordance with SEBI Regulations.,,,,,,INR,,,,,{},2026-08-21 22:27:51.606989+00:00
eb247596-b7e0-4a9e-a8e3-74f199d5daf1,8b56b530-dda6-4d7c-a6eb-67eb77c3f745,372b6a96-0ec9-4f5e-8b6a-0e7297486587,** Non Traded in accordance with SEBI Regulations.,,,,,,INR,,,,,{},2026-08-21 22:27:51.606989+00:00
98b13f2a-29e5-4a76-a255-0996047d7aa3,72f4660f-ce7d-4015-b9bf-90c9545964d8,372b6a96-0ec9-4f5e-8b6a-0e7297486587,** Non Traded in accordance with SEBI Regulations.,,,,,,INR,,,,,{},2026-08-21 22:28:08.968230+00:00
c0f1a8e0-0b97-4f15-b1bc-c920815c2985,c20da3cb-ea77-41a7-ba29-b756d147545a,372b6a96-0ec9-4f5e-8b6a-0e7297486587,** Non Traded in accordance with SEBI Regulations.,,,,,,INR,,,,,{},2026-08-21 22:27:43.322310+00:00
eb19d407-790a-4374-9eb5-1245e309f3ca,fe1f8698-0748-4cdb-912f-70d58c45bb14,372b6a96-0ec9-4f5e-8b6a-0e7297486587,** Non Traded in accordance with SEBI Regulations.,,,,,,INR,,,,,{},2026-08-21 22:27:43.322310+00:00
9bcbd5f6-018f-4a93-9cbe-70f4d2dcc368,f98d00b4-ba8a-4436-a88b-4b3ee8f293e2,372b6a96-0ec9-4f5e-8b6a-0e7297486587,** Non Traded in accordance with SEBI Regulations.,,,,,,INR,,,,,{},2026-08-21 22:27:43.322310+00:00
59895ec4-062f-4c0f-b5d2-f39a1266dce3,10ad78f2-1f9e-475e-b925-9a73a663204d,372b6a96-0ec9-4f5e-8b6a-0e7297486587,** Non Traded in accordance with SEBI Regulations.,,,,,,INR,,,,,{},2026-08-21 22:28:00.333201+00:00
5f55cfba-bef6-4012-ad08-f67decd9ea8f,13b8de8d-e3b3-4382-b444-3edfcab4947a,372b6a96-0ec9-4f5e-8b6a-0e7297486587,** Non Traded in accordance with SEBI Regulations.,,,,,,INR,,,,,{},2026-08-21 22:28:00.333201+00:00
9a53739c-50f9-41d8-aba0-5e0a3b684c7b,e687fca2-57d4-4be7-bd32-c155ca522388,372b6a96-0ec9-4f5e-8b6a-0e7297486587,** Non Traded in accordance with SEBI Regulations.,,,,,,INR,,,,,{},2026-08-21 22:28:00.333201+00:00
b23ccf08-199f-4e5f-920e-7a56f1c493ad,c8b2fbcd-6835-4a64-b790-0486910a39dd,372b6a96-0ec9-4f5e-8b6a-0e7297486587,** Non Traded in accordance with SEBI Regulations.,,,,,,INR,,,,,{},2026-08-21 22:27:43.322310+00:00
4fce7c1c-e193-47d8-9af2-81080fe7d014,576d2fff-17f2-47c3-99b9-f157e45032ea,372b6a96-0ec9-4f5e-8b6a-0e7297486587,** Non Traded in accordance with SEBI Regulations.,,,,,,INR,,,,,{},2026-08-21 22:28:08.968230+00:00
9c145f82-5b74-4d37-aa43-c45385ba1473,ecb4bb92-5882-4d2e-9e2b-ca052ad8c22a,372b6a96-0ec9-4f5e-8b6a-0e7297486587,** Non Traded in accordance with SEBI Regulations.,,,,,,INR,,,,,{},2026-08-21 22:28:00.333201+00:00
409a4645-1835-484f-8be4-d8ff222c9976,223147c2-8b24-45da-8811-fc97b939fe42,372b6a96-0ec9-4f5e-8b6a-0e7297486587,** Non Traded in accordance with SEBI Regulations.,,,,,,INR,,,,,{},2026-08-21 22:27:51.606989+00:00
9ac151b5-0927-48d7-ab3d-faca677694c2,24f3a0fc-db4e-4f5d-8ce3-0f1220c49f68,372b6a96-0ec9-4f5e-8b6a-0e7297486587,** Non Traded in accordance with SEBI Regulations.,,,,,,INR,,,,,{},2026-08-21 22:27:51.606989+00:00
4be95619-a5ff-44b7-b17f-7d4fd908849e,e65162bc-30e3-4c70-a364-2d29398aeef6,372b6a96-0ec9-4f5e-8b6a-0e7297486587,** Non Traded in accordance with SEBI Regulations.,,,,,,INR,,,,,{},2026-08-21 22:27:43.322310+00:00
308b7134-7d59-4888-825a-8f3efcdd1d11,cb02bc10-915c-49d2-a2e1-194c15e16032,372b6a96-0ec9-4f5e-8b6a-0e7297486587,** Non Traded in accordance with SEBI Regulations.,,,,,,INR,,,,,{},2026-08-21 22:27:43.322310+00:00
4316f4e4-8d68-4046-bb22-148b098a5115,337c19b1-bcb1-4dbd-9336-ea5d9b511272,372b6a96-0ec9-4f5e-8b6a-0e7297486587,** Non Traded in accordance with SEBI Regulations.,,,,,,INR,,,,,{},2026-08-21 22:27:43.322310+00:00
5e4be707-4831-407c-8b2c-8872dff4ccb3,9e677dec-6abf-4546-b55a-094e76b9fb18,372b6a96-0ec9-4f5e-8b6a-0e7297486587,** Non Traded in accordance with SEBI Regulations.,,,,,,INR,,,,,{},2026-08-21 22:28:08.968230+00:00
921d9b46-950b-4328-aa39-22f7b6ac1e92,4c73d3e6-349d-4083-a72d-178e108b4002,372b6a96-0ec9-4f5e-8b6a-0e7297486587,** Non Traded in accordance with SEBI Regulations.,,,,,,INR,,,,,{},2026-08-21 22:28:08.968230+00:00
c59f20c7-6ef9-47aa-b95c-5382d1a6de59,4591cbcb-c2d0-47ff-b9f1-081edb7b0bf4,372b6a96-0ec9-4f5e-8b6a-0e7297486587,** Non Traded in accordance with SEBI Regulations.,,,,,,INR,,,,,{},2026-08-21 22:28:08.968230+00:00
8a4432b0-0b2c-446e-bc78-d44c9cf2913c,62889a4c-18a0-4360-a661-25a9cd03d7e3,372b6a96-0ec9-4f5e-8b6a-0e7297486587,** Non Traded in accordance with SEBI Regulations.,,,,,,INR,,,,,{},2026-08-21 22:28:00.333201+00:00
2eb70c4f-bc2c-497b-b4d5-25767181feb8,8f176ebf-b1bd-4696-90e4-be5da4bb63b6,372b6a96-0ec9-4f5e-8b6a-0e7297486587,** Non Traded in accordance with SEBI Regulations.,,,,,,INR,,,,,{},2026-08-21 22:27:51.606989+00:00
c227f0a4-eb52-4ec1-98c5-3b3fc70d137b,3f0dc69d-77d4-4cd8-952c-3813c4871125,372b6a96-0ec9-4f5e-8b6a-0e7297486587,** Non Traded in accordance with SEBI Regulations.,,,,,,INR,,,,,{},2026-08-21 22:27:51.606989+00:00
f37cb7be-f8eb-4f9f-8d30-e73a040dd8f3,ef504ea4-3d11-4782-9388-c4491f323f29,372b6a96-0ec9-4f5e-8b6a-0e7297486587,** Non Traded in accordance with SEBI Regulations.,,,,,,INR,,,,,{},2026-08-21 22:28:08.968230+00:00
cab56ee9-8749-4f17-a7bb-0a5a07e695ec,c5003a7c-0c45-4124-b5df-d5bd44e717c2,372b6a96-0ec9-4f5e-8b6a-0e7297486587,** Non Traded in accordance with SEBI Regulations.,,,,,,INR,,,,,{},2026-08-21 22:28:08.968230+00:00
0832da5c-79db-4c99-af05-5dda3c9210f9,df12f86f-e985-4385-adc3-77b0d98a2837,372b6a96-0ec9-4f5e-8b6a-0e7297486587,** Non Traded in accordance with SEBI Regulations.,,,,,,INR,,,,,{},2026-08-21 22:28:00.333201+00:00
b75c0315-34dd-4a2a-b43d-eca376ddf366,348cd817-ed9d-4b14-adb4-bfcf239878c5,372b6a96-0ec9-4f5e-8b6a-0e7297486587,** Non Traded in accordance with SEBI Regulations.,,,,,,INR,,,,,{},2026-08-21 22:28:00.333201+00:00
fff6fc07-5855-4434-bb29-59a57ce048f0,d261d9a5-22b9-44ab-98da-1f68d27ac487,372b6a96-0ec9-4f5e-8b6a-0e7297486587,** Non Traded in accordance with SEBI Regulations.,,,,,,INR,,,,,{},2026-08-21 22:27:51.606989+00:00
ad7515e3-f6c3-43d6-be66-1e9fb79b8ba8,2ff0c7b5-ec0f-4371-8afe-61a4b7224117,372b6a96-0ec9-4f5e-8b6a-0e7297486587,** Non Traded in accordance with SEBI Regulations.,,,,,,INR,,,,,{},2026-08-21 22:27:51.606989+00:00
74f67aa7-f08b-4e66-aa7f-7cf99cd23ffa,b366c1a2-eda8-4d10-92d6-667db97e46b2,372b6a96-0ec9-4f5e-8b6a-0e7297486587,** Non Traded in accordance with SEBI Regulations.,,,,,,INR,,,,,{},2026-08-21 22:27:43.322310+00:00
2ced70be-9c97-426d-93e3-a246412eb695,3e0e4d3d-45ad-4f7c-ba31-4d41dd50ebaa,372b6a96-0ec9-4f5e-8b6a-0e7297486587,** Non Traded in accordance with SEBI Regulations.,,,,,,INR,,,,,{},2026-08-21 22:27:43.322310+00:00
1ce2acc2-fe0b-4384-97a7-da3bc6b7f927,d72c5d6c-b05f-4a9a-9884-001911d22bf3,372b6a96-0ec9-4f5e-8b6a-0e7297486587,** Non Traded in accordance with SEBI Regulations.,,,,,,INR,,,,,{},2026-08-21 22:27:43.322310+00:00
07db5e8a-a007-45e3-967e-a07b8324a65c,f8afd568-b109-44ac-ba3e-5225892fef9f,372b6a96-0ec9-4f5e-8b6a-0e7297486587,** Non Traded in accordance with SEBI Regulations.,,,,,,INR,,,,,{},2026-08-21 22:28:08.968230+00:00
ad3bfcdd-df72-4436-9252-41543ca7640e,28b94171-7504-450a-a21a-c461e2063bb1,372b6a96-0ec9-4f5e-8b6a-0e7297486587,** Non Traded in accordance with SEBI Regulations.,,,,,,INR,,,,,{},2026-08-21 22:28:08.968230+00:00
6e4a8a2a-bb3e-4436-9fc0-9a0c53d83825,dcf0a87e-d85b-4a7d-908b-f096a8532005,372b6a96-0ec9-4f5e-8b6a-0e7297486587,** Non Traded in accordance with SEBI Regulations.,,,,,,INR,,,,,{},2026-08-21 22:28:08.968230+00:00
22df4ce2-0a17-44c9-8a5f-bb1e282d3b55,daf9b179-a582-4650-955e-06a7309846c9,1c444886-73ab-4eb6-be15-8ec2d38a222e,**  Non Traded Security,,,,,,INR,,,,,{},2026-08-21 22:33:38.313576+00:00
805b96a5-aaf6-4571-b61b-4374d1639bec,84c7c2c8-d8ad-4f39-a02f-68261ba1bf8a,1c444886-73ab-4eb6-be15-8ec2d38a222e,**  Non Traded Security,,,,,,INR,,,,,{},2026-08-21 22:33:37.901944+00:00
3676e953-b1dc-436d-8447-cc3e57129c53,d3c386fc-ea8f-40f2-9b38-8af9e4092072,090d5314-71e0-41b4-922f-e0081f9c5945,Notes:,,,,,,INR,,,,,{},2026-08-21 22:27:39.758130+00:00
807ac459-5e76-4931-881e-092cf8e71286,5a584e4a-c747-4c52-8e2b-8e31dab7052b,090d5314-71e0-41b4-922f-e0081f9c5945,Notes:,,,,,,INR,,,,,{},2026-08-21 22:27:33.755328+00:00
87a31d95-4a56-47f7-b7d2-9a188edff6a4,8df80959-b26e-4ba7-86c7-1b6adb3b76b6,090d5314-71e0-41b4-922f-e0081f9c5945,Notes :,,,,,,INR,,,,,{},2026-08-21 22:28:53.715151+00:00
dcb6526a-2959-4c02-9518-b3e917b83be7,8eb6cd37-468a-4301-bc72-cdaf3f048f07,090d5314-71e0-41b4-922f-e0081f9c5945,Notes:,,,,,,INR,,,,,{},2026-08-21 22:27:33.755328+00:00
bdb8f84d-7f96-4ef9-9622-9dc3e035dcc1,3b43abb7-85fd-4a7c-ad0d-673bbd6c9d08,090d5314-71e0-41b4-922f-e0081f9c5945,Notes :,,,,,,INR,,,,,{},2026-08-21 22:28:53.041732+00:00
2dec19c4-b8ad-4558-9fcc-4c4bcdde4188,1eebaf52-350c-4f21-9951-54370eb68dad,3850ddb7-eda7-45c8-a08c-a224ca91a648,Notes & Symbols :-,,,,,,INR,,,,,{},2026-08-21 22:28:47.258802+00:00
6d261be2-fe5f-4fc9-bb59-52b8b196acd5,a27952a9-a93c-4a45-a163-9c6ecf55dfda,3850ddb7-eda7-45c8-a08c-a224ca91a648,Notes & Symbols :-,,,,,,INR,,,,,{},2026-08-21 22:28:35.365581+00:00
008a0471-bccf-4f10-909e-a133fe1abe6f,d9429dab-a237-43e3-a000-b146827512ff,3850ddb7-eda7-45c8-a08c-a224ca91a648,Notes & Symbols :-,,,,,,INR,,,,,{},2026-08-21 22:28:31.892264+00:00
c2234e21-002a-4ab1-a910-b902ee9430fc,f855102e-8f88-4045-a52a-5715438a96de,3850ddb7-eda7-45c8-a08c-a224ca91a648,Notes & Symbols :-,,,,,,INR,,,,,{},2026-08-21 22:28:34.297141+00:00
ae0ef470-bf94-4b05-960c-ee9b50bd0cb2,a96ee8c2-5907-4ad0-b428-c6af28438ca7,3850ddb7-eda7-45c8-a08c-a224ca91a648,Notes & Symbols :-,,,,,,INR,,,,,{},2026-08-21 22:28:47.981522+00:00
513e51b0-9c1d-4192-a802-bbc99b886c12,c8e858cc-96aa-460f-a450-90c5624ad51c,3850ddb7-eda7-45c8-a08c-a224ca91a648,Notes & Symbols :-,,,,,,INR,,,,,{},2026-08-21 22:28:35.849599+00:00
5a2bbdb6-6149-4abc-a01b-d55befc61f61,4385658a-d467-49a6-9309-08aa51c8528d,3850ddb7-eda7-45c8-a08c-a224ca91a648,Notes & Symbols :-,,,,,,INR,,,,,{},2026-08-21 22:28:36.442168+00:00
de96998e-61df-4db5-9163-f3df502c261a,0d00ad8a-dea6-4259-a506-ba3b7865a52b,3850ddb7-eda7-45c8-a08c-a224ca91a648,Notes & Symbols :-,,,,,,INR,,,,,{},2026-08-21 22:28:33.341738+00:00
e664a658-e29f-4a64-929c-59cdedf69b2f,7288268d-4866-444f-83f1-848813aa4de8,3850ddb7-eda7-45c8-a08c-a224ca91a648,Notes & Symbols :-,,,,,,INR,,,,,{},2026-08-21 22:28:32.298587+00:00
c906df94-3f96-42fb-a0eb-4a740a803225,efdcd646-83a4-402c-9591-178f922be735,3850ddb7-eda7-45c8-a08c-a224ca91a648,Notes & Symbols :-,,,,,,INR,,,,,{},2026-08-21 22:28:34.843915+00:00
38efc0b9-4146-4f19-bc6c-9f2c59e0eedc,8eb6cd37-468a-4301-bc72-cdaf3f048f07,5ff769fc-c0c4-434d-86c5-671e0a98d871,"^ Pursuant to AMFI circular no. 135/BP/91/2020-21, Yield to Call (YTC) for AT-1 bonds and Tier-2 bonds as on October 31, 2024.",,,,,,INR,,,,,{},2026-08-21 22:27:33.755328+00:00
5dcf1c2e-1962-4260-8302-df6c6db8e89f,ee7f77d7-6936-4d83-ba59-9e88403bb081,7ae06518-dc50-41b2-967e-124cd6dea9ce,Scheme Riskometer,,,,,,INR,,,,,{},2026-08-21 22:28:08.968230+00:00
4b20563c-b4ef-43e3-a166-131b81fc35cd,888e2b8d-b16f-41df-9a54-321b15f7ca68,7ae06518-dc50-41b2-967e-124cd6dea9ce,Scheme Riskometer,,,,,,INR,,,,,{},2026-08-21 22:28:00.333201+00:00
3f5d6ce8-c49b-4841-b349-d08664830dc4,e1bc241b-d20f-4365-8f21-1dc8bae4ddc8,7ae06518-dc50-41b2-967e-124cd6dea9ce,Scheme Riskometer,,,,,,INR,,,,,{},2026-08-21 22:28:00.333201+00:00
22005397-4cb7-448d-b0b2-21cc7d759f20,62889a4c-18a0-4360-a661-25a9cd03d7e3,7ae06518-dc50-41b2-967e-124cd6dea9ce,Scheme Riskometer,,,,,,INR,,,,,{},2026-08-21 22:28:00.333201+00:00
d612af7b-1481-46f1-be9c-b6866d1d6cb6,57bf7fdd-93b0-487e-ad92-4a8aa8661288,7ae06518-dc50-41b2-967e-124cd6dea9ce,Scheme Riskometer,,,,,,INR,,,,,{},2026-08-21 22:27:51.606989+00:00
25bfaa4f-c2ef-46e1-9d19-46669a0767e3,34f1a4b0-feee-42e3-87d7-68cb34f29360,7ae06518-dc50-41b2-967e-124cd6dea9ce,Scheme Riskometer,,,,,,INR,,,,,{},2026-08-21 22:27:51.606989+00:00
731b59f5-449c-4b5f-a69e-46c3fb1a5a36,3c847dd7-b25d-4346-a5f9-c1381111d28c,7ae06518-dc50-41b2-967e-124cd6dea9ce,Scheme Riskometer,,,,,,INR,,,,,{},2026-08-21 22:27:43.322310+00:00
bac05a81-9141-4601-8ce5-e448aa4a9e8a,08180163-e2b7-47f6-b1ca-a69843c50340,7ae06518-dc50-41b2-967e-124cd6dea9ce,Scheme Riskometer,,,,,,INR,,,,,{},2026-08-21 22:28:08.968230+00:00
8bba2d6c-ce4b-49de-8bc5-59d2485a1367,9e677dec-6abf-4546-b55a-094e76b9fb18,7ae06518-dc50-41b2-967e-124cd6dea9ce,Scheme Riskometer,,,,,,INR,,,,,{},2026-08-21 22:28:08.968230+00:00
44f56a68-d3db-4865-a834-1c54e59f711a,066246e5-9f5f-4ddd-8f0a-5a6cb36e2c5d,7ae06518-dc50-41b2-967e-124cd6dea9ce,Scheme Riskometer,,,,,,INR,,,,,{},2026-08-21 22:28:00.333201+00:00
edec9a15-d7dc-4579-8165-07b1720f74a3,e108a83c-f147-43d1-8812-128be3c4b7b1,7ae06518-dc50-41b2-967e-124cd6dea9ce,Scheme Riskometer,,,,,,INR,,,,,{},2026-08-21 22:28:00.333201+00:00
ee7dc460-235f-499b-91cb-c4e6742d4478,ac293497-c767-44e8-9fe1-6db65b2d69dd,7ae06518-dc50-41b2-967e-124cd6dea9ce,Scheme Riskometer,,,,,,INR,,,,,{},2026-08-21 22:28:00.333201+00:00
843f6e05-ea94-48f5-870d-2982c834db2d,bd316754-25a2-41c4-a71b-7c96c68bc2c4,7ae06518-dc50-41b2-967e-124cd6dea9ce,Scheme Riskometer,,,,,,INR,,,,,{},2026-08-21 22:28:00.333201+00:00
86dbdf14-9515-44b6-8a08-944eaac48fa4,e771da65-7c99-4e13-8cdb-d52228fbc2a9,7ae06518-dc50-41b2-967e-124cd6dea9ce,Scheme Riskometer,,,,,,INR,,,,,{},2026-08-21 22:27:51.606989+00:00
c389d27a-e86d-4118-a280-6b8f3f947511,a56c15d9-9072-4a7d-b591-f2212bc23d5a,7ae06518-dc50-41b2-967e-124cd6dea9ce,Scheme Riskometer,,,,,,INR,,,,,{},2026-08-21 22:27:51.606989+00:00
71b233c6-eba9-4609-a75b-7ff89360de43,b621384d-63bb-4bc1-abfe-83c12ee24091,7ae06518-dc50-41b2-967e-124cd6dea9ce,Scheme Riskometer,,,,,,INR,,,,,{},2026-08-21 22:27:51.606989+00:00
4fc1238f-8989-4250-8574-972e6f3016fa,deb98325-1455-4142-bdee-b7897cc7c62d,7ae06518-dc50-41b2-967e-124cd6dea9ce,Scheme Riskometer,,,,,,INR,,,,,{},2026-08-21 22:27:51.606989+00:00
f8fead1d-ce5a-4352-b899-0af8a57e2fc4,40e45dae-d7b9-4622-bce8-3e342dc9a7bc,7ae06518-dc50-41b2-967e-124cd6dea9ce,Scheme Riskometer,,,,,,INR,,,,,{},2026-08-21 22:27:43.322310+00:00
fecaf20e-c10a-4637-9020-6128a3bab5f0,cb02bc10-915c-49d2-a2e1-194c15e16032,7ae06518-dc50-41b2-967e-124cd6dea9ce,Scheme Riskometer,,,,,,INR,,,,,{},2026-08-21 22:27:43.322310+00:00
8a85c142-b868-46f8-ae1f-4595f0060f8a,f98d00b4-ba8a-4436-a88b-4b3ee8f293e2,7ae06518-dc50-41b2-967e-124cd6dea9ce,Scheme Riskometer,,,,,,INR,,,,,{},2026-08-21 22:27:43.322310+00:00
d172ec05-0166-4af9-a2a2-b77d2e4db458,8dcc94b2-7f90-4baf-88f5-814ee13f6cc5,7ae06518-dc50-41b2-967e-124cd6dea9ce,Scheme Riskometer,,,,,,INR,,,,,{},2026-08-21 22:27:43.322310+00:00
d1f12bc1-8cec-4510-b0c4-df02c4c0a03a,72f4660f-ce7d-4015-b9bf-90c9545964d8,7ae06518-dc50-41b2-967e-124cd6dea9ce,Scheme Riskometer,,,,,,INR,,,,,{},2026-08-21 22:28:08.968230+00:00
8ab02b68-c399-4551-8c9d-fdabd589dcb3,4591cbcb-c2d0-47ff-b9f1-081edb7b0bf4,7ae06518-dc50-41b2-967e-124cd6dea9ce,Scheme Riskometer,,,,,,INR,,,,,{},2026-08-21 22:28:08.968230+00:00
e3c9a931-c2a4-4467-ba43-8ae0c7eb103f,5f56202f-1a1b-46ab-9352-32c451eb1f2c,7ae06518-dc50-41b2-967e-124cd6dea9ce,Scheme Riskometer,,,,,,INR,,,,,{},2026-08-21 22:28:00.333201+00:00
0c3332e8-b2ca-4e56-b542-40d11dc3d0a4,16a96514-a294-46ce-901c-b833cad422c8,7ae06518-dc50-41b2-967e-124cd6dea9ce,Scheme Riskometer,,,,,,INR,,,,,{},2026-08-21 22:28:00.333201+00:00
877c8204-b054-4377-a4a1-32c7882726db,ea59472f-5dda-4f56-b0dd-cba0dba8ea44,7ae06518-dc50-41b2-967e-124cd6dea9ce,Scheme Riskometer,,,,,,INR,,,,,{},2026-08-21 22:28:00.333201+00:00
ddc43cc1-cf3d-47b3-b74e-a890ac105bcd,10ad78f2-1f9e-475e-b925-9a73a663204d,7ae06518-dc50-41b2-967e-124cd6dea9ce,Scheme Riskometer,,,,,,INR,,,,,{},2026-08-21 22:28:00.333201+00:00
3da18e95-39e5-4d0b-9dc6-660201544a72,df12f86f-e985-4385-adc3-77b0d98a2837,7ae06518-dc50-41b2-967e-124cd6dea9ce,Scheme Riskometer,,,,,,INR,,,,,{},2026-08-21 22:28:00.333201+00:00
ef9a275e-8c14-475e-9e0e-ff7da9bbbdf4,31b98558-3446-4859-afd0-60e7b0c9b47d,7ae06518-dc50-41b2-967e-124cd6dea9ce,Scheme Riskometer,,,,,,INR,,,,,{},2026-08-21 22:27:51.606989+00:00
d92e3a74-bb6e-45f0-852e-faf44c71ccda,223147c2-8b24-45da-8811-fc97b939fe42,7ae06518-dc50-41b2-967e-124cd6dea9ce,Scheme Riskometer,,,,,,INR,,,,,{},2026-08-21 22:27:51.606989+00:00
61d59dfe-47c6-4e2a-a42a-eed8b424f4ad,d261d9a5-22b9-44ab-98da-1f68d27ac487,7ae06518-dc50-41b2-967e-124cd6dea9ce,Scheme Riskometer,,,,,,INR,,,,,{},2026-08-21 22:27:51.606989+00:00
e59144b8-d3ac-42d3-8df2-f3c76c47d04a,2fae2a62-d20d-47ce-afa9-2db98b06ad1a,7ae06518-dc50-41b2-967e-124cd6dea9ce,Scheme Riskometer,,,,,,INR,,,,,{},2026-08-21 22:27:51.606989+00:00
c51a2435-bfb1-4c17-b9e7-193e0afb8e39,fea8d894-1250-43ee-bd1e-9258000070e4,7ae06518-dc50-41b2-967e-124cd6dea9ce,Scheme Riskometer,,,,,,INR,,,,,{},2026-08-21 22:27:43.322310+00:00
5911a37f-0d37-4fff-bfc8-85ee4a0a31e0,a98dbc30-617f-41d6-9435-ca7579c3e934,7ae06518-dc50-41b2-967e-124cd6dea9ce,Scheme Riskometer,,,,,,INR,,,,,{},2026-08-21 22:27:43.322310+00:00
f45181b0-ebc2-4b11-b501-ddfeff1b4503,b90689ce-b04b-4728-9417-d7d5cf29a889,7ae06518-dc50-41b2-967e-124cd6dea9ce,Scheme Riskometer,,,,,,INR,,,,,{},2026-08-21 22:28:08.968230+00:00
5cc38219-8a6a-492a-a5a5-e6136d184b6e,d752970f-f545-4c22-b17e-1cb88a905642,7ae06518-dc50-41b2-967e-124cd6dea9ce,Scheme Riskometer,,,,,,INR,,,,,{},2026-08-21 22:28:08.968230+00:00
6a1fedd5-9ddf-4932-b78c-a02515de2f02,551a5203-3c95-4b5a-9daf-cf2a35524a63,7ae06518-dc50-41b2-967e-124cd6dea9ce,Scheme Riskometer,,,,,,INR,,,,,{},2026-08-21 22:28:08.968230+00:00
a84a4500-66fa-4217-950f-4789c8fa0168,576d2fff-17f2-47c3-99b9-f157e45032ea,7ae06518-dc50-41b2-967e-124cd6dea9ce,Scheme Riskometer,,,,,,INR,,,,,{},2026-08-21 22:28:08.968230+00:00
82765025-7bde-4560-a4d7-fcb5a9397214,12639e2c-ae37-48bd-b977-7c0e1a8965e1,7ae06518-dc50-41b2-967e-124cd6dea9ce,Scheme Riskometer,,,,,,INR,,,,,{},2026-08-21 22:28:00.333201+00:00
12f8f6da-f918-4cd4-8cc4-5c1b8b8fb660,2663f05d-b3bd-4f5d-be47-2ab33a519e02,7ae06518-dc50-41b2-967e-124cd6dea9ce,Scheme Riskometer,,,,,,INR,,,,,{},2026-08-21 22:28:00.333201+00:00
320b9db3-a493-454a-8613-6a893dd2889b,22f1b15b-1c63-413c-93c9-0f8fe5271517,7ae06518-dc50-41b2-967e-124cd6dea9ce,Scheme Riskometer,,,,,,INR,,,,,{},2026-08-21 22:28:00.333201+00:00
9179997a-1288-4ccb-b916-2893b147f05e,b1052d40-184f-42f5-bbef-a63f027d6945,7ae06518-dc50-41b2-967e-124cd6dea9ce,Scheme Riskometer,,,,,,INR,,,,,{},2026-08-21 22:28:00.333201+00:00
013b873e-e445-4bb0-a220-bfd4b4e5d645,f3c71637-8fce-4289-89a6-119fb8881fb8,7ae06518-dc50-41b2-967e-124cd6dea9ce,Scheme Riskometer,,,,,,INR,,,,,{},2026-08-21 22:27:51.606989+00:00
be167a23-4e5f-4644-93f0-051718df724f,8b56b530-dda6-4d7c-a6eb-67eb77c3f745,7ae06518-dc50-41b2-967e-124cd6dea9ce,Scheme Riskometer,,,,,,INR,,,,,{},2026-08-21 22:27:51.606989+00:00
a07c8809-2ce1-4e6e-99bb-1034ad1a78e9,f5468236-9267-4325-9790-e8e4d3f786fe,7ae06518-dc50-41b2-967e-124cd6dea9ce,Scheme Riskometer,,,,,,INR,,,,,{},2026-08-21 22:27:43.322310+00:00
00ee75c9-0f06-4566-857a-e8534fbe344a,3c12aae2-e082-454a-89af-a209fca81a03,7ae06518-dc50-41b2-967e-124cd6dea9ce,Scheme Riskometer,,,,,,INR,,,,,{},2026-08-21 22:27:43.322310+00:00
38ce58d0-e70b-4317-be05-acd9f20fa3d8,dcf0a87e-d85b-4a7d-908b-f096a8532005,7ae06518-dc50-41b2-967e-124cd6dea9ce,Scheme Riskometer,,,,,,INR,,,,,{},2026-08-21 22:28:08.968230+00:00
821464c1-c273-4540-8911-5d7a0eee717d,4eb221fa-52ef-4da6-b995-36f34efa70f1,7ae06518-dc50-41b2-967e-124cd6dea9ce,Scheme Riskometer,,,,,,INR,,,,,{},2026-08-21 22:28:00.333201+00:00
fe570254-a792-4fa7-a159-0b139c84f47f,6b5d2872-40b1-4bb7-a0c1-e5368cadff36,7ae06518-dc50-41b2-967e-124cd6dea9ce,Scheme Riskometer,,,,,,INR,,,,,{},2026-08-21 22:28:00.333201+00:00
cf8cad61-7bbd-40e5-a577-8653dd3f5136,bf03b6d4-f183-4273-9233-2f464066a549,7ae06518-dc50-41b2-967e-124cd6dea9ce,Scheme Riskometer,,,,,,INR,,,,,{},2026-08-21 22:27:51.606989+00:00
b58ab8f6-a42f-4409-9efa-b48ff2f12ee3,a2565b16-cc39-456f-92b3-f92c0ea1d287,7ae06518-dc50-41b2-967e-124cd6dea9ce,Scheme Riskometer,,,,,,INR,,,,,{},2026-08-21 22:27:51.606989+00:00
782fd6ff-657c-4253-9b80-94ed0513c98f,511ec12d-ac26-4a9e-8dea-2b7aa7bf934a,7ae06518-dc50-41b2-967e-124cd6dea9ce,Scheme Riskometer,,,,,,INR,,,,,{},2026-08-21 22:27:51.606989+00:00
b470bb05-2527-49a5-8fcd-58ba33d6239e,c7b58475-3b99-4fa2-98c3-3d2dda65c37f,7ae06518-dc50-41b2-967e-124cd6dea9ce,Scheme Riskometer,,,,,,INR,,,,,{},2026-08-21 22:27:51.606989+00:00
c5ffda87-28d7-4044-b47d-714c2bed04bb,77de0052-85e0-4f1a-a4ff-6fb32ec99c92,7ae06518-dc50-41b2-967e-124cd6dea9ce,Scheme Riskometer,,,,,,INR,,,,,{},2026-08-21 22:27:51.606989+00:00
a6ff0906-a9c6-40d1-a5dc-b10333842bdd,8f176ebf-b1bd-4696-90e4-be5da4bb63b6,7ae06518-dc50-41b2-967e-124cd6dea9ce,Scheme Riskometer,,,,,,INR,,,,,{},2026-08-21 22:27:51.606989+00:00
cd296cc7-2c5a-4694-b5ac-ca59154a2e3a,24f3a0fc-db4e-4f5d-8ce3-0f1220c49f68,7ae06518-dc50-41b2-967e-124cd6dea9ce,Scheme Riskometer,,,,,,INR,,,,,{},2026-08-21 22:27:51.606989+00:00
66b1a260-5738-4003-9140-de43cf2c322a,01b1e166-9a20-43a7-baab-8bb3eaa46562,7ae06518-dc50-41b2-967e-124cd6dea9ce,Scheme Riskometer,,,,,,INR,,,,,{},2026-08-21 22:27:43.322310+00:00
cb3b3858-2bc9-4378-9aa9-eeda7fecfeb3,ef504ea4-3d11-4782-9388-c4491f323f29,7ae06518-dc50-41b2-967e-124cd6dea9ce,Scheme Riskometer,,,,,,INR,,,,,{},2026-08-21 22:28:08.968230+00:00
9f8bde32-4f5a-4c04-b96a-5bba424d81dd,dead7470-4f29-4afc-8b73-40d16e6240a4,7ae06518-dc50-41b2-967e-124cd6dea9ce,Scheme Riskometer,,,,,,INR,,,,,{},2026-08-21 22:28:08.968230+00:00
11a09b2f-4b1f-41be-97f0-971a8059f9f7,363fcd54-58de-409c-83a1-9307268d95ae,7ae06518-dc50-41b2-967e-124cd6dea9ce,Scheme Riskometer,,,,,,INR,,,,,{},2026-08-21 22:28:00.333201+00:00
f9cb32ba-e7ca-42fe-ba6b-9d3103d5a45d,c013c858-d7e4-48e4-8885-935399840dd1,7ae06518-dc50-41b2-967e-124cd6dea9ce,Scheme Riskometer,,,,,,INR,,,,,{},2026-08-21 22:27:43.322310+00:00
c652bc88-7484-443d-b96a-17d9395eed14,b366c1a2-eda8-4d10-92d6-667db97e46b2,7ae06518-dc50-41b2-967e-124cd6dea9ce,Scheme Riskometer,,,,,,INR,,,,,{},2026-08-21 22:27:43.322310+00:00
2c56a7e8-780d-4a07-98d2-a780886cdb90,fe1f8698-0748-4cdb-912f-70d58c45bb14,7ae06518-dc50-41b2-967e-124cd6dea9ce,Scheme Riskometer,,,,,,INR,,,,,{},2026-08-21 22:27:43.322310+00:00
8f776c21-f8be-4237-85e7-3a267c8e11d4,337c19b1-bcb1-4dbd-9336-ea5d9b511272,7ae06518-dc50-41b2-967e-124cd6dea9ce,Scheme Riskometer,,,,,,INR,,,,,{},2026-08-21 22:27:43.322310+00:00
c78c1c0e-2644-4296-bc9a-f5b403a2382c,99d7c8e0-e9e2-4665-b808-5d81bdfbd7eb,7ae06518-dc50-41b2-967e-124cd6dea9ce,Scheme Riskometer,,,,,,INR,,,,,{},2026-08-21 22:28:08.968230+00:00
f33e63ee-aa0a-420f-81d5-0f9fd89dd924,dd454cb2-6c59-4c6c-b8ae-adb8afb44272,7ae06518-dc50-41b2-967e-124cd6dea9ce,Scheme Riskometer,,,,,,INR,,,,,{},2026-08-21 22:28:08.968230+00:00
558a74fd-1b57-401c-8326-eb46dbd78567,39d85bfb-703d-4abd-9904-af0019204b9d,7ae06518-dc50-41b2-967e-124cd6dea9ce,Scheme Riskometer,,,,,,INR,,,,,{},2026-08-21 22:28:00.333201+00:00
dfde1931-1696-4c53-8d38-cdcf48448a86,13b8de8d-e3b3-4382-b444-3edfcab4947a,7ae06518-dc50-41b2-967e-124cd6dea9ce,Scheme Riskometer,,,,,,INR,,,,,{},2026-08-21 22:28:00.333201+00:00
0a016f3b-6611-45e3-8485-85b02746d24f,05476498-9a2a-47cb-89a9-1eb58ac325c0,7ae06518-dc50-41b2-967e-124cd6dea9ce,Scheme Riskometer,,,,,,INR,,,,,{},2026-08-21 22:28:00.333201+00:00
b86f9509-b912-402f-80e6-56fe0c53c743,a14edabe-48d2-4c76-9f14-b97545126ba4,7ae06518-dc50-41b2-967e-124cd6dea9ce,Scheme Riskometer,,,,,,INR,,,,,{},2026-08-21 22:27:51.606989+00:00
9629dac9-de2e-4957-9b9b-2c023c10b607,2ff0c7b5-ec0f-4371-8afe-61a4b7224117,7ae06518-dc50-41b2-967e-124cd6dea9ce,Scheme Riskometer,,,,,,INR,,,,,{},2026-08-21 22:27:51.606989+00:00
0327f5e0-a0b1-44ee-a414-0c174cfd9264,c59f97f8-48fe-49b2-9b93-c9d26f4d00ac,7ae06518-dc50-41b2-967e-124cd6dea9ce,Scheme Riskometer,,,,,,INR,,,,,{},2026-08-21 22:27:51.606989+00:00
a1f689d1-03b1-464f-bebd-3d29b71e6b85,683857a7-d74e-4bd0-a718-e5a298157857,7ae06518-dc50-41b2-967e-124cd6dea9ce,Scheme Riskometer,,,,,,INR,,,,,{},2026-08-21 22:27:51.606989+00:00
40cbc5fb-c42c-4c1a-bb28-902ca1e7c65f,3f0dc69d-77d4-4cd8-952c-3813c4871125,7ae06518-dc50-41b2-967e-124cd6dea9ce,Scheme Riskometer,,,,,,INR,,,,,{},2026-08-21 22:27:51.606989+00:00
dbc3bf8c-dd85-4784-b194-7b484856814f,95f3f344-e673-408d-980a-027c67f8eaa3,7ae06518-dc50-41b2-967e-124cd6dea9ce,Scheme Riskometer,,,,,,INR,,,,,{},2026-08-21 22:27:43.322310+00:00
9fced689-d0c4-473c-bd62-692b0f892206,87c1811a-9b37-4ee1-a921-d6d54cfa31ec,7ae06518-dc50-41b2-967e-124cd6dea9ce,Scheme Riskometer,,,,,,INR,,,,,{},2026-08-21 22:27:43.322310+00:00
082371d4-4665-4cb5-9a72-85b7e58afc2a,3e0e4d3d-45ad-4f7c-ba31-4d41dd50ebaa,7ae06518-dc50-41b2-967e-124cd6dea9ce,Scheme Riskometer,,,,,,INR,,,,,{},2026-08-21 22:27:43.322310+00:00
32ae7f83-5a3a-471e-96e5-14bf05680ab6,d72c5d6c-b05f-4a9a-9884-001911d22bf3,7ae06518-dc50-41b2-967e-124cd6dea9ce,Scheme Riskometer,,,,,,INR,,,,,{},2026-08-21 22:27:43.322310+00:00
2cc5dc1d-fb22-4d6d-a702-375aa0e767de,238fc44a-9b8a-44b9-be62-eab288fa9118,7ae06518-dc50-41b2-967e-124cd6dea9ce,Scheme Riskometer,,,,,,INR,,,,,{},2026-08-21 22:28:08.968230+00:00
df4b7868-e544-4f40-93fd-4b4511b31dd6,22643a51-52f7-491e-8402-99edcead8da8,7ae06518-dc50-41b2-967e-124cd6dea9ce,Scheme Riskometer,,,,,,INR,,,,,{},2026-08-21 22:28:08.968230+00:00
c91b1b5a-4590-4175-8afe-4ac0e609f975,c5003a7c-0c45-4124-b5df-d5bd44e717c2,7ae06518-dc50-41b2-967e-124cd6dea9ce,Scheme Riskometer,,,,,,INR,,,,,{},2026-08-21 22:28:08.968230+00:00
cde0bf0c-deeb-4822-bce3-1435d8a7b1a5,5fa02d63-94cf-49c4-b2f2-5204f3628553,7ae06518-dc50-41b2-967e-124cd6dea9ce,Scheme Riskometer,,,,,,INR,,,,,{},2026-08-21 22:27:51.606989+00:00
d1ef83ee-d7f1-4932-aa1f-d4be88a4a0bb,1235aa4d-d6be-4e66-a594-97bf0a61627c,7ae06518-dc50-41b2-967e-124cd6dea9ce,Scheme Riskometer,,,,,,INR,,,,,{},2026-08-21 22:27:43.322310+00:00
bbfb5c4e-2ef0-49a7-9a14-58acab3540e3,16e863c6-88c5-4567-9b1e-f6f573629c3f,7ae06518-dc50-41b2-967e-124cd6dea9ce,Scheme Riskometer,,,,,,INR,,,,,{},2026-08-21 22:27:43.322310+00:00
673a4ecd-9e16-4f12-b2b0-b4ff9ef63fda,c2b75d61-232f-4aa5-8ab2-107a06685819,7ae06518-dc50-41b2-967e-124cd6dea9ce,Scheme Riskometer,,,,,,INR,,,,,{},2026-08-21 22:27:43.322310+00:00
64f71f84-4695-4820-ac15-25b3b2ae2de4,a2e1afdb-6488-4cd7-b329-3cf037faa25a,7ae06518-dc50-41b2-967e-124cd6dea9ce,Scheme Riskometer,,,,,,INR,,,,,{},2026-08-21 22:27:43.322310+00:00
81f14351-4dc0-4e81-ad48-c1d7ce366f12,8d568b47-a50b-4ad2-b8e7-3cc6a212500a,7ae06518-dc50-41b2-967e-124cd6dea9ce,Scheme Riskometer,,,,,,INR,,,,,{},2026-08-21 22:27:43.322310+00:00
ba10700e-7ad8-45f8-a833-b4ad7c223ff4,e65162bc-30e3-4c70-a364-2d29398aeef6,7ae06518-dc50-41b2-967e-124cd6dea9ce,Scheme Riskometer,,,,,,INR,,,,,{},2026-08-21 22:27:43.322310+00:00
5c600a86-dcbe-4b4b-9843-65a564849361,58a2a794-3677-48a2-a932-29a7511b4791,7ae06518-dc50-41b2-967e-124cd6dea9ce,Scheme Riskometer,,,,,,INR,,,,,{},2026-08-21 22:28:08.968230+00:00
a3063786-daef-47b6-bfb3-06113f0a27f7,b04e2240-e78a-4780-ae55-0f23beee477d,7ae06518-dc50-41b2-967e-124cd6dea9ce,Scheme Riskometer,,,,,,INR,,,,,{},2026-08-21 22:28:08.968230+00:00
166f0ef1-91fd-43f7-aba5-9cf568e78396,28b94171-7504-450a-a21a-c461e2063bb1,7ae06518-dc50-41b2-967e-124cd6dea9ce,Scheme Riskometer,,,,,,INR,,,,,{},2026-08-21 22:28:08.968230+00:00
79fa467c-6216-4156-ae57-29abd3aee869,f855102e-8f88-4045-a52a-5715438a96de,affabd49-856d-49eb-89d6-77b98ee8b26b,TREPS,,,,,109828.6,INR,99.514709,,,,{},2026-08-21 22:28:34.297141+00:00
94c396c6-baa4-4177-93c0-4fd6e7f2c582,a96ee8c2-5907-4ad0-b428-c6af28438ca7,41ed44dc-b2b1-4ec5-893c-1873eca0bea4,**  Thinly Traded / Non Traded Security,,,,,,INR,,,,,{},2026-08-21 22:28:47.981522+00:00
abf6b160-4e5c-486f-a32e-4ae15bbc2cd7,efdcd646-83a4-402c-9591-178f922be735,41ed44dc-b2b1-4ec5-893c-1873eca0bea4,**  Thinly Traded / Non Traded Security,,,,,,INR,,,,,{},2026-08-21 22:28:34.843915+00:00
ce664b53-4b95-4be1-931b-ca811d5a1bbb,0d00ad8a-dea6-4259-a506-ba3b7865a52b,41ed44dc-b2b1-4ec5-893c-1873eca0bea4,**  Thinly Traded / Non Traded Security,,,,,,INR,,,,,{},2026-08-21 22:28:33.341738+00:00
f0cbecfe-deb4-4716-a619-2f93d1e34f29,d9429dab-a237-43e3-a000-b146827512ff,41ed44dc-b2b1-4ec5-893c-1873eca0bea4,**  Thinly Traded / Non Traded Security,,,,,,INR,,,,,{},2026-08-21 22:28:31.892264+00:00
9dba61ff-6666-4fba-99f3-30addb4455c9,c8e858cc-96aa-460f-a450-90c5624ad51c,41ed44dc-b2b1-4ec5-893c-1873eca0bea4,**  Thinly Traded / Non Traded Security,,,,,,INR,,,,,{},2026-08-21 22:28:35.849599+00:00
a65fd30c-a82f-4bdf-b8e7-856f503ef47c,7288268d-4866-444f-83f1-848813aa4de8,41ed44dc-b2b1-4ec5-893c-1873eca0bea4,**  Thinly Traded / Non Traded Security,,,,,,INR,,,,,{},2026-08-21 22:28:32.298587+00:00
c77d59b9-fb81-40f2-a508-2b2e28157d21,a27952a9-a93c-4a45-a163-9c6ecf55dfda,41ed44dc-b2b1-4ec5-893c-1873eca0bea4,**  Thinly Traded / Non Traded Security,,,,,,INR,,,,,{},2026-08-21 22:28:35.365581+00:00
6298f22f-f25b-4145-bdb4-54ef1609df80,1eebaf52-350c-4f21-9951-54370eb68dad,41ed44dc-b2b1-4ec5-893c-1873eca0bea4,**  Thinly Traded / Non Traded Security,,,,,,INR,,,,,{},2026-08-21 22:28:47.258802+00:00
c5268432-d1cb-49f3-b95d-bd1e8a952a3c,f855102e-8f88-4045-a52a-5715438a96de,41ed44dc-b2b1-4ec5-893c-1873eca0bea4,**  Thinly Traded / Non Traded Security,,,,,,INR,,,,,{},2026-08-21 22:28:34.297141+00:00
22ee4b9b-3bc7-43ae-a4cd-9fa4b5ece7b3,4385658a-d467-49a6-9309-08aa51c8528d,41ed44dc-b2b1-4ec5-893c-1873eca0bea4,**  Thinly Traded / Non Traded Security,,,,,,INR,,,,,{},2026-08-21 22:28:36.442168+00:00
d9178095-03c1-4775-a2ae-afbfd1065d8c,7288268d-4866-444f-83f1-848813aa4de8,affabd49-856d-49eb-89d6-77b98ee8b26b,TREPS,,,,,26882.94,INR,6.939209,,,,{},2026-08-21 22:28:32.298587+00:00
5210a148-b726-4a2d-af3d-4417497ef8ce,d9429dab-a237-43e3-a000-b146827512ff,affabd49-856d-49eb-89d6-77b98ee8b26b,TREPS,,,,,1538.49,INR,13.246676,,,,{},2026-08-21 22:28:31.892264+00:00
80023013-8514-40bb-917d-d9eaa1f8a3b1,e52aceb7-9bc0-403c-a7ee-524034694c23,affabd49-856d-49eb-89d6-77b98ee8b26b,TREPS,,,,,1154.84,INR,1.2,,,,{},2026-08-21 22:27:38.662887+00:00
06e39b9d-7c92-4580-bee6-6575a1aa4204,84c7c2c8-d8ad-4f39-a02f-68261ba1bf8a,affabd49-856d-49eb-89d6-77b98ee8b26b,Treps,,,,,,INR,,,,,{},2026-08-21 22:33:37.901944+00:00
434f5f2c-a920-47b0-b4a9-2b65cb54fa7b,a96ee8c2-5907-4ad0-b428-c6af28438ca7,affabd49-856d-49eb-89d6-77b98ee8b26b,TREPS,,,,,5.62,INR,0.031341,,,,{},2026-08-21 22:28:47.981522+00:00
4bb410aa-7e4a-49bd-9b33-40794eb2aa0e,efdcd646-83a4-402c-9591-178f922be735,affabd49-856d-49eb-89d6-77b98ee8b26b,TREPS,,,,,20.5,INR,0.877204,,,,{},2026-08-21 22:28:34.843915+00:00
a0bfa195-23cc-4998-9d09-fc591c15ba66,4385658a-d467-49a6-9309-08aa51c8528d,affabd49-856d-49eb-89d6-77b98ee8b26b,TREPS,,,,,5982.24,INR,3.44006,,,,{},2026-08-21 22:28:36.442168+00:00
32b4ac2f-b643-491c-8ed4-1d1a8e3d2ba7,a27952a9-a93c-4a45-a163-9c6ecf55dfda,affabd49-856d-49eb-89d6-77b98ee8b26b,TREPS,,,,,838.65,INR,3.955566,,,,{},2026-08-21 22:28:35.365581+00:00
0016cadb-b11b-4374-8c86-a7a6c401374e,1eebaf52-350c-4f21-9951-54370eb68dad,affabd49-856d-49eb-89d6-77b98ee8b26b,TREPS,,,,,0.15,INR,0.000357,,,,{},2026-08-21 22:28:47.258802+00:00
cd2a115e-1501-4914-a662-31bc6d913933,c8e858cc-96aa-460f-a450-90c5624ad51c,affabd49-856d-49eb-89d6-77b98ee8b26b,TREPS,,,,,475.64,INR,3.22944,,,,{},2026-08-21 22:28:35.849599+00:00
0ac38702-d93a-438e-837e-9ff20bde2031,0d00ad8a-dea6-4259-a506-ba3b7865a52b,affabd49-856d-49eb-89d6-77b98ee8b26b,TREPS,,,,,13088.73,INR,6.486641,,,,{},2026-08-21 22:28:33.341738+00:00
10a5293a-143d-44f0-a773-479b229fc653,daf9b179-a582-4650-955e-06a7309846c9,affabd49-856d-49eb-89d6-77b98ee8b26b,Treps,,,,,,INR,,,,,{},2026-08-21 22:33:38.313576+00:00
3e46b13f-8b90-4dc1-86ca-e5c21b17ab63,3b43abb7-85fd-4a7c-ad0d-673bbd6c9d08,96c9d9de-ff6c-43a8-9499-4037d0d05b48,TREPS / Reverse Repo,,,,,,INR,,,,,{},2026-08-21 22:28:53.041732+00:00
d71b0fde-58a7-440d-8bfc-2beb6badfe80,8df80959-b26e-4ba7-86c7-1b6adb3b76b6,96c9d9de-ff6c-43a8-9499-4037d0d05b48,TREPS / Reverse Repo,,,,,,INR,,,,,{},2026-08-21 22:28:53.715151+00:00
0b707716-0777-442e-b45c-fa6e00012ca0,daf9b179-a582-4650-955e-06a7309846c9,96c9d9de-ff6c-43a8-9499-4037d0d05b48,Treps / Reverse Repo,,,,,,INR,,,,,{},2026-08-21 22:33:38.313576+00:00
1eacdc88-4f42-471d-803d-57f7b2652da1,84c7c2c8-d8ad-4f39-a02f-68261ba1bf8a,96c9d9de-ff6c-43a8-9499-4037d0d05b48,Treps / Reverse Repo,,,,,,INR,,,,,{},2026-08-21 22:33:37.901944+00:00
2dcc561c-7692-4e30-97bc-863b3de9cc8c,9dfee5d7-a6c6-4d93-9f86-90500a905497,05889add-3287-43d5-8d87-fd351e4dac55,TREPS / Reverse Repo Investment,,,,,35.87,INR,0.22,,,,{},2026-08-21 22:48:03.398021+00:00
5bbd18ae-f62f-4fb3-8348-2ee568a9daff,1cd7bcde-3718-482a-9483-838574c72735,05889add-3287-43d5-8d87-fd351e4dac55,TREPS / Reverse Repo Investment,,,,,2467.21,INR,2.94,,,,{},2026-08-21 22:48:03.398021+00:00
61a1393e-ccc6-4a07-8bad-000041f8360c,de255130-11e2-46f6-8afb-c096013f530f,05889add-3287-43d5-8d87-fd351e4dac55,TREPS / Reverse Repo Investment,,,,,86871.61,INR,5.7,,,,{},2026-08-21 22:48:03.398021+00:00
85782e5b-7352-4db9-babd-15fdd104dc02,904df55e-2871-4afa-b704-71ca4c884c06,05889add-3287-43d5-8d87-fd351e4dac55,TREPS / Reverse Repo Investment,,,,,0.33,INR,0.04,,,,{},2026-08-21 22:48:03.398021+00:00
f4beefb4-eabc-49a8-b591-0c0dcd02066f,da546f24-31c7-497c-824a-b710aa49b8e9,05889add-3287-43d5-8d87-fd351e4dac55,TREPS / Reverse Repo Investment,,,,,2.94,INR,0.08,,,,{},2026-08-21 22:48:03.398021+00:00
4e7b3e95-9618-4a22-ac09-e526cb94b0d1,ea8b2bcf-25d0-4336-b27f-beecbc4cc045,05889add-3287-43d5-8d87-fd351e4dac55,TREPS / Reverse Repo Investment,,,,,49.31,INR,1.82,,,,{},2026-08-21 22:48:03.398021+00:00
880f5045-4405-4fad-a3ba-fe5b52f3d023,b4ccfd3e-e9ca-4e7e-97a4-818a8bff1a3d,05889add-3287-43d5-8d87-fd351e4dac55,TREPS / Reverse Repo Investment,,,,,132.02,INR,0.22,,,,{},2026-08-21 22:48:03.398021+00:00
81af2c99-a11d-4d20-821d-f4cafcd66ec5,e9c086cf-afb2-4d35-8504-4e3e12ce78f2,05889add-3287-43d5-8d87-fd351e4dac55,TREPS / Reverse Repo Investment,,,,,76564.5,INR,4.0,,,,{},2026-08-21 22:48:03.398021+00:00
c73e723d-1dea-4ae9-a5c6-b57180b04f24,d426a7a3-f2bf-4079-8da4-3a5c7a6a64f4,05889add-3287-43d5-8d87-fd351e4dac55,TREPS / Reverse Repo Investment,,,,,29294.99,INR,3.03,,,,{},2026-08-21 22:48:03.398021+00:00
f14e396d-3eef-4d13-b2f0-60f6337a1ed6,cbc6013f-b22e-4ebe-8958-54a36724f162,05889add-3287-43d5-8d87-fd351e4dac55,TREPS / Reverse Repo Investment,,,,,68.16,INR,1.57,,,,{},2026-08-21 22:48:03.398021+00:00
ed483707-dd3b-46fd-a123-026d4a51ef12,a0b7d48c-d05d-48f8-892a-6b2d55dbac1b,05889add-3287-43d5-8d87-fd351e4dac55,TREPS / Reverse Repo Investment,,,,,2242.09,INR,2.88,,,,{},2026-08-21 22:48:03.398021+00:00
26ac0510-c705-4395-b2fc-8a1d4bc18eee,6a0506e3-8a37-4193-a7fc-a1980d148b81,05889add-3287-43d5-8d87-fd351e4dac55,TREPS / Reverse Repo Investment,,,,,0.46,INR,0.06,,,,{},2026-08-21 22:48:03.398021+00:00
973a7064-052b-436b-b535-e26bda9a40a1,2d1b13a0-e627-4705-ad59-0ec882a6c605,05889add-3287-43d5-8d87-fd351e4dac55,TREPS / Reverse Repo Investment,,,,,3.25,INR,0.08,,,,{},2026-08-21 22:48:03.398021+00:00
a7a8c7d3-9aa1-4b38-92f2-42f776fe0904,b056e71f-bd95-4939-a2c1-1367acb2054d,05889add-3287-43d5-8d87-fd351e4dac55,TREPS / Reverse Repo Investment,,,,,7.16,INR,0.05,,,,{},2026-08-21 22:48:03.398021+00:00
86abc95a-a06c-4bdb-8861-89fc21b9b114,3c1827ae-b036-4594-bc7c-669a917a090e,05889add-3287-43d5-8d87-fd351e4dac55,TREPS / Reverse Repo Investment,,,,,333.0,INR,0.51,,,,{},2026-08-21 22:48:03.398021+00:00
97e16fd9-d8ab-4bc5-9a21-951001e1d627,418e9b75-c2be-4ed7-abe0-254943b385fd,05889add-3287-43d5-8d87-fd351e4dac55,TREPS / Reverse Repo Investment,,,,,7818.78,INR,3.11,,,,{},2026-08-21 22:48:03.398021+00:00
56c9ceb8-bc65-4946-bf96-f72d685ba802,d4a369f0-f06b-47b9-abd7-31b74763c8d0,05889add-3287-43d5-8d87-fd351e4dac55,TREPS / Reverse Repo Investment,,,,,159.45,INR,1.18,,,,{},2026-08-21 22:48:03.398021+00:00
0ff12ea6-36d9-4b66-8d5e-96f854152fb3,ea8b2bcf-25d0-4336-b27f-beecbc4cc045,05889add-3287-43d5-8d87-fd351e4dac55,TREPS / Reverse Repo Investment,,,,,40.3,INR,0.09,,,,{},2026-08-21 22:48:03.398021+00:00
abf8e7bc-a36c-4801-9d12-a6927c9d52d9,e7dfe9a4-baec-4bdc-86eb-01fcb6f40701,05889add-3287-43d5-8d87-fd351e4dac55,TREPS / Reverse Repo Investment,,,,,19.83,INR,0.05,,,,{},2026-08-21 22:48:03.398021+00:00
7984ddec-c25d-4366-9e68-b5db093f713a,e594769a-4d97-49f6-b7df-41062b7cffe6,05889add-3287-43d5-8d87-fd351e4dac55,TREPS / Reverse Repo Investment,,,,,197.24,INR,1.23,,,,{},2026-08-21 22:48:03.398021+00:00
b7c3fc6d-8fe4-4f18-914b-c7eece96ff43,db57c5f3-7c29-4d25-8ff9-fcebd5d9f05f,05889add-3287-43d5-8d87-fd351e4dac55,TREPS / Reverse Repo Investment,,,,,33914.55,INR,2.08,,,,{},2026-08-21 22:48:03.398021+00:00
b29cb032-2ab8-4a32-95f4-5e31144cd6f8,d671160b-e7cd-4a48-8557-7242375349d2,05889add-3287-43d5-8d87-fd351e4dac55,TREPS / Reverse Repo Investment,,,,,154.45,INR,0.55,,,,{},2026-08-21 22:48:03.398021+00:00
7f1889d1-0921-489a-9386-2f6a3bc76a19,9e575daa-23cb-488e-9171-47221dd68f03,05889add-3287-43d5-8d87-fd351e4dac55,TREPS / Reverse Repo Investment,,,,,97.79,INR,1.48,,,,{},2026-08-21 22:48:03.398021+00:00
c46adc98-7ad8-4906-ab0e-c1eb6d69b828,1f4c7921-18d6-4f8c-9520-5f84e67328fb,05889add-3287-43d5-8d87-fd351e4dac55,TREPS / Reverse Repo Investment,,,,,2496.72,INR,2.84,,,,{},2026-08-21 22:48:03.398021+00:00
3d708262-67c6-423c-9f42-5551a71d2357,f61d3bd2-1c3f-4293-8878-f2c305d7edad,05889add-3287-43d5-8d87-fd351e4dac55,TREPS / Reverse Repo Investment,,,,,15.22,INR,1.08,,,,{},2026-08-21 22:48:03.398021+00:00
b14ae89f-03b8-4fe6-ab21-aca28cba271b,df0b2c14-2c6c-4d50-aa13-261cb1646d55,05889add-3287-43d5-8d87-fd351e4dac55,TREPS / Reverse Repo Investment,,,,,13179.27,INR,2.69,,,,{},2026-08-21 22:48:03.398021+00:00
146e4f81-ff05-4613-8994-e8e0c625b382,85b32e90-fdd3-4891-b59b-894b7a73dc01,05889add-3287-43d5-8d87-fd351e4dac55,TREPS / Reverse Repo Investment,,,,,98.38,INR,1.13,,,,{},2026-08-21 22:48:03.398021+00:00
73656856-8dac-4cee-94e1-b55155169a24,cf4cacc6-4082-42d0-bb1b-7320150ac0b6,05889add-3287-43d5-8d87-fd351e4dac55,TREPS / Reverse Repo Investment,,,,,24.96,INR,0.05,,,,{},2026-08-21 22:48:03.398021+00:00
fd752782-abc3-4f46-b2a7-7861a195e4f7,92934ff9-1bf6-4136-abad-0ff041399bfb,05889add-3287-43d5-8d87-fd351e4dac55,TREPS / Reverse Repo Investment,,,,,108.35,INR,0.09,,,,{},2026-08-21 22:48:03.398021+00:00
617c88cd-fe20-4974-bc4a-5e5d33168092,afd7528a-383e-4192-b89e-9e2c631e19d0,05889add-3287-43d5-8d87-fd351e4dac55,TREPS / Reverse Repo Investment,,,,,908.52,INR,0.58,,,,{},2026-08-21 22:48:03.398021+00:00
fe7ee8c8-31be-4d5d-9d2b-6e9aed7b3760,f68c05cd-a586-4942-a897-1bd5e87ab6a1,05889add-3287-43d5-8d87-fd351e4dac55,TREPS / Reverse Repo Investment,,,,,1204.84,INR,1.32,,,,{},2026-08-21 22:48:03.398021+00:00
efd5a4a2-2faa-45d4-8462-3d53a9e933f2,c40563b0-e519-4bf7-8a93-c5359e8d8d4b,05889add-3287-43d5-8d87-fd351e4dac55,TREPS / Reverse Repo Investment,,,,,5945.86,INR,4.89,,,,{},2026-08-21 22:48:03.398021+00:00
296305f4-acff-468e-9435-5b42962dbc4f,905f5210-d45a-4c01-b462-d10df74273c3,05889add-3287-43d5-8d87-fd351e4dac55,TREPS / Reverse Repo Investment,,,,,16179.55,INR,1.42,,,,{},2026-08-21 22:48:03.398021+00:00
85d5fe60-6ef8-45ae-9bbb-7cbaa678c584,e7054dce-dfbe-42ca-8df2-75ba9a82a7be,05889add-3287-43d5-8d87-fd351e4dac55,TREPS / Reverse Repo Investment,,,,,1972.76,INR,0.8,,,,{},2026-08-21 22:48:03.398021+00:00
639c8b20-cf0e-4dfe-a074-d9ad23f16eed,38f85f86-713c-4484-a12f-2a5859184c24,05889add-3287-43d5-8d87-fd351e4dac55,TREPS / Reverse Repo Investment,,,,,19.09,INR,0.08,,,,{},2026-08-21 22:48:03.398021+00:00
2dffe712-ab75-4b6a-8cf6-776280390fe4,8099206b-4c86-43d2-a47b-b790f3369a48,48d8db2d-962d-46a1-ac8a-e0b264ba03e9,TREPS / Reverse Repo Investments,,,,,46.93,INR,0.89,,,,{},2026-08-21 22:48:03.398021+00:00
ffb31f2f-fc77-445e-882a-ca6f940e37a8,7f6be337-e991-4ad9-b477-23351f704f03,48d8db2d-962d-46a1-ac8a-e0b264ba03e9,TREPS / Reverse Repo Investments,,,,,738.06,INR,1.94,,,,{},2026-08-21 22:48:03.398021+00:00
eb877c01-af71-4560-9d29-9782a5653e6e,56828064-eb36-4ae4-b605-a74edb13d23a,48d8db2d-962d-46a1-ac8a-e0b264ba03e9,TREPS / Reverse Repo Investments,,,,,13439.21,INR,5.02,,,,{},2026-08-21 22:48:03.398021+00:00
74be77df-247b-430c-91fe-7e346b35640f,5812c91a-00bb-4abc-9a01-e25f369536bd,48d8db2d-962d-46a1-ac8a-e0b264ba03e9,TREPS / Reverse Repo Investments,,,,,28922.35,INR,19.25,,,,{},2026-08-21 22:47:56.841927+00:00
5bb236d3-cb39-4832-b0c8-a71216c9cac5,dd52180f-5ac3-4698-b7c2-4b55f92a6abc,48d8db2d-962d-46a1-ac8a-e0b264ba03e9,TREPS / Reverse Repo Investments,,,,,92890.01,INR,99.49,,,,{},2026-08-21 22:42:56.887115+00:00
83448db3-dacd-41b7-97ea-1bd12d851660,747f0fcc-ce06-4ab5-9271-c5ba2b44b863,48d8db2d-962d-46a1-ac8a-e0b264ba03e9,TREPS / Reverse Repo Investments,,,,,544.1,INR,3.04,,,,{},2026-08-21 22:42:56.887115+00:00
9de6c83f-b7ac-43fb-a1d5-d0fa93ac4fe1,39d85bfb-703d-4abd-9904-af0019204b9d,48d8db2d-962d-46a1-ac8a-e0b264ba03e9,TREPS / Reverse Repo Investments,,,,,159.69,INR,1.79,,,,{},2026-08-21 22:28:00.333201+00:00
df540a57-f3f8-4ed3-a15c-edd385c10c70,6d337ab4-dfda-4814-8448-4293ef1bd14a,48d8db2d-962d-46a1-ac8a-e0b264ba03e9,TREPS / Reverse Repo Investments,,,,,486.08,INR,1.2,,,,{},2026-08-21 22:28:00.333201+00:00
cd25cf56-bea1-4b43-aaa3-90f76e037ba9,bd316754-25a2-41c4-a71b-7c96c68bc2c4,48d8db2d-962d-46a1-ac8a-e0b264ba03e9,TREPS / Reverse Repo Investments,,,,,286664.61,INR,91.31,,,,{},2026-08-21 22:28:00.333201+00:00
6d90ef32-3dc4-4b0f-b9f7-0e208a1822cb,62889a4c-18a0-4360-a661-25a9cd03d7e3,48d8db2d-962d-46a1-ac8a-e0b264ba03e9,TREPS / Reverse Repo Investments,,,,,291.04,INR,0.0094,,,,{},2026-08-21 22:28:00.333201+00:00
106b5d87-c3bc-4099-ba54-5eda8669ed72,a56c15d9-9072-4a7d-b591-f2212bc23d5a,48d8db2d-962d-46a1-ac8a-e0b264ba03e9,TREPS / Reverse Repo Investments,,,,,267327.93,INR,99.51,,,,{},2026-08-21 22:27:51.606989+00:00
63e8fd2b-f20b-4198-8dd9-456c5bf5b3d8,511ec12d-ac26-4a9e-8dea-2b7aa7bf934a,48d8db2d-962d-46a1-ac8a-e0b264ba03e9,TREPS / Reverse Repo Investments,,,,,5423.77,INR,2.48,,,,{},2026-08-21 22:27:51.606989+00:00
ddaf6c95-6742-493b-9fec-1a0f7b303394,77de0052-85e0-4f1a-a4ff-6fb32ec99c92,48d8db2d-962d-46a1-ac8a-e0b264ba03e9,TREPS / Reverse Repo Investments,,,,,57141.47,INR,99.51,,,,{},2026-08-21 22:27:51.606989+00:00
dcb47915-7947-472d-b58d-d41f120abd13,3c12aae2-e082-454a-89af-a209fca81a03,48d8db2d-962d-46a1-ac8a-e0b264ba03e9,TREPS / Reverse Repo Investments,,,,,234007.94,INR,99.41,,,,{},2026-08-21 22:27:43.322310+00:00
2cac29cb-5f12-485b-bb71-06c915112136,a2e1afdb-6488-4cd7-b329-3cf037faa25a,48d8db2d-962d-46a1-ac8a-e0b264ba03e9,TREPS / Reverse Repo Investments,,,,,10714.57,INR,2.6,,,,{},2026-08-21 22:27:43.322310+00:00
a2e91c61-19dc-448e-8089-ba9ce0f2cf28,f98d00b4-ba8a-4436-a88b-4b3ee8f293e2,48d8db2d-962d-46a1-ac8a-e0b264ba03e9,TREPS / Reverse Repo Investments,,,,,26560.96,INR,5.08,,,,{},2026-08-21 22:27:43.322310+00:00
e6aa1eb2-932f-4160-ad02-f58a1f0e6992,84983e68-886c-48cf-b2b7-7613eac704ed,48d8db2d-962d-46a1-ac8a-e0b264ba03e9,TREPS / Reverse Repo Investments,,,,,3534.19,INR,5.32,,,,{},2026-08-21 22:42:56.887115+00:00
c1610126-b6b4-4490-92ce-1c66c9e850ef,118015d3-a011-4747-a812-badc1a712f3e,48d8db2d-962d-46a1-ac8a-e0b264ba03e9,TREPS / Reverse Repo Investments,,,,,6004.93,INR,1.29,,,,{},2026-08-21 22:42:56.887115+00:00
abeaae89-f967-42d1-ae61-2554a456b787,ab6b3603-7ced-42f5-85dd-feba8e9e4003,48d8db2d-962d-46a1-ac8a-e0b264ba03e9,TREPS / Reverse Repo Investments,,,,,486.4,INR,1.3,,,,{},2026-08-21 22:42:32.142347+00:00
2a9261fb-6e06-4c35-876e-91053b9bac08,fcb97c57-a6d8-45b7-854d-89bf5a4ba6ac,48d8db2d-962d-46a1-ac8a-e0b264ba03e9,TREPS / Reverse Repo Investments,,,,,239.4,INR,0.09,,,,{},2026-08-21 22:42:32.142347+00:00
ae9a3105-5137-4cb5-aa24-ce5f24853014,c3d3980c-58ce-44b0-8a87-d5d1ef972e16,48d8db2d-962d-46a1-ac8a-e0b264ba03e9,TREPS / Reverse Repo Investments,,,,,1081.63,INR,5.85,,,,{},2026-08-21 22:42:32.142347+00:00
705f285f-490a-4dad-8997-d53ec5621f6b,44d4e385-ea26-471b-911d-398334943357,48d8db2d-962d-46a1-ac8a-e0b264ba03e9,TREPS / Reverse Repo Investments,,,,,14903.82,INR,2.63,,,,{},2026-08-21 22:42:32.142347+00:00
c2c1d5f0-83db-4db1-ba97-37bccd101857,db8ef9aa-f728-40d9-9574-ce438e666623,48d8db2d-962d-46a1-ac8a-e0b264ba03e9,TREPS / Reverse Repo Investments,,,,,10449.19,INR,3.23,,,,{},2026-08-21 22:42:32.142347+00:00
9d05c286-57f6-4dd0-99f2-efe8b3b99426,7bdc74e4-1c46-4b35-adac-7ae88c215ea9,48d8db2d-962d-46a1-ac8a-e0b264ba03e9,TREPS / Reverse Repo Investments,,,,10193303794.0,102380.87,INR,4.34,,,Sovereign,{},2026-08-21 22:42:32.142347+00:00
10e9386a-dea6-452a-ad87-d310703b600c,7c4ff121-f509-442e-a480-ed60df291673,48d8db2d-962d-46a1-ac8a-e0b264ba03e9,TREPS / Reverse Repo Investments,,,,,47340.92,INR,4.75,,,,{},2026-08-21 22:42:56.887115+00:00
6c62b988-0a29-4703-a9e7-187750855140,3c4ba2c3-cde8-4a86-b6da-3543dcd565d8,48d8db2d-962d-46a1-ac8a-e0b264ba03e9,TREPS / Reverse Repo Investments,,,,,16.15,INR,0.34,,,,{},2026-08-21 22:48:03.398021+00:00
b7bdcb05-ae4c-4a38-b7e8-36168a119886,f235095d-8276-4346-ae1f-ee1ad3f64be9,48d8db2d-962d-46a1-ac8a-e0b264ba03e9,TREPS / Reverse Repo Investments,,,,,23.75,INR,0.04,,,,{},2026-08-21 22:47:56.841927+00:00
dd93e6fe-5338-4ff8-b68d-1baf0af7c09f,74d96084-5d88-47fc-873f-5587b13db9e7,48d8db2d-962d-46a1-ac8a-e0b264ba03e9,TREPS / Reverse Repo Investments,,,,,27.68,INR,0.16,,,,{},2026-08-21 22:47:56.841927+00:00
ce51b27f-0ca5-465e-888b-8893ca1d0d83,ac4c2c47-1939-45ef-b81d-a50a3d767d57,48d8db2d-962d-46a1-ac8a-e0b264ba03e9,TREPS / Reverse Repo Investments,,,,,245.14,INR,2.68,,,,{},2026-08-21 22:47:56.841927+00:00
ae8868b8-2ec0-4d92-9fa6-fd81d8845542,c5e90843-4408-4351-b22f-00b193a8599b,48d8db2d-962d-46a1-ac8a-e0b264ba03e9,TREPS / Reverse Repo Investments,,,,,648.91,INR,1.77,,,,{},2026-08-21 22:47:56.841927+00:00
ec5c3ee7-afe5-49e2-bcc4-6504b5ec079e,8d738b1c-9b7f-44dd-9c6f-7e1ca946e7eb,48d8db2d-962d-46a1-ac8a-e0b264ba03e9,TREPS / Reverse Repo Investments,,,,,4823.82,INR,2.12,,,,{},2026-08-21 22:47:56.841927+00:00
b1d72d24-bab1-42fd-8928-e96f2a71cb75,735ea708-b5c1-4433-a5ca-840135773abe,48d8db2d-962d-46a1-ac8a-e0b264ba03e9,TREPS / Reverse Repo Investments,,,,,44.54,INR,0.82,,,,{},2026-08-21 22:47:56.841927+00:00
69fcff8f-ff4f-4bc7-ac44-6dbece4a27a9,23f1cccc-9625-422b-97b6-c927be51572b,48d8db2d-962d-46a1-ac8a-e0b264ba03e9,TREPS / Reverse Repo Investments,,,,,1000.67,INR,5.24,,,,{},2026-08-21 22:47:56.841927+00:00
76ad24b6-c9c6-46b7-a0ca-3aeb241a6680,1babb57a-f7fc-4ba3-8269-4f334726dc7b,48d8db2d-962d-46a1-ac8a-e0b264ba03e9,TREPS / Reverse Repo Investments,,,,13206550987.0,132109.47,INR,7.07,,,,{},2026-08-21 22:47:56.841927+00:00
a1c0510c-19b9-46b5-86dd-de67ffa01e0f,885e533c-0cf4-4dcf-83aa-c45bf4bae910,48d8db2d-962d-46a1-ac8a-e0b264ba03e9,TREPS / Reverse Repo Investments,,,,,81.56,INR,3.14,,,,{},2026-08-21 22:42:56.887115+00:00
20536c65-3fb5-4f6c-85f1-83a8b6bc225f,738d57fd-edc5-4c8a-bc69-230fd3097399,48d8db2d-962d-46a1-ac8a-e0b264ba03e9,TREPS / Reverse Repo Investments,,,,,315.79,INR,0.96,,,,{},2026-08-21 22:42:56.887115+00:00
dfa8e508-e7fe-4640-a118-e2a706866e22,df12f86f-e985-4385-adc3-77b0d98a2837,48d8db2d-962d-46a1-ac8a-e0b264ba03e9,TREPS / Reverse Repo Investments,,,,,337.58,INR,0.0183,,,,{},2026-08-21 22:28:00.333201+00:00
e715e79b-0c68-4967-9a60-909f06a61148,bf03b6d4-f183-4273-9233-2f464066a549,48d8db2d-962d-46a1-ac8a-e0b264ba03e9,TREPS / Reverse Repo Investments,,,,,244.49,INR,4.85,,,,{},2026-08-21 22:27:51.606989+00:00
c01f6419-a37d-44c5-bca5-ade6e40dc231,f3c71637-8fce-4289-89a6-119fb8881fb8,48d8db2d-962d-46a1-ac8a-e0b264ba03e9,TREPS / Reverse Repo Investments,,,,,95.44,INR,1.14,,,,{},2026-08-21 22:27:51.606989+00:00
161d3d3a-5323-4c92-887a-755413033dd2,8b56b530-dda6-4d7c-a6eb-67eb77c3f745,48d8db2d-962d-46a1-ac8a-e0b264ba03e9,TREPS / Reverse Repo Investments,,,,,-129947.43,INR,-8.21,,,,{},2026-08-21 22:27:51.606989+00:00
519706df-c40d-4dcd-8384-d386bb79437d,8b56b530-dda6-4d7c-a6eb-67eb77c3f745,48d8db2d-962d-46a1-ac8a-e0b264ba03e9,TREPS / Reverse Repo Investments,,,,1999927751.0,20198.48,INR,1.28,,,Sovereign,{},2026-08-21 22:27:51.606989+00:00
dd784a8b-62f1-4ace-8a02-d40307d2ea41,fb7b968f-0800-42be-b876-a20be626b385,48d8db2d-962d-46a1-ac8a-e0b264ba03e9,TREPS / Reverse Repo Investments,,,,,468.17,INR,0.38,,,,{},2026-08-21 22:42:56.887115+00:00
6a3baa11-8f7c-4f92-8e8d-67bacc597057,b8f04c3c-a0e1-44e5-8d20-a6b9eaf0473d,48d8db2d-962d-46a1-ac8a-e0b264ba03e9,TREPS / Reverse Repo Investments,,,,,366.49,INR,1.44,,,,{},2026-08-21 22:42:56.887115+00:00
29d9cd8c-a572-4d12-b252-16a19b0fa8a8,e8db222d-2acf-43d4-bacb-37eb0cd185a9,48d8db2d-962d-46a1-ac8a-e0b264ba03e9,TREPS / Reverse Repo Investments,,,,,322.19,INR,0.07,,,,{},2026-08-21 22:42:56.887115+00:00
9e09f036-b424-4b3d-a76d-ef3312e996cb,3248579a-da43-47c8-b87b-6ce77a5a83a8,48d8db2d-962d-46a1-ac8a-e0b264ba03e9,TREPS / Reverse Repo Investments,,,,,282512.92,INR,94.78,,,,{},2026-08-21 22:42:32.142347+00:00
0d5042ff-ba49-4f72-9f2e-e96dd107200c,7f50b07c-8112-4eae-af81-734aaf3afa24,48d8db2d-962d-46a1-ac8a-e0b264ba03e9,TREPS / Reverse Repo Investments,,,,,3474.81,INR,2.23,,,,{},2026-08-21 22:42:32.142347+00:00
5ac5dcec-d556-4aa9-935b-5b7f664b237c,02c7555d-455b-4a48-a466-2e4af6fd6de2,48d8db2d-962d-46a1-ac8a-e0b264ba03e9,TREPS / Reverse Repo Investments,,,,,11923.94,INR,6.66,,,,{},2026-08-21 22:42:32.142347+00:00
e4f5bc6c-1898-4b2b-8384-13a571356cfe,7bdc74e4-1c46-4b35-adac-7ae88c215ea9,48d8db2d-962d-46a1-ac8a-e0b264ba03e9,TREPS / Reverse Repo Investments,,,,18287222055.0,182933.6,INR,7.75,,,,{},2026-08-21 22:42:32.142347+00:00
ed89cc6e-d130-4f1c-a201-825071a91088,b8c653d4-7763-4dcc-ad36-09a25a4d23f9,48d8db2d-962d-46a1-ac8a-e0b264ba03e9,TREPS / Reverse Repo Investments,,,,,2286.83,INR,2.61,,,,{},2026-08-21 22:48:03.398021+00:00
c160fbc5-b60c-4ad8-a1de-5f22645b4b43,b2a97a23-0d03-4710-8a98-01e117290d5b,48d8db2d-962d-46a1-ac8a-e0b264ba03e9,TREPS / Reverse Repo Investments,,,,,156555.69,INR,91.32,,,,{},2026-08-21 22:48:03.398021+00:00
368e76a6-60e4-46c6-af95-28a30dd33199,caec55ea-7633-46a0-a0a9-d4e145013707,48d8db2d-962d-46a1-ac8a-e0b264ba03e9,TREPS / Reverse Repo Investments,,,,,2066.29,INR,2.04,,,,{},2026-08-21 22:48:03.398021+00:00
c50a8b64-19b7-48df-9e95-6fb23fab7c67,ab4b0525-e803-469b-84b9-22370312e699,48d8db2d-962d-46a1-ac8a-e0b264ba03e9,TREPS / Reverse Repo Investments,,,,,28.09,INR,0.58,,,,{},2026-08-21 22:47:56.841927+00:00
b41559ce-ec3b-4480-ae15-d2fdc84537da,1babb57a-f7fc-4ba3-8269-4f334726dc7b,48d8db2d-962d-46a1-ac8a-e0b264ba03e9,TREPS / Reverse Repo Investments,,,,599940320.0,6034.32,INR,0.32,,,Sovereign,{},2026-08-21 22:47:56.841927+00:00
d59b0cb9-c12c-40cd-8ade-bb952a45ca37,066246e5-9f5f-4ddd-8f0a-5a6cb36e2c5d,48d8db2d-962d-46a1-ac8a-e0b264ba03e9,TREPS / Reverse Repo Investments,,,,,95.17,INR,1.77,,,,{},2026-08-21 22:28:00.333201+00:00
9f481cbc-f4ea-4353-acf0-bdc0005f5558,ea59472f-5dda-4f56-b0dd-cba0dba8ea44,48d8db2d-962d-46a1-ac8a-e0b264ba03e9,TREPS / Reverse Repo Investments,,,,,686.95,INR,0.44,,,,{},2026-08-21 22:28:00.333201+00:00
b80af220-298c-4bb4-a522-54482579fb5f,ecb4bb92-5882-4d2e-9e2b-ca052ad8c22a,48d8db2d-962d-46a1-ac8a-e0b264ba03e9,TREPS / Reverse Repo Investments,,,,,15914.45,INR,2.84,,,,{},2026-08-21 22:28:00.333201+00:00
e9fb9a05-3b25-4d09-8d44-34edaaba4b68,348cd817-ed9d-4b14-adb4-bfcf239878c5,48d8db2d-962d-46a1-ac8a-e0b264ba03e9,TREPS / Reverse Repo Investments,,,,,54032.54,INR,0.1455,,,,{},2026-08-21 22:28:00.333201+00:00
1e13c307-d68c-418c-a615-9834c704d13d,57bf7fdd-93b0-487e-ad92-4a8aa8661288,48d8db2d-962d-46a1-ac8a-e0b264ba03e9,TREPS / Reverse Repo Investments,,,,,117.97,INR,0.64,,,,{},2026-08-21 22:27:51.606989+00:00
ad51d16a-1922-4ede-8756-32d9e8662066,34f1a4b0-feee-42e3-87d7-68cb34f29360,48d8db2d-962d-46a1-ac8a-e0b264ba03e9,TREPS / Reverse Repo Investments,,,,,58.9,INR,0.96,,,,{},2026-08-21 22:27:51.606989+00:00
25db9e1e-ce5c-4d67-a323-39f430901fea,d261d9a5-22b9-44ab-98da-1f68d27ac487,48d8db2d-962d-46a1-ac8a-e0b264ba03e9,TREPS / Reverse Repo Investments,,,,,1263.07,INR,0.0772,,,,{},2026-08-21 22:27:51.606989+00:00
430e6078-5ec9-4fe8-b7d1-19c25934647c,c2b75d61-232f-4aa5-8ab2-107a06685819,48d8db2d-962d-46a1-ac8a-e0b264ba03e9,TREPS / Reverse Repo Investments,,,,,134337.13,INR,93.18,,,,{},2026-08-21 22:27:43.322310+00:00
c02cdee8-1a53-406d-b0c7-141fd27383d5,e65162bc-30e3-4c70-a364-2d29398aeef6,48d8db2d-962d-46a1-ac8a-e0b264ba03e9,TREPS / Reverse Repo Investments,,,,,1041.64,INR,0.0334,,,,{},2026-08-21 22:27:43.322310+00:00
1a45c27f-6714-4b75-8bfa-3854358dfdc7,d72c5d6c-b05f-4a9a-9884-001911d22bf3,48d8db2d-962d-46a1-ac8a-e0b264ba03e9,TREPS / Reverse Repo Investments,,,,,2399.35,INR,1.5,,,,{},2026-08-21 22:27:43.322310+00:00
e4e4e362-ae98-458e-8e27-7ac436b344a4,f3b8cdd7-18da-445f-bda1-59560e3f3f76,48d8db2d-962d-46a1-ac8a-e0b264ba03e9,TREPS / Reverse Repo Investments,,,,,826.97,INR,0.23,,,,{},2026-08-21 22:42:56.887115+00:00
2ca1ec73-a399-4e37-be05-0f1fd6ecfa8c,7eb5d981-439c-4823-b138-cd9b69424c3a,48d8db2d-962d-46a1-ac8a-e0b264ba03e9,TREPS / Reverse Repo Investments,,,,,193195.01,INR,82.44,,,,{},2026-08-21 22:42:56.887115+00:00
71b87f53-2e7d-4c68-b26f-784b85aca5f9,90f03df2-190b-4faf-b0c0-eaadf5fd1fbf,48d8db2d-962d-46a1-ac8a-e0b264ba03e9,TREPS / Reverse Repo Investments,,,,,62.17,INR,0.51,,,,{},2026-08-21 22:42:32.142347+00:00
e5cc5bef-e840-4b86-a219-3873f3861388,89c37d06-432d-4d0c-b19f-a0a234a03985,48d8db2d-962d-46a1-ac8a-e0b264ba03e9,TREPS / Reverse Repo Investments,,,,,222.35,INR,0.31,,,,{},2026-08-21 22:42:32.142347+00:00
755bb50f-6ea3-45bf-9c51-543a709c4198,7d37e20b-daca-4597-b22e-d1e067277791,48d8db2d-962d-46a1-ac8a-e0b264ba03e9,TREPS / Reverse Repo Investments,,,,,15984.47,INR,3.89,,,,{},2026-08-21 22:42:32.142347+00:00
3a906613-2bb0-4399-856b-bf49c76dc1b4,79c15fb7-f45b-4d33-a0bb-064626e7d023,48d8db2d-962d-46a1-ac8a-e0b264ba03e9,TREPS / Reverse Repo Investments,,,,,1622.6,INR,0.57,,,,{},2026-08-21 22:42:32.142347+00:00
09513ba9-e06e-49ec-a020-dc0f983c6d49,e26b38c7-d6d6-4d2a-822c-edd34c51f4cc,48d8db2d-962d-46a1-ac8a-e0b264ba03e9,TREPS / Reverse Repo Investments,,,,,310.35,INR,1.79,,,,{},2026-08-21 22:48:03.398021+00:00
a8276c3a-2678-4696-8696-f53c11d12991,9a2504d9-4f1a-4536-be0b-ad51d95213d1,48d8db2d-962d-46a1-ac8a-e0b264ba03e9,TREPS / Reverse Repo Investments,,,,,37871.5,INR,7.93,,,,{},2026-08-21 22:48:03.398021+00:00
3e744edb-ba3f-43f8-9ee5-91dd037a67ce,c4b41062-b693-4720-a056-1c792a56e78a,48d8db2d-962d-46a1-ac8a-e0b264ba03e9,TREPS / Reverse Repo Investments,,,,,-59477.24,INR,-4.74,,,,{},2026-08-21 22:48:03.398021+00:00
dbd92262-fffa-4a02-ab14-a474127c1c6f,70b9f874-ab18-425d-ab3c-5d0f493c31af,48d8db2d-962d-46a1-ac8a-e0b264ba03e9,TREPS / Reverse Repo Investments,,,,,119.77,INR,1.76,,,,{},2026-08-21 22:47:56.841927+00:00
89c67b93-3abb-4057-8df6-521d443487d2,1f0088b3-9779-4a2c-a46c-95aa9e462102,48d8db2d-962d-46a1-ac8a-e0b264ba03e9,TREPS / Reverse Repo Investments,,,,,194473.2,INR,99.51,,,,{},2026-08-21 22:47:56.841927+00:00
8732b91e-ffde-48e6-8436-fd4518301677,9629c1aa-c035-4c94-a9c4-f738eda2e623,48d8db2d-962d-46a1-ac8a-e0b264ba03e9,TREPS / Reverse Repo Investments,,,,,7588.2,INR,2.99,,,,{},2026-08-21 22:47:56.841927+00:00
a22166ed-4c05-42b5-9c94-fad93f9ce194,8e5ca08d-c6ef-4f1f-a5d9-efe844effd84,48d8db2d-962d-46a1-ac8a-e0b264ba03e9,TREPS / Reverse Repo Investments,,,,,1740.97,INR,1.06,,,,{},2026-08-21 22:42:56.887115+00:00
eaba2847-0ea1-47f5-bb77-4ff51e0bf09a,2ad65a8e-3555-40c1-9ca6-97884b00c34a,48d8db2d-962d-46a1-ac8a-e0b264ba03e9,TREPS / Reverse Repo Investments,,,,,174.13,INR,0.06,,,,{},2026-08-21 22:42:56.887115+00:00
6a00add2-a043-4812-8fcb-a927f352008f,05476498-9a2a-47cb-89a9-1eb58ac325c0,48d8db2d-962d-46a1-ac8a-e0b264ba03e9,TREPS / Reverse Repo Investments,,,,,1378.4,INR,0.99,,,,{},2026-08-21 22:28:00.333201+00:00
0c52cf4f-3433-4f51-90f9-3c373112b6eb,e687fca2-57d4-4be7-bd32-c155ca522388,48d8db2d-962d-46a1-ac8a-e0b264ba03e9,TREPS / Reverse Repo Investments,,,,,1082.15,INR,0.29,,,,{},2026-08-21 22:28:00.333201+00:00
3679a256-9120-4014-ad44-623a1d99a8c8,e771da65-7c99-4e13-8cdb-d52228fbc2a9,48d8db2d-962d-46a1-ac8a-e0b264ba03e9,TREPS / Reverse Repo Investments,,,,,47.2,INR,0.07,,,,{},2026-08-21 22:27:51.606989+00:00
8ec24a6c-7d50-41a8-bfa3-95fdf4e888aa,a86a1ca2-80e9-41a1-a8d8-b1e2afb0159c,48d8db2d-962d-46a1-ac8a-e0b264ba03e9,TREPS / Reverse Repo Investments,,,,,4750.79,INR,8.85,,,,{},2026-08-21 22:27:51.606989+00:00
92901c14-cfb0-497a-aec6-24c195c4b189,31b98558-3446-4859-afd0-60e7b0c9b47d,48d8db2d-962d-46a1-ac8a-e0b264ba03e9,TREPS / Reverse Repo Investments,,,,,3085.85,INR,26.94,,,,{},2026-08-21 22:27:51.606989+00:00
cad83554-16d6-4217-beb9-240bee6f2774,223147c2-8b24-45da-8811-fc97b939fe42,48d8db2d-962d-46a1-ac8a-e0b264ba03e9,TREPS / Reverse Repo Investments,,,,,7633.78,INR,2.24,,,,{},2026-08-21 22:27:51.606989+00:00
502f8280-f597-4983-a3df-d70bd9e42d51,c59f97f8-48fe-49b2-9b93-c9d26f4d00ac,48d8db2d-962d-46a1-ac8a-e0b264ba03e9,TREPS / Reverse Repo Investments,,,,,4174.24,INR,2.77,,,,{},2026-08-21 22:27:51.606989+00:00
10bbccd6-3912-4dd3-8489-1297c3b182d4,8f176ebf-b1bd-4696-90e4-be5da4bb63b6,48d8db2d-962d-46a1-ac8a-e0b264ba03e9,TREPS / Reverse Repo Investments,,,,,1570.46,INR,0.51,,,,{},2026-08-21 22:27:51.606989+00:00
95945256-f7a2-4f40-8968-bec4c80df412,3f0dc69d-77d4-4cd8-952c-3813c4871125,48d8db2d-962d-46a1-ac8a-e0b264ba03e9,TREPS / Reverse Repo Investments,,,,,670.64,INR,3.24,,,,{},2026-08-21 22:27:51.606989+00:00
a03fe482-4abb-442b-b11c-caf47867be97,8b56b530-dda6-4d7c-a6eb-67eb77c3f745,48d8db2d-962d-46a1-ac8a-e0b264ba03e9,TREPS / Reverse Repo Investments,,,,1049995685.0,10531.63,INR,0.67,,,Sovereign,{},2026-08-21 22:27:51.606989+00:00
151d4253-6c17-4189-a918-d3f069e9f0ff,40e45dae-d7b9-4622-bce8-3e342dc9a7bc,48d8db2d-962d-46a1-ac8a-e0b264ba03e9,TREPS / Reverse Repo Investments,,,,,113.26,INR,0.61,,,,{},2026-08-21 22:27:43.322310+00:00
9e1bc6ff-491a-48d1-9edd-5227af0c4918,87c1811a-9b37-4ee1-a921-d6d54cfa31ec,48d8db2d-962d-46a1-ac8a-e0b264ba03e9,TREPS / Reverse Repo Investments,,,,,4540.24,INR,6.64,,,,{},2026-08-21 22:27:43.322310+00:00
500b5c33-94c8-4230-a15f-445badfb562b,b366c1a2-eda8-4d10-92d6-667db97e46b2,48d8db2d-962d-46a1-ac8a-e0b264ba03e9,TREPS / Reverse Repo Investments,,,,,6153.37,INR,2.32,,,,{},2026-08-21 22:27:43.322310+00:00
87d04266-ef29-49f2-999d-2adeca10a3b3,367fc9cc-37a0-48d9-bf7a-e32dd51fd288,48d8db2d-962d-46a1-ac8a-e0b264ba03e9,TREPS / Reverse Repo Investments,,,,,3889.11,INR,1.76,,,,{},2026-08-21 22:42:32.142347+00:00
4e4e7b33-8b59-441f-a00e-6122d3b05760,5f6f380e-b58d-4af4-8482-673f6213f1ad,48d8db2d-962d-46a1-ac8a-e0b264ba03e9,TREPS / Reverse Repo Investments,,,,,60.25,INR,1.07,,,,{},2026-08-21 22:42:32.142347+00:00
0e20cfc6-d136-4e1f-a50d-b22746b6f4ef,1937445a-337f-45db-8db9-3b971b3d9fa1,48d8db2d-962d-46a1-ac8a-e0b264ba03e9,TREPS / Reverse Repo Investments,,,,,66.93,INR,0.02,,,,{},2026-08-21 22:42:32.142347+00:00
6b60bfe2-1cca-4c8c-81f4-8e9d7473f6f7,e94ab0ad-2b13-4a9a-b9d4-502e0a113661,48d8db2d-962d-46a1-ac8a-e0b264ba03e9,TREPS / Reverse Repo Investments,,,,,113086.06,INR,99.6,,,,{},2026-08-21 22:48:03.398021+00:00
e5fee17f-1592-49dd-aad7-d6d10df38afc,c3b16456-7ae8-4822-9cab-22e3c2121826,48d8db2d-962d-46a1-ac8a-e0b264ba03e9,TREPS / Reverse Repo Investments,,,,,2056.89,INR,10.65,,,,{},2026-08-21 22:48:03.398021+00:00
213b0273-2db6-4737-bfb4-1f1de5ef903c,c4b41062-b693-4720-a056-1c792a56e78a,48d8db2d-962d-46a1-ac8a-e0b264ba03e9,TREPS / Reverse Repo Investments,,,,,-32338.73,INR,-2.58,,,,{},2026-08-21 22:48:03.398021+00:00
c0ff220e-c654-43ba-8fa6-607e4d74424c,944459e8-4524-4bf9-b641-05454418243d,48d8db2d-962d-46a1-ac8a-e0b264ba03e9,TREPS / Reverse Repo Investments,,,,,3696.35,INR,4.59,,,,{},2026-08-21 22:47:56.841927+00:00
367fe520-9fb7-4277-9d71-104ce23e7d47,6e683d7f-f485-45ef-84e5-af40d1ee15fd,48d8db2d-962d-46a1-ac8a-e0b264ba03e9,TREPS / Reverse Repo Investments,,,,,408.24,INR,4.65,,,,{},2026-08-21 22:42:56.887115+00:00
75d6aa0c-ee4f-42db-bcfb-bf4543f27dc0,db372ba4-f807-471a-9f8c-e62f566a5879,48d8db2d-962d-46a1-ac8a-e0b264ba03e9,TREPS / Reverse Repo Investments,,,,,460.92,INR,1.64,,,,{},2026-08-21 22:42:56.887115+00:00
77d87e0a-15d1-486e-adba-5566b61de328,af6f2338-c688-4c43-93d5-870387f1df30,48d8db2d-962d-46a1-ac8a-e0b264ba03e9,TREPS / Reverse Repo Investments,,,,,562.69,INR,0.17,,,,{},2026-08-21 22:42:56.887115+00:00
5f9b5a5e-beba-40d0-b729-da9f1bb391bb,22f1b15b-1c63-413c-93c9-0f8fe5271517,48d8db2d-962d-46a1-ac8a-e0b264ba03e9,TREPS / Reverse Repo Investments,,,,,3221.96,INR,0.9,,,,{},2026-08-21 22:28:00.333201+00:00
cd5a52eb-64d4-4822-a74a-4ae56e3cdd2c,6b5d2872-40b1-4bb7-a0c1-e5368cadff36,48d8db2d-962d-46a1-ac8a-e0b264ba03e9,TREPS / Reverse Repo Investments,,,,,5439.83,INR,6.15,,,,{},2026-08-21 22:28:00.333201+00:00
a40f1ee3-2543-4958-b4a3-76a8b9a89922,deb98325-1455-4142-bdee-b7897cc7c62d,48d8db2d-962d-46a1-ac8a-e0b264ba03e9,TREPS / Reverse Repo Investments,,,,,169.56,INR,2.87,,,,{},2026-08-21 22:27:51.606989+00:00
d149433b-2257-4f1e-aa50-edefdb0a7e09,5fa02d63-94cf-49c4-b2f2-5204f3628553,48d8db2d-962d-46a1-ac8a-e0b264ba03e9,TREPS / Reverse Repo Investments,,,,,2324.1,INR,1.49,,,,{},2026-08-21 22:27:51.606989+00:00
216a6c92-20a1-4e4b-a347-6ff37eaed355,24f3a0fc-db4e-4f5d-8ce3-0f1220c49f68,48d8db2d-962d-46a1-ac8a-e0b264ba03e9,TREPS / Reverse Repo Investments,,,,,13223.04,INR,0.0394,,,,{},2026-08-21 22:27:51.606989+00:00
38bab9ac-f235-4fc7-96da-e5eb4a9ac197,8b56b530-dda6-4d7c-a6eb-67eb77c3f745,48d8db2d-962d-46a1-ac8a-e0b264ba03e9,TREPS / Reverse Repo Investments,,,,7434769742.0,-108131.11,INR,-6.83,,,,{},2026-08-21 22:27:51.606989+00:00
f06c0e0b-a32b-4b32-b7a7-eafcc08716aa,fea8d894-1250-43ee-bd1e-9258000070e4,48d8db2d-962d-46a1-ac8a-e0b264ba03e9,TREPS / Reverse Repo Investments,,,,,89.47,INR,1.74,,,,{},2026-08-21 22:27:43.322310+00:00
cc8c6a82-eba3-44a9-80f7-7f1c6db80350,f5468236-9267-4325-9790-e8e4d3f786fe,48d8db2d-962d-46a1-ac8a-e0b264ba03e9,TREPS / Reverse Repo Investments,,,,,27.19,INR,0.04,,,,{},2026-08-21 22:27:43.322310+00:00
b4c0744c-87fd-4a2b-8660-b6d9760adb2b,c013c858-d7e4-48e4-8885-935399840dd1,48d8db2d-962d-46a1-ac8a-e0b264ba03e9,TREPS / Reverse Repo Investments,,,,,406.12,INR,0.19,,,,{},2026-08-21 22:27:43.322310+00:00
41849303-969a-43d3-9f34-2f1764f4dcb9,c20da3cb-ea77-41a7-ba29-b756d147545a,48d8db2d-962d-46a1-ac8a-e0b264ba03e9,TREPS / Reverse Repo Investments,,,,,2162.18,INR,3.73,,,,{},2026-08-21 22:27:43.322310+00:00
b46a7f0f-7776-42cf-9559-8304ec8774a8,a98dbc30-617f-41d6-9435-ca7579c3e934,48d8db2d-962d-46a1-ac8a-e0b264ba03e9,TREPS / Reverse Repo Investments,,,,,223.38,INR,3.74,,,,{},2026-08-21 22:27:43.322310+00:00
8edceef6-b5be-4cb9-a404-8e12ec6d7cb1,cb02bc10-915c-49d2-a2e1-194c15e16032,48d8db2d-962d-46a1-ac8a-e0b264ba03e9,TREPS / Reverse Repo Investments,,,,,1524.29,INR,0.45,,,,{},2026-08-21 22:27:43.322310+00:00
6b7cd55b-0bc0-424d-8b68-2d5a9fe6db03,c8b2fbcd-6835-4a64-b790-0486910a39dd,48d8db2d-962d-46a1-ac8a-e0b264ba03e9,TREPS / Reverse Repo Investments,,,,,9678.09,INR,0.0242,,,,{},2026-08-21 22:27:43.322310+00:00
db9953d5-b77b-4101-80a3-5e492e8ba8a6,337c19b1-bcb1-4dbd-9336-ea5d9b511272,48d8db2d-962d-46a1-ac8a-e0b264ba03e9,TREPS / Reverse Repo Investments,,,,,,INR,,,,,{},2026-08-21 22:27:43.322310+00:00
cae1437a-037e-4ec7-9547-0354e00bc66b,3e6edf56-ddb8-4fd7-b144-82a35dff1401,48d8db2d-962d-46a1-ac8a-e0b264ba03e9,TREPS / Reverse Repo Investments,,,,,232248.68,INR,99.49,,,,{},2026-08-21 22:42:32.142347+00:00
f317a2f6-07c3-48b0-b80c-27047b0b69da,51fbba82-3ba2-40d5-b536-a87c16d280d0,48d8db2d-962d-46a1-ac8a-e0b264ba03e9,TREPS / Reverse Repo Investments,,,,,3061.12,INR,1.35,,,,{},2026-08-21 22:48:03.398021+00:00
34dbddb3-6049-47ac-9c79-a890e845e594,a9af8c7f-a8f1-4bb3-8bef-80950da7e376,48d8db2d-962d-46a1-ac8a-e0b264ba03e9,TREPS / Reverse Repo Investments,,,,,2258.0,INR,0.85,,,,{},2026-08-21 22:48:03.398021+00:00
900ea20c-5ec0-45da-9af8-b6302f5228e8,77329509-88bf-4dce-b097-2f2bb4147ec8,48d8db2d-962d-46a1-ac8a-e0b264ba03e9,TREPS / Reverse Repo Investments,,,,,3441.27,INR,0.77,,,,{},2026-08-21 22:48:03.398021+00:00
27c174cb-1d3c-4415-9a2e-cb4ae83a135d,52a6080c-9d80-41a2-b7ac-9768bdd7aa86,48d8db2d-962d-46a1-ac8a-e0b264ba03e9,TREPS / Reverse Repo Investments,,,,,90125.15,INR,99.55,,,,{},2026-08-21 22:47:56.841927+00:00
6f9eb83f-b200-4043-8673-a6fa3d19cf8c,2f586bfd-5d55-4adc-beb5-e4ed832ffcbc,48d8db2d-962d-46a1-ac8a-e0b264ba03e9,TREPS / Reverse Repo Investments,,,,,19714.47,INR,4.38,,,,{},2026-08-21 22:47:56.841927+00:00
8c5fa7ab-9554-424a-9311-631c0adaf8df,85f8d322-aa3a-4ade-84af-225179fbe923,48d8db2d-962d-46a1-ac8a-e0b264ba03e9,TREPS / Reverse Repo Investments,,,,,977.97,INR,96.01,,,,{},2026-08-21 22:42:56.887115+00:00
92d6f327-1879-4630-adb4-bda83d864f0d,7193e081-e13f-430b-8bcd-e7508996f665,48d8db2d-962d-46a1-ac8a-e0b264ba03e9,TREPS / Reverse Repo Investments,,,,,107.93,INR,2.27,,,,{},2026-08-21 22:42:56.887115+00:00
bce9bbd1-2be3-46d6-ba6e-3b48f1ff16ea,ac5de82c-34ec-4066-a7e1-149573763d54,48d8db2d-962d-46a1-ac8a-e0b264ba03e9,TREPS / Reverse Repo Investments,,,,,47.21,INR,0.69,,,,{},2026-08-21 22:42:56.887115+00:00
775bbd0d-d102-4c4a-937b-a134a4d70322,12639e2c-ae37-48bd-b977-7c0e1a8965e1,48d8db2d-962d-46a1-ac8a-e0b264ba03e9,TREPS / Reverse Repo Investments,,,,,248.85,INR,0.35,,,,{},2026-08-21 22:28:00.333201+00:00
489e8aca-ec66-4550-9e45-d509da5ac6f4,4eb221fa-52ef-4da6-b995-36f34efa70f1,48d8db2d-962d-46a1-ac8a-e0b264ba03e9,TREPS / Reverse Repo Investments,,,,,99.84,INR,0.51,,,,{},2026-08-21 22:28:00.333201+00:00
41e9c0a0-4911-4f69-8428-aa194235e529,e1bc241b-d20f-4365-8f21-1dc8bae4ddc8,48d8db2d-962d-46a1-ac8a-e0b264ba03e9,TREPS / Reverse Repo Investments,,,,,190991.43,INR,99.41,,,,{},2026-08-21 22:28:00.333201+00:00
9f8ad08d-3ebb-49eb-95b6-96661c6a83cf,16a96514-a294-46ce-901c-b833cad422c8,48d8db2d-962d-46a1-ac8a-e0b264ba03e9,TREPS / Reverse Repo Investments,,,,,45721.61,INR,99.5,,,,{},2026-08-21 22:28:00.333201+00:00
0d92ea8e-f44e-4939-b278-7b6b9ba7c636,363fcd54-58de-409c-83a1-9307268d95ae,48d8db2d-962d-46a1-ac8a-e0b264ba03e9,TREPS / Reverse Repo Investments,,,,,3253.55,INR,14.43,,,,{},2026-08-21 22:28:00.333201+00:00
4ea936ac-5588-4911-a3af-69b37b4c867a,a2565b16-cc39-456f-92b3-f92c0ea1d287,48d8db2d-962d-46a1-ac8a-e0b264ba03e9,TREPS / Reverse Repo Investments,,,,,203.54,INR,1.63,,,,{},2026-08-21 22:27:51.606989+00:00
b3fce41b-ab42-4894-a859-12198f338e4c,c7b58475-3b99-4fa2-98c3-3d2dda65c37f,48d8db2d-962d-46a1-ac8a-e0b264ba03e9,TREPS / Reverse Repo Investments,,,,,123141.11,INR,90.11,,,,{},2026-08-21 22:27:51.606989+00:00
7e4600b4-e154-413a-b56a-e9be3f5e12a7,a14edabe-48d2-4c76-9f14-b97545126ba4,48d8db2d-962d-46a1-ac8a-e0b264ba03e9,TREPS / Reverse Repo Investments,,,,,381.55,INR,0.14,,,,{},2026-08-21 22:27:51.606989+00:00
710b09f1-9672-4722-a871-125fbfbae79d,2ff0c7b5-ec0f-4371-8afe-61a4b7224117,48d8db2d-962d-46a1-ac8a-e0b264ba03e9,TREPS / Reverse Repo Investments,,,,,68811.24,INR,15.91,,,,{},2026-08-21 22:27:51.606989+00:00
841d2760-824d-44e2-a7fc-cacbdf5d584b,2fae2a62-d20d-47ce-afa9-2db98b06ad1a,48d8db2d-962d-46a1-ac8a-e0b264ba03e9,TREPS / Reverse Repo Investments,,,,,831.46,INR,0.0272,,,,{},2026-08-21 22:27:51.606989+00:00
e5e937f1-2553-4fca-8bab-3169dd31018a,1235aa4d-d6be-4e66-a594-97bf0a61627c,48d8db2d-962d-46a1-ac8a-e0b264ba03e9,TREPS / Reverse Repo Investments,,,,,360.06,INR,2.84,,,,{},2026-08-21 22:27:43.322310+00:00
3df205dc-06d4-4c95-8f99-6cfd4238a8ed,fe1f8698-0748-4cdb-912f-70d58c45bb14,48d8db2d-962d-46a1-ac8a-e0b264ba03e9,TREPS / Reverse Repo Investments,,,,,963.32,INR,0.0556,,,,{},2026-08-21 22:27:43.322310+00:00
fcd53ca5-0444-41b7-bcdc-03d0d4cb5243,8d568b47-a50b-4ad2-b8e7-3cc6a212500a,48d8db2d-962d-46a1-ac8a-e0b264ba03e9,TREPS / Reverse Repo Investments,,,,,3967.92,INR,2.09,,,,{},2026-08-21 22:27:43.322310+00:00
90cc5456-7a2e-46e0-a82e-ba5bb4c9757e,8dcc94b2-7f90-4baf-88f5-814ee13f6cc5,48d8db2d-962d-46a1-ac8a-e0b264ba03e9,TREPS / Reverse Repo Investments,,,,,3405.52,INR,16.26,,,,{},2026-08-21 22:27:43.322310+00:00
2f60fc4c-e637-48c4-afdf-41790084210b,8355d571-f1b0-4c8e-88fe-8f76fdbafd16,48d8db2d-962d-46a1-ac8a-e0b264ba03e9,TREPS / Reverse Repo Investments,,,,,1802.87,INR,5.9,,,,{},2026-08-21 22:42:56.887115+00:00
cf432c6d-e0f1-4934-b35c-4715531d409e,6e65a9b1-1deb-4eb8-a459-dd7dc3254b8b,48d8db2d-962d-46a1-ac8a-e0b264ba03e9,TREPS / Reverse Repo Investments,,,,,49.46,INR,1.01,,,,{},2026-08-21 22:42:32.142347+00:00
0615aeee-787d-4c6a-93b9-3e49a80f3112,de7a32be-9b9f-4739-86bb-39a8c00ba809,48d8db2d-962d-46a1-ac8a-e0b264ba03e9,TREPS / Reverse Repo Investments,,,,,600.61,INR,1.6,,,,{},2026-08-21 22:42:32.142347+00:00
0bb2aeda-0e62-43b2-994f-0c3dd6db1adb,d8ee8e24-6db6-4ad5-9bf4-2099a44c8d7a,48d8db2d-962d-46a1-ac8a-e0b264ba03e9,TREPS / Reverse Repo Investments,,,,,352.18,INR,1.87,,,,{},2026-08-21 22:42:32.142347+00:00
5ee4435a-eb84-492c-bd47-bdb3d34d7c23,53955092-420b-4f55-bf83-e40a31f574ef,48d8db2d-962d-46a1-ac8a-e0b264ba03e9,TREPS / Reverse Repo Investments,,,,,224.52,INR,2.46,,,,{},2026-08-21 22:48:03.398021+00:00
12081fb4-dca5-4bc0-971f-b9c721a18cc4,63b0af0b-1ac6-4a89-b9b5-7a3d8c5027dc,48d8db2d-962d-46a1-ac8a-e0b264ba03e9,TREPS / Reverse Repo Investments,,,,,3810.39,INR,1.57,,,,{},2026-08-21 22:48:03.398021+00:00
482c8b98-9470-4923-bb2b-1bb05c73f230,b0ace126-fcdc-452a-94dd-d8b77ed9cb4d,48d8db2d-962d-46a1-ac8a-e0b264ba03e9,TREPS / Reverse Repo Investments,,,,,584.1,INR,0.22,,,,{},2026-08-21 22:47:56.841927+00:00
4b587cf0-8582-427d-a7fc-2949a831e997,c82ccbc2-f363-4955-88d9-96af8656d8e3,48d8db2d-962d-46a1-ac8a-e0b264ba03e9,TREPS / Reverse Repo Investments,,,,,455.19,INR,1.23,,,,{},2026-08-21 22:47:56.841927+00:00
63eb8c81-05a1-46eb-8123-13f51a9284e2,e15d0b17-889e-4605-802b-c1e5e439ebdf,48d8db2d-962d-46a1-ac8a-e0b264ba03e9,TREPS / Reverse Repo Investments,,,,,16308.35,INR,5.07,,,,{},2026-08-21 22:47:56.841927+00:00
afb6ac16-6799-4799-994a-4af939f8b353,621774cd-aad6-4f6e-b637-0d320be946c3,48d8db2d-962d-46a1-ac8a-e0b264ba03e9,TREPS / Reverse Repo Investments,,,,,14682.15,INR,3.05,,,,{},2026-08-21 22:47:56.841927+00:00
158ec638-d359-4584-84d5-b36581546410,8a5fff29-1787-41f7-a8a7-f43585cde4f2,48d8db2d-962d-46a1-ac8a-e0b264ba03e9,TREPS / Reverse Repo Investments,,,,,3917.79,INR,1.38,,,,{},2026-08-21 22:47:56.841927+00:00
4d0038fb-0dc3-4a8a-8f3e-8db781ff498e,155bdd84-403a-4c53-84b0-7f201c361603,48d8db2d-962d-46a1-ac8a-e0b264ba03e9,TREPS / Reverse Repo Investments,,,,,34.23,INR,0.62,,,,{},2026-08-21 22:42:56.887115+00:00
024806fc-22fc-4809-a229-80a64a756426,95a7eebe-101a-4296-89b7-fb744a2e0ece,48d8db2d-962d-46a1-ac8a-e0b264ba03e9,TREPS / Reverse Repo Investments,,,,,162193.97,INR,99.47,,,,{},2026-08-21 22:42:56.887115+00:00
fc1338b3-b038-4dcd-bf60-1ed6b119dbc1,92e1fc10-df4f-4d11-a4a4-16c3681fab7a,48d8db2d-962d-46a1-ac8a-e0b264ba03e9,TREPS / Reverse Repo Investments,,,,,23.84,INR,0.54,,,,{},2026-08-21 22:42:56.887115+00:00
9f165918-2a24-4aaa-ab34-4b40fa086e7f,888e2b8d-b16f-41df-9a54-321b15f7ca68,48d8db2d-962d-46a1-ac8a-e0b264ba03e9,TREPS / Reverse Repo Investments,,,,,17.39,INR,0.26,,,,{},2026-08-21 22:28:00.333201+00:00
d7341aa4-3833-416c-b89b-8643e9afd6c2,ac293497-c767-44e8-9fe1-6db65b2d69dd,48d8db2d-962d-46a1-ac8a-e0b264ba03e9,TREPS / Reverse Repo Investments,,,,,3871.64,INR,2.14,,,,{},2026-08-21 22:28:00.333201+00:00
b68e5bff-56f4-4b20-8955-f7b98e2cd4ae,2663f05d-b3bd-4f5d-be47-2ab33a519e02,48d8db2d-962d-46a1-ac8a-e0b264ba03e9,TREPS / Reverse Repo Investments,,,,,21.63,INR,0.39,,,,{},2026-08-21 22:28:00.333201+00:00
0c3c1ead-e8ea-400b-8f65-e268c4aa6210,8b56b530-dda6-4d7c-a6eb-67eb77c3f745,48d8db2d-962d-46a1-ac8a-e0b264ba03e9,TREPS / Reverse Repo Investments,,,,,,INR,,,,,{},2026-08-21 22:27:51.606989+00:00
96f0aab5-a25e-4daf-8cf2-c2f414f3a79d,3c847dd7-b25d-4346-a5f9-c1381111d28c,48d8db2d-962d-46a1-ac8a-e0b264ba03e9,TREPS / Reverse Repo Investments,,,,,199.74,INR,2.32,,,,{},2026-08-21 22:27:43.322310+00:00
8fa254a2-05d3-4a3e-8ac2-8c864ebf62a9,3e0e4d3d-45ad-4f7c-ba31-4d41dd50ebaa,48d8db2d-962d-46a1-ac8a-e0b264ba03e9,TREPS / Reverse Repo Investments,,,,,1318.41,INR,0.28,,,,{},2026-08-21 22:27:43.322310+00:00
26f49a78-0699-4b8b-b2c0-42ae0c8e33d5,79d5b72a-0d3f-41e1-a09a-dd6070fd4b28,48d8db2d-962d-46a1-ac8a-e0b264ba03e9,TREPS / Reverse Repo Investments,,,,,248.41,INR,2.7,,,,{},2026-08-21 22:42:32.142347+00:00
a16257ba-c9ef-4ee3-ab2f-6f93fba8c3f1,6e45f4a1-b4e4-42e8-b2c7-708aec1bab01,48d8db2d-962d-46a1-ac8a-e0b264ba03e9,TREPS / Reverse Repo Investments,,,,,72386.2,INR,99.48,,,,{},2026-08-21 22:42:32.142347+00:00
cd49a922-6909-49fc-9026-cc658a8d0644,fe55e136-a6d3-4db3-b687-efa052b86625,48d8db2d-962d-46a1-ac8a-e0b264ba03e9,TREPS / Reverse Repo Investments,,,,,77668.94,INR,99.5,,,,{},2026-08-21 22:48:03.398021+00:00
39910c3c-fd36-472b-932c-7b8c209eed03,60d83955-6246-46b6-a768-943ad3e2334f,48d8db2d-962d-46a1-ac8a-e0b264ba03e9,TREPS / Reverse Repo Investments,,,,,1126.73,INR,1.16,,,,{},2026-08-21 22:48:03.398021+00:00
7fe3a4ab-db37-4f72-a9c6-bdf1e9114d13,6f1dfe4e-e2e2-468e-b0a9-788786e8cba2,48d8db2d-962d-46a1-ac8a-e0b264ba03e9,TREPS / Reverse Repo Investments,,,,,670.42,INR,0.24,,,,{},2026-08-21 22:48:03.398021+00:00
2659ef20-7b2f-4070-9f88-5e495ecbd1ce,c4b41062-b693-4720-a056-1c792a56e78a,48d8db2d-962d-46a1-ac8a-e0b264ba03e9,TREPS / Reverse Repo Investments,,,,,-103580.15,INR,-8.24,,,,{},2026-08-21 22:48:03.398021+00:00
73b27c74-2f29-4138-bb1c-8f8e44a61e10,f08f489f-2552-4a10-8266-e12dd18e1755,48d8db2d-962d-46a1-ac8a-e0b264ba03e9,TREPS / Reverse Repo Investments,,,,,20.4,INR,0.17,,,,{},2026-08-21 22:47:56.841927+00:00
d10174ad-0e13-478e-9b4d-0591ba702fa8,abfc42bc-dd58-48df-be02-f4b3eb09d92d,48d8db2d-962d-46a1-ac8a-e0b264ba03e9,TREPS / Reverse Repo Investments,,,,,200640.02,INR,94.12,,,,{},2026-08-21 22:47:56.841927+00:00
5628c855-babc-4986-86e8-c5d497ebfd1f,dbdb7794-627c-45b8-b5b9-b24c73dd9770,48d8db2d-962d-46a1-ac8a-e0b264ba03e9,TREPS / Reverse Repo Investments,,,,,431.91,INR,2.42,,,,{},2026-08-21 22:47:56.841927+00:00
2dd658df-1e80-44b5-a6d5-e9c14f7e704e,850495db-f215-46fd-958b-79589660acff,48d8db2d-962d-46a1-ac8a-e0b264ba03e9,TREPS / Reverse Repo Investments,,,,,3284.43,INR,2.71,,,,{},2026-08-21 22:47:56.841927+00:00
c1a46511-0c22-422c-b660-374aa7cfc8be,1af41bf6-fd28-4632-aaf7-446d6f7c1da8,48d8db2d-962d-46a1-ac8a-e0b264ba03e9,TREPS / Reverse Repo Investments,,,,,995.5,INR,0.62,,,,{},2026-08-21 22:42:56.887115+00:00
322a012b-3a45-466a-a804-f3177f84f1b5,5f56202f-1a1b-46ab-9352-32c451eb1f2c,48d8db2d-962d-46a1-ac8a-e0b264ba03e9,TREPS / Reverse Repo Investments,,,,,14.05,INR,0.11,,,,{},2026-08-21 22:28:00.333201+00:00
fd81deb1-6a19-46c3-bb84-ead4f12bddd0,e108a83c-f147-43d1-8812-128be3c4b7b1,48d8db2d-962d-46a1-ac8a-e0b264ba03e9,TREPS / Reverse Repo Investments,,,,,912.64,INR,2.82,,,,{},2026-08-21 22:28:00.333201+00:00
5c8a5b33-c610-4b72-9387-1b852e9f654d,10ad78f2-1f9e-475e-b925-9a73a663204d,48d8db2d-962d-46a1-ac8a-e0b264ba03e9,TREPS / Reverse Repo Investments,,,,,2254.19,INR,0.66,,,,{},2026-08-21 22:28:00.333201+00:00
3738e686-c1ca-4f9a-ac44-2a334d99492a,13b8de8d-e3b3-4382-b444-3edfcab4947a,48d8db2d-962d-46a1-ac8a-e0b264ba03e9,TREPS / Reverse Repo Investments,,,,,31733.63,INR,3.72,,,,{},2026-08-21 22:28:00.333201+00:00
68cd9b1e-f322-4013-8c5e-026979c2b243,b1052d40-184f-42f5-bbef-a63f027d6945,48d8db2d-962d-46a1-ac8a-e0b264ba03e9,TREPS / Reverse Repo Investments,,,,,-206061.88,INR,-9.78,,,,{},2026-08-21 22:28:00.333201+00:00
dff28c4a-916c-4368-94c4-8fe09df664fd,b621384d-63bb-4bc1-abfe-83c12ee24091,48d8db2d-962d-46a1-ac8a-e0b264ba03e9,TREPS / Reverse Repo Investments,,,,,757.86,INR,1.94,,,,{},2026-08-21 22:27:51.606989+00:00
840fc830-f640-43fc-83cb-b8ea7f49d236,683857a7-d74e-4bd0-a718-e5a298157857,48d8db2d-962d-46a1-ac8a-e0b264ba03e9,TREPS / Reverse Repo Investments,,,,,2846.86,INR,0.68,,,,{},2026-08-21 22:27:51.606989+00:00
94e82bae-a981-4dfe-b43f-398bbf9f9b55,95f3f344-e673-408d-980a-027c67f8eaa3,48d8db2d-962d-46a1-ac8a-e0b264ba03e9,TREPS / Reverse Repo Investments,,,,,65.18,INR,1.08,,,,{},2026-08-21 22:27:43.322310+00:00
fed2379a-7b71-41d5-bcd5-3beb84966b5f,16e863c6-88c5-4567-9b1e-f6f573629c3f,48d8db2d-962d-46a1-ac8a-e0b264ba03e9,TREPS / Reverse Repo Investments,,,,,1042.62,INR,2.57,,,,{},2026-08-21 22:27:43.322310+00:00
aebff5f8-98cc-46f9-a252-5804cb97957d,01b1e166-9a20-43a7-baab-8bb3eaa46562,48d8db2d-962d-46a1-ac8a-e0b264ba03e9,TREPS / Reverse Repo Investments,,,,,54011.34,INR,99.47,,,,{},2026-08-21 22:27:43.322310+00:00
b0969119-98bd-4282-a192-82f591f206f2,001fb7b2-1353-4858-a766-31af37dca255,48d8db2d-962d-46a1-ac8a-e0b264ba03e9,TREPS / Reverse Repo Investments,,,,,43.67,INR,0.07,,,,{},2026-08-21 22:42:32.142347+00:00
ccf2befa-3e90-476b-bd3d-7f4f53023838,7a1da441-0d6c-452d-8b96-83dc6d713f38,48d8db2d-962d-46a1-ac8a-e0b264ba03e9,TREPS / Reverse Repo Investments,,,,,22.57,INR,0.13,,,,{},2026-08-21 22:42:32.142347+00:00
8ff5422d-c60d-460b-9aba-2c81501a6a6c,54cbfe60-93e3-42a6-a127-b5320ae9b770,48d8db2d-962d-46a1-ac8a-e0b264ba03e9,TREPS / Reverse Repo Investments,,,,,98.49,INR,1.66,,,,{},2026-08-21 22:42:32.142347+00:00
a29a2f64-6883-44a6-ab72-ff13bd94891a,012ee2df-67a2-4f8f-a587-fac3e48c5ae4,18223eac-fbd7-4173-95ea-fb6631a1d7d3,TREPS / Reverse Repo Investments / Corporate Debt Repo,,,,,5543.36,INR,54.89,,,,{},2026-08-21 22:47:52.294394+00:00
92076655-cdc4-48f2-94d0-d0baa515fd1f,b77783b3-1bf4-4917-8291-bcd61c3a9411,18223eac-fbd7-4173-95ea-fb6631a1d7d3,TREPS / Reverse Repo Investments / Corporate Debt Repo,,,,,3253.43,INR,12.31,,,,{},2026-08-21 22:47:52.294394+00:00
7a13cb13-40fc-4317-88b1-e609e50c632a,337c19b1-bcb1-4dbd-9336-ea5d9b511272,18223eac-fbd7-4173-95ea-fb6631a1d7d3,TREPS / Reverse Repo Investments / Corporate Debt Repo,,,,,10651.77,INR,0.6,,,Sovereign,{},2026-08-21 22:27:43.322310+00:00
b4e18b60-07e5-49ad-9f70-d65e0c4ee150,facff9c4-14e4-4e76-b900-b917d400a0fa,18223eac-fbd7-4173-95ea-fb6631a1d7d3,TREPS / Reverse Repo Investments / Corporate Debt Repo,,,,,222393.32,INR,7.62,,,Sovereign,{},2026-08-21 22:42:56.887115+00:00
0d223734-ff9b-4c7b-8cbe-4867dccb9b79,640093d6-8321-4eeb-917b-9f208df0b555,18223eac-fbd7-4173-95ea-fb6631a1d7d3,TREPS / Reverse Repo Investments / Corporate Debt Repo,,,,,4497.32,INR,2.95,,,,{},2026-08-21 22:42:38.563884+00:00
d86b8d51-22b3-4f96-9df7-a9b8a0a90ae7,640093d6-8321-4eeb-917b-9f208df0b555,18223eac-fbd7-4173-95ea-fb6631a1d7d3,TREPS / Reverse Repo Investments / Corporate Debt Repo,,,,,233.81,INR,1.2,,,,{},2026-08-21 22:42:38.563884+00:00
77bdcd3f-12fd-4993-8ccc-cea8042ad1ed,51bd5e2e-a275-4dea-a285-bb3ff5593d5c,18223eac-fbd7-4173-95ea-fb6631a1d7d3,TREPS / Reverse Repo Investments / Corporate Debt Repo,,,,,21.28,INR,0.48,,,,{},2026-08-21 22:42:38.563884+00:00
6c2d1229-3854-402c-a85c-d0bf7b604295,51bd5e2e-a275-4dea-a285-bb3ff5593d5c,18223eac-fbd7-4173-95ea-fb6631a1d7d3,TREPS / Reverse Repo Investments / Corporate Debt Repo,,,,,13006.19,INR,5.39,,,,{},2026-08-21 22:42:38.563884+00:00
4fa7332e-5f50-490b-aa5f-2dbc1123d504,51bd5e2e-a275-4dea-a285-bb3ff5593d5c,18223eac-fbd7-4173-95ea-fb6631a1d7d3,TREPS / Reverse Repo Investments / Corporate Debt Repo,,,,,2304.35,INR,6.59,,,,{},2026-08-21 22:42:38.563884+00:00
7b5aae35-e455-4c79-887f-41bf7fcb84c2,51bd5e2e-a275-4dea-a285-bb3ff5593d5c,18223eac-fbd7-4173-95ea-fb6631a1d7d3,TREPS / Reverse Repo Investments / Corporate Debt Repo,,,,,18168.81,INR,5.74,,,,{},2026-08-21 22:42:38.563884+00:00
ee4ab932-46aa-41dd-a2b0-6eb832625a66,24b2aff0-1a07-4d53-a13d-197e7f110b34,18223eac-fbd7-4173-95ea-fb6631a1d7d3,TREPS / Reverse Repo Investments / Corporate Debt Repo,,,,,27640.23,INR,59.27,,,,{},2026-08-21 22:47:52.294394+00:00
74f6fe61-842a-44ab-8a74-88e7d0178f39,4c73d3e6-349d-4083-a72d-178e108b4002,18223eac-fbd7-4173-95ea-fb6631a1d7d3,TREPS / Reverse Repo Investments / Corporate Debt Repo,,,,,14675.23,INR,4.7,,,,{},2026-08-21 22:28:08.968230+00:00
968d3bc1-8b82-48f0-bdb1-5f5b94743e42,640093d6-8321-4eeb-917b-9f208df0b555,18223eac-fbd7-4173-95ea-fb6631a1d7d3,TREPS / Reverse Repo Investments / Corporate Debt Repo,,,,,4.89,INR,0.4,,,,{},2026-08-21 22:42:38.563884+00:00
59d3b40d-c780-47e7-9c52-7c12d7ae8281,640093d6-8321-4eeb-917b-9f208df0b555,18223eac-fbd7-4173-95ea-fb6631a1d7d3,TREPS / Reverse Repo Investments / Corporate Debt Repo,,,,,4.86,INR,0.43,,,,{},2026-08-21 22:42:38.563884+00:00
d9b170fd-d378-484f-a0ae-a498060cf512,640093d6-8321-4eeb-917b-9f208df0b555,18223eac-fbd7-4173-95ea-fb6631a1d7d3,TREPS / Reverse Repo Investments / Corporate Debt Repo,,,,,122.74,INR,0.32,,,,{},2026-08-21 22:42:38.563884+00:00
ce128c65-05c1-4f2c-9d62-9efda5703ae9,51bd5e2e-a275-4dea-a285-bb3ff5593d5c,18223eac-fbd7-4173-95ea-fb6631a1d7d3,TREPS / Reverse Repo Investments / Corporate Debt Repo,,,,,850.68,INR,0.98,,,,{},2026-08-21 22:42:38.563884+00:00
0ad67d76-e0c7-4238-9698-ee80ab43b534,51bd5e2e-a275-4dea-a285-bb3ff5593d5c,18223eac-fbd7-4173-95ea-fb6631a1d7d3,TREPS / Reverse Repo Investments / Corporate Debt Repo,,,,,55.44,INR,1.07,,,,{},2026-08-21 22:42:38.563884+00:00
17023223-cfdc-44f4-a3be-86a6d802ec10,51bd5e2e-a275-4dea-a285-bb3ff5593d5c,18223eac-fbd7-4173-95ea-fb6631a1d7d3,TREPS / Reverse Repo Investments / Corporate Debt Repo,,,,,34429.47,INR,9.77,,,,{},2026-08-21 22:42:38.563884+00:00
ba9be9be-9c91-4f74-9ddf-82e336f82e01,99d7c8e0-e9e2-4665-b808-5d81bdfbd7eb,18223eac-fbd7-4173-95ea-fb6631a1d7d3,TREPS / Reverse Repo Investments / Corporate Debt Repo,,,,,14.59,INR,0.33,,,,{},2026-08-21 22:28:08.968230+00:00
936c8a9b-df91-47da-be93-8642be29aad2,f8afd568-b109-44ac-ba3e-5225892fef9f,18223eac-fbd7-4173-95ea-fb6631a1d7d3,TREPS / Reverse Repo Investments / Corporate Debt Repo,,,,,11608.13,INR,4.5,,,,{},2026-08-21 22:28:08.968230+00:00
b140ede3-f1b7-4381-aabc-534078c3536b,9e677dec-6abf-4546-b55a-094e76b9fb18,18223eac-fbd7-4173-95ea-fb6631a1d7d3,TREPS / Reverse Repo Investments / Corporate Debt Repo,,,,,775.37,INR,2.24,,,,{},2026-08-21 22:28:08.968230+00:00
6ab25179-a8dd-4c68-bd6e-e1bfcc691fdc,ac7c09ed-c320-42bc-8abc-9ade4fb61c93,18223eac-fbd7-4173-95ea-fb6631a1d7d3,TREPS / Reverse Repo Investments / Corporate Debt Repo,,,,,19067.64,INR,9.35,,,,{},2026-08-21 22:47:52.294394+00:00
4f58a3dd-c244-4e4e-a83b-7119a49dc554,78f070ed-7596-4ada-83bd-5fd4fdf4133f,18223eac-fbd7-4173-95ea-fb6631a1d7d3,TREPS / Reverse Repo Investments / Corporate Debt Repo,,,,,21.32,INR,0.47,,,,{},2026-08-21 22:47:52.294394+00:00
acf98e27-6dd2-4bcb-9385-0276db31f877,dd780847-dab5-47ae-94fd-349dcef4f45f,18223eac-fbd7-4173-95ea-fb6631a1d7d3,TREPS / Reverse Repo Investments / Corporate Debt Repo,,,,,38507.8,INR,10.35,,,,{},2026-08-21 22:47:52.294394+00:00
44442660-0d9f-4322-99b8-203e5a0fb329,72f4660f-ce7d-4015-b9bf-90c9545964d8,18223eac-fbd7-4173-95ea-fb6631a1d7d3,TREPS / Reverse Repo Investments / Corporate Debt Repo,,,,,15434.19,INR,5.88,,,,{},2026-08-21 22:28:08.968230+00:00
76050926-f75c-485d-a88b-66b61f064abf,640093d6-8321-4eeb-917b-9f208df0b555,18223eac-fbd7-4173-95ea-fb6631a1d7d3,TREPS / Reverse Repo Investments / Corporate Debt Repo,,,,,3.9,INR,0.65,,,,{},2026-08-21 22:42:38.563884+00:00
387fd637-3d7a-4286-bd53-a17392f18fbd,640093d6-8321-4eeb-917b-9f208df0b555,18223eac-fbd7-4173-95ea-fb6631a1d7d3,TREPS / Reverse Repo Investments / Corporate Debt Repo,,,,,4.79,INR,0.4,,,,{},2026-08-21 22:42:38.563884+00:00
e2753e1f-836a-481f-b86a-29582c0b65aa,640093d6-8321-4eeb-917b-9f208df0b555,18223eac-fbd7-4173-95ea-fb6631a1d7d3,TREPS / Reverse Repo Investments / Corporate Debt Repo,,,,,54.55,INR,2.44,,,,{},2026-08-21 22:42:38.563884+00:00
fb6554f1-2e40-4c39-93c5-e4b3262f61d2,51bd5e2e-a275-4dea-a285-bb3ff5593d5c,18223eac-fbd7-4173-95ea-fb6631a1d7d3,TREPS / Reverse Repo Investments / Corporate Debt Repo,,,,,21.06,INR,0.13,,,,{},2026-08-21 22:42:38.563884+00:00
294607d9-45ea-4279-8087-a9e9d3f86ac0,51bd5e2e-a275-4dea-a285-bb3ff5593d5c,18223eac-fbd7-4173-95ea-fb6631a1d7d3,TREPS / Reverse Repo Investments / Corporate Debt Repo,,,,,11612.75,INR,4.36,,,,{},2026-08-21 22:42:38.563884+00:00
5432a705-971b-43ca-83b4-bbed755a74c4,ef504ea4-3d11-4782-9388-c4491f323f29,18223eac-fbd7-4173-95ea-fb6631a1d7d3,TREPS / Reverse Repo Investments / Corporate Debt Repo,,,,,18.63,INR,0.09,,,,{},2026-08-21 22:28:08.968230+00:00
6b8d503d-7376-45f9-a751-46141af143a1,238fc44a-9b8a-44b9-be62-eab288fa9118,18223eac-fbd7-4173-95ea-fb6631a1d7d3,TREPS / Reverse Repo Investments / Corporate Debt Repo,,,,,79.17,INR,0.92,,,,{},2026-08-21 22:28:08.968230+00:00
c0b4818f-1d64-4751-b412-f182ed70b9e2,58a2a794-3677-48a2-a932-29a7511b4791,18223eac-fbd7-4173-95ea-fb6631a1d7d3,TREPS / Reverse Repo Investments / Corporate Debt Repo,,,,,15.65,INR,0.05,,,,{},2026-08-21 22:28:08.968230+00:00
55d3eebc-9860-4fc3-8240-39a3f30abad1,b04e2240-e78a-4780-ae55-0f23beee477d,18223eac-fbd7-4173-95ea-fb6631a1d7d3,TREPS / Reverse Repo Investments / Corporate Debt Repo,,,,,1487.8,INR,0.58,,,,{},2026-08-21 22:28:08.968230+00:00
223add3f-6872-48a7-936b-0a8d2947fe61,3ed81b8a-bd09-4b1a-bebe-0210f755e663,18223eac-fbd7-4173-95ea-fb6631a1d7d3,TREPS / Reverse Repo Investments / Corporate Debt Repo,,,,,19.27,INR,0.75,,,,{},2026-08-21 22:47:52.294394+00:00
61767188-110d-425f-889b-679a6db3ea7a,c5003a7c-0c45-4124-b5df-d5bd44e717c2,18223eac-fbd7-4173-95ea-fb6631a1d7d3,TREPS / Reverse Repo Investments / Corporate Debt Repo,,,,,1915.92,INR,9.36,,,,{},2026-08-21 22:28:08.968230+00:00
e53e8696-4df5-4b47-8c7c-ae4eed98a396,facff9c4-14e4-4e76-b900-b917d400a0fa,18223eac-fbd7-4173-95ea-fb6631a1d7d3,TREPS / Reverse Repo Investments / Corporate Debt Repo,,,,,25605.74,INR,0.88,,,Sovereign,{},2026-08-21 22:42:56.887115+00:00
53a15b5d-8b37-4c82-a3b4-c34eb72c038d,640093d6-8321-4eeb-917b-9f208df0b555,18223eac-fbd7-4173-95ea-fb6631a1d7d3,TREPS / Reverse Repo Investments / Corporate Debt Repo,,,,,12.59,INR,0.32,,,,{},2026-08-21 22:42:38.563884+00:00
66981ea5-4783-4f0d-8d6b-1e5b05a7daed,640093d6-8321-4eeb-917b-9f208df0b555,18223eac-fbd7-4173-95ea-fb6631a1d7d3,TREPS / Reverse Repo Investments / Corporate Debt Repo,,,,,35.64,INR,0.21,,,,{},2026-08-21 22:42:38.563884+00:00
916d9480-789f-4907-8f8e-9c0c4e521182,640093d6-8321-4eeb-917b-9f208df0b555,18223eac-fbd7-4173-95ea-fb6631a1d7d3,TREPS / Reverse Repo Investments / Corporate Debt Repo,,,,,173.51,INR,0.26,,,,{},2026-08-21 22:42:38.563884+00:00
b4ba34e5-1277-4f7d-bb9d-f24a458f6a63,640093d6-8321-4eeb-917b-9f208df0b555,18223eac-fbd7-4173-95ea-fb6631a1d7d3,TREPS / Reverse Repo Investments / Corporate Debt Repo,,,,,3879.79,INR,5.33,,,,{},2026-08-21 22:42:38.563884+00:00
deb38e70-b99d-4291-b4fc-47588a84517f,640093d6-8321-4eeb-917b-9f208df0b555,18223eac-fbd7-4173-95ea-fb6631a1d7d3,TREPS / Reverse Repo Investments / Corporate Debt Repo,,,,,59783.82,INR,5.13,,,,{},2026-08-21 22:42:38.563884+00:00
76ce799a-d668-4e95-9ae0-5de8cd5d0baa,640093d6-8321-4eeb-917b-9f208df0b555,18223eac-fbd7-4173-95ea-fb6631a1d7d3,TREPS / Reverse Repo Investments / Corporate Debt Repo,,,,,21779.01,INR,1.84,,,,{},2026-08-21 22:42:38.563884+00:00
61d074cd-7371-4149-a311-08561a5a7017,640093d6-8321-4eeb-917b-9f208df0b555,18223eac-fbd7-4173-95ea-fb6631a1d7d3,TREPS / Reverse Repo Investments / Corporate Debt Repo,,,,,40875.3,INR,4.7,,,,{},2026-08-21 22:42:38.563884+00:00
eef00622-5d0f-4a15-ad1b-bdadc2db658a,6aaa8e03-9440-4b3c-b09f-b3407d1f3e47,18223eac-fbd7-4173-95ea-fb6631a1d7d3,TREPS / Reverse Repo Investments / Corporate Debt Repo,,,,,20857.85,INR,42.35,,,,{},2026-08-21 22:47:52.294394+00:00
8aa98d9e-447b-4da3-85e2-56851fbf3ee6,470bb170-ce67-4e31-a36e-920ae5d37543,18223eac-fbd7-4173-95ea-fb6631a1d7d3,TREPS / Reverse Repo Investments / Corporate Debt Repo,,,,,10989.94,INR,80.01,,,,{},2026-08-21 22:47:52.294394+00:00
b7bc86b1-96f9-467f-a319-793da49ced19,4720fe98-a619-48d6-96ed-04786658e580,18223eac-fbd7-4173-95ea-fb6631a1d7d3,TREPS / Reverse Repo Investments / Corporate Debt Repo,,,,,20972.08,INR,80.69,,,,{},2026-08-21 22:47:52.294394+00:00
29050e43-8458-479b-bcec-e617782eecdf,1d191707-fc19-4a43-a680-d6a11624d2d7,18223eac-fbd7-4173-95ea-fb6631a1d7d3,TREPS / Reverse Repo Investments / Corporate Debt Repo,,,,,14845.99,INR,4.88,,,,{},2026-08-21 22:47:52.294394+00:00
4ccad92f-0056-4c83-9b9c-34be6bcce4e0,75aa749d-fd9c-4a49-be27-f45fc784e95a,18223eac-fbd7-4173-95ea-fb6631a1d7d3,TREPS / Reverse Repo Investments / Corporate Debt Repo,,,,,15825.07,INR,34.56,,,,{},2026-08-21 22:47:52.294394+00:00
5ba6bcf8-aa98-4eb6-bfe5-8b72af56f9b3,640093d6-8321-4eeb-917b-9f208df0b555,18223eac-fbd7-4173-95ea-fb6631a1d7d3,TREPS / Reverse Repo Investments / Corporate Debt Repo,,,,,9.81,INR,0.38,,,,{},2026-08-21 22:42:38.563884+00:00
4e0b13b2-a3d9-4cc9-bc3a-d2ae6062acf5,640093d6-8321-4eeb-917b-9f208df0b555,18223eac-fbd7-4173-95ea-fb6631a1d7d3,TREPS / Reverse Repo Investments / Corporate Debt Repo,,,,,5.56,INR,1.38,,,,{},2026-08-21 22:42:38.563884+00:00
4481c4b9-5174-4ef7-b6e5-059525ec376a,640093d6-8321-4eeb-917b-9f208df0b555,18223eac-fbd7-4173-95ea-fb6631a1d7d3,TREPS / Reverse Repo Investments / Corporate Debt Repo,,,,,2635.24,INR,4.64,,,,{},2026-08-21 22:42:38.563884+00:00
4beeca14-f8df-4a71-962e-e641f2b3f21c,640093d6-8321-4eeb-917b-9f208df0b555,18223eac-fbd7-4173-95ea-fb6631a1d7d3,TREPS / Reverse Repo Investments / Corporate Debt Repo,,,,,5.74,INR,0.08,,,,{},2026-08-21 22:42:38.563884+00:00
03837577-2d2b-4fbf-a634-1060d4d8839f,640093d6-8321-4eeb-917b-9f208df0b555,18223eac-fbd7-4173-95ea-fb6631a1d7d3,TREPS / Reverse Repo Investments / Corporate Debt Repo,,,,,169.72,INR,0.98,,,,{},2026-08-21 22:42:38.563884+00:00
a87abc1e-22ad-4940-8652-60ea70213ab5,640093d6-8321-4eeb-917b-9f208df0b555,18223eac-fbd7-4173-95ea-fb6631a1d7d3,TREPS / Reverse Repo Investments / Corporate Debt Repo,,,,,11224.11,INR,1.4,,,,{},2026-08-21 22:42:38.563884+00:00
f39bbead-0541-4b45-babd-99d3f80bebd3,51bd5e2e-a275-4dea-a285-bb3ff5593d5c,18223eac-fbd7-4173-95ea-fb6631a1d7d3,TREPS / Reverse Repo Investments / Corporate Debt Repo,,,,,19.11,INR,0.03,,,,{},2026-08-21 22:42:38.563884+00:00
9f3b287d-09c0-40f7-90d2-772da9fd7242,51bd5e2e-a275-4dea-a285-bb3ff5593d5c,18223eac-fbd7-4173-95ea-fb6631a1d7d3,TREPS / Reverse Repo Investments / Corporate Debt Repo,,,,,19.33,INR,0.17,,,,{},2026-08-21 22:42:38.563884+00:00
d9331c3c-5af3-4fa2-aedd-9fcf1c7d23e5,51bd5e2e-a275-4dea-a285-bb3ff5593d5c,18223eac-fbd7-4173-95ea-fb6631a1d7d3,TREPS / Reverse Repo Investments / Corporate Debt Repo,,,,,8977.57,INR,15.61,,,,{},2026-08-21 22:42:38.563884+00:00
84a64419-e2bb-446d-b1bc-6682bbe33d12,51bd5e2e-a275-4dea-a285-bb3ff5593d5c,18223eac-fbd7-4173-95ea-fb6631a1d7d3,TREPS / Reverse Repo Investments / Corporate Debt Repo,,,,,2086.81,INR,10.65,,,,{},2026-08-21 22:42:38.563884+00:00
bfcb74eb-beff-4109-a3b2-9e7855845f91,51bd5e2e-a275-4dea-a285-bb3ff5593d5c,18223eac-fbd7-4173-95ea-fb6631a1d7d3,TREPS / Reverse Repo Investments / Corporate Debt Repo,,,,,47633.99,INR,3.36,,,,{},2026-08-21 22:42:38.563884+00:00
14c62794-de9f-454b-9cff-b54d5be71c15,dd454cb2-6c59-4c6c-b8ae-adb8afb44272,18223eac-fbd7-4173-95ea-fb6631a1d7d3,TREPS / Reverse Repo Investments / Corporate Debt Repo,,,,,25.24,INR,0.16,,,,{},2026-08-21 22:28:08.968230+00:00
a07116ea-9080-4f06-a733-16af8ed69d3d,fd3e8a0f-01c9-435d-abfd-0a4a9ac4dce2,18223eac-fbd7-4173-95ea-fb6631a1d7d3,TREPS / Reverse Repo Investments / Corporate Debt Repo,,,,,7497.68,INR,60.99,,,,{},2026-08-21 22:47:52.294394+00:00
b289f513-4d3e-4be7-8916-0469815e1578,edd551d2-a0c4-4472-9f59-c7fa8c42470d,18223eac-fbd7-4173-95ea-fb6631a1d7d3,TREPS / Reverse Repo Investments / Corporate Debt Repo,,,,,124243.89,INR,99.28,,,,{},2026-08-21 22:47:52.294394+00:00
5ff150c4-fa81-4176-bce1-6b7261b93705,3ff683df-6aec-461f-9fca-47b4429d743d,18223eac-fbd7-4173-95ea-fb6631a1d7d3,TREPS / Reverse Repo Investments / Corporate Debt Repo,,,,,3964.95,INR,1.53,,,,{},2026-08-21 22:47:52.294394+00:00
4aafcb47-5486-455e-a758-457c032aa1da,337c19b1-bcb1-4dbd-9336-ea5d9b511272,18223eac-fbd7-4173-95ea-fb6631a1d7d3,TREPS / Reverse Repo Investments / Corporate Debt Repo,,,,,32374.13,INR,1.82,,,,{},2026-08-21 22:27:43.322310+00:00
a40f79eb-e2cb-435e-b535-f3c5d55bed8d,facff9c4-14e4-4e76-b900-b917d400a0fa,18223eac-fbd7-4173-95ea-fb6631a1d7d3,TREPS / Reverse Repo Investments / Corporate Debt Repo,,,,,12977.62,INR,0.44,,,Sovereign,{},2026-08-21 22:42:56.887115+00:00
8141d05b-905f-45dd-97f0-560991348c54,640093d6-8321-4eeb-917b-9f208df0b555,18223eac-fbd7-4173-95ea-fb6631a1d7d3,TREPS / Reverse Repo Investments / Corporate Debt Repo,,,,,6266.75,INR,3.17,,,,{},2026-08-21 22:42:38.563884+00:00
c456c0d4-ba00-46e8-a323-6d729f54b1e4,640093d6-8321-4eeb-917b-9f208df0b555,18223eac-fbd7-4173-95ea-fb6631a1d7d3,TREPS / Reverse Repo Investments / Corporate Debt Repo,,,,,51775.38,INR,3.55,,,,{},2026-08-21 22:42:38.563884+00:00
046af814-4073-45f7-b4b7-cd34e47c79bf,51bd5e2e-a275-4dea-a285-bb3ff5593d5c,18223eac-fbd7-4173-95ea-fb6631a1d7d3,TREPS / Reverse Repo Investments / Corporate Debt Repo,,,,,199.94,INR,0.61,,,,{},2026-08-21 22:42:38.563884+00:00
3163c138-796b-415d-8998-9e2affc5f21e,51bd5e2e-a275-4dea-a285-bb3ff5593d5c,18223eac-fbd7-4173-95ea-fb6631a1d7d3,TREPS / Reverse Repo Investments / Corporate Debt Repo,,,,,2623.51,INR,1.18,,,,{},2026-08-21 22:42:38.563884+00:00
d473c9f6-782a-4efc-80c3-ab168826c530,51bd5e2e-a275-4dea-a285-bb3ff5593d5c,18223eac-fbd7-4173-95ea-fb6631a1d7d3,TREPS / Reverse Repo Investments / Corporate Debt Repo,,,,,1266.63,INR,0.49,,,,{},2026-08-21 22:42:38.563884+00:00
3199f647-7eef-4280-baa0-a8d0707f9b31,51bd5e2e-a275-4dea-a285-bb3ff5593d5c,18223eac-fbd7-4173-95ea-fb6631a1d7d3,TREPS / Reverse Repo Investments / Corporate Debt Repo,,,,,4874.53,INR,0.9,,,,{},2026-08-21 22:42:38.563884+00:00
2f945313-64ec-42a0-944b-aaa617c910cf,08180163-e2b7-47f6-b1ca-a69843c50340,18223eac-fbd7-4173-95ea-fb6631a1d7d3,TREPS / Reverse Repo Investments / Corporate Debt Repo,,,,,29.2,INR,0.27,,,,{},2026-08-21 22:28:08.968230+00:00
46c4b37f-1eb8-43f4-9315-2930ea123d36,dcf0a87e-d85b-4a7d-908b-f096a8532005,18223eac-fbd7-4173-95ea-fb6631a1d7d3,TREPS / Reverse Repo Investments / Corporate Debt Repo,,,,,15411.4,INR,5.17,,,,{},2026-08-21 22:28:08.968230+00:00
b2419495-a13e-48bf-ae81-df05e523c270,a4a0d05b-6013-4601-bb3a-1999f3f2157b,18223eac-fbd7-4173-95ea-fb6631a1d7d3,TREPS / Reverse Repo Investments / Corporate Debt Repo,,,,,9202.02,INR,35.21,,,,{},2026-08-21 22:47:52.294394+00:00
f25de5a1-b1c5-4e8f-ba0c-ee51b55ca173,88e87bee-5efc-4a99-8409-6821195bb4b1,18223eac-fbd7-4173-95ea-fb6631a1d7d3,TREPS / Reverse Repo Investments / Corporate Debt Repo,,,,,351.98,INR,1.0,,,,{},2026-08-21 22:47:52.294394+00:00
6a2365ea-6b34-4ff6-b9fe-137dde932b27,eb608724-1629-413f-b491-e615fdc4b4a2,18223eac-fbd7-4173-95ea-fb6631a1d7d3,TREPS / Reverse Repo Investments / Corporate Debt Repo,,,,,20904.32,INR,34.53,,,,{},2026-08-21 22:47:52.294394+00:00
92421fdc-b27a-4b93-be31-7509cb02a766,e71423aa-9378-4ace-9eb2-c67641986876,18223eac-fbd7-4173-95ea-fb6631a1d7d3,TREPS / Reverse Repo Investments / Corporate Debt Repo,,,,,17071.04,INR,4.15,,,,{},2026-08-21 22:47:52.294394+00:00
908d76d1-eb9f-47c4-b679-17dfb7466258,4591cbcb-c2d0-47ff-b9f1-081edb7b0bf4,18223eac-fbd7-4173-95ea-fb6631a1d7d3,TREPS / Reverse Repo Investments / Corporate Debt Repo,,,,,3846.09,INR,0.41,,,,{},2026-08-21 22:28:08.968230+00:00
985a791a-40ae-42fa-b791-aeaf8b16ac0f,640093d6-8321-4eeb-917b-9f208df0b555,18223eac-fbd7-4173-95ea-fb6631a1d7d3,TREPS / Reverse Repo Investments / Corporate Debt Repo,,,,,16.08,INR,0.23,,,,{},2026-08-21 22:42:38.563884+00:00
01bce5d1-49ee-4b36-8470-8cd1b19d6f65,640093d6-8321-4eeb-917b-9f208df0b555,18223eac-fbd7-4173-95ea-fb6631a1d7d3,TREPS / Reverse Repo Investments / Corporate Debt Repo,,,,,34.63,INR,0.12,,,,{},2026-08-21 22:42:38.563884+00:00
6f4f7e7a-1fa1-4d8a-b47e-f8e63960263a,640093d6-8321-4eeb-917b-9f208df0b555,18223eac-fbd7-4173-95ea-fb6631a1d7d3,TREPS / Reverse Repo Investments / Corporate Debt Repo,,,,,77.07,INR,1.35,,,,{},2026-08-21 22:42:38.563884+00:00
fae544f6-9e1c-4219-904e-8452329681ea,640093d6-8321-4eeb-917b-9f208df0b555,18223eac-fbd7-4173-95ea-fb6631a1d7d3,TREPS / Reverse Repo Investments / Corporate Debt Repo,,,,,4798.1,INR,2.04,,,,{},2026-08-21 22:42:38.563884+00:00
49d92146-9aaa-4bc8-bba7-e639ecec5757,51bd5e2e-a275-4dea-a285-bb3ff5593d5c,18223eac-fbd7-4173-95ea-fb6631a1d7d3,TREPS / Reverse Repo Investments / Corporate Debt Repo,,,,,58067.7,INR,99.53,,,,{},2026-08-21 22:42:38.563884+00:00
bf569da5-0f6a-4d34-bcef-1b95089ba19a,51bd5e2e-a275-4dea-a285-bb3ff5593d5c,18223eac-fbd7-4173-95ea-fb6631a1d7d3,TREPS / Reverse Repo Investments / Corporate Debt Repo,,,,,145.37,INR,1.58,,,,{},2026-08-21 22:42:38.563884+00:00
b55f9386-5719-4817-a5ef-7ef10784ee88,dead7470-4f29-4afc-8b73-40d16e6240a4,18223eac-fbd7-4173-95ea-fb6631a1d7d3,TREPS / Reverse Repo Investments / Corporate Debt Repo,,,,,1361.82,INR,0.63,,,,{},2026-08-21 22:28:08.968230+00:00
48f0ad3a-1822-47cd-8b31-45355b3611bf,d752970f-f545-4c22-b17e-1cb88a905642,18223eac-fbd7-4173-95ea-fb6631a1d7d3,TREPS / Reverse Repo Investments / Corporate Debt Repo,,,,,224256.74,INR,93.72,,,,{},2026-08-21 22:28:08.968230+00:00
93622784-958f-4114-9bdc-029148709c76,551a5203-3c95-4b5a-9daf-cf2a35524a63,18223eac-fbd7-4173-95ea-fb6631a1d7d3,TREPS / Reverse Repo Investments / Corporate Debt Repo,,,,,218.0,INR,1.18,,,,{},2026-08-21 22:28:08.968230+00:00
fff2ad1f-ee52-4bbd-bbae-621ebb707dfc,576d2fff-17f2-47c3-99b9-f157e45032ea,18223eac-fbd7-4173-95ea-fb6631a1d7d3,TREPS / Reverse Repo Investments / Corporate Debt Repo,,,,,8934.53,INR,2.18,,,,{},2026-08-21 22:28:08.968230+00:00
79de2d30-a767-4717-b745-86411870dc74,22643a51-52f7-491e-8402-99edcead8da8,18223eac-fbd7-4173-95ea-fb6631a1d7d3,TREPS / Reverse Repo Investments / Corporate Debt Repo,,,,,10543.88,INR,18.15,,,,{},2026-08-21 22:28:08.968230+00:00
a9682af2-c241-4ec4-947b-7519e60fb677,28b94171-7504-450a-a21a-c461e2063bb1,18223eac-fbd7-4173-95ea-fb6631a1d7d3,TREPS / Reverse Repo Investments / Corporate Debt Repo,,,,,9126.17,INR,16.93,,,,{},2026-08-21 22:28:08.968230+00:00
bdad133b-bebd-4c79-b0e7-af9681b00b23,87a26a24-d02a-4760-8a36-ee7270584927,18223eac-fbd7-4173-95ea-fb6631a1d7d3,TREPS / Reverse Repo Investments / Corporate Debt Repo,,,,,68.54,INR,1.16,,,,{},2026-08-21 22:47:52.294394+00:00
a1da019e-91e5-40d3-8d79-a73debc8c271,aa9005b3-f595-463c-a84e-c3e0ddb8b28f,18223eac-fbd7-4173-95ea-fb6631a1d7d3,TREPS / Reverse Repo Investments / Corporate Debt Repo,,,,,14949.38,INR,4.4,,,,{},2026-08-21 22:47:52.294394+00:00
fa5f3aff-2c13-46c1-8ce8-406549de4a4d,c996d80a-b641-415a-9fbd-e5286742582b,18223eac-fbd7-4173-95ea-fb6631a1d7d3,TREPS / Reverse Repo Investments / Corporate Debt Repo,,,,,805.58,INR,4.11,,,,{},2026-08-21 22:47:52.294394+00:00
3056ad8f-a7fe-4103-8cb5-fa33a63624f2,d944b7b3-efb9-4a4a-a78c-18b0cf9bf416,18223eac-fbd7-4173-95ea-fb6631a1d7d3,TREPS / Reverse Repo Investments / Corporate Debt Repo,,,,,10060.67,INR,2.92,,,,{},2026-08-21 22:47:52.294394+00:00
8ea19a99-369d-4dab-8487-9c9eb505d220,f1fe3987-a57c-469f-88f5-35dbb861a8e4,18223eac-fbd7-4173-95ea-fb6631a1d7d3,TREPS / Reverse Repo Investments / Corporate Debt Repo#,,,,,199713.48,INR,16.79,,,,{},2026-08-21 22:47:52.294394+00:00
68683195-68f2-40ce-bc22-d200849cb6f7,640093d6-8321-4eeb-917b-9f208df0b555,18223eac-fbd7-4173-95ea-fb6631a1d7d3,TREPS / Reverse Repo Investments / Corporate Debt Repo,,,,,4.11,INR,0.04,,,,{},2026-08-21 22:42:38.563884+00:00
a69028e7-6aee-492e-90ef-96f1505784f5,640093d6-8321-4eeb-917b-9f208df0b555,18223eac-fbd7-4173-95ea-fb6631a1d7d3,TREPS / Reverse Repo Investments / Corporate Debt Repo,,,,,903.6,INR,1.14,,,,{},2026-08-21 22:42:38.563884+00:00
6238448c-6756-4127-9faf-955c85232f05,640093d6-8321-4eeb-917b-9f208df0b555,18223eac-fbd7-4173-95ea-fb6631a1d7d3,TREPS / Reverse Repo Investments / Corporate Debt Repo,,,,,1229.18,INR,1.53,,,,{},2026-08-21 22:42:38.563884+00:00
3d0ddba8-1284-4540-94fe-87465b46b749,640093d6-8321-4eeb-917b-9f208df0b555,18223eac-fbd7-4173-95ea-fb6631a1d7d3,TREPS / Reverse Repo Investments / Corporate Debt Repo,,,,,19876.54,INR,2.25,,,,{},2026-08-21 22:42:38.563884+00:00
5efb63d2-1c86-46a6-bedf-9953e348b6ec,51bd5e2e-a275-4dea-a285-bb3ff5593d5c,18223eac-fbd7-4173-95ea-fb6631a1d7d3,TREPS / Reverse Repo Investments / Corporate Debt Repo,,,,,305005.61,INR,95.05,,,,{},2026-08-21 22:42:38.563884+00:00
80f810ad-e752-4055-857f-26df99ed312f,51bd5e2e-a275-4dea-a285-bb3ff5593d5c,18223eac-fbd7-4173-95ea-fb6631a1d7d3,TREPS / Reverse Repo Investments / Corporate Debt Repo,,,,,6122.25,INR,10.33,,,,{},2026-08-21 22:42:38.563884+00:00
9360df6d-c538-480f-b3d4-1e769076c41e,b90689ce-b04b-4728-9417-d7d5cf29a889,18223eac-fbd7-4173-95ea-fb6631a1d7d3,TREPS / Reverse Repo Investments / Corporate Debt Repo,,,,,33.93,INR,0.06,,,,{},2026-08-21 22:28:08.968230+00:00
f42980b6-ccde-4559-8fbb-7d9ca30d7c5c,fdd0027b-0401-4d6d-998f-e43261872872,18223eac-fbd7-4173-95ea-fb6631a1d7d3,TREPS / Reverse Repo Investments / Corporate Debt Repo,,,,,13871.42,INR,18.16,,,,{},2026-08-21 22:28:08.968230+00:00
9794ef4a-1469-48f3-bd97-29b518f2670b,ee7f77d7-6936-4d83-ba59-9e88403bb081,18223eac-fbd7-4173-95ea-fb6631a1d7d3,TREPS / Reverse Repo Investments / Corporate Debt Repo,,,,,41.53,INR,0.73,,,,{},2026-08-21 22:28:08.968230+00:00
2f9db371-c5dc-4341-9855-c9383f5714cc,8eb6cd37-468a-4301-bc72-cdaf3f048f07,e0e9b19d-7e43-4178-856a-7ac8a3ecc9b4,"~ Yield to Maturity (YTM) as on October 31, 2024",,,,,,INR,,,,,{},2026-08-21 22:27:33.755328+00:00
53fc0441-fa01-4892-b298-e92134d0312b,e52aceb7-9bc0-403c-a7ee-524034694c23,24a2d32b-3fec-40c1-a980-398542aece89,TREPS 05-Apr-2021,,,,,10446.17,INR,8.4,,,,{},2026-08-22 00:02:40.944932+00:00
