holding_id,snapshot_id,instrument_id,security_name,isin
80e8c99c-9be2-4b1e-8339-843d3b460bda,8f176ebf-b1bd-4696-90e4-be5da4bb63b6,32147249-ce34-4534-bdbe-c14b0b3c549e,Annualised Portfolio YTM*:,0.0729
3cc41c3b-690b-4bc0-9a8c-7b0153333f59,e108a83c-f147-43d1-8812-128be3c4b7b1,681bf243-6ce4-44a2-9aa0-65dba4884220,Annualised Portfolio YTM*:,0.0695
d54efa11-bc16-4f57-bb98-7fa3f5601279,8b56b530-dda6-4d7c-a6eb-67eb77c3f745,681bf243-6ce4-44a2-9aa0-65dba4884220,Annualised Portfolio YTM*:,0.0695
07d409fe-df3d-47ed-a1f5-9ba30bd8db3a,bf03b6d4-f183-4273-9233-2f464066a549,a67e3d2d-1125-4587-af64-1bb8816ee399,As on (Date),2025-03-31 00:00:00
b342897b-52de-447f-9a92-3f15d6abf0cf,e771da65-7c99-4e13-8cdb-d52228fbc2a9,a67e3d2d-1125-4587-af64-1bb8816ee399,As on (Date),2025-03-31 00:00:00
72ded1ee-1aca-46d6-bcb7-9b4a072fcdcc,a2565b16-cc39-456f-92b3-f92c0ea1d287,a67e3d2d-1125-4587-af64-1bb8816ee399,As on (Date),2025-03-31 00:00:00
577a75a1-c871-483b-b588-85954abd5b68,57bf7fdd-93b0-487e-ad92-4a8aa8661288,a67e3d2d-1125-4587-af64-1bb8816ee399,As on (Date),2025-03-31 00:00:00
4e353231-9a8a-476c-9955-588b36efa16c,34f1a4b0-feee-42e3-87d7-68cb34f29360,a67e3d2d-1125-4587-af64-1bb8816ee399,As on (Date),2025-03-31 00:00:00
781eace2-830f-47b8-a20b-19f830ec4a25,a56c15d9-9072-4a7d-b591-f2212bc23d5a,a67e3d2d-1125-4587-af64-1bb8816ee399,As on (Date),2025-03-31 00:00:00
64c79854-370a-4305-8ad1-c2617ce0fe03,f3c71637-8fce-4289-89a6-119fb8881fb8,a67e3d2d-1125-4587-af64-1bb8816ee399,As on (Date),2025-03-31 00:00:00
66c9fc66-69cd-4225-a97d-94cf1a0f3ef9,b621384d-63bb-4bc1-abfe-83c12ee24091,a67e3d2d-1125-4587-af64-1bb8816ee399,As on (Date),2025-03-31 00:00:00
3bdc9f9f-8188-4a1e-ad37-05530ed605cc,511ec12d-ac26-4a9e-8dea-2b7aa7bf934a,a67e3d2d-1125-4587-af64-1bb8816ee399,As on (Date),2025-03-31 00:00:00
15e11fc8-4aef-4b65-b97d-fd3030ae4da6,c7b58475-3b99-4fa2-98c3-3d2dda65c37f,a67e3d2d-1125-4587-af64-1bb8816ee399,As on (Date),2025-03-31 00:00:00
ed08fcd5-9fa7-44cd-86ba-cf81c1fa3517,77de0052-85e0-4f1a-a4ff-6fb32ec99c92,a67e3d2d-1125-4587-af64-1bb8816ee399,As on (Date),2025-03-31 00:00:00
a68399c8-5939-4181-b6d6-7fe6f2b2d3e5,deb98325-1455-4142-bdee-b7897cc7c62d,a67e3d2d-1125-4587-af64-1bb8816ee399,As on (Date),2025-03-31 00:00:00
a94720a2-8e9e-4200-b1af-e43605f6820c,223147c2-8b24-45da-8811-fc97b939fe42,a67e3d2d-1125-4587-af64-1bb8816ee399,As on (Date),2025-03-31 00:00:00
5b11c752-d584-4d4a-943e-d93da80dcc3b,a14edabe-48d2-4c76-9f14-b97545126ba4,a67e3d2d-1125-4587-af64-1bb8816ee399,As on (Date),2025-03-31 00:00:00
3a812412-2f62-478b-9289-d82170b336c1,d261d9a5-22b9-44ab-98da-1f68d27ac487,a67e3d2d-1125-4587-af64-1bb8816ee399,As on (Date),2025-03-31 00:00:00
6aa3ab77-1f5a-4363-a1a1-28c36623b894,2ff0c7b5-ec0f-4371-8afe-61a4b7224117,a67e3d2d-1125-4587-af64-1bb8816ee399,As on (Date),2025-03-31 00:00:00
a5215376-0e20-4fa7-88ea-d5b58a8c89ac,5fa02d63-94cf-49c4-b2f2-5204f3628553,a67e3d2d-1125-4587-af64-1bb8816ee399,As on (Date),2025-03-31 00:00:00
34a9f6f8-fa41-493f-94d4-84d552648b30,2fae2a62-d20d-47ce-afa9-2db98b06ad1a,a67e3d2d-1125-4587-af64-1bb8816ee399,As on (Date),2025-03-31 00:00:00
d8014f5d-f21e-4d41-9597-523b30f7ca36,c59f97f8-48fe-49b2-9b93-c9d26f4d00ac,a67e3d2d-1125-4587-af64-1bb8816ee399,As on (Date),2025-03-31 00:00:00
be633d75-30e0-490d-a7a7-5300f6405a26,8f176ebf-b1bd-4696-90e4-be5da4bb63b6,a67e3d2d-1125-4587-af64-1bb8816ee399,As on (Date),2025-03-31 00:00:00
875aeead-0bab-407a-88b7-56dbabe8ceb7,683857a7-d74e-4bd0-a718-e5a298157857,a67e3d2d-1125-4587-af64-1bb8816ee399,As on (Date),2025-03-31 00:00:00
d0cc94f7-5e89-4554-a887-11bc9ea9029f,3f0dc69d-77d4-4cd8-952c-3813c4871125,a67e3d2d-1125-4587-af64-1bb8816ee399,As on (Date),2025-03-31 00:00:00
241ebf63-7dda-4701-9a9b-6a1cc5364cf8,24f3a0fc-db4e-4f5d-8ce3-0f1220c49f68,a67e3d2d-1125-4587-af64-1bb8816ee399,As on (Date),2025-03-31 00:00:00
cf0fc476-1434-4d78-b833-54a7e896ee88,8b56b530-dda6-4d7c-a6eb-67eb77c3f745,a67e3d2d-1125-4587-af64-1bb8816ee399,As on (Date),2025-03-31 00:00:00
4f4f83c6-152a-44da-ac56-8654e947d3af,c5003a7c-0c45-4124-b5df-d5bd44e717c2,56b31e8b-c932-44d1-9354-4349e7a8979a,Scheme Name:,DSP Credit Risk Fund
1e2a717c-319b-4030-b1f2-841b621ca8a8,363fcd54-58de-409c-83a1-9307268d95ae,56b31e8b-c932-44d1-9354-4349e7a8979a,Scheme Name:,DSP Credit Risk Fund
65d4a8b4-0ad6-4c94-91b6-8e4ff8ad60cb,3f0dc69d-77d4-4cd8-952c-3813c4871125,56b31e8b-c932-44d1-9354-4349e7a8979a,Scheme Name:,DSP Credit Risk Fund
a886eb2e-12b6-47ba-a392-e130fc4b1e15,8dcc94b2-7f90-4baf-88f5-814ee13f6cc5,56b31e8b-c932-44d1-9354-4349e7a8979a,Scheme Name:,DSP Credit Risk Fund
98589e55-7c98-424f-9bc2-7467e86b83b6,a56c15d9-9072-4a7d-b591-f2212bc23d5a,29e37d0b-6b34-4a09-9393-8fcc985fccdb,Annualised Portfolio YTM*:,0.0682
409e4090-3bfd-4205-87c5-f7143fce9360,77de0052-85e0-4f1a-a4ff-6fb32ec99c92,29e37d0b-6b34-4a09-9393-8fcc985fccdb,Annualised Portfolio YTM*:,0.0682
600d7e36-384b-4460-a844-8b4fa06fe257,62889a4c-18a0-4360-a661-25a9cd03d7e3,a55eac00-ea1a-4fc3-bfbb-1449210bfb6a,Scheme Name:,DSP Bond Fund
c897e4eb-897d-41aa-ac7e-ed1eb267fefb,2fae2a62-d20d-47ce-afa9-2db98b06ad1a,a55eac00-ea1a-4fc3-bfbb-1449210bfb6a,Scheme Name:,DSP Bond Fund
1a37f33e-9630-4503-a362-b6940eef9576,e65162bc-30e3-4c70-a364-2d29398aeef6,a55eac00-ea1a-4fc3-bfbb-1449210bfb6a,Scheme Name:,DSP Bond Fund
5f3df64a-adb5-46df-8612-8460895d0c99,9e677dec-6abf-4546-b55a-094e76b9fb18,a55eac00-ea1a-4fc3-bfbb-1449210bfb6a,Scheme Name:,DSP Bond Fund
5df52044-dc14-4eaf-a504-40008df37b86,df12f86f-e985-4385-adc3-77b0d98a2837,9502f92e-ac23-460b-8161-ede57001b880,Scheme Name:,DSP Regular Savings Fund
ec454949-1119-4c91-97d5-3ffa0664fe95,d261d9a5-22b9-44ab-98da-1f68d27ac487,9502f92e-ac23-460b-8161-ede57001b880,Scheme Name:,DSP Regular Savings Fund
e8531a4b-e2e6-430f-a94c-ed119a8b7096,fe1f8698-0748-4cdb-912f-70d58c45bb14,9502f92e-ac23-460b-8161-ede57001b880,Scheme Name:,DSP Regular Savings Fund
abb49f81-0b04-4e69-9842-2d392ec7cd84,551a5203-3c95-4b5a-9daf-cf2a35524a63,9502f92e-ac23-460b-8161-ede57001b880,Scheme Name:,DSP Regular Savings Fund
19b88bce-bee0-4598-92a9-2d610cadf9cf,888e2b8d-b16f-41df-9a54-321b15f7ca68,b2558393-331e-426e-9a22-db5a77fb3fc6,Annualised Portfolio YTM*:,0.0387
e515baa6-7d65-4b0c-8b8b-76776598e87e,4eb221fa-52ef-4da6-b995-36f34efa70f1,41afcbd7-4fdd-4307-8b67-ea2f081f48ef,Scheme Name:,DSP FMP Series 270 - 1144 Days
8faac1a6-b7be-496b-8246-561873a5c3a7,57bf7fdd-93b0-487e-ad92-4a8aa8661288,41afcbd7-4fdd-4307-8b67-ea2f081f48ef,Scheme Name:,DSP FMP Series 270 - 1144 Days
ed0f10a4-0e80-440d-b56c-0585f11f3cc8,40e45dae-d7b9-4622-bce8-3e342dc9a7bc,41afcbd7-4fdd-4307-8b67-ea2f081f48ef,Scheme Name:,DSP FMP Series 270 - 1144 Days
4db0d2fd-be51-44e1-b82d-029c2aa64ede,12639e2c-ae37-48bd-b977-7c0e1a8965e1,9022004b-ff85-4f80-9448-338f199d3d0a,Scheme Name:,DSP FMP Series 267 - 1246 Days
ecce739a-e493-4306-9dca-b6403abadff0,e771da65-7c99-4e13-8cdb-d52228fbc2a9,9022004b-ff85-4f80-9448-338f199d3d0a,Scheme Name:,DSP FMP Series 267 - 1246 Days
4a6ab741-f219-4971-89e8-d9547864f50c,f5468236-9267-4325-9790-e8e4d3f786fe,9022004b-ff85-4f80-9448-338f199d3d0a,Scheme Name:,DSP FMP Series 267 - 1246 Days
2d377872-736d-4742-8367-cb67829fa00d,b90689ce-b04b-4728-9417-d7d5cf29a889,9022004b-ff85-4f80-9448-338f199d3d0a,Scheme Name:,DSP FMP Series 267 - 1246 Days
e28d5af7-0a32-4163-b194-e75761e18547,a2565b16-cc39-456f-92b3-f92c0ea1d287,93eeeae9-7881-447d-b639-1adbaa3e84ba,Residual Maturity,0.92
6250053b-4736-4ea3-af51-301363ab053c,72f4660f-ce7d-4015-b9bf-90c9545964d8,1817cb50-0594-46e4-b047-4f1a85a63231,Scheme Name:,DSP Ultra Short Fund
4033d55e-c02c-47d0-a871-9883b2d0d826,24f3a0fc-db4e-4f5d-8ce3-0f1220c49f68,1817cb50-0594-46e4-b047-4f1a85a63231,Scheme Name:,DSP Ultra Short Fund
f61ea800-b29c-4985-8d8d-4fd4847098ac,22643a51-52f7-491e-8402-99edcead8da8,a723652e-14a9-40dc-bcf3-1b9042ae3d26,Scheme Name:,DSP Government Securities Fund
5b5e2ce6-1a9e-496a-aed7-5d3231a7c21e,dead7470-4f29-4afc-8b73-40d16e6240a4,9a09d47b-d952-485d-9eb0-755eab992463,Scheme Name:,DSP Nifty SDL Plus G-Sec Jun 2028
ce93caaf-95aa-4544-8052-c26bcc5cb189,58a2a794-3677-48a2-a932-29a7511b4791,cb19db00-e629-4905-a5ea-0ad1e308e1a9,Scheme Name:,DSP Crisil SDL Plus G-Sec Apr 2033 Index
44b912a4-0a43-45aa-a428-3b1ef8b1523d,ef504ea4-3d11-4782-9388-c4491f323f29,c250a0ea-3325-426a-8cc3-4ebf9c333fa3,Scheme Name:,DSP FMP SERIES 269 - 160 DAYS
d66cf799-fbdb-402f-9089-0bcf4682f200,dd454cb2-6c59-4c6c-b8ae-adb8afb44272,fb4273a6-1cb0-43db-9bfe-ebd6913a4238,Scheme Name:,DSP FMP SERIES 270 - 1144 DAYS
8465137e-c720-454e-953d-f5fe9f163301,bf03b6d4-f183-4273-9233-2f464066a549,16f0c4a5-fe44-4f33-907f-e12e633bd01f,Residual Maturity,1.4
ad28db96-8dfc-4e33-b684-09e9d7366bb2,e1bc241b-d20f-4365-8f21-1dc8bae4ddc8,ee6ec7ef-d35d-462b-81c0-0d04115b2949,DSP BSE LIQUID RATE ETF,0.9941
c851495a-ef4d-4816-9024-90760a799cfb,3c12aae2-e082-454a-89af-a209fca81a03,ee6ec7ef-d35d-462b-81c0-0d04115b2949,DIRF,0.9941
1e501920-626e-4a10-a8f7-1366b02583f7,363fcd54-58de-409c-83a1-9307268d95ae,bddd1b48-6d91-420f-a4f3-3a90519a2dfb,Macaulay Duration,2.27
38fc56f8-5630-40de-879c-9a319d12f359,066246e5-9f5f-4ddd-8f0a-5a6cb36e2c5d,328515ef-a52e-4fa4-a4a1-0bf0da79f90b,Macaulay Duration,0.53
c16c4e5e-1997-42a3-b437-dada18b7258a,3c847dd7-b25d-4346-a5f9-c1381111d28c,9a88774d-ce2a-4487-974c-86ab77622fb4,Annualised Portfolio YTM*:,0.0592
0664a012-2f59-4cc2-906b-b9af2bc0bce8,8dcc94b2-7f90-4baf-88f5-814ee13f6cc5,35f89c11-bbc7-47af-9888-e74553ff4309,Macaulay Duration,1.92
4dc73a62-63d9-40da-bf96-e5d153808a0a,8dcc94b2-7f90-4baf-88f5-814ee13f6cc5,bf746a42-7b84-4583-aad3-2831f97c9a9a,Residual Maturity,2.49086557552701
afecf726-2713-41be-a6d5-cb391e0c2cf9,f98d00b4-ba8a-4436-a88b-4b3ee8f293e2,f9a82649-2e27-42b6-a78c-508808d34313,Annualised Portfolio YTM*:,0.0656
1a19674a-db83-472e-bb91-8bbb7ee1b8bc,f98d00b4-ba8a-4436-a88b-4b3ee8f293e2,ace9a63a-f6f5-425e-b0be-b0a996bb0629,Macaulay Duration,0.96
fc1e7436-fd25-46be-a0c1-6d8cbfedc45f,f98d00b4-ba8a-4436-a88b-4b3ee8f293e2,919c04ae-fa8d-408d-b931-09cc04aacc9d,Residual Maturity,1.23811823866042
fbd40a9f-df6c-4202-87e7-a81dc5d1470b,cb02bc10-915c-49d2-a2e1-194c15e16032,0f6f7843-27b0-4248-a6a1-d9d10631d9d6,Annualised Portfolio YTM*:,0.0674
1eff26cf-f48b-4198-9b6b-5a6967629368,cb02bc10-915c-49d2-a2e1-194c15e16032,566bdfa9-a2f8-4e06-a01b-319f8fe251c3,Macaulay Duration,2.96
4177cb31-dcbb-4e5e-8f62-da13e1e3eb0c,cb02bc10-915c-49d2-a2e1-194c15e16032,f0f3bcaf-62bf-4196-aa9c-6398de04da94,Residual Maturity,4.33277175253002
76e71282-56d6-4aa5-ad25-294eee690d86,d72c5d6c-b05f-4a9a-9884-001911d22bf3,b1a70798-7146-4e30-84db-45005853936c,Annualised Portfolio YTM*:,0.0688
bb41b0de-6068-485e-99e9-1998bc23791b,d72c5d6c-b05f-4a9a-9884-001911d22bf3,16799923-e7c2-4ecf-9005-d95babee8c0c,Macaulay Duration,11.5144563367575
2557606e-1a70-43e4-90a1-06bdfc9230b0,d72c5d6c-b05f-4a9a-9884-001911d22bf3,980bd707-88f2-42df-9d88-7ee9be3b5052,Residual Maturity,28.7610908410046
0c0f6ba3-68c7-46e3-a227-c3f11d4839a2,3e0e4d3d-45ad-4f7c-ba31-4d41dd50ebaa,b20ef135-6b33-4a86-a3f4-66a7717307f2,Annualised Portfolio YTM*:,0.0653
cb6d01f4-b36a-43e1-9379-8a933d212729,e65162bc-30e3-4c70-a364-2d29398aeef6,b20ef135-6b33-4a86-a3f4-66a7717307f2,Annualised Portfolio YTM*:,0.0653
1ec57b15-0681-4e2b-8a9a-949e3033a25f,e65162bc-30e3-4c70-a364-2d29398aeef6,7114090c-ed24-4dcc-aabb-b19a2fce7a67,Macaulay Duration,3.46460670330048
a25939de-1441-4114-91ca-f76d7d858fe5,e65162bc-30e3-4c70-a364-2d29398aeef6,9714b7a3-ebf8-4a31-9819-11aa364e7ee8,Residual Maturity,4.01218299624297
0a328d39-d842-4a84-b2f9-bc4ee86629bd,8d568b47-a50b-4ad2-b8e7-3cc6a212500a,eb33b402-9940-4354-99cc-4d68d65ae9ba,Annualised Portfolio YTM*:,0.0685
16e7d7b2-a91e-4b95-a211-9d7e7435e177,c59f97f8-48fe-49b2-9b93-c9d26f4d00ac,d8546503-ddfe-4434-83bd-1d2153bd828f,Macaulay Duration,11.43
a6882978-aea1-4fe9-b3f3-80f48e0a22e1,8d568b47-a50b-4ad2-b8e7-3cc6a212500a,d8546503-ddfe-4434-83bd-1d2153bd828f,Macaulay Duration,11.43
cdd6c458-a5ad-4e83-8d14-9ff358d4c77b,8d568b47-a50b-4ad2-b8e7-3cc6a212500a,49b1b0a2-d1a4-4184-a7b0-9e6fd1806e04,Residual Maturity,29.79
0a1b9985-bae8-4168-bc26-9f7089b7a98e,3e0e4d3d-45ad-4f7c-ba31-4d41dd50ebaa,709290bf-aedf-4b2d-8fbf-ea46bd84dfa1,Residual Maturity,0.58
c208aee1-1ab4-42c5-8370-eb13468be21d,3e0e4d3d-45ad-4f7c-ba31-4d41dd50ebaa,709290bf-aedf-4b2d-8fbf-ea46bd84dfa1,Macaulay Duration,0.58
815579a6-acef-4e63-96ef-7b4414c4cc48,fe1f8698-0748-4cdb-912f-70d58c45bb14,7dd161e4-2d18-4acf-b936-5335dc823aab,Annualised Portfolio YTM*:,0.0618
bfc07cf2-a236-43b2-9818-089024517dca,fe1f8698-0748-4cdb-912f-70d58c45bb14,9c76f010-41ff-40aa-9e8b-bdca3d0acad3,Residual Maturity,3.60400876236804
e45278c5-9830-444d-918b-763f130f2466,b366c1a2-eda8-4d10-92d6-667db97e46b2,8a5fe43c-25fd-4fc7-8f59-9ff98e17cd8f,Macaulay Duration,1.6537711967233
10147132-2655-45f4-944f-2957e97d952b,b366c1a2-eda8-4d10-92d6-667db97e46b2,2bf57bc8-3712-41e1-99bd-dd929d5e758d,Residual Maturity,1.76469647530706
ebd9d4ed-52e5-4511-9b14-3e34cd332b29,a2e1afdb-6488-4cd7-b329-3cf037faa25a,b550ccc4-7842-426b-8ae1-39383c0cb841,Annualised Portfolio YTM*:,0.0667115547397308
c26e3f82-0da9-401c-8fd7-148077f8dd20,a2e1afdb-6488-4cd7-b329-3cf037faa25a,f86ca422-bab1-42a6-ab25-683e89a573b2,Macaulay Duration,5.22085380636227
2b4d0d8d-beff-4468-9e96-067d9209ba58,a2e1afdb-6488-4cd7-b329-3cf037faa25a,f1802b3e-8c15-4477-817e-cc959f114eda,Residual Maturity,9.72538284857053
33bc4bf2-5227-4053-a8e3-0d9f57b2f543,31b98558-3446-4859-afd0-60e7b0c9b47d,d7c1f5a9-1e48-4153-a3bc-cf88437cd1fb,Scheme Name:,DSP Income Plus Arbitrage Fund of Fund
8ec6dab6-8ef0-4019-96f4-713488bd6cf7,87c1811a-9b37-4ee1-a921-d6d54cfa31ec,d7c1f5a9-1e48-4153-a3bc-cf88437cd1fb,Scheme Name:,DSP Income Plus Arbitrage Fund of Fund
3d2b06b0-6295-48d1-87ed-802f8eeebf2b,87c1811a-9b37-4ee1-a921-d6d54cfa31ec,7299a9e1-50ad-48fd-b21b-145812ddedd9,Annualised Portfolio YTM*:,0.0652270185958437
61594ba0-b54a-4e7e-a8be-14778e21b2c0,87c1811a-9b37-4ee1-a921-d6d54cfa31ec,410553c8-9c43-4986-b1f3-7628b4a3a586,Macaulay Duration,3.22237377095525
468d023a-dd8e-47cb-bed4-d469a8ee32b7,87c1811a-9b37-4ee1-a921-d6d54cfa31ec,bf429d66-8ec2-4d3a-a20e-a6effbad4663,Residual Maturity,5.87497644390776
ced1c5de-0d26-4d12-86b9-bb156addeb2e,a98dbc30-617f-41d6-9435-ca7579c3e934,06c25d2b-5d89-4ae0-83a7-054c185f3b89,Annualised Portfolio YTM*:,0.0635
4601dbf9-4a30-4846-9f1d-5ba285f01fbf,a98dbc30-617f-41d6-9435-ca7579c3e934,9533879d-9ff2-4705-984c-28e3215491d3,Macaulay Duration,6.72
f052ed49-ccfa-4757-b2b3-2deda05e2cbf,a98dbc30-617f-41d6-9435-ca7579c3e934,6169eb44-522f-4a9b-b2bd-774786e60ccd,Residual Maturity,8.91
88bf84f2-7857-4ec5-90b2-8b53f3c04274,3c12aae2-e082-454a-89af-a209fca81a03,5061df86-c8bf-44f9-9cec-2032814fdc24,Annualised Portfolio YTM*:,0.058
160d5fc8-941b-4e36-8bab-bc3e15c7b49b,01b1e166-9a20-43a7-baab-8bb3eaa46562,5061df86-c8bf-44f9-9cec-2032814fdc24,Annualised Portfolio YTM*:,0.058
bdf4b4db-89b6-46af-9689-de440dd5a1da,01b1e166-9a20-43a7-baab-8bb3eaa46562,f6966d6b-273c-49c5-9e19-42ce02d99780,DIRF,0.9947
0ecb4f6c-4c78-43b0-a60d-31d6dc84ea15,c013c858-d7e4-48e4-8885-935399840dd1,2be89a1c-510d-4097-b425-7cb98af4129e,Annualised Portfolio YTM*:,0.0591
d7becc5b-3126-4d15-b037-42e9f3481ac4,c013c858-d7e4-48e4-8885-935399840dd1,e9afd805-8eca-4b60-a0cd-6065faa618c4,Macaulay Duration,2.37
f62f7966-9397-4467-8a95-ad5a04beea77,c013c858-d7e4-48e4-8885-935399840dd1,53c67951-df4e-49ea-8419-477723ffa467,Residual Maturity,2.63
e1f55001-9448-4fd8-9803-79966f0a60c9,c013c858-d7e4-48e4-8885-935399840dd1,186fe7d2-03c7-4265-a380-92ea4e0164db,DIRF,0.992
481b9849-4854-4a13-85d3-812f289b77a5,16e863c6-88c5-4567-9b1e-f6f573629c3f,40f00130-fc7e-4f9a-a1df-2d91d33f4425,Annualised Portfolio YTM*:,0.0643
0ddf4b8d-d83b-4928-8d28-1a33001c8f9c,16e863c6-88c5-4567-9b1e-f6f573629c3f,37719dd6-8348-4a0f-8737-68497fc61520,Macaulay Duration,5.65
569299fd-2b94-4ee1-acb0-d7366ad2aaac,16e863c6-88c5-4567-9b1e-f6f573629c3f,868e196b-919f-4932-b368-7be889a5ca05,Residual Maturity,7.28
d8d10722-14f8-41ad-a242-45672ce78686,16e863c6-88c5-4567-9b1e-f6f573629c3f,241f24b7-5607-43d3-beba-d8f091a43967,DIRF,0.9741
9c01b868-2082-44ad-9dfa-0348a6641d11,3c847dd7-b25d-4346-a5f9-c1381111d28c,bfc978dd-baf9-438c-bafa-47ee5a25b79a,Macaulay Duration,1.96
a3bcb7b1-1bcf-47d1-9903-7f28fde8f89a,3c847dd7-b25d-4346-a5f9-c1381111d28c,55fad76b-e747-4aee-abed-f2c7c809f6bb,Residual Maturity,2.13
f3f2342f-9652-4ac9-863f-b4c8834f9bdd,34f1a4b0-feee-42e3-87d7-68cb34f29360,d4bbe4fd-2f74-4fc2-a85b-05f19c429ff1,Scheme Name:,DSP US Treasury Fund of Fund
09b31520-3ad1-4a2f-b52a-21e994b9bf56,95f3f344-e673-408d-980a-027c67f8eaa3,d4bbe4fd-2f74-4fc2-a85b-05f19c429ff1,Scheme Name:,DSP US Treasury Fund of Fund
bd0df4be-a2be-4dc8-ab15-72f52880f248,95f3f344-e673-408d-980a-027c67f8eaa3,f095b1de-b13e-4b6d-8688-6f77aceb1e5c,Annualised Portfolio YTM*:,0.043
71a66d2f-b567-4030-81ce-103c50b7d6e6,95f3f344-e673-408d-980a-027c67f8eaa3,8191c88f-eaa3-4e8b-8199-544777cc3347,Macaulay Duration,6.0169493971621
0c4398fa-5356-4623-8f6a-27894b39cf19,f5468236-9267-4325-9790-e8e4d3f786fe,0cd445f5-7671-4569-a872-aa864b68a00c,Residual Maturity,0.86
eb30858b-1897-47fe-b561-0af58b9716ae,f5468236-9267-4325-9790-e8e4d3f786fe,0cd445f5-7671-4569-a872-aa864b68a00c,Macaulay Duration,0.86
23937821-9b85-4e5a-8925-200f5125e19b,40e45dae-d7b9-4622-bce8-3e342dc9a7bc,0cd445f5-7671-4569-a872-aa864b68a00c,Residual Maturity,0.86
2f9b287c-84e1-42b3-a8fe-6307ddeb8912,40e45dae-d7b9-4622-bce8-3e342dc9a7bc,0cd445f5-7671-4569-a872-aa864b68a00c,Macaulay Duration,0.86
59133762-c7a0-4261-97b4-d95cc5ce651a,1235aa4d-d6be-4e66-a594-97bf0a61627c,10d4518c-fe85-43a9-a089-affa651ebb5e,Residual Maturity,0.75
b7ff5c18-c867-4280-bc32-2c1700b7f2a5,fea8d894-1250-43ee-bd1e-9258000070e4,c62236a3-6664-4fad-b32a-be30a56db72e,Annualised Portfolio YTM*:,0.0593
a442f543-8cb5-4985-a4f7-f81a3d1671a8,fea8d894-1250-43ee-bd1e-9258000070e4,faedf854-071a-4ef2-a761-780210be514a,Macaulay Duration,1.22
51eb2b24-2c87-498e-aa2d-92965db60476,fea8d894-1250-43ee-bd1e-9258000070e4,d05eb349-8a76-4564-8297-11f76d458bd4,Residual Maturity,1.28
edc64439-e639-4c88-afd9-4854683039eb,62889a4c-18a0-4360-a661-25a9cd03d7e3,5bffe8da-f6d3-4711-8fd0-1f22052c227c,Annualised Portfolio YTM*:,0.0707
633cc4fb-224c-474b-aa90-891a0cedf84a,c7b58475-3b99-4fa2-98c3-3d2dda65c37f,5bffe8da-f6d3-4711-8fd0-1f22052c227c,Annualised Portfolio YTM*:,0.0707
cf0b93bd-57a2-468a-b1b3-eb51ab631a89,c59f97f8-48fe-49b2-9b93-c9d26f4d00ac,5bffe8da-f6d3-4711-8fd0-1f22052c227c,Annualised Portfolio YTM*:,0.0707
ba58d33e-942f-43b4-8233-6813b039c014,2ff0c7b5-ec0f-4371-8afe-61a4b7224117,bda9bd08-3362-439f-a4aa-5b69847c0abd,Residual Maturity,0.45
74813284-fef4-49ef-bc9d-a9d9fe4b83b8,2ff0c7b5-ec0f-4371-8afe-61a4b7224117,bda9bd08-3362-439f-a4aa-5b69847c0abd,Macaulay Duration,0.45
e5b9a175-6cd7-420b-9582-8402a3a581e3,223147c2-8b24-45da-8811-fc97b939fe42,7cce4cd4-8cd1-4a1f-9e74-746d9dcf2855,Annualised Portfolio YTM*:,0.0716
0312d9bc-2489-4e21-9537-df4078368a49,10ad78f2-1f9e-475e-b925-9a73a663204d,3615102f-0445-4522-a646-808c2a1ca3dd,Annualised Portfolio YTM*:,0.0686
c2dc08cf-9947-4eaa-a10c-01d22c99fe5b,b621384d-63bb-4bc1-abfe-83c12ee24091,3615102f-0445-4522-a646-808c2a1ca3dd,Annualised Portfolio YTM*:,0.0686
457c6380-7e90-4f2a-b9d8-7466fdd498b5,b621384d-63bb-4bc1-abfe-83c12ee24091,2741ec77-2325-4598-959f-3f0719dde349,Scheme Name:,DSP Crisil SDL Plus G-Sec Apr 2033 5050 Index Fund
8164e577-a15f-4f78-a1d9-2c7fea5270c4,5fa02d63-94cf-49c4-b2f2-5204f3628553,8be1e135-2f85-49d3-8346-a2522ac33690,Annualised Portfolio YTM*:,0.0704
d073c149-3ba9-43ce-aee1-4057834f19b5,df12f86f-e985-4385-adc3-77b0d98a2837,b04c36e4-a5cd-4499-ba29-3b246d3a2182,Macaulay Duration,2.89
b6fdc091-60d4-4a20-b227-60a9bf1219fb,e771da65-7c99-4e13-8cdb-d52228fbc2a9,aecdefe2-27c9-4410-853d-c5455517e2c8,Residual Maturity,1.03
4f10c2f1-6f94-4fe1-8a47-5cc542737746,e771da65-7c99-4e13-8cdb-d52228fbc2a9,aecdefe2-27c9-4410-853d-c5455517e2c8,Macaulay Duration,1.03
c20d88af-fcb2-4dcd-8d1d-bb897c21bdce,57bf7fdd-93b0-487e-ad92-4a8aa8661288,aecdefe2-27c9-4410-853d-c5455517e2c8,Residual Maturity,1.03
4e2d0361-2488-40c1-b1d7-a50e9cfc7d20,16a96514-a294-46ce-901c-b833cad422c8,26440af5-da21-45e2-962a-ee3e732b1b17,DSP NIFTY 1D RATE LIQUID ETF,0.995
a45f5205-62fe-4bef-9470-0f92a85babf1,62889a4c-18a0-4360-a661-25a9cd03d7e3,1f618641-8403-448e-ae2d-5acad1389e9d,Macaulay Duration,3.38
bfc6fb0d-5048-4379-8a50-3ffefbe2b0f7,62889a4c-18a0-4360-a661-25a9cd03d7e3,b78743e8-fc35-46e2-b728-bda5790a50f2,Residual Maturity,3.94
76e051ae-c180-444e-a74a-8c6fab2ca17e,888e2b8d-b16f-41df-9a54-321b15f7ca68,11575d7b-5dbe-40a8-95ce-f6965bc126de,Macaulay Duration,6.08
bb25ab37-e315-48a2-bad8-3f050f746077,3f0dc69d-77d4-4cd8-952c-3813c4871125,311177ac-12ac-46a0-975e-d07a2d0b95a9,Residual Maturity,2.95
761f062b-aa8e-4fad-bacd-0d5751ff2c6f,683857a7-d74e-4bd0-a718-e5a298157857,8d6ffe3b-f8ed-4866-be2f-87b1c3b306c1,Annualised Portfolio YTM*:,0.0727
ab0ce985-3311-489a-800b-45acb269599d,a2565b16-cc39-456f-92b3-f92c0ea1d287,42d062ae-1af5-4e1d-9e13-00bd0107a066,Macaulay Duration,0.89
4df94e00-c464-407d-9932-ba125d0c722f,22f1b15b-1c63-413c-93c9-0f8fe5271517,1e20c4c7-22f3-4196-aed4-dbfb79b28cde,Annualised Portfolio YTM*:,0.0713
b5a3518f-5138-403e-b45c-d02c77ece98f,2fae2a62-d20d-47ce-afa9-2db98b06ad1a,1e20c4c7-22f3-4196-aed4-dbfb79b28cde,Annualised Portfolio YTM*:,0.0713
f72aa9a7-c1f7-4dc8-abc2-cb0b7b30c7d2,d261d9a5-22b9-44ab-98da-1f68d27ac487,6a2f0928-2756-4c6e-90e1-968d78b7e7cc,Macaulay Duration,2.21
b79f39bb-5127-43be-b56b-4b334cb79c91,ea59472f-5dda-4f56-b0dd-cba0dba8ea44,40876a6b-fea3-4cdf-9c63-ac242eb8431a,Macaulay Duration,2.7
eeea12fc-3026-41a4-9370-0d05e6932d42,10ad78f2-1f9e-475e-b925-9a73a663204d,4b33656a-5a4a-4821-bb4d-810f9cef3623,Macaulay Duration,1.01
d481bc71-2906-42b9-92a5-c32c044a1f08,57bf7fdd-93b0-487e-ad92-4a8aa8661288,8bb91b11-1640-4807-9a81-1613596ea243,Annualised Portfolio YTM*:,0.0664
1e98c062-d822-4c39-afcc-204c53a28edc,24f3a0fc-db4e-4f5d-8ce3-0f1220c49f68,1cb014c0-a94a-44f5-9ae0-bd26b253d88d,Annualised Portfolio YTM*:,0.0725196093845338
709ab331-2ec9-4aec-ae9a-a7471eef93e2,24f3a0fc-db4e-4f5d-8ce3-0f1220c49f68,beaa23a7-905c-4446-99d3-67f81b019cc0,Residual Maturity,0.469121759666382
93e5975b-8e79-4421-8e4f-560e231f0f6f,3f0dc69d-77d4-4cd8-952c-3813c4871125,7d3c782e-62ec-447e-b95e-63375df30492,Annualised Portfolio YTM*:,0.0781
2cb6bbd9-98d9-45b0-a2f0-45d5b1cf04f9,3f0dc69d-77d4-4cd8-952c-3813c4871125,d9d68bd5-c8bd-462d-b43c-282dccac5872,Macaulay Duration,2.29086011442201
114f9965-a41b-4b98-9b30-bd9f7fb0bcc6,683857a7-d74e-4bd0-a718-e5a298157857,912defee-4701-41f3-ad79-560d3b002736,Macaulay Duration,0.94
d985e184-9e92-4570-9180-6e86ecfac130,683857a7-d74e-4bd0-a718-e5a298157857,e5f0db53-eafd-484a-a9da-e8bcd3707bc9,Residual Maturity,1.04
25f446db-3663-4ae1-838f-3150f4b57bf0,8f176ebf-b1bd-4696-90e4-be5da4bb63b6,1dde7afa-195b-4e16-8206-f3ee9981d1f1,Macaulay Duration,2.86343419441161
60a51249-0022-4b34-9402-e56d9c4f4f57,8f176ebf-b1bd-4696-90e4-be5da4bb63b6,0812d8ff-3f7b-4e68-ab1a-046a3276be56,Residual Maturity,3.5
c1465f22-afb2-49c0-a5ee-f6e234b39e39,c59f97f8-48fe-49b2-9b93-c9d26f4d00ac,4f565ec4-4b73-451e-9cd6-5b77f1642905,Residual Maturity,27.68
e4861a78-6bff-4256-ac6e-0b0ea22f20e9,2fae2a62-d20d-47ce-afa9-2db98b06ad1a,c6d31a55-8937-4a29-8a3d-13d51586a282,Macaulay Duration,3.57117720039933
d8a0d56f-fd2b-4b42-a337-7c897288381f,2fae2a62-d20d-47ce-afa9-2db98b06ad1a,d8c4c240-5174-4fbc-b519-28ffd916bc10,Residual Maturity,4.17227990851636
163ae3b6-ccc4-480e-a097-15bae0551915,5fa02d63-94cf-49c4-b2f2-5204f3628553,1dba4dd7-52ec-4cab-b339-f3e79508fa5f,Macaulay Duration,11.9
bd95a355-fac7-45fb-bae3-7546d4b95584,5fa02d63-94cf-49c4-b2f2-5204f3628553,e80adf9f-0871-4f4a-a47d-b1336eadbf70,Residual Maturity,29.24
c478b2ef-431d-4486-821c-d0dc15baf3a6,2ff0c7b5-ec0f-4371-8afe-61a4b7224117,457ade4f-ad58-45a2-87bd-ddf7143ab9ff,Annualised Portfolio YTM*:,0.0705
14ade49e-fe42-4515-a1d2-f1c968d567bf,d261d9a5-22b9-44ab-98da-1f68d27ac487,21af1de4-d3ca-434b-8dbe-9cdb2c5de59a,Annualised Portfolio YTM*:,0.0687
f9e84bfb-df2b-418c-af96-c54db7ac9248,d261d9a5-22b9-44ab-98da-1f68d27ac487,ab9e6aed-be71-4552-aabb-d0061bca33bc,Residual Maturity,2.63457409090604
2edec111-b72f-4e8a-a9aa-6e1a8ac16e88,a14edabe-48d2-4c76-9f14-b97545126ba4,8831056b-8ba2-46e5-9a86-d93502f4e285,Macaulay Duration,1.84
e7d62991-b5b6-4fa1-afb2-2cfce8877d35,a14edabe-48d2-4c76-9f14-b97545126ba4,1a6ee3a1-733c-4a62-a8e1-2ebc1cf6566b,Residual Maturity,1.97063598803097
d273ab6e-7380-469e-a17f-65f937a84b16,223147c2-8b24-45da-8811-fc97b939fe42,e6bac587-c6f3-43d3-a636-07f19e736730,Macaulay Duration,5.69864183592519
0a9616da-e145-40eb-8c69-641c1371d766,223147c2-8b24-45da-8811-fc97b939fe42,b6f92d4b-ba45-4ae3-b9b6-a099301d58fa,Residual Maturity,9.87
7f160023-f9bc-4f06-bbd4-a9c4027bf87b,31b98558-3446-4859-afd0-60e7b0c9b47d,41bd892f-1af0-43c8-82c4-4273a673d41b,Annualised Portfolio YTM*:,0.070259903385099
fbeaf477-e4f1-45c4-8f48-6d0efc1b6c70,31b98558-3446-4859-afd0-60e7b0c9b47d,59af8f00-b2fc-460a-a768-694d6092b8fc,Macaulay Duration,2.75243320008551
cf513183-e849-4d02-bbd8-afbe0047e954,31b98558-3446-4859-afd0-60e7b0c9b47d,30f77c85-1e0a-45de-b8de-b9658c4fde33,Residual Maturity,0.0027517568412919
74775767-04af-43d8-8884-703c19e02737,31b98558-3446-4859-afd0-60e7b0c9b47d,11a544d2-5791-4db1-bfff-95c75bb23303,As on (Date),2025-03-15 00:00:00
209bb577-38d6-444a-aa2a-e64e157cde33,deb98325-1455-4142-bdee-b7897cc7c62d,36f6d9e8-8d74-4a0c-8841-eea914c84e05,Annualised Portfolio YTM*:,0.067
ac4bce10-5f08-4f30-896d-8d802c10597e,deb98325-1455-4142-bdee-b7897cc7c62d,3120147c-4424-4f7d-a64b-eab673ca969c,Macaulay Duration,6.69
adba6687-b694-4b21-9448-5344a0dec35b,deb98325-1455-4142-bdee-b7897cc7c62d,a9e77de6-425b-4172-ae72-e7d5177321ce,Residual Maturity,9.16
5214e66f-4923-4cb3-87d2-7fdc3d966e94,a56c15d9-9072-4a7d-b591-f2212bc23d5a,a53eff09-7ca0-4b6c-ab08-f42faba14939,DIFR,0.9944
691dd986-4e6d-4fbc-ae38-bf236081dc3e,77de0052-85e0-4f1a-a4ff-6fb32ec99c92,a53eff09-7ca0-4b6c-ab08-f42faba14939,DIFR,0.9944
9ddf8312-d7f8-4a36-a707-96c7c46cc47b,511ec12d-ac26-4a9e-8dea-2b7aa7bf934a,fe53c881-e4f3-451d-89c7-a484d2030cae,Annualised Portfolio YTM*:,0.0669
60afaf57-e5a6-4e7c-a45b-734f81334a6a,511ec12d-ac26-4a9e-8dea-2b7aa7bf934a,83b84871-d2c3-452b-914c-928ec454ee70,Macaulay Duration,2.46
529b626f-e75b-4ee9-862e-db488fd4db99,511ec12d-ac26-4a9e-8dea-2b7aa7bf934a,aba70a6a-78da-48a1-912d-fef6ed198315,Residual Maturity,2.73
486e8152-0db6-4158-9ffe-8a53750ad3bf,511ec12d-ac26-4a9e-8dea-2b7aa7bf934a,02911ed4-f9c7-458f-aef6-c2060f51987b,DIFR,0.9591
daf27119-100f-4ef2-b03e-56ed0a657268,b621384d-63bb-4bc1-abfe-83c12ee24091,572539a0-74b4-4af6-85af-166dbf0fa15e,Macaulay Duration,5.81
7345adaf-187f-4cf5-a3a7-4613765b5dac,b621384d-63bb-4bc1-abfe-83c12ee24091,212847cf-ff93-4283-927c-2d9e8fa154ba,Residual Maturity,7.48
e0448044-d926-4766-a2ae-8728cd15b097,b621384d-63bb-4bc1-abfe-83c12ee24091,aa246887-49bc-4e4c-a996-613b2aca2f27,DIFR,0.9694
5fce8c1d-ae37-4d05-abb4-c3d90f786127,f3c71637-8fce-4289-89a6-119fb8881fb8,0d14ed4e-4529-4f2a-8d3b-d18f3fc516e7,Annualised Portfolio YTM*:,0.0673
b8e455a1-aa9a-4804-b7f9-3c9eac902a86,f3c71637-8fce-4289-89a6-119fb8881fb8,973dc004-8c52-46d4-bf02-ec5c74a74d94,Macaulay Duration,2.12
506c3adb-200c-4163-a679-176fd5f2925f,f3c71637-8fce-4289-89a6-119fb8881fb8,93607549-59e1-41b8-bcf8-44039b7b53e0,DIFR,0.9628
ae39fc79-ae98-4335-a5e2-d1380e6077af,34f1a4b0-feee-42e3-87d7-68cb34f29360,06a4082c-df75-4d62-bd58-7fe5c94d286d,Annualised Portfolio YTM*:,0.0419
6215adcd-c375-4ba0-a998-79f9a0f78aa5,34f1a4b0-feee-42e3-87d7-68cb34f29360,62326da0-2842-49a3-835a-a35df3e05cb9,Macaulay Duration,6.06016349203776
b3879780-9b97-4dec-bc7e-31e14a047ca5,57bf7fdd-93b0-487e-ad92-4a8aa8661288,0c97d263-8df4-4f4c-a92a-6744491a578a,Macaulay Duration,1.02
5c711404-0234-4d34-b854-b753b0189df4,a2565b16-cc39-456f-92b3-f92c0ea1d287,b88a66bf-b0d7-4ed5-a8f5-54b67a51c724,Annualised Portfolio YTM*:,0.0671
8ec8255a-ffc6-478b-a742-e93b33372cd9,e771da65-7c99-4e13-8cdb-d52228fbc2a9,b54cb91c-159b-4eba-aae1-8aa8c2b94cdc,Annualised Portfolio YTM*:,0.0663
7aebbf0b-017a-4533-9f79-68e29224496a,39d85bfb-703d-4abd-9904-af0019204b9d,d7694612-6f15-425a-b177-ce321aeb488c,Macaulay Duration,1.34
b4a295ee-f251-4801-883d-1da9d0932fa1,bf03b6d4-f183-4273-9233-2f464066a549,d7694612-6f15-425a-b177-ce321aeb488c,Macaulay Duration,1.34
e11b9ffd-f21a-4784-a160-706689c59733,363fcd54-58de-409c-83a1-9307268d95ae,c9f6ff4f-60c1-43c4-a60b-c201f6521fa3,Annualised Portfolio YTM*:,0.0746
72ab203f-8291-4a82-a8a2-ddda25fb7e49,6b5d2872-40b1-4bb7-a0c1-e5368cadff36,6746e2cf-59bb-43ed-a699-ae7da7078f9c,Annualised Portfolio YTM*:,0.0726
1c011e12-1493-4246-9641-66a5d04be8ea,6b5d2872-40b1-4bb7-a0c1-e5368cadff36,f6daef70-bbae-400f-a623-b501ac7fc9bf,Macaulay Duration,8.56
2ebeb509-e0d7-4d66-a5f0-ee395eb95680,6b5d2872-40b1-4bb7-a0c1-e5368cadff36,476df244-d170-4b77-96df-d5de4b748721,Residual Maturity,19.88
3a36cfb5-9d8e-44e3-a557-762dde4d8aa4,05476498-9a2a-47cb-89a9-1eb58ac325c0,5ba78c9a-829b-4443-8cfb-83d6fc782644,Annualised Portfolio YTM*:,0.0753
b0e5e789-8686-40c7-a420-7714f5d6ebc2,05476498-9a2a-47cb-89a9-1eb58ac325c0,1bbcadbf-7586-4c08-b4ce-1a3acdfd01db,Macaulay Duration,11.72
87a3837a-7fcd-4e52-b3b3-1d3e61625d51,05476498-9a2a-47cb-89a9-1eb58ac325c0,cd46b21b-790e-43c6-8e71-e22b4e1bd611,Residual Maturity,28.05
7a012220-bd6e-40fe-91d0-e737618fa3fa,ea59472f-5dda-4f56-b0dd-cba0dba8ea44,19fa1f04-6776-44da-9100-e9391b8168ce,Annualised Portfolio YTM*:,0.0693
3ef8f07c-c451-4ccf-b6f7-5353daf2d087,13b8de8d-e3b3-4382-b444-3edfcab4947a,19fa1f04-6776-44da-9100-e9391b8168ce,Annualised Portfolio YTM*:,0.0693
1da17889-5075-4f92-8362-17b1223ee12b,13b8de8d-e3b3-4382-b444-3edfcab4947a,ff8a7aed-608c-44f8-b8d5-6a9b8a899145,Macaulay Duration,0.68
5a329cb2-36e8-46b9-b393-349e97bb6df3,ea59472f-5dda-4f56-b0dd-cba0dba8ea44,0268b3e9-90cf-493a-a59f-cc8558b104eb,Residual Maturity,4.06
4b7b1954-a508-49ef-b88a-6cd200d299db,df12f86f-e985-4385-adc3-77b0d98a2837,7ad7e50b-de24-47ef-974a-180f2768d223,Annualised Portfolio YTM*:,0.066
8b2a8b8b-79a6-4ceb-97c5-a3f17dfa98d1,df12f86f-e985-4385-adc3-77b0d98a2837,547ad8e4-2e7d-4c33-904c-1ffe637876f6,Residual Maturity,4.7
92cd8a53-299f-4a79-8488-cf287163435d,10ad78f2-1f9e-475e-b925-9a73a663204d,e2f6a0e7-cb83-43ab-a2cf-f6df25c27168,Residual Maturity,1.05
03e332ba-aa2f-482c-a81a-61a023579fea,22f1b15b-1c63-413c-93c9-0f8fe5271517,f9ac1ec4-9cf5-4724-a32a-be060cd65f9e,Macaulay Duration,4.32
3e330ed9-88af-4e6b-9f3f-dc85b747d5fc,22f1b15b-1c63-413c-93c9-0f8fe5271517,b0c4605d-1bf8-4bfe-ac08-edabb95bf06f,Residual Maturity,6.8
91e5fa0e-7230-4a7e-9b25-c4572f96993d,2663f05d-b3bd-4f5d-be47-2ab33a519e02,0d5cef46-08b9-453a-9433-5923bc375b81,Macaulay Duration,7.06
b6ccd259-e467-4719-8902-0dc5ca147748,2663f05d-b3bd-4f5d-be47-2ab33a519e02,950583c5-abc3-4ca5-be68-92974c969b8b,Residual Maturity,9.56
b72672dc-52ea-4302-8bd4-7429738f3cf0,e1bc241b-d20f-4365-8f21-1dc8bae4ddc8,34a7cc78-8a51-4db4-8486-a21a68b7b751,Annualised Portfolio YTM*:,0.0493
bee40f55-3b2c-4292-a3cd-c4f40ac78e14,16a96514-a294-46ce-901c-b833cad422c8,34a7cc78-8a51-4db4-8486-a21a68b7b751,Annualised Portfolio YTM*:,0.0493
9ad9d091-823b-420d-9ac7-8bd40bf6131e,bd316754-25a2-41c4-a71b-7c96c68bc2c4,9414e3df-6e7c-4149-a0da-c19435f306a2,Annualised Portfolio YTM*:,0.0507
742c88ec-24c5-450e-8fa5-53889b82970c,ac293497-c767-44e8-9fe1-6db65b2d69dd,3b504ff2-b075-4655-b7e6-97e5e3051a76,Nifty SDL Plus G-Sec Jun 2028 30:70 Index,0.9773
674a95df-c8ff-43ca-ad93-a5495e68c1f5,39d85bfb-703d-4abd-9904-af0019204b9d,d3e94241-93f9-41fc-a39b-8611b8c919d9,Annualised Portfolio YTM*:,0.0589
93c11645-a71b-49e2-9716-42577adc1081,ac293497-c767-44e8-9fe1-6db65b2d69dd,d3e94241-93f9-41fc-a39b-8611b8c919d9,Annualised Portfolio YTM*:,0.0589
bf87f068-e5d1-481c-bf64-e75252a2f751,ac293497-c767-44e8-9fe1-6db65b2d69dd,b0689ef5-13a3-464d-ae50-47aaa8b88bda,Macaulay Duration,1.75
24803092-e067-46fb-bb44-dbf11b6f74c5,ac293497-c767-44e8-9fe1-6db65b2d69dd,1b4a4595-e163-48f0-bfa2-314b4bbfc174,Residual Maturity,1.9
b34be882-2840-455a-98d5-4aa34ce6e224,e108a83c-f147-43d1-8812-128be3c4b7b1,a91de2b0-c339-4c52-a5fa-50ba844376fa,CRISIL-IBX 50:50 SDL Plus Gilt Index - April 2033,0.9712
2fdff886-a20c-4f6d-a60a-91149ea316b7,e108a83c-f147-43d1-8812-128be3c4b7b1,b0a862b8-37b8-4b6e-9cfe-472e9de11cc5,Macaulay Duration,5.23
63d060d5-b474-4250-984a-0b78b42fb212,e108a83c-f147-43d1-8812-128be3c4b7b1,4be9c336-c139-46b2-8c21-fbdc46d5f48b,Residual Maturity,6.59
33a2f05a-197d-4ac9-aa62-fd508f670a93,39d85bfb-703d-4abd-9904-af0019204b9d,aef78de3-ff31-4ab3-94a9-cf39544f4a6f,Nifty SDL Plus G-Sec Sep 2027 50:50 Index,0.9804
7ccc55d0-fb2f-4c82-9581-72071715c56d,39d85bfb-703d-4abd-9904-af0019204b9d,012ab497-eb84-439f-8000-8e5f69abd6b9,Residual Maturity,1.41
0daed042-0874-4d1f-99b9-8ff560277025,12639e2c-ae37-48bd-b977-7c0e1a8965e1,b3de5bba-e146-418a-80af-644be28848d7,Annualised Portfolio YTM*:,0.0533
6ac703ac-8a50-4084-b85c-9cff089cd54e,4eb221fa-52ef-4da6-b995-36f34efa70f1,b3de5bba-e146-418a-80af-644be28848d7,Annualised Portfolio YTM*:,0.0533
0cf20461-9f06-416c-821b-0e8c280f0d9f,5f56202f-1a1b-46ab-9352-32c451eb1f2c,2388c301-8601-4ed6-a694-a92f7c801b02,Annualised Portfolio YTM*:,0.0535
cb7918fa-503c-4105-addd-aabe912562ec,5f56202f-1a1b-46ab-9352-32c451eb1f2c,85e86bd7-4874-453d-b383-06d02f7815e7,Residual Maturity,0.21
2767fb9b-2014-43e3-801c-1cb455720232,5f56202f-1a1b-46ab-9352-32c451eb1f2c,85e86bd7-4874-453d-b383-06d02f7815e7,Macaulay Duration,0.21
4a8a6d2c-c313-4575-81c9-1277ab3e1ee3,066246e5-9f5f-4ddd-8f0a-5a6cb36e2c5d,23b0bff5-eb56-46a8-a015-053a2f1ff2ef,Annualised Portfolio YTM*:,0.0564
fe4b444d-b1e7-4605-b396-9fae3d586240,066246e5-9f5f-4ddd-8f0a-5a6cb36e2c5d,4fc3e30d-b954-492e-8b1f-df3858c3837e,Residual Maturity,0.55
992913a5-3049-4da3-bf8a-dfc6e37c361b,72f4660f-ce7d-4015-b9bf-90c9545964d8,8c4259f4-04d2-4e2e-8e6b-5507a43a64fc,Annualised Portfolio YTM*:,0.0729839838366455
9c103fed-882a-43e7-8f59-1ac577346b77,72f4660f-ce7d-4015-b9bf-90c9545964d8,12603632-b22b-4636-a707-cd0222a8a09f,Macaulay Duration,0.393371692873324
78bde2d1-9154-41ef-a6fa-e8fe6a4613fa,72f4660f-ce7d-4015-b9bf-90c9545964d8,1c6f3ae1-5fda-443f-a2f0-977ad7379ae5,Residual Maturity,0.396272499821028
f5c5d199-db52-408e-9ed0-4e06661a500d,c5003a7c-0c45-4124-b5df-d5bd44e717c2,f2ade68d-9bcf-425c-8aca-f12b3c06075b,Annualised Portfolio YTM*:,0.0776529596215435
fcefff80-2e43-4d97-a74c-f62442e030bc,c5003a7c-0c45-4124-b5df-d5bd44e717c2,4e8b6022-99c5-47a5-94c1-b41044d2795c,Macaulay Duration,1.63246833224752
71ee7a5d-61cc-4bd2-a7d8-47763217cc4a,c5003a7c-0c45-4124-b5df-d5bd44e717c2,3bdb1b6c-8d2d-44e3-83bd-30dbcd37365f,Residual Maturity,1.79830680115829
0bd4a772-3383-4019-9492-599a737cf180,dcf0a87e-d85b-4a7d-908b-f096a8532005,359ff5f5-0526-43aa-8f85-49b7bffe1a2b,Annualised Portfolio YTM*:,0.0744302968417632
b2acb7c7-5c4b-44bd-9d85-9923a0ce99e2,dcf0a87e-d85b-4a7d-908b-f096a8532005,651359c2-2179-4a5f-8eab-afca6d16138e,Macaulay Duration,2.71906207379277
3b993466-dcfd-4f51-83fc-e409f7b6ed0d,dcf0a87e-d85b-4a7d-908b-f096a8532005,51d52a62-92bc-42b1-ab47-8b62d02eea38,Residual Maturity,3.13458020726401
75260e76-f605-4446-ad8b-2c7d6de5dcf9,28b94171-7504-450a-a21a-c461e2063bb1,0c873efb-e767-4dea-9fd7-ffae5aca3f14,Scheme Name:,Portfolio Information
106c31c8-f4d7-44ff-ba19-f0d188f521bf,28b94171-7504-450a-a21a-c461e2063bb1,b93a6bbb-9d18-45c3-aef0-a34028473312,Annualised Portfolio YTM*:,0.0750370431936349
34bac073-56e4-4620-8729-031f6a8c60e6,28b94171-7504-450a-a21a-c461e2063bb1,fd28eb3c-8640-4f0f-a422-b1f52ec80291,Macaulay Duration,7.41197643786889
df369e2b-e69f-4583-a148-f3c7a512fc78,28b94171-7504-450a-a21a-c461e2063bb1,a2c2031c-7e9c-4a2d-932e-df1f0f3a15c5,Residual Maturity,13.3396905640079
30b44aa7-eed0-4774-ba10-49e690aa5cb2,9e677dec-6abf-4546-b55a-094e76b9fb18,90dc6883-426c-409c-8fa9-677e517d23d3,Annualised Portfolio YTM*:,0.0750920412814953
3a02fabc-2988-4834-af06-fcd3623eac72,9e677dec-6abf-4546-b55a-094e76b9fb18,e3a37b22-45e0-4a50-b830-00554533eb61,Macaulay Duration,3.56069910100557
67e30023-e3ca-4d2c-8ace-868e409a1063,9e677dec-6abf-4546-b55a-094e76b9fb18,5fe0c9a7-cfc8-492e-9005-6cd154f27ed9,Residual Maturity,4.12297367665003
c0b74f30-3aab-4ead-8a71-2c8a7fa2cd3f,22643a51-52f7-491e-8402-99edcead8da8,99734c98-e417-493b-9a69-a9e94ca4e1de,Annualised Portfolio YTM*:,0.0732343642984447
75fb04a1-6ed5-4dd5-8484-bf350a63104f,22643a51-52f7-491e-8402-99edcead8da8,44d08ede-dcb2-40ab-b7a2-fc35ddb969e2,Macaulay Duration,4.61646014601336
f330f223-149d-4ea2-aa21-db5769e874bc,22643a51-52f7-491e-8402-99edcead8da8,2ce5dd4e-373e-467d-94c0-41f1309401de,Residual Maturity,7.2248907855629
8ae2c4d6-0634-4c68-adeb-49b4da76a901,576d2fff-17f2-47c3-99b9-f157e45032ea,cc53da8b-06b5-4592-9012-8bc37166433c,Annualised Portfolio YTM*:,0.0743880834936264
09fbf3a9-d6ff-4aa7-addf-9dbb3f61aeed,576d2fff-17f2-47c3-99b9-f157e45032ea,1322655d-70a4-4d92-834f-94f402931118,Macaulay Duration,0.838201684979481
01a7e79e-c326-49a6-9341-4ab5d6be197c,576d2fff-17f2-47c3-99b9-f157e45032ea,519af424-5171-457e-b03a-0e02fa369b72,Residual Maturity,0.841000898938929
33ec50d1-0ddf-4e0b-85af-a9a8f1d6e20e,551a5203-3c95-4b5a-9daf-cf2a35524a63,6f507a5c-70fa-4ea8-8134-16200a9433de,Annualised Portfolio YTM*:,0.0730919661876942
132f0086-0ff0-40bb-980c-7b4bca0c97da,551a5203-3c95-4b5a-9daf-cf2a35524a63,9f71c3ef-afe8-41df-ad23-701096ccfebd,Macaulay Duration,2.21070740420482
407a7567-1df5-4abc-b77f-b5974445af08,551a5203-3c95-4b5a-9daf-cf2a35524a63,d0883ac6-6b0f-4918-a63d-fa1cf6dd1d29,Residual Maturity,2.44005261303494
3d9a2bcb-cebf-4b60-bf8d-280d496b0e5c,b04e2240-e78a-4780-ae55-0f23beee477d,afbcf0ab-914a-4217-a825-0bcb7ed86963,Annualised Portfolio YTM*:,0.0739152091697595
05fceacb-3e6e-4881-9429-22e15cb1903e,b04e2240-e78a-4780-ae55-0f23beee477d,4fe784e1-25b1-4ae5-849f-279469484204,Macaulay Duration,3.3288427935095
f34644f7-d4ed-4bb4-9643-8d0901ced793,b04e2240-e78a-4780-ae55-0f23beee477d,6cbd7e89-b954-421d-81fd-a64b434eaa28,Residual Maturity,3.80331469003929
a33fddd1-3b15-47e2-83fb-cfadee6f0d9c,ee7f77d7-6936-4d83-ba59-9e88403bb081,2c60f447-ca0a-4b03-8be7-4565ee2b94a4,Annualised Portfolio YTM*:,0.0723853646357757
2ad8bcec-95da-4320-9c55-6a10fd7b799f,ee7f77d7-6936-4d83-ba59-9e88403bb081,af6af4ca-19be-47a9-a806-cbc6215365dd,Macaulay Duration,7.00373079423269
9842da63-1464-495d-9990-dfc4ac1aea47,ee7f77d7-6936-4d83-ba59-9e88403bb081,6d5a5675-6a74-4c78-a667-c1ac844d1bee,Residual Maturity,9.69217299093107
ff16d438-0b7a-428f-91a3-b8db1fa5d058,d752970f-f545-4c22-b17e-1cb88a905642,1e452c9f-a4e3-4afa-95f3-f9f0b35cbd13,Annualised Portfolio YTM*:,0.0683332471991501
0847cc74-6b99-46b7-9826-06f37a2d2a9c,d752970f-f545-4c22-b17e-1cb88a905642,8ebab917-873d-4dbc-a637-e8f3b65ace4e,Macaulay Duration,0.00111960374547205
ff52ee13-5935-4968-8cea-a5ad3275615c,d752970f-f545-4c22-b17e-1cb88a905642,49be0cdb-b2c7-408f-972d-f90f748da075,Residual Maturity,0.00642706643862646
68eb2270-ac24-4bfc-ad3e-ae38f36ecf54,dead7470-4f29-4afc-8b73-40d16e6240a4,fbc13363-c8a1-4997-815e-f86f4f239cd6,Annualised Portfolio YTM*:,0.0724573598735507
37452f3b-1bb9-41ab-8838-0f132f1f5adf,dead7470-4f29-4afc-8b73-40d16e6240a4,61f35331-91fd-4edc-8182-a29fec0c020f,Macaulay Duration,3.88776350566954
26e6a759-6977-4079-876b-731bf4e2d79a,dead7470-4f29-4afc-8b73-40d16e6240a4,5678690d-84dc-47dd-9550-d0b73658caf9,Residual Maturity,4.62495796939768
e926469c-d911-4d7d-b793-7a8708bb3576,58a2a794-3677-48a2-a932-29a7511b4791,ff28977c-e4a7-4e54-bb8d-619e8e47f59f,Annualised Portfolio YTM*:,0.0743550371168259
f2d93fac-8e21-47d3-b455-9a164a9fa619,58a2a794-3677-48a2-a932-29a7511b4791,09868e43-eaff-42b6-aa2a-10bac0b4d981,Macaulay Duration,6.8783083300168
c4ef3b70-1473-4ba0-912c-6115e64ae097,58a2a794-3677-48a2-a932-29a7511b4791,7e9d7f12-3e08-430c-aff4-068ace4f9282,Residual Maturity,9.50727339327127
065ee7af-cabe-4eb7-8bf4-7a6d7f3ef601,238fc44a-9b8a-44b9-be62-eab288fa9118,0ca65087-aa22-4f6c-87cd-a0d6ac803860,Annualised Portfolio YTM*:,0.0725431954591301
464ed1bc-abbb-411b-854f-16f0f06a254b,238fc44a-9b8a-44b9-be62-eab288fa9118,2dc65ea6-3cc6-4308-b840-94386db5129e,Macaulay Duration,3.6153706084008
46f7e993-c8ec-4419-b8fe-b3a1e8265215,238fc44a-9b8a-44b9-be62-eab288fa9118,2a496924-684d-4ffd-8605-cf2a23c27bcd,Residual Maturity,4.20496253084185
360a3b42-f05f-4014-92ae-a23a3a983225,dd454cb2-6c59-4c6c-b8ae-adb8afb44272,48db7743-b0f4-438a-9207-22e4cdcf21c3,Annualised Portfolio YTM*:,0.0718877712026535
b4d99348-e84f-47f2-a2ac-adee14f1b942,dd454cb2-6c59-4c6c-b8ae-adb8afb44272,ac877a3c-4555-40f4-a662-49a80343b713,Macaulay Duration,2.93017690193443
4b3164e2-2426-4b5b-806d-1334c8cee568,dd454cb2-6c59-4c6c-b8ae-adb8afb44272,d8f21082-2ead-415c-9f7b-20d4230c3385,Residual Maturity,2.93292093923195
25af5089-d901-412b-87ee-d89819090b9c,ef504ea4-3d11-4782-9388-c4491f323f29,ad3f5ac7-2a36-44f0-af7a-0730a9a58c16,Annualised Portfolio YTM*:,0.0728653424353972
29f95011-cc93-4c30-b936-9fbe80904eda,ef504ea4-3d11-4782-9388-c4491f323f29,7a61a63c-2064-4b44-befa-cce4959a8df4,Macaulay Duration,0.0566208527645228
fbdbc52f-5fcf-4c90-ad9c-f02d1640135c,ef504ea4-3d11-4782-9388-c4491f323f29,b91e0b13-e3f1-4dda-974a-c5bb0c8c7587,Residual Maturity,0.0593629078910958
219d742f-fcf7-4c28-96a1-54eea00c026b,08180163-e2b7-47f6-b1ca-a69843c50340,ed7d3027-fab3-431f-bb24-f1713843902e,Annualised Portfolio YTM*:,0.0734328347279114
80dba2c9-993f-4c40-a205-a84aa5f15b75,08180163-e2b7-47f6-b1ca-a69843c50340,4825da48-07e7-4742-bf6e-fd8577af5278,Macaulay Duration,2.5314930754454
7a77bec9-f01a-4066-b94c-a633fa78f7d0,08180163-e2b7-47f6-b1ca-a69843c50340,68c8c2d5-b493-4122-b324-9fdc5379c61e,Residual Maturity,2.84356004345649
ced6f138-a6e0-4353-86f4-c726987db6cf,b90689ce-b04b-4728-9417-d7d5cf29a889,857e5970-c75a-4161-93e3-b18201418063,Annualised Portfolio YTM*:,0.0718933511616749
7c9d70d1-e316-406f-a2a1-33780ae99da8,b90689ce-b04b-4728-9417-d7d5cf29a889,e7b46e62-5595-4824-a6bd-b46809bf2f5d,Macaulay Duration,2.93647586627504
ceb29abf-65dc-4f0b-8dfa-4fb3eecc6193,b90689ce-b04b-4728-9417-d7d5cf29a889,5e37015d-a688-4ca1-9c42-e63bd6be6c68,Residual Maturity,2.93921716652059
d77e9e1e-c4fd-4f45-be99-34a6f3fd2845,99d7c8e0-e9e2-4665-b808-5d81bdfbd7eb,5c0c2a12-1812-4b51-b4a1-97bd6ac0597b,Annualised Portfolio YTM*:,0.0734513424423404
07f8561e-f660-476d-a3ff-cd7ce540e258,99d7c8e0-e9e2-4665-b808-5d81bdfbd7eb,2fadfa6d-e56e-425c-8f59-4217b0365f51,Macaulay Duration,3.03798846606366
f0190299-b0de-4b34-a22a-ba5dded1093b,99d7c8e0-e9e2-4665-b808-5d81bdfbd7eb,a7dac351-caa4-45fa-a983-da2eef635d8b,Residual Maturity,3.38376386713091
2886cf84-f4b5-4bee-8482-a76cf8c8b275,2a75f158-db91-49d5-bd31-ee94991557fc,7c0a2a6b-fd35-41e4-b0be-885e1d3cf8c2,PAY FIXED 4.2825% SWA INR 8/7/23 IDFCFBK,COSLCE44J7FL
a625a627-309a-49df-bee0-66061794b259,2a75f158-db91-49d5-bd31-ee94991557fc,61348fa1-7717-4721-9533-d09212e6a418,PAY FIXED 4.2825% SWA INR 8/7/23 IDFCFBK,COSLCE44J7FX
6dfb6274-a6ad-48b8-837b-c1c90b3cbbe5,2a75f158-db91-49d5-bd31-ee94991557fc,def4a6b5-c08e-4d0e-9b45-138b08890508,PAY FIXED 4.2825% SWA INR 8/7/23 ICICIBK,COSLCE44JAFL
562e1371-ba49-4139-bf3d-1cadd77da06f,2a75f158-db91-49d5-bd31-ee94991557fc,e97fb935-87da-45d4-b68f-5f04581e3384,PAY FIXED 4.2825% SWA INR 8/7/23 ICICIBK,COSLCE44JAFX
4fac4dbc-d717-4271-a5ef-4b126cebb68c,2a75f158-db91-49d5-bd31-ee94991557fc,333f7cd9-05dc-43e0-9fff-c570ee83747f,PAY FIXED 4.27% SWA INR 8/7/23 HSBCBK,COSLKW0FEFFL
c386dc58-eda1-4e9e-a613-17c23d9ed7e4,2a75f158-db91-49d5-bd31-ee94991557fc,68b6ee33-d1a7-454b-8dea-ff67e9b30812,PAY FIXED 4.27% SWA INR 8/7/23 HSBCBK,COSLKW0FEFFX
470be224-4f75-437b-b6ac-5c8ccdb677be,2a75f158-db91-49d5-bd31-ee94991557fc,a163182e-2e74-4ca7-85c3-a246848254fa,PAY FIXED 4.27% SWA INR 8/7/23 ICICIBK,COSLKW0FEIFL
1aa572dc-2c1c-4219-b8f5-2480413130fd,2a75f158-db91-49d5-bd31-ee94991557fc,d8b6f423-a164-4fef-9643-fde0a19e1aa9,PAY FIXED 4.27% SWA INR 8/7/23 ICICIBK,COSLKW0FEIFX
514b441a-3d9e-44b7-99a2-d1c84add145e,2a75f158-db91-49d5-bd31-ee94991557fc,1c6b700e-5d0a-4f34-9972-0fce34bdcac5,PAY FIXED 5.2% SWA INR 8/18/26 HSBCBK,COSLL127EDFL
e9e4c5a1-e32b-44a4-a891-dccf64df6b53,2a75f158-db91-49d5-bd31-ee94991557fc,4242f8a2-4c3b-409f-abcc-d497bd339404,PAY FIXED 5.2% SWA INR 8/18/26 HSBCBK,COSLL127EDFX
1455ac20-5b23-44d6-9062-94bda82fad28,fbf22e23-d0d3-40b1-bca7-8ef0a0e58697,878b24b5-3c05-4007-a204-a219cc38c45b,Pay Fixed 5.045% SWA INR 2/27/23 HSBCBK1,COSL160OXDFL
d1daceed-ad8d-4498-952a-23438485d7a6,fbf22e23-d0d3-40b1-bca7-8ef0a0e58697,27b59673-e05b-4603-ae12-bbf38db14c94,Pay Fixed 5.045% SWA INR 2/27/23 HSBCBK1,COSL160OXDFX
fa9bb304-289d-46a7-8285-420be2018314,fbf22e23-d0d3-40b1-bca7-8ef0a0e58697,41183672-d8f8-46dc-bca4-4fd922133693,Pay Fixed 5.045% SWA INR 2/27/23 HSBCBK2,COSL160OXMFL
31f3753a-357d-4ae0-9e7a-c905665d5a8c,fbf22e23-d0d3-40b1-bca7-8ef0a0e58697,747dbaf4-e897-4a6a-b28d-b37763e4c87c,Pay Fixed 5.045% SWA INR 2/27/23 HSBCBK2,COSL160OXMFX
14ecee5e-ad3c-4150-8c88-aabbd705d46f,fbf22e23-d0d3-40b1-bca7-8ef0a0e58697,d2de7b9e-2aa1-4698-8c48-ab65c482ba1b,Pay Fixed 3.66% SWA INR 2/14/22 HSBCBK,COSL3B4NI5FL
e41124b3-da43-4e67-aa9c-86f74e3851c8,fbf22e23-d0d3-40b1-bca7-8ef0a0e58697,46f18a84-8469-4d32-8dbb-17b02d56ccff,Pay Fixed 3.66% SWA INR 2/14/22 HSBCBK,COSL3B4NI5FX
979d8dcf-2ccb-4b70-8b48-1c9607272d3c,fbf22e23-d0d3-40b1-bca7-8ef0a0e58697,03ea3b49-bdec-4853-98dc-9bf9e1f11828,Pay Fixed 3.66% SWA INR 3/10/22 HSBCBK,COSL3B4NI8FL
331bff49-6920-4819-a748-80f794b1d3eb,fbf22e23-d0d3-40b1-bca7-8ef0a0e58697,4a693e8f-ef84-4287-86a3-939d91f961b0,Pay Fixed 3.66% SWA INR 3/10/22 HSBCBK,COSL3B4NI8FX
84aa95b7-c3a2-4453-acc5-0c6f8559a4e3,fbf22e23-d0d3-40b1-bca7-8ef0a0e58697,18b8aa30-8f10-4a7c-b309-5cecbffeedab,Pay Fixed 4.875% SWA INR 3/2/22 ICICIBK,COSL4R0T31FL
2de701e5-ea31-4825-ba9b-ed6fe8461685,fbf22e23-d0d3-40b1-bca7-8ef0a0e58697,ce318059-a5d3-493b-85af-47a8de215488,Pay Fixed 4.875% SWA INR 3/2/22 ICICIBK,COSL4R0T31FX
b6f430ee-12a1-46a4-ae5c-c169ac6ff552,fbf22e23-d0d3-40b1-bca7-8ef0a0e58697,a70679ae-5b81-44db-8ea0-2df032419d9d,Pay Fixed 4.87% SWA INR 3/2/22 ISPDL,COSL4R0T3DFL
70788e07-2d69-41a0-94a8-8a2802950849,fbf22e23-d0d3-40b1-bca7-8ef0a0e58697,84035cc3-d5bf-4dca-9303-30cf72e7bc66,Pay Fixed 4.87% SWA INR 3/2/22 ISPDL,COSL4R0T3DFX
d1c61331-c2b2-4842-82a6-b43f52fa8618,fbf22e23-d0d3-40b1-bca7-8ef0a0e58697,4fbebf8a-8a34-4704-98b9-32342d3372b1,Pay Fixed 5% SWA INR 1/13/23 HSBCBK,COSL4V0SSIFL
2d4efe6d-d0ce-4b29-9566-742130843a1f,fbf22e23-d0d3-40b1-bca7-8ef0a0e58697,716855d6-4514-42b8-b958-5069ec613c02,Pay Fixed 5% SWA INR 1/13/23 HSBCBK,COSL4V0SSIFX
11f679f2-d5e1-4ecf-b8fa-3528af6be62e,fbf22e23-d0d3-40b1-bca7-8ef0a0e58697,33dac2f6-9b42-4373-9ec5-7466ae6881e6,Pay Fixed 3.78% SWA INR 7/25/22 HSBCBK,COSL4V0Z1WFL
032e7dff-c95b-4d06-ae20-b30a28a8036d,fbf22e23-d0d3-40b1-bca7-8ef0a0e58697,8151863e-1bc2-4b7d-a910-869fa72dad94,Pay Fixed 3.78% SWA INR 7/25/22 HSBCBK,COSL4V0Z1WFX
dda02ab3-c974-4e85-b771-775e7040af8a,fbf22e23-d0d3-40b1-bca7-8ef0a0e58697,274e9a9a-5ade-4b3e-b2ec-5d5c3d853ec8,Pay Fixed 3.79% SWA INR 7/25/22 HSBCBK,COSL4V0Z1ZFL
75cfb942-1338-4e38-b155-f228c0f45a78,fbf22e23-d0d3-40b1-bca7-8ef0a0e58697,9cedb32b-2015-4bad-a60a-a563ab6e7273,Pay Fixed 3.79% SWA INR 7/25/22 HSBCBK,COSL4V0Z1ZFX
f15b60f8-cb13-43d7-8a37-11ac6de3979f,fbf22e23-d0d3-40b1-bca7-8ef0a0e58697,9329fc46-af3d-499c-a881-3ecb358ccc97,Pay Fixed 4.93% SWA INR 2/28/22 HSBCBK,COSL4W6LE3FL
6acb3fbd-2070-4305-846c-45e2620487dc,fbf22e23-d0d3-40b1-bca7-8ef0a0e58697,fd7811d3-42d5-4dde-afca-1dd424b37e89,Pay Fixed 4.93% SWA INR 2/28/22 HSBCBK,COSL4W6LE3FX
7b77a7ef-37e0-47bd-8f2b-50a4d1a4acd3,fbf22e23-d0d3-40b1-bca7-8ef0a0e58697,516aa060-0575-430f-b8ef-ec41827d7d77,Pay Fixed 4.96% SWA INR 2/28/22 ISPDL,COSL4W6LECFL
268ebbaf-3fcf-4ab7-8bad-c2e49f14e7d9,fbf22e23-d0d3-40b1-bca7-8ef0a0e58697,f1f6e3ed-6c4c-468f-9213-087ce7fa60e3,Pay Fixed 4.96% SWA INR 2/28/22 ISPDL,COSL4W6LECFX
6326ec52-21ad-4a81-8949-22f0c9d8d860,fbf22e23-d0d3-40b1-bca7-8ef0a0e58697,5e6b0bb9-6b70-4229-81a2-5222f37f33e9,Pay Float 4.8875% SWA INR 11/24/23 ICICIBK,COSL4W7BUTFL
96ee4411-8534-4e1b-84c0-b34c15247b0c,fbf22e23-d0d3-40b1-bca7-8ef0a0e58697,5c962265-b0fd-48ed-b96a-9c682e1fcabb,Pay Float 4.8875% SWA INR 11/24/23 ICICIBK,COSL4W7BUTFX
77eb4830-b066-40c8-aeab-72653a987489,fbf22e23-d0d3-40b1-bca7-8ef0a0e58697,90d580b9-5f57-4e48-9c47-76315916bf5e,REC_FLOAT & PAY_5.14_19/04/2022_HSBCBK,COSLA21KM5FL
7961bc05-be2b-4dfc-bfba-62ce0344d33f,fbf22e23-d0d3-40b1-bca7-8ef0a0e58697,23e741ce-f5c5-46cc-b18e-245588085654,REC_FLOAT & PAY_5.14_19/04/2022_HSBCBK,COSLA21KM5FX
deb34d9a-df72-4ca9-a1fd-d7943c2728a0,fbf22e23-d0d3-40b1-bca7-8ef0a0e58697,2db65cf1-c592-426e-9dfd-3023c87fb434,Pay Fixed 3.8% SWA INR 3/18/22 ISPDL,COSLKW05BKFL
96d8f809-0865-42e2-bdda-ba662cccd055,fbf22e23-d0d3-40b1-bca7-8ef0a0e58697,0937e5db-c279-4748-8d93-725c804ced3b,Pay Fixed 3.8% SWA INR 3/18/22 ISPDL,COSLKW05BKFX
d12b8444-785b-40c1-89bf-da622f035f60,fbf22e23-d0d3-40b1-bca7-8ef0a0e58697,1f0a61b7-8339-4109-b089-75db5d52dff7,Pay Fixed 4.21% SWA INR 3/23/23 HSBCBK_1,COSLOX0OA6FL
bb691336-0a48-4e44-9030-745a048a7253,fbf22e23-d0d3-40b1-bca7-8ef0a0e58697,225ef791-c31a-43cd-9269-8c4629ec23be,Pay Fixed 4.21% SWA INR 3/23/23 HSBCBK_1,COSLOX0OA6FX
d0177cf8-1983-442b-96a4-95acbad7c380,dcf4983e-6d26-4fe5-a74f-b0df6a9f8983,03f4ba8f-741f-4a66-be7a-c71c6cff5542,PAY FIXED 4.38% SWA INR 7/13/23 HDFCBANK,COSL021ACDFL
c81d3199-f3b4-401c-a8d5-d93901cb0474,dcf4983e-6d26-4fe5-a74f-b0df6a9f8983,dd890030-535a-4cee-875a-9e55a125b9b3,PAY FIXED 4.38% SWA INR 7/13/23 HDFCBANK,COSL021ACDFX
2d2855b3-660e-4014-8344-81a3f9e9fd8c,dcf4983e-6d26-4fe5-a74f-b0df6a9f8983,c553926a-8c24-4a1c-bd40-8a302f072bbf,PAY FIXED 4.1365% SWA INR 1/13/23 ICICI,COSL021ACPFL
2f837b31-677e-438f-862b-6b4e94a33840,dcf4983e-6d26-4fe5-a74f-b0df6a9f8983,30687ed7-c90a-4dde-81f2-ea73dd81ee47,PAY FIXED 4.1365% SWA INR 1/13/23 ICICI,COSL021ACPFX
65ba12dd-314b-48a4-9a87-f1e0a02c9594,dcf4983e-6d26-4fe5-a74f-b0df6a9f8983,a7d3e0e5-dd98-4b3d-a496-675cb0e4c575,Pay Fixed 3.82% SWA INR 11/11/22 ICICIBK,COSL1W49CLFL
03593720-190e-4eae-bba4-70e43d68007d,dcf4983e-6d26-4fe5-a74f-b0df6a9f8983,c158832f-9265-4c78-8dfb-483a9fec3c73,Pay Fixed 3.82% SWA INR 11/11/22 ICICIBK,COSL1W49CLFX
ead25f86-b983-4d9c-9a32-e6373b3f1542,dcf4983e-6d26-4fe5-a74f-b0df6a9f8983,0e3c250d-55b0-4ff6-841a-619e60ee4fc9,Pay Fixed 4.005% SWA INR 2/1/23 HSBCBK,COSL1W4AUQFL
47b44b51-927c-4bfb-b244-9cfb6d9e21bb,dcf4983e-6d26-4fe5-a74f-b0df6a9f8983,0842b220-babb-4339-a464-97a1da851cc0,Pay Fixed 4.005% SWA INR 2/1/23 HSBCBK,COSL1W4AUQFX
b348f98a-00f3-41c7-b407-3394025715cf,dcf4983e-6d26-4fe5-a74f-b0df6a9f8983,3ff0e762-99c9-47ea-919f-761f42d38304,Pay Fixed 3.76% SWA INR 2/1/22 ISPDL,COSL1W4AUTFL
f1603995-e1e3-4558-bc29-49ce776e39f8,dcf4983e-6d26-4fe5-a74f-b0df6a9f8983,4f3d90ed-1249-45a7-9074-5e7cb273c254,Pay Fixed 3.76% SWA INR 2/1/22 ISPDL,COSL1W4AUTFX
0a43bedb-e874-4210-b3ba-f1aa6b011a3a,dcf4983e-6d26-4fe5-a74f-b0df6a9f8983,526c7c56-10bd-44ac-97ef-f2703913936e,Pay Fixed 4.79% SWA INR 11/9/23 HSBCBK,COSL1W4F30FL
c47a7010-2d48-4441-92ed-e650bfea9903,dcf4983e-6d26-4fe5-a74f-b0df6a9f8983,4882df23-4d70-4900-b2b8-1f95ac4db0ed,Pay Fixed 4.79% SWA INR 11/9/23 HSBCBK,COSL1W4F30FX
e32654d9-5e66-4583-8eab-f1cbbb4e9ff5,dcf4983e-6d26-4fe5-a74f-b0df6a9f8983,ab1941a0-74b2-4260-997d-a5e55ba39d0c,Pay Fixed 3.625% SWA INR 2/10/22 ISPDL,COSL1W4FDYFL
62f2661e-868e-447d-b46a-90dcc7143ae3,dcf4983e-6d26-4fe5-a74f-b0df6a9f8983,a6f610aa-e5c7-46ad-8b53-7908a495f8f1,Pay Fixed 3.625% SWA INR 2/10/22 ISPDL,COSL1W4FDYFX
0a2008a9-3575-414a-ab83-9138b4e762d1,dcf4983e-6d26-4fe5-a74f-b0df6a9f8983,8d61e450-3df2-4f92-9590-4ed50ee170c3,Pay Float 4.9% SWA INR 1/10/24 HSBCBK,COSL1W4FKRFL
7f4a8704-632f-40c7-99c8-f4405390fbda,dcf4983e-6d26-4fe5-a74f-b0df6a9f8983,627f61e5-8272-4432-ace4-6aada0fb0c79,Pay Float 4.9% SWA INR 1/10/24 HSBCBK,COSL1W4FKRFX
29a2c77e-b4f0-41ea-91ce-5aa6c1eb5039,dcf4983e-6d26-4fe5-a74f-b0df6a9f8983,d71a592c-df1b-4ad1-9af9-84eeae1ec962,Pay Float 4.9% SWA INR 1/10/24 IDFCFBK,COSL1W4FKUFL
57cb79ce-ffe5-4617-8f76-493b85b7e9c7,dcf4983e-6d26-4fe5-a74f-b0df6a9f8983,16c53bd5-73c1-48f0-8c59-53ba644ab80e,Pay Float 4.9% SWA INR 1/10/24 IDFCFBK,COSL1W4FKUFX
84d1a44e-241d-436e-8093-1a0c76513f10,dcf4983e-6d26-4fe5-a74f-b0df6a9f8983,9aae46e9-64a2-4243-bb57-1a51700c1065,Pay Fixed 4.0225% SWA INR 9/30/22 ICICIBK,COSL4M4EROFL
9a54650f-46c1-4655-adcd-76d01a28f9cc,dcf4983e-6d26-4fe5-a74f-b0df6a9f8983,cdc63a1f-e756-43cb-a8da-2f029e2b2da4,Pay Fixed 4.0225% SWA INR 9/30/22 ICICIBK,COSL4M4EROFX
0877fd20-55ea-4c3f-8b68-47f078503501,dcf4983e-6d26-4fe5-a74f-b0df6a9f8983,a622eed5-ae3b-4029-8eb9-77a28960747b,PAY FIXED 3.885% SWA INR 6/27/22 ICICIBK,COSL4M4M4PFL
1432526a-9cf4-46b8-947e-888764277d77,dcf4983e-6d26-4fe5-a74f-b0df6a9f8983,44d284de-1378-43db-bab5-be9d54366d1a,PAY FIXED 3.885% SWA INR 6/27/22 ICICIBK,COSL4M4M4PFX
cf81697e-38c3-45b5-b268-247cf1eff780,dcf4983e-6d26-4fe5-a74f-b0df6a9f8983,1e1719e6-6e6f-4fbd-bb7b-1a0480d88c7a,PAY FIXED 3.9575% SWA 6/29/22 IDFCFBK,COSL4V161UFL
c7cbb601-7627-4130-bad6-0b106fa341e3,dcf4983e-6d26-4fe5-a74f-b0df6a9f8983,29201afb-6d15-4c26-882c-96b8a7f2ae40,PAY FIXED 3.9575% SWA 6/29/22 IDFCFBK,COSL4V161UFX
f08394b2-201d-4225-939e-00388e377e35,dcf4983e-6d26-4fe5-a74f-b0df6a9f8983,ae66cb6b-2132-478c-a2a2-86ced29b3d62,PAY FIXED 3.965% SWA INR 6/29/22 ISPDL,COSL4V161XFL
4a7b684e-ba17-4032-afd2-f47641729575,dcf4983e-6d26-4fe5-a74f-b0df6a9f8983,127aab7b-2f93-4b76-9b89-8eb8a98d7cff,PAY FIXED 3.965% SWA INR 6/29/22 ISPDL,COSL4V161XFX
3e6f4052-dae2-4009-bab3-b9400160945c,dcf4983e-6d26-4fe5-a74f-b0df6a9f8983,c10cdfbd-01c5-4870-8075-ed38bff07201,PAY FIXED 3.9575% SWA INR 6/29/22 HSBCBK,COSL4V1623FL
52bfe4f6-60bd-444e-a955-affd2f516c8d,dcf4983e-6d26-4fe5-a74f-b0df6a9f8983,b701edfa-ba3d-4d75-8cef-d0ccb0f8911f,PAY FIXED 3.9575% SWA INR 6/29/22 HSBCBK,COSL4V1623FX
e7dda1f4-6343-48d4-ba03-6e55c3576a10,dcf4983e-6d26-4fe5-a74f-b0df6a9f8983,57941f0a-e4f0-429c-86d5-d84ef32dab76,Pay Fixed 3.72% SWA INR 3/10/22 HSBCBK,COSL4V19YRFL
29c84b99-4c07-4591-82b3-1efc80b02c26,dcf4983e-6d26-4fe5-a74f-b0df6a9f8983,5707b6c1-7bec-4d15-be22-e5b0c5fd9f25,Pay Fixed 3.72% SWA INR 3/10/22 HSBCBK,COSL4V19YRFX
c6536bc8-bf16-45fe-9808-9f9383a20030,dcf4983e-6d26-4fe5-a74f-b0df6a9f8983,a1085aee-0858-40e1-91c2-221395add58d,Pay Float 4.92% SWA INR 1/15/24 HSBCBK,COSL4V1B4TFL
0d59fd30-102f-47aa-822c-046e887f887c,dcf4983e-6d26-4fe5-a74f-b0df6a9f8983,10a79aba-4126-4cd9-93ec-86f4bea6ab0e,Pay Float 4.92% SWA INR 1/15/24 HSBCBK,COSL4V1B4TFX
7c9bf1c7-181c-43be-9e63-5660e7deb419,dcf4983e-6d26-4fe5-a74f-b0df6a9f8983,e339caf1-0672-48f5-8936-087374622246,Pay Float 5.26% SWA INR 1/13/25 HSBCBK,COSL4V1B4WFL
62596c08-64db-4f5f-a954-8bf4c462a30a,dcf4983e-6d26-4fe5-a74f-b0df6a9f8983,c5ebb6ad-f41d-4993-bda3-8870d106214d,Pay Float 5.26% SWA INR 1/13/25 HSBCBK,COSL4V1B4WFX
0866e0cf-0fe3-4c80-b72f-1fbddf39b090,dcf4983e-6d26-4fe5-a74f-b0df6a9f8983,254d4687-423f-4cee-8050-eaf4043dcf33,Pay Fixed 3.885% SWA INR 6/24/22 ICICIBK,COSL4W76ZLFL
1c8776d5-20cb-455f-8128-c95cb48bc047,dcf4983e-6d26-4fe5-a74f-b0df6a9f8983,1ed6e67e-ba13-4293-a7aa-f745fc3e8fcd,Pay Fixed 3.885% SWA INR 6/24/22 ICICIBK,COSL4W76ZLFX
ee952b5c-6c1d-4617-abce-9b50886c093b,dcf4983e-6d26-4fe5-a74f-b0df6a9f8983,f143df97-3a1c-4632-9ea5-2dc417a6aeb7,Pay Fixed 3.935% SWA INR 7/1/22 HDFCBANK,COSL4W77KZFL
70e79e60-a67c-4b1d-b8dd-a95bc824e0f9,dcf4983e-6d26-4fe5-a74f-b0df6a9f8983,213b95a1-2b7c-4090-9724-2e374806093f,Pay Fixed 3.935% SWA INR 7/1/22 HDFCBANK,COSL4W77KZFX
31be3cfc-cf2d-458f-872d-bb3e97c04865,dcf4983e-6d26-4fe5-a74f-b0df6a9f8983,8d592283-39a3-42bc-96d8-581dd1f5484f,Pay Fixed 4.82875% SWA INR 11/13/23 ISPDL,COSL4W7BLXFL
4701c4a6-1b91-4b75-8d71-5c83fa1c2fa8,dcf4983e-6d26-4fe5-a74f-b0df6a9f8983,624a4cea-0387-4c9d-a85b-1b8652a9bfac,Pay Fixed 4.82875% SWA INR 11/13/23 ISPDL,COSL4W7BLXFX
657e76d9-4077-4d8e-bcf0-785d54da87dc,dcf4983e-6d26-4fe5-a74f-b0df6a9f8983,b1687f68-1236-4515-aad1-23bdf08dad7b,Pay Fixed 3.98% SWA INR 9/28/22 HSBCBK,COSL5766WVFL
5a68b938-eb99-47b7-9628-738b6f53826d,dcf4983e-6d26-4fe5-a74f-b0df6a9f8983,0ea7dc87-9990-4b47-ac45-85096d14ee23,Pay Fixed 3.98% SWA INR 9/28/22 HSBCBK,COSL5766WVFX
3cfc4620-7702-4bff-92a4-142676c74165,dcf4983e-6d26-4fe5-a74f-b0df6a9f8983,323e8fc4-97e4-44bd-b9c3-6ba366bfd6ac,Pay Fixed 3.8525% SWA INR 4/8/22 ICICIBK,COSL5D4XDMFL
b43cf927-516e-4386-a8db-a4ea76bda199,dcf4983e-6d26-4fe5-a74f-b0df6a9f8983,cd9cffb9-0200-47a6-ab2b-20163c764425,Pay Fixed 3.8525% SWA INR 4/8/22 ICICIBK,COSL5D4XDMFX
61c366f0-0d79-4569-8f31-c96b30e40970,dcf4983e-6d26-4fe5-a74f-b0df6a9f8983,3213a029-ff13-4aa4-a01d-6dc68e08dccc,Pay Fixed 3.86% SWA INR 6/20/22 ISPDL,COSL5E5XCLFL
2a5f8bce-e6ff-48e0-af0f-15f4085f7c5b,dcf4983e-6d26-4fe5-a74f-b0df6a9f8983,7f2bbef4-47b1-4850-8f3b-28b692383467,Pay Fixed 3.86% SWA INR 6/20/22 ISPDL,COSL5E5XCLFX
1dd138fe-f7c0-487f-b032-03f040b68e39,dcf4983e-6d26-4fe5-a74f-b0df6a9f8983,fc68a7b7-eed1-40cd-ba5d-e07466c1f72e,Pay Fixed 4.06% SWA INR 7/5/22 IDFCFBK,COSL5E613SFL
ceae1b71-3c54-47e7-be33-5f2408265225,dcf4983e-6d26-4fe5-a74f-b0df6a9f8983,127dbe81-01b3-4489-91a8-a799c6c0f631,Pay Fixed 4.06% SWA INR 7/5/22 IDFCFBK,COSL5E613SFX
711dd319-11b1-4f2f-b10f-349379fa4d32,dcf4983e-6d26-4fe5-a74f-b0df6a9f8983,10f4bc09-7e8d-44e1-80f6-76450e9cc86b,Pay Float 4.885% SWA INR 1/15/24 HSBCBK,COSL5E61FTFL
c5bf39c9-a059-488f-848d-42f405c8e90c,dcf4983e-6d26-4fe5-a74f-b0df6a9f8983,d8508588-79d4-4441-be92-1e7c6c2526a3,Pay Float 4.885% SWA INR 1/15/24 HSBCBK,COSL5E61FTFX
3e898648-bc63-461a-829a-3b0f14b6ba61,dcf4983e-6d26-4fe5-a74f-b0df6a9f8983,eaddef8e-875c-4280-8d3f-8a09f519ae21,REC_FLOAT & PAY_6.04_08/04/2022_HSBCBK,COSLA21KN8FL
ff4fdf67-d08c-4150-ba39-4bbac43dfad9,dcf4983e-6d26-4fe5-a74f-b0df6a9f8983,7f466e5b-ba87-440e-b24d-69d25677dbbe,REC_FLOAT & PAY_6.04_08/04/2022_HSBCBK,COSLA21KN8FX
9bb202f0-a25a-4873-ba93-b5e770425e34,dcf4983e-6d26-4fe5-a74f-b0df6a9f8983,9442afff-a143-4442-a037-461ec7bab23c,PAY FIXED 3.88% SWA INR 6/27/22 ICICIBK,COSLCE43UOFL
51fd3e2f-afca-4723-859b-06a600d4288b,dcf4983e-6d26-4fe5-a74f-b0df6a9f8983,15f7c44e-6961-4d3d-850c-88b05b437f76,PAY FIXED 3.88% SWA INR 6/27/22 ICICIBK,COSLCE43UOFX
dd952107-1a3c-4def-ac13-87f86d0f627d,dcf4983e-6d26-4fe5-a74f-b0df6a9f8983,b5f2c75f-fb4f-498a-ba04-8a37a9113e2c,Pay Fixed 3.9375% SWA INR 6/28/22 HDFCBANK,COSLCE43VEFL
90071cd4-70da-4a23-a606-f3881e6c0ba5,dcf4983e-6d26-4fe5-a74f-b0df6a9f8983,6a76f3e7-112b-417c-b041-447b5d989bf8,Pay Fixed 3.9375% SWA INR 6/28/22 HDFCBANK,COSLCE43VEFX
e887f152-9498-4fe7-a3be-5f482dd8dd76,dcf4983e-6d26-4fe5-a74f-b0df6a9f8983,77f77849-af40-420d-b03d-d2d75c1cd560,Pay Fixed 3.94% SWA INR 6/28/22 ISPDL,COSLCE43VHFL
56fc7956-b907-421e-8e72-68f2e8445533,dcf4983e-6d26-4fe5-a74f-b0df6a9f8983,bb9d2616-c06a-42b0-9270-2825d6abe91f,Pay Fixed 3.94% SWA INR 6/28/22 ISPDL,COSLCE43VHFX
8f1ce296-8083-46f8-b97d-cc21d49e822d,dcf4983e-6d26-4fe5-a74f-b0df6a9f8983,ab2bb0de-9903-4a84-81c4-3d47be10e5c6,PAY FIXED 3.5875% SWA INR 3/21/22 HSBCBK,COSLL128J5FL
30469031-96a1-4223-a2d2-60ebf51caf8a,dcf4983e-6d26-4fe5-a74f-b0df6a9f8983,baf2ba28-e51b-44cd-b6b3-1b17d1ba58e4,PAY FIXED 3.5875% SWA INR 3/21/22 HSBCBK,COSLL128J5FX
91fe0d97-70b6-4f71-b6fc-4857a8ec24f4,dcf4983e-6d26-4fe5-a74f-b0df6a9f8983,a8bb8f81-cec4-4909-aba1-8d3f2f9f61ae,Pay Fixed 4.72% SWA INR 12/4/23 HSBCBK,COSLL12BDWFL
15b41a9e-ffb6-4f8d-8227-780a3f83fa54,dcf4983e-6d26-4fe5-a74f-b0df6a9f8983,5a5f6b39-27e8-4833-9b86-95acefd01e80,Pay Fixed 4.72% SWA INR 12/4/23 HSBCBK,COSLL12BDWFX
f2f4d608-85ab-4c1b-90fa-2ec761272768,dcf4983e-6d26-4fe5-a74f-b0df6a9f8983,6c6e8b83-91dd-4924-9c12-8685fed6d508,Pay Float 3.92% SWA INR 6/6/22 HSBCBK,COSLL12BH7FL
9ff9027b-c74b-4689-a6db-e040d7a8bbc2,dcf4983e-6d26-4fe5-a74f-b0df6a9f8983,e1e32709-840c-4aaf-a0ff-91db4c0cd7f0,Pay Float 3.92% SWA INR 6/6/22 HSBCBK,COSLL12BH7FX
730121d7-ab3b-43e7-ab6a-b2a4e161389a,dcf4983e-6d26-4fe5-a74f-b0df6a9f8983,b9a2e1fb-efac-4188-8ed6-c91ef46b8b1b,Pay Fixed 3.66% SWA INR 2/14/22 IDFCFBK,COSLL12C3VFL
5220c141-31e7-41ac-8b08-6e18f9ea1b5c,dcf4983e-6d26-4fe5-a74f-b0df6a9f8983,fec01774-b9cc-4d75-b829-4a54aadf5e39,Pay Fixed 3.66% SWA INR 2/14/22 IDFCFBK,COSLL12C3VFX
69141aaf-4e2b-4f2d-a761-62e99451f845,dcf4983e-6d26-4fe5-a74f-b0df6a9f8983,689e8cac-3faa-4f86-8cfe-22e3fc396e22,Pay Float 4.29% SWA INR 12/15/22 IDFCFBK,COSLL12C65FL
2a3566b5-5dc5-427b-9d1d-88aba24187cb,dcf4983e-6d26-4fe5-a74f-b0df6a9f8983,0f6129d5-53bd-41ce-9dd2-4c97541309c4,Pay Float 4.29% SWA INR 12/15/22 IDFCFBK,COSLL12C65FX
576f10b6-118d-4016-a7a2-eafcde39ea5c,dcf4983e-6d26-4fe5-a74f-b0df6a9f8983,2524f719-85bb-404b-8e16-bf1702bca9ef,Pay Fixed 3.7% SWA INR 2/7/22 IDFCFBK,COSLL12COZFL
5eeeca70-0f63-4048-bc42-b41fea42d3a2,dcf4983e-6d26-4fe5-a74f-b0df6a9f8983,908ac8d2-215b-4bbe-a473-5ea22799cb34,Pay Fixed 3.7% SWA INR 2/7/22 IDFCFBK,COSLL12COZFX
9d7b9700-5828-461b-93a9-a06478f800d6,dcf4983e-6d26-4fe5-a74f-b0df6a9f8983,0fd225d4-e112-4d91-bd2a-bfa70817872c,Pay Fixed 5.665% SWA INR 11/2/26 HSBCBK,COSLOE35NKFL
9cf3a74e-e03e-4a25-8277-07b9019aaa19,dcf4983e-6d26-4fe5-a74f-b0df6a9f8983,9b0c1f33-e190-4a96-ba57-c4d2c9aeff09,Pay Fixed 5.665% SWA INR 11/2/26 HSBCBK,COSLOE35NKFX
b4bdb431-893e-4588-8793-ba876077c2fe,dcf4983e-6d26-4fe5-a74f-b0df6a9f8983,74b663a9-46b8-44d4-9e24-9cbff7906a3a,Pay Fixed 3.9825% SWA INR 9/28/22 ICICIBK,COSLRT0JP4FL
3948cd06-7ca6-45c6-8952-0e404eedee15,dcf4983e-6d26-4fe5-a74f-b0df6a9f8983,8948a4c7-d33c-4b33-938c-4545f577d17e,Pay Fixed 3.9825% SWA INR 9/28/22 ICICIBK,COSLRT0JP4FX
b66f8fe7-1ff2-405a-a7b3-0432a4c70e53,732503bb-c520-4a04-9efa-53ca3aae9c92,501eead5-8631-46a6-a689-d015a2dc124f,PAY FIXED 3.9725% SWA INR 1/9/23 ICICIBK,COSL3V1RJHFL
12d7690d-d8ab-4b7e-b835-073e7b040205,732503bb-c520-4a04-9efa-53ca3aae9c92,e0eb96c2-0a2f-41d6-b7ea-722bf1719a0d,PAY FIXED 3.9725% SWA INR 1/9/23 ICICIBK,COSL3V1RJHFX
b6df41e2-0d88-4ce3-8552-ec13c6b5f627,732503bb-c520-4a04-9efa-53ca3aae9c92,70ae5e8f-dbac-4291-bd62-6c02aa1ea5dd,PAY FIXED 3.9650% SWA INR 1/9/23 ICICIBK,COSL3V1RJKFL
6e6e91cb-deae-42cb-be87-f3c1adb22183,732503bb-c520-4a04-9efa-53ca3aae9c92,c703389a-4c69-4dcf-ae42-6d33a9fee052,PAY FIXED 3.9650% SWA INR 1/9/23 ICICIBK,COSL3V1RJKFX
bd08dc69-74a2-484e-b0c4-b2888716e927,732503bb-c520-4a04-9efa-53ca3aae9c92,7379e5bd-4041-4743-9d09-df864152e4a6,Pay Fixed 4.875% SWA INR 3/2/22 ICICIBK1,COSL4R0T34FL
e0f07fa5-7061-46e9-9992-cb93c2a968ba,732503bb-c520-4a04-9efa-53ca3aae9c92,e989e20c-d28f-4140-9acc-a32e9c7458b8,Pay Fixed 4.875% SWA INR 3/2/22 ICICIBK1,COSL4R0T34FX
eec999c5-a3e4-4693-8be3-9e1a48b8dfa1,732503bb-c520-4a04-9efa-53ca3aae9c92,e2d4a76f-ff31-4f31-b365-894679d35045,Pay Fixed 4.87% SWA INR 3/2/22 ISPDL1,COSL4R0T3GFL
fa21cdf5-bc3a-4acd-ad61-0a28364abd9e,732503bb-c520-4a04-9efa-53ca3aae9c92,39660f1d-ea3e-4255-9830-59a23ac789fd,Pay Fixed 4.87% SWA INR 3/2/22 ISPDL1,COSL4R0T3GFX
e4eb953b-7d42-45d4-acb4-04a3f92487f0,732503bb-c520-4a04-9efa-53ca3aae9c92,38a2dee2-b301-4b8d-bab6-3822dc3dbb30,Pay Fixed 4.945% SWA INR 2/28/22 HSBCBK2,COSL4W6LDCFL
5a417996-26a3-48be-8f24-f88d29d9e533,732503bb-c520-4a04-9efa-53ca3aae9c92,97a8ad14-dc18-4adf-849f-28158464e716,Pay Fixed 4.945% SWA INR 2/28/22 HSBCBK2,COSL4W6LDCFX
e4c3e3af-a6e3-4548-9c7e-2f86a6f6acf5,732503bb-c520-4a04-9efa-53ca3aae9c92,b14bc437-938b-4702-b6ec-e8e7cc5d2385,Pay Fixed 4.93% SWA INR 2/28/22 HSBCBK2,COSL4W6LE9FL
85cf0b01-d2cb-4fd2-8634-d6756d744fd2,732503bb-c520-4a04-9efa-53ca3aae9c92,ee7d10ad-a0e2-450c-9c82-1f9965fea0ca,Pay Fixed 4.93% SWA INR 2/28/22 HSBCBK2,COSL4W6LE9FX
b69751a4-0458-4e8b-818d-a25fe7a3e5f6,732503bb-c520-4a04-9efa-53ca3aae9c92,c202fb5d-2497-4c4a-b5d2-bfd8647d4911,Pay Fixed 4.355% SWA INR 8/14/23 ICICIBK,COSL5E5YJMFL
7ca0779d-9858-4a0c-9f74-ae4c61715c17,732503bb-c520-4a04-9efa-53ca3aae9c92,b2dd6974-558f-4b79-9683-4a72c21ff125,Pay Fixed 4.355% SWA INR 8/14/23 ICICIBK,COSL5E5YJMFX
ff0932b1-7a4e-4474-a220-8b3ed0dcc50a,732503bb-c520-4a04-9efa-53ca3aae9c92,3472f268-d5a6-4b1c-a2b9-1280a253a3b2,Pay Fixed 4.35% SWA INR 8/14/23 ISPDL,COSL5E5YJPFL
350ac935-5d78-4665-95dc-cdacca0a885c,732503bb-c520-4a04-9efa-53ca3aae9c92,4c19d965-72ce-4cd0-ad25-469c8fb775a8,Pay Fixed 4.35% SWA INR 8/14/23 ISPDL,COSL5E5YJPFX
77cebab5-8de1-44bd-a965-9dabe4cd97dd,732503bb-c520-4a04-9efa-53ca3aae9c92,680b1e30-8265-420c-bac0-401572fece0d,PAY FIXED 4.28% SWA INR 8/7/23 HSBCBK1,COSLCE44J1FL
14afbcfc-b59e-4e92-9175-93a082cbf178,732503bb-c520-4a04-9efa-53ca3aae9c92,87922c63-94ce-4122-815e-ff6d8f0b5117,PAY FIXED 4.28% SWA INR 8/7/23 HSBCBK1,COSLCE44J1FX
d89e1102-b207-400f-a95f-9c81fd49f23e,732503bb-c520-4a04-9efa-53ca3aae9c92,f3a8cc65-e0dd-4c4f-a481-646d2377dbb7,Pay Fixed 3.77% SWA INR 6/1/22 HSBCBK,COSLKW05BNFL
4c7aa2f4-e9cc-42c9-9fa1-e30ea75015c8,732503bb-c520-4a04-9efa-53ca3aae9c92,e6ad3ef7-3ae9-4179-8131-c181dadf6259,Pay Fixed 3.77% SWA INR 6/1/22 HSBCBK,COSLKW05BNFX
9e644573-dfd2-4276-8c91-dfdbda411fc5,732503bb-c520-4a04-9efa-53ca3aae9c92,841d21e5-1b92-4db8-8a0f-cbe051d283b9,Pay Fixed 3.78% SWA INR 6/1/22 ICICIBK,COSLKW05CBFL
c79aef39-6d6d-42cb-962a-2bce9c999b77,732503bb-c520-4a04-9efa-53ca3aae9c92,e411228b-3966-476b-9b70-d64789acc0b3,Pay Fixed 3.78% SWA INR 6/1/22 ICICIBK,COSLKW05CBFX
a4731479-b00c-487b-a933-02b42a7e0e9c,732503bb-c520-4a04-9efa-53ca3aae9c92,67a484f9-a0c2-4cc6-ab15-c7f8e09996b6,Pay Fixed 3.76% SWA INR 6/1/22 ICICIBK,COSLKW05CKFL
5f83e737-2348-41e9-bef9-741cdcd6534f,732503bb-c520-4a04-9efa-53ca3aae9c92,c5fb33b3-b5db-411c-8a4c-0f797dfd72e9,Pay Fixed 3.76% SWA INR 6/1/22 ICICIBK,COSLKW05CKFX
6780ad2b-8110-4527-81c3-d146312222bd,732503bb-c520-4a04-9efa-53ca3aae9c92,a68a706a-9a0d-439b-b0f0-50613323f502,Pay Fixed 3.95% SWA INR 1/11/23 HSBCBK,COSLKW0A3EFL
e9a12991-a302-4d40-b4b5-a8c57e0bd04e,732503bb-c520-4a04-9efa-53ca3aae9c92,74f4401a-a5a0-4003-8f10-e6fd8ac714f1,Pay Fixed 3.95% SWA INR 1/11/23 HSBCBK,COSLKW0A3EFX
c626fc95-e45e-4bef-8467-d411cd9d4e76,732503bb-c520-4a04-9efa-53ca3aae9c92,2ca5d65a-4761-4d65-af84-1011a6b1a7fe,Pay Fixed 3.79% SWA INR 5/30/22 ICICIBK2,COSLMH2QTGFL
52a1e4a8-274f-4758-bd8e-b6f678ad7949,732503bb-c520-4a04-9efa-53ca3aae9c92,be7c9706-9431-40d7-9394-4ba131bbc357,Pay Fixed 3.79% SWA INR 5/30/22 ICICIBK2,COSLMH2QTGFX
1293ba5b-e02c-4bee-ae8e-1f951f67d793,732503bb-c520-4a04-9efa-53ca3aae9c92,b24e343b-b6d1-4a4e-b185-ee9acacece3b,Pay Fixed 3.79% SWA INR 5/30/22 ICICIBK1,COSLMH2QTSFL
d70bd452-5a88-442f-8691-1ad9e2cd96f3,732503bb-c520-4a04-9efa-53ca3aae9c92,9cdd8d6c-62b5-451b-93ca-886ff5b0faf1,Pay Fixed 3.79% SWA INR 5/30/22 ICICIBK1,COSLMH2QTSFX
2c79b3f1-da5b-4ad7-9d6c-49291573f7c1,732503bb-c520-4a04-9efa-53ca3aae9c92,03a979f0-c226-4123-80be-62bbfcd4a143,Pay Fixed 5% SWA INR 2/25/22 HSBCBK2,COSLRT0BUOFL
2de41a16-e800-48f7-b7b0-2804a80d2592,732503bb-c520-4a04-9efa-53ca3aae9c92,203f3d4e-a25a-4005-8490-0828fe403b48,Pay Fixed 5% SWA INR 2/25/22 HSBCBK2,COSLRT0BUOFX
1d6266f1-0990-4627-abda-0e636d626caf,96aabf69-1aa3-4950-9e5d-7c21389ce02d,5a47aa83-372a-41ed-be06-4fd8f4536a7c,Pay Float 4.8575% SWA INR 10/30/23 IDFCFBK,COSL0R0F9CFL
0468e063-e042-4eda-87f1-eae742d55ce9,96aabf69-1aa3-4950-9e5d-7c21389ce02d,0d95df3b-8bf0-4c89-ac1a-d3f6f7eaf341,Pay Float 4.8575% SWA INR 10/30/23 IDFCFBK,COSL0R0F9CFX
e9a33bd4-6d32-4774-b9f2-31f5d9336824,96aabf69-1aa3-4950-9e5d-7c21389ce02d,dadf9e10-31ab-4d84-b62b-7afa812cf12b,Pay Float 4.94% SWA INR 11/15/23 HSBCBK,COSL2F18GOFL
81ab8013-1c5b-4903-b5c9-4f21f741818e,96aabf69-1aa3-4950-9e5d-7c21389ce02d,84c87f87-17c0-427d-90c0-60c066938d86,Pay Float 4.94% SWA INR 11/15/23 HSBCBK,COSL2F18GOFX
f6fbe747-66e4-4621-8036-1e9243144c87,96aabf69-1aa3-4950-9e5d-7c21389ce02d,688f7d70-bf76-4cf4-b8a5-cd95b0458b3e,Pay Float 4.91% SWA INR 11/16/23 HSBCBK,COSL2H68BBFL
4024d811-63eb-48ac-ab11-5fc16abd7dfe,96aabf69-1aa3-4950-9e5d-7c21389ce02d,818f057d-e5b4-482d-a709-871d0ce23657,Pay Float 4.91% SWA INR 11/16/23 HSBCBK,COSL2H68BBFX
daeb62b5-2061-4b9e-addf-c03c1d08724b,96aabf69-1aa3-4950-9e5d-7c21389ce02d,bad9ea4e-9809-431a-b051-afebcd1e4248,Pay Float 4.8875% SWA INR 11/24/23 ICICIBK2,COSL4W7BUWFL
a6d456d8-6b8c-4070-9de6-e19aad270212,96aabf69-1aa3-4950-9e5d-7c21389ce02d,01d121a6-b57e-49ec-97da-3cc97323bbb4,Pay Float 4.8875% SWA INR 11/24/23 ICICIBK2,COSL4W7BUWFX
f74ab587-c7e3-45ab-a94a-8424aad675f1,96aabf69-1aa3-4950-9e5d-7c21389ce02d,bc08eaa9-ad11-4241-a7e7-77512858c5c0,Pay Fixed 5.375% SWA INR 11/30/26 HSBCBK,COSLL12BA2FL
c88ea6c1-eb91-4411-8267-9bab099babb6,96aabf69-1aa3-4950-9e5d-7c21389ce02d,54754ce0-6271-470f-b078-e040df26e77f,Pay Fixed 5.375% SWA INR 11/30/26 HSBCBK,COSLL12BA2FX
c9c7fef0-a8cc-4e00-ab8f-5447a60110d7,96aabf69-1aa3-4950-9e5d-7c21389ce02d,bb8785e9-aac5-4d1a-bc80-dc4f8b58f6e8,Pay Fixed 5.29% SWA INR 12/1/26 IDFCFBK,COSLL12BCRFL
4e8a1985-9460-4753-b64d-0350990d9725,96aabf69-1aa3-4950-9e5d-7c21389ce02d,12ae16ac-4985-43fe-bb7a-09a2925d0f8c,Pay Fixed 5.29% SWA INR 12/1/26 IDFCFBK,COSLL12BCRFX
71434684-9d73-4d09-a73c-5b04724dd4b7,96aabf69-1aa3-4950-9e5d-7c21389ce02d,49e05e64-7a8c-4187-b7ff-50019ebed142,Pay Fixed 5.28% SWA INR 12/1/26 IDFCFBK,COSLL12BDEFL
63d3dad7-5fa9-4ef0-88fa-380c8ad3affd,96aabf69-1aa3-4950-9e5d-7c21389ce02d,f734c95b-52b4-40ba-b93b-4eb9c2bb3749,Pay Fixed 5.28% SWA INR 12/1/26 IDFCFBK,COSLL12BDEFX
4281f878-e5e5-4754-81db-d2a55b5106c2,5e6bb806-3a25-46df-9b32-afb86cc10ffd,f93080d4-750f-4b20-93b9-c0b4073c397a,Pay Float 4.03% SWA INR 10/14/22 HSBCBK,COSL1611MRFL
1cc8488d-c5a0-46ff-a880-3b40937a12e5,5e6bb806-3a25-46df-9b32-afb86cc10ffd,cb55fae3-b3fb-4301-886f-1a90e35d5b6e,Pay Float 4.03% SWA INR 10/14/22 HSBCBK,COSL1611MRFX
0b51953d-953b-4b3e-a2f4-2b5e823ef9e6,5e6bb806-3a25-46df-9b32-afb86cc10ffd,5445db37-9e84-4cb7-9d76-565058c7f388,Pay Fixed 5.35% SWA INR 12/29/26 HSBCBK1,COSL2H6A4FFL
598fab51-b67a-48a3-ab4c-092dfc67deb5,5e6bb806-3a25-46df-9b32-afb86cc10ffd,5cced9b2-1aff-4780-b265-c22983d2c229,Pay Fixed 5.35% SWA INR 12/29/26 HSBCBK1,COSL2H6A4FFX
7e9ebe1c-4c9b-4317-ab24-fb65b1911661,5e6bb806-3a25-46df-9b32-afb86cc10ffd,a6a21d7b-19a5-4c40-9947-b0e5b9804b52,Pay Fixed 5.61% SWA INR 1/7/27 HSBCBK,COSL4M4QO7FL
e933a014-4636-4641-8ac1-e9c8ba6c96cf,5e6bb806-3a25-46df-9b32-afb86cc10ffd,56131d59-2ac9-4bea-ada2-0b912c8436f2,Pay Fixed 5.61% SWA INR 1/7/27 HSBCBK,COSL4M4QO7FX
5f108a9d-8909-4270-8056-69c333d38d1e,5e6bb806-3a25-46df-9b32-afb86cc10ffd,4145f13f-e755-4316-9e1c-f8f3d4604e72,Pay Float 4.935% SWA INR 1/8/24 IDFCFBK,COSL4M4QOAFL
8a7d2953-2801-400c-9b27-889745a53004,5e6bb806-3a25-46df-9b32-afb86cc10ffd,1ce5515a-5b81-47b6-9b43-64bed4313f64,Pay Float 4.935% SWA INR 1/8/24 IDFCFBK,COSL4M4QOAFX
c50d91f8-3e64-4ebe-95e3-e6ca93e0b57b,5e6bb806-3a25-46df-9b32-afb86cc10ffd,5b9677c2-d89f-4ee0-9e97-2881e2c48f64,Pay Fixed 5.34% SWA INR 12/30/26 HSBCBK,COSL4T5UHLFL
acf6b5f3-7583-4982-9083-c2e3c517436e,5e6bb806-3a25-46df-9b32-afb86cc10ffd,953f83d5-ebcc-4ddf-b4cc-62eaa629f424,Pay Fixed 5.34% SWA INR 12/30/26 HSBCBK,COSL4T5UHLFX
8e2db690-0f6c-44b7-9cce-a1a94fcfbdad,5e6bb806-3a25-46df-9b32-afb86cc10ffd,d74de86e-1cb0-4097-924a-3e520a5081dc,Pay Fixed 5.34% SWA INR 12/30/26 HSBCBK1,COSL4T5UHRFL
087c9406-c447-45a9-b632-641b3208db4d,5e6bb806-3a25-46df-9b32-afb86cc10ffd,f02f2cfa-37b6-499b-ad37-0ffbe3d681e7,Pay Fixed 5.34% SWA INR 12/30/26 HSBCBK1,COSL4T5UHRFX
9ae716d5-ccd9-4371-863a-5eecdfee8b93,5e6bb806-3a25-46df-9b32-afb86cc10ffd,504b8f2e-e9dd-44a1-b094-08497ea29a19,PAY FLOAT 4.035% SWA INR 10/7/22 ICICIBK,COSL4V18H3FL
907d2de5-9fe7-43f5-b57f-a2a1c0cff84c,5e6bb806-3a25-46df-9b32-afb86cc10ffd,ee1d03bb-7d89-4d6e-8ef7-1f4ccc91db1f,PAY FLOAT 4.035% SWA INR 10/7/22 ICICIBK,COSL4V18H3FX
19eeeb12-7d01-4325-92f6-614a11bfaff2,5e6bb806-3a25-46df-9b32-afb86cc10ffd,8373f593-f2cb-4997-a0a1-c7767da770f3,Pay Fixed 3.66% SWA INR 1/24/22 HSBCBK,COSL4V18Y8FL
56fc16e2-432d-4d16-aafc-9b1c106eb9a5,5e6bb806-3a25-46df-9b32-afb86cc10ffd,41756559-dbe9-45e8-8015-8f2083c78843,Pay Fixed 3.66% SWA INR 1/24/22 HSBCBK,COSL4V18Y8FX
622253c6-0253-4425-9420-8af433706ddb,5e6bb806-3a25-46df-9b32-afb86cc10ffd,7c9441ea-991b-4a7c-af00-f6ac40026dc4,PAY FIXED 4.24% SWA INR 3/27/23 HSBCBK,COSL4W74K8FL
d1464e5b-6953-4321-afcc-7e5c0f493cfd,5e6bb806-3a25-46df-9b32-afb86cc10ffd,d81c1951-d77a-4aaa-9541-9a54804f7f8f,PAY FIXED 4.24% SWA INR 3/27/23 HSBCBK,COSL4W74K8FX
c67966e7-8ac6-4a16-94dc-3fb4932897e3,5e6bb806-3a25-46df-9b32-afb86cc10ffd,7caf8bfc-075e-41a1-8b61-fc89852741af,PAY FLOAT 4.01% SWA INR 10/11/22 HSBCBK1,COSL4W7AIUFL
5f01fb19-da61-49c6-a47d-f00f568e6b2c,5e6bb806-3a25-46df-9b32-afb86cc10ffd,4941075c-583c-4f94-9d2f-115ca8874a4e,PAY FLOAT 4.01% SWA INR 10/11/22 HSBCBK1,COSL4W7AIUFX
7c86f840-e645-4eef-8c00-2a414a4a2211,5e6bb806-3a25-46df-9b32-afb86cc10ffd,bf033eba-f6a4-4558-b9be-7772bf56b367,Pay Fixed 3.86% SWA INR 6/20/22 ISPDL1,COSL5E5XCOFL
85998403-d153-4241-94e2-02f74294a51d,5e6bb806-3a25-46df-9b32-afb86cc10ffd,12bb82e6-e5eb-4eb8-805a-9e651d21e3fd,Pay Fixed 3.86% SWA INR 6/20/22 ISPDL1,COSL5E5XCOFX
4fa90be1-c55a-4e9c-baf4-edcae4552a44,5e6bb806-3a25-46df-9b32-afb86cc10ffd,98f806d1-7169-4749-8d52-f50fd21d3f31,REC_FLOAT & PAY_6.7525_14/12/2023_HDFC2,COSLA21KR8FL
70d5c04a-bde5-455d-9b0c-c61d4d6f1ddd,5e6bb806-3a25-46df-9b32-afb86cc10ffd,e6c15f5b-01e2-4a06-b163-684c319aa11c,REC_FLOAT & PAY_6.7525_14/12/2023_HDFC2,COSLA21KR8FX
2a815561-c629-49db-851f-9ff12808b09d,5e6bb806-3a25-46df-9b32-afb86cc10ffd,5b7c0396-49aa-4221-a5f3-0a2366f6d9fc,Pay Fixed 5.635% SWA INR 1/7/27 HSBCBK,COSLCE466HFL
5797aa8c-5180-4c26-b4cd-d3e1ecb21f92,5e6bb806-3a25-46df-9b32-afb86cc10ffd,0899b7f5-3ca8-4e09-a17d-e6289c8e64fe,Pay Fixed 5.635% SWA INR 1/7/27 HSBCBK,COSLCE466HFX
2374725c-3701-4bfe-b693-a8d2c4549618,5e6bb806-3a25-46df-9b32-afb86cc10ffd,ffa7ab8c-2a7c-4cce-b0d1-7dcbbe798e21,Pay Fixed 5.335% SWA INR 12/21/26 HSBCBK,COSLL12CH1FL
9970bfcc-5d51-447a-8881-7ccd42827478,5e6bb806-3a25-46df-9b32-afb86cc10ffd,a73548ad-9e01-40a6-b2ad-4fed1d8562d1,Pay Fixed 5.335% SWA INR 12/21/26 HSBCBK,COSLL12CH1FX
b8ae1df6-219d-4de2-9524-f46435f2b491,5e6bb806-3a25-46df-9b32-afb86cc10ffd,0d949c0b-133e-4409-9619-1a7595f4e3a0,Pay Fixed 5.54% SWA INR 1/18/27 HSBCBK,COSLL12D45FL
64d56149-0071-4cb3-ab50-064b9ac64873,5e6bb806-3a25-46df-9b32-afb86cc10ffd,f9621d4c-471a-442a-af8d-d660f891592e,Pay Fixed 5.54% SWA INR 1/18/27 HSBCBK,COSLL12D45FX
df1e1b6d-ce10-41af-8935-b91945167eb8,5e6bb806-3a25-46df-9b32-afb86cc10ffd,03012b5c-fe03-4e92-ba59-0a8d3527ed9b,Pay Fixed 5.55% SWA INR 1/18/27 HSBCBK,COSLL12D48FL
ea4e8d53-d630-44e5-85b9-a1814b071bdc,5e6bb806-3a25-46df-9b32-afb86cc10ffd,4904cd7e-df14-45f5-a9c4-40cf6b2c760d,Pay Fixed 5.55% SWA INR 1/18/27 HSBCBK,COSLL12D48FX
8a14226a-5af1-4188-8a12-a25fa83cc7f1,cc258ead-b55c-45e5-900a-d86288881f31,df928027-e425-47da-a285-f7e219a815be,PAY FIXED 6.87% SWA 3/14/24 CCILISECPD,COSL2H6STEFL
27d96d0e-7d5c-4215-9e25-f5759c2f5983,cc258ead-b55c-45e5-900a-d86288881f31,52154660-e359-4d4c-bd6b-4aeefa492c21,PAY FIXED 6.87% SWA 3/14/24 CCILISECPD,COSL2H6STEFX
984b22c8-0377-429b-b666-59b4339c282a,cc258ead-b55c-45e5-900a-d86288881f31,c85a20c4-432b-4c0a-8bd3-b4c85568b238,PAY FIXED 6.8025% SWA 6/18/27 CCILBNPIB,COSL4W7S8NFL
90ae39f4-9b60-4e4d-a729-9710bc70471e,cc258ead-b55c-45e5-900a-d86288881f31,0886a83e-f108-4996-beee-41ce5ba4bf62,PAY FIXED 6.8025% SWA 6/18/27 CCILBNPIB,COSL4W7S8NFX
7e79c93e-cb4a-4e7c-b957-313073f88c3b,cc258ead-b55c-45e5-900a-d86288881f31,f4608577-00cd-413a-b733-c633b15c0556,PAY FIXED 6.78% SWA 3/15/24 CCILBNPIB,COSL5E6CLXFL
8ec59f8c-c0a7-43e4-bdd9-cc7bf86c6536,cc258ead-b55c-45e5-900a-d86288881f31,1261afd6-86e0-41bd-9ead-177d9b23e4c5,PAY FIXED 6.78% SWA 3/15/24 CCILBNPIB,COSL5E6CLXFX
9ab3be4f-c081-413c-b168-c01054b4a442,cc258ead-b55c-45e5-900a-d86288881f31,c5939466-f916-42ad-ab3a-1511f0160c61,PAY FIXED 6.78% SWA 3/15/24 CCILBNPIB1,COSL5E6CM0FL
2fc9991c-4295-47c1-a38d-a0e13d2f5424,cc258ead-b55c-45e5-900a-d86288881f31,2df170a3-b3b1-43c4-bcbb-c014ad1e02e0,PAY FIXED 6.78% SWA 3/15/24 CCILBNPIB1,COSL5E6CM0FX
0340e960-b576-4ad3-90a0-0ebd85642aeb,cc258ead-b55c-45e5-900a-d86288881f31,833018c2-7042-4018-b08b-747558768652,PAY FIXED 6.38% SWA 12/15/25 CCILDBSBK,COSL5E6IGZFL
25e960f5-60b9-4356-b091-a63ba93e7d19,cc258ead-b55c-45e5-900a-d86288881f31,8b83515b-4467-45d4-9a88-9db413648006,PAY FIXED 6.38% SWA 12/15/25 CCILDBSBK,COSL5E6IGZFX
df6d9e27-bd10-43ad-861f-076b33a8d9f7,cc258ead-b55c-45e5-900a-d86288881f31,e1ee7413-3691-482e-b1cd-de66dd81dac2,PAY FIXED 6.13% SWA INR 5/22/25 CCIL,COSL7G09XGFL
ada3eef7-e0a4-4d9d-9441-dee0f54a77b6,cc258ead-b55c-45e5-900a-d86288881f31,ef06c653-428d-4fe8-bfa0-d46aecce1dc7,PAY FIXED 6.13% SWA INR 5/22/25 CCIL,COSL7G09XGFX
8bb3aea1-3631-424f-9507-4bfb5b4ca223,cc258ead-b55c-45e5-900a-d86288881f31,d58c3902-c104-4b02-8637-758b190b0cec,PAY FIXED 6.13% SWA INR 5/22/25 CCIL2,COSL7G09YJFL
05b329c9-ca43-48c4-85fd-e2560aadc1b7,cc258ead-b55c-45e5-900a-d86288881f31,6b917d4c-bc42-4272-9a97-c5f554d6746e,PAY FIXED 6.13% SWA INR 5/22/25 CCIL2,COSL7G09YJFX
ed3f40a3-4f6a-4c27-88b6-48079fbf477d,cc258ead-b55c-45e5-900a-d86288881f31,db6ea973-f4be-416d-997d-ef9f399ff1f0,PAY FIXED 6.13% SWA INR 5/22/25 CCIL3,COSL7G09YMFL
26410c6c-cf61-4165-90bd-309abee25a6e,cc258ead-b55c-45e5-900a-d86288881f31,af96099f-bec6-4a25-959f-33b9c7921353,PAY FIXED 6.13% SWA INR 5/22/25 CCIL3,COSL7G09YMFX
0c01ce2f-b53f-4ebf-a141-88c61c5ca79e,cc258ead-b55c-45e5-900a-d86288881f31,91fda25d-d0f9-4a2c-9be7-fbee964704ab,PAY FIXED 6.13% SWA INR 5/22/25 CCIL4,COSL7G09YPFL
d5bce7be-b30c-4d51-a218-9917f07b413c,cc258ead-b55c-45e5-900a-d86288881f31,ddef18f6-ed4e-458c-8d10-fba6a79329e7,PAY FIXED 6.13% SWA INR 5/22/25 CCIL4,COSL7G09YPFX
4c69904c-fe28-4a5e-a596-4b04b64e9984,cc258ead-b55c-45e5-900a-d86288881f31,0af20cd7-8013-4aa1-a0b4-4c867665861b,PAY FIXED 6.15% SWA INR 5/19/25 CCIL,COSLKW0Y94FL
dcaf7943-c669-48b4-bbed-92cde639cdae,cc258ead-b55c-45e5-900a-d86288881f31,58d8bd57-8a83-4e0e-ba21-7231a0ada23e,PAY FIXED 6.15% SWA INR 5/19/25 CCIL,COSLKW0Y94FX
9b2dabc7-de4c-4cfd-8677-f76285001fa2,cc258ead-b55c-45e5-900a-d86288881f31,a88557d4-98d7-41f7-a668-f4f2d3a26aad,PAY FIXED 6.15% SWA INR 5/19/25 CCIL1,COSLKW0Y97FL
72b489e5-50f0-4cb5-b44b-320f6193dfe8,cc258ead-b55c-45e5-900a-d86288881f31,f5fdf831-9ac8-4b31-80a2-0942ca78553e,PAY FIXED 6.15% SWA INR 5/19/25 CCIL1,COSLKW0Y97FX
a1294b76-c8ae-46ed-ae23-e50e6ac4f752,cc258ead-b55c-45e5-900a-d86288881f31,10d09351-c52c-4a44-af07-675a14cb5adf,PAY FIXED 6.2875% SWA INR 12/18/25 CCIL,COSLLT005AFL
b557f57e-6c4f-420f-8d6b-aaa9229c5016,cc258ead-b55c-45e5-900a-d86288881f31,93655700-6181-41c8-a310-bd70075a0548,PAY FIXED 6.2875% SWA INR 12/18/25 CCIL,COSLLT005AFX
0993853c-d3d5-4c71-9db5-5b7346844fe2,cc258ead-b55c-45e5-900a-d86288881f31,defae89a-0471-4fc7-9b66-3ff2d665e1ff,PAY FIXED 6.27% SWA 12/18/25 CCILDBSBK,COSLLT005DFL
9d0d7f21-10e0-40da-8cca-8e383a3844a9,cc258ead-b55c-45e5-900a-d86288881f31,14de0ccd-2c2c-481c-aac6-0ec8899878b8,PAY FIXED 6.27% SWA 12/18/25 CCILDBSBK,COSLLT005DFX
b69eb0c1-a706-41df-a548-6393dc432817,cc258ead-b55c-45e5-900a-d86288881f31,437a45ad-5b52-4d31-9129-8817022e1955,PAY FIXED 6.265% SWA INR 12/18/25 CCIL1,COSLLT005GFL
13d77c33-4659-4886-b1f4-80182bcb70c4,cc258ead-b55c-45e5-900a-d86288881f31,f6ed3ee9-86c8-4cc2-b332-29da963136f6,PAY FIXED 6.265% SWA INR 12/18/25 CCIL1,COSLLT005GFX
1c94c655-46b5-4104-bca5-fcee3840517f,cc258ead-b55c-45e5-900a-d86288881f31,b9294a72-2e89-494d-a64d-cb2a71c2d69c,PAY FIXED 6.265% SWA INR 12/18/25 CCIL,COSLLT005JFL
1d37c2ec-e809-4444-ba17-a77334ca1142,cc258ead-b55c-45e5-900a-d86288881f31,820344a3-d166-4c9f-98e8-ba0110d96c93,PAY FIXED 6.265% SWA INR 12/18/25 CCIL,COSLLT005JFX
8f9f2e1c-6dcb-43de-be8e-7dcbc2663c15,cc258ead-b55c-45e5-900a-d86288881f31,9e606d39-b5f9-4bb5-a365-eac023e063a6,PAY FIXED 6.2625% SWA INR 12/18/25 CCIL,COSLLT005MFL
f573a3f1-3b58-44b4-a5ec-3cabe86496c5,cc258ead-b55c-45e5-900a-d86288881f31,a10133c8-0dfd-42ee-a047-9ad193e99dcf,PAY FIXED 6.2625% SWA INR 12/18/25 CCIL,COSLLT005MFX
b868f109-6af8-4690-ab99-27ff0bbb045d,cc258ead-b55c-45e5-900a-d86288881f31,b0207a13-c12b-48ef-9461-a781c9322936,PAY FIXED 6.26% SWA INR 12/18/25 CCIL,COSLLT005PFL
a3748cef-74a7-44b4-8e8f-c7814417cac8,cc258ead-b55c-45e5-900a-d86288881f31,5ab41112-6e2b-4ed8-95d6-0dbda251897a,PAY FIXED 6.26% SWA INR 12/18/25 CCIL,COSLLT005PFX
2ddf9290-b4cd-448b-9bf2-c6ddc1713872,cc258ead-b55c-45e5-900a-d86288881f31,b37a575e-a4db-4502-8995-8afab9310c52,PAY FIXED 6.255% SWA INR 12/18/25 CCIL,COSLLT005SFL
77bcdf81-f342-4253-809d-d777444ba0e9,cc258ead-b55c-45e5-900a-d86288881f31,cc2c28ee-d707-445d-919a-e0847e63ab6d,PAY FIXED 6.255% SWA INR 12/18/25 CCIL,COSLLT005SFX
a5d003a3-41dd-4964-9960-66d387dc3d34,cc258ead-b55c-45e5-900a-d86288881f31,5549d714-4a6c-4afb-a9b2-0a775e6ca024,PAY FIXED 6.19% SWA INR 12/18/26 CCIL,COSLLT005VFL
954a41a2-7593-4db7-a83f-c73008b8f81c,cc258ead-b55c-45e5-900a-d86288881f31,7bbd5bed-77d1-4e2e-9cd5-3f2ed0d26915,PAY FIXED 6.19% SWA INR 12/18/26 CCIL,COSLLT005VFX
a3e9adcf-dff5-4759-8594-b5610ab628de,cc258ead-b55c-45e5-900a-d86288881f31,92d5c579-06c7-4fe7-b471-a4598b4bacfb,PAY FIXED 6.7325% SWA 6/18/27 CCILISECPD,COSLT01HAEFL
3c5f7873-a95d-41f8-ac6a-1bec6cc22951,cc258ead-b55c-45e5-900a-d86288881f31,7da1ed02-b56d-43ba-9352-04002149ffd9,PAY FIXED 6.7325% SWA 6/18/27 CCILISECPD,COSLT01HAEFX
6de04190-bc23-472a-99ff-1ffd7a6646c6,cc258ead-b55c-45e5-900a-d86288881f31,debb9d85-f14f-404f-9e01-d6333e3218fb,PAY FIXED 6.215% SWA INR 7/29/24 CCIL,COSLTA03NMFL
1536cc53-ddc6-4ae9-a2f0-108899b4a6a3,cc258ead-b55c-45e5-900a-d86288881f31,285e3b85-a7c5-481b-9b58-b26ff9d8ff60,PAY FIXED 6.215% SWA INR 7/29/24 CCIL,COSLTA03NMFX
a1ad0778-4e26-48c5-be2b-502be4ad1553,cc258ead-b55c-45e5-900a-d86288881f31,46b21124-a3d2-416d-999a-2e1a0bdaca90,PAY FIXED 6.29% SWA INR 1/13/25 CCILSCBK,COSLTA066CFL
74798778-e53c-45c9-9c36-f13548520988,cc258ead-b55c-45e5-900a-d86288881f31,20503e62-061c-41c9-bf94-b8fa2b74999f,PAY FIXED 6.29% SWA INR 1/13/25 CCILSCBK,COSLTA066CFX
79d99fd4-85cd-42c4-88c5-53e6012b55c5,cc258ead-b55c-45e5-900a-d86288881f31,019390c6-cd6d-4e54-bb5b-1491fc4ce806,PAY FIXED 6.29% SWA 1/13/25 CCILSCBK2,COSLTA066IFL
611bb6c2-c090-4d5c-85ea-6e25eeb52333,cc258ead-b55c-45e5-900a-d86288881f31,90844fe2-b477-45ef-9911-40cb8c4c57a1,PAY FIXED 6.29% SWA 1/13/25 CCILSCBK2,COSLTA066IFX
5eff1e70-17da-47e7-b9bd-3fd736787b71,cc258ead-b55c-45e5-900a-d86288881f31,dc8b378b-2d9f-4622-bb94-ba924a63fd97,PAY FIXED 6.29% SWA 1/13/25 CCILSCBK3,COSLTA066LFL
5eacf35a-94df-446d-8eea-59dc2e0f465b,cc258ead-b55c-45e5-900a-d86288881f31,29f53e87-9b09-493a-9394-8d509d9fe4d2,PAY FIXED 6.29% SWA 1/13/25 CCILSCBK3,COSLTA066LFX
eb60186b-22e9-445c-a663-abbf027db3e1,cc258ead-b55c-45e5-900a-d86288881f31,636b7c3a-f528-4a57-872a-8cf3bd42282a,PAY FIXED 6.4425% INR 11/18/24 CCILBNPIB,COSLYS04GVFL
7e9d7f80-cb90-4ed5-aa1e-94756abd0347,cc258ead-b55c-45e5-900a-d86288881f31,d482f6a8-d470-423f-9572-da0ed5f3f01c,PAY FIXED 6.4425% INR 11/18/24 CCILBNPIB,COSLYS04GVFX
3dd44342-8f9c-47dc-a608-639a522b5acd,cc258ead-b55c-45e5-900a-d86288881f31,90a480b3-bcaf-4d88-ab31-36d23444a6c3,PAY FLOAT 6.355% SWA 12/23/24 CCILSCBK,COSLYS0530FL
f46ad201-5248-4227-bd45-a731c871ba32,cc258ead-b55c-45e5-900a-d86288881f31,4c641ea7-a7d1-4ba6-924f-bfa61c5be8bc,PAY FLOAT 6.355% SWA 12/23/24 CCILSCBK,COSLYS0530FX
c716c6c1-f932-4588-9abf-045ac3276cfb,b3c8b03a-9889-4260-a015-6747cc147590,b201904a-1a25-4cae-8440-c0eaed71666c,PAY FLOAT 7.12% SWA INR 3/11/24 CCILSCBK,COSL5E6CIGFL
930ad322-0600-4bbb-95db-c9aacf60cc82,b3c8b03a-9889-4260-a015-6747cc147590,6b748cfd-7024-4743-883f-d7fabbe22eae,PAY FLOAT 7.12% SWA INR 3/11/24 CCILSCBK,COSL5E6CIGFX
87eb4eb8-9237-4826-b057-9400c9992a73,b3c8b03a-9889-4260-a015-6747cc147590,58046b32-4be4-406f-9713-ee4e246d9076,PAY FIXED 6.705% SWA 3/13/24 CCILISECPD,COSL5E6CMOFL
35b3b43e-269a-4165-ac2a-26773f65896f,b3c8b03a-9889-4260-a015-6747cc147590,4c4b68e1-a8a5-4391-9d01-c8de25e42d51,PAY FIXED 6.705% SWA 3/13/24 CCILISECPD,COSL5E6CMOFX
81d962ce-29a0-4829-9308-8a3f7e9c90f7,b3c8b03a-9889-4260-a015-6747cc147590,f2e10218-d7ae-4ed5-927a-25b62b897c64,PAY FIXED 6.7% SWA INR 3/13/24 CCILBNPIB,COSL5E6CMRFL
c751d244-a81f-495e-844b-9bccc2ff98f7,b3c8b03a-9889-4260-a015-6747cc147590,0439c09b-5a38-4251-9b7b-45a1950bcc29,PAY FIXED 6.7% SWA INR 3/13/24 CCILBNPIB,COSL5E6CMRFX
b5993d84-1632-49dd-a69a-7fb7b5a90d9e,b3c8b03a-9889-4260-a015-6747cc147590,869f8bf3-a80c-41e2-a3f1-45a1f79fde11,PAY FIXED 6.7% SWA IN 3/13/24 CCILIDFCFB,COSL5E6CMUFL
b55d4c6c-9010-40be-bb45-ce6ae33b31dc,b3c8b03a-9889-4260-a015-6747cc147590,2ae1f99a-64c0-4b52-8238-f0716ef5c0dc,PAY FIXED 6.7% SWA IN 3/13/24 CCILIDFCFB,COSL5E6CMUFX
1948c895-17fc-40b2-8562-a2b43ce9a622,b3c8b03a-9889-4260-a015-6747cc147590,afc966a4-183f-46e9-8453-103232080d25,PAY FIXED 6.88% SWA 8/30/24 CCILBNPIB,COSL5E6I5FFL
39e48f55-727d-45b2-8ede-2ddc2b8fdab7,b3c8b03a-9889-4260-a015-6747cc147590,ed3bfe93-f74b-407d-b062-972ccc4c1aa7,PAY FIXED 6.88% SWA 8/30/24 CCILBNPIB,COSL5E6I5FFX
7975904b-1c15-4094-bd74-caf2a553dc5f,b3c8b03a-9889-4260-a015-6747cc147590,1df9ef26-35cb-4c36-82cc-65be9aea69e1,PAY FLOAT 7.01% SW INR 8/23/24 CCILBNPIB,COSLYS09U0FL
3bb15843-9457-461f-bb8f-847b1d76f1b1,b3c8b03a-9889-4260-a015-6747cc147590,eea0d54f-3606-498e-97e0-76641e385f26,PAY FLOAT 7.01% SW INR 8/23/24 CCILBNPIB,COSLYS09U0FX
bedcda85-04ea-4add-9bd7-3e54e9dd0bc2,5f6d9dd8-987b-42ad-8dff-062911e0b406,e9fae587-9e20-44dd-a32c-3e1ca2d8a280,PAY FLOAT 6.975% INR 11/8/27 CCILBNPIB1,COSL2H6NJ8FL
55b4c8f3-9aaa-4b3e-9d4b-9cb132560bf4,5f6d9dd8-987b-42ad-8dff-062911e0b406,3f92ea2c-c012-475e-b23b-db2a79a16399,PAY FLOAT 6.975% INR 11/8/27 CCILBNPIB1,COSL2H6NJ8FX
f11d03d5-347c-416f-bbc3-1c461d111de9,5f6d9dd8-987b-42ad-8dff-062911e0b406,41065586-98f0-4206-92c6-b776acd79265,PAY FIXED 6.2925% SWA 8/4/27 CCILIDFCFB1,COSL4M4UWKFL
2ee53dc4-aef4-43fd-83c0-5477f3b654f2,5f6d9dd8-987b-42ad-8dff-062911e0b406,e691bcfc-49a1-4f31-a95d-7fd33a51e085,PAY FIXED 6.2925% SWA 8/4/27 CCILIDFCFB1,COSL4M4UWKFX
2801441d-4671-4e19-8657-beda03ed7b2a,5f6d9dd8-987b-42ad-8dff-062911e0b406,09dc37ee-43df-4fee-bcdd-4fbfadfe29f0,PAY FIXED 6.1925% SWA 8/5/24 CCILSCBK1,COSL4M4UXKFL
3fab3931-089b-459b-a726-168c86d5c501,5f6d9dd8-987b-42ad-8dff-062911e0b406,31fddbd1-7eec-48b4-82ea-53917bd57660,PAY FIXED 6.1925% SWA 8/5/24 CCILSCBK1,COSL4M4UXKFX
aef44f23-1410-43fd-92bb-1b08b61cc671,5f6d9dd8-987b-42ad-8dff-062911e0b406,845b2586-8450-40d5-b699-03d998498e1b,PAY FIXED 6.1925% SWA 8/5/24 CCILSCBK,COSL4M4UXNFL
b3cc0812-9332-4913-afc7-56cf056200fd,5f6d9dd8-987b-42ad-8dff-062911e0b406,e4bbe868-d045-4429-9b3d-32c0e185ae14,PAY FIXED 6.1925% SWA 8/5/24 CCILSCBK,COSL4M4UXNFX
738ccdf4-5b1e-4138-8631-e6583cb56ad0,5f6d9dd8-987b-42ad-8dff-062911e0b406,13c8f913-54e0-4d81-a33f-74f96084dc29,PAY FIXED 6.37% INR 11/18/24 CCILBNPIB,COSLKW0UFUFL
33716a46-d137-4af7-9457-4c04c71d1b07,5f6d9dd8-987b-42ad-8dff-062911e0b406,d0d8fc04-2c5e-4ee2-b4c0-4a7f77083104,PAY FIXED 6.37% INR 11/18/24 CCILBNPIB,COSLKW0UFUFX
d887e2c4-9d3d-4fc4-91e0-7f5eddd18414,5f6d9dd8-987b-42ad-8dff-062911e0b406,02ad865b-9dfc-4539-9c11-4365c5ddad8e,PAY FIXED 6.16% SWA IN 5/19/25 CCILSCBK1,COSLKW0Y8AFL
aabfc992-84ef-45a7-8393-e01e37d46c79,5f6d9dd8-987b-42ad-8dff-062911e0b406,278c8d5c-60af-434c-9941-93a36b04a994,PAY FIXED 6.16% SWA IN 5/19/25 CCILSCBK1,COSLKW0Y8AFX
30f0c66b-a7bc-4d0d-b4a1-ab7d106e7c08,5f6d9dd8-987b-42ad-8dff-062911e0b406,e3ee9ec3-9407-4581-af03-b64b82d90f2c,PAY FIXED 6.2325% SWA IN 6/2/25 CCILSCBK,COSLKW0YF3FL
f4406537-c24e-411e-9466-54195c1a8baf,5f6d9dd8-987b-42ad-8dff-062911e0b406,ae8e0e84-b793-4cbd-aceb-aae4af59dedc,PAY FIXED 6.2325% SWA IN 6/2/25 CCILSCBK,COSLKW0YF3FX
f0c4ae03-608d-4754-8876-0294b443361d,e1bc241b-d20f-4365-8f21-1dc8bae4ddc8,e8c7eb12-7a85-41ff-b2e1-22d4d19877cb,Macaulay Duration,0
a9b67b9b-6c51-49f6-aad0-52e648e7ef9a,bd316754-25a2-41c4-a71b-7c96c68bc2c4,e8c7eb12-7a85-41ff-b2e1-22d4d19877cb,Macaulay Duration,0
240d7e42-550f-4d4e-8e0f-ad7943686aa6,16a96514-a294-46ce-901c-b833cad422c8,e8c7eb12-7a85-41ff-b2e1-22d4d19877cb,Macaulay Duration,0
76a934a6-82bb-40b9-82ef-81ffd8ee904f,34f1a4b0-feee-42e3-87d7-68cb34f29360,e8c7eb12-7a85-41ff-b2e1-22d4d19877cb,Residual Maturity,0
5371b5b0-433d-4ba3-990f-1bff13b90a7e,a56c15d9-9072-4a7d-b591-f2212bc23d5a,e8c7eb12-7a85-41ff-b2e1-22d4d19877cb,Macaulay Duration,0
1d83c956-ed9d-4e7e-8940-be586399037f,c7b58475-3b99-4fa2-98c3-3d2dda65c37f,e8c7eb12-7a85-41ff-b2e1-22d4d19877cb,Macaulay Duration,0
b1649323-e521-4ab6-ad4d-98f3a53a038e,77de0052-85e0-4f1a-a4ff-6fb32ec99c92,e8c7eb12-7a85-41ff-b2e1-22d4d19877cb,Macaulay Duration,0
a46dd684-163b-403c-bd8e-429bf0def252,95f3f344-e673-408d-980a-027c67f8eaa3,e8c7eb12-7a85-41ff-b2e1-22d4d19877cb,Residual Maturity,0
6009a17a-e6e5-480a-8ade-3e8b6241c7da,3c12aae2-e082-454a-89af-a209fca81a03,e8c7eb12-7a85-41ff-b2e1-22d4d19877cb,Macaulay Duration,0
9605a407-56b0-4b0d-b750-d0151e9941d8,c2b75d61-232f-4aa5-8ab2-107a06685819,e8c7eb12-7a85-41ff-b2e1-22d4d19877cb,Macaulay Duration,0
eb0001c5-f474-4c63-91fd-623f40f479a1,01b1e166-9a20-43a7-baab-8bb3eaa46562,e8c7eb12-7a85-41ff-b2e1-22d4d19877cb,Macaulay Duration,0
54148a30-bc7c-4e4b-b312-5bfbebedd539,888e2b8d-b16f-41df-9a54-321b15f7ca68,e8c7eb12-7a85-41ff-b2e1-22d4d19877cb,Residual Maturity,0
714bafda-b821-4844-af36-639f61077bcd,8b56b530-dda6-4d7c-a6eb-67eb77c3f745,4db27c9f-0af3-461d-955b-a99e19e4d003,Macaulay Duration,0.15
40a639be-9562-43c8-8e06-bc4f64798eaa,e1bc241b-d20f-4365-8f21-1dc8bae4ddc8,36e56277-981a-4ee2-b34e-83d4bd6b1fa4,Residual Maturity,0.01
e4c56f61-742e-4723-b0bd-dd71f26c3868,bd316754-25a2-41c4-a71b-7c96c68bc2c4,36e56277-981a-4ee2-b34e-83d4bd6b1fa4,Residual Maturity,0.01
e033ee88-11ae-4adf-a772-9a69b65e75b4,16a96514-a294-46ce-901c-b833cad422c8,36e56277-981a-4ee2-b34e-83d4bd6b1fa4,Residual Maturity,0.01
b5fac574-d7ca-4c4c-952d-7514decfab06,a56c15d9-9072-4a7d-b591-f2212bc23d5a,36e56277-981a-4ee2-b34e-83d4bd6b1fa4,Residual Maturity,0.01
634fba70-363b-40d5-9fa8-27b656204e74,c7b58475-3b99-4fa2-98c3-3d2dda65c37f,36e56277-981a-4ee2-b34e-83d4bd6b1fa4,Residual Maturity,0.01
9beef73c-42c4-49e7-a96d-e33fba6997db,77de0052-85e0-4f1a-a4ff-6fb32ec99c92,36e56277-981a-4ee2-b34e-83d4bd6b1fa4,Residual Maturity,0.01
adc8fd32-1045-4f67-9d9a-d2ea55b0e6f6,3c12aae2-e082-454a-89af-a209fca81a03,36e56277-981a-4ee2-b34e-83d4bd6b1fa4,Residual Maturity,0.01
4fcc2a37-0ac1-460e-b8bc-dd965f45a4b6,c2b75d61-232f-4aa5-8ab2-107a06685819,36e56277-981a-4ee2-b34e-83d4bd6b1fa4,Residual Maturity,0.01
ba0a428d-7439-4e1f-bc74-533654fc1e7b,01b1e166-9a20-43a7-baab-8bb3eaa46562,36e56277-981a-4ee2-b34e-83d4bd6b1fa4,Residual Maturity,0.01
8650d822-2e50-4ed8-aef3-1bf6bb5315e2,4591cbcb-c2d0-47ff-b9f1-081edb7b0bf4,c3645f1a-e079-4e4d-b255-e31cb41bd205,Scheme Name:,DSP Liquidity Fund
120fa408-9fba-4876-b859-59e5b94e5876,b1052d40-184f-42f5-bbef-a63f027d6945,c3645f1a-e079-4e4d-b255-e31cb41bd205,Scheme Name:,DSP Liquidity Fund
41bdf494-70e6-4ad9-a635-b108821d6c85,8b56b530-dda6-4d7c-a6eb-67eb77c3f745,c3645f1a-e079-4e4d-b255-e31cb41bd205,Scheme Name:,DSP Liquidity Fund
09faf48a-db1c-4ad3-80f1-eed62ce5dff6,337c19b1-bcb1-4dbd-9336-ea5d9b511272,c3645f1a-e079-4e4d-b255-e31cb41bd205,Scheme Name:,DSP Liquidity Fund
c66e382a-a2c1-4b61-9793-030d2412b30a,8df80959-b26e-4ba7-86c7-1b6adb3b76b6,f5d9e91b-2426-4359-b6a2-89d30ae4cf19,Plan / Option,"As on August 15, 2026"
ea3bada2-8686-4f01-b9c0-c41c9fb6f934,3b43abb7-85fd-4a7c-ad0d-673bbd6c9d08,f5d9e91b-2426-4359-b6a2-89d30ae4cf19,Plan / Option,"As on August 15, 2026"
1f436405-2e41-4b4c-a10c-dc175f931154,24f3a0fc-db4e-4f5d-8ce3-0f1220c49f68,04de23e8-685b-4c04-b62d-aaa38e3444f4,Macaulay Duration,0.46
7a67304c-d8fd-4b65-a613-4987ae787fc4,2663f05d-b3bd-4f5d-be47-2ab33a519e02,6302ca41-cd52-4917-84ef-d22f5cbeefb9,Annualised Portfolio YTM*:,0.0677
35b9609f-31d8-4867-9112-5a2af20cd58b,bf03b6d4-f183-4273-9233-2f464066a549,6302ca41-cd52-4917-84ef-d22f5cbeefb9,Annualised Portfolio YTM*:,0.0677
a316c134-bc45-49f8-a253-fbe479906685,363fcd54-58de-409c-83a1-9307268d95ae,18571f83-d720-456c-8644-6ee375980223,Residual Maturity,2.97
21ce8939-b548-4c4e-b879-1d2a22baf6eb,13b8de8d-e3b3-4382-b444-3edfcab4947a,d43e3815-0fb3-4d90-88ed-a129642f5ff8,Residual Maturity,0.69
56d3f0d3-569a-46c1-928b-725b45c129f6,1235aa4d-d6be-4e66-a594-97bf0a61627c,3c6e05f5-9f95-4498-a195-d3eb1df467b3,Macaulay Duration,0.73
0346c6aa-d8b0-4038-9f07-004b3cbf4cc5,4eb221fa-52ef-4da6-b995-36f34efa70f1,6ff1889b-906d-4083-8391-cebb8180a271,Residual Maturity,0.12
65469df0-adef-40d9-b3d3-37b161def668,12639e2c-ae37-48bd-b977-7c0e1a8965e1,6ff1889b-906d-4083-8391-cebb8180a271,Residual Maturity,0.12
30e6bcca-eba1-447d-a8ef-cb5942f4351a,b1052d40-184f-42f5-bbef-a63f027d6945,73030d79-d613-4f09-92b1-fe39547ad4b9,Residual Maturity,0.13
aaca5af4-74a9-4f85-925d-23316ea433aa,b1052d40-184f-42f5-bbef-a63f027d6945,73030d79-d613-4f09-92b1-fe39547ad4b9,Macaulay Duration,0.13
ee638ed2-a623-46ef-9795-59695df4d0c3,c5003a7c-0c45-4124-b5df-d5bd44e717c2,995607b5-ae3b-437e-b1ab-7c5b1e9836db,Name of the securities,No of Instances
918cd2bb-841f-4467-853b-09f0a7a675af,363fcd54-58de-409c-83a1-9307268d95ae,995607b5-ae3b-437e-b1ab-7c5b1e9836db,Name of the securities,No of Instances
3ec0f36d-e647-4651-95f5-fe418882f9b8,3f0dc69d-77d4-4cd8-952c-3813c4871125,995607b5-ae3b-437e-b1ab-7c5b1e9836db,Name of the securities,No of Instances
b81918ce-929f-48b4-ba32-d787afe7d772,8dcc94b2-7f90-4baf-88f5-814ee13f6cc5,995607b5-ae3b-437e-b1ab-7c5b1e9836db,Name of the securities,No of Instances
177b75c7-1bc2-46ce-8d51-7e98e7ff80b6,c5003a7c-0c45-4124-b5df-d5bd44e717c2,b6d3b7db-7dee-4edd-b133-d052f1220a7d,Il&Fs Energy Development Company Limited (Maturity Date : 07-Jun-2019),309
488533b3-5aaa-4bd2-8a44-6356e75def40,c5003a7c-0c45-4124-b5df-d5bd44e717c2,b6d3b7db-7dee-4edd-b133-d052f1220a7d,Il&Fs Energy Development Company Limited (Maturity Date : 28-Jun-2019),309
dd3494ad-052a-4f64-a38f-b0e1efac2fc0,363fcd54-58de-409c-83a1-9307268d95ae,b6d3b7db-7dee-4edd-b133-d052f1220a7d,Il&Fs Energy Development Company Limited (Maturity Date : 28-Jun-2019),309
32a1bc4f-6c39-43e7-ac9a-1705456e93a1,363fcd54-58de-409c-83a1-9307268d95ae,b6d3b7db-7dee-4edd-b133-d052f1220a7d,Il&Fs Energy Development Company Limited (Maturity Date : 07-Jun-2019),309
303fec13-378a-442a-b055-f80f0ac041eb,3f0dc69d-77d4-4cd8-952c-3813c4871125,b6d3b7db-7dee-4edd-b133-d052f1220a7d,Il&Fs Energy Development Company Limited (Maturity Date : 07-Jun-2019),309
61523ab0-6626-42d5-81a4-b4ecbcee1bd5,3f0dc69d-77d4-4cd8-952c-3813c4871125,b6d3b7db-7dee-4edd-b133-d052f1220a7d,Il&Fs Energy Development Company Limited (Maturity Date : 28-Jun-2019),309
141542c2-a615-452d-a50a-a840ed60c05e,8dcc94b2-7f90-4baf-88f5-814ee13f6cc5,b6d3b7db-7dee-4edd-b133-d052f1220a7d,Il&Fs Energy Development Company Limited (Maturity Date : 07-Jun-2019),309
db5ca559-b6e9-4acb-881b-7003ed8aa722,8dcc94b2-7f90-4baf-88f5-814ee13f6cc5,b6d3b7db-7dee-4edd-b133-d052f1220a7d,Il&Fs Energy Development Company Limited (Maturity Date : 28-Jun-2019),309
475b71fd-03e9-4a64-a21a-c92348208412,f5468236-9267-4325-9790-e8e4d3f786fe,7af09053-55b4-45f3-9a96-0087abef3da6,Annualised Portfolio YTM*:,0.0578
802bd159-47c1-48ee-a696-6bca6f1f8702,40e45dae-d7b9-4622-bce8-3e342dc9a7bc,7af09053-55b4-45f3-9a96-0087abef3da6,Annualised Portfolio YTM*:,0.0578
13f13832-6511-428e-bd9d-55d78aa836f9,12639e2c-ae37-48bd-b977-7c0e1a8965e1,11f7fd48-2b27-42c0-b8b3-f530497a606f,Macaulay Duration,0.11
9312e9c7-97ca-402c-b96e-cd3bd6b95cd9,4eb221fa-52ef-4da6-b995-36f34efa70f1,11f7fd48-2b27-42c0-b8b3-f530497a606f,Macaulay Duration,0.11
f6d7916b-3a68-493d-b5b3-876631b1ff8f,337c19b1-bcb1-4dbd-9336-ea5d9b511272,11f7fd48-2b27-42c0-b8b3-f530497a606f,Residual Maturity,0.11
3f4da793-d8fb-4cea-9d24-7d0704516484,337c19b1-bcb1-4dbd-9336-ea5d9b511272,11f7fd48-2b27-42c0-b8b3-f530497a606f,Macaulay Duration,0.11
1f5ba4e0-bd3a-4219-b88a-f783bcbedf96,1235aa4d-d6be-4e66-a594-97bf0a61627c,8ce6e369-ea03-4d55-86a7-93d5c9f96799,Annualised Portfolio YTM*:,0.059
f2206625-91eb-4211-94e3-188a442953d4,c2b75d61-232f-4aa5-8ab2-107a06685819,8ce6e369-ea03-4d55-86a7-93d5c9f96799,Annualised Portfolio YTM*:,0.059
2a83f1c9-dfe2-4fa9-817b-319a7941c261,8df80959-b26e-4ba7-86c7-1b6adb3b76b6,5b2557b5-2c38-4136-b26d-e4e80fb1e706,Growth Option,1269.0584
d5b1cf46-f9eb-4cf0-a398-b507e47eb8b5,8df80959-b26e-4ba7-86c7-1b6adb3b76b6,81ccb0cd-432b-4acd-baa6-dfd18234f642,Monthly IDCW Reinvestment Option,1269.0695
6e7b6f36-07da-44d5-944b-b209cc7380f2,8df80959-b26e-4ba7-86c7-1b6adb3b76b6,3caadddd-300a-44ee-aa3c-edc58d44bac7,Growth Option,1275.4244
046df46c-baa2-43fc-aedb-b6af686f3807,8df80959-b26e-4ba7-86c7-1b6adb3b76b6,ba06498c-1755-4970-b92d-5c0537b4d487,Monthly IDCW Reinvestment Option,1275.4238
7fec4f0f-b258-4471-9acc-2acb6e9a14b8,8df80959-b26e-4ba7-86c7-1b6adb3b76b6,068878b9-4877-454f-b0ac-036e53f5d73a,Name of the Sector,% to NAV
5cab0e58-561b-43fe-ae4f-f5312606c1ec,8df80959-b26e-4ba7-86c7-1b6adb3b76b6,068878b9-4877-454f-b0ac-036e53f5d73a,Name of the Group,% to NAV
be0d3c5e-1b72-49c9-8e5b-4d2eb8002fa8,8df80959-b26e-4ba7-86c7-1b6adb3b76b6,068878b9-4877-454f-b0ac-036e53f5d73a,Name of the Issuer / Stock,% to NAV
950af113-49fd-4648-9da5-124166d684e6,8df80959-b26e-4ba7-86c7-1b6adb3b76b6,ede38d5a-a295-4fc9-a41d-348636b22388,Debt Index Replication Factor (DIRF),0.9789
980f7a5e-6a6f-44dd-ac24-e9c25a5faf70,8df80959-b26e-4ba7-86c7-1b6adb3b76b6,ede38d5a-a295-4fc9-a41d-348636b22388,Sovereign,0.9789
d0b8e0c8-a5c5-4f16-8939-7014778e0982,8df80959-b26e-4ba7-86c7-1b6adb3b76b6,ede38d5a-a295-4fc9-a41d-348636b22388,Government Security,0.9789
a9957c9a-b696-4bfa-88fe-3eb021f1610a,3b43abb7-85fd-4a7c-ad0d-673bbd6c9d08,f5c70b65-1273-4464-95d6-cee3075bcdfc,Growth Option,2948.8123
0b482e82-2aa7-45cf-ad0a-14525a2e4409,3b43abb7-85fd-4a7c-ad0d-673bbd6c9d08,a21e2bf4-cc3b-4bae-bd13-dc825d826659,Monthly IDCW Option,1660.9815
e8008e7b-b947-4380-95d3-c96ee43ba9be,3b43abb7-85fd-4a7c-ad0d-673bbd6c9d08,341fc053-0402-4d70-9c32-ff9acce9e185,Quarterly IDCW Option,1344.4658
b2271192-aebd-4f19-ad60-bb8cdd723c53,3b43abb7-85fd-4a7c-ad0d-673bbd6c9d08,5ef8f695-fd8a-4631-9c23-2a926329202f,Annual IDCW Option,1187.0799
8d569fe2-17ae-42c9-8883-30ee1258b2a1,3b43abb7-85fd-4a7c-ad0d-673bbd6c9d08,7467b34a-5365-4a25-9350-ac56d050f434,Growth Option,3287.4163
4bc801bf-d45f-46a1-b9e9-3c27450d0b6a,3b43abb7-85fd-4a7c-ad0d-673bbd6c9d08,5ae73b9a-68f8-4c27-92b9-0c2f6ccc524b,Monthly IDCW Option,2565.2964
513ac2c9-85ac-4267-bab6-ad4e64ef7b22,3b43abb7-85fd-4a7c-ad0d-673bbd6c9d08,43369669-111e-433a-a698-c0a97f5fc824,Quarterly IDCW Option,1139.2145
9bc948f7-05bd-4759-af65-4b1b5805159e,3b43abb7-85fd-4a7c-ad0d-673bbd6c9d08,71914d3c-eca9-4f01-8e16-e43caa6ac550,Annual IDCW Option,1231.1091
fd9841f6-9958-43a3-9cbb-ec879f73191a,8dcc94b2-7f90-4baf-88f5-814ee13f6cc5,f09fc5c2-b880-4516-a521-4e8c43073ed4,Annualised Portfolio YTM*:,0.0701
ff188679-864d-4180-b054-7520bf9a48ef,337c19b1-bcb1-4dbd-9336-ea5d9b511272,2270bfbd-d8e5-4ff0-a2eb-5804c29acefd,Annualised Portfolio YTM*:,0.0627
e80c5615-fb97-4e7b-8b3a-f36734f7ef4f,fea8d894-1250-43ee-bd1e-9258000070e4,8904aad6-dc0d-4a5c-8a30-3236b0f5a7f1,As on (Date),2025-05-31 00:00:00
16308623-a33f-48e0-829b-262878690b63,f5468236-9267-4325-9790-e8e4d3f786fe,8904aad6-dc0d-4a5c-8a30-3236b0f5a7f1,As on (Date),2025-05-31 00:00:00
70a80acd-a090-4fe4-941b-ad699347671b,1235aa4d-d6be-4e66-a594-97bf0a61627c,8904aad6-dc0d-4a5c-8a30-3236b0f5a7f1,As on (Date),2025-05-31 00:00:00
d565b79f-938f-44a6-82e8-6038837f5482,40e45dae-d7b9-4622-bce8-3e342dc9a7bc,8904aad6-dc0d-4a5c-8a30-3236b0f5a7f1,As on (Date),2025-05-31 00:00:00
3d876162-c053-4166-82d9-51e1e9233bcb,95f3f344-e673-408d-980a-027c67f8eaa3,8904aad6-dc0d-4a5c-8a30-3236b0f5a7f1,As on (Date),2025-05-31 00:00:00
73d0193c-8595-4068-8ca6-6e421a9381fe,3c12aae2-e082-454a-89af-a209fca81a03,8904aad6-dc0d-4a5c-8a30-3236b0f5a7f1,As on (Date),2025-05-31 00:00:00
49fd68da-2a7b-45d1-9069-91f5be88ba63,3c847dd7-b25d-4346-a5f9-c1381111d28c,8904aad6-dc0d-4a5c-8a30-3236b0f5a7f1,As on (Date),2025-05-31 00:00:00
753ea61f-f453-4e29-b48e-c7536d7cd19b,16e863c6-88c5-4567-9b1e-f6f573629c3f,8904aad6-dc0d-4a5c-8a30-3236b0f5a7f1,As on (Date),2025-05-31 00:00:00
918d91a0-e713-43ab-8747-90527e4d0b29,c013c858-d7e4-48e4-8885-935399840dd1,8904aad6-dc0d-4a5c-8a30-3236b0f5a7f1,As on (Date),2025-05-31 00:00:00
aa2f2ab6-3264-456b-80a1-bd39b622e70e,c2b75d61-232f-4aa5-8ab2-107a06685819,8904aad6-dc0d-4a5c-8a30-3236b0f5a7f1,As on (Date),2025-05-31 00:00:00
99add4f0-6664-4db9-8098-1cfe721606ce,01b1e166-9a20-43a7-baab-8bb3eaa46562,8904aad6-dc0d-4a5c-8a30-3236b0f5a7f1,As on (Date),2025-05-31 00:00:00
410d0c83-4688-4ac2-bd6f-f961635f17e3,a98dbc30-617f-41d6-9435-ca7579c3e934,8904aad6-dc0d-4a5c-8a30-3236b0f5a7f1,As on (Date),2025-05-31 00:00:00
9742cb31-fd3a-4019-a658-a67f8f4022ba,87c1811a-9b37-4ee1-a921-d6d54cfa31ec,8904aad6-dc0d-4a5c-8a30-3236b0f5a7f1,As on (Date),2025-05-31 00:00:00
828f8bc2-2c15-4ce9-a6ca-3d894ef345cf,a2e1afdb-6488-4cd7-b329-3cf037faa25a,8904aad6-dc0d-4a5c-8a30-3236b0f5a7f1,As on (Date),2025-05-31 00:00:00
79fb6b99-6b86-4bf3-9ede-6c9d5d3a6831,b366c1a2-eda8-4d10-92d6-667db97e46b2,8904aad6-dc0d-4a5c-8a30-3236b0f5a7f1,As on (Date),2025-05-31 00:00:00
de806ea3-ad37-4f0b-a612-30a15f21d347,fe1f8698-0748-4cdb-912f-70d58c45bb14,8904aad6-dc0d-4a5c-8a30-3236b0f5a7f1,As on (Date),2025-05-31 00:00:00
b0fadb5b-14e7-4162-bbe7-56366214a151,3e0e4d3d-45ad-4f7c-ba31-4d41dd50ebaa,8904aad6-dc0d-4a5c-8a30-3236b0f5a7f1,As on (Date),2025-05-31 00:00:00
15a3ae9e-eea4-46e3-b454-b20167287561,8d568b47-a50b-4ad2-b8e7-3cc6a212500a,8904aad6-dc0d-4a5c-8a30-3236b0f5a7f1,As on (Date),2025-05-31 00:00:00
81b69794-964f-4b91-9290-2fae1e787b61,e65162bc-30e3-4c70-a364-2d29398aeef6,8904aad6-dc0d-4a5c-8a30-3236b0f5a7f1,As on (Date),2025-05-31 00:00:00
de849b51-f8be-4245-9110-5eb66c31854c,d72c5d6c-b05f-4a9a-9884-001911d22bf3,8904aad6-dc0d-4a5c-8a30-3236b0f5a7f1,As on (Date),2025-05-31 00:00:00
2984dfc1-c15a-43d9-a9a3-116a6d396157,cb02bc10-915c-49d2-a2e1-194c15e16032,8904aad6-dc0d-4a5c-8a30-3236b0f5a7f1,As on (Date),2025-05-31 00:00:00
9ac8d8e0-5939-4522-8bb7-c33efde5ec11,f98d00b4-ba8a-4436-a88b-4b3ee8f293e2,8904aad6-dc0d-4a5c-8a30-3236b0f5a7f1,As on (Date),2025-05-31 00:00:00
afb13e8c-2965-41eb-baeb-00dc5a506c5d,8dcc94b2-7f90-4baf-88f5-814ee13f6cc5,8904aad6-dc0d-4a5c-8a30-3236b0f5a7f1,As on (Date),2025-05-31 00:00:00
6441f114-7050-44f9-af92-a64490eb3989,337c19b1-bcb1-4dbd-9336-ea5d9b511272,8904aad6-dc0d-4a5c-8a30-3236b0f5a7f1,As on (Date),2025-05-31 00:00:00
adbf998e-b471-44af-9043-2a80d5495a26,8b56b530-dda6-4d7c-a6eb-67eb77c3f745,8a400cd6-c9e3-4705-8ccd-91864efe452e,Residual Maturity,0.16
08b1551d-86d2-4dec-b0c3-7190c65273b7,ea59472f-5dda-4f56-b0dd-cba0dba8ea44,e8f90ed1-e8a6-40b8-9c4c-28c3d004e097,Scheme Name:,DSP Income Plus Arbitrage Omni FoF
cb65d140-6915-4354-b563-ea960ca3f964,ac293497-c767-44e8-9fe1-6db65b2d69dd,8db2a79d-448c-4774-8682-7fcdd6984034,Scheme Name:,DSP NIFTY SDL PLUS G-SEC JUN 2028 30:70 INDEX FUND
79b876a1-7b92-44ff-a660-df21d3fd5bec,511ec12d-ac26-4a9e-8dea-2b7aa7bf934a,8db2a79d-448c-4774-8682-7fcdd6984034,Scheme Name:,DSP NIFTY SDL PLUS G-SEC JUN 2028 30:70 INDEX FUND
ac8032d1-dace-47c5-8c32-988b6ff14665,c013c858-d7e4-48e4-8885-935399840dd1,8db2a79d-448c-4774-8682-7fcdd6984034,Scheme Name:,DSP NIFTY SDL PLUS G-SEC JUN 2028 30:70 INDEX FUND
338f9ff7-6e0d-49b1-9bda-5101ab256380,39d85bfb-703d-4abd-9904-af0019204b9d,c1120fae-9cd1-4b47-a3b6-2ee609c0a5da,Scheme Name:,DSP Nifty SDL Plus G-Sec Sep 2027 50:50 Index Fund
0595ba97-cb22-4899-969d-ab9116cbf5de,f3c71637-8fce-4289-89a6-119fb8881fb8,c1120fae-9cd1-4b47-a3b6-2ee609c0a5da,Scheme Name:,DSP Nifty SDL Plus G-Sec Sep 2027 50:50 Index Fund
6d689f31-3e4a-4a63-b49f-24ab56f319d4,3c847dd7-b25d-4346-a5f9-c1381111d28c,c1120fae-9cd1-4b47-a3b6-2ee609c0a5da,Scheme Name:,DSP Nifty SDL Plus G-Sec Sep 2027 50:50 Index Fund
eeac9b47-a2a6-4bf2-9558-f40f2c71a45f,238fc44a-9b8a-44b9-be62-eab288fa9118,c1120fae-9cd1-4b47-a3b6-2ee609c0a5da,Scheme Name:,DSP Nifty SDL Plus G-Sec Sep 2027 50:50 Index Fund
ea494dc8-3e0d-44c4-8bea-776efdec3726,5f56202f-1a1b-46ab-9352-32c451eb1f2c,80efacfe-5f2f-42c4-b41b-ce1a6f100459,Scheme Name:,DSP FMP Series 268 - 1281 Days
26285f6d-f082-46e8-8f93-b5229f4db4d7,a2565b16-cc39-456f-92b3-f92c0ea1d287,80efacfe-5f2f-42c4-b41b-ce1a6f100459,Scheme Name:,DSP FMP Series 268 - 1281 Days
2d05f8d0-7976-4efe-93fc-9020ad81415f,1235aa4d-d6be-4e66-a594-97bf0a61627c,80efacfe-5f2f-42c4-b41b-ce1a6f100459,Scheme Name:,DSP FMP Series 268 - 1281 Days
d079fff7-ea0e-41c8-bd57-ae4f7e30490b,08180163-e2b7-47f6-b1ca-a69843c50340,80efacfe-5f2f-42c4-b41b-ce1a6f100459,Scheme Name:,DSP FMP Series 268 - 1281 Days
4563319a-b137-4131-9ec2-1c2a8df637e8,f3c71637-8fce-4289-89a6-119fb8881fb8,7edc7728-35aa-4fd4-8daf-69a78903b322,Residual Maturity,2.29
3302a346-6eb1-4062-87dc-da893248c810,4591cbcb-c2d0-47ff-b9f1-081edb7b0bf4,14aec604-680c-4989-bf0d-f3760cb241d9,Annualised Portfolio YTM*:,0.070537763999292
ea154856-2ce2-450e-9cda-9f249d0c4dfe,4591cbcb-c2d0-47ff-b9f1-081edb7b0bf4,170e84e4-9bd3-4d8d-ae57-295186cd55e9,Macaulay Duration,0.0933206707839268
d81e79b7-45b4-41f7-bbc9-85e0b91d7e27,4591cbcb-c2d0-47ff-b9f1-081edb7b0bf4,8d2a468f-b3b6-4443-9dcd-b9ccd6742a35,Residual Maturity,0.0960716363093937
8d8faa5b-ba24-4256-ad33-2ff8146c01c7,c5003a7c-0c45-4124-b5df-d5bd44e717c2,d60bb48f-e35d-44eb-afd2-e14a3226f882,As on (Date),2023-04-30 00:00:00
71aa872e-3738-42e0-8ee3-cb056ace72e3,72f4660f-ce7d-4015-b9bf-90c9545964d8,d60bb48f-e35d-44eb-afd2-e14a3226f882,As on (Date),2023-04-30 00:00:00
b10bc9e2-b495-4346-b3a8-f6ac344fcad7,4591cbcb-c2d0-47ff-b9f1-081edb7b0bf4,d60bb48f-e35d-44eb-afd2-e14a3226f882,As on (Date),2023-04-30 00:00:00
d6a6301b-af81-498c-83a8-1e87d6ecaa50,99d7c8e0-e9e2-4665-b808-5d81bdfbd7eb,d60bb48f-e35d-44eb-afd2-e14a3226f882,As on (Date),2023-04-30 00:00:00
0e0828e3-5545-44f3-a83f-30ba94aaa55f,b90689ce-b04b-4728-9417-d7d5cf29a889,d60bb48f-e35d-44eb-afd2-e14a3226f882,As on (Date),2023-04-30 00:00:00
c580cc48-a8cb-4407-96dc-04a5e6ff664e,08180163-e2b7-47f6-b1ca-a69843c50340,d60bb48f-e35d-44eb-afd2-e14a3226f882,As on (Date),2023-04-30 00:00:00
105c6b80-bb61-4885-9e67-2524bbd56bcc,ef504ea4-3d11-4782-9388-c4491f323f29,d60bb48f-e35d-44eb-afd2-e14a3226f882,As on (Date),2023-04-30 00:00:00
f2f1967d-fdb2-4931-9a7f-37bcfdbd704a,dd454cb2-6c59-4c6c-b8ae-adb8afb44272,d60bb48f-e35d-44eb-afd2-e14a3226f882,As on (Date),2023-04-30 00:00:00
115d74be-35e5-4323-82cc-61b588448802,238fc44a-9b8a-44b9-be62-eab288fa9118,d60bb48f-e35d-44eb-afd2-e14a3226f882,As on (Date),2023-04-30 00:00:00
303d715d-2e25-4658-9151-f1ec802e0655,58a2a794-3677-48a2-a932-29a7511b4791,d60bb48f-e35d-44eb-afd2-e14a3226f882,As on (Date),2023-04-30 00:00:00
91741133-f7cb-4f2b-8f01-4a31fac6824b,dead7470-4f29-4afc-8b73-40d16e6240a4,d60bb48f-e35d-44eb-afd2-e14a3226f882,As on (Date),2023-04-30 00:00:00
07ee5a23-a29d-4bd4-9199-5342ab4348b2,d752970f-f545-4c22-b17e-1cb88a905642,d60bb48f-e35d-44eb-afd2-e14a3226f882,As on (Date),2023-04-30 00:00:00
c295871a-6c5f-462b-ad4c-359db7b7cd73,ee7f77d7-6936-4d83-ba59-9e88403bb081,d60bb48f-e35d-44eb-afd2-e14a3226f882,As on (Date),2023-04-30 00:00:00
a072726e-6623-44ba-b3ed-d243591f3db6,b04e2240-e78a-4780-ae55-0f23beee477d,d60bb48f-e35d-44eb-afd2-e14a3226f882,As on (Date),2023-04-30 00:00:00
42c3783c-ce9f-4cd9-83e2-6bf1e7cbb23b,551a5203-3c95-4b5a-9daf-cf2a35524a63,d60bb48f-e35d-44eb-afd2-e14a3226f882,As on (Date),2023-04-30 00:00:00
7ac52ac6-86c9-4f98-b831-688795b4e1b6,576d2fff-17f2-47c3-99b9-f157e45032ea,d60bb48f-e35d-44eb-afd2-e14a3226f882,As on (Date),2023-04-30 00:00:00
4883d8fa-7b0f-4872-b4a5-2f3f7a39172c,22643a51-52f7-491e-8402-99edcead8da8,d60bb48f-e35d-44eb-afd2-e14a3226f882,As on (Date),2023-04-30 00:00:00
f1e9a352-e796-4041-9221-ced8af909d5c,9e677dec-6abf-4546-b55a-094e76b9fb18,d60bb48f-e35d-44eb-afd2-e14a3226f882,As on (Date),2023-04-30 00:00:00
be643057-f6bc-4e33-a26b-e0dd9b5dea35,28b94171-7504-450a-a21a-c461e2063bb1,d60bb48f-e35d-44eb-afd2-e14a3226f882,As on (Date),2023-04-30 00:00:00
e4cd1fd3-dae6-4733-8f4a-1bdeb50059e0,dcf0a87e-d85b-4a7d-908b-f096a8532005,d60bb48f-e35d-44eb-afd2-e14a3226f882,As on (Date),2023-04-30 00:00:00
614332d2-5227-4d14-abc7-866972838d67,a14edabe-48d2-4c76-9f14-b97545126ba4,0a2dde89-a408-4a37-bd26-f6ecc2ce9002,Annualised Portfolio YTM*:,0.0723
7c1f1536-2b6c-4aee-b4b1-d681967ed6a4,e1bc241b-d20f-4365-8f21-1dc8bae4ddc8,cb79b652-740e-49e7-8d34-be3a5a4cebaa,Scheme,DIRF
0e3c58c4-14e1-4ef6-a62f-019bedd0b05c,39d85bfb-703d-4abd-9904-af0019204b9d,cb79b652-740e-49e7-8d34-be3a5a4cebaa,Scheme,DIRF
9ecbef7d-5381-44f2-a2c3-8304d9cd1451,e108a83c-f147-43d1-8812-128be3c4b7b1,cb79b652-740e-49e7-8d34-be3a5a4cebaa,Scheme,DIRF
7dc0de56-dda5-4dc4-9358-1b99acac537f,ac293497-c767-44e8-9fe1-6db65b2d69dd,cb79b652-740e-49e7-8d34-be3a5a4cebaa,Scheme,DIRF
ae033f3a-0725-4f6c-ae01-d1e917c1c453,16a96514-a294-46ce-901c-b833cad422c8,cb79b652-740e-49e7-8d34-be3a5a4cebaa,Scheme,DIRF
26d487ba-04da-4ebb-b2fe-34650e5d16d5,e1bc241b-d20f-4365-8f21-1dc8bae4ddc8,2b005eb2-d5bd-4967-a60f-aa6e616aada7,Scheme Name:,DSP BSE Liquid Rate ETF
759ca7ea-6823-4753-9fc4-6bdd62bb7fa3,a56c15d9-9072-4a7d-b591-f2212bc23d5a,2b005eb2-d5bd-4967-a60f-aa6e616aada7,Scheme Name:,DSP BSE Liquid Rate ETF
f4667743-a894-414a-98ce-45604493b60e,3c12aae2-e082-454a-89af-a209fca81a03,2b005eb2-d5bd-4967-a60f-aa6e616aada7,Scheme Name:,DSP BSE Liquid Rate ETF
3dfff711-9cb4-47b3-b6e3-0dbd0a90c463,bd316754-25a2-41c4-a71b-7c96c68bc2c4,1643f4b4-a527-4bf2-b907-0b0cc089bed6,Scheme Name:,DSP Overnight Fund
ec442ebc-47ef-4014-b87e-841031f1fab8,c7b58475-3b99-4fa2-98c3-3d2dda65c37f,1643f4b4-a527-4bf2-b907-0b0cc089bed6,Scheme Name:,DSP Overnight Fund
f17cebea-edaf-4f42-a58b-fb1cc8857b66,c2b75d61-232f-4aa5-8ab2-107a06685819,1643f4b4-a527-4bf2-b907-0b0cc089bed6,Scheme Name:,DSP Overnight Fund
d04fc3e6-4d17-4d8d-80f7-b22c62fd5c4a,d752970f-f545-4c22-b17e-1cb88a905642,1643f4b4-a527-4bf2-b907-0b0cc089bed6,Scheme Name:,DSP Overnight Fund
d706c371-07cd-4ab9-9903-1b929990d9f4,6b5d2872-40b1-4bb7-a0c1-e5368cadff36,1c6550b6-84c5-4b92-b589-0c1e42e019a7,Scheme Name:,DSP Strategic Bond Fund
daa05999-7c5c-4305-af5a-30e9d07a3eea,c59f97f8-48fe-49b2-9b93-c9d26f4d00ac,1c6550b6-84c5-4b92-b589-0c1e42e019a7,Scheme Name:,DSP Strategic Bond Fund
cf9f2117-04f5-4c31-97de-eb79b8a42201,d72c5d6c-b05f-4a9a-9884-001911d22bf3,1c6550b6-84c5-4b92-b589-0c1e42e019a7,Scheme Name:,DSP Strategic Bond Fund
9112b77c-b85a-4302-994e-7b9ec7a7e089,28b94171-7504-450a-a21a-c461e2063bb1,1c6550b6-84c5-4b92-b589-0c1e42e019a7,Description (if any),DSP Strategic Bond Fund
9dcdabdf-abbf-401e-87ff-e707e9b47fff,8f176ebf-b1bd-4696-90e4-be5da4bb63b6,e3370210-c505-40d9-be51-f7d03be668a0,Scheme Name:,DSP Short Term Fund
493ac85a-cdcb-4715-adb5-855f41335e94,cb02bc10-915c-49d2-a2e1-194c15e16032,e3370210-c505-40d9-be51-f7d03be668a0,Scheme Name:,DSP Short Term Fund
7d3610b5-6581-48f7-95f4-c834cd3e9292,dcf0a87e-d85b-4a7d-908b-f096a8532005,e3370210-c505-40d9-be51-f7d03be668a0,Scheme Name:,DSP Short Term Fund
f1c38d8e-439d-4fde-b70f-1232e7ef697a,683857a7-d74e-4bd0-a718-e5a298157857,c396d5f8-87b9-4d93-bd74-9342da2f64eb,Scheme Name:,DSP Low Duration Fund
09b489dd-714d-4282-a622-77a607931384,f98d00b4-ba8a-4436-a88b-4b3ee8f293e2,c396d5f8-87b9-4d93-bd74-9342da2f64eb,Scheme Name:,DSP Low Duration Fund
154391eb-4593-46fe-a05c-860a4c3b90b5,888e2b8d-b16f-41df-9a54-321b15f7ca68,5a2c40c1-0fdc-4dbc-9ddc-663c002ad500,Scheme Name:,DSP US Specific Debt Passive FoF
2beaeffa-0618-41c3-940a-b1f209e05cf1,2663f05d-b3bd-4f5d-be47-2ab33a519e02,6535b2ad-3bf7-44f1-9553-8338815921e5,Scheme Name:,DSP 10Y G-Sec Fund
6248b4d2-8ac5-4dea-a966-d61b1b535a28,deb98325-1455-4142-bdee-b7897cc7c62d,6535b2ad-3bf7-44f1-9553-8338815921e5,Scheme Name:,DSP 10Y G-Sec Fund
361b6772-2379-4f33-a1d9-aa419d90d487,a98dbc30-617f-41d6-9435-ca7579c3e934,6535b2ad-3bf7-44f1-9553-8338815921e5,Scheme Name:,DSP 10Y G-Sec Fund
a8b92d09-dd71-4ae1-a1dd-c7e48f33ba0c,ee7f77d7-6936-4d83-ba59-9e88403bb081,6535b2ad-3bf7-44f1-9553-8338815921e5,Scheme Name:,DSP 10Y G-Sec Fund
1b126b1d-7091-4916-8bd5-d0124825788b,3c847dd7-b25d-4346-a5f9-c1381111d28c,e74d7452-f243-48bb-8ab4-3ca973684605,DIRF,0.9746
d57f2431-51f4-4f79-bedb-a9bad7b15baa,e108a83c-f147-43d1-8812-128be3c4b7b1,0db74709-b7fe-4f52-9e17-3a9da78b3115,Scheme Name:,DSP CRISIL-IBX 50:50 Gilt Plus SDL - April 2033 Index Fund
df9a2a90-5f78-4b20-bfa3-49eb03a85caa,16e863c6-88c5-4567-9b1e-f6f573629c3f,0db74709-b7fe-4f52-9e17-3a9da78b3115,Scheme Name:,DSP CRISIL-IBX 50:50 Gilt Plus SDL - April 2033 Index Fund
ad2914a6-1f64-4b3a-b523-ddb7221fa844,fe1f8698-0748-4cdb-912f-70d58c45bb14,6c0cef1b-9894-4c62-82f6-bc696f513a55,Macaulay Duration,2.54
a704e0a7-5470-489c-b56c-b0a54e5981c1,066246e5-9f5f-4ddd-8f0a-5a6cb36e2c5d,b477a96d-052c-4811-8586-87fe101c7f32,Scheme Name:,DSP FMP Series 264 - 60M - 17D
f5c05203-06b3-4bfb-92c2-b95c15d95a6f,bf03b6d4-f183-4273-9233-2f464066a549,b477a96d-052c-4811-8586-87fe101c7f32,Scheme Name:,DSP FMP Series 264 - 60M - 17D
8cd3c55e-a3fc-4e8f-9e61-5a3963889cc0,fea8d894-1250-43ee-bd1e-9258000070e4,b477a96d-052c-4811-8586-87fe101c7f32,Scheme Name:,DSP FMP Series 264 - 60M - 17D
a83acff1-e672-4267-8ba1-c76a79bd7d65,99d7c8e0-e9e2-4665-b808-5d81bdfbd7eb,b477a96d-052c-4811-8586-87fe101c7f32,Scheme Name:,DSP FMP Series 264 - 60M - 17D
910ea4fc-bb51-4955-9d9f-7da73c0cedf3,c5003a7c-0c45-4124-b5df-d5bd44e717c2,239f690f-0eb3-4f3e-a6b3-5c91ac18599f,Security Name,ISIN
ccd1296d-727d-491a-b81b-1554d2817a92,72f4660f-ce7d-4015-b9bf-90c9545964d8,239f690f-0eb3-4f3e-a6b3-5c91ac18599f,Security Name,ISIN
1f9dbd5f-cffb-4524-a4dd-8240c648e4b9,22f1b15b-1c63-413c-93c9-0f8fe5271517,239f690f-0eb3-4f3e-a6b3-5c91ac18599f,Issuer,ISIN
62f803ed-a2a9-44a5-93c7-9388a1d61577,df12f86f-e985-4385-adc3-77b0d98a2837,239f690f-0eb3-4f3e-a6b3-5c91ac18599f,Security Name,ISIN
335e0a24-ea3e-4f0c-8e73-ca6fb1cdb476,62889a4c-18a0-4360-a661-25a9cd03d7e3,239f690f-0eb3-4f3e-a6b3-5c91ac18599f,Security Name,ISIN
4908efba-8937-4042-95ef-b868a230660f,363fcd54-58de-409c-83a1-9307268d95ae,239f690f-0eb3-4f3e-a6b3-5c91ac18599f,Security Name,ISIN
24c904f3-7640-43fb-b24f-c5395a7356df,348cd817-ed9d-4b14-adb4-bfcf239878c5,239f690f-0eb3-4f3e-a6b3-5c91ac18599f,Security Name,ISIN
4c93c99d-e2fe-4a82-b366-361874d3074b,223147c2-8b24-45da-8811-fc97b939fe42,239f690f-0eb3-4f3e-a6b3-5c91ac18599f,Issuer,ISIN
77d34bf1-0733-4965-9714-12669954b5cb,d261d9a5-22b9-44ab-98da-1f68d27ac487,239f690f-0eb3-4f3e-a6b3-5c91ac18599f,Security Name,ISIN
2a67713f-087e-448b-add9-b7de5a329dbb,2fae2a62-d20d-47ce-afa9-2db98b06ad1a,239f690f-0eb3-4f3e-a6b3-5c91ac18599f,Security Name,ISIN
e303d2b1-640d-4543-8832-8e0bed854138,3f0dc69d-77d4-4cd8-952c-3813c4871125,239f690f-0eb3-4f3e-a6b3-5c91ac18599f,Security Name,ISIN
4158a4b9-c77c-4ef1-bcfc-86927e10c349,24f3a0fc-db4e-4f5d-8ce3-0f1220c49f68,239f690f-0eb3-4f3e-a6b3-5c91ac18599f,Security Name,ISIN
c009fdbf-69d1-4501-ae36-28d55239f188,a2e1afdb-6488-4cd7-b329-3cf037faa25a,239f690f-0eb3-4f3e-a6b3-5c91ac18599f,Issuer,ISIN
57376387-7ba9-45d7-aa58-75b23030d6c0,fe1f8698-0748-4cdb-912f-70d58c45bb14,239f690f-0eb3-4f3e-a6b3-5c91ac18599f,Security Name,ISIN
584a16a7-eaed-4bdd-9d68-e08e5e39e4e5,e65162bc-30e3-4c70-a364-2d29398aeef6,239f690f-0eb3-4f3e-a6b3-5c91ac18599f,Security Name,ISIN
d12ad23b-0b6a-4506-ab10-152dc84f2467,8dcc94b2-7f90-4baf-88f5-814ee13f6cc5,239f690f-0eb3-4f3e-a6b3-5c91ac18599f,Security Name,ISIN
29649729-0695-4b4f-9178-0e50975b8577,c8b2fbcd-6835-4a64-b790-0486910a39dd,239f690f-0eb3-4f3e-a6b3-5c91ac18599f,Security Name,ISIN
23eb87af-801b-4764-b80c-1386b45bf5e4,551a5203-3c95-4b5a-9daf-cf2a35524a63,239f690f-0eb3-4f3e-a6b3-5c91ac18599f,Security Name,ISIN
a0288816-32f1-4f8b-982c-284615b1c772,9e677dec-6abf-4546-b55a-094e76b9fb18,239f690f-0eb3-4f3e-a6b3-5c91ac18599f,Security Name,ISIN
97dfa7be-06e7-49cb-b5b1-d30925be8979,22f1b15b-1c63-413c-93c9-0f8fe5271517,3c929f80-caa7-4c2e-b75f-3cbb097fa8da,Scheme Name:,DSP Banking and PSU Debt Fund
a867c35b-86f2-4d6e-9c60-53abd8b63051,223147c2-8b24-45da-8811-fc97b939fe42,3c929f80-caa7-4c2e-b75f-3cbb097fa8da,Scheme Name:,DSP Banking and PSU Debt Fund
3758a6ef-33c7-4772-ab36-8e0c172f601b,a2e1afdb-6488-4cd7-b329-3cf037faa25a,3c929f80-caa7-4c2e-b75f-3cbb097fa8da,Scheme Name:,DSP Banking and PSU Debt Fund
171dc243-7bd2-4954-95cb-fea43269c28c,10ad78f2-1f9e-475e-b925-9a73a663204d,bb57a883-aa97-44f2-9f0e-e98a7a38d337,Scheme Name:,DSP Corporate Bond Fund
5580091c-05a6-4eba-8280-a9ff94c6e156,a14edabe-48d2-4c76-9f14-b97545126ba4,bb57a883-aa97-44f2-9f0e-e98a7a38d337,Scheme Name:,DSP Corporate Bond Fund
25b2ace6-7797-48b1-b45d-6fb2949cc409,b366c1a2-eda8-4d10-92d6-667db97e46b2,bb57a883-aa97-44f2-9f0e-e98a7a38d337,Scheme Name:,DSP Corporate Bond Fund
adafe919-21f8-4d88-85bc-202d2a5fa6fa,b04e2240-e78a-4780-ae55-0f23beee477d,bb57a883-aa97-44f2-9f0e-e98a7a38d337,Scheme Name:,DSP Corporate Bond Fund
818186b4-f99a-4346-9521-54ebd93413da,05476498-9a2a-47cb-89a9-1eb58ac325c0,ceb59737-3bf2-4789-ab26-6ba5d1214607,Scheme Name:,DSP Gilt Fund
c771ac35-51c6-4d21-a590-baee332af549,8d568b47-a50b-4ad2-b8e7-3cc6a212500a,ceb59737-3bf2-4789-ab26-6ba5d1214607,Scheme Name:,DSP Gilt Fund
7e839e25-670c-4858-9677-d23ebe0bda55,5fa02d63-94cf-49c4-b2f2-5204f3628553,ceb59737-3bf2-4789-ab26-6ba5d1214607,Scheme Name:,DSP Gilt Fund
0c29baeb-a18f-4f00-b0a8-7e9d201e8f59,13b8de8d-e3b3-4382-b444-3edfcab4947a,c48e9a06-1142-4280-864c-41a884035979,Scheme Name:,DSP Savings Fund
520caea1-c6e3-4c5c-9f59-dd1bee01695f,2ff0c7b5-ec0f-4371-8afe-61a4b7224117,c48e9a06-1142-4280-864c-41a884035979,Scheme Name:,DSP Savings Fund
91525ef9-00fe-4334-92df-a411f79a6a13,3e0e4d3d-45ad-4f7c-ba31-4d41dd50ebaa,c48e9a06-1142-4280-864c-41a884035979,Scheme Name:,DSP Savings Fund
98b0808c-1bca-4b80-a168-7983f645569d,576d2fff-17f2-47c3-99b9-f157e45032ea,c48e9a06-1142-4280-864c-41a884035979,Scheme Name:,DSP Savings Fund
4e12f332-9ca1-4d33-a534-bf6708162f63,16a96514-a294-46ce-901c-b833cad422c8,8eb4988c-3a60-4c8e-bbc2-ebdfb268c58c,Scheme Name:,DSP NIFTY 1D Rate Liquid ETF
096fdf61-e4ab-43a8-bcc8-fd7f72e55215,77de0052-85e0-4f1a-a4ff-6fb32ec99c92,8eb4988c-3a60-4c8e-bbc2-ebdfb268c58c,Scheme Name:,DSP NIFTY 1D Rate Liquid ETF
d69a8a9c-57d5-444f-998e-b76243cb4413,01b1e166-9a20-43a7-baab-8bb3eaa46562,8eb4988c-3a60-4c8e-bbc2-ebdfb268c58c,Scheme Name:,DSP NIFTY 1D Rate Liquid ETF
27dfdd3a-73a7-4a72-8134-67858fea1d9a,b1052d40-184f-42f5-bbef-a63f027d6945,68738b0b-e41a-4ec5-b97f-9dd1cbbe322c,Annualised Portfolio YTM*:,0.0644
868423df-6662-4ee3-8bee-3f8456a775b3,066246e5-9f5f-4ddd-8f0a-5a6cb36e2c5d,4ac857e8-205b-40c0-890b-25ea0d38413f,As on (Date),2026-02-28 00:00:00
53513406-7f4c-4660-8a0d-a2358aada173,5f56202f-1a1b-46ab-9352-32c451eb1f2c,4ac857e8-205b-40c0-890b-25ea0d38413f,As on (Date),2026-02-28 00:00:00
f5c3dcd7-92d2-44cd-8ac5-027a764a6953,4eb221fa-52ef-4da6-b995-36f34efa70f1,4ac857e8-205b-40c0-890b-25ea0d38413f,As on (Date),2026-02-28 00:00:00
75d44f39-bfe8-4ee0-a720-afed869f3611,e1bc241b-d20f-4365-8f21-1dc8bae4ddc8,4ac857e8-205b-40c0-890b-25ea0d38413f,As on (Date),2026-02-28 00:00:00
8e7cbee7-6004-4c2f-9ea9-cf01d312a963,39d85bfb-703d-4abd-9904-af0019204b9d,4ac857e8-205b-40c0-890b-25ea0d38413f,As on (Date),2026-02-28 00:00:00
19b10f2e-8d7e-43de-a615-b60d92491f87,e108a83c-f147-43d1-8812-128be3c4b7b1,4ac857e8-205b-40c0-890b-25ea0d38413f,As on (Date),2026-02-28 00:00:00
d4f0c6ae-5dcb-480d-ab5e-ad6cd74bcf76,ac293497-c767-44e8-9fe1-6db65b2d69dd,4ac857e8-205b-40c0-890b-25ea0d38413f,As on (Date),2026-02-28 00:00:00
67c0de61-4263-411d-8910-cad424e97ca7,bd316754-25a2-41c4-a71b-7c96c68bc2c4,4ac857e8-205b-40c0-890b-25ea0d38413f,As on (Date),2026-02-28 00:00:00
3840a532-beab-437d-ba76-9809604ce692,16a96514-a294-46ce-901c-b833cad422c8,4ac857e8-205b-40c0-890b-25ea0d38413f,As on (Date),2026-02-28 00:00:00
65bfcc44-847b-46ae-9260-39aae8725bd6,2663f05d-b3bd-4f5d-be47-2ab33a519e02,4ac857e8-205b-40c0-890b-25ea0d38413f,As on (Date),2026-02-28 00:00:00
ecb01a38-3315-494b-806b-13e71da86083,ea59472f-5dda-4f56-b0dd-cba0dba8ea44,4ac857e8-205b-40c0-890b-25ea0d38413f,As on (Date),2026-02-28 00:00:00
79dc1861-6ee4-4f5b-a254-1040951400c2,22f1b15b-1c63-413c-93c9-0f8fe5271517,4ac857e8-205b-40c0-890b-25ea0d38413f,As on (Date),2026-02-28 00:00:00
aca31cfa-3295-409a-97eb-54254b456fe6,10ad78f2-1f9e-475e-b925-9a73a663204d,4ac857e8-205b-40c0-890b-25ea0d38413f,As on (Date),2026-02-28 00:00:00
b51a6bdd-7e5a-4b65-9e9c-9597bae8cded,df12f86f-e985-4385-adc3-77b0d98a2837,4ac857e8-205b-40c0-890b-25ea0d38413f,As on (Date),2026-02-28 00:00:00
0aabc6a9-6252-4d73-84d8-5f0f498a3a1d,05476498-9a2a-47cb-89a9-1eb58ac325c0,4ac857e8-205b-40c0-890b-25ea0d38413f,As on (Date),2026-02-28 00:00:00
c97e3aba-3670-455f-b3da-eb6a2a6ee28d,62889a4c-18a0-4360-a661-25a9cd03d7e3,4ac857e8-205b-40c0-890b-25ea0d38413f,As on (Date),2026-02-28 00:00:00
235f31ff-3bb1-4566-9c9d-2a40be3a72aa,6b5d2872-40b1-4bb7-a0c1-e5368cadff36,4ac857e8-205b-40c0-890b-25ea0d38413f,As on (Date),2026-02-28 00:00:00
9756e960-a9c3-47db-9e0a-a18574f03fe2,363fcd54-58de-409c-83a1-9307268d95ae,4ac857e8-205b-40c0-890b-25ea0d38413f,As on (Date),2026-02-28 00:00:00
6d45144e-aa5d-4b5b-b9df-d368e9b9760c,b1052d40-184f-42f5-bbef-a63f027d6945,4ac857e8-205b-40c0-890b-25ea0d38413f,As on (Date),2026-02-28 00:00:00
af00944c-da20-428a-bb91-3f7dfbca8a67,12639e2c-ae37-48bd-b977-7c0e1a8965e1,4ac857e8-205b-40c0-890b-25ea0d38413f,As on (Date),2026-02-28 00:00:00
8dc63fad-2aa9-4d38-8132-fb1411cd4727,888e2b8d-b16f-41df-9a54-321b15f7ca68,4ac857e8-205b-40c0-890b-25ea0d38413f,As on (Date),2026-02-28 00:00:00
c91ea019-3ddc-483b-b56e-8dd1b64091c6,13b8de8d-e3b3-4382-b444-3edfcab4947a,4ac857e8-205b-40c0-890b-25ea0d38413f,As on (Date),2026-02-28 00:00:00
cf69f65f-d3bc-4a39-bd30-9d77ab5fb016,b366c1a2-eda8-4d10-92d6-667db97e46b2,75cb3b4f-9786-4601-8eca-e9f32f64a92b,Annualised Portfolio YTM*:,0.0651
7968e1b5-57f8-4896-8437-5d369768c934,3b43abb7-85fd-4a7c-ad0d-673bbd6c9d08,d2bf5555-1624-4483-9e1f-97969a62e298,(1)  Details of security in default beyond it's maturity date: Nil,
7376ffee-6f71-49c9-9cf1-5bc38cfaf4bb,8df80959-b26e-4ba7-86c7-1b6adb3b76b6,2d85bbeb-d1f8-4ba5-9ddf-28fd5078fb58,(1)  Details of security in default beyond it's maturity date: Nil,
f3714310-6435-48b7-a5e1-f2c7804e5faa,7288268d-4866-444f-83f1-848813aa4de8,321db9e4-d0cf-475f-bf60-8296a0fbd1a0,(1)  The provision made for below investment grade or default securities as of August 15 2026. is Rs. Nil and its percentage to Net Asset Value is Nil.,
09ca0ed9-0d9c-4816-b1b1-8fd240497f80,0d00ad8a-dea6-4259-a506-ba3b7865a52b,db37c58d-9703-4e2a-938e-bd562487cc20,(1)  The provision made for below investment grade or default securities as of August 15 2026. is Rs. Nil and its percentage to Net Asset Value is Nil.,
d742abcd-dd6a-46a8-ada0-dbe7493db48e,f855102e-8f88-4045-a52a-5715438a96de,1c1d300a-f7c1-4117-bc69-62d497a16c90,(1)  The provision made for below investment grade or default securities as of August 15 2026. is Rs. Nil and its percentage to Net Asset Value is Nil.,
0bd6e7f8-80fe-4068-b0fa-29b27951caee,efdcd646-83a4-402c-9591-178f922be735,dc1556ad-b9a7-423c-860d-1773d7f73fae,(1)  The provision made for below investment grade or default securities as of August 15 2026. is Rs. Nil and its percentage to Net Asset Value is Nil.,
1c70e2e1-89f9-40e9-a43b-e9c74f4d1c25,a27952a9-a93c-4a45-a163-9c6ecf55dfda,2d44dc90-b462-401f-b8fd-77b160fcc859,(1)  The provision made for below investment grade or default securities as of August 15 2026. is Rs. Nil and its percentage to Net Asset Value is Nil.,
b1ed1734-2599-430b-b790-55f6cc8cae4e,c8e858cc-96aa-460f-a450-90c5624ad51c,2f9d7ba0-d57c-4d5f-8521-8eb128dcaee9,(1)  The provision made for below investment grade or default securities as of August 15 2026. is Rs. Nil and its percentage to Net Asset Value is Nil.,
6a6bf24a-3058-41d1-9651-01b699764645,4385658a-d467-49a6-9309-08aa51c8528d,0e6ede78-47f6-48bd-8c8e-16fe58aacd8c,(1)  The provision made for below investment grade or default securities as of August 15 2026. is Rs. Nil and its percentage to Net Asset Value is Nil.,
75d305c6-49bd-4e89-b233-ef166cd87702,d9429dab-a237-43e3-a000-b146827512ff,916a5d29-5bd6-405a-852b-1a26832f67d4,(1)  The provision made for below investment grade or default securities as of July 31 2026. is Rs. Nil and its percentage to Net Asset Value is Nil.,
1bc4b20f-d2ae-42f2-89e9-2618550cb07a,1eebaf52-350c-4f21-9951-54370eb68dad,8c8a77a5-3847-44e2-b85e-502c630b522e,(1)  The provision made for below investment grade or default securities as of July 31 2026. is Rs. Nil and its percentage to Net Asset Value is Nil.,
53583a5c-4d6b-4434-aa94-c274f984b79e,a96ee8c2-5907-4ad0-b428-c6af28438ca7,719a6fe0-8959-48de-8a80-e13fe59ad289,(1)  The provision made for below investment grade or default securities as of July 31 2026. is Rs. Nil and its percentage to Net Asset Value is Nil.,
bfa27e4f-71de-4da5-967c-443756ef3d01,8eb6cd37-468a-4301-bc72-cdaf3f048f07,590bf601-6703-4000-9718-939fd5ffbe73,1.  Total value provided for securities classified as below investment grade or default and its percentage to NAV - NIL,
54660456-faea-4a82-8b1f-4ade7e9218ce,5a584e4a-c747-4c52-8e2b-8e31dab7052b,96956cf1-87bc-4207-a92e-fa6f68fb76a6,1.  Total value provided for securities classified as below investment grade or default and its percentage to NAV - NIL,
58ab6bfc-eb18-485e-847d-7dcdac9b3242,d3c386fc-ea8f-40f2-9b38-8af9e4092072,0dbc0445-78ca-46f0-a685-79d0b5622ee6,1.  Total value provided for securities classified as below investment grade or default and its percentage to NAV - NIL,
40799217-50fe-4d00-b4ae-7a43eb8e896b,3b43abb7-85fd-4a7c-ad0d-673bbd6c9d08,86123f5f-20b4-4ee9-b94f-1fb8d611066c,(2)  Net Assets Value per unit (in `) are as follows:,
e3da6164-89a7-4840-a620-8d29e8c4a36b,8df80959-b26e-4ba7-86c7-1b6adb3b76b6,ac6a49c2-b869-412b-acb7-8dce660ddc26,(2)  Net Assets Value per unit (in `) are as follows:,
ca775b9c-0f04-4217-afa6-c79b6bef109e,d9429dab-a237-43e3-a000-b146827512ff,7003fde9-3a45-41e5-bf5b-05ae6fcc99d3,(2)  Total value and percentage of Illiquid Equity Shares: Nil.,
95c66f92-9d14-4d47-bec4-ca4c99ccac0f,7288268d-4866-444f-83f1-848813aa4de8,800e9ff9-92af-43a3-9ac7-8b05150b91a5,(2)  Total value and percentage of Illiquid Equity Shares: Nil.,
9f0262d7-053c-469c-beae-e4fb4e019e95,0d00ad8a-dea6-4259-a506-ba3b7865a52b,d8450ec4-d182-4b18-b95b-bc4536399bf7,(2)  Total value and percentage of Illiquid Equity Shares: Nil.,
fd52ae52-23d4-44ee-914f-b7eb4d406f3c,f855102e-8f88-4045-a52a-5715438a96de,4a2b12ce-fd0c-486f-b0a8-e9f77bfba2c0,(2)  Total value and percentage of Illiquid Equity Shares: Nil.,
6f3cdee9-d218-42c8-86b6-799f575a44a8,efdcd646-83a4-402c-9591-178f922be735,87916a9a-5e4c-45b7-bc3a-4c29c29f88bd,(2)  Total value and percentage of Illiquid Equity Shares: Nil.,
1dd05abb-c7bc-43fe-a95f-a5e1c24815bb,a27952a9-a93c-4a45-a163-9c6ecf55dfda,0811de0a-782c-47f7-8001-dd580eacf470,(2)  Total value and percentage of Illiquid Equity Shares: Nil.,
060e15b8-a2f6-4542-aeb5-05247ba86998,c8e858cc-96aa-460f-a450-90c5624ad51c,ab08585f-ef3b-45fc-bbf7-5f5d906bda40,(2)  Total value and percentage of Illiquid Equity Shares: Nil.,
10635f18-48ae-45e4-99b2-1c11d1601ed8,4385658a-d467-49a6-9309-08aa51c8528d,21af4223-565c-4c3a-81af-79d92b87ebc4,(2)  Total value and percentage of Illiquid Equity Shares: Nil.,
500fe16a-9e68-4fed-b657-8ac58e300651,1eebaf52-350c-4f21-9951-54370eb68dad,0f270d77-1122-4412-b5bb-9903100dba13,(2)  Total value and percentage of Illiquid Equity Shares: Nil.,
86a58122-4837-4412-bfa2-635e59c91d6e,a96ee8c2-5907-4ad0-b428-c6af28438ca7,829b9abb-99d7-4696-926c-cf62988aad60,(2)  Total value and percentage of Illiquid Equity Shares: Nil.,
5bf43d73-1cbe-47ab-b969-4883be5ab7a5,8df80959-b26e-4ba7-86c7-1b6adb3b76b6,62a9c3bd-f76b-4b60-b165-c37486c2b5bb,"(3)  Details of IDCW declared per unit (in `) during the fortnight ended as on August 15, 2026: Nil",
b6300276-73f3-4109-90c3-b3f9399432ed,8df80959-b26e-4ba7-86c7-1b6adb3b76b6,e172ee8b-f7c9-4a41-acd2-1700736f8af6,"(3)  Details of IDCW declared per unit (in `) during the fortnight ended as on August 15, 2026: Nil",
10bc02c0-8ea0-4a0e-815e-2625313616a8,d9429dab-a237-43e3-a000-b146827512ff,293175fb-5f43-48ea-93c9-2ff677c4e53f,(3)  Net Assets Value per unit (in Rupees) are as follows:,
6d69b5e0-4c65-41c8-9c50-cb80a12413a7,7288268d-4866-444f-83f1-848813aa4de8,f492248e-e5fb-41b4-96b5-d4eec362dfbe,(3)  Net Assets Value per unit (in Rupees) are as follows:,
2c0c3da9-2193-4ae4-ae16-a6ca23f9f477,0d00ad8a-dea6-4259-a506-ba3b7865a52b,55dceca3-b9f0-40e9-bead-4b651771a14f,(3)  Net Assets Value per unit (in Rupees) are as follows:,
2123d007-d16a-44b4-a4e2-4ccfaee765bd,f855102e-8f88-4045-a52a-5715438a96de,0cb0d39e-505d-4e53-a6da-cc05645a438f,(3)  Net Assets Value per unit (in Rupees) are as follows:,
74a1732d-d6a4-42d7-97d3-84d5b811559f,efdcd646-83a4-402c-9591-178f922be735,8cc3b640-bfff-4375-93fe-3d0b8dabb10d,(3)  Net Assets Value per unit (in Rupees) are as follows:,
ba286e89-c0e1-476a-8523-f17056bfd174,a27952a9-a93c-4a45-a163-9c6ecf55dfda,727a1893-5070-45e7-bf20-4318a5aa5552,(3)  Net Assets Value per unit (in Rupees) are as follows:,
077f772e-e156-4f15-a3b6-5ebcd45233ff,c8e858cc-96aa-460f-a450-90c5624ad51c,71b65099-e972-4af0-8774-883b3644c226,(3)  Net Assets Value per unit (in Rupees) are as follows:,
a8b4a180-04a0-48b1-aada-9213d152af43,4385658a-d467-49a6-9309-08aa51c8528d,dc43fb64-c489-4af2-8777-095a4eaf9724,(3)  Net Assets Value per unit (in Rupees) are as follows:,
c1405473-e51f-42f4-b85e-b3f147c4c79a,1eebaf52-350c-4f21-9951-54370eb68dad,59476c96-5e92-43b4-b3de-1f91bd424b7e,(3)  Net Assets Value per unit (in Rupees) are as follows:,
462997c9-5de5-48ce-b560-f868c70604ac,a96ee8c2-5907-4ad0-b428-c6af28438ca7,6fd8f60b-dce2-48e1-ac7e-51c703539c76,(3)  Net Assets Value per unit (in Rupees) are as follows:,
bda558e8-6a48-4e26-8c96-c180e2223005,cd158dae-0cfd-4a3a-9ff9-addac7c33652,6bf66e45-ac4c-4863-9aba-f88c46b938ca,4.60% Axis Bank Limited (01/11/2023),
388bf46e-ec7d-437c-981a-afc9d5ebb6cb,cd158dae-0cfd-4a3a-9ff9-addac7c33652,fd479fa8-dfbc-428f-8760-9f86b3df117b,4.60% Axis Bank Limited (01/12/2023),
de26f696-da78-4e6c-bb7d-5ab52edd7c8a,cd158dae-0cfd-4a3a-9ff9-addac7c33652,2e112236-2a9b-4ad7-a22e-b964b0752c02,4.60% Axis Bank Limited (02/11/2023),
fdb54862-db62-4a71-8c19-4d3336de6fe5,cd158dae-0cfd-4a3a-9ff9-addac7c33652,80775abe-07b6-4bc1-880a-28f4a4f18ea2,4.60% Axis Bank Limited (03/11/2023),
2adb1664-d2d3-4acf-ab11-fc999cda016b,cd158dae-0cfd-4a3a-9ff9-addac7c33652,f467efa5-e00b-4054-9580-e821dedf83e8,4.60% Axis Bank Limited (04/12/2023),
a1b3175b-537e-418c-8c2b-24c95cc572df,cd158dae-0cfd-4a3a-9ff9-addac7c33652,b269d755-0587-485b-a915-71ba60b92b86,4.60% Axis Bank Limited (05/12/2023),
e55cf610-e936-4615-977d-379dc5fd2cca,cd158dae-0cfd-4a3a-9ff9-addac7c33652,6cc51c41-9529-4759-a5fa-c3e87423aa4a,4.60% Axis Bank Limited (30/10/2023),
1d98dff0-9378-45bc-a20b-d119551df5bc,cd158dae-0cfd-4a3a-9ff9-addac7c33652,f3fac70d-9959-4d40-ae33-7805871e6a06,4.75% Axis Bank Limited (05/02/2024),
84c18578-cb3b-4f2c-97c2-7ae5efa06f84,3b43abb7-85fd-4a7c-ad0d-673bbd6c9d08,909c949b-541a-4221-99c0-d44179618620,"(4)  Bonus declared during the fortnight ended as on August 15, 2026: Nil",
7bda1052-75a0-4b6c-8f9a-8bfe2d136358,8df80959-b26e-4ba7-86c7-1b6adb3b76b6,79a9fd8c-d103-434c-80d5-2abea4ef4501,"(4)  Bonus declared during the fortnight ended as on August 15, 2026: Nil",
05084ec6-f428-4f4e-9954-10d850c09056,3b43abb7-85fd-4a7c-ad0d-673bbd6c9d08,9826869f-d900-4809-9414-0feede9172d0,"(4)  Details of IDCW declared per unit (in `) during the fortnight ended as on August 15, 2026: Nil",
86cc58f7-e392-4233-bf42-66bac2e57966,d3c386fc-ea8f-40f2-9b38-8af9e4092072,e97f60a7-0a9a-4726-8be7-ee3c66413295,5.10% HDFC Bank Limited (01/06/2023),
559dc037-7abb-42ca-b783-7bc6520789c5,e52aceb7-9bc0-403c-a7ee-524034694c23,0c742dc2-bc74-4bbc-a9de-ba71a44fbc32,5.10% HDFC Bank Ltd. (Duration 365 Days),
30e017a7-71dd-4192-8752-9f0eacaf1ad5,e52aceb7-9bc0-403c-a7ee-524034694c23,e2a1ce94-a074-416e-ae45-e626c3c334aa,5.10% HDFC Bank Ltd. (Duration 365 Days),
a095c605-2624-419e-b25f-c92c90c1ef18,e52aceb7-9bc0-403c-a7ee-524034694c23,9597f173-dd32-4b63-aa36-d13603543b54,5.10% HDFC Bank Ltd. (Duration 367 Days),
e4c5e2c7-64f4-4664-aaf6-6de92a71ec90,4385658a-d467-49a6-9309-08aa51c8528d,6f1b2ab2-e7ce-497d-97b9-ff0878c64598,5.22% Reverse Repo,
0e4a477c-a427-41bf-b9ca-3a763192709c,e52aceb7-9bc0-403c-a7ee-524034694c23,7a45abbd-d379-4abb-8966-1e3bd1d603b1,5.25% Axis Bank Ltd. (Duration 365 Days),
89622b55-a5fd-4a3f-a904-ec038423697b,cf276cdc-9ad8-4f1c-9c03-a313c3cb66ee,2352f36a-6fd6-4b77-bb2c-c53ca332c6ca,5.5% HDFC Bank Limited (09/10/2023),
45bd7347-3f3a-4521-83ff-5c32860b78f6,cf276cdc-9ad8-4f1c-9c03-a313c3cb66ee,a21a0e0b-5eec-43be-87a9-a799a17b1a81,5.5% HDFC Bank Limited (10/10/2023),
1b379dcd-0928-4a57-a3d8-7804ce365600,cd158dae-0cfd-4a3a-9ff9-addac7c33652,cf606331-79e4-4a23-9edf-01eb9a0662a9,5.7% HDFC Bank Limited (19/10/2023),
038541b8-7809-42db-b4a7-754a3cd03c0a,cd158dae-0cfd-4a3a-9ff9-addac7c33652,ef838be3-f66e-4f0d-ab0a-7a3b5bfb017c,5% Axis Bank Limited (07/06/2024),
5eb4879a-e0c4-4031-93dc-2d36ee2b9630,cd158dae-0cfd-4a3a-9ff9-addac7c33652,afcd2fdb-6ce0-41ed-afda-b19c3b1bed08,5% Axis Bank Limited (14/02/2024),
ac209e60-1e0f-4f8d-910c-59185c6030cc,cd158dae-0cfd-4a3a-9ff9-addac7c33652,a590b8d1-90b7-470b-8228-f1e0ef58710b,5% Axis Bank Limited (14/06/2024),
f9ccdb25-2a2c-4f39-b1a4-13f7a3c6dcbe,cd158dae-0cfd-4a3a-9ff9-addac7c33652,a551958a-a5c7-4ca9-a358-a17e84049bd2,5% Axis Bank Limited (15/02/2024),
54134184-259b-45ee-b0d4-948d62d77afa,cd158dae-0cfd-4a3a-9ff9-addac7c33652,de160dab-bc2d-44b3-b8cd-cadfc0a1587a,5% Axis Bank Limited (16/02/2024),
1adc6d40-721d-4163-8e57-6703dd691d00,cd158dae-0cfd-4a3a-9ff9-addac7c33652,6c844b47-5b85-4261-8a6f-16658a010ec0,5% Axis Bank Limited (31/05/2024),
9c63d711-df57-4700-8384-e4ef585d92c6,3b43abb7-85fd-4a7c-ad0d-673bbd6c9d08,a1279fb2-0e63-46e9-a399-9b7d2e038acc,"(5)  Total outstanding exposure in derivative instruments as on August 15, 2026: Nil",
9adf7ca2-e9e7-493a-b965-f4196de689b5,8df80959-b26e-4ba7-86c7-1b6adb3b76b6,9e40947c-158a-4cd4-8327-3941bffec112,"(5)  Total outstanding exposure in derivative instruments as on August 15, 2026: Nil",
bf5ff25b-f5d8-47a6-81b3-f0f2539eb822,cf276cdc-9ad8-4f1c-9c03-a313c3cb66ee,1a2be542-2262-4db4-8f32-76df1a01a7c8,6.05% HDFC Bank Limited (04/10/2023),
8d3e232d-ed2a-4509-882e-6a0ebd42c3a0,3b43abb7-85fd-4a7c-ad0d-673bbd6c9d08,a4805792-4e68-49f9-a6fe-2ec49103bc20,"(6)  Total investments in Foreign Securities / Overseas ETFs as on as on August 15, 2026 and its percentage to NAV: Nil",
2f928887-9fbf-47ae-8f9b-6208d5484ef5,8df80959-b26e-4ba7-86c7-1b6adb3b76b6,163dd3a5-76a6-46a0-818c-126f52469dc8,"(6)  Total investments in Foreign Securities / Overseas ETFs as on as on August 15, 2026 and its percentage to NAV: Nil",
eba05902-c506-41f7-8ce6-2346f90c95ba,8df80959-b26e-4ba7-86c7-1b6adb3b76b6,54a43995-29d7-431c-a0d4-06aa9f4cb12f,(7)  Average maturity of the portfolio:  288 days (0.79 years),
e1eb0394-1e46-4765-bc0c-ac56e252d275,3b43abb7-85fd-4a7c-ad0d-673bbd6c9d08,cf667b80-c6d1-4f2a-bec4-58698404c042,(7)  Average maturity of the portfolio:  9961 days (27.29 years),
9443e946-2be9-4bc6-8440-f44d7f814e40,3b43abb7-85fd-4a7c-ad0d-673bbd6c9d08,c3a7dc9c-00e0-4fbd-b71b-9f80b39de64b,(8)  Investment in Repo of Corporate Debt securities : Nil,
49902974-f71e-4fd2-81c5-17cfd8ded04b,3b43abb7-85fd-4a7c-ad0d-673bbd6c9d08,20fe0438-ee96-4de8-a560-d9ebf4806ca3,"(9)  Deviation from the valuation prices given by valuation agencies during the fortnight ended  as on August 15, 2026: Nil",
bc6d9c1b-813b-402d-a542-67cb11d78259,8df80959-b26e-4ba7-86c7-1b6adb3b76b6,0d4fe6c3-2c5c-462d-92bf-97f243072e96,"(9)  Deviation from the valuation prices given by valuation agencies during the fortnight ended  as on August 15, 2026: Nil",
c42ad459-709e-41b5-8ed9-f60804c63562,95f3f344-e673-408d-980a-027c67f8eaa3,0891fc15-edde-4cf8-84e0-f2a10baf0a58,Additional Disclosure of Overseas Mutual Fund Holdings,
f53d7a46-6706-4468-b5e5-bee386a7441a,34f1a4b0-feee-42e3-87d7-68cb34f29360,6d510fa1-2566-488d-bd54-46be335fac48,Additional Disclosure of Overseas Mutual Fund Holdings,
ffd59da4-173a-4f4b-a837-1c1fb9031c4e,888e2b8d-b16f-41df-9a54-321b15f7ca68,3ee776c0-c92d-496b-9684-d2fed3bdfb0d,Additional Disclosure of Overseas Mutual Fund Holdings,
bf9bcea2-f640-4e02-baf4-a379f3f3822d,3b43abb7-85fd-4a7c-ad0d-673bbd6c9d08,b0578a71-a0a7-40e1-92e4-541f02fb1c7b,"Aggregate Investments by other schemes i.e. Inter - scheme investment in the portfolio is `15.67 Crores as on August 15, 2026",
564eaece-b9bb-4791-a3e8-aecf3726dc5f,daf9b179-a582-4650-955e-06a7309846c9,5c85e352-b7da-4063-ab16-e89ce15564b1,(a)Listed / Awaiting listing on stock Exchanges,
b4fc135c-f05f-432e-8693-4647f734ee22,84c7c2c8-d8ad-4f39-a02f-68261ba1bf8a,79274a5e-fdec-4fc2-8c81-82a9f6e92449,Alternative Investment Fund,
9fc875b0-2daf-42ec-8093-a34b6ec4eacf,03201d2f-0aa8-49b4-9220-a310f57b034b,71ea20c0-5063-41ad-988f-266491648c67,Alternative Investment Fund (AIF),
e36028cf-6e43-40a9-be7c-e90fa8f7fb87,8eb6cd37-468a-4301-bc72-cdaf3f048f07,741f174f-4232-44f1-9e32-2e904f4d96b4,Alternative Investment Fund (AIF),
80268a4c-3cdf-44e9-97c9-d188c887c3c5,e65162bc-30e3-4c70-a364-2d29398aeef6,280c0807-9c50-42b2-b00b-7e6782fad90e,Alternative Investment Funds (AIF),
52a14ac8-4161-490b-a672-f7fb9c9a809e,8dcc94b2-7f90-4baf-88f5-814ee13f6cc5,44485f1c-d900-4a82-8f9e-53e8c5c6dc91,Alternative Investment Funds (AIF),
173a3b98-2c39-4c75-8e2e-486d9cd21c29,c8b2fbcd-6835-4a64-b790-0486910a39dd,5a0a12fb-759b-42eb-be9e-71d80e2c561a,Alternative Investment Funds (AIF),
88b13e13-848a-43c4-9704-b45b49ee49a5,c20da3cb-ea77-41a7-ba29-b756d147545a,64cb8ac3-bc1a-4335-a0f8-c4a88bb964e0,Alternative Investment Funds (AIF),
c1a5df64-8648-425c-bc98-27bcfacf40b8,b366c1a2-eda8-4d10-92d6-667db97e46b2,7ea9ef82-e1fe-467c-94ef-a84f1a0f22b8,Alternative Investment Funds (AIF),
39192f9c-9106-498d-905f-7f4e019ade13,a2e1afdb-6488-4cd7-b329-3cf037faa25a,982f279d-b644-4497-9336-66daf660c91d,Alternative Investment Funds (AIF),
a07a51c5-99dd-4758-a269-768b588d8996,337c19b1-bcb1-4dbd-9336-ea5d9b511272,ac50b14c-35c1-4919-a1c9-c7d0be422c89,Alternative Investment Funds (AIF),
00adc259-8440-414c-8cf2-f24e1807ae17,cb02bc10-915c-49d2-a2e1-194c15e16032,bbbece26-ea5d-4f5c-83ae-725b1da6c870,Alternative Investment Funds (AIF),
4bf2b18e-82dc-49e8-b1e5-d29b44de3fdf,3e0e4d3d-45ad-4f7c-ba31-4d41dd50ebaa,c586937f-93d8-4949-8e11-cf8f95227d89,Alternative Investment Funds (AIF),
808bafdb-5546-4042-8075-3a06e2fedf9d,fe1f8698-0748-4cdb-912f-70d58c45bb14,c67ab81c-64cf-49d1-be44-9030bb3355d2,Alternative Investment Funds (AIF),
628543f1-1351-4dfa-bdff-3b7a16683262,d72c5d6c-b05f-4a9a-9884-001911d22bf3,cabd77c8-0bfa-430d-9382-1be5daa50579,Alternative Investment Funds (AIF),
9b59f41f-15ba-44f1-9740-b0827328ab21,f98d00b4-ba8a-4436-a88b-4b3ee8f293e2,d67470c6-7da7-4bdc-a791-d179bb23ba02,Alternative Investment Funds (AIF),
390ef9a8-ce7f-4c77-9017-c49352ae2993,24f3a0fc-db4e-4f5d-8ce3-0f1220c49f68,04b00e2a-447f-4e75-8636-57ba10775500,Alternative Investment Funds (AIF),
54bee649-9440-4989-be11-8d01ffe7be00,683857a7-d74e-4bd0-a718-e5a298157857,0c0e9937-f6a0-4c01-a268-7ea258495f59,Alternative Investment Funds (AIF),
c1c59f16-c918-4370-a428-0613862874fe,8f176ebf-b1bd-4696-90e4-be5da4bb63b6,155760cb-0a49-44b5-a6e8-b4b7a4275251,Alternative Investment Funds (AIF),
a993dd57-e5d1-480d-882d-285137d42616,8b56b530-dda6-4d7c-a6eb-67eb77c3f745,2759265f-5dab-4cff-9916-841066e53b5b,Alternative Investment Funds (AIF),
5df39492-409b-4a67-9249-5aae95283fd5,223147c2-8b24-45da-8811-fc97b939fe42,47d6379a-29c8-4b5a-aab2-4aa6d7d9a80b,Alternative Investment Funds (AIF),
eeb673f8-b491-4131-abd3-45ea3065cdea,c59f97f8-48fe-49b2-9b93-c9d26f4d00ac,5ce951d2-16d9-418f-a92e-a0ba68078500,Alternative Investment Funds (AIF),
d57d582d-2822-47c8-8b3b-e72c0dd0381a,d261d9a5-22b9-44ab-98da-1f68d27ac487,75e51baa-2fc8-4d55-981b-359f095223fa,Alternative Investment Funds (AIF),
090b3aff-2670-4d83-9f7b-14692af3b459,a14edabe-48d2-4c76-9f14-b97545126ba4,79a6a818-6a88-431e-8667-723833d59f3f,Alternative Investment Funds (AIF),
835ce611-d874-4cc2-9725-74604913cde5,2ff0c7b5-ec0f-4371-8afe-61a4b7224117,7ea94cc2-a5f1-47d3-ac5f-5921bee39999,Alternative Investment Funds (AIF),
3fcac32d-8e72-4afd-a8a7-2941b6eb6d8b,a86a1ca2-80e9-41a1-a8d8-b1e2afb0159c,9a3c921c-861e-45a7-a4ca-57249fc1d38f,Alternative Investment Funds (AIF),
eed4cec9-5425-45f3-82f9-ce4c963ae290,3f0dc69d-77d4-4cd8-952c-3813c4871125,e6510d4d-2292-4f31-91d9-dff89d0c5dd1,Alternative Investment Funds (AIF),
e00af3b6-f940-4d8e-b6a3-60fcfc306ebc,2fae2a62-d20d-47ce-afa9-2db98b06ad1a,f1ccbce3-d23e-48ac-b780-67febc9452f5,Alternative Investment Funds (AIF),
48341471-9048-420f-bf2b-d0042cb3edb3,10ad78f2-1f9e-475e-b925-9a73a663204d,054e0fab-f47c-4088-bae6-ccfb781dd881,Alternative Investment Funds (AIF),
313740a8-632e-4cf8-9a70-bea7ad9bd4f0,348cd817-ed9d-4b14-adb4-bfcf239878c5,11560b0c-db6c-4106-afac-1d51af0da828,Alternative Investment Funds (AIF),
57665012-7352-405d-b6bf-e38af6cb6b69,e687fca2-57d4-4be7-bd32-c155ca522388,43d7594d-d7bc-4d8f-a167-c829b239adb1,Alternative Investment Funds (AIF),
8a07cc6e-312a-49e5-a893-9559fffcd115,6d337ab4-dfda-4814-8448-4293ef1bd14a,5b4581f7-c2f9-4fd7-95de-53e3530fc067,Alternative Investment Funds (AIF),
8bb662fc-8dd0-4f22-a808-56d9fdbbed6e,6b5d2872-40b1-4bb7-a0c1-e5368cadff36,77cd5a6d-591b-4b8c-81bd-c7190ce8638a,Alternative Investment Funds (AIF),
8e948264-3fc4-4188-a42d-78c28665b2ca,363fcd54-58de-409c-83a1-9307268d95ae,a08a6c45-d0c3-4d21-858b-cf92d3bd921d,Alternative Investment Funds (AIF),
5367fc4c-2c14-4f3a-b7a9-90cc55210b6d,62889a4c-18a0-4360-a661-25a9cd03d7e3,a6b49f73-4d76-41ec-a0c6-539943b3aeb5,Alternative Investment Funds (AIF),
fa054192-aaa8-4b60-822e-96b9fb50aa27,b1052d40-184f-42f5-bbef-a63f027d6945,b75d3746-4180-4057-b73e-cec77dcfbf24,Alternative Investment Funds (AIF),
7a2490a0-8711-4af2-bd31-ca135473f0a6,13b8de8d-e3b3-4382-b444-3edfcab4947a,bce8bc11-5943-4828-9c7d-89fbff7a44f7,Alternative Investment Funds (AIF),
9611c102-a479-42c7-a0eb-198e530e0883,22f1b15b-1c63-413c-93c9-0f8fe5271517,cc1f45ef-1ba1-4c8e-b604-7ab5e1727a89,Alternative Investment Funds (AIF),
4293d4c7-738b-428b-adf2-e9fdd905ca2c,df12f86f-e985-4385-adc3-77b0d98a2837,d165b509-e226-4c43-98cf-ed49e041bb0c,Alternative Investment Funds (AIF),
f5ccbe3a-2d75-4706-83de-975b59501bc8,ecb4bb92-5882-4d2e-9e2b-ca052ad8c22a,fc1826e3-6f5a-411d-83c4-6df8e9c01472,Alternative Investment Funds (AIF),
fcc1869e-f2d4-4d89-bc4a-39d2eb1f2fa3,66a2a0c5-3f43-471c-b626-ab10373f21bd,cb40f2c8-4401-461c-89fc-bd5710712ad5,Arbitrage,
13e15f29-c4f0-4ac8-974f-c92df0fda6ea,c9dd90f9-e007-45a8-b0ef-992befb89f1e,7b7e2b44-cb7c-4e22-a189-501a4e216fdc,Arbitrage,
73ecda18-d910-405a-a2db-d4e6867e86bc,03201d2f-0aa8-49b4-9220-a310f57b034b,afb23cf8-6e2c-462f-a497-a1c2c29520a2,Arbitrage,
ac36deb6-e341-4a55-af59-6f321b283abf,b405169e-b10b-4cd6-a5a4-86f7ec69b705,b2463507-56e0-4768-85b7-6bd10e5bc342,Arbitrage,
f93810e5-6557-4627-b4d7-7c24d8bcd545,c21cb746-5943-42d6-a552-401e685f9f7c,55919963-d4f9-43e5-91f7-7781b71aab37,Arbitrage,
19c22d5d-d565-47fc-9c23-66ce2b6e70b8,4591cbcb-c2d0-47ff-b9f1-081edb7b0bf4,94bf8ba3-1436-4383-9f9c-1a4cbea213a4,"As on April 30,2023, the aggregate investments by the schemes of DSP Mutual Fund in DSP Liquidity Fund is Rs. 2,841.69 Lakhs.",
28d77cc1-5f2e-41b3-b612-d83f9ad8953e,b1052d40-184f-42f5-bbef-a63f027d6945,96067d33-0330-477a-9f4b-d79b33f7432b,"As on  February 28, 2026, the aggregate investments by the schemes of DSP Mutual Fund in DSP Liquidity Fund is ₹ 1,422.79 Lakhs.",
bec8bf65-345a-4c02-8e9e-24ad2e7167ca,8b56b530-dda6-4d7c-a6eb-67eb77c3f745,2e9023a5-57ec-4b75-9a78-7cb1531b9fe2,"As on  March 31, 2025, the aggregate investments by the schemes of DSP Mutual Fund in DSP Liquidity Fund is ₹ 1,904.42 Lakhs.",
ba1b2dc9-9eaf-4b1a-bfdc-7cf2e631fa88,a2e1afdb-6488-4cd7-b329-3cf037faa25a,cec5551a-45df-4a73-9dd0-318c97965478,"As on May 31, 2025, the aggregate investments by the schemes of DSP Mutual Fund in DSP Banking and PSU Debt Fund is  ₹ 40,274.58 Lakhs.",
ba437b87-3aad-4716-8b8a-4f53ca105b1f,337c19b1-bcb1-4dbd-9336-ea5d9b511272,c72319b7-be0a-4572-9a95-66a07d5aa26a,"As on  May 31, 2025, the aggregate investments by the schemes of DSP Mutual Fund in DSP Liquidity Fund is ₹ 2,054.01 Lakhs.",
a40e97c8-c273-46a6-987e-26f192022fe2,3e0e4d3d-45ad-4f7c-ba31-4d41dd50ebaa,01389967-e253-4433-9c14-191cf6220dac,"As on May 31, 2025, the aggregate investments by the schemes of DSP Mutual Fund in DSP Savings Fund is  ₹ 71,280.63 Lakhs.",
c9ec30de-3850-4b80-9a19-923ba867eee8,cb02bc10-915c-49d2-a2e1-194c15e16032,662def29-cdc9-4600-9d8f-f63c650270f3,"As on May 31, 2025, the aggregate investments by the schemes of DSP Mutual Fund in DSP Short Term Fund is ₹ 25,683.44 Lakhs.",
7319757c-82ef-44f8-999c-b64b8fc648b3,ac293497-c767-44e8-9fe1-6db65b2d69dd,0f383303-c6b8-411a-a964-d8eafcc1cbb1,"As per SEBI circular dated 31st December, 2024  SEBI/HO/IMD/PoD2/P/CIR/2024/183 details of disclosure of ""Debt Index Replication Factor (DIRF)""",
30cde5ce-a577-4c58-b6e9-9ce5b7a4df3a,39d85bfb-703d-4abd-9904-af0019204b9d,122fa423-0caf-4a2f-86cf-e6867a4a1226,"As per SEBI circular dated 31st December, 2024  SEBI/HO/IMD/PoD2/P/CIR/2024/183 details of disclosure of ""Debt Index Replication Factor (DIRF)""",
f2c6a0e7-1a10-4bd2-81f3-7b462ce8c763,e108a83c-f147-43d1-8812-128be3c4b7b1,80ffb255-4110-49a0-9873-fd8b2150cd61,"As per SEBI circular dated 31st December, 2024  SEBI/HO/IMD/PoD2/P/CIR/2024/183 details of disclosure of ""Debt Index Replication Factor (DIRF)""",
29d4409f-99ec-4875-8917-6e145cd02c93,e1bc241b-d20f-4365-8f21-1dc8bae4ddc8,95947206-4042-4aab-aad3-fce04ad13051,"As per SEBI circular dated 31st December, 2024  SEBI/HO/IMD/PoD2/P/CIR/2024/183 details of disclosure of ""Debt Index Replication Factor (DIRF)""",
670bd184-ee54-422a-b990-8419d94b28c7,16a96514-a294-46ce-901c-b833cad422c8,a0626928-2746-4c29-9ffd-0f37c030192a,"As per SEBI circular dated 31st December, 2024  SEBI/HO/IMD/PoD2/P/CIR/2024/183 details of disclosure of ""Debt Index Replication Factor (DIRF)""",
0fc5fc3b-24fb-4b4c-bede-a05c12ff042a,c013c858-d7e4-48e4-8885-935399840dd1,247d69c4-e21e-466e-acc9-7b8b2dbaaa98,"As per SEBI circular dated 31st December,2025  SEBI/HO/IMD/PoD2/P/CIR/2024/183 details of disclosure of ""Debt Index Replication Factor (DIRF)""",
01f9ddab-0269-40ff-a287-5a6aaa3d0bd0,3c12aae2-e082-454a-89af-a209fca81a03,38ce193a-b02b-4cb8-a729-b702a1fb95b0,"As per SEBI circular dated 31st December,2025  SEBI/HO/IMD/PoD2/P/CIR/2024/183 details of disclosure of ""Debt Index Replication Factor (DIRF)""",
44066c03-f378-4927-b22e-c1ee885ce134,3c847dd7-b25d-4346-a5f9-c1381111d28c,4b1150f2-bc9d-4b11-b7f3-1b68cfa4c732,"As per SEBI circular dated 31st December,2025  SEBI/HO/IMD/PoD2/P/CIR/2024/183 details of disclosure of ""Debt Index Replication Factor (DIRF)""",
1c7734fd-ad3c-4a30-be8e-02f6b99d7672,01b1e166-9a20-43a7-baab-8bb3eaa46562,a158978b-9d79-4b5b-beab-a462bb02fbc8,"As per SEBI circular dated 31st December,2025  SEBI/HO/IMD/PoD2/P/CIR/2024/183 details of disclosure of ""Debt Index Replication Factor (DIRF)""",
f5649928-c046-475e-aaf5-f3fba15d5728,16e863c6-88c5-4567-9b1e-f6f573629c3f,c30ce19d-6f78-4d67-8456-b566e87c4d72,"As per SEBI circular dated 31st December,2025  SEBI/HO/IMD/PoD2/P/CIR/2024/183 details of disclosure of ""Debt Index Replication Factor (DIRF)""",
7faebb48-fea2-419e-9351-55a3f900b013,77de0052-85e0-4f1a-a4ff-6fb32ec99c92,034c89b4-84ee-4540-a638-b1ea280d045c,"As per SEBI circular dated 31st December,2025  SEBI/HO/IMD/PoD2/P/CIR/2024/183 details of disclosure of ""Debt Index Replication Factor (DIRF)""",
6c0868b8-c3ec-4344-aa72-d5aee6ab596a,b621384d-63bb-4bc1-abfe-83c12ee24091,44e4a30e-a223-4733-b98c-503c567ff74d,"As per SEBI circular dated 31st December,2025  SEBI/HO/IMD/PoD2/P/CIR/2024/183 details of disclosure of ""Debt Index Replication Factor (DIRF)""",
52fbfdc1-b6d3-4ff6-a2fd-65bde99f2b1f,f3c71637-8fce-4289-89a6-119fb8881fb8,94a08edc-7744-4d47-8902-abc0ed844ec1,"As per SEBI circular dated 31st December,2025  SEBI/HO/IMD/PoD2/P/CIR/2024/183 details of disclosure of ""Debt Index Replication Factor (DIRF)""",
8378a9da-185d-4f1d-9c22-9312bc1f7398,511ec12d-ac26-4a9e-8dea-2b7aa7bf934a,94be7a3c-4010-4d20-8209-8b4bf1514bca,"As per SEBI circular dated 31st December,2025  SEBI/HO/IMD/PoD2/P/CIR/2024/183 details of disclosure of ""Debt Index Replication Factor (DIRF)""",
87320038-c8f9-4cf9-a281-b6a13649f7e8,a56c15d9-9072-4a7d-b591-f2212bc23d5a,fb597de1-e68c-49b2-b234-7c47df38e7bc,"As per SEBI circular dated 31st December,2025  SEBI/HO/IMD/PoD2/P/CIR/2024/183 details of disclosure of ""Debt Index Replication Factor (DIRF)""",
29fb8381-2fbe-4dc1-ad06-69f9723040c5,e65162bc-30e3-4c70-a364-2d29398aeef6,53341335-245f-4e81-96a6-7c21a554a405,"As per SEBI (MUTUAL FUNDS) REGULATIONS, 1996 and  MASTER CIRCULAR SEBI/HO/IMD/IMD-PoD-1/P/CIR/2024/90 Dtd June 27th 2024,  Below are the details of the securities in case of which issuer has defaulted beyond its maturity date. 

Pursuant to the application filed by the Board of IL&FS with the Hon’ble NCLAT to effect the interim distribution process, DSP Bond Fund has received Interim distribution from IL&FS Transportation Networks Limited as stated below in the form of cash and InVITs. The cash distribution has been recognized as realized income passed on to the investors through NAV. The impact of InVITs has been factored in the NAV of the respective scheme on the March 7,2025 on which the INVITs were allotted. The provision of 10% is created on all the distributions of ITNL including prior distribution to safeguard the interest of unit holders as ITNL may claw back the amount in case the distribution results in excess distribution than what the debenture holders ought to have received.",
afac52ae-3241-4eb7-9f69-30cf1668d1dd,62889a4c-18a0-4360-a661-25a9cd03d7e3,4df2a741-03c4-4522-a11e-7a3f75d876dc,"As per SEBI (MUTUAL FUNDS) REGULATIONS, 1996 and  MASTER CIRCULAR SEBI/HO/IMD/IMD-PoD-1/P/CIR/2024/90 Dtd June 27th 2024,  Below are the details of the securities in case of which issuer has defaulted beyond its maturity date. 

Pursuant to the application filed by the Board of IL&FS with the Hon’ble NCLAT to effect the interim distribution process, DSP Bond Fund has received Interim distribution from IL&FS Transportation Networks Limited as stated below in the form of cash and InVITs. The cash distribution has been recognized as realized income passed on to the investors through NAV. The impact of InVITs has been factored in the NAV of the respective scheme on the March 7,2025 on which the INVITs were allotted. The provision of 10% is created on all the distributions of ITNL including prior distribution to safeguard the interest of unit holders as ITNL may claw back the amount in case the distribution results in excess distribution than what the debenture holders ought to have received.",
720389ae-0f17-4d75-b0d8-54c4ca818ec0,2fae2a62-d20d-47ce-afa9-2db98b06ad1a,24f2ea51-93be-4577-90f1-d2898195d517,"As per SEBI (MUTUAL FUNDS) REGULATIONS, 1996 and  MASTER CIRCULAR SEBI/HO/IMD/IMD-PoD-1/P/CIR/2024/90 Dtd June 27th 2024,  Below are the details of the securities in case of which issuer has defaulted beyond its maturity date. 

Pursuant to the application filed by the Board of IL&FS with the Hon’ble NCLAT to effect the interim distribution process, DSP Bond Fund has received Interim distribution from IL&FS Transportation Networks Limited as stated below. It has been recognized as realized income passed on to the investors through NAV.",
5f347fcc-9a34-4292-aad8-755e5925da1e,8dcc94b2-7f90-4baf-88f5-814ee13f6cc5,8379400a-9bac-4215-a9db-7e510a8006e5,"As per SEBI (MUTUAL FUNDS) REGULATIONS, 1996 and  MASTER CIRCULAR SEBI/HO/IMD/IMD-PoD-1/P/CIR/2024/90 Dtd June 27th 2024,  Below are the details of the securities in case of which issuer has defaulted beyond its maturity date. 

Pursuant to the application filed by the Board of IL&FS with the Hon’ble NCLAT to effect the interim distribution process, DSP Credit Risk Fund has received Interim distribution from IL&FS Transportation Networks Limited and IL&Fs Energy Development Company Limited as stated below. The cash distribution has been recognized as realized income passed on to the investors through NAV. The impact of InVITs has been factored in the NAV of the respective scheme on the March 07,2025 on which the INVITs were allotted.The provision of 10% is created on all the distributions of ITNL including prior distribution to safeguard the interest of unit holders as ITNL may claw back the amount in case the distribution results in excess distribution than what the debenture holders ought to have received.",
02c8afc8-69c6-48f7-a151-7ce71bc1e180,363fcd54-58de-409c-83a1-9307268d95ae,a8c01138-452c-4441-83b1-a68fa52216d9,"As per SEBI (MUTUAL FUNDS) REGULATIONS, 1996 and  MASTER CIRCULAR SEBI/HO/IMD/IMD-PoD-1/P/CIR/2024/90 Dtd June 27th 2024,  Below are the details of the securities in case of which issuer has defaulted beyond its maturity date. 

Pursuant to the application filed by the Board of IL&FS with the Hon’ble NCLAT to effect the interim distribution process, DSP Credit Risk Fund has received Interim distribution from IL&FS Transportation Networks Limited and IL&Fs Energy Development Company Limited as stated below. The cash distribution has been recognized as realized income passed on to the investors through NAV. The impact of InVITs has been factored in the NAV of the respective scheme on the March 07,2025 on which the INVITs were allotted.The provision of 10% is created on all the distributions of ITNL including prior distribution to safeguard the interest of unit holders as ITNL may claw back the amount in case the distribution results in excess distribution than what the debenture holders ought to have received.",
347b3416-2219-496a-8cdd-048b211454b2,3f0dc69d-77d4-4cd8-952c-3813c4871125,d8b4c74d-3597-499f-9992-9ebb348e14bb,"As per SEBI (MUTUAL FUNDS) REGULATIONS, 1996 and  MASTER CIRCULAR SEBI/HO/IMD/IMD-PoD-1/P/CIR/2024/90 Dtd June 27th 2024,  Below are the details of the securities in case of which issuer has defaulted beyond its maturity date. 

Pursuant to the application filed by the Board of IL&FS with the Hon’ble NCLAT to effect the interim distribution process, DSP Credit Risk Fund has received Interim distribution from IL&FS Transportation Networks Limited as stated below. It has been recognized as realized income passed on to the investors through NAV.",
3018a710-ebdb-4620-8f07-761acfa9c7f9,fe1f8698-0748-4cdb-912f-70d58c45bb14,3f3a71ad-eb08-4f0a-afca-8fe9efcc9cca,"As per SEBI (MUTUAL FUNDS) REGULATIONS, 1996 and  MASTER CIRCULAR SEBI/HO/IMD/IMD-PoD-1/P/CIR/2024/90 Dtd June 27th 2024,  Below are the details of the securities in case of which issuer has defaulted beyond its maturity date. 

Pursuant to the application filed by the Board of IL&FS with the Hon’ble NCLAT to effect the interim distribution process, DSP Regular Savings Fund has received Interim distribution from IL&FS Transportation Networks Limited as stated below in the form of cash and InVITs. The cash distribution has been recognized as realized income passed on to the investors through NAV. The impact of InVITs has been factored in the NAV of the respective scheme on the March 07,2025 on which the INVITs were allotted. The provision of 10% is created on all the distributions of ITNL including prior distribution to safeguard the interest of unit holders as ITNL may claw back the amount in case the distribution results in excess distribution than what the debenture holders ought to have received.",
285a6d0e-9f7d-402f-98cf-d82493a9b916,df12f86f-e985-4385-adc3-77b0d98a2837,26493209-c099-4054-8118-7c8d172ccc43,"As per SEBI (MUTUAL FUNDS) REGULATIONS, 1996 and  MASTER CIRCULAR SEBI/HO/IMD/IMD-PoD-1/P/CIR/2024/90 Dtd June 27th 2024,  Below are the details of the securities in case of which issuer has defaulted beyond its maturity date. 

Pursuant to the application filed by the Board of IL&FS with the Hon’ble NCLAT to effect the interim distribution process, DSP Regular Savings Fund has received Interim distribution from IL&FS Transportation Networks Limited as stated below in the form of cash and InVITs. The cash distribution has been recognized as realized income passed on to the investors through NAV. The impact of InVITs has been factored in the NAV of the respective scheme on the March 07,2025 on which the INVITs were allotted. The provision of 10% is created on all the distributions of ITNL including prior distribution to safeguard the interest of unit holders as ITNL may claw back the amount in case the distribution results in excess distribution than what the debenture holders ought to have received.",
0ef5fa47-fe48-4260-9ac7-c41b83f9c52f,d261d9a5-22b9-44ab-98da-1f68d27ac487,5a523ffe-674c-44b4-9bbd-e14a751f1aad,"As per SEBI (MUTUAL FUNDS) REGULATIONS, 1996 and  MASTER CIRCULAR SEBI/HO/IMD/IMD-PoD-1/P/CIR/2024/90 Dtd June 27th 2024,  Below are the details of the securities in case of which issuer has defaulted beyond its maturity date. 

Pursuant to the application filed by the Board of IL&FS with the Hon’ble NCLAT to effect the interim distribution process, DSP Regular Savings Fund has received Interim distribution from IL&FS Transportation Networks Limited as stated below. It has been recognized as realized income passed on to the investors through NAV.",
23fb0497-746d-4723-ac0c-300246a99103,c8b2fbcd-6835-4a64-b790-0486910a39dd,6f0f11fc-9af4-4af6-a58e-d00b3d01a19c,"As per SEBI (MUTUAL FUNDS) REGULATIONS, 1996 and  MASTER CIRCULAR SEBI/HO/IMD/IMD-PoD-1/P/CIR/2024/90 Dtd June 27th 2024,  Below are the details of the securities in case of which issuer has defaulted beyond its maturity date. 

Pursuant to the application filed by the Board of IL&FS with the Hon’ble NCLAT to effect the interim distribution process, DSP Ultra short Fund has received Interim distribution from IL&FS Transportation Networks Limited as stated below in the form of cash and InVITs. The cash distribution has been recognized as realized income passed on to the investors through NAV. The impact of InVITs has been factored in the NAV of the respective scheme on the March 07,2025 on which the INVITs were allotted. The provision of 10% is created on all the distributions of ITNL including prior distribution to safeguard the interest of unit holders as ITNL may claw back the amount in case the distribution results in excess distribution than what the debenture holders ought to have received.",
0fe70517-7052-4e6c-a5af-405867560667,348cd817-ed9d-4b14-adb4-bfcf239878c5,504be511-374b-4444-8b98-3ae2447c278d,"As per SEBI (MUTUAL FUNDS) REGULATIONS, 1996 and  MASTER CIRCULAR SEBI/HO/IMD/IMD-PoD-1/P/CIR/2024/90 Dtd June 27th 2024,  Below are the details of the securities in case of which issuer has defaulted beyond its maturity date. 

Pursuant to the application filed by the Board of IL&FS with the Hon’ble NCLAT to effect the interim distribution process, DSP Ultra short Fund has received Interim distribution from IL&FS Transportation Networks Limited as stated below in the form of cash and InVITs. The cash distribution has been recognized as realized income passed on to the investors through NAV. The impact of InVITs has been factored in the NAV of the respective scheme on the March 07,2025 on which the INVITs were allotted. The provision of 10% is created on all the distributions of ITNL including prior distribution to safeguard the interest of unit holders as ITNL may claw back the amount in case the distribution results in excess distribution than what the debenture holders ought to have received.",
cd14a584-7329-4f55-af36-3cae9fe4ec83,24f3a0fc-db4e-4f5d-8ce3-0f1220c49f68,66ef467d-248d-47ca-a251-33b88d1398a8,"As per SEBI (MUTUAL FUNDS) REGULATIONS, 1996 and  MASTER CIRCULAR SEBI/HO/IMD/IMD-PoD-1/P/CIR/2024/90 Dtd June 27th 2024,  Below are the details of the securities in case of which issuer has defaulted beyond its maturity date. 

Pursuant to the application filed by the Board of IL&FS with the Hon’ble NCLAT to effect the interim distribution process, DSP Ultra Short Fund has received Interim distribution from IL&FS Transportation Networks Limited as stated below. It has been recognized as realized income passed on to the investors through NAV.",
a7b51278-605d-4d92-b00e-22d5ca515263,d752970f-f545-4c22-b17e-1cb88a905642,38541764-e8c9-4cad-a1ec-3f5a6dff0800,"As per the investment policy of DSP Overnight Fund , the Fund does not invest in Corporate Debt Repo",
930f5e8a-0f8a-4afe-8352-daf863764d73,87c1811a-9b37-4ee1-a921-d6d54cfa31ec,4cdc3586-f58b-435a-933b-dcda23deb6a4,Benchmark Riskometer: 40% NIFTY 50 Arbitrage Index + 60% CRISIL Dynamic Bond A-III Index,
77d0177c-d8e1-4989-9bc4-a4162d0998c7,31b98558-3446-4859-afd0-60e7b0c9b47d,3a2657b6-02ec-4820-9933-c76ded45d901,Benchmark Riskometer: 40% NIFTY 50 Arbitrage Index + 60% CRISIL Dynamic Bond A-III Index,
48339f44-fc21-4953-a207-7bdd05ec4bd1,ea59472f-5dda-4f56-b0dd-cba0dba8ea44,bbc3a3ed-c4d8-4a62-8985-432bb206a426,Benchmark Riskometer: 40% NIFTY 50 Arbitrage Index + 60% NIFTY Composite Debt Index,
6405ec5f-9d51-4827-8ce8-8e5ea1d6b103,3c12aae2-e082-454a-89af-a209fca81a03,26212d53-63c7-4fb6-9846-076077729396,Benchmark Riskometer: BSE Liquid Rate Index,
249015c0-00db-4aab-ac91-de4cad3b9480,a56c15d9-9072-4a7d-b591-f2212bc23d5a,cbf96b3f-d6e0-4424-bcaf-82714938f34b,Benchmark Riskometer: BSE Liquid Rate Index,
f4924b88-2a39-4684-a3ce-771b9539b9ae,e1bc241b-d20f-4365-8f21-1dc8bae4ddc8,548647b2-9a16-470d-8222-6cb98191ede6,Benchmark Riskometer: BSE Liquid Rate Index,
4e95a501-1d16-432d-b9a5-d979a0e7fb42,a98dbc30-617f-41d6-9435-ca7579c3e934,8ddecefc-4ee4-4e43-b76e-abc661c7c5b0,Benchmark Riskometer: CRISIL 10 Yr Gilt Index,
c9bb1545-31cb-46b3-afbf-68c4b4fc9a37,deb98325-1455-4142-bdee-b7897cc7c62d,aa89f147-1e3b-4ec3-94ac-0f9268a35a4c,Benchmark Riskometer: CRISIL 10 Yr Gilt Index,
b137b4fa-9114-44d9-b74e-87a2dc80584d,2663f05d-b3bd-4f5d-be47-2ab33a519e02,647c564c-6505-4914-806c-76af9f20b79d,Benchmark Riskometer: CRISIL 10 Yr Gilt Index,
ffa1d33e-1273-4489-9e71-f715a1d94ec8,ee7f77d7-6936-4d83-ba59-9e88403bb081,61fa3ab4-37c6-4fef-9f87-9cfab124422e,Benchmark Riskometer: CRISIL 10 Yr Gilt Index,
8e4d5207-3d92-4895-86ec-6a0d90114d6e,b366c1a2-eda8-4d10-92d6-667db97e46b2,4874514f-2be2-4a36-914f-99da5b8879c4,Benchmark Riskometer: CRISIL Corporate Debt A-II Index,
e5a9ef0f-ff22-42dc-b40b-9a0c6cda1881,a14edabe-48d2-4c76-9f14-b97545126ba4,919b043a-338e-4772-b1c7-0dc6f77bee0d,Benchmark Riskometer: CRISIL Corporate Debt A-II Index,
e8b94bd7-3d05-4e28-81ed-32f469b0e767,10ad78f2-1f9e-475e-b925-9a73a663204d,9ec0e707-8666-4e79-9a61-849f3238baef,Benchmark Riskometer: CRISIL Corporate Debt A-II Index,
b19b920b-9913-449f-be82-7e51824647e4,8dcc94b2-7f90-4baf-88f5-814ee13f6cc5,3d7db185-0c25-4dad-a8de-133f94b31c3f,Benchmark Riskometer: CRISIL Credit Risk Debt B-II Index,
ab5d2931-42ff-4a2e-bac4-88060514a587,3f0dc69d-77d4-4cd8-952c-3813c4871125,5414686d-d5a6-4493-b7ca-d2ec7169937c,Benchmark Riskometer: CRISIL Credit Risk Debt B-II Index,
a6a94d0b-5e20-4772-9201-b55253fe6414,363fcd54-58de-409c-83a1-9307268d95ae,cfe41050-de33-487d-b7cd-d08ff46f7c1a,Benchmark Riskometer: CRISIL Credit Risk Debt B-II Index,
b9084628-ac73-4a68-9c5f-9fd2aa546094,d72c5d6c-b05f-4a9a-9884-001911d22bf3,0e6f6110-b1cd-40d8-9f07-6db4f836a5df,Benchmark Riskometer: CRISIL Dynamic Bond A-III Index,
e07ba839-650a-4b11-8511-f1302db46eb9,c59f97f8-48fe-49b2-9b93-c9d26f4d00ac,8fc6d526-bd80-40a5-a3d5-464954bafa03,Benchmark Riskometer: CRISIL Dynamic Bond A-III Index,
12d28835-4cc1-4d63-802d-e10c285fd762,6b5d2872-40b1-4bb7-a0c1-e5368cadff36,d5cab8d1-c0fe-47c8-8ec5-6419b989d16a,Benchmark Riskometer: CRISIL Dynamic Bond A-III Index,
3ad42142-8e8e-4062-814a-6af4c260ea07,8d568b47-a50b-4ad2-b8e7-3cc6a212500a,5e0f68d0-4b98-48ec-8598-895735324cd4,Benchmark Riskometer: CRISIL Dynamic Gilt Index,
c305b1e7-9a22-4175-885f-83804d9801de,5fa02d63-94cf-49c4-b2f2-5204f3628553,e303677a-d412-46bf-bd7c-98033cd945ea,Benchmark Riskometer: CRISIL Dynamic Gilt Index,
ad09b069-5982-4640-8889-6285dab8cfa0,05476498-9a2a-47cb-89a9-1eb58ac325c0,3631a350-d74c-40b0-8590-5dc6558e87b0,Benchmark Riskometer: CRISIL Dynamic Gilt Index,
fdd8afdf-25f7-4b22-8d57-49c39bb7a4db,22643a51-52f7-491e-8402-99edcead8da8,71751c05-e80f-4c76-98ca-745202df47a2,Benchmark Riskometer: CRISIL Dynamic Gilt Index,
605cf26b-6c90-4c70-a75a-80a00d48730f,fe1f8698-0748-4cdb-912f-70d58c45bb14,0d96ea08-d89e-44b3-9b22-c84667cafea6,Benchmark Riskometer: CRISIL Hybrid 85+15 - Conservative Index,
53f780e4-7ae3-4012-9853-03d7ab56158f,d261d9a5-22b9-44ab-98da-1f68d27ac487,4595aaa2-d659-4213-9483-e0bddab8e4ef,Benchmark Riskometer: CRISIL Hybrid 85+15 - Conservative Index,
adfbdbe3-629f-4b68-8849-3df4d9dd5ba9,df12f86f-e985-4385-adc3-77b0d98a2837,b898cb78-f18a-49bb-8fd3-02a170adf2a3,Benchmark Riskometer: CRISIL Hybrid 85+15 - Conservative Index,
87b4ff4f-db93-4013-a7e0-ddcb17c07eb7,551a5203-3c95-4b5a-9daf-cf2a35524a63,374d3f7e-494e-41a8-9eab-ed436464b784,Benchmark Riskometer: CRISIL Hybrid 85+15 - Conservative Index,
aa9cc4bf-f459-4721-b4de-a2c0faf39dd9,e108a83c-f147-43d1-8812-128be3c4b7b1,62223ac8-5f16-41d3-a17a-6d6e03ab87ee,Benchmark Riskometer: CRISIL-IBX 50:50 Gilt Plus SDL Index – April 2033,
73129527-8664-4247-8866-3aaf14fa9ef6,337c19b1-bcb1-4dbd-9336-ea5d9b511272,c9d83fde-3820-4115-beb5-dc324856870f,Benchmark Riskometer: CRISIL Liquid Debt A-I Index,
b32ca925-6757-467a-b677-b053c029f82b,8b56b530-dda6-4d7c-a6eb-67eb77c3f745,c5c2cc50-0d01-4544-a11c-95c3ec2c6f8b,Benchmark Riskometer: CRISIL Liquid Debt A-I Index,
300a3031-03af-4254-819d-b2eec4b4d133,b1052d40-184f-42f5-bbef-a63f027d6945,5c70892b-29af-4231-816a-c7ac42babc86,Benchmark Riskometer: CRISIL Liquid Debt A-I Index,
756d166b-ba8f-4f94-8f14-85b70629b1e7,4591cbcb-c2d0-47ff-b9f1-081edb7b0bf4,dbc4ff83-af55-4e6e-bf2f-8435284e305c,Benchmark Riskometer: CRISIL Liquid Fund B-I Index,
c92bef3a-3858-47df-8103-49a95ddff0b9,c2b75d61-232f-4aa5-8ab2-107a06685819,5ede8319-cc2e-4001-a475-84156c547568,Benchmark Riskometer: CRISIL Liquid Overnight Index,
1fdab361-5f33-4798-a766-0a97922e8ea0,c7b58475-3b99-4fa2-98c3-3d2dda65c37f,98f2be61-dd68-452d-99cd-36c8c7beb64e,Benchmark Riskometer: CRISIL Liquid Overnight Index,
211d89ae-0e33-45d9-8c2c-4540866dd57a,bd316754-25a2-41c4-a71b-7c96c68bc2c4,2b302223-f3da-4faa-90f5-0868930474bd,Benchmark Riskometer: CRISIL Liquid Overnight Index,
7919230e-1358-4a5c-8cbd-df880ef65323,d752970f-f545-4c22-b17e-1cb88a905642,28cc7ea3-65a9-488b-92df-5af45f82e97e,Benchmark Riskometer: CRISIL Liquid Overnight Index,
1c0d753c-5dbe-4b13-949c-e8b9fede5e7a,e65162bc-30e3-4c70-a364-2d29398aeef6,75033704-2a37-4919-99c8-e135dec34890,Benchmark Riskometer: CRISIL Medium Duration Debt A-III Index,
03d464f0-e8d9-4f84-927e-706297019b00,40e45dae-d7b9-4622-bce8-3e342dc9a7bc,877de454-09c7-48f3-babf-335d518f9216,Benchmark Riskometer: CRISIL Medium Duration Debt A-III Index,
6078d9c8-1e93-4cf0-bf97-1aafeab49ac0,f5468236-9267-4325-9790-e8e4d3f786fe,9335a7f4-41be-49af-bce6-553a307e1249,Benchmark Riskometer: CRISIL Medium Duration Debt A-III Index,
31586cd3-d246-480d-89b6-5b649ab3c212,1235aa4d-d6be-4e66-a594-97bf0a61627c,b8cbe320-6a4b-4e76-8a71-b5812c2c43de,Benchmark Riskometer: CRISIL Medium Duration Debt A-III Index,
e282f12c-9ded-4c61-8aca-11ac83988823,a2565b16-cc39-456f-92b3-f92c0ea1d287,22c7e616-23cc-4033-92a5-20c61c8b2bff,Benchmark Riskometer: CRISIL Medium Duration Debt A-III Index,
92462b59-a2ef-402f-bd54-5586703d78ff,e771da65-7c99-4e13-8cdb-d52228fbc2a9,381c0488-ab1f-4cd5-bd83-020c050ece0b,Benchmark Riskometer: CRISIL Medium Duration Debt A-III Index,
78008598-1e13-4ea1-9a91-2ac49739657a,2fae2a62-d20d-47ce-afa9-2db98b06ad1a,751de859-ecd1-4dbb-84d5-dab9ae30cfb7,Benchmark Riskometer: CRISIL Medium Duration Debt A-III Index,
da21cf26-4768-432f-b2ea-f5a6694230b3,57bf7fdd-93b0-487e-ad92-4a8aa8661288,dcef0310-8a1c-48dc-aec4-39a6d7341a83,Benchmark Riskometer: CRISIL Medium Duration Debt A-III Index,
12917135-46ee-4ab2-b6fd-2d9e19418291,62889a4c-18a0-4360-a661-25a9cd03d7e3,19302d59-606e-47c1-bb19-184590c756dc,Benchmark Riskometer: CRISIL Medium Duration Debt A-III Index,
d4a5d6be-b6d9-4280-9db4-5b25c19063f1,5f56202f-1a1b-46ab-9352-32c451eb1f2c,a6f4ec0e-ae33-43f6-833b-563ca35321d6,Benchmark Riskometer: CRISIL Medium Duration Debt A-III Index,
9b2ee13c-03e9-47d4-8966-1c67eee16425,4eb221fa-52ef-4da6-b995-36f34efa70f1,c758cf75-2611-4bb3-a396-0cad1754fc53,Benchmark Riskometer: CRISIL Medium Duration Debt A-III Index,
36d11baa-b5c3-4c4c-b83d-036ac3980bd7,12639e2c-ae37-48bd-b977-7c0e1a8965e1,d14c1344-033e-4b03-afea-83c92e2edad4,Benchmark Riskometer: CRISIL Medium Duration Debt A-III Index,
020f8586-ba84-49fa-b87d-c06904c432d7,08180163-e2b7-47f6-b1ca-a69843c50340,dfadfe98-8a22-4b18-9068-da4184ae74f2,Benchmark Riskometer: CRISIL Medium Duration Debt A-III Index,
968eed8e-c3eb-4f80-a9bc-71da03c7b703,b90689ce-b04b-4728-9417-d7d5cf29a889,b2a28eef-8b55-4a3d-b05c-5099662952e0,Benchmark Riskometer: CRISIL Medium Duration Fund A-III Index,
06cbb273-0e19-4a35-a35b-0ad2f3d59ef2,fea8d894-1250-43ee-bd1e-9258000070e4,86cc5bde-116a-4f64-8f20-202130e2a455,Benchmark Riskometer: CRISIL Medium to Long Duration Debt A-III Index,
f3382dd5-ca4e-4875-8943-318beea33d32,bf03b6d4-f183-4273-9233-2f464066a549,222051b0-916b-4be7-bebc-a2159d824453,Benchmark Riskometer: CRISIL Medium to Long Duration Debt A-III Index,
d515ea44-bcfe-4515-8067-8ebff9d4fb52,066246e5-9f5f-4ddd-8f0a-5a6cb36e2c5d,e1888d11-a328-4b4a-9b4e-14b92638ae24,Benchmark Riskometer: CRISIL Medium to Long Duration Debt A-III Index,
a319aa3d-188c-42de-92b8-99c1989dbe17,99d7c8e0-e9e2-4665-b808-5d81bdfbd7eb,29f92475-6d90-4df1-810d-2d557461143f,Benchmark Riskometer: CRISIL Medium To Long Term Debt Index,
3b17cfb7-e589-4074-9e99-024d96074af8,3e0e4d3d-45ad-4f7c-ba31-4d41dd50ebaa,d6039c9f-084f-4369-9c21-b67224153c6d,Benchmark Riskometer: CRISIL Money Market A-I Index,
9dee47ee-50e1-467a-a821-44c8904a6805,2ff0c7b5-ec0f-4371-8afe-61a4b7224117,898cf286-4f8e-4ee0-b162-19e3edae24f8,Benchmark Riskometer: CRISIL Money Market A-I Index,
392e2d52-bac0-4ebf-ad18-cf5d680f7c2d,13b8de8d-e3b3-4382-b444-3edfcab4947a,d4311af7-1007-426e-ad0e-5913e364ea9a,Benchmark Riskometer: CRISIL Money Market A-I Index,
0b52c30b-f955-4fc0-9f84-6670f583f321,16e863c6-88c5-4567-9b1e-f6f573629c3f,230c20c2-09ec-4f25-9d16-768ff89f285e,Benchmark Riskometer: CRISIL SDL Plus G-Sec Apr 2033 50:50 Index Fund,
e940d38a-d2b7-4c75-a729-dcb68634a50b,b621384d-63bb-4bc1-abfe-83c12ee24091,7fbed3b2-70da-4a8f-90f6-a3001291babd,Benchmark Riskometer: CRISIL SDL Plus G-Sec Apr 2033 50:50 Index Fund,
bd028d4c-9e90-4666-a764-282ec983cd25,58a2a794-3677-48a2-a932-29a7511b4791,e3d27bf2-78cc-4dc7-809a-510afa7ab1f0,Benchmark Riskometer: CRISIL SDL Plus G-Sec Apr 2033 50:50 Index Fund,
b9718cb3-7e97-482d-bc95-ec7a19e3506a,cb02bc10-915c-49d2-a2e1-194c15e16032,0e7e0eed-f6e3-456c-99c5-3fda2d45f69f,Benchmark Riskometer: CRISIL Short Duration Debt A-II Index,
ea4a88de-cac5-450c-8781-5ab7c6095809,8f176ebf-b1bd-4696-90e4-be5da4bb63b6,954402be-a7ce-46c7-9857-f17440049cf2,Benchmark Riskometer: CRISIL Short Duration Debt A-II Index,
96211301-f6ef-4688-9d91-abe02551d27a,24f3a0fc-db4e-4f5d-8ce3-0f1220c49f68,e0b559f6-465a-4e0d-885a-7817555a2a15,Benchmark Riskometer: CRISIL Ultra Short Duration Debt A-I Index,
989b801d-c57e-419b-a89f-10a01e84e864,ef504ea4-3d11-4782-9388-c4491f323f29,d3a0ba37-f827-441a-9058-2766202f6e98,Benchmark Riskometer: CRISIL Ultra Short Duration Fund B-I Index,
d731417a-d5fd-4cf4-9894-02be6c37d0bc,888e2b8d-b16f-41df-9a54-321b15f7ca68,e7fb8239-d31c-4b88-ab0d-aecd3ebf4cb9,Benchmark Riskometer: MSCI U.S. Government Bond Index,
ac6d7663-15b2-4e93-acc0-fa311594a9ca,01b1e166-9a20-43a7-baab-8bb3eaa46562,dd9e1a6f-89be-4c3f-b27a-7d50ecf5e33f,Benchmark Riskometer: Nifty 1D Rate Index,
822d5599-5074-4534-b6d3-7ed294486289,77de0052-85e0-4f1a-a4ff-6fb32ec99c92,9111e614-29cb-4a96-9bff-8cf51977de5b,Benchmark Riskometer: Nifty 1D Rate Index,
5688efe4-782f-4bde-b97c-6ac61474885c,16a96514-a294-46ce-901c-b833cad422c8,11792659-4702-447c-bf19-61861feb9793,Benchmark Riskometer: Nifty 1D Rate Index,
b55bfeca-59a5-4771-b3f6-a8b6791ff984,a2e1afdb-6488-4cd7-b329-3cf037faa25a,60179c13-1722-419c-96c4-876d81a04fd1,Benchmark Riskometer: Nifty Banking & PSU Debt Index A-II,
ad872c30-e6b9-4a7e-b386-2b515e67c085,223147c2-8b24-45da-8811-fc97b939fe42,1f942b06-be0d-4fc3-9d53-e83b283b69a7,Benchmark Riskometer: Nifty Banking & PSU Debt Index A-II,
ece5ae86-455f-4f99-926d-470959c92b28,22f1b15b-1c63-413c-93c9-0f8fe5271517,50d253f5-8d44-4f9f-a57e-087f3abd3ec4,Benchmark Riskometer: Nifty Banking & PSU Debt Index A-II,
7f1b4d5f-4ba8-4770-907d-28bc613937ff,f98d00b4-ba8a-4436-a88b-4b3ee8f293e2,55f75108-5af1-456f-83b9-ffa41ea416c4,Benchmark Riskometer: NIFTY Low Duration Debt Index A-I,
b6fb96df-ba30-438d-914e-7d6b7a68b4d1,683857a7-d74e-4bd0-a718-e5a298157857,cefaf4e5-1b66-4640-80de-beeabc5f0795,Benchmark Riskometer: NIFTY Low Duration Debt Index A-I,
aa3149c5-02a7-4c78-ae7f-913b95a020c4,c013c858-d7e4-48e4-8885-935399840dd1,1ba79775-e08b-4e2f-a8f1-ea3301544744,Benchmark Riskometer: Nifty SDL Plus G-Sec Jun 2028 30:70 Index,
cf757a21-5753-41e1-89ac-9d033df748c5,511ec12d-ac26-4a9e-8dea-2b7aa7bf934a,00038458-88ba-4c4d-8d5e-19d03b479146,Benchmark Riskometer: Nifty SDL Plus G-Sec Jun 2028 30:70 Index,
57da9d15-ca58-4ac2-ac61-0f4f176b7547,ac293497-c767-44e8-9fe1-6db65b2d69dd,e24fcfcf-c88b-4533-bbdd-be586f25cec7,Benchmark Riskometer: Nifty SDL Plus G-Sec Jun 2028 30:70 Index,
942d76ca-5915-4380-b2d0-cb4ff0f43ce6,dead7470-4f29-4afc-8b73-40d16e6240a4,e2294583-690d-42c6-9f8e-1d7707f8387e,Benchmark Riskometer: Nifty SDL Plus G-Sec Jun 2028 30:70 Index,
e7de2ffa-ee48-4328-aa53-67f6d9850dd9,3c847dd7-b25d-4346-a5f9-c1381111d28c,7e1b846f-9610-4931-a126-9958114aabac,Benchmark Riskometer: Nifty SDL Plus G-Sec Sep 2027 50:50 Index,
e2b41406-0fa5-4e9f-8b08-ad8f6a8725e6,f3c71637-8fce-4289-89a6-119fb8881fb8,c9806ad7-fe3b-46a9-b107-c654daf50aae,Benchmark Riskometer: Nifty SDL Plus G-Sec Sep 2027 50:50 Index,
92f8b8f2-d1f3-4e8b-8f6b-a0ae3eb56b03,39d85bfb-703d-4abd-9904-af0019204b9d,b4e42241-584d-4edc-b362-f9c2839ce523,Benchmark Riskometer: Nifty SDL Plus G-Sec Sep 2027 50:50 Index,
4d10df2b-7250-4e8f-ae76-cee6759b34e1,238fc44a-9b8a-44b9-be62-eab288fa9118,e5a0676d-e3b1-4d17-8958-c143e3de3dc0,Benchmark Riskometer: Nifty SDL Plus G-Sec Sep 2027 50:50 Index,
471261ba-7edb-42b3-b940-6975d80097b0,95f3f344-e673-408d-980a-027c67f8eaa3,8e90b95e-f452-45e0-b895-6b3e78a1cdf8,Benchmark Riskometer: S&P U.S. Treasury Bond Index,
337d7996-4193-458e-9ffe-119cefaaa483,34f1a4b0-feee-42e3-87d7-68cb34f29360,afbbae9c-fe23-4119-a09e-7b0244bb9b98,Benchmark Riskometer: S&P U.S. Treasury Bond Index,
6335e593-e5f7-468b-9923-77e2822c7d73,c8b2fbcd-6835-4a64-b790-0486910a39dd,103376d4-9184-4361-834e-5e2675fa04ec,BOND & NCD's,
7c422045-4f87-4dbd-b593-fb6c536ae4a7,e65162bc-30e3-4c70-a364-2d29398aeef6,2efe4b97-b808-403c-8768-709d7ef5135c,BOND & NCD's,
aa9c5ac4-b2da-4e50-89db-903124b30ccd,cb02bc10-915c-49d2-a2e1-194c15e16032,525c57b9-0950-4745-ada4-d586775f770b,BOND & NCD's,
fee9960f-3169-43d2-a286-bbb111355996,8dcc94b2-7f90-4baf-88f5-814ee13f6cc5,8c6cc1f7-5a46-4891-87af-239a4845d9fb,BOND & NCD's,
345bef2b-c2b3-41e6-9c81-e43a21e554ff,337c19b1-bcb1-4dbd-9336-ea5d9b511272,92a424b7-c252-4031-9290-15af6ade83ae,BOND & NCD's,
dfe19512-5e5c-4787-b189-13c651082a29,fe1f8698-0748-4cdb-912f-70d58c45bb14,9a767969-47c8-4a5c-8580-8d3ab23745d8,BOND & NCD's,
3b00f543-40d2-471c-a471-86677e0a77fc,d72c5d6c-b05f-4a9a-9884-001911d22bf3,a55f51ee-8143-4e63-8668-8a14d351e10f,BOND & NCD's,
a6dc723f-6196-4a6e-bed4-8bed13d299ae,c20da3cb-ea77-41a7-ba29-b756d147545a,a80218bf-1b2a-4500-8a3d-6e3408f2be5b,BOND & NCD's,
d51f7998-ea9c-4827-b1e0-7dcddf426966,b366c1a2-eda8-4d10-92d6-667db97e46b2,bf7e47fe-549f-44b8-b218-b03172a8154c,BOND & NCD's,
0369a265-b454-474d-97c2-33cbce51d443,f98d00b4-ba8a-4436-a88b-4b3ee8f293e2,d98aeeea-4efb-4cd5-9fb0-f5aa10de7aa5,BOND & NCD's,
0fbc99b7-1fa6-4a26-bc9e-a973acec0a31,a2e1afdb-6488-4cd7-b329-3cf037faa25a,da2a3139-e556-4685-aa39-a6a734fbe27d,BOND & NCD's,
6a52f748-b4c0-46e0-b160-a2cc0c2839f9,d261d9a5-22b9-44ab-98da-1f68d27ac487,0262aa9e-38d1-4e44-a8c5-e64793ee2cb3,BOND & NCD's,
d54884a8-93ff-4b63-899d-197988c4e413,223147c2-8b24-45da-8811-fc97b939fe42,0ca00ef7-4d17-4bbf-88d5-14a506883689,BOND & NCD's,
e51b5abe-11a2-41fa-b2ab-62b65319bef7,24f3a0fc-db4e-4f5d-8ce3-0f1220c49f68,2ffc2894-3d7a-4aff-abe3-a5c3a814aed0,BOND & NCD's,
cbbd33fd-56ff-46e0-88e4-5857dd026218,683857a7-d74e-4bd0-a718-e5a298157857,4c4fe3f9-e5f6-47cc-9550-f9797c1134f1,BOND & NCD's,
580893ed-15a1-437a-bd11-578b7ba72d00,a14edabe-48d2-4c76-9f14-b97545126ba4,554bf1f1-76cf-43be-949e-662000bfad02,BOND & NCD's,
6b4ecd5d-90bb-4ac7-840d-1dcf10b4b20f,2fae2a62-d20d-47ce-afa9-2db98b06ad1a,55dc7d98-6b70-487e-9426-f60b97f1353b,BOND & NCD's,
655cda4b-7818-4dc2-a5da-ea811ddeb042,c59f97f8-48fe-49b2-9b93-c9d26f4d00ac,5862297d-f216-496e-8cf9-e21d1f140da6,BOND & NCD's,
7fe1ee49-4642-43c0-9484-489070d63c41,8b56b530-dda6-4d7c-a6eb-67eb77c3f745,6dd50317-54df-448d-8ee1-b2e1fcc1754d,BOND & NCD's,
a022777b-db39-47f7-86a1-b164e3b87e37,a86a1ca2-80e9-41a1-a8d8-b1e2afb0159c,787d8dc9-8d71-4edf-afaf-0b6ce35aff94,BOND & NCD's,
98baefad-34ec-40a9-b364-0a82addb34b7,8f176ebf-b1bd-4696-90e4-be5da4bb63b6,f4dcddf8-ab42-4a41-8911-eb01f8cdc1fd,BOND & NCD's,
333d5bef-9d71-4734-bfee-0f60f038b4c9,3f0dc69d-77d4-4cd8-952c-3813c4871125,f97aeca4-99cd-4b5c-a672-6d4f2353ec53,BOND & NCD's,
da3e5c18-5644-4b89-910b-44d25737588a,df12f86f-e985-4385-adc3-77b0d98a2837,2c9a1076-6e19-4fa8-b7e5-3864b27ae5d4,BOND & NCD's,
c988efd2-5848-421c-ac44-c2966204f7ba,22f1b15b-1c63-413c-93c9-0f8fe5271517,3846910d-2f8f-42d1-862d-d3e9b5aa4505,BOND & NCD's,
c14bc872-c5f4-4bad-8dcd-cadd38b67a3d,6b5d2872-40b1-4bb7-a0c1-e5368cadff36,476379a4-3494-418d-b72e-41a03dd2fa00,BOND & NCD's,
6c6e7600-6abb-424e-a5d9-e511b5117f89,ecb4bb92-5882-4d2e-9e2b-ca052ad8c22a,57349f9d-6b6b-4535-8a02-419d6c70c4e3,BOND & NCD's,
2febf4dd-14b6-4380-a1b2-8bc91a9b0785,b1052d40-184f-42f5-bbef-a63f027d6945,58187eeb-f768-402f-857d-bab7e7deb530,BOND & NCD's,
3ae1936c-cb16-4b84-b6e7-0bc258a3daf2,62889a4c-18a0-4360-a661-25a9cd03d7e3,61e7814e-27c3-41a2-882f-5033aa1dc7b8,BOND & NCD's,
77ee92d4-d0ad-4513-89af-726ab1d22945,363fcd54-58de-409c-83a1-9307268d95ae,6614e1aa-53d9-4a0f-8b7e-71dcf456adc4,BOND & NCD's,
ecd583e0-cf20-4718-b2dc-a9fca78bc7fa,6d337ab4-dfda-4814-8448-4293ef1bd14a,97bf0616-764f-4f6d-91c3-3e2d17962bae,BOND & NCD's,
eef0096d-4914-49ce-957a-0f7e6f5ac89b,348cd817-ed9d-4b14-adb4-bfcf239878c5,b15d5fbe-5cc9-4e94-8dc9-3f7cdc7f1176,BOND & NCD's,
66839e5b-01c6-4de4-a384-19384d696edc,10ad78f2-1f9e-475e-b925-9a73a663204d,cac08f71-a759-4846-91eb-dd91347b918b,BOND & NCD's,
3f59beb6-13ba-4ca9-a1fc-bb506ab1707c,e687fca2-57d4-4be7-bd32-c155ca522388,d004103b-6d1b-4c0b-8d1f-6ed3659c2e68,BOND & NCD's,
da7e32b0-23a0-496e-9515-439742c042ae,f8afd568-b109-44ac-ba3e-5225892fef9f,15b5b86a-cf02-422e-abde-0eb97264ff15,BOND & NCD's,
fce58069-453f-47f8-b666-859222e1ceb5,551a5203-3c95-4b5a-9daf-cf2a35524a63,45436cb2-d3da-434b-99bd-d89f7d66c6ca,BOND & NCD's,
2ec5e5da-58f6-4fc0-bce1-3b91c5d04aa1,72f4660f-ce7d-4015-b9bf-90c9545964d8,5b702592-c8c6-499e-a29d-60224eb554a2,BOND & NCD's,
cd34a5a4-d26c-4f2e-9d4d-a7fb4dbfdc4d,b04e2240-e78a-4780-ae55-0f23beee477d,650a96a9-872a-4ccd-9fa1-ba8c82729fa0,BOND & NCD's,
3e4cbeb7-a15d-43fd-be77-e24d031b7a99,c5003a7c-0c45-4124-b5df-d5bd44e717c2,6c2f92f9-a21c-4cec-b87c-7407a6aa60e4,BOND & NCD's,
085a6d30-8e88-4825-bfa8-8c123e9a4925,28b94171-7504-450a-a21a-c461e2063bb1,8a854f04-9b1a-4f60-ad4b-4c765432557a,BOND & NCD's,
a2142272-83cf-487e-9020-fdb6c0498eb2,4c73d3e6-349d-4083-a72d-178e108b4002,8c5d6963-f69d-493a-bdf8-acacd776923d,BOND & NCD's,
461c2428-d4f4-4de2-a4f0-c785980ee057,9e677dec-6abf-4546-b55a-094e76b9fb18,8f324560-7710-41c1-81ad-d4db5ed19480,BOND & NCD's,
a324b7cc-de1d-4f98-a042-31bf683c02ee,ef504ea4-3d11-4782-9388-c4491f323f29,9b6af7b9-565f-4bdf-a968-bda62b3d8a70,BOND & NCD's,
9279c47a-f41f-4a4e-8d09-2d869d4ee986,4591cbcb-c2d0-47ff-b9f1-081edb7b0bf4,a69914aa-1ec5-43ee-8339-2f5847789585,BOND & NCD's,
3ef6bebb-e29b-40e2-a8fb-e689bfabc4b0,dcf0a87e-d85b-4a7d-908b-f096a8532005,d7c25239-0115-4015-bbe4-78d7fff57e1d,BOND & NCD's,
43df9c41-e7d9-46d9-b0d4-b40601ec3529,daf9b179-a582-4650-955e-06a7309846c9,c574a2f2-30c4-4bd6-a58d-92c086c0509d,(b)Privately Placed/Unlisted,
1cb6df1e-de23-44dc-a19c-2996540a6710,3c847dd7-b25d-4346-a5f9-c1381111d28c,02260a97-4279-4335-b52d-1c207824a7eb,Cash & Cash Equivalent,
a07e086f-4fc9-48f7-ab7c-85b57701c6de,3e0e4d3d-45ad-4f7c-ba31-4d41dd50ebaa,19694e74-2aa4-4ce3-8f18-3bce540d60c5,Cash & Cash Equivalent,
30c99a11-ff12-406f-b0a0-6b849058ce09,c2b75d61-232f-4aa5-8ab2-107a06685819,261e06fb-3fd2-48c4-bdc2-26bf15f8c303,Cash & Cash Equivalent,
e8158302-990e-4cb2-a553-a7aa85a9c6a2,16e863c6-88c5-4567-9b1e-f6f573629c3f,279d2f2d-a402-4ac6-91f5-01a8fcde11bd,Cash & Cash Equivalent,
d4188d60-25c9-45a2-abdc-21effda80806,fe1f8698-0748-4cdb-912f-70d58c45bb14,27c05b3b-d174-4555-a766-25fdeec344be,Cash & Cash Equivalent,
1729dcf9-fde9-4842-a449-91e9ccca9654,3c12aae2-e082-454a-89af-a209fca81a03,3e2f9839-7dd8-4d74-aafd-aba69da33ccc,Cash & Cash Equivalent,
94aa3c82-5edc-48b4-9190-ec09e448d575,cb02bc10-915c-49d2-a2e1-194c15e16032,3ecfc9d0-1f22-4b48-9922-2a0b99ed4515,Cash & Cash Equivalent,
98337641-f2b0-40ec-975c-6e2b8c1aa9a7,b366c1a2-eda8-4d10-92d6-667db97e46b2,42ff3924-b1fd-422e-8f8e-290743d93c67,Cash & Cash Equivalent,
4a7a4694-a20a-4812-bc11-a03bbbd1fd81,01b1e166-9a20-43a7-baab-8bb3eaa46562,6684f9e2-2a4b-4cf7-8b03-ac7594dd41b2,Cash & Cash Equivalent,
b954f329-aec0-45d6-bff4-fb380f9bb32a,c8b2fbcd-6835-4a64-b790-0486910a39dd,70e090de-5fed-4fc6-8180-8352c05d9c37,Cash & Cash Equivalent,
04798a78-fe4f-4748-94c0-c0afbe2fadbe,fea8d894-1250-43ee-bd1e-9258000070e4,82755c29-85c2-4f6f-85f0-b795f661cce0,Cash & Cash Equivalent,
8b25d7e1-e3a8-4ee2-af63-d983cde5c2b0,d72c5d6c-b05f-4a9a-9884-001911d22bf3,86004c62-ea8d-4a65-81d4-d2197f63a542,Cash & Cash Equivalent,
4116a47a-c66d-4617-a4c6-317aa733e1ce,f98d00b4-ba8a-4436-a88b-4b3ee8f293e2,86a74c46-7beb-4df7-bf98-826ab29f1571,Cash & Cash Equivalent,
71696fa8-059b-4321-beaf-4cb5c2687c2e,95f3f344-e673-408d-980a-027c67f8eaa3,8e7c1090-753a-42e6-abc4-0b346729c432,Cash & Cash Equivalent,
174348f1-191c-47ed-8115-0238543dba1b,87c1811a-9b37-4ee1-a921-d6d54cfa31ec,ae2fe17a-0e2e-4dd0-8925-525e25558f46,Cash & Cash Equivalent,
e89376ce-e8b7-494f-9336-1de005be28b0,8d568b47-a50b-4ad2-b8e7-3cc6a212500a,b046ce27-535a-4363-ab94-7f6530e9608d,Cash & Cash Equivalent,
f6c7f315-d854-400a-814e-6cae77f91d73,1235aa4d-d6be-4e66-a594-97bf0a61627c,b1eb2536-88f2-482b-b7b2-57c77eac5427,Cash & Cash Equivalent,
4d12d2c7-738a-4a5d-916c-70f7c95693d8,a98dbc30-617f-41d6-9435-ca7579c3e934,b39aadc8-5468-435a-bd28-b9a442c349f0,Cash & Cash Equivalent,
8753b9c8-4f09-460f-af5a-4b485f57cd26,c20da3cb-ea77-41a7-ba29-b756d147545a,b5afd760-dd82-46b8-bb87-e8a3a4a30e81,Cash & Cash Equivalent,
accc73f6-7e01-41f8-bf5f-1a95cc0961d7,e65162bc-30e3-4c70-a364-2d29398aeef6,ba255358-053b-445c-a839-6601168ac182,Cash & Cash Equivalent,
62cbd45a-43a5-4e9a-b217-64d43040fd43,a2e1afdb-6488-4cd7-b329-3cf037faa25a,bf02d644-1794-427c-93eb-80ec48961eb8,Cash & Cash Equivalent,
82532e99-0f84-4025-aa4d-4f29ebb5e05e,40e45dae-d7b9-4622-bce8-3e342dc9a7bc,e5ba4cb0-0fd2-4a8e-b252-6afc0efecb48,Cash & Cash Equivalent,
1a4dbd60-77ff-48a9-a76c-335b2d44a636,8dcc94b2-7f90-4baf-88f5-814ee13f6cc5,e5d54458-67f2-47b7-a390-8879d599ff4a,Cash & Cash Equivalent,
633e46b6-5f0a-4b96-99f9-6a2aa49a9b62,c013c858-d7e4-48e4-8885-935399840dd1,ef22b61d-8d44-47bf-90a4-90a2c962f6b6,Cash & Cash Equivalent,
55fc2c3b-478c-418e-8024-8f82149afa4c,f5468236-9267-4325-9790-e8e4d3f786fe,f34a176c-0388-4818-895f-795f92622892,Cash & Cash Equivalent,
17ad4fdc-c437-4ff9-88eb-807b6abac6e0,337c19b1-bcb1-4dbd-9336-ea5d9b511272,fa99d7ec-28a8-4a16-ad9d-936c83c96181,Cash & Cash Equivalent,
aaf31d10-aa28-4d17-8017-96923c8260df,683857a7-d74e-4bd0-a718-e5a298157857,0e000e35-2929-4bf8-a7f5-cb2fa950a46e,Cash & Cash Equivalent,
9cf2ecc1-8c16-481a-91bf-d74095180780,511ec12d-ac26-4a9e-8dea-2b7aa7bf934a,1de47b8e-2ca3-4c67-877f-4b005040a48f,Cash & Cash Equivalent,
1d6f6162-3dc5-4a35-a80c-6b3d7cb27d8c,31b98558-3446-4859-afd0-60e7b0c9b47d,21acf267-9683-4dae-80ec-a177c1cb9736,Cash & Cash Equivalent,
408c9bdc-4731-47b4-b0bc-e9d208a40ab1,223147c2-8b24-45da-8811-fc97b939fe42,272ca9dd-18c1-4762-9c6f-c724fa140e7a,Cash & Cash Equivalent,
c539422f-d21e-415c-8553-a3317fef1c8f,a86a1ca2-80e9-41a1-a8d8-b1e2afb0159c,33efa767-46fe-4d24-8ef3-9e02b7098242,Cash & Cash Equivalent,
2e6a1ba7-6b5b-4621-bd2e-1ed67751d09f,a56c15d9-9072-4a7d-b591-f2212bc23d5a,40edfc85-6a8f-4702-b5dc-5d4d03498fbe,Cash & Cash Equivalent,
de2d01f3-4ed8-46a7-8154-a82a2b986aab,c59f97f8-48fe-49b2-9b93-c9d26f4d00ac,547839c8-5d28-41ab-9d53-fb4ce8621490,Cash & Cash Equivalent,
78c670c3-11a9-4b5e-8090-e896f169d87a,3f0dc69d-77d4-4cd8-952c-3813c4871125,55edab83-3b0c-4d08-9afb-1a0d064a01be,Cash & Cash Equivalent,
dcbd1aef-06b7-4be9-bbd8-405fe00ca2fc,deb98325-1455-4142-bdee-b7897cc7c62d,61a1ef28-8221-44a9-a4d0-b6eba5c0d23d,Cash & Cash Equivalent,
34fff936-be72-454f-a997-378afd1fa395,57bf7fdd-93b0-487e-ad92-4a8aa8661288,6226e629-07d7-4f46-8f0b-c0c9aa1f7fe9,Cash & Cash Equivalent,
d9a7bbb7-66a0-4aa7-bf6a-c47dfbba015b,f3c71637-8fce-4289-89a6-119fb8881fb8,6e9264de-d179-456d-9141-45df97e6a59b,Cash & Cash Equivalent,
38dd8e77-d8f5-4a80-bd29-21d0e00b7908,24f3a0fc-db4e-4f5d-8ce3-0f1220c49f68,7b68f6e3-9e43-4799-94c1-ca27105fe35c,Cash & Cash Equivalent,
e16f0de4-1f0f-41e3-8e07-d5e2a89165d9,c7b58475-3b99-4fa2-98c3-3d2dda65c37f,8603bc1e-b870-495c-a91c-812a341e1c02,Cash & Cash Equivalent,
57999ece-19b9-4d5f-9695-793542bfb96b,bf03b6d4-f183-4273-9233-2f464066a549,92f86b07-280e-428d-86eb-8ecce7028038,Cash & Cash Equivalent,
5f6e708a-0489-4583-a9ae-7a25b448927b,a2565b16-cc39-456f-92b3-f92c0ea1d287,9ca3c58a-70c7-4b6a-a1af-4c99d3e64ba0,Cash & Cash Equivalent,
1f38dab5-a357-48c6-b7c8-6d2ee1d39f56,77de0052-85e0-4f1a-a4ff-6fb32ec99c92,b399eac1-4dd0-4d1a-8e91-99af13f0a2b7,Cash & Cash Equivalent,
6a743c7f-1975-42ee-b252-df68f6933d9c,2ff0c7b5-ec0f-4371-8afe-61a4b7224117,b46a0c5a-f2b9-4308-8b51-06f83a330f32,Cash & Cash Equivalent,
b12a047c-0024-4625-9505-3fb4b60fc21f,d261d9a5-22b9-44ab-98da-1f68d27ac487,c36ce1e5-ed83-4da0-bf44-9b24e7846802,Cash & Cash Equivalent,
0d7324c0-d579-4bea-9625-ac1daddd387e,8f176ebf-b1bd-4696-90e4-be5da4bb63b6,c3f1be26-3017-44a6-a513-f351d32eed93,Cash & Cash Equivalent,
509dd3cc-2e8f-4191-a4e6-9bb069864e6f,a14edabe-48d2-4c76-9f14-b97545126ba4,c41a43a8-290f-49f7-8876-2c25692c0f7f,Cash & Cash Equivalent,
3de1d06e-69f3-4b34-a265-3e78a839e204,34f1a4b0-feee-42e3-87d7-68cb34f29360,c537c07e-2c16-4bc6-b1bf-41bfe9d2d1ce,Cash & Cash Equivalent,
5a6cd472-09eb-4784-90e9-965790d3aece,b621384d-63bb-4bc1-abfe-83c12ee24091,d2ca3421-8310-49c5-90c2-97fba6d73bdf,Cash & Cash Equivalent,
2c356449-b28a-448b-83f7-d28a818222dd,5fa02d63-94cf-49c4-b2f2-5204f3628553,d6225716-f7d5-4da8-b420-ddc100ba17ef,Cash & Cash Equivalent,
4471f2b1-2153-465d-b95a-9128dfe62e3e,2fae2a62-d20d-47ce-afa9-2db98b06ad1a,dbdff626-0b12-454b-aa90-e91ed7b2f821,Cash & Cash Equivalent,
e4749bee-59c9-4898-acda-9033808c1974,e771da65-7c99-4e13-8cdb-d52228fbc2a9,e45e79f5-5531-40c5-801f-06caf65ade1a,Cash & Cash Equivalent,
cd41c8de-c65d-46c8-9ff3-8f18297964da,8b56b530-dda6-4d7c-a6eb-67eb77c3f745,ebae0512-c74a-430c-81bb-1cdfce5ed574,Cash & Cash Equivalent,
a8d669fb-b61e-445e-8be3-ea4c484106e9,6b5d2872-40b1-4bb7-a0c1-e5368cadff36,0c9e39c1-8c47-4672-a1cc-a932d6831e2a,Cash & Cash Equivalent,
135eda4b-2454-45bd-bb4d-40f89b632148,363fcd54-58de-409c-83a1-9307268d95ae,0f24eddd-a8ae-4b2c-80e8-560146799a5f,Cash & Cash Equivalent,
2cf3dd10-19fd-4618-bbfa-fb113f339408,e687fca2-57d4-4be7-bd32-c155ca522388,19bd011f-7f0a-4b99-871c-f34d4fd58d94,Cash & Cash Equivalent,
22a1d289-21cf-46f3-ae6a-dc9fbbed523a,39d85bfb-703d-4abd-9904-af0019204b9d,29db4e4d-58b1-47d3-8de9-2a52008000d6,Cash & Cash Equivalent,
d8fa1459-8fb9-4de4-acc4-f6417c61c91d,e108a83c-f147-43d1-8812-128be3c4b7b1,39144f18-4b0c-4582-b9b7-e22b02d205e7,Cash & Cash Equivalent,
8bab1781-0e96-4b6b-a4b5-43568237d012,e1bc241b-d20f-4365-8f21-1dc8bae4ddc8,3c9ff03d-4e9b-4f63-b832-12f9224de7db,Cash & Cash Equivalent,
607411a3-3952-4274-b79e-7bb1d9c2b912,16a96514-a294-46ce-901c-b833cad422c8,425bb313-0bac-488c-a251-25ef693984d3,Cash & Cash Equivalent,
d719513d-c9a8-4aca-947d-1f31739ebe4e,df12f86f-e985-4385-adc3-77b0d98a2837,4c955fac-10fb-4f6b-b361-c077206c4fb0,Cash & Cash Equivalent,
f9c9c86e-ac2f-42c4-8d36-6e6a50b3b6fc,888e2b8d-b16f-41df-9a54-321b15f7ca68,56af89e4-e80d-44e9-bc7c-b28f102d8a1b,Cash & Cash Equivalent,
82df3702-a9e5-48e8-b399-087ee0492b98,ea59472f-5dda-4f56-b0dd-cba0dba8ea44,5eaa9f44-d4c6-491b-a22e-2c2fd0db0239,Cash & Cash Equivalent,
7ad39cd9-179c-40dd-bfaa-eef27a5384e7,ac293497-c767-44e8-9fe1-6db65b2d69dd,6096abad-0a9e-402e-8aea-9154aefd6593,Cash & Cash Equivalent,
32822fb0-8639-42bb-8ecb-4812fbbf77d8,62889a4c-18a0-4360-a661-25a9cd03d7e3,6885a3f3-6e18-4b10-8d84-ee8743633783,Cash & Cash Equivalent,
208a0ada-a4a0-47f3-be89-c915d64a49dd,12639e2c-ae37-48bd-b977-7c0e1a8965e1,74bf3770-4b16-4e86-a321-71b62ba42261,Cash & Cash Equivalent,
f81e42c5-1d7e-4dd9-989f-fbc4dbd32835,5f56202f-1a1b-46ab-9352-32c451eb1f2c,802c2204-d0df-4222-b042-a46bd2c56370,Cash & Cash Equivalent,
d78a2781-8caa-4da8-b3af-093e5cec3a03,4eb221fa-52ef-4da6-b995-36f34efa70f1,8202b958-6305-47d1-aefb-8f7325a3e9a8,Cash & Cash Equivalent,
30c484a8-6260-4720-8a9c-a55c56d83f07,05476498-9a2a-47cb-89a9-1eb58ac325c0,8355910b-747a-4f6e-a28b-acde51ad151c,Cash & Cash Equivalent,
cbeb15d8-f952-426e-947e-6986b25df955,ecb4bb92-5882-4d2e-9e2b-ca052ad8c22a,b31ad401-490b-45e7-9e0c-d796d2d8caf9,Cash & Cash Equivalent,
a8f4a359-83c7-4bd4-ac61-d83181c50964,10ad78f2-1f9e-475e-b925-9a73a663204d,b4890f44-6860-4405-9e1e-e154767b9f4c,Cash & Cash Equivalent,
2248f5ca-c667-4a52-854c-15e114a62a35,13b8de8d-e3b3-4382-b444-3edfcab4947a,b520a232-b2c8-41a2-834b-c73c49d3da26,Cash & Cash Equivalent,
9c4c83d0-0ccd-4bde-bb2b-05d255ea0078,22f1b15b-1c63-413c-93c9-0f8fe5271517,b5373ad2-fa93-4489-be0a-2eaedabc35f8,Cash & Cash Equivalent,
dfc9d443-10d3-4ceb-ace4-27cbb93347b9,b1052d40-184f-42f5-bbef-a63f027d6945,b9d9fa04-469a-48d2-b2c2-22ac279aa9bd,Cash & Cash Equivalent,
04afca15-651b-470a-91f8-53d059f88189,348cd817-ed9d-4b14-adb4-bfcf239878c5,da61522e-6c53-4241-8adb-c821f5026a9c,Cash & Cash Equivalent,
a6e67660-6423-441f-a775-233e7876ee0a,6d337ab4-dfda-4814-8448-4293ef1bd14a,de1c4444-a4ff-471c-87b4-9f54d1a9a465,Cash & Cash Equivalent,
7e7b3aa4-9949-4cec-826d-4d7e28dd412f,066246e5-9f5f-4ddd-8f0a-5a6cb36e2c5d,e668ae12-ac34-4205-a885-2e878fcd71bf,Cash & Cash Equivalent,
f9b07772-4ccf-4352-86d8-5f902ac3a799,bd316754-25a2-41c4-a71b-7c96c68bc2c4,f551cc83-d484-49b9-858c-6efe3e2191da,Cash & Cash Equivalent,
0d47f076-0191-429b-9d28-dae5801c95bd,2663f05d-b3bd-4f5d-be47-2ab33a519e02,f8c38489-d27b-4c32-9ec9-2c59088ace0c,Cash & Cash Equivalent,
ccee23ef-784e-45ab-88f2-919a1c5cb29a,b90689ce-b04b-4728-9417-d7d5cf29a889,04c18607-2e35-44a5-9e69-ca3d7200e83f,Cash & Cash Equivalent,
5cbc7869-cb9b-4913-b2d5-e413b43e61cc,ef504ea4-3d11-4782-9388-c4491f323f29,0da39ec0-a008-4e02-99ab-468153e5ec69,Cash & Cash Equivalent,
dc71862a-d152-4a1d-84af-dbef56f8a074,dead7470-4f29-4afc-8b73-40d16e6240a4,0e70e794-d570-41b2-a7cd-21be403478c8,Cash & Cash Equivalent,
a009ba59-097c-44c2-83c8-8d3901f84c7c,d752970f-f545-4c22-b17e-1cb88a905642,12a7a932-fceb-4a9a-99b3-5c43680dd674,Cash & Cash Equivalent,
c19bb394-7db1-47d9-8efc-52153d289c86,9e677dec-6abf-4546-b55a-094e76b9fb18,14556faf-2978-44e2-9d1a-9d6a032a3747,Cash & Cash Equivalent,
5785a1d9-2255-4bb7-a3ef-7b8c04c2dafc,72f4660f-ce7d-4015-b9bf-90c9545964d8,50669fec-606e-47f1-91c4-d8dd22c1c49e,Cash & Cash Equivalent,
30655e29-9b8f-47d2-84bf-0369139055df,dd454cb2-6c59-4c6c-b8ae-adb8afb44272,74b18651-e100-49cf-9a7e-def775ae5701,Cash & Cash Equivalent,
60e0cb5f-26b1-44c4-90bf-88673d116d1e,b04e2240-e78a-4780-ae55-0f23beee477d,7bb4cb94-b6a0-4f83-83dd-167459961f84,Cash & Cash Equivalent,
45e1c1ff-2624-41e9-86a4-c5fb1d42e5c0,238fc44a-9b8a-44b9-be62-eab288fa9118,8a812b05-0d76-4fe4-b737-1f3fc721fe9b,Cash & Cash Equivalent,
74cac812-a1af-4dfe-85ee-b514be6d5cf8,ee7f77d7-6936-4d83-ba59-9e88403bb081,94099766-b014-4dfe-ac0d-11b9dbe19fd8,Cash & Cash Equivalent,
8dc4137c-e5f2-42e9-9436-199e4af13e2c,08180163-e2b7-47f6-b1ca-a69843c50340,949f3035-f353-4801-92b7-e9e7ea7bee12,Cash & Cash Equivalent,
049ad944-a586-4dc4-bc76-70ed55b91768,28b94171-7504-450a-a21a-c461e2063bb1,9b9306ae-520d-4b29-a9ba-67d898966853,Cash & Cash Equivalent,
8e4f9b91-c486-43a5-9803-9f1bd023cabf,99d7c8e0-e9e2-4665-b808-5d81bdfbd7eb,9c521762-d841-4112-851f-08159ca60e5a,Cash & Cash Equivalent,
52c4a50b-2eed-4ee6-bf01-9e894fd26270,c5003a7c-0c45-4124-b5df-d5bd44e717c2,a30e5785-013b-4cd0-8c67-ee440a69c344,Cash & Cash Equivalent,
bbebb8d2-0f53-4d12-943b-c8d91364f987,4591cbcb-c2d0-47ff-b9f1-081edb7b0bf4,a52a25cd-0468-447e-ac48-5a9d19994fd0,Cash & Cash Equivalent,
6e98f093-55a3-4712-9983-c30a925edbd0,576d2fff-17f2-47c3-99b9-f157e45032ea,aa190bb4-9d7e-4ebd-8f95-b3dc4fa37fbc,Cash & Cash Equivalent,
922347a9-b92d-4a51-8253-6a5e1ae8d1c9,551a5203-3c95-4b5a-9daf-cf2a35524a63,bbc992f4-3050-4173-b979-297a7bba0d6e,Cash & Cash Equivalent,
2bb9aad2-be9c-4c7c-9786-07b83560a256,22643a51-52f7-491e-8402-99edcead8da8,cc436909-2946-4f01-8fb4-73ec3d3b3fb4,Cash & Cash Equivalent,
2ee845de-940f-4d2b-a684-00386b82c7b4,4c73d3e6-349d-4083-a72d-178e108b4002,d8184429-c80e-4fb0-9f9a-ca12ca1708f3,Cash & Cash Equivalent,
7d557228-ca6c-4fe0-9182-1fb91771097c,f8afd568-b109-44ac-ba3e-5225892fef9f,e0cd4175-061b-496a-9fa2-a0fda88050e8,Cash & Cash Equivalent,
2ed77520-c4c0-4317-9a8e-92a6065f72d1,dcf0a87e-d85b-4a7d-908b-f096a8532005,e3ae0cbe-ef0d-40b0-b260-5535bc2526dc,Cash & Cash Equivalent,
f6a05107-4ecd-4736-955f-597c6d38c321,58a2a794-3677-48a2-a932-29a7511b4791,fe5b056e-491b-4955-ad36-0674e47b5a1d,Cash & Cash Equivalent,
33175e56-c62c-4275-a77b-94ee91682b26,fdd0027b-0401-4d6d-998f-e43261872872,fff871e5-8010-4c4b-b054-575a8cbc148a,Cash & Cash Equivalent,
53bb4458-cc91-438d-9df9-2192ce81802a,df12f86f-e985-4385-adc3-77b0d98a2837,b9f57f85-0fc1-453c-9768-44d74befcd74,Cash Margin,
e9255038-bcce-4e0c-a6d0-3deabaeab990,c3d3980c-58ce-44b0-8a87-d5d1ef972e16,062e1af9-27c6-4f2d-b993-694c200ec69f,Cash Margin,
c90cafcd-5a53-48d6-9a77-3d1e91cb0084,640093d6-8321-4eeb-917b-9f208df0b555,e793e193-33b3-466b-b9e1-4fea0b74ac44,Cash Margin,
c2ed3617-83da-49c3-8e7b-2acf7b944c6f,eb608724-1629-413f-b491-e615fdc4b4a2,1b4aabd3-0d61-4a99-bdfd-6c9486a4e193,Cash Margin,
88eeddd9-66d7-4765-b106-4cd4b83dead2,75aa749d-fd9c-4a49-be27-f45fc784e95a,2a666cab-930c-4138-9a8b-d8bfb277d1d7,Cash Margin,
ff25749b-c16b-4a8e-b9c9-bd804a43ef6e,d944b7b3-efb9-4a4a-a78c-18b0cf9bf416,5c2645c1-61c0-4335-8409-4371740565a1,Cash Margin,
98bf6ef1-9d2b-41d8-a658-7d86065fbb9b,aa9005b3-f595-463c-a84e-c3e0ddb8b28f,87307857-bd1d-4b69-a1a5-431d3ce4778d,Cash Margin,
af4e734c-0f07-4f7e-86ea-1ac6e19a5ad3,df0b2c14-2c6c-4d50-aa13-261cb1646d55,7e83ffd9-bcf9-4b23-986b-67ffc0618f84,Cash Margin,
d98ddd10-6bac-4c15-a6ff-d2e050ac9469,5a584e4a-c747-4c52-8e2b-8e31dab7052b,02098480-57e6-4b6e-bd37-13869ad8beab,Clearing Corporation of India Ltd,
c96c6ef8-80b7-4f2b-a302-8b8e3ba94703,03201d2f-0aa8-49b4-9220-a310f57b034b,1a094471-8408-497b-9166-a0432c46e040,Clearing Corporation of India Ltd,
3619ceaf-c444-435d-9e89-045d12dec8f5,62a10e5c-613d-4942-bc99-0ad021b1d805,363bd649-cfbd-43bc-a2fa-c03dfab4c179,Clearing Corporation of India Ltd,
0dad743e-7465-466a-a116-55aea9669ba7,8eb6cd37-468a-4301-bc72-cdaf3f048f07,4bab05bd-8958-45e9-b789-f59d79266b7c,Clearing Corporation of India Ltd,
1275a7a6-2b3e-4566-a7ee-6804623e4c20,b405169e-b10b-4cd6-a5a4-86f7ec69b705,abde3d93-fff9-468c-904b-7140ff5b0030,Clearing Corporation of India Ltd,
b94202a9-5a36-43bf-bc78-5fee3cd56602,c9dd90f9-e007-45a8-b0ef-992befb89f1e,f8e68d9b-6c74-4041-8302-2c9009b8d934,Clearing Corporation of India Ltd,
bdf9e830-f9c7-47cc-a9ab-7150ac24ac4a,d3c386fc-ea8f-40f2-9b38-8af9e4092072,5aa0f71d-cbd9-4f70-acfe-d4b411c45610,Clearing Corporation of India Ltd,
f3a270ce-d505-4d55-bdbd-357d780872f4,c21cb746-5943-42d6-a552-401e685f9f7c,de7cd42d-a073-4f0e-906c-3956095a57a0,Clearing Corporation of India Ltd,
f9ffcbb9-0c94-49ac-973e-b32546c03eca,cf276cdc-9ad8-4f1c-9c03-a313c3cb66ee,fbd44d2c-2482-4fdc-a727-aa543899eb91,Clearing Corporation of India Ltd,
69e05565-3b1b-4dba-818d-fab8591a5b6d,463fb1cf-8301-4254-b7d7-e674ff5b08f7,4089dc4c-2870-42ca-afb9-098602abf9ef,Clearing Corporation of India Ltd,
1b155d5b-c715-4124-a55a-7b336e857fca,016cbf06-318a-4a3d-965d-428242577cf6,0c14bb5e-2d68-4ef4-ae12-8beb9d49f4e3,Clearing Corporation of India Ltd,
2bb4d818-09e3-409e-bcb5-91380102094a,00081a1b-33da-4a87-b6a4-3e43e1b66f9a,11273b26-b75d-4938-9514-0f29c566868a,Clearing Corporation of India Ltd,
9c999696-415c-45e5-879b-38ce246d81b3,47fa7539-e455-45f3-9596-5193bed50bf8,180592fd-4425-4259-8b68-55fcad32f526,Clearing Corporation of India Ltd,
8338bfd1-1f34-4bb7-b10a-83e6ce250d97,56d8051a-55f8-4e5b-8e74-679f6221cd59,1e3aa19c-b90c-46fc-a221-df9710371981,Clearing Corporation of India Ltd,
645390e3-2358-4114-a38f-a6ecfe404612,4b647361-057c-4ab4-8691-f6d7ec034477,1fcd770f-0243-4df6-acb2-ca12379bf724,Clearing Corporation of India Ltd,
436e810f-03fa-438c-b4c1-f082e603084a,700436e6-a7b7-449e-9743-e11887c7b9cc,24a638fe-9b40-4290-9be4-2961fa22284f,Clearing Corporation of India Ltd,
dc6e134f-f068-4054-8820-6384622b38fa,632805f4-8500-44f0-a791-597a43b6bd37,263eb3c1-fe4b-4014-93dc-e106b70887c2,Clearing Corporation of India Ltd,
46c0f51f-c2c2-469a-80c6-c2bb15686ca9,1fd0dd89-6e4e-4217-8ecf-bcb1decfece8,271d8c21-3a8d-4ef0-9c66-ab49bb9fe207,Clearing Corporation of India Ltd,
fae59fa3-a609-49a7-b033-82bd4211b064,98e4f124-63d6-409c-a967-786461e64b78,2c8df528-5296-4a93-9665-9757d28edd72,Clearing Corporation of India Ltd,
e6f69a03-936d-49e0-95c7-59b6c0b28bf6,445fe222-c9f2-4143-873b-67e8bf0df83c,4dd4c9ef-8365-4f05-8360-f61ff260e9c4,Clearing Corporation of India Ltd,
78e9c6cd-3fd4-4b6a-be57-af640e2d0080,2f79e781-c944-4a4b-a861-a57e094483a4,61ff0907-56ce-48dd-971b-1bd089a002ad,Clearing Corporation of India Ltd,
c0cacfed-a8f7-4545-926c-d61f777e7945,8b3bc253-ac6e-40b9-9c45-9989f856d4bc,673810e7-aada-4551-a1de-2f7bc7bb57ea,Clearing Corporation of India Ltd,
6f04ade2-f0e6-4093-91cb-2694bb94d858,56d8051a-55f8-4e5b-8e74-679f6221cd59,68677416-c463-48ec-a81a-9521845c1cf6,Clearing Corporation of India Ltd,
923b4ed3-9eeb-4b70-89cc-7de94d546cc0,6c43b2e7-b967-40ee-9715-201becd85016,6c57a82f-346d-41c0-9551-f63e93bf8ee5,Clearing Corporation of India Ltd,
0b0ed845-f603-4060-88dd-b3f975160bd8,f28abd1d-0e68-48de-b4a3-b3eb4b56d6b3,88ea2e28-b976-4cc2-803f-b10284afc35f,Clearing Corporation of India Ltd,
b55278b8-a03c-4d12-8f7a-02806b04c40d,4632a937-de16-4f7d-b899-379f1edaf551,95d5e9cf-da32-4720-b414-4db2f2672b1a,Clearing Corporation of India Ltd,
326ae5e6-ab73-4782-b70e-507fb61d5faa,48a7f250-9f4e-4b8e-ad4a-81d8bf0d377e,9c090905-371f-44b4-b275-ee6cdac7edbb,Clearing Corporation of India Ltd,
6d17e173-98de-445a-ab63-7eb16a009ff8,dc09e8fe-5799-4458-aad3-da2f957d57eb,a0e7bc1f-d6c5-443d-9c90-a862fea00db9,Clearing Corporation of India Ltd,
2201212c-dd56-49f6-bc4a-2be14f562846,bccf35bb-2fc5-44ee-b220-a515b62c4823,ac0f4a8e-e021-4bbc-b357-c5136db9365d,Clearing Corporation of India Ltd,
ceab7d4b-eea9-4ef8-a108-5b75a4ba8f38,e63b566e-b827-4ab8-bcf1-fb8b532d1d5a,b8e36c80-1f70-4f91-9452-5d9cbd727121,Clearing Corporation of India Ltd,
e6ceabbc-b046-498a-a2c9-fbef069e4568,2ab17f75-8c1b-40f2-b38f-203bc3cfb6cf,ba6771ed-6899-44c8-bb09-4f80340d5409,Clearing Corporation of India Ltd,
8d5e66fa-f439-4f40-bf75-01cfdb7f045e,c9bdd48d-c454-4d12-adb9-c3bd736e8797,c5378362-01d1-4cfb-90c4-9446629441c2,Clearing Corporation of India Ltd,
80ba1780-14aa-459b-966e-25f7e06034f7,3d9554de-6d4f-4aa0-9d3a-23508f8f4098,cd07911a-0bc3-4603-8097-da5d8c56794c,Clearing Corporation of India Ltd,
92512d09-1e97-496a-b403-959cc7c0d451,d51d2674-8dd1-40c0-ba3e-6e052ea3b385,d13bd752-62b1-43dd-b692-19428e5e817c,Clearing Corporation of India Ltd,
c7cd58c9-668c-48de-b884-52a344a1054f,7919c14d-5443-49f5-a2be-c267d0457d7c,e14bc90b-8c0b-4b68-a6db-d5d051c22402,Clearing Corporation of India Ltd,
cc810ca6-24b3-4ecf-9dcb-c80c01b293f9,941089a1-abcc-4d31-986d-82e7a2487b24,00c7cf0f-e12d-4951-8b2b-7cefee943071,Clearing Corporation of India Ltd,
ebe88e34-caba-4441-9855-332ba14680b9,db124464-38cb-47ba-98d2-133c41882a0b,05789565-25b8-462d-a933-bcb6a3d77248,Clearing Corporation of India Ltd,
aca45878-503e-4efd-b124-b1ebec4d2c93,54dbe43f-cfb4-4166-bb09-4f0ff48053ca,07ba2c2f-1d10-48b1-8447-31bdb7a26b76,Clearing Corporation of India Ltd,
7c8130ba-142a-4be4-aaaf-5877bfb6e369,ac48b9d9-4795-4203-95dd-65f80ed2e950,0f572b04-db92-41b8-b830-079a107e0950,Clearing Corporation of India Ltd,
48cbb2f4-3366-45c1-bac9-561f941ec084,8cacb6b3-5791-423b-82fd-8182ff47b678,14390225-c954-4810-aa65-cbf855df117d,Clearing Corporation of India Ltd,
54ffc5fe-d780-4210-ba78-36267c6f49b0,6c1097d4-432c-46ce-8ba6-ad2258d38bc5,269d8c8c-d50b-4c2f-a9b8-955374947de7,Clearing Corporation of India Ltd,
7c2167ce-b150-463c-a261-3cfba81c438c,18e9379f-8138-48f1-8728-3241ee7dc9c7,31dee3f8-a422-4d95-ba68-95ec010ccfec,Clearing Corporation of India Ltd,
41062646-14b7-4732-ae6b-70d629674225,ee9dca83-3a05-4743-a7f5-b161f290c007,3b083c3a-a1d8-4414-a15f-f404a18cfd27,Clearing Corporation of India Ltd,
3918f954-5f27-4eb8-a811-ab2a6d4c555b,13f51b5e-81bb-439c-9fb1-73a8517989d6,3dfc6972-f134-4f67-862a-04cea07a112b,Clearing Corporation of India Ltd,
3eb922a8-34fa-4280-8120-6fa976d4ba9b,f343c820-bd1a-4306-a46e-299e154997d3,43ad3c5f-7ad9-49dd-b034-7a02b25b2ddb,Clearing Corporation of India Ltd,
b8b32b70-ecf5-4a75-b651-0e51d3310175,a2fa01f8-7f77-42c8-81a9-64c50d9a4cd8,4de5f532-2e0d-4cf1-82c0-b07bc23670bb,Clearing Corporation of India Ltd,
f9305ceb-ea31-4481-bc1b-584dc37fcd24,6f2b307d-62b2-4a34-b134-325a48aafafd,4de7fdea-e042-4107-b161-cac5043f3759,Clearing Corporation of India Ltd,
2b97c1ae-b1d3-454b-9cec-d21529cef6c7,879b92f3-4941-4895-870b-c3eb48c218a2,6aba41fa-8d62-4bae-8d5f-1051345f81fd,Clearing Corporation of India Ltd,
22e9629e-6993-40fa-a24e-af4d2146956a,27dba02e-206d-46bd-bd47-15357b32c85a,6ca99100-762e-4796-87c2-0a1a35b97140,Clearing Corporation of India Ltd,
c5954807-00ab-4a5e-a3c3-86af30f8ed9a,533d1a08-e150-4724-a7fd-f49316e033ce,80f65962-beae-4804-91f6-43f9f279391f,Clearing Corporation of India Ltd,
ad1bc421-ce46-40e7-a7e0-2109d80012bb,f102e832-31e1-47f0-9591-e228abf17f32,86ea2420-fa54-4e6e-95a2-678dce219f37,Clearing Corporation of India Ltd,
3f60af45-fb93-45fb-9d8a-e10df2db03fd,1542c01f-5815-4030-85aa-05ef4bb894d4,a1c69fc4-fb08-4cba-9fb7-7e4482183f56,Clearing Corporation of India Ltd,
de71d5fa-c1dc-44de-86b6-bd242ccc9f5a,242ad103-844f-4795-a15d-98a24e7f581c,a2510165-8dae-465b-93eb-4d3767531a6d,Clearing Corporation of India Ltd,
1715cbda-57ba-4acb-b738-74e21cfecdd6,f343c820-bd1a-4306-a46e-299e154997d3,afe63552-ec7e-4d55-b65a-0a8aaf30937a,Clearing Corporation of India Ltd,
8311f929-4187-48bf-a826-ef4780e3910b,0dea18a8-b605-46f7-bad4-1d313fe3041c,c6fc6c98-990d-42e2-a8b8-75f2a67915a2,Clearing Corporation of India Ltd,
be2a35fe-2a40-4810-b67e-656f4237a6cc,16998027-9edc-498e-b0ab-fa6326a830ba,d1824fe9-7400-44da-8a74-29a612c502c3,Clearing Corporation of India Ltd,
9e00bb46-17d6-4d58-8234-508ebb209b87,33e1b75d-37b0-4096-a282-e1a412716c0f,e2f10028-f6a3-43b3-a533-53e1684b9d0f,Clearing Corporation of India Ltd,
70574609-e249-4c05-9c2a-2e4cbfdbc316,5c7592c1-56e7-4286-ac56-74cc80e2d172,f0fb5e3a-d479-41a2-9620-e73fba55de19,Clearing Corporation of India Ltd,
31bf0da8-2ced-494f-af5c-8be6c7fc2276,9ff5fa17-a096-468a-9f56-d3d073311b9c,f35febfc-58e9-4fe3-bb45-94b26cae8953,Clearing Corporation of India Ltd,
db05d8f5-98f2-44a2-a9b7-320d41c7f614,3114b3a9-c414-478b-b256-44501f54b413,008fc8ff-1283-469c-b9b6-dcd9e6bca449,Clearing Corporation of India Ltd,
29a5da64-d76d-480c-9244-7f9c83613a76,6e44493f-b04a-4096-9f43-ebeeddd4bcc4,01421360-560b-47e7-b4eb-69ca51579247,Clearing Corporation of India Ltd,
fd2d53bd-e696-4a12-b78c-222ec1e7d900,051b2625-d1ad-4554-ba9f-3a9f82517325,0f066279-3536-4f51-a99e-c277cef7cea4,Clearing Corporation of India Ltd,
97a4c813-d57a-4ef4-8b5a-4db64a09ff27,c916f7fa-7f57-43c2-91f4-14b92444b151,165763f5-97f7-4f7f-8c3c-ee16ba1fe1b3,Clearing Corporation of India Ltd,
245db164-130a-432e-b6e8-114a9c5f5bf3,9611579b-69f3-45e4-a964-8bad1b87e2b2,1d77a9fe-4169-41d5-ad5c-c833fef5de86,Clearing Corporation of India Ltd,
ded33af0-e032-45ab-8c7a-2071131b31c7,798c64ba-146e-479d-ac87-10342ae583d5,2233232a-addc-4929-89a9-0d950ab89b07,Clearing Corporation of India Ltd,
72358f1e-4c9e-4bab-a9a0-b96af1eaffd7,28c56488-d7d6-4ec5-b44b-942ab8c5fcc7,2f689c85-0b9e-4f73-8ea6-4a759d7d7ab8,Clearing Corporation of India Ltd,
e3535f8d-2488-48df-8eb5-0291b21c38a1,0c22290f-7fb1-4665-95b7-98ef9a9d085e,39a4a884-3a6e-460b-b266-3630c7bf8383,Clearing Corporation of India Ltd,
e3157edd-3fc4-4327-abc1-faf9b598f4e5,c7b4b669-d61b-459e-9da2-681001f6c206,3a0b1505-1215-4ef4-a21c-72dd5c90d618,Clearing Corporation of India Ltd,
50c590eb-aa46-4848-8c4e-be234276e891,d27da12a-bff9-400f-8ae7-d04dc1dd082b,431c2a79-fc6c-4b60-b59d-95f8214b1267,Clearing Corporation of India Ltd,
8fd103ea-ad85-4d6c-a90b-4b26249ee39a,50567ad2-bb29-4f0f-bec2-bde0ebc78001,4a10c539-e05b-4a3c-a1db-548da78df70c,Clearing Corporation of India Ltd,
50a0e286-d8b4-4dd6-9720-5735ade6661f,80bde21f-3a06-4177-9db5-cef321655f78,514e64a5-1a82-49cf-b31e-57729c5c4501,Clearing Corporation of India Ltd,
4f7d2216-75cd-48a6-a218-83c9ad52be4a,16d43d6b-01c4-4b49-82e4-3dfcfcf70774,550d5b68-2930-449d-88b8-a825f9ab553f,Clearing Corporation of India Ltd,
ba41f0b9-9a0f-42ba-b847-a5dcc67d3d0e,9ee9f98c-4e75-49e5-8288-29caa23e0c69,5b6c36dd-7476-4d82-8be9-dc24e7990e0c,Clearing Corporation of India Ltd,
a5d49823-5848-424f-8154-ab155c540d59,1954c0a0-b175-4721-a73a-1099c253d2d5,5d35be1b-03da-4df0-9fdc-506321b7a3df,Clearing Corporation of India Ltd,
a5595439-bc8d-42bd-acb0-111c080aeb6f,8656c56d-bd1d-42f7-a9d0-58c49aefd7f8,698a0e7c-2f58-422f-b327-27f8b4abefd3,Clearing Corporation of India Ltd,
7a94062d-d3e7-468b-8a0c-916274a48786,aabdcecd-3efd-49c8-b12f-439c7437eef1,90b7a281-2a87-4189-bab3-75a2660f39d3,Clearing Corporation of India Ltd,
fa020da1-c30a-4256-a69c-a21ba4b237d7,8bd068d9-bef0-41cf-9b2f-97989637b976,99b2b2a9-6827-482a-9cbc-07f0db7bbb63,Clearing Corporation of India Ltd,
cafa1e92-f196-4756-8a8f-1156d2567701,f9d9105e-8302-4000-bd9e-0bc1b4585b31,9f1244c4-d538-4c33-acd6-53be6d7807c9,Clearing Corporation of India Ltd,
e72dea36-a7ef-413f-8866-3f4e48146b6f,56a7ab36-9001-4e32-9bba-a17c9643ddc1,a04f0848-3703-4bcf-91ad-74c563c1e013,Clearing Corporation of India Ltd,
fe1f3a4c-86c9-4b0c-81f3-693bd535cd23,9611579b-69f3-45e4-a964-8bad1b87e2b2,a62a2eae-184e-4003-94d5-51a5d4a837f9,Clearing Corporation of India Ltd,
bc2c6dfc-7a8c-4af2-ab1f-197136d7485a,8240a041-a18f-4386-8a60-5221ac1834d2,a6f4506a-3274-42c3-89b4-a155b0c0558f,Clearing Corporation of India Ltd,
2db410ca-f6d1-4db7-924a-0e73fef7e9d4,9611579b-69f3-45e4-a964-8bad1b87e2b2,a714bc4e-f2e9-40fe-ae97-7f25cda2c8c5,Clearing Corporation of India Ltd,
83a20f89-a117-4575-ae9f-4f70c3099400,37fc6dde-d0a4-44ea-b91c-127f4fa4fa52,b43384d4-b5a3-49c0-9e19-c5e9ff9f440c,Clearing Corporation of India Ltd,
7b33e525-321f-48ae-8ef4-c1d9eb939976,26363d80-c3d9-490e-aabd-841c1a83779a,be9e6adb-1bb7-4bb7-b27c-daf9f9426462,Clearing Corporation of India Ltd,
af396bf7-4328-44c0-b97e-ee27c52b5280,50567ad2-bb29-4f0f-bec2-bde0ebc78001,d4804742-b623-4562-98fb-284687fbca86,Clearing Corporation of India Ltd,
aa7e67bd-4ca1-4d6b-a67a-02d457b76afa,cd158dae-0cfd-4a3a-9ff9-addac7c33652,58028a14-2247-47c0-8255-d89cf0b9d0f8,Clearing Corporation of India Ltd,
09e6bff8-da60-4c9f-8f53-cc21f62d2127,5cbd95be-5edc-432d-af61-f22a947bdee6,1717edd4-8975-4226-a27a-0c78347f8390,Clearing Corporation of India Ltd,
ae5be0fd-3efc-4a64-b4bd-60987018358a,8eb6cd37-468a-4301-bc72-cdaf3f048f07,7ca15994-7ee1-425f-bfa5-f60d417388d1,Commercial Paper,
7968ea26-b355-478c-8c99-122c81b73b8b,d3c386fc-ea8f-40f2-9b38-8af9e4092072,7b43fe37-5786-4921-8028-16f049ddfca0,Commercial Paper,
c21ae08d-a4ce-43b0-9d76-3ba4531bc86a,daf9b179-a582-4650-955e-06a7309846c9,17a8feb1-b3f7-48b7-91a8-b4f8f919954e,Commercial Paper,
abaf013f-6c67-4ded-969e-f980877de45b,f98d00b4-ba8a-4436-a88b-4b3ee8f293e2,2b017031-e732-4d5d-9930-1a9560d8dfe5,Commercial Papers,
37b25837-6e18-4be6-a5a7-f241166d281e,3e0e4d3d-45ad-4f7c-ba31-4d41dd50ebaa,44f66de6-1c47-41d3-b5b0-959ad9b31fd5,Commercial Papers,
cef3e2d7-cd7c-4338-ab01-aaac6246037a,fe1f8698-0748-4cdb-912f-70d58c45bb14,77d91b7d-3655-45e6-9b66-88cd7b117cb0,Commercial Papers,
f3f72a45-2a98-465e-89b6-ac7f433409d1,c8b2fbcd-6835-4a64-b790-0486910a39dd,aa05f7dd-afe1-4b73-85b8-88fe676c8176,Commercial Papers,
6be0de3f-dd01-4e03-8f68-9a7426f52d2e,337c19b1-bcb1-4dbd-9336-ea5d9b511272,f1164180-9c76-4cea-8b46-f5116473afc7,Commercial Papers,
a72d3306-b239-40e2-a616-f86438213f2c,8b56b530-dda6-4d7c-a6eb-67eb77c3f745,4539336a-c4ec-427e-8be4-5a71352a5448,Commercial Papers,
5b2c1f93-e90d-4e02-ab2c-94678771f0de,2ff0c7b5-ec0f-4371-8afe-61a4b7224117,64854939-75f4-4ad6-9308-d591dae74304,Commercial Papers,
d49b5b18-bb32-40d6-af38-dc25cba22378,d261d9a5-22b9-44ab-98da-1f68d27ac487,67be6a41-b1e0-49ea-b96a-0678cdabda09,Commercial Papers,
084e8ccc-6b3a-4080-a8e5-f9645ef5b900,24f3a0fc-db4e-4f5d-8ce3-0f1220c49f68,7416f206-deef-492b-9a46-1b68075ec2d2,Commercial Papers,
31d96d24-9f2c-4a33-9583-04addaf73bf4,683857a7-d74e-4bd0-a718-e5a298157857,b5061138-fccd-40d0-98fe-a08d391e3c43,Commercial Papers,
49b47f1f-6cd8-4823-8775-d375c1287eae,b1052d40-184f-42f5-bbef-a63f027d6945,0cb29aa3-0c27-4efc-ab06-cd7035301e98,Commercial Papers,
e3bb1ebc-4b34-405a-b96a-f25ba4fa8f1b,13b8de8d-e3b3-4382-b444-3edfcab4947a,1c7df0af-a03b-4cf8-b8fa-d0d9137c37e6,Commercial Papers,
12707c99-dd69-423b-8f8b-d2279f9fa722,bd316754-25a2-41c4-a71b-7c96c68bc2c4,690c0adb-d399-4fe7-9f28-35c36427d109,Commercial Papers,
ca438fc1-e57c-4387-96e1-5b3b8061e458,ecb4bb92-5882-4d2e-9e2b-ca052ad8c22a,a0a368b8-de53-4b4c-ab7f-098e08f25fb5,Commercial Papers,
daad27d5-47f2-4220-ad28-8112a4146ee4,348cd817-ed9d-4b14-adb4-bfcf239878c5,c12b6e6d-398e-4084-bd9c-a54fc1577028,Commercial Papers,
c12b1368-760a-49cc-80b8-def6ed87d062,22f1b15b-1c63-413c-93c9-0f8fe5271517,cd4d8fdb-5a55-463c-912e-de2f7a95092d,Commercial Papers,
3141f688-b3aa-414b-a6e0-d747fd25c10a,4c73d3e6-349d-4083-a72d-178e108b4002,01ed9c92-eea8-4465-a2df-210a5add5b54,Commercial Papers,
c9497811-8153-4ae7-bcdc-55a5ee08dbf6,ef504ea4-3d11-4782-9388-c4491f323f29,61bfd4c5-2cab-43fe-a025-fe6596d3af1a,Commercial Papers,
be9db7a9-5742-43de-ad41-7d83684ae150,9e677dec-6abf-4546-b55a-094e76b9fb18,620be541-ae9c-4fee-a2f5-e8c0b74dd918,Commercial Papers,
458edd4f-971f-4a7e-8609-8e9816130ff2,72f4660f-ce7d-4015-b9bf-90c9545964d8,b24b2eb7-7b2c-40c7-96c0-94868807772c,Commercial Papers,
50953591-997e-4be3-8f96-0bc0d170d9c6,576d2fff-17f2-47c3-99b9-f157e45032ea,c3956a12-9805-499c-b0a8-ff2d1ed7f401,Commercial Papers,
bd6d7e54-faae-4b52-9e40-a60561f013d9,4591cbcb-c2d0-47ff-b9f1-081edb7b0bf4,c3cb19fd-1868-4aab-a965-c78d4c3c9b44,Commercial Papers,
fc08af8d-68bd-4097-b6ab-e0b557eec86e,e52aceb7-9bc0-403c-a7ee-524034694c23,17afd2d5-15cb-4e71-b601-d2c2a23dd3b6,Corporate Bonds/NCDs,
29a08344-af67-4102-9844-2121275ad234,daf9b179-a582-4650-955e-06a7309846c9,58ea2347-2be0-49f0-ac63-76a8c6355708,(c)Securitised Debt Instruments,
1a48458a-df16-4af8-8ea5-63d9f429b474,3c12aae2-e082-454a-89af-a209fca81a03,01c37485-00b3-42fd-9522-5d9c717b7b88,Description (if any),
17050670-a38c-486a-babc-747411d68676,1235aa4d-d6be-4e66-a594-97bf0a61627c,0bcd7bcc-2d5a-4b34-9ae9-13844e56f90b,Description (if any),
20466074-eb1b-43dc-a8a0-f8cf2f8fc627,3c847dd7-b25d-4346-a5f9-c1381111d28c,0c5ad541-58fc-419a-be6f-8e55f233c640,Description (if any),
c1b2a872-7141-4e4e-bb05-92f2124b3e0e,f5468236-9267-4325-9790-e8e4d3f786fe,119a55a5-583a-4abb-97de-8cf884014bd3,Description (if any),
ec243901-c79a-4d29-9177-98a493b0e5b6,e65162bc-30e3-4c70-a364-2d29398aeef6,178a817a-2685-4307-a89d-86dcd4baa47e,Description (if any),
42410a93-1d01-4758-8ccd-f101c8c5c347,40e45dae-d7b9-4622-bce8-3e342dc9a7bc,1d6e39b4-ae85-4c5e-8a64-1d9687ad6dfe,Description (if any),
6f4d4e54-cb6b-41a2-ad73-faa3da38953b,b366c1a2-eda8-4d10-92d6-667db97e46b2,27cc0ac0-b705-4538-b3f9-3f02f24bfc02,Description (if any),
ee52217c-f364-4ad1-b53c-687b68ece9f9,95f3f344-e673-408d-980a-027c67f8eaa3,2b562bc1-0830-488c-b9c7-e4feedb95ae7,Description (if any),
edeb575a-a067-4731-bc88-bd95f49f87eb,fe1f8698-0748-4cdb-912f-70d58c45bb14,2df3ab67-9963-4a55-b4fe-91d1a60f1da8,Description (if any),
6b885c8a-46ef-4086-a8ad-e8e0ebf82c25,3e0e4d3d-45ad-4f7c-ba31-4d41dd50ebaa,3ab75c75-0c8f-4b66-8f3c-8729a37ffe41,Description (if any),
fb876fec-395a-4412-9d21-0973238acd5a,f98d00b4-ba8a-4436-a88b-4b3ee8f293e2,4fc25f87-c737-4d17-bc54-9f114c8b9240,Description (if any),
26c39db9-9bc1-42e4-a194-93ddd0af2c29,c2b75d61-232f-4aa5-8ab2-107a06685819,525d905e-6fb6-4b79-bb65-83fea1304d06,Description (if any),
93c938a2-5e99-4d69-a690-3ceb3548d44a,8dcc94b2-7f90-4baf-88f5-814ee13f6cc5,61b89d28-8006-407a-9486-fa518215d8c8,Description (if any),
fb1695e4-3d48-45f6-b8cc-bb9a6a2d8e5f,8d568b47-a50b-4ad2-b8e7-3cc6a212500a,63d14f9c-b762-4761-9c66-575b4bd5cf7f,Description (if any),
3bf57cda-4770-41c1-8fb0-e119f7e41147,c013c858-d7e4-48e4-8885-935399840dd1,66ee0ab5-8db4-46ce-8bd9-c233611771b8,Description (if any),
ca9e5d59-f111-4f0b-aa8e-14c3d2e6ee91,fea8d894-1250-43ee-bd1e-9258000070e4,6f019a06-0655-40eb-a21b-4cde1ac6e96f,Description (if any),
c8f6f1dd-2f09-471c-ae8a-b4bcd8b09320,16e863c6-88c5-4567-9b1e-f6f573629c3f,8137057d-bfd5-4c97-9121-d860ae7067bc,Description (if any),
7265fb74-d0db-4273-99d2-f9debed6aacb,d72c5d6c-b05f-4a9a-9884-001911d22bf3,89e3419e-0970-45e7-b583-b13db467b459,Description (if any),
b48ffc0b-8603-4952-8517-337848023923,87c1811a-9b37-4ee1-a921-d6d54cfa31ec,8d036987-e00c-4822-9bb6-0f51cc600aca,Description (if any),
792ad1de-953d-42b1-b4ee-cc4f9ecb75bf,cb02bc10-915c-49d2-a2e1-194c15e16032,c51cffd3-33c1-4d2f-bb58-ce6376e7b970,Description (if any),
0366d8c4-040e-49c0-a8ef-4c534ee974d6,a98dbc30-617f-41d6-9435-ca7579c3e934,c92031f9-dfd1-406a-841a-37d8f5404167,Description (if any),
7e4f385d-1c3e-484e-8d4e-04da0137f7f9,337c19b1-bcb1-4dbd-9336-ea5d9b511272,fca42880-22ed-4008-9f6d-542e035a2be1,Description (if any),
a4250e08-a053-435e-9a4c-7971fbc76d97,01b1e166-9a20-43a7-baab-8bb3eaa46562,fd03327c-b296-4ef6-a792-7cc5481122d4,Description (if any),
b3d241c5-5fbd-4696-b8d4-e22a1cf6c509,a2e1afdb-6488-4cd7-b329-3cf037faa25a,fea41d02-50f2-4491-b082-2a50a518f025,Description (if any),
43384a71-0c7f-4042-b2d1-84b9b06ea4ed,2ff0c7b5-ec0f-4371-8afe-61a4b7224117,0919ace9-7c00-48c6-bcbd-0cb6ad789b93,Description (if any),
b4beedef-2aa5-4fad-9857-74081b4d7f6d,34f1a4b0-feee-42e3-87d7-68cb34f29360,0be123e0-902e-4502-b01f-61a9ad7997a7,Description (if any),
bb98b61e-e584-454d-b474-9943f978efe7,8b56b530-dda6-4d7c-a6eb-67eb77c3f745,2771fded-769b-447e-b8e8-693a9c5efbb2,Description (if any),
982d9098-37da-4352-b898-726a1802830c,bf03b6d4-f183-4273-9233-2f464066a549,2b029282-930b-4eeb-9e7c-95f4183c0101,Description (if any),
dce3767e-bdb6-4413-af8a-b07e9459d7d4,77de0052-85e0-4f1a-a4ff-6fb32ec99c92,3023206b-28b4-4917-afed-dbfb6b069e9d,Description (if any),
6f4141f6-3efb-43e7-b2e3-218840b4e6a7,31b98558-3446-4859-afd0-60e7b0c9b47d,45d85db9-6c67-4139-bb3d-7c9a61980e0f,Description (if any),
5693c665-985e-412b-ad44-2035872713be,24f3a0fc-db4e-4f5d-8ce3-0f1220c49f68,46ba0217-6c50-4e13-9a2d-aec7cb21989e,Description (if any),
6c011477-3211-4a8e-b1d8-3c955010229c,5fa02d63-94cf-49c4-b2f2-5204f3628553,5dbc46f8-1b91-4f9b-8344-6f04581cf053,Description (if any),
ec885bec-3376-40cc-8609-19729361d030,b621384d-63bb-4bc1-abfe-83c12ee24091,6c1e2485-baad-4906-b194-c35eb733df58,Description (if any),
14427bed-12d1-4861-85a3-e36d31d87a35,f3c71637-8fce-4289-89a6-119fb8881fb8,6eac1189-1fd4-4ff2-b703-9685d5c47be7,Description (if any),
5dc88557-12fa-4643-af6a-82b02d7271e7,c7b58475-3b99-4fa2-98c3-3d2dda65c37f,7c5062a0-258c-4977-b7b0-d216ce1b1dad,Description (if any),
bb452e24-ea20-4207-ad19-f17915c23284,e771da65-7c99-4e13-8cdb-d52228fbc2a9,80cb5017-b9fe-4723-828b-50e7099699d6,Description (if any),
654cbcbf-1e85-4c7c-830d-1ec4a26fbc3e,deb98325-1455-4142-bdee-b7897cc7c62d,9340339d-8096-4787-b370-a33353e17f2d,Description (if any),
84f3f7e2-58a6-4e81-ab51-48bb1f1a7820,d261d9a5-22b9-44ab-98da-1f68d27ac487,a2fba1af-e40e-4c6e-9b56-9e86d50a5cb5,Description (if any),
3a63747c-ebf3-46e3-bd77-04ac6051f8cb,3f0dc69d-77d4-4cd8-952c-3813c4871125,a38b342a-e283-4040-8b56-8b7a9b682a8d,Description (if any),
8f3a1f91-8b89-47a6-9322-482c0457e12b,8f176ebf-b1bd-4696-90e4-be5da4bb63b6,b9427387-1f0f-442b-b104-a421fcc55ddc,Description (if any),
8209cf97-8117-44ea-abf6-ad687f3a2b45,a2565b16-cc39-456f-92b3-f92c0ea1d287,c956659c-8795-4316-9aad-47f14a891a50,Description (if any),
b029be4b-887c-406d-aa0e-54c0ec2793d2,223147c2-8b24-45da-8811-fc97b939fe42,ca34063b-bd2c-4110-9f24-7e8c264f39b9,Description (if any),
237d1648-4da8-44ec-a6c2-80b624c9f2da,a14edabe-48d2-4c76-9f14-b97545126ba4,d24c6452-769b-4085-a1a1-7233aa47fafb,Description (if any),
9106e76c-d585-4761-a2c1-a83924e2a167,511ec12d-ac26-4a9e-8dea-2b7aa7bf934a,d3af99e8-bcac-478b-975d-a847478bea27,Description (if any),
42126ccc-75f9-4143-aac2-812f6a4bd792,c59f97f8-48fe-49b2-9b93-c9d26f4d00ac,d86b1420-d8c1-4cc6-9e72-f762715a42cd,Description (if any),
56401a2a-e148-4c8f-8739-56750ff961e1,a56c15d9-9072-4a7d-b591-f2212bc23d5a,e397d37b-6bbc-4a06-b5c4-37db06d47460,Description (if any),
fd50e506-82c8-4c5d-907b-147108c0e9fa,57bf7fdd-93b0-487e-ad92-4a8aa8661288,ea765807-70a2-4c54-908c-3e6c6b1a93c9,Description (if any),
fe15d16b-9f6a-42cf-b34f-a1c42bd40b2b,683857a7-d74e-4bd0-a718-e5a298157857,f05ca9cb-f187-4f0c-8a6e-6451ade8c1c7,Description (if any),
27dda84c-53ac-47ba-bfa3-872ef27cc75e,2fae2a62-d20d-47ce-afa9-2db98b06ad1a,f395b399-409a-4a42-a47a-57c3e233ce90,Description (if any),
49e94a77-b76a-4a20-bc3c-2cda3de3a158,363fcd54-58de-409c-83a1-9307268d95ae,04d671c3-3875-4f4c-8e46-4bceb7b51a17,Description (if any),
af96e38d-93e1-4e21-ae21-c9a65f55e637,39d85bfb-703d-4abd-9904-af0019204b9d,05ea7941-0d29-4b86-8ba5-63aa657563b9,Description (if any),
37e25e24-ba3b-4f69-b886-1dabc2fa69ef,bd316754-25a2-41c4-a71b-7c96c68bc2c4,232abffe-8021-4c3e-a4f9-9cecb1f64ad5,Description (if any),
733f9fc9-875a-47e4-98e2-6c623723a9d3,888e2b8d-b16f-41df-9a54-321b15f7ca68,3e907b16-151d-4ff9-9561-bee659cc2abc,Description (if any),
5a62b1ed-84eb-4e47-b0d4-f092ce2768ae,b1052d40-184f-42f5-bbef-a63f027d6945,40b55749-8628-43eb-a435-26b3ea83f9a3,Description (if any),
5ebc8a4c-57a0-4449-a6eb-0d06ebe5bc5b,12639e2c-ae37-48bd-b977-7c0e1a8965e1,490c1a4b-5737-46ab-b90d-b1990c77c983,Description (if any),
c1a422ba-f996-43aa-b7ae-f1c274d2af89,62889a4c-18a0-4360-a661-25a9cd03d7e3,4b428daa-3276-4e82-bd07-64eacc52cc16,Description (if any),
7fa3bf2f-34d5-4fc7-86cf-c4e0d7c7e70f,e1bc241b-d20f-4365-8f21-1dc8bae4ddc8,5518f12a-05c0-423a-abe0-8ddc62e3c170,Description (if any),
2f8d6c71-db53-4f29-bb69-5c390a7f796a,13b8de8d-e3b3-4382-b444-3edfcab4947a,64e4eb56-9bad-4bdc-a0f3-b949b27e3284,Description (if any),
07dd8657-695e-45d5-840a-a357065da5ef,e108a83c-f147-43d1-8812-128be3c4b7b1,71329946-b9d9-41da-929e-c69616eb0d64,Description (if any),
12e25afd-fb5d-437c-b035-bbb989d5d548,5f56202f-1a1b-46ab-9352-32c451eb1f2c,782d10aa-7a97-4a71-bf2d-f510a55086b4,Description (if any),
2ec7af4c-1829-4403-9d06-aaa8ff749b70,16a96514-a294-46ce-901c-b833cad422c8,823fb16e-e1e6-440d-b8ad-466946dfb2da,Description (if any),
f99fe0b7-ed98-43d6-9eea-544b1e178496,df12f86f-e985-4385-adc3-77b0d98a2837,851c7156-9c4f-45a9-a656-4fc6a76421ab,Description (if any),
b21eef92-91d2-4611-b033-a33b69ce87bc,2663f05d-b3bd-4f5d-be47-2ab33a519e02,854962bd-3df8-4616-ab64-388555e2b270,Description (if any),
ff004eff-5768-48f1-88c5-287adf97a50f,066246e5-9f5f-4ddd-8f0a-5a6cb36e2c5d,89ac4d00-7f00-4bf7-b91a-c449b363278a,Description (if any),
fdb93d94-bf5b-4169-bb6f-a299c5a9be61,05476498-9a2a-47cb-89a9-1eb58ac325c0,94f82a0a-28a6-4840-abf5-79d2f238731a,Description (if any),
499068bd-a000-4939-8703-49f1c1d4d24c,ea59472f-5dda-4f56-b0dd-cba0dba8ea44,9bb34ccd-b931-4ffc-b715-2ef1a1daacc0,Description (if any),
ade01cb6-3c6a-48f3-920f-647a56610204,10ad78f2-1f9e-475e-b925-9a73a663204d,a3d94934-b281-47ec-b7e5-086f0dd824a0,Description (if any),
f40e3520-4664-452c-b3ad-2f53dc45f50f,4eb221fa-52ef-4da6-b995-36f34efa70f1,ae947cd9-a9ba-4975-8725-87a53db548e9,Description (if any),
d8ab165c-4206-4835-8148-add178729848,22f1b15b-1c63-413c-93c9-0f8fe5271517,c3241dca-f1b6-413c-849e-97fd64914a5c,Description (if any),
ba29513e-4ac7-41c8-a3a5-930f25ab9bce,6b5d2872-40b1-4bb7-a0c1-e5368cadff36,d4e16c72-c155-4a81-95db-cab501e5b10e,Description (if any),
f56fde8e-d162-433a-a822-ba81eccb5dc9,ac293497-c767-44e8-9fe1-6db65b2d69dd,dd1e9000-c302-4dbb-b43a-66bdd50f7fae,Description (if any),
0cd313ba-754d-4453-9735-e1e3937e1a76,08180163-e2b7-47f6-b1ca-a69843c50340,00f21abd-a203-4df3-bf36-4d1d452e59a8,Description (if any),
19064bf0-082e-450c-b2d1-54b49c492d5b,576d2fff-17f2-47c3-99b9-f157e45032ea,125cc6ee-862c-4094-b1c0-4d20d01e9afb,Description (if any),
655ef483-7f96-4d87-912d-9dd82fff08ab,4591cbcb-c2d0-47ff-b9f1-081edb7b0bf4,1db97e52-bd46-47c6-8c26-448de5a276f7,Description (if any),
f08c5a4b-219a-4091-9d5f-b6cb2f653c2a,d752970f-f545-4c22-b17e-1cb88a905642,24f0b645-2184-45a6-ae51-f4570b3fcff4,Description (if any),
de1ace6b-ab0e-4500-90a5-4ce9bef5fcb6,99d7c8e0-e9e2-4665-b808-5d81bdfbd7eb,2cd0aad0-eec9-4b22-b8c2-aef5c41d387c,Description (if any),
0ce63117-6822-4765-92be-948a1c11caf8,22643a51-52f7-491e-8402-99edcead8da8,2f8ea927-b4e1-4a3f-a99c-730e00812ac1,Description (if any),
4b012641-64a9-4d83-8a4e-8bebc3f61a1d,58a2a794-3677-48a2-a932-29a7511b4791,4cc78db5-2670-4088-941e-3d2625d67bc9,Description (if any),
54d44857-07d6-4e76-8a0d-dc97b39af654,dcf0a87e-d85b-4a7d-908b-f096a8532005,4f17b756-375c-4091-bbc0-11442c48850b,Description (if any),
98153db7-9849-415c-a6e4-e01bb64ba21d,dd454cb2-6c59-4c6c-b8ae-adb8afb44272,5a9a0579-7abb-4c3c-9ce6-92954be395c6,Description (if any),
68f7fac3-4859-4955-bffe-c63fe954e9c9,72f4660f-ce7d-4015-b9bf-90c9545964d8,a73ce32d-01a2-46be-826c-b4dc8ef03ad4,Description (if any),
2a613cdc-f16d-446b-b3a5-44c25f26b36c,b90689ce-b04b-4728-9417-d7d5cf29a889,aa21a85c-1acc-4cbe-84bf-f7fcfb6fd38e,Description (if any),
db7d408a-1722-45e5-87c8-b7b5142b9649,dead7470-4f29-4afc-8b73-40d16e6240a4,ae73a713-1732-49eb-a848-aa001aad4a70,Description (if any),
1c7ae051-0d42-4ad4-9636-de1a5bca2a01,ee7f77d7-6936-4d83-ba59-9e88403bb081,c7737fac-a5ce-4670-8868-de4189389b6e,Description (if any),
bd834ed3-38b4-495a-be4e-6cab5141ac33,b04e2240-e78a-4780-ae55-0f23beee477d,d2cb8a40-d191-4c00-8652-90c53c99ae2f,Description (if any),
e7b6d5cc-9af1-4092-bbf8-8d2269981bcf,ef504ea4-3d11-4782-9388-c4491f323f29,d443d3e0-fd97-4bc0-92dc-351baeafa975,Description (if any),
b4d24397-824d-4a11-b5e0-5a9500e0304a,238fc44a-9b8a-44b9-be62-eab288fa9118,d5590952-8bd6-4369-a1c4-5f94c0850331,Description (if any),
31ee9087-e336-4b67-9229-70ac7454aa37,551a5203-3c95-4b5a-9daf-cf2a35524a63,dca97906-e7b0-4fa5-9574-8baf4763e455,Description (if any),
e1da110d-6e48-436e-b9a9-b9755368fab7,9e677dec-6abf-4546-b55a-094e76b9fb18,eed89a88-6e83-495e-9deb-9719bfb121e4,Description (if any),
62af4643-e536-4954-851e-6275ba3e731c,c5003a7c-0c45-4124-b5df-d5bd44e717c2,f9e4f744-bc58-4a44-8882-23c6eae7dd40,Description (if any),
b1255591-2aa6-4c2b-bdd4-4b3e9a5bce8d,66a2a0c5-3f43-471c-b626-ab10373f21bd,6b60419d-b26f-42ef-a03b-1a3c94009780,Equity & Equity related,
5ddddbac-b50a-4c3e-8844-8a6d93900495,c9dd90f9-e007-45a8-b0ef-992befb89f1e,053fa9b1-fefa-4fda-9319-9eba4c302054,Equity & Equity related,
56b9a923-a5e0-4718-bf3c-67223c2356dc,62a10e5c-613d-4942-bc99-0ad021b1d805,251e5aec-ed6a-4d55-9d77-98aac7b13bf8,Equity & Equity related,
9a1ba476-a853-4b4a-b046-43b960daf051,5a584e4a-c747-4c52-8e2b-8e31dab7052b,47bcf7ff-7fcf-4d48-84a5-a3f08bb37f5f,Equity & Equity related,
a89392a0-2bac-4573-bcac-981644c37268,03201d2f-0aa8-49b4-9220-a310f57b034b,bd0abed6-5676-40cb-a14c-6c214caf8941,Equity & Equity related,
d6cb93b7-1656-4362-8541-fbb06b7605cf,b405169e-b10b-4cd6-a5a4-86f7ec69b705,cdcc1d5f-50cb-4e0b-9fe3-f939384595bd,Equity & Equity related,
d2fcbf10-a825-4876-a32a-022a1e67bf95,e52aceb7-9bc0-403c-a7ee-524034694c23,b6d7f5ad-9422-43a4-bea0-f9173d655754,EQUITY & EQUITY RELATED,
7835c80b-a512-4512-a812-818ef5d3f727,d3c386fc-ea8f-40f2-9b38-8af9e4092072,3245aaf5-9456-4588-aec2-d8c91cfb3117,Equity & Equity related,
8d45f246-5388-44da-9f12-dec784010cb0,c21cb746-5943-42d6-a552-401e685f9f7c,55056e29-175e-489a-8bf8-a1eaeec28b4a,Equity & Equity related,
c2796801-a420-4709-88b1-315975736d53,fe1f8698-0748-4cdb-912f-70d58c45bb14,3eab4770-69b4-492f-b0e8-f32e4e2f3afa,EQUITY & EQUITY RELATED,
2f3802dd-eb70-4651-9e82-2b843a14c34f,d261d9a5-22b9-44ab-98da-1f68d27ac487,852a5f27-2b8c-467d-be5f-0a14b9f60103,EQUITY & EQUITY RELATED,
75ef901a-6870-4111-a3ba-117c7289701f,df12f86f-e985-4385-adc3-77b0d98a2837,f1af78d2-37d6-4ef0-80ad-c6d52f978f6f,EQUITY & EQUITY RELATED,
acba26ad-041f-4990-99e6-990463d95f0f,551a5203-3c95-4b5a-9daf-cf2a35524a63,a4fdc414-2e96-42cf-a9b3-572d2dccab69,EQUITY & EQUITY RELATED,
ce7f5098-bdbe-420b-a5ed-19d820c78f93,d9429dab-a237-43e3-a000-b146827512ff,904f3b45-c467-41d0-bf51-419f1c208c97,EQUITY & EQUITY RELATED,
e8b940ec-3014-4818-aaa5-065525e349c6,7288268d-4866-444f-83f1-848813aa4de8,caf5df24-ec8f-4ed3-bad9-ea986645da02,EQUITY & EQUITY RELATED,
3cbaf170-b305-4723-aa21-0a50bc97e669,0d00ad8a-dea6-4259-a506-ba3b7865a52b,e912641e-e369-4ee1-990f-2a30e472023b,EQUITY & EQUITY RELATED,
25315757-37a5-49ae-b83b-593c618a4ec2,f855102e-8f88-4045-a52a-5715438a96de,607fa53e-5219-4a78-8d75-31b4eb268313,EQUITY & EQUITY RELATED,
dec890f0-0dfb-4d32-8054-15094b399ff0,efdcd646-83a4-402c-9591-178f922be735,8ad211ac-38cc-47c4-9c8b-5055353d18ad,EQUITY & EQUITY RELATED,
21281ddd-b014-4677-8b4c-9675ce10c17d,a27952a9-a93c-4a45-a163-9c6ecf55dfda,f5b03cc3-13e0-4d35-b1e9-31d46a339633,EQUITY & EQUITY RELATED,
0804d4f2-36a2-4308-af1a-62a5ab20dc01,c8e858cc-96aa-460f-a450-90c5624ad51c,8cfb36ce-f378-424d-bf16-58091d08ee16,EQUITY & EQUITY RELATED,
91537351-1cf3-4b5a-83c9-e524af371f00,4385658a-d467-49a6-9309-08aa51c8528d,e18828c3-0d29-4269-adc4-3f535a90776d,EQUITY & EQUITY RELATED,
001a4510-6305-4e3d-a8fd-32317ab8a373,1eebaf52-350c-4f21-9951-54370eb68dad,922e93d3-e7c9-4fb7-9b82-d9c17b35612b,EQUITY & EQUITY RELATED,
c8379314-5439-4539-8952-0fa5beecb36b,a96ee8c2-5907-4ad0-b428-c6af28438ca7,0878dc24-f3b2-4f12-8444-c639645abde4,EQUITY & EQUITY RELATED,
f76c8e62-de88-4959-983f-e6624e8e0c94,c9dd90f9-e007-45a8-b0ef-992befb89f1e,de9352a3-7e9b-4279-a323-e56c588bfadd,Equity & Equity related Foreign Investments,
7cfe6d0e-2789-4a3b-90fb-b9ed3bc834c4,640093d6-8321-4eeb-917b-9f208df0b555,cf21e793-8bad-49df-850f-1ff6b4a129a9,GOLD,
97a9dc49-3b5f-4f0e-94ce-9b3e4afe6ee7,ea8b2bcf-25d0-4336-b27f-beecbc4cc045,784cc52c-aed7-4f2a-bfdd-d421cd0aee3d,GOLD,
8bf7abbf-b0a6-44ba-b449-51df72e9bb64,ea8b2bcf-25d0-4336-b27f-beecbc4cc045,fddd0c3b-5483-4b8c-8f48-8f4a594b929f,GOLD,
359e5f63-4e2d-44b0-8338-48ba79d0f3a4,8d568b47-a50b-4ad2-b8e7-3cc6a212500a,060c4435-39fd-4498-a02f-c6efc3562284,Government Securities (Central/State),
7fb3990c-6782-4cfb-87ba-07b2bf5c7d76,c20da3cb-ea77-41a7-ba29-b756d147545a,08a6c852-6c93-4f26-a742-d86bacda8717,Government Securities (Central/State),
f215c137-678c-46c1-95d2-498cbb8e60c6,e65162bc-30e3-4c70-a364-2d29398aeef6,183612c3-5eb0-4688-89bf-fae183d55fa4,Government Securities (Central/State),
26d775cd-0768-4875-869c-ca5219f24064,c8b2fbcd-6835-4a64-b790-0486910a39dd,1f0204db-80a9-465d-8b36-4a67ae79363c,Government Securities (Central/State),
e8e7bc63-0ebc-4138-aa02-1cf5d1b9cb84,a98dbc30-617f-41d6-9435-ca7579c3e934,4c22580e-c1e5-414b-a7e3-f6d08c6ae4c5,Government Securities (Central/State),
fbef125f-3cc7-4d4f-a9a7-c296e90c9677,f5468236-9267-4325-9790-e8e4d3f786fe,4fab46d5-9f0c-4e76-b91c-deffcc58f55a,Government Securities (Central/State),
f019b1ba-5067-45f4-92a6-eeae4da15c80,40e45dae-d7b9-4622-bce8-3e342dc9a7bc,4fea296c-47b9-422b-b7e1-a7f54b70e158,Government Securities (Central/State),
df0c13cc-9b60-4df6-a602-4e306eafe8b9,fe1f8698-0748-4cdb-912f-70d58c45bb14,551daa38-8021-49d2-8525-7a8660e31edd,Government Securities (Central/State),
4990aed3-8dc5-4511-9caa-079852305caf,b366c1a2-eda8-4d10-92d6-667db97e46b2,5df40b35-e123-4272-9aaf-f788fd94158a,Government Securities (Central/State),
5fc715ce-0543-4a48-9316-27503d8b82ce,c013c858-d7e4-48e4-8885-935399840dd1,65648fb9-27d6-46af-9af0-8af634cbd1fd,Government Securities (Central/State),
bc1dd044-7e67-449a-8fc8-7c560e0d17f6,3e0e4d3d-45ad-4f7c-ba31-4d41dd50ebaa,7236c189-b602-4abf-bfde-ef97e15da985,Government Securities (Central/State),
d610f2a2-1921-473d-b8c4-83ba753177fe,d72c5d6c-b05f-4a9a-9884-001911d22bf3,73ae7290-b350-43b1-af9e-4b1090e2e0be,Government Securities (Central/State),
82fa1508-9632-42cc-99b4-12a29b03cdfd,a2e1afdb-6488-4cd7-b329-3cf037faa25a,850b90c0-d134-4b13-bd9f-62b200556f29,Government Securities (Central/State),
d7581308-d737-4909-9aaf-67e92605a8fd,f98d00b4-ba8a-4436-a88b-4b3ee8f293e2,8ebee0f1-dee2-4f16-ab52-8f96744725ba,Government Securities (Central/State),
74715c7e-932a-49ba-9d91-e713ad0d80fa,cb02bc10-915c-49d2-a2e1-194c15e16032,af518df8-9ce9-440b-9631-5d48105fb601,Government Securities (Central/State),
e7fc49b2-3cab-43d6-a569-47af6a5a75b3,8dcc94b2-7f90-4baf-88f5-814ee13f6cc5,b1e87114-307f-4f11-aab5-b6211c536b22,Government Securities (Central/State),
202afa44-18d0-41f7-a8a8-ed60081c747f,337c19b1-bcb1-4dbd-9336-ea5d9b511272,cba7bc04-4a60-498a-828c-77f7447b91ec,Government Securities (Central/State),
299668a5-dabb-46d7-ac65-a440c12c8c5a,1235aa4d-d6be-4e66-a594-97bf0a61627c,d869cb7a-1087-4993-85f2-1b0e1ba6ecc3,Government Securities (Central/State),
0e804757-f466-4e40-8be1-c7804c91a907,3c847dd7-b25d-4346-a5f9-c1381111d28c,dffe19b6-e70e-4e0a-998b-097ffbacaeb5,Government Securities (Central/State),
d7e06c5c-74e1-489b-a5e0-8c0b794d3c05,fea8d894-1250-43ee-bd1e-9258000070e4,e49312db-670a-49f9-a5ca-04b6e6275d3c,Government Securities (Central/State),
56ec984f-539d-4c41-be44-9d38a3af71f6,16e863c6-88c5-4567-9b1e-f6f573629c3f,eeaf5d12-17e6-41ea-9893-1bac29b2c574,Government Securities (Central/State),
08b75e89-4b10-46ba-8cdf-bfcb94980089,a14edabe-48d2-4c76-9f14-b97545126ba4,10e2e913-791e-44e3-888e-ff304f0698a2,Government Securities (Central/State),
e11512b9-3114-40c8-a5fa-42feea5d25a4,8b56b530-dda6-4d7c-a6eb-67eb77c3f745,2d6d9996-e48e-4deb-9501-11434425850c,Government Securities (Central/State),
672bb8f1-07ea-4979-9670-025575ec79d5,d261d9a5-22b9-44ab-98da-1f68d27ac487,2e9ca767-244d-4ef7-a5fd-e3ef796561ec,Government Securities (Central/State),
9856eed2-7714-4320-96e2-3c7b58ef210b,deb98325-1455-4142-bdee-b7897cc7c62d,33848e23-7273-4ec1-aa53-33c80a4a7bca,Government Securities (Central/State),
dab93267-f1f9-4cfa-bbae-18515b32e3b1,2ff0c7b5-ec0f-4371-8afe-61a4b7224117,3d46598d-1cbf-4b2d-8bcb-63ab344fc795,Government Securities (Central/State),
81866bb1-52ca-4d5d-8504-1d3dcd831e05,c59f97f8-48fe-49b2-9b93-c9d26f4d00ac,4ab59677-ae53-4dcb-9042-02f07a9e5834,Government Securities (Central/State),
13feeb68-65fb-4d5c-a1c9-c647c52a8ae5,e771da65-7c99-4e13-8cdb-d52228fbc2a9,4b172ff3-097c-44fb-a7a0-24b56cdd7333,Government Securities (Central/State),
0e4b1f3e-c561-4574-a840-cc877a8dbeb0,8f176ebf-b1bd-4696-90e4-be5da4bb63b6,51c13bd1-dba3-4b08-9167-93bff3261963,Government Securities (Central/State),
34d177cb-71e4-4cb7-bc03-0a44c02fb8b0,a86a1ca2-80e9-41a1-a8d8-b1e2afb0159c,5f8eae51-5e33-4932-8109-3775a91e592b,Government Securities (Central/State),
c863b67c-b9f8-4355-a690-3a9fcff01d04,5fa02d63-94cf-49c4-b2f2-5204f3628553,60359627-ab3b-4228-8111-66f71cad429f,Government Securities (Central/State),
33b2170a-64bb-4516-915f-f724b7985c96,a2565b16-cc39-456f-92b3-f92c0ea1d287,68d74f99-8bc2-4c3e-a0b3-5f6302bdb490,Government Securities (Central/State),
7ef11a1a-d61c-4503-84dd-78f19fd63f0e,bf03b6d4-f183-4273-9233-2f464066a549,7b1e15a4-e9d1-4f93-9b25-570fb6bf3ec6,Government Securities (Central/State),
03c341d8-51ef-43be-970d-578bc2fbdf0f,511ec12d-ac26-4a9e-8dea-2b7aa7bf934a,7b7676ce-9f07-41c7-a4d8-9b8498d13ee9,Government Securities (Central/State),
ed89e1f9-4853-420a-82f8-444c252ea7ff,3f0dc69d-77d4-4cd8-952c-3813c4871125,7d1e2b50-b342-40cf-8f21-7eeccd0bf5c2,Government Securities (Central/State),
777a7ae1-2ca5-4a40-979c-5238a8970e42,223147c2-8b24-45da-8811-fc97b939fe42,9da6cb97-66cf-4f1b-bfe1-dab100fcdec2,Government Securities (Central/State),
ab46b2b4-f8f6-47c8-a7ea-133db35c4a65,2fae2a62-d20d-47ce-afa9-2db98b06ad1a,a1ff9ad5-946f-4acd-829e-58583b17d611,Government Securities (Central/State),
015bef55-22a3-4535-92c1-e11e0bb98ef0,f3c71637-8fce-4289-89a6-119fb8881fb8,bf42878c-0e79-4d3b-a7c7-f0bf3819d849,Government Securities (Central/State),
a15f0055-abdb-49f7-ad10-affd80f3e5a5,57bf7fdd-93b0-487e-ad92-4a8aa8661288,c4f09761-2e21-44e9-9a96-a59e5b71ee2a,Government Securities (Central/State),
1179ff83-b333-4460-aa2c-c98e0d8e76a7,683857a7-d74e-4bd0-a718-e5a298157857,cefd6af7-508b-4c9d-a9d0-5b4a45fce0ae,Government Securities (Central/State),
42ed4797-ccbc-4006-81eb-59dfbf5cbe58,b621384d-63bb-4bc1-abfe-83c12ee24091,d01793ca-885b-421f-ac0c-c7fad67cf024,Government Securities (Central/State),
cb594f43-dff3-4c87-9c8e-d432707e5148,24f3a0fc-db4e-4f5d-8ce3-0f1220c49f68,de7ac9bc-eb45-458f-8e6b-1618eda9029f,Government Securities (Central/State),
9a2f02d3-7019-4336-9c88-9c183ee33735,4eb221fa-52ef-4da6-b995-36f34efa70f1,13bfa1b7-9fdf-41a0-b682-9864488000e7,Government Securities (Central/State),
c3735635-3766-4963-b56a-3ef638688c0a,62889a4c-18a0-4360-a661-25a9cd03d7e3,208142c3-832b-4f97-bccc-9c47a5f4ecf9,Government Securities (Central/State),
3652075b-e85a-4a0b-95ca-fa4a79e095f4,6d337ab4-dfda-4814-8448-4293ef1bd14a,2a46f904-3dbe-4ba2-9b4e-aab08ffbb2a1,Government Securities (Central/State),
cd3b9e79-d864-4d1b-8d6a-ad70a7503fda,ecb4bb92-5882-4d2e-9e2b-ca052ad8c22a,47b472a3-713e-4118-bd05-c895c3d7f5db,Government Securities (Central/State),
6e262fa9-b130-4080-9a50-ee087ce0993d,066246e5-9f5f-4ddd-8f0a-5a6cb36e2c5d,49ee5c26-da01-4cb9-98a9-bec868ed45e7,Government Securities (Central/State),
c6b0ebd9-b5e3-441c-be72-7be85f784c72,b1052d40-184f-42f5-bbef-a63f027d6945,6976883a-5a7d-4be3-9921-5c167c9a6692,Government Securities (Central/State),
d072f22a-62c7-4509-a4c5-075183cd0bec,e108a83c-f147-43d1-8812-128be3c4b7b1,7030f61d-f3b0-4e14-b9cc-41d65f12593a,Government Securities (Central/State),
73f41627-850a-46d9-9873-b2dc16a9d913,5f56202f-1a1b-46ab-9352-32c451eb1f2c,755ef2ce-2de9-4b07-815f-c877c4058d25,Government Securities (Central/State),
ed67c882-be66-4889-893f-b5488faa3b5b,22f1b15b-1c63-413c-93c9-0f8fe5271517,76ecc918-1ccf-4e5b-9ef5-ada11f30f824,Government Securities (Central/State),
564d02a7-560e-47a3-8f33-1bcde9b9f580,ac293497-c767-44e8-9fe1-6db65b2d69dd,79ed93f0-ab0f-465f-a39f-8cb3a7ccd00c,Government Securities (Central/State),
6a311971-ee6e-4df7-8bcb-009b44c570fb,05476498-9a2a-47cb-89a9-1eb58ac325c0,86a4bc41-8e38-4375-947b-e721d2bc0da6,Government Securities (Central/State),
e7ea6374-9204-48c6-8779-c8784001a39f,df12f86f-e985-4385-adc3-77b0d98a2837,9f1c3dc2-5ca9-42aa-adc5-2f15615c67df,Government Securities (Central/State),
08fc57e5-a5cb-4a99-a993-c192666caec8,363fcd54-58de-409c-83a1-9307268d95ae,ac775cfd-0c56-4ad5-9c48-6150c2af48ab,Government Securities (Central/State),
b07542e6-e57f-40c2-a940-cdb0c47aa6f8,348cd817-ed9d-4b14-adb4-bfcf239878c5,b73ab2f2-84ad-415e-93b6-f498997e7f93,Government Securities (Central/State),
d78be5c9-dfd1-46ba-a18a-7d731e45152c,e687fca2-57d4-4be7-bd32-c155ca522388,b83a95da-7c6e-4a9b-8090-d714fe660213,Government Securities (Central/State),
db7d8e97-fc7f-4287-878d-21611cc91751,2663f05d-b3bd-4f5d-be47-2ab33a519e02,c4570eb1-7565-446d-96ab-cd8e18298bec,Government Securities (Central/State),
a3b65008-369f-4fc3-a81c-566165393a1a,12639e2c-ae37-48bd-b977-7c0e1a8965e1,c9e66ba2-3aba-4e47-bdfc-1aed3e8f358f,Government Securities (Central/State),
366219a0-5da9-4085-ae2e-1a869cea63d4,39d85bfb-703d-4abd-9904-af0019204b9d,ce5bf26f-3f05-4d2f-828c-640716e165a7,Government Securities (Central/State),
5e96116f-23d8-4dae-83af-d1e3e18b797d,10ad78f2-1f9e-475e-b925-9a73a663204d,d19415e0-79be-4e25-a366-1e36f76b3d29,Government Securities (Central/State),
ca259282-2ade-43fb-82fa-e2cdb5d9c3a6,6b5d2872-40b1-4bb7-a0c1-e5368cadff36,d19ffc19-9bae-4094-b9d3-b367481ebf12,Government Securities (Central/State),
89da2345-8997-43ea-bd57-d9c73b401bdb,13b8de8d-e3b3-4382-b444-3edfcab4947a,f470e02d-5d0f-4182-b9d7-e94e6e0a335b,Government Securities (Central/State),
c2b3c788-17f2-41de-914e-d76dded9476f,99d7c8e0-e9e2-4665-b808-5d81bdfbd7eb,1285ce04-97bb-4ffa-8a7e-749c685756ea,Government Securities (Central/State),
4fe53018-442d-4aa6-a4e1-0b03cd59403d,238fc44a-9b8a-44b9-be62-eab288fa9118,134b931f-28fd-44ef-8095-e4b068835345,Government Securities (Central/State),
f4dcd3cc-dc1c-4deb-9350-e82f5a8b4d93,9e677dec-6abf-4546-b55a-094e76b9fb18,390074b5-7d27-4fcc-af96-b8aa28886cbd,Government Securities (Central/State),
96b05eff-7a05-4f70-99ce-edac42bebae5,28b94171-7504-450a-a21a-c461e2063bb1,550cff97-41b3-4d26-93fe-39e636bc66a4,Government Securities (Central/State),
3b0a2a79-e20d-4a68-928d-0f7fd928856e,08180163-e2b7-47f6-b1ca-a69843c50340,6e0b6f0d-06b3-4610-998a-51298832138c,Government Securities (Central/State),
3a8bdad1-d1f0-498a-92ce-f14593642e46,f8afd568-b109-44ac-ba3e-5225892fef9f,725b4999-07cb-453f-8d02-54ac294f5414,Government Securities (Central/State),
183573ce-36fd-49b1-99b2-5e72d087b4c5,dd454cb2-6c59-4c6c-b8ae-adb8afb44272,72db1fa6-ea1b-451a-aa1a-b8f9465fbe1d,Government Securities (Central/State),
191ec123-29dc-462a-b7ac-c47b04dc2b7a,b90689ce-b04b-4728-9417-d7d5cf29a889,8efced55-c265-4fcc-bb3e-87acbd76a67f,Government Securities (Central/State),
ce7bc02e-ad42-48e2-aabe-b699faebfdaa,22643a51-52f7-491e-8402-99edcead8da8,a2612b1f-fb44-4d34-b01e-bd90c0cc9c00,Government Securities (Central/State),
b7f0e2fa-2702-458f-9e9a-50ecb15952a9,72f4660f-ce7d-4015-b9bf-90c9545964d8,a7f40527-20e9-4c03-b60a-32687be78c43,Government Securities (Central/State),
84b8967d-a24a-4ffa-9ac9-0e02e7c67e05,ee7f77d7-6936-4d83-ba59-9e88403bb081,b0679494-f3ec-4d1a-ab73-7ac64d2c28a9,Government Securities (Central/State),
c9b76c71-e1e6-4cc0-a934-96d98c53888b,58a2a794-3677-48a2-a932-29a7511b4791,bcf26247-a5c1-42f0-b7c3-4a9c84925d89,Government Securities (Central/State),
f45c0755-9caf-42ff-8a5d-41bb86230bc2,dead7470-4f29-4afc-8b73-40d16e6240a4,c215b4f1-bd02-47ba-aa6a-ea81911bb8b3,Government Securities (Central/State),
371c0898-172d-4600-9c83-be9e1947777f,551a5203-3c95-4b5a-9daf-cf2a35524a63,c83acfb4-74d4-4b02-a06e-58ebfaf2769f,Government Securities (Central/State),
84ae736d-4fd1-4c1d-a9b5-b17997b25c35,dcf0a87e-d85b-4a7d-908b-f096a8532005,e2624b16-23fc-480d-b5e1-b45f32c642b1,Government Securities (Central/State),
53ae759f-c2d8-4f5f-9450-a99f8a8951d8,c5003a7c-0c45-4124-b5df-d5bd44e717c2,e61887e1-1f71-4760-84d4-4ec8c41f35da,Government Securities (Central/State),
bb32d982-a77d-475f-8657-64d84809b2bd,b04e2240-e78a-4780-ae55-0f23beee477d,ec0f85ab-505d-4ca5-9619-68b4667f69b3,Government Securities (Central/State),
eec5e640-9722-4295-8e0f-3e2287fa85ee,fdd0027b-0401-4d6d-998f-e43261872872,eddb51d2-1c9a-4df4-bc3f-326daf4e98be,Government Securities (Central/State),
437eee86-546f-4e68-b3ab-b8d7645d7f94,4c73d3e6-349d-4083-a72d-178e108b4002,f283de93-5dc6-4f82-a552-1d4ad75cf6f3,Government Securities (Central/State),
796ddbc6-149e-4720-aea1-148407f5b1ad,e52aceb7-9bc0-403c-a7ee-524034694c23,80ec0415-19ac-4091-8a9e-04696118938d,GRAND TOTAL (AUM),
02f67b71-ff00-4f23-8e45-76700b77f5f7,16e863c6-88c5-4567-9b1e-f6f573629c3f,19335148-5f93-4933-842e-2c54bcefed20,Image not available,
14fbbf29-6589-45c7-8e0e-fdbe9153f485,16e863c6-88c5-4567-9b1e-f6f573629c3f,d6fce861-653a-4de2-9bef-11bd3040accf,Image not available,
3beafd95-5311-49ab-b3c7-5b404d5b92b9,8dcc94b2-7f90-4baf-88f5-814ee13f6cc5,148012c6-4da5-44d1-9582-ebd22c65cf53,"In case of below securities, DSP Mutual Fund has ignored prices provided by valuation agencies. Disclosure vide circular no. SEBI/HO/IMD/DF4/CIR/P/2019/41 dated March 22, 2019 & SEBI/HO/IMD/DF4/CIR/P/2019/102 dated September 24,2019  for detailed rationale along with other details are available at the below mentioned links",
a08f2129-8621-4eb3-8798-f244bbab6575,3f0dc69d-77d4-4cd8-952c-3813c4871125,0e9fe0e8-5745-45b1-bdaf-fb10fae69636,"In case of below securities, DSP Mutual Fund has ignored prices provided by valuation agencies. Disclosure vide circular no. SEBI/HO/IMD/DF4/CIR/P/2019/41 dated March 22, 2019 & SEBI/HO/IMD/DF4/CIR/P/2019/102 dated September 24,2019  for detailed rationale along with other details are available at the below mentioned links",
754b6ce1-4d30-43d6-ae84-1c221af24493,363fcd54-58de-409c-83a1-9307268d95ae,29f60de3-ee06-4874-b44b-72968d032d97,"In case of below securities, DSP Mutual Fund has ignored prices provided by valuation agencies. Disclosure vide circular no. SEBI/HO/IMD/DF4/CIR/P/2019/41 dated March 22, 2019 & SEBI/HO/IMD/DF4/CIR/P/2019/102 dated September 24,2019  for detailed rationale along with other details are available at the below mentioned links",
860b9cba-a28d-4e73-8fa5-c5a91b523386,c5003a7c-0c45-4124-b5df-d5bd44e717c2,4979a5b6-7385-421c-9a7a-f261da478dfd,"In case of below securities, DSP Mutual Fund has ignored prices provided by valuation agencies. Disclosure vide circular no. SEBI/HO/IMD/DF4/CIR/P/2019/41 dated March 22, 2019 & SEBI/HO/IMD/DF4/CIR/P/2019/102 dated September 24,2019  for detailed rationale along with other details are available at the below mentioned links.",
1278a286-8ef3-4d34-9b43-abb295463d3d,a98dbc30-617f-41d6-9435-ca7579c3e934,03ef6e70-6ca7-4f4a-9e94-e6d2fd92bd51,"* In case of semi-annual YTM, it will be annualised",
29d84e24-5cd7-41d2-889b-fc88fece4471,fe1f8698-0748-4cdb-912f-70d58c45bb14,05ca66b6-0a70-4ab6-9a40-b2a72f9b0fbf,"* In case of semi-annual YTM, it will be annualised",
1ba34ad7-398d-4cc6-9f46-d8184e0f8d48,e65162bc-30e3-4c70-a364-2d29398aeef6,0718ad34-d9fc-4367-be2e-14fefe8f7996,"* In case of semi-annual YTM, it will be annualised",
dd6dcdbd-68d1-4fe5-a845-568a480f7c61,3c12aae2-e082-454a-89af-a209fca81a03,2f9a167f-9750-470e-bd51-c8157869695e,"* In case of semi-annual YTM, it will be annualised",
bd030e43-f32c-4e90-bbfd-6c6b01acadef,87c1811a-9b37-4ee1-a921-d6d54cfa31ec,3af66b52-b0c6-488d-91db-5ec8dfde0a58,"* In case of semi-annual YTM, it will be annualised",
147b28d6-ee8b-4de7-9c66-b6ed824b7b37,b366c1a2-eda8-4d10-92d6-667db97e46b2,3c4f1662-c2f3-4661-ad07-7a65162412d7,"* In case of semi-annual YTM, it will be annualised",
24c36d4d-b14a-4641-958a-dba4642a89f4,8dcc94b2-7f90-4baf-88f5-814ee13f6cc5,4d1d346c-cd76-40fe-9f64-450fa8df9267,"* In case of semi-annual YTM, it will be annualised",
03c1e17a-e306-4a20-90d7-de36ff4a1aa2,3e0e4d3d-45ad-4f7c-ba31-4d41dd50ebaa,66b4297c-cadc-4c29-994d-30946068e21d,"* In case of semi-annual YTM, it will be annualised",
4f0c9ea2-4524-48a4-b60a-1a1e0703a5c9,f5468236-9267-4325-9790-e8e4d3f786fe,8e55d386-8b3c-40cd-ae1e-0ce78b52b07b,"* In case of semi-annual YTM, it will be annualised",
d61e5bc3-2e7b-4cb9-bd5d-b01f8f529b10,c2b75d61-232f-4aa5-8ab2-107a06685819,95c9c7a3-9716-4d59-85df-3d47a8796df0,"* In case of semi-annual YTM, it will be annualised",
d7169945-494d-4a84-bf71-68691a04c5e0,1235aa4d-d6be-4e66-a594-97bf0a61627c,96a48fbd-a2b2-4450-b1bd-5682a2996bb5,"* In case of semi-annual YTM, it will be annualised",
cf3fd1fb-e2a2-4894-9363-e5239008f2f0,01b1e166-9a20-43a7-baab-8bb3eaa46562,9e9bf981-9664-4283-8e62-780819e5b76f,"* In case of semi-annual YTM, it will be annualised",
569cbc34-947b-4a0b-a614-6c2d77f15aa3,16e863c6-88c5-4567-9b1e-f6f573629c3f,a9100cfc-51a0-4211-9acc-e0b6e9fe2cf1,"* In case of semi-annual YTM, it will be annualised",
91ceaa3b-7386-4e87-9d0e-3d786f4c1682,cb02bc10-915c-49d2-a2e1-194c15e16032,b0665a41-3c7b-4a2a-9e51-83013cc79f7d,"* In case of semi-annual YTM, it will be annualised",
d14d45af-2004-4c48-80a1-ecc8e4e1eb62,95f3f344-e673-408d-980a-027c67f8eaa3,bdd39bc9-847f-41fa-b98c-225f315b9727,"* In case of semi-annual YTM, it will be annualised",
8c20202b-782f-4c1a-9843-1b51ac06539f,3c847dd7-b25d-4346-a5f9-c1381111d28c,bec37759-c959-448e-9f2f-919486abb109,"* In case of semi-annual YTM, it will be annualised",
ef8bc2fd-27f4-4e87-aca4-fa2f04d8208e,f98d00b4-ba8a-4436-a88b-4b3ee8f293e2,c4b71de3-7654-4dd7-b222-52d3f8f5bba9,"* In case of semi-annual YTM, it will be annualised",
228f40ae-f3ca-4dc5-bab2-f6fa71dd5581,fea8d894-1250-43ee-bd1e-9258000070e4,cc57d716-33b8-47ff-a719-4d146cada0b7,"* In case of semi-annual YTM, it will be annualised",
bfa9fecb-03c8-4e40-a30e-18bcb43b9b61,337c19b1-bcb1-4dbd-9336-ea5d9b511272,d60df394-1ac0-46d1-844d-ff3624ae3a25,"* In case of semi-annual YTM, it will be annualised",
89f4b5db-bede-4b8a-93f4-f76b2aa9ca03,40e45dae-d7b9-4622-bce8-3e342dc9a7bc,ded158e3-66f6-4c57-9ab0-91d940a3356c,"* In case of semi-annual YTM, it will be annualised",
bc59b606-f7c2-48e9-834e-d6bbad1a5834,d72c5d6c-b05f-4a9a-9884-001911d22bf3,deec0924-e7ab-4dc2-abea-f35f767f2422,"* In case of semi-annual YTM, it will be annualised",
98a25b01-7456-4661-b9e0-3acf5fd80251,c013c858-d7e4-48e4-8885-935399840dd1,e57e5740-9de3-4ba4-bb49-61fd35716c14,"* In case of semi-annual YTM, it will be annualised",
33af27fa-aa11-4e55-93b5-a9e688107c4a,8d568b47-a50b-4ad2-b8e7-3cc6a212500a,f3521e3b-5bd8-48cc-ac88-3524657cdba3,"* In case of semi-annual YTM, it will be annualised",
eca40ab8-84f4-47d5-be40-742c325017d9,a2e1afdb-6488-4cd7-b329-3cf037faa25a,fd453ab5-57b8-4e91-9155-00f95b1a0a19,"* In case of semi-annual YTM, it will be annualised",
c66714d8-2d87-4532-bd29-5a89651c8b17,24f3a0fc-db4e-4f5d-8ce3-0f1220c49f68,1513ae66-ccd5-4f78-a25a-7c24c55e0e0f,"* In case of semi-annual YTM, it will be annualised",
54e94b9d-8124-4077-8c6c-eb358042768c,223147c2-8b24-45da-8811-fc97b939fe42,283c553d-5121-4785-aceb-754e5ee2ca4f,"* In case of semi-annual YTM, it will be annualised",
a49f5107-238e-4b54-9e29-3f8efdcfb621,c7b58475-3b99-4fa2-98c3-3d2dda65c37f,2a039145-4526-4bb1-8ef7-fccf7b6acade,"* In case of semi-annual YTM, it will be annualised",
1063856d-2d55-4900-8d30-c9f07eb02e91,683857a7-d74e-4bd0-a718-e5a298157857,3263daac-ffb8-46c7-95b1-d9787dad5175,"* In case of semi-annual YTM, it will be annualised",
02e0fe70-0b4b-40d3-9be5-be3ccca624d9,31b98558-3446-4859-afd0-60e7b0c9b47d,5e136d0c-5a90-4b5c-8d3d-e93636114e9a,"* In case of semi-annual YTM, it will be annualised",
cf9682a5-4503-42f0-a0a1-813138e7cd8a,a56c15d9-9072-4a7d-b591-f2212bc23d5a,5f3bec48-6a14-4a35-be95-5750a49f12e2,"* In case of semi-annual YTM, it will be annualised",
50893a04-1421-4b49-992f-11396dfea22e,bf03b6d4-f183-4273-9233-2f464066a549,671ce297-2fd0-4b5a-9b26-474a0f6cf40d,"* In case of semi-annual YTM, it will be annualised",
2d602cce-8aee-4b0f-8264-3488a4ce0877,77de0052-85e0-4f1a-a4ff-6fb32ec99c92,8486c024-f95c-482f-814b-04f00e1929e7,"* In case of semi-annual YTM, it will be annualised",
42e65b29-f1f6-411e-aca4-b30b584c4e39,e771da65-7c99-4e13-8cdb-d52228fbc2a9,97baad94-cf61-4d99-8ddf-30e01674e6f2,"* In case of semi-annual YTM, it will be annualised",
4044ea62-1306-4fdb-8b39-95badab2b331,d261d9a5-22b9-44ab-98da-1f68d27ac487,aea67477-486a-402b-9e58-800fa26c701a,"* In case of semi-annual YTM, it will be annualised",
3d5c78c2-032c-4489-b1c6-497cdb1f51f5,3f0dc69d-77d4-4cd8-952c-3813c4871125,b0702fda-7a7a-45c6-a9eb-3e332acb45e4,"* In case of semi-annual YTM, it will be annualised",
3719c782-35b0-41dc-882b-a450c5eff1e3,b621384d-63bb-4bc1-abfe-83c12ee24091,b098f8ed-d3e6-4f27-9101-621c9c8891ec,"* In case of semi-annual YTM, it will be annualised",
fc84ceca-4e13-4fdb-bdcc-cd3af81b3734,a2565b16-cc39-456f-92b3-f92c0ea1d287,b5d28e50-7993-4c35-8b4f-d78e8a8b52ea,"* In case of semi-annual YTM, it will be annualised",
ec2cc501-1014-4183-a944-38afa8e75b80,deb98325-1455-4142-bdee-b7897cc7c62d,be321d92-42ad-4353-bb8e-5ae942948ae5,"* In case of semi-annual YTM, it will be annualised",
43e7b48d-de23-4104-bf39-18cce93ecf66,8b56b530-dda6-4d7c-a6eb-67eb77c3f745,bf27f553-3983-45f5-a9be-20974d235bcd,"* In case of semi-annual YTM, it will be annualised",
f97459c5-7728-406a-a27f-c9f90887889f,8f176ebf-b1bd-4696-90e4-be5da4bb63b6,d20747c8-2dbe-4980-b694-53ba170bf86e,"* In case of semi-annual YTM, it will be annualised",
7a863bb1-cbbe-4a1b-9cae-2fa992cb430f,57bf7fdd-93b0-487e-ad92-4a8aa8661288,d21d9488-ca2e-45af-9939-7d218aaaee5d,"* In case of semi-annual YTM, it will be annualised",
887228d1-d399-444b-8e87-9400353e0056,5fa02d63-94cf-49c4-b2f2-5204f3628553,d419bb9e-9454-457e-bf9a-c7b4d3c78226,"* In case of semi-annual YTM, it will be annualised",
99dda7db-2b1c-4ff9-943e-5b75b88e8d0b,511ec12d-ac26-4a9e-8dea-2b7aa7bf934a,d4c62901-3a66-4851-9114-27b9ff450dad,"* In case of semi-annual YTM, it will be annualised",
49bad95d-019c-4484-9e97-4d0b2fc51c85,34f1a4b0-feee-42e3-87d7-68cb34f29360,d5e264aa-c790-427b-b1eb-d6aabd42b917,"* In case of semi-annual YTM, it will be annualised",
4d339fa0-a562-4ffa-bb59-3ee83c0aaa82,2ff0c7b5-ec0f-4371-8afe-61a4b7224117,dbe61f87-2b63-4418-b05e-d19a8a89c6aa,"* In case of semi-annual YTM, it will be annualised",
c7034611-2ef5-4a83-b587-24a85b63a981,f3c71637-8fce-4289-89a6-119fb8881fb8,e49f605e-03e2-4fbb-ad41-c924f859700f,"* In case of semi-annual YTM, it will be annualised",
004e28be-58e9-4b09-9b0b-499899348c81,2fae2a62-d20d-47ce-afa9-2db98b06ad1a,e4c43fc2-35e8-47d7-b05f-e434134cd657,"* In case of semi-annual YTM, it will be annualised",
797fd01c-8fb9-47fe-826d-afa8340faf7b,a14edabe-48d2-4c76-9f14-b97545126ba4,f33c5df5-de2a-4291-81b6-3f3ef2f29581,"* In case of semi-annual YTM, it will be annualised",
7f0d9f59-7789-4b92-9c09-16d3ecefab95,c59f97f8-48fe-49b2-9b93-c9d26f4d00ac,f6fd5fa3-602d-4f2d-8aad-a968c650ae24,"* In case of semi-annual YTM, it will be annualised",
56e733eb-4b16-4c0a-841e-b35193206fc3,b1052d40-184f-42f5-bbef-a63f027d6945,14d625d1-ef8b-4119-a944-9386a4f13f9e,"* In case of semi-annual YTM, it will be annualised",
e12ef0b2-5796-4b31-839b-b161f0c0b0e9,10ad78f2-1f9e-475e-b925-9a73a663204d,14e82c1f-4cd9-46df-9321-d490efa5c1a9,"* In case of semi-annual YTM, it will be annualised",
974b578d-0194-407e-a586-6cc998549350,05476498-9a2a-47cb-89a9-1eb58ac325c0,1ca5e2d9-7558-4ad0-a9cf-e211f12f062b,"* In case of semi-annual YTM, it will be annualised",
78ff7c72-3c93-433b-8a96-608814347846,df12f86f-e985-4385-adc3-77b0d98a2837,2ae90ae4-a657-430c-832f-ea16c2bdabd7,"* In case of semi-annual YTM, it will be annualised",
8e1fc10b-306a-4a44-98db-a0db672c17e3,e108a83c-f147-43d1-8812-128be3c4b7b1,313152f8-864a-4146-b82e-483c4fcc60c5,"* In case of semi-annual YTM, it will be annualised",
fe173bde-ca73-4608-942f-6a47752f3f0f,5f56202f-1a1b-46ab-9352-32c451eb1f2c,43bb1299-3e07-4722-a06d-f8000c2487ef,"* In case of semi-annual YTM, it will be annualised",
56e08c69-bfaf-409e-bd99-a4662e637a58,066246e5-9f5f-4ddd-8f0a-5a6cb36e2c5d,4b30b9ba-25e4-457e-8b51-7f4802f7b04e,"* In case of semi-annual YTM, it will be annualised",
6fab980d-43ed-4540-8f85-edc5fc238a45,12639e2c-ae37-48bd-b977-7c0e1a8965e1,5d26bdd8-d84a-42a9-bdf5-020789a369a1,"* In case of semi-annual YTM, it will be annualised",
dd33f3b5-dbb4-40e9-8938-a9274b061515,4eb221fa-52ef-4da6-b995-36f34efa70f1,6ae3f82b-b9a2-4ac7-aa10-9ca75f32fb67,"* In case of semi-annual YTM, it will be annualised",
30fc2af9-aed1-4015-8dcd-cfd7102b4ada,6b5d2872-40b1-4bb7-a0c1-e5368cadff36,70029c02-2610-4521-909d-4d1d24d5d90c,"* In case of semi-annual YTM, it will be annualised",
5f8d83cd-fb3d-40f8-a351-60212ad62d1a,13b8de8d-e3b3-4382-b444-3edfcab4947a,776e277c-e7db-4652-b734-5ebfd4d5c1b1,"* In case of semi-annual YTM, it will be annualised",
3961044e-e092-4520-b13f-884fd91a1e66,bd316754-25a2-41c4-a71b-7c96c68bc2c4,7d9bc1d0-3d7c-4d7c-bd88-55e18d0a3b22,"* In case of semi-annual YTM, it will be annualised",
3ef556d2-7c80-481d-b374-6058934e543f,22f1b15b-1c63-413c-93c9-0f8fe5271517,864a3f00-f6c6-480b-b510-ea725d6d7152,"* In case of semi-annual YTM, it will be annualised",
2249efb9-a626-4e1f-beac-3d8e114144f1,ac293497-c767-44e8-9fe1-6db65b2d69dd,87fd11cb-93a9-45c0-b753-1a692fa421ab,"* In case of semi-annual YTM, it will be annualised",
91b51621-c769-48d1-9fdd-5e5a5092f047,39d85bfb-703d-4abd-9904-af0019204b9d,8dbd09b6-0897-4a9f-b27e-cc2e45845813,"* In case of semi-annual YTM, it will be annualised",
6989cbbf-c1a8-4ac6-be0b-f44f34735693,363fcd54-58de-409c-83a1-9307268d95ae,a0c3451a-b51a-4868-afcb-a2e1fecddee4,"* In case of semi-annual YTM, it will be annualised",
f5de73f9-a9eb-4939-92b8-5fc400f63d06,2663f05d-b3bd-4f5d-be47-2ab33a519e02,b7b0f6dc-d2d2-42a9-9d98-916f1ba33fb3,"* In case of semi-annual YTM, it will be annualised",
93d5a88d-6357-4c72-a3a2-4f78d7f220a6,62889a4c-18a0-4360-a661-25a9cd03d7e3,c119114e-bd45-45f9-856d-05c47c0458d6,"* In case of semi-annual YTM, it will be annualised",
5cbbedae-67cb-4487-af0e-95a711d3c9b3,ea59472f-5dda-4f56-b0dd-cba0dba8ea44,c537ca82-254a-4e4d-b2d6-8a32db9e272f,"* In case of semi-annual YTM, it will be annualised",
d6b14f5b-fe7b-474e-8b9e-798392d6f642,e1bc241b-d20f-4365-8f21-1dc8bae4ddc8,d5540d60-cc2b-4857-9def-45c748620e84,"* In case of semi-annual YTM, it will be annualised",
80cc823d-f5a9-4c44-ad30-0ad2a1f69037,16a96514-a294-46ce-901c-b833cad422c8,edbd21f6-d05e-45cc-a1b2-60b82dd2be73,"* In case of semi-annual YTM, it will be annualised",
74cb914e-6673-4fe1-99be-15ff124fe56f,888e2b8d-b16f-41df-9a54-321b15f7ca68,ee1e3758-e779-47b0-92f0-275f1e2a8fc7,"* In case of semi-annual YTM, it will be annualised",
63ceb8f3-e740-4dfc-b194-a50aa4340b17,238fc44a-9b8a-44b9-be62-eab288fa9118,05895da6-6170-4aa5-8286-3e3aef6a8924,"* In case of semi-annual YTM, it will be annualised",
6371d257-082c-47cd-bffc-2c221c88e6cd,99d7c8e0-e9e2-4665-b808-5d81bdfbd7eb,161def38-ba2a-4080-bc31-ad158c3137ba,"* In case of semi-annual YTM, it will be annualised",
055f1bdb-92d1-4fd3-9187-cc0b2e456cac,b90689ce-b04b-4728-9417-d7d5cf29a889,1cf90cef-ad7d-4c38-a6d2-a08334bd030c,"* In case of semi-annual YTM, it will be annualised",
7ac3ed02-23b4-4fe9-80c8-21d29b344cb4,dead7470-4f29-4afc-8b73-40d16e6240a4,22eae2f5-363f-441d-913f-6e3dd1a082ad,"* In case of semi-annual YTM, it will be annualised",
dcf15632-e8fc-4516-8ca7-e72bcb8bfe20,9e677dec-6abf-4546-b55a-094e76b9fb18,49022504-3fbf-45cf-b843-1d9d777d3644,"* In case of semi-annual YTM, it will be annualised",
0b42c3af-b6db-42d5-bbe0-535fe0d840ee,dd454cb2-6c59-4c6c-b8ae-adb8afb44272,4bec44c7-4b21-41f5-a117-c6fb07eac20b,"* In case of semi-annual YTM, it will be annualised",
8e44503c-3f1c-4395-a224-7a27ab03df4b,58a2a794-3677-48a2-a932-29a7511b4791,5654137f-c75c-43a1-ae36-fb34de878d4e,"* In case of semi-annual YTM, it will be annualised",
06658fc3-f8af-499c-9651-ce704aada799,d752970f-f545-4c22-b17e-1cb88a905642,60708d9e-d9df-4dab-9f7d-86261dc0ec06,"* In case of semi-annual YTM, it will be annualised",
5c995f7b-bba7-43ed-bb58-a66b93fc06ef,b04e2240-e78a-4780-ae55-0f23beee477d,7ff6f02b-5c2d-4fbf-a8ab-cc3222f4a910,"* In case of semi-annual YTM, it will be annualised",
ec10f8ac-1328-4009-8232-c5e82527b6a5,ee7f77d7-6936-4d83-ba59-9e88403bb081,8f4aa944-3a8b-4838-b71d-0fd157d66307,"* In case of semi-annual YTM, it will be annualised",
04b59b8e-2d10-4347-a0d1-48764831a974,dcf0a87e-d85b-4a7d-908b-f096a8532005,97fd062d-8023-4d3b-8ac3-931cc71629a1,"* In case of semi-annual YTM, it will be annualised",
4230a5f0-a626-483e-928f-e2e8485801b6,22643a51-52f7-491e-8402-99edcead8da8,b9489cbb-9512-4c01-a4c7-8a017d9e8a65,"* In case of semi-annual YTM, it will be annualised",
4da29abe-6c10-49b5-aeea-8a8c3b939432,28b94171-7504-450a-a21a-c461e2063bb1,ba9bb3a6-3ce9-4c0f-9c8a-088209090efc,"* In case of semi-annual YTM, it will be annualised",
6244b543-8159-4720-b4cd-733fedbba0d0,551a5203-3c95-4b5a-9daf-cf2a35524a63,bdea4c90-6ef1-41ff-82fa-8f28acc00fd5,"* In case of semi-annual YTM, it will be annualised",
08df071e-5eb9-4e3f-b659-1f2d30a02d52,c5003a7c-0c45-4124-b5df-d5bd44e717c2,be5d1135-7f3d-4e02-a870-218ed9eee5a5,"* In case of semi-annual YTM, it will be annualised",
311a4a27-e21e-4505-997e-43e165677bfa,576d2fff-17f2-47c3-99b9-f157e45032ea,cad26c2d-7df8-4ca2-88b3-36ead9657909,"* In case of semi-annual YTM, it will be annualised",
d8fd7a97-7204-4303-9029-ebd3de2efa15,08180163-e2b7-47f6-b1ca-a69843c50340,d0a6164e-90af-43d4-900d-1019d4d59c02,"* In case of semi-annual YTM, it will be annualised",
4ca43de5-6b60-4b3e-9fd4-c8d577d9f10f,4591cbcb-c2d0-47ff-b9f1-081edb7b0bf4,e82b65c9-2530-4831-96f2-1e2b114f6e54,"* In case of semi-annual YTM, it will be annualised",
fc2cc3b1-5a6c-4a7d-a6c5-67d6d5a078d3,ef504ea4-3d11-4782-9388-c4491f323f29,f5f8ceb9-de8b-40ce-b748-73e040a21347,"* In case of semi-annual YTM, it will be annualised",
95121d96-218b-4372-9314-ef18a2b902f3,72f4660f-ce7d-4015-b9bf-90c9545964d8,fd208909-7abe-441f-b5a7-243c3a9c29a9,"* In case of semi-annual YTM, it will be annualised",
585d6859-a9eb-4ccc-995d-c0d1cb001eed,d3c386fc-ea8f-40f2-9b38-8af9e4092072,310ae8ed-bec1-4db0-99c5-bca91692867b,Index / Stock Options,
a669a729-5056-41b5-99df-6178af9bb3eb,95f3f344-e673-408d-980a-027c67f8eaa3,13630d6d-7073-4e90-8e40-ac8b36b1e8e5,ISHARES USD TRES BOND 1-3Y,
92fdb3ca-90ac-4f35-9051-a452fc756c7d,34f1a4b0-feee-42e3-87d7-68cb34f29360,a8a7b7ca-b01e-42bd-a45a-a17e9d805ab6,ISHARES USD TRES BOND 1-3Y,
5cadc9b6-359a-43ae-9701-148ef99708ce,888e2b8d-b16f-41df-9a54-321b15f7ca68,182e1a05-2e4e-4e2a-bad0-1c45998cb40f,ISHARES USD TRES BOND 1-3Y,
2bb91b55-780c-493e-8344-d23c7bb79351,95f3f344-e673-408d-980a-027c67f8eaa3,f2652271-0031-43ae-b0da-827dbe93a5c5,ISHARES USD TRES BOND 7-10Y,
fac7c84e-f908-4a09-b216-71f0826dd4d2,34f1a4b0-feee-42e3-87d7-68cb34f29360,3085b93c-a213-4439-a82f-fc26938d4f4f,ISHARES USD TRES BOND 7-10Y,
ab2d473c-f26c-43f8-830e-91fdeb82a792,888e2b8d-b16f-41df-9a54-321b15f7ca68,30a730f3-c2fb-4a09-b646-26ab407a477b,ISHARES USD TRES BOND 7-10Y,
7336d14e-578b-4ea6-ae0d-c428a1a00d5c,3e0e4d3d-45ad-4f7c-ba31-4d41dd50ebaa,55825316-0bef-47fa-9a90-87be4c57d637,* Less than 0.01%,
7532bc13-6f6c-420b-aee6-e71c9540819d,8d568b47-a50b-4ad2-b8e7-3cc6a212500a,ab23c7dd-daea-415c-a2c3-9908a0aec8a3,* Less than 0.01%,
efbd8720-73b7-4260-8d89-d5a1c9e83533,5fa02d63-94cf-49c4-b2f2-5204f3628553,774e6a78-9bdd-42d7-987f-7b9c32bf1d03,* Less than 0.01%,
f909e207-d9f6-44ca-83f5-c38120fc999d,4591cbcb-c2d0-47ff-b9f1-081edb7b0bf4,5e5ecb4a-bb09-4913-b14e-964b99c8e3dc,* Less than 0.01%,
1132728d-c1f1-4ced-88e5-ea456ede38c3,28b94171-7504-450a-a21a-c461e2063bb1,7ec29da4-18ca-42a1-9671-3d27ef25ae33,* Less than 0.01%,
403ae386-532b-4bc4-92c4-2d4bf3f0296c,ef504ea4-3d11-4782-9388-c4491f323f29,c27e65f3-c8c1-490c-a0c0-f86e2f3ea4da,* Less than 0.01%,
150f511d-e308-4875-9fab-bf02b9a1a823,d3c386fc-ea8f-40f2-9b38-8af9e4092072,d5fdbd4d-5f79-4881-9756-59689d8f71f7,$  Less Than 0.01% of Net Asset Value,
2ef19898-eb2e-43cf-aadb-20ed1d92ffd0,d9429dab-a237-43e3-a000-b146827512ff,8c044819-43aa-4d57-a4c1-e8c2e4128201,$  Less Than 0.01% of Net Asset Value,
103f70fc-0175-43de-9b8a-9d9077a1c7df,7288268d-4866-444f-83f1-848813aa4de8,1ad912c7-5d39-44c5-91f8-32b0a013e9e6,$  Less Than 0.01% of Net Asset Value,
2c73d346-953e-42f1-bb08-8ca3dd122c6e,0d00ad8a-dea6-4259-a506-ba3b7865a52b,bf930fd6-e114-4610-89e7-06953e12275c,$  Less Than 0.01% of Net Asset Value,
d5dc04bb-37a7-4feb-a7fa-cb732e62603a,f855102e-8f88-4045-a52a-5715438a96de,419e0ef5-a52a-435f-a7e2-498a4de91168,$  Less Than 0.01% of Net Asset Value,
63016955-a453-4342-97d3-df8b515f9505,efdcd646-83a4-402c-9591-178f922be735,5035c872-033f-4c0e-adf4-1235ba6eb2d9,$  Less Than 0.01% of Net Asset Value,
1503c775-8aa7-465a-ad06-5da2de4762f5,a27952a9-a93c-4a45-a163-9c6ecf55dfda,a37a279f-af93-45d6-9f63-a6a916eca865,$  Less Than 0.01% of Net Asset Value,
b33862b0-22b3-4cb7-bcda-71eb658b0a77,c8e858cc-96aa-460f-a450-90c5624ad51c,5f39e0af-0a42-4f24-9607-87a0117a8d74,$  Less Than 0.01% of Net Asset Value,
c954adae-d671-4ed0-b8b8-840f8ace78f6,4385658a-d467-49a6-9309-08aa51c8528d,63ae99d8-7be8-40ce-8fb0-2a540d8e135b,$  Less Than 0.01% of Net Asset Value,
e4f75c9c-6e69-4ea2-b122-56f6815c3a49,1eebaf52-350c-4f21-9951-54370eb68dad,7d38f4fb-15c6-4d0c-8d27-133c2110ec00,$  Less Than 0.01% of Net Asset Value,
d13219ef-ec5d-494b-9593-8cdf2351f74d,a96ee8c2-5907-4ad0-b428-c6af28438ca7,82d20e57-3bb8-4bd9-8a88-6d3e101204d5,$  Less Than 0.01% of Net Asset Value,
167d2ac8-8149-4a66-8b0d-2e3cab717e55,640093d6-8321-4eeb-917b-9f208df0b555,d793e8e2-7615-4df8-88c7-2d368cf8d0e5,Magnasound (India) Limited**,
5d6f6a95-465a-4b92-bff1-5fdeb49dcfd8,905f5210-d45a-4c01-b462-d10df74273c3,65a545df-ae79-4136-856d-1fb99b121005,Magnasound (India) Limited**,
0e9b5b7e-d684-42e1-8a1a-ad207a88ba24,d3c386fc-ea8f-40f2-9b38-8af9e4092072,4cfa3861-493f-4840-84dc-9ba5ea6bbc96,Margin Fixed Deposit,
b0658a42-da40-4a3b-8090-8e02886fd7da,c2b75d61-232f-4aa5-8ab2-107a06685819,1606bb58-af8d-4751-9f6c-13d388310291,Market value includes accrued interest,
821b2b92-b1b0-4007-9f30-9ee72ea147a9,8d568b47-a50b-4ad2-b8e7-3cc6a212500a,27c1c52e-4a9a-4af7-82ac-e5b8a55afd62,Market value includes accrued interest,
d627ed11-aa78-47a5-b96e-ed47cfa4449c,95f3f344-e673-408d-980a-027c67f8eaa3,4649fd68-5802-49f4-873f-8851a04b314d,Market value includes accrued interest,
6cefd726-186d-42a5-b87f-f88d4ca884d5,d72c5d6c-b05f-4a9a-9884-001911d22bf3,4db6b4a5-3de8-433d-9ba8-8c174e590247,Market value includes accrued interest,
1c03f41e-437e-42a8-a8da-4e7dec63646c,337c19b1-bcb1-4dbd-9336-ea5d9b511272,6151e296-5f8c-473b-9fd4-4acd08a7ce92,Market value includes accrued interest,
596b0818-52ec-44ba-b61a-e617c6c1094c,01b1e166-9a20-43a7-baab-8bb3eaa46562,638648cf-9226-440e-b92a-a165de6006d6,Market value includes accrued interest,
d19503ce-7489-4af3-8e8d-69c90afedcc8,a98dbc30-617f-41d6-9435-ca7579c3e934,65b1ef4a-2f77-41dc-be21-08cb95c100bf,Market value includes accrued interest,
100d344d-e6f5-4e87-a565-e92bac870193,3c12aae2-e082-454a-89af-a209fca81a03,65f21fe1-9cd3-4d54-8226-01d40e6780c6,Market value includes accrued interest,
351de9ab-ea03-4a54-bfb6-1d61aa4ada6d,fea8d894-1250-43ee-bd1e-9258000070e4,6edaa0e2-9b0f-48d8-84fb-bc0ca0a27f3a,Market value includes accrued interest,
babf0854-75a1-4374-b683-cdadb20d2be1,c013c858-d7e4-48e4-8885-935399840dd1,8014fac0-ca5a-40f6-aab8-2ff37f30032f,Market value includes accrued interest,
7fda1856-b741-4580-8fe0-6c4c56b5d987,f5468236-9267-4325-9790-e8e4d3f786fe,967484ba-874c-4f35-af5d-2b5bcb8e4ec1,Market value includes accrued interest,
5e36cb5d-67e1-4ca0-9acf-72fcd00c6be8,3e0e4d3d-45ad-4f7c-ba31-4d41dd50ebaa,970904d2-ef75-41b1-83e3-e5b785e112cd,Market value includes accrued interest,
f4d7fb5e-56aa-4099-be78-c1ef1930b62d,8dcc94b2-7f90-4baf-88f5-814ee13f6cc5,9cd9e163-01c5-4a38-acea-07a1e0e0ac0e,Market value includes accrued interest,
723d162c-4fb5-41fd-8cf4-4097f090b267,b366c1a2-eda8-4d10-92d6-667db97e46b2,a3db568e-3f92-42be-add4-865398deb913,Market value includes accrued interest,
f7510458-8448-436c-b86e-3fa63e432030,87c1811a-9b37-4ee1-a921-d6d54cfa31ec,adbb485c-3b20-458f-90a9-9631c189c68b,Market value includes accrued interest,
de639760-b768-41e4-9b45-290ec87e2f66,a2e1afdb-6488-4cd7-b329-3cf037faa25a,b3d42cdd-82ad-4ed7-b69c-d40f2ab6fc40,Market value includes accrued interest,
8c6f3723-91f4-416e-910c-06ff160eec12,cb02bc10-915c-49d2-a2e1-194c15e16032,ba5042cf-d899-4ad3-a317-35bfcc95b980,Market value includes accrued interest,
c8bbdd95-ef39-4aba-9c73-a14868d2e4dc,e65162bc-30e3-4c70-a364-2d29398aeef6,c1e39405-429d-404d-a31b-ef3932d8f0b3,Market value includes accrued interest,
ac14918c-8bea-4b75-a49f-7a502917100a,f98d00b4-ba8a-4436-a88b-4b3ee8f293e2,c70f6d8b-72cc-45eb-b408-5bf222e06dc9,Market value includes accrued interest,
3d3ebde5-2f22-48bb-9362-c09185a2e296,3c847dd7-b25d-4346-a5f9-c1381111d28c,d167c2cb-c85f-4d67-9950-925bac3ef649,Market value includes accrued interest,
084e444f-d144-4986-94fb-27f474840214,40e45dae-d7b9-4622-bce8-3e342dc9a7bc,d50a2917-b961-4438-bd0f-6efac43d693b,Market value includes accrued interest,
0b867783-d204-4e29-90ff-1da41482743a,c20da3cb-ea77-41a7-ba29-b756d147545a,d87ad10f-9e89-4931-8362-c85b9c6ce47e,Market value includes accrued interest,
86c3073a-ff21-4835-8726-1d776937abff,c8b2fbcd-6835-4a64-b790-0486910a39dd,e8ec9fab-fdbb-40cd-8afb-5fb6ef58c9fe,Market value includes accrued interest,
231f8f3b-d200-4f87-acb4-cf546172cea4,1235aa4d-d6be-4e66-a594-97bf0a61627c,ec73ba04-7c93-431a-bbed-1ec7a1984d8e,Market value includes accrued interest,
ed2c04ed-2c52-449e-9b87-3e26443d27e8,fe1f8698-0748-4cdb-912f-70d58c45bb14,edd6ef24-dad6-41ce-ba1b-7f4879b1d06e,Market value includes accrued interest,
6ea40861-a3bf-4ac1-b2e9-444b071e385c,16e863c6-88c5-4567-9b1e-f6f573629c3f,fe96bc7d-8e83-4c65-a4de-6b702afc7322,Market value includes accrued interest,
db56bbea-746b-4be1-bbd9-5ad021105c13,5fa02d63-94cf-49c4-b2f2-5204f3628553,00f2abca-39f6-4f09-9ed4-830a0b0a4086,Market value includes accrued interest,
0ff57690-a89a-43f6-ab8e-c6397fe56850,a14edabe-48d2-4c76-9f14-b97545126ba4,01e85669-ea29-4c9d-ada1-755823bfddf7,Market value includes accrued interest,
c754586b-08c5-415e-be75-4acb155011a1,24f3a0fc-db4e-4f5d-8ce3-0f1220c49f68,0651f0f2-626e-4093-8e4c-006221d3bdfa,Market value includes accrued interest,
3abc05de-9aa5-4e9c-9601-3212e25c8547,31b98558-3446-4859-afd0-60e7b0c9b47d,0adac8cc-b80e-4306-bb6d-881ce831f53e,Market value includes accrued interest,
32012874-0638-4f02-8b50-46d90074d65d,b621384d-63bb-4bc1-abfe-83c12ee24091,127183b4-594e-4050-b59f-696d899d02df,Market value includes accrued interest,
c318b45d-be16-49af-9bd6-e5576b693836,511ec12d-ac26-4a9e-8dea-2b7aa7bf934a,17e0f850-ae0e-4d6e-b04e-9c62e8f0784d,Market value includes accrued interest,
7181f68f-d884-40d8-91dd-eec36355b67a,3f0dc69d-77d4-4cd8-952c-3813c4871125,2355bbe4-c748-4401-8b64-f21b159adcba,Market value includes accrued interest,
e58e2d2f-065e-4377-a0af-a740649ed6d9,a86a1ca2-80e9-41a1-a8d8-b1e2afb0159c,3d2ce43a-4ef7-4625-9231-9da3d77ec87b,Market value includes accrued interest,
47ea75a2-0d0d-44b8-9066-9a69bccbb2e6,2fae2a62-d20d-47ce-afa9-2db98b06ad1a,601c4cc4-f760-411e-be6d-fa6229adaf77,Market value includes accrued interest,
b7036389-c122-4dc3-9584-77e31ae5541e,683857a7-d74e-4bd0-a718-e5a298157857,6f7a34b1-c8f5-4b91-bf0c-0cc90052136e,Market value includes accrued interest,
93b5d75d-20e3-4124-a57a-3b87b61b2544,c59f97f8-48fe-49b2-9b93-c9d26f4d00ac,7a0808ab-4a4a-4cf8-8dc6-67ba16edeff1,Market value includes accrued interest,
f8e0a257-6bd9-450b-99cc-5010f5ca9fd6,c7b58475-3b99-4fa2-98c3-3d2dda65c37f,7e4090a2-bcf0-42f7-94cd-1b5c0091129d,Market value includes accrued interest,
b7e272f4-269a-4f40-812c-83a8c1c58422,d261d9a5-22b9-44ab-98da-1f68d27ac487,80856474-2582-44c4-86df-e6d80a5f86c6,Market value includes accrued interest,
78e5c6e5-feda-4240-bc37-ff6c2f346d46,34f1a4b0-feee-42e3-87d7-68cb34f29360,8ae75ed5-a46c-42dd-8196-538641a740bd,Market value includes accrued interest,
c232e51e-f334-49f6-97f9-8288e1b8dae5,2ff0c7b5-ec0f-4371-8afe-61a4b7224117,91d552d0-d593-4eaf-97f7-9115bf6587a1,Market value includes accrued interest,
3d71ec56-c811-4980-8f7b-035587c0121b,8f176ebf-b1bd-4696-90e4-be5da4bb63b6,949549be-ebad-48b2-9a70-e98d882c6f07,Market value includes accrued interest,
c5556176-f5df-460e-b7fc-0ec9ed18fc70,deb98325-1455-4142-bdee-b7897cc7c62d,9636c84d-2ed2-43e5-ba92-137f600d6659,Market value includes accrued interest,
671381e3-eadd-4039-97bd-b067a52bb503,57bf7fdd-93b0-487e-ad92-4a8aa8661288,9972414f-c53d-47c4-b9b1-af2b5f26a9b2,Market value includes accrued interest,
d68954fa-7f8f-4a6b-9592-2bd0431ce3e5,8b56b530-dda6-4d7c-a6eb-67eb77c3f745,ab5a246b-19c1-4669-8c0b-70c2030aef51,Market value includes accrued interest,
e8e889ce-0f8d-46b2-8d46-9ccec4dbc8e2,bf03b6d4-f183-4273-9233-2f464066a549,af551ff2-d498-42d6-946e-e6b61647f608,Market value includes accrued interest,
ce99758f-0fe8-46b6-a903-152f669d77d6,77de0052-85e0-4f1a-a4ff-6fb32ec99c92,b405972d-9b07-4b64-9769-19e7fc0a3795,Market value includes accrued interest,
1babac58-3c4e-4c6f-8b92-a86a055e544f,f3c71637-8fce-4289-89a6-119fb8881fb8,b753a063-df93-46cb-b83e-896853e4b70f,Market value includes accrued interest,
86e2ace7-6b85-4707-b023-bc1941dcab69,a2565b16-cc39-456f-92b3-f92c0ea1d287,bea18db2-feac-4002-8050-c2ebe08ce6cb,Market value includes accrued interest,
2a02f3c8-f755-4d31-a7e6-41dac5074511,223147c2-8b24-45da-8811-fc97b939fe42,d2492975-a42f-4a10-ac19-6377ad2650c5,Market value includes accrued interest,
a2bbd9b6-721d-4a71-9863-25cbec62d2e5,a56c15d9-9072-4a7d-b591-f2212bc23d5a,e0525311-d652-417e-8341-e9d52297bad7,Market value includes accrued interest,
d0b21bd5-112b-4477-aed6-76fa4b966464,e771da65-7c99-4e13-8cdb-d52228fbc2a9,f98adec1-6ae6-42ec-b313-1396bb51b628,Market value includes accrued interest,
7132c2fe-eb5c-4a41-9a1d-f38a714f12c0,6d337ab4-dfda-4814-8448-4293ef1bd14a,018d7ae5-f88a-43cc-9970-73de59bffa5f,Market value includes accrued interest,
eece1366-3bbc-4936-9207-20ae3b91ba9d,e687fca2-57d4-4be7-bd32-c155ca522388,245baf39-290a-4b05-be07-20077a51034a,Market value includes accrued interest,
36b47513-473d-4a79-8f71-7ca96cc38e69,363fcd54-58de-409c-83a1-9307268d95ae,2b1aa113-8564-4571-8d0a-3adcaed658d5,Market value includes accrued interest,
9f433800-fdac-4de2-a7bd-531981da3e19,df12f86f-e985-4385-adc3-77b0d98a2837,36ad7584-4133-4c35-8af7-6b18204aa818,Market value includes accrued interest,
89593f4f-0c78-4cd9-9989-bea1d04eb171,62889a4c-18a0-4360-a661-25a9cd03d7e3,373e1304-8fce-4275-9183-7bd29d2a642d,Market value includes accrued interest,
dd15cf6e-aa21-4466-8d50-62a8e24a1a7b,12639e2c-ae37-48bd-b977-7c0e1a8965e1,55dd083d-91bd-428e-b865-07aa3c117bc0,Market value includes accrued interest,
961ab2bc-0f9d-43c9-b8f4-a9e731191058,e1bc241b-d20f-4365-8f21-1dc8bae4ddc8,5b7c6884-2fd3-4c83-9be5-cadfd4e1b8c3,Market value includes accrued interest,
e8623bc7-7c73-4977-a240-c658178b58cb,6b5d2872-40b1-4bb7-a0c1-e5368cadff36,5bcc2d72-bed4-4714-b820-a0c6c0645dae,Market value includes accrued interest,
40b96209-0979-406a-b129-0ad47a6ea95c,05476498-9a2a-47cb-89a9-1eb58ac325c0,61731e7c-2691-482f-9cd4-900e3ca05dc9,Market value includes accrued interest,
56fa78cc-4201-42cc-98fe-998d8363be12,066246e5-9f5f-4ddd-8f0a-5a6cb36e2c5d,64eb7aa7-99b4-414c-ad34-856772f6da90,Market value includes accrued interest,
a7b74ead-7126-4179-ae87-b95b800cebd9,b1052d40-184f-42f5-bbef-a63f027d6945,7122d8cf-4985-4a04-938f-270d6d812a82,Market value includes accrued interest,
2583cebd-d98c-43b7-b89a-e3294c6e8b9f,39d85bfb-703d-4abd-9904-af0019204b9d,78a3ba39-541c-44cd-998a-0d38e03eda41,Market value includes accrued interest,
4033646d-3abc-4c52-9736-8aa5fa96c770,4eb221fa-52ef-4da6-b995-36f34efa70f1,8a9a5014-f931-4844-bad5-bfa293794977,Market value includes accrued interest,
bdf0d5cc-21ab-424e-b793-f400ce14c0fa,ecb4bb92-5882-4d2e-9e2b-ca052ad8c22a,9e325532-483c-406c-906a-0219125ba04b,Market value includes accrued interest,
0e3f953c-3b24-46ca-91bc-a4943d1dfedc,e108a83c-f147-43d1-8812-128be3c4b7b1,a52d5b98-1f0a-4243-968e-e479142a9c37,Market value includes accrued interest,
4a776e5e-0af4-44ef-9035-09fb239cd4f1,bd316754-25a2-41c4-a71b-7c96c68bc2c4,a68c9782-f0f7-4b7c-9840-4ed9e1d8d6c9,Market value includes accrued interest,
7bbce031-fb79-4934-82d0-b11ab290232c,5f56202f-1a1b-46ab-9352-32c451eb1f2c,bcdb5185-c900-4571-a855-69830dfd72c4,Market value includes accrued interest,
23d0a7a7-7d21-4591-91d1-1dab7fa9bc7c,ac293497-c767-44e8-9fe1-6db65b2d69dd,c89af7aa-93d2-4283-b2f2-b7dbbeeb9a8b,Market value includes accrued interest,
4e1e9f57-93d1-4e33-8f97-e1a75565869a,2663f05d-b3bd-4f5d-be47-2ab33a519e02,c9176aaf-3113-4f9f-9b41-e59426dc9c64,Market value includes accrued interest,
14595b1b-07b0-40c0-bfc9-f3d43295e4f9,888e2b8d-b16f-41df-9a54-321b15f7ca68,d1508873-712a-4e7f-b5c0-c9b0a727574f,Market value includes accrued interest,
706f88fc-d69d-4ace-b39c-df7f18cdb569,ea59472f-5dda-4f56-b0dd-cba0dba8ea44,ebbd2af5-7969-4bb3-8111-f9cf8a4bec96,Market value includes accrued interest,
533ea09b-2846-447b-bdc0-535649a5da58,13b8de8d-e3b3-4382-b444-3edfcab4947a,ee07a718-8bf1-4b33-9a6e-a259f42fe824,Market value includes accrued interest,
2a8dcd6e-aa8a-4a0c-82eb-0bc4a6e6b68c,348cd817-ed9d-4b14-adb4-bfcf239878c5,ee7fa9f9-0587-4df3-864d-a50b132bd179,Market value includes accrued interest,
ba248c19-35cb-456c-a6c1-64dce73356a0,10ad78f2-1f9e-475e-b925-9a73a663204d,f2d7e5ee-9e63-4762-a332-7f54505801db,Market value includes accrued interest,
cf1e4911-08b2-4147-baa1-e7411898ed9f,22f1b15b-1c63-413c-93c9-0f8fe5271517,f58a6246-8080-4f1b-a1af-45e8d1d7856a,Market value includes accrued interest,
c30b71a7-079f-4e87-8ad7-79c1383ebc31,16a96514-a294-46ce-901c-b833cad422c8,fd0a4736-49c4-45ac-96b2-83d43dc09ff6,Market value includes accrued interest,
37229bf0-af1c-44ab-84d0-6c578529b2cc,72f4660f-ce7d-4015-b9bf-90c9545964d8,03884301-29c8-4b1c-a699-44c004fc5ffe,Market value includes accrued interest,
66be329d-4179-4cfa-8e00-4443207d5e71,ee7f77d7-6936-4d83-ba59-9e88403bb081,0d350602-6377-455e-b328-f6fa1eada856,Market value includes accrued interest,
34b257fa-5ac0-42ed-91e5-ceec65f1cc49,dcf0a87e-d85b-4a7d-908b-f096a8532005,1af9ae81-cff4-4f84-8a2d-a0f7681130a6,Market value includes accrued interest,
7de76032-f80c-4b73-b11e-481cd03e6d9b,08180163-e2b7-47f6-b1ca-a69843c50340,200d2694-608d-4d1d-af36-15557f8cd1c2,Market value includes accrued interest,
cbc57246-bed5-4a05-871d-6ffcf6bd2d28,c5003a7c-0c45-4124-b5df-d5bd44e717c2,217da0be-3534-4a71-b65c-0fd2aec92b95,Market value includes accrued interest,
6babf57b-451a-4bff-997a-1a0e9b7ae94d,dead7470-4f29-4afc-8b73-40d16e6240a4,221c0f79-abd1-45f4-b134-65ec3d6d8502,Market value includes accrued interest,
d7ba42e9-ced6-4546-bd40-fe6994c7fa81,4591cbcb-c2d0-47ff-b9f1-081edb7b0bf4,443a633b-b501-48c8-8a3b-25297b82d912,Market value includes accrued interest,
d8795e62-dc74-4308-9ce8-00178eddf16c,551a5203-3c95-4b5a-9daf-cf2a35524a63,49bfd852-5193-44ff-8f6a-7b05ea4fba36,Market value includes accrued interest,
e0940ebc-63d4-4b87-a615-be896627b180,ef504ea4-3d11-4782-9388-c4491f323f29,4f593fb2-83f4-435a-a8a9-5693723550f2,Market value includes accrued interest,
89f8c607-8072-4240-a0b7-4398fee854ce,d752970f-f545-4c22-b17e-1cb88a905642,62cf83f3-1db3-44b4-b454-5d1065248774,Market value includes accrued interest,
41c3221e-d42d-4a86-87d7-9de376be8271,9e677dec-6abf-4546-b55a-094e76b9fb18,7c98bcfa-6439-4b34-b91b-2331c63d5500,Market value includes accrued interest,
e43145e3-0706-4ebe-b53a-5a624aa3dffc,dd454cb2-6c59-4c6c-b8ae-adb8afb44272,7dc7e500-0a5e-45ab-bfde-549287f8ca4c,Market value includes accrued interest,
d863fe1e-e143-4219-b748-6b3deb41e4a2,22643a51-52f7-491e-8402-99edcead8da8,80b45bfb-f38e-4769-8e6a-e88518e718db,Market value includes accrued interest,
4498d2ae-47a6-4d93-b0d7-47582ef99ccb,576d2fff-17f2-47c3-99b9-f157e45032ea,8a3c36fb-3323-4492-95aa-02a0299ea95a,Market value includes accrued interest,
9965e7cb-8e98-47a0-9570-35bb5b8247b9,b04e2240-e78a-4780-ae55-0f23beee477d,8c7fbb0d-93ed-4bcc-8e61-967a60006cff,Market value includes accrued interest,
c479708a-d83a-4385-b4c8-f76c0b026e5b,99d7c8e0-e9e2-4665-b808-5d81bdfbd7eb,9672efe1-9bef-4504-a6f0-9bff80661e8e,Market value includes accrued interest,
8cdbe50a-34e5-4ef3-94d8-d9285fb36c63,58a2a794-3677-48a2-a932-29a7511b4791,98305b5f-b89c-4d43-b673-42e95294ea0b,Market value includes accrued interest,
a6e08b9c-1efe-43a6-90b6-ad2148b090f5,fdd0027b-0401-4d6d-998f-e43261872872,a8618cee-24a8-48ad-a26f-33e86dc2e7bf,Market value includes accrued interest,
4150af11-0589-46f5-a5cb-35a5ab863138,238fc44a-9b8a-44b9-be62-eab288fa9118,d8af62f4-ba7e-4f44-aa5e-99a315e6c333,Market value includes accrued interest,
bea555c1-0ce7-4590-8e0d-b585b2a85cb1,f8afd568-b109-44ac-ba3e-5225892fef9f,df95c402-67c8-4a28-a857-3d23687da5dc,Market value includes accrued interest,
8408cc98-2ad5-4d12-ba3f-78a01b6ed2d7,4c73d3e6-349d-4083-a72d-178e108b4002,e10c1457-b250-48f8-95f4-bbbe6afbd9e5,Market value includes accrued interest,
2c8271c1-458b-4cbc-b1d4-2dde99121fc5,b90689ce-b04b-4728-9417-d7d5cf29a889,e5f73b2d-be7a-493b-8a0e-0fefa953d450,Market value includes accrued interest,
a81cfd83-3e04-4b3e-9c99-a7486a5e78b4,28b94171-7504-450a-a21a-c461e2063bb1,f0ebe367-7068-4b61-ab7a-4fb92a1d4aa6,Market value includes accrued interest,
e18cf5c6-e215-40b6-9dba-57eb7cc42835,87c1811a-9b37-4ee1-a921-d6d54cfa31ec,c3cb7054-30d9-4371-ab07-742c55704695,Mutual Funds,
f2abe6e5-cca7-42a1-902d-0cc686941ba8,31b98558-3446-4859-afd0-60e7b0c9b47d,5c1a6e41-d5ab-4545-bffe-40d798367635,Mutual Funds,
8ce81819-ccc6-40ad-b9dc-efc959344482,ea59472f-5dda-4f56-b0dd-cba0dba8ea44,1785d693-9983-444b-a602-ef02fbe85787,Mutual Funds,
cad785fe-2d4b-4062-886a-e05477ea1033,8df80959-b26e-4ba7-86c7-1b6adb3b76b6,e671edbb-cdca-42ed-ac1b-0f7fc7688551,Name and exposure to top 4 Sectors,
23723183-0e80-43c1-aa6a-804fa928a23a,8df80959-b26e-4ba7-86c7-1b6adb3b76b6,b9c3c362-850f-46c6-97bf-70206a924fe3,Name and exposure to top 7 groups,
043dc0c4-0511-4e2f-9eba-4e0280413219,8df80959-b26e-4ba7-86c7-1b6adb3b76b6,47bb1a15-4f38-44a8-b273-76d168aa5050,Name and exposure to top 7 issuers and stocks,
2ced70be-9c97-426d-93e3-a246412eb695,3e0e4d3d-45ad-4f7c-ba31-4d41dd50ebaa,0e0ff146-321f-4e93-8c58-efaca02906a6,** Non Traded in accordance with SEBI Regulations.,
5726a1c8-a744-4651-a14b-71ef914bfc22,8dcc94b2-7f90-4baf-88f5-814ee13f6cc5,1c2d8e74-8e91-473d-8b4b-ce2515ea7054,** Non Traded in accordance with SEBI Regulations.,
2b559190-5e25-44fb-a779-40f5c9579dd3,a2e1afdb-6488-4cd7-b329-3cf037faa25a,25bb70e5-a838-48cc-88ae-e4a79191e243,** Non Traded in accordance with SEBI Regulations.,
4316f4e4-8d68-4046-bb22-148b098a5115,337c19b1-bcb1-4dbd-9336-ea5d9b511272,34a40e0f-1a35-4ea3-9fed-a1f8a2c6caca,** Non Traded in accordance with SEBI Regulations.,
9bcbd5f6-018f-4a93-9cbe-70f4d2dcc368,f98d00b4-ba8a-4436-a88b-4b3ee8f293e2,3c8daae5-b911-4c00-9919-237e340871d2,** Non Traded in accordance with SEBI Regulations.,
308b7134-7d59-4888-825a-8f3efcdd1d11,cb02bc10-915c-49d2-a2e1-194c15e16032,45126920-dac0-4af4-a12b-1426eb3ef5b2,** Non Traded in accordance with SEBI Regulations.,
c0f1a8e0-0b97-4f15-b1bc-c920815c2985,c20da3cb-ea77-41a7-ba29-b756d147545a,5b05dc47-e482-49c2-95b0-7696bfe64735,** Non Traded in accordance with SEBI Regulations.,
74f67aa7-f08b-4e66-aa7f-7cf99cd23ffa,b366c1a2-eda8-4d10-92d6-667db97e46b2,67ca2beb-3478-426e-9806-0a629ceab8a5,** Non Traded in accordance with SEBI Regulations.,
4be95619-a5ff-44b7-b17f-7d4fd908849e,e65162bc-30e3-4c70-a364-2d29398aeef6,7cc7e509-7486-46b3-8296-bf0e241d5647,** Non Traded in accordance with SEBI Regulations.,
eb19d407-790a-4374-9eb5-1245e309f3ca,fe1f8698-0748-4cdb-912f-70d58c45bb14,d1b5ae58-4080-4249-b6da-15e22770f91a,** Non Traded in accordance with SEBI Regulations.,
1ce2acc2-fe0b-4384-97a7-da3bc6b7f927,d72c5d6c-b05f-4a9a-9884-001911d22bf3,d8d51e08-10fd-48c6-bbc8-7ba7035ca161,** Non Traded in accordance with SEBI Regulations.,
b23ccf08-199f-4e5f-920e-7a56f1c493ad,c8b2fbcd-6835-4a64-b790-0486910a39dd,edd611a7-eaad-4da4-a8cf-3e38131bdfb4,** Non Traded in accordance with SEBI Regulations.,
c227f0a4-eb52-4ec1-98c5-3b3fc70d137b,3f0dc69d-77d4-4cd8-952c-3813c4871125,1d019a4a-da91-420e-bf63-cfb9cba1ebcb,** Non Traded in accordance with SEBI Regulations.,
9ac151b5-0927-48d7-ab3d-faca677694c2,24f3a0fc-db4e-4f5d-8ce3-0f1220c49f68,1eed0c87-60ea-4452-93ea-6a03b4d3c32d,** Non Traded in accordance with SEBI Regulations.,
d2620993-28b4-4973-840d-7eadbfd62207,683857a7-d74e-4bd0-a718-e5a298157857,39ead15f-906b-43c2-bb97-2ac110414a41,** Non Traded in accordance with SEBI Regulations.,
dba2ada4-3d24-4038-b2f4-47b57199afa7,c59f97f8-48fe-49b2-9b93-c9d26f4d00ac,3f8729a9-bd37-4d3f-9001-6d4c6db8a0ed,** Non Traded in accordance with SEBI Regulations.,
fff6fc07-5855-4434-bb29-59a57ce048f0,d261d9a5-22b9-44ab-98da-1f68d27ac487,4579fd04-3c2e-43d3-912c-a098b2bdc2d7,** Non Traded in accordance with SEBI Regulations.,
4774195c-1236-422f-a031-ee63bf9d9de8,a86a1ca2-80e9-41a1-a8d8-b1e2afb0159c,4796445f-c85d-4f50-827e-e7a00e622168,** Non Traded in accordance with SEBI Regulations.,
dc435542-2d3d-4c94-a9eb-05d8dba833a0,2fae2a62-d20d-47ce-afa9-2db98b06ad1a,47b47ec2-705f-428b-802a-9991376bcac3,** Non Traded in accordance with SEBI Regulations.,
2eb70c4f-bc2c-497b-b4d5-25767181feb8,8f176ebf-b1bd-4696-90e4-be5da4bb63b6,a493e2f0-196a-4580-a115-ac219b02bcf6,** Non Traded in accordance with SEBI Regulations.,
ad7515e3-f6c3-43d6-be66-1e9fb79b8ba8,2ff0c7b5-ec0f-4371-8afe-61a4b7224117,c570e598-248a-4c7a-aff5-d9f86f707908,** Non Traded in accordance with SEBI Regulations.,
841330e5-70f0-4276-896c-b0041147a6db,a14edabe-48d2-4c76-9f14-b97545126ba4,d6c9cbee-32ba-4472-8e4b-fcb5f0a8e2f0,** Non Traded in accordance with SEBI Regulations.,
eb247596-b7e0-4a9e-a8e3-74f199d5daf1,8b56b530-dda6-4d7c-a6eb-67eb77c3f745,f44536c9-4e87-4860-aaf3-3b8dc37ed179,** Non Traded in accordance with SEBI Regulations.,
409a4645-1835-484f-8be4-d8ff222c9976,223147c2-8b24-45da-8811-fc97b939fe42,fb2e7253-ff70-45ce-a85c-ac25e3c33c7a,** Non Traded in accordance with SEBI Regulations.,
f8ca500e-a472-4a10-ac9b-ee86e2f171fa,22f1b15b-1c63-413c-93c9-0f8fe5271517,0c9fa138-d1a6-40b5-8c10-0ebe5d3e97e5,** Non Traded in accordance with SEBI Regulations.,
9c145f82-5b74-4d37-aa43-c45385ba1473,ecb4bb92-5882-4d2e-9e2b-ca052ad8c22a,0eae545b-2657-43fc-9bfd-8cd4256f3dfe,** Non Traded in accordance with SEBI Regulations.,
717f5f5c-46cb-43fa-87c2-8f452fa87a8f,6b5d2872-40b1-4bb7-a0c1-e5368cadff36,37a38ef1-e74a-48e1-9aff-67702748ddbc,** Non Traded in accordance with SEBI Regulations.,
53cddb01-5ba4-4bca-871d-76bcf9208537,363fcd54-58de-409c-83a1-9307268d95ae,47701b38-8d6b-40e7-94a9-ab874ea46144,** Non Traded in accordance with SEBI Regulations.,
b75c0315-34dd-4a2a-b43d-eca376ddf366,348cd817-ed9d-4b14-adb4-bfcf239878c5,4eae51b4-da5a-4b45-99d0-7b19f425159f,** Non Traded in accordance with SEBI Regulations.,
9a53739c-50f9-41d8-aba0-5e0a3b684c7b,e687fca2-57d4-4be7-bd32-c155ca522388,5f008d81-80ba-43d7-bb6e-5b21a59cfca8,** Non Traded in accordance with SEBI Regulations.,
5f55cfba-bef6-4012-ad08-f67decd9ea8f,13b8de8d-e3b3-4382-b444-3edfcab4947a,647b0297-2fc0-4948-a7a9-0a892ac808a8,** Non Traded in accordance with SEBI Regulations.,
8a4432b0-0b2c-446e-bc78-d44c9cf2913c,62889a4c-18a0-4360-a661-25a9cd03d7e3,ac047407-e328-4442-bd1f-7887d92fc87e,** Non Traded in accordance with SEBI Regulations.,
59895ec4-062f-4c0f-b5d2-f39a1266dce3,10ad78f2-1f9e-475e-b925-9a73a663204d,b236a768-7583-40cb-880d-b167d0451ba5,** Non Traded in accordance with SEBI Regulations.,
a4525976-95f2-441d-aedb-b11e23faf8e2,b1052d40-184f-42f5-bbef-a63f027d6945,bfa995db-5b61-4f75-a4d1-0c01629bde10,** Non Traded in accordance with SEBI Regulations.,
4b20abfa-4497-4a19-9429-561c549b54ac,6d337ab4-dfda-4814-8448-4293ef1bd14a,cd0d9ca7-3909-408b-bd18-4d225a98f11a,** Non Traded in accordance with SEBI Regulations.,
0832da5c-79db-4c99-af05-5dda3c9210f9,df12f86f-e985-4385-adc3-77b0d98a2837,f2b5f28f-6a32-4128-b624-bd2f0574c389,** Non Traded in accordance with SEBI Regulations.,
921d9b46-950b-4328-aa39-22f7b6ac1e92,4c73d3e6-349d-4083-a72d-178e108b4002,0a98d7d1-204e-40ec-8ac2-24d8ac5132cc,** Non Traded in accordance with SEBI Regulations.,
6e4a8a2a-bb3e-4436-9fc0-9a0c53d83825,dcf0a87e-d85b-4a7d-908b-f096a8532005,135d1639-35a5-450b-8489-eb2e976bf260,** Non Traded in accordance with SEBI Regulations.,
f37cb7be-f8eb-4f9f-8d30-e73a040dd8f3,ef504ea4-3d11-4782-9388-c4491f323f29,1396b526-82b6-4876-a6cc-61909f7e2550,** Non Traded in accordance with SEBI Regulations.,
5e4be707-4831-407c-8b2c-8872dff4ccb3,9e677dec-6abf-4546-b55a-094e76b9fb18,1c1cad4a-5347-4a26-9ce0-161744aabae4,** Non Traded in accordance with SEBI Regulations.,
ad3bfcdd-df72-4436-9252-41543ca7640e,28b94171-7504-450a-a21a-c461e2063bb1,21fb405e-469a-4c1d-8575-93dbf68d7091,** Non Traded in accordance with SEBI Regulations.,
49d9b5b7-cb92-47a2-a85f-41fcf7940684,551a5203-3c95-4b5a-9daf-cf2a35524a63,2cdd51f4-5ccf-4965-859c-779cba6994c3,** Non Traded in accordance with SEBI Regulations.,
cab56ee9-8749-4f17-a7bb-0a5a07e695ec,c5003a7c-0c45-4124-b5df-d5bd44e717c2,587e04d5-5ff8-4d4a-91e8-168a3f148019,** Non Traded in accordance with SEBI Regulations.,
86796e9b-e9e0-4d2d-862b-4c79bb85d3a0,b04e2240-e78a-4780-ae55-0f23beee477d,5d4b2f7b-4b3c-4a7d-8719-c331410118ea,** Non Traded in accordance with SEBI Regulations.,
98b13f2a-29e5-4a76-a255-0996047d7aa3,72f4660f-ce7d-4015-b9bf-90c9545964d8,c45844f8-97ef-4a7c-b9a8-6d621c3bb6ff,** Non Traded in accordance with SEBI Regulations.,
4fce7c1c-e193-47d8-9af2-81080fe7d014,576d2fff-17f2-47c3-99b9-f157e45032ea,cc880891-a17c-4555-b0cf-0b7bf98c0e9b,** Non Traded in accordance with SEBI Regulations.,
07db5e8a-a007-45e3-967e-a07b8324a65c,f8afd568-b109-44ac-ba3e-5225892fef9f,d402ab8a-abaf-4793-8b5b-1ce55342a325,** Non Traded in accordance with SEBI Regulations.,
c59f20c7-6ef9-47aa-b95c-5382d1a6de59,4591cbcb-c2d0-47ff-b9f1-081edb7b0bf4,eb03d678-9ac6-4973-8adf-f2b2764ac333,** Non Traded in accordance with SEBI Regulations.,
805b96a5-aaf6-4571-b61b-4374d1639bec,84c7c2c8-d8ad-4f39-a02f-68261ba1bf8a,b99db303-a107-4c82-8c8b-fadc3a629342,**  Non Traded Security,
22df4ce2-0a17-44c9-8a5f-bb1e282d3b55,daf9b179-a582-4650-955e-06a7309846c9,39585dac-7553-43c0-b46b-1977735a8e37,**  Non Traded Security,
807ac459-5e76-4931-881e-092cf8e71286,5a584e4a-c747-4c52-8e2b-8e31dab7052b,5b1662cf-bc85-4c6e-bf6d-2b8b1d393e9b,Notes:,
dcb6526a-2959-4c02-9518-b3e917b83be7,8eb6cd37-468a-4301-bc72-cdaf3f048f07,8e95bdc7-e325-4e24-bbb3-d1901ee5a8e7,Notes:,
3676e953-b1dc-436d-8447-cc3e57129c53,d3c386fc-ea8f-40f2-9b38-8af9e4092072,06dc7031-a58a-41e7-8a3b-0c5619cf0cab,Notes:,
bdb8f84d-7f96-4ef9-9622-9dc3e035dcc1,3b43abb7-85fd-4a7c-ad0d-673bbd6c9d08,e2b4f9e2-860f-483a-a019-dec5d7a064f2,Notes :,
87a31d95-4a56-47f7-b7d2-9a188edff6a4,8df80959-b26e-4ba7-86c7-1b6adb3b76b6,901ca365-219d-444b-bc50-4ff9f42c5a30,Notes :,
008a0471-bccf-4f10-909e-a133fe1abe6f,d9429dab-a237-43e3-a000-b146827512ff,b8c14d80-3911-4d96-ae77-1f4a92409025,Notes & Symbols :-,
e664a658-e29f-4a64-929c-59cdedf69b2f,7288268d-4866-444f-83f1-848813aa4de8,5325f803-d6ad-4fa2-b994-62b190eba1b1,Notes & Symbols :-,
de96998e-61df-4db5-9163-f3df502c261a,0d00ad8a-dea6-4259-a506-ba3b7865a52b,139042d0-6b45-4866-96aa-a552c01be3f3,Notes & Symbols :-,
c2234e21-002a-4ab1-a910-b902ee9430fc,f855102e-8f88-4045-a52a-5715438a96de,7daa7bc1-e17c-4a93-be4a-a3279cdbc2f3,Notes & Symbols :-,
c906df94-3f96-42fb-a0eb-4a740a803225,efdcd646-83a4-402c-9591-178f922be735,7d004753-4dc5-400c-8cf8-ed5fee56291d,Notes & Symbols :-,
6d261be2-fe5f-4fc9-bb59-52b8b196acd5,a27952a9-a93c-4a45-a163-9c6ecf55dfda,2c38cef6-1ac9-4b6c-a59f-f48f02eb3aaf,Notes & Symbols :-,
513e51b0-9c1d-4192-a802-bbc99b886c12,c8e858cc-96aa-460f-a450-90c5624ad51c,5f36ce7b-ee3b-4d6b-b74a-bd7d4bf88091,Notes & Symbols :-,
5a2bbdb6-6149-4abc-a01b-d55befc61f61,4385658a-d467-49a6-9309-08aa51c8528d,b3c18d0d-dd4e-473f-81a7-67c0a3c778f6,Notes & Symbols :-,
2dec19c4-b8ad-4558-9fcc-4c4bcdde4188,1eebaf52-350c-4f21-9951-54370eb68dad,e43d9a74-be71-4169-ba54-8ecabcc37106,Notes & Symbols :-,
ae0ef470-bf94-4b05-960c-ee9b50bd0cb2,a96ee8c2-5907-4ad0-b428-c6af28438ca7,bdddbcb7-8be9-41a5-a72f-6555371fe289,Notes & Symbols :-,
74abab72-af52-4a13-9c28-c49a82c4262b,e52aceb7-9bc0-403c-a7ee-524034694c23,ccef7cc5-611a-4e55-a7a7-ee1f4dce57af,Other Current Assets / (Liabilities),
2459c92d-dcb8-4f5c-8621-98b6e193aba8,d9429dab-a237-43e3-a000-b146827512ff,e9f06114-8db1-4e34-b95b-d2d129c8fe94,Other Current Assets / (Liabilities),
308f3302-7401-4412-9a60-3908e4fc4154,7288268d-4866-444f-83f1-848813aa4de8,a846d3a9-72fc-4926-b096-43c859fb0af7,Other Current Assets / (Liabilities),
6e906def-43da-4337-a1ef-0813f666c5bc,0d00ad8a-dea6-4259-a506-ba3b7865a52b,43fff80f-8b7a-4bf8-9a7f-ed2fabb9ac2e,Other Current Assets / (Liabilities),
f53a70c7-9f68-480b-bb17-68edf04769c1,f855102e-8f88-4045-a52a-5715438a96de,7446ce44-9c9e-4c4c-8f06-a29d7a5ac41e,Other Current Assets / (Liabilities),
b99f52a9-cee1-4c89-98bb-ae8d336a33ad,efdcd646-83a4-402c-9591-178f922be735,bad345d3-4914-47b5-a4b8-383ffa9867ca,Other Current Assets / (Liabilities),
6d1dbec2-052c-4d3d-b66c-2851e8602203,a27952a9-a93c-4a45-a163-9c6ecf55dfda,47b09bcf-d906-4605-82f1-80c64796d4b4,Other Current Assets / (Liabilities),
0bef94bc-cdb6-4a24-8be2-347704d513bb,c8e858cc-96aa-460f-a450-90c5624ad51c,77b167da-a8f1-40de-a290-8c4fbe8124fa,Other Current Assets / (Liabilities),
d0f9f65e-33c9-40f9-9c69-27abf99c333d,4385658a-d467-49a6-9309-08aa51c8528d,26dbf8a2-9910-4727-b4a6-98d38a264d73,Other Current Assets / (Liabilities),
0e58b512-9a88-4876-91f7-ae7d7bd975a7,1eebaf52-350c-4f21-9951-54370eb68dad,f0aaeff4-f307-4fd6-9e58-6221e1e0d988,Other Current Assets / (Liabilities),
0869fc87-b6f7-4f13-a539-66d5391ff916,a96ee8c2-5907-4ad0-b428-c6af28438ca7,ac9c3c61-3dc4-4fef-a815-2ab0bf11d89e,Other Current Assets / (Liabilities),
35fa387f-a784-4248-a85a-c018658364f2,95f3f344-e673-408d-980a-027c67f8eaa3,80c8759a-219c-47e7-8932-16514a9ae685,Overseas Mutual Fund,
079a111d-1df0-470e-91d5-c7f799c6e086,888e2b8d-b16f-41df-9a54-321b15f7ca68,1385cd05-051d-4e2d-8b3c-e26ca44a9bad,Overseas Mutual Fund,
79ba0611-7f33-480c-995f-f317e37b531a,34f1a4b0-feee-42e3-87d7-68cb34f29360,eec19cb6-e4dd-4738-8699-dc659af4eae5,Overseas Mutual Funds,
38efc0b9-4146-4f19-bc6c-9f2c59e0eedc,8eb6cd37-468a-4301-bc72-cdaf3f048f07,76cd7357-ec71-40aa-9d91-0fa40b8e8cf7,"^ Pursuant to AMFI circular no. 135/BP/91/2020-21, Yield to Call (YTC) for AT-1 bonds and Tier-2 bonds as on October 31, 2024.",
b34c175e-9ebf-4a66-b7f1-223216fa7039,c5003a7c-0c45-4124-b5df-d5bd44e717c2,1b38602e-136a-4fda-ac9c-bd652f7efb94,"Pursuant to SEBI circular SEBI/HO/IMD/DF4/CIR/P/2019/102  dated September 24, 2019 read with circular no. SEBI/HO/IMD/DF4/CIR/P/2019/41 dated March 22, 2019. Below are the details of the securities in case of which issuer has defaulted beyond its maturity date.",
2953ac4c-7809-4aad-bd80-4001db03c46a,551a5203-3c95-4b5a-9daf-cf2a35524a63,3d0741c2-80c7-47d2-afb0-34860fb78175,"Pursuant to SEBI circular SEBI/HO/IMD/DF4/CIR/P/2019/102  dated September 24, 2019 read with circular no. SEBI/HO/IMD/DF4/CIR/P/2019/41 dated March 22, 2019. Below are the details of the securities in case of which issuer has defaulted beyond its maturity date.",
464a60d1-be32-4de2-96f6-786846df2c87,72f4660f-ce7d-4015-b9bf-90c9545964d8,453289b7-2e4d-4f31-b74e-51ba8cfaf8d1,"Pursuant to SEBI circular SEBI/HO/IMD/DF4/CIR/P/2019/102  dated September 24, 2019 read with circular no. SEBI/HO/IMD/DF4/CIR/P/2019/41 dated March 22, 2019. Below are the details of the securities in case of which issuer has defaulted beyond its maturity date.",
2dc25957-3177-4327-8f58-43f697b817e0,9e677dec-6abf-4546-b55a-094e76b9fb18,f17cb89f-805c-44a4-bab5-1e821b2493da,"Pursuant to SEBI circular SEBI/HO/IMD/DF4/CIR/P/2019/102  dated September 24, 2019 read with circular no. SEBI/HO/IMD/DF4/CIR/P/2019/41 dated March 22, 2019. Below are the details of the securities in case of which issuer has defaulted beyond its maturity date.",
6e7003f5-8710-4473-bdde-a8f1920ca6fc,2ab17f75-8c1b-40f2-b38f-203bc3cfb6cf,072079e8-02d1-461e-8a85-6090c810052b,Reliance Industries Limited,
32faf44f-8c5c-4c05-b57e-a76219dd7088,632805f4-8500-44f0-a791-597a43b6bd37,47049298-278b-4af6-aeae-0746344e7ff5,Reliance Industries Limited,
308aa73d-e0ae-477c-9d88-2a90c550c8e1,56d8051a-55f8-4e5b-8e74-679f6221cd59,5caa67f5-6bd7-4756-b68e-544b7dad42b5,Reliance Industries Limited,
9cc56873-d006-4c97-82d5-663cf83fc05f,66a2a0c5-3f43-471c-b626-ab10373f21bd,d20959b1-9236-48d4-ab1d-878953210bec,Reverse Repo / TREPS,
9dbc6b02-c287-4bdf-bd17-ad30e5b1aed5,03201d2f-0aa8-49b4-9220-a310f57b034b,20cfa2ce-159e-4017-9779-314d4ac774d1,Reverse Repo / TREPS,
394611a1-2e17-4a64-b64b-47a3fd79827a,62a10e5c-613d-4942-bc99-0ad021b1d805,276ff855-fab2-4d40-b829-ece91c1ad02d,Reverse Repo / TREPS,
92ce8eba-f9cb-4822-af90-2b8f9b801722,c9dd90f9-e007-45a8-b0ef-992befb89f1e,28c2ad96-7666-4ec7-882c-9a6cd9a571a1,Reverse Repo / TREPS,
0b9ad939-1f2f-44a5-9f71-647e22e3a0c1,8eb6cd37-468a-4301-bc72-cdaf3f048f07,57a9ccad-c818-45d3-829b-37abe8647dc6,Reverse Repo / TREPS,
ba34dcd0-f258-4926-bab3-e2a2c9281931,b405169e-b10b-4cd6-a5a4-86f7ec69b705,82073752-85db-4a4d-8a92-ae0f13f5580c,Reverse Repo / TREPS,
2d5a9dbb-bdf8-48a1-82c8-5175c589090a,5a584e4a-c747-4c52-8e2b-8e31dab7052b,b6399724-d5d2-482c-9d97-3c08ba9e278c,Reverse Repo / TREPS,
e1cd17cf-9cde-4bb4-8472-ec66c72e10f0,d3c386fc-ea8f-40f2-9b38-8af9e4092072,640ed801-c3b6-4f85-8e39-d85af8a2b851,Reverse Repo / TREPS,
0ef9c81c-dd13-499a-a2f6-1d66bd9775d7,c21cb746-5943-42d6-a552-401e685f9f7c,9137ff0f-369e-455e-9dd0-d15651866712,Reverse Repo / TREPS,
28466f75-0419-4ab9-a8a6-cdce158548cf,3b43abb7-85fd-4a7c-ad0d-673bbd6c9d08,9bac235d-de61-4a72-8f8f-9c41f2453000,SCHEME RISK-O-METER,
d364bb72-4416-4d46-b500-bf98543389eb,8df80959-b26e-4ba7-86c7-1b6adb3b76b6,680b928c-d110-4ac3-a1a7-fa8c6d652635,SCHEME RISK-O-METER,
5911a37f-0d37-4fff-bfc8-85ee4a0a31e0,a98dbc30-617f-41d6-9435-ca7579c3e934,05ee0f4c-6082-477a-9c6e-3b3ce8365ea9,Scheme Riskometer,
d1ef83ee-d7f1-4932-aa1f-d4be88a4a0bb,1235aa4d-d6be-4e66-a594-97bf0a61627c,14abd8de-1cf5-45f5-ae25-d579f675b068,Scheme Riskometer,
9fced689-d0c4-473c-bd62-692b0f892206,87c1811a-9b37-4ee1-a921-d6d54cfa31ec,15be281c-bbea-4723-94ef-2cbead6c7ae7,Scheme Riskometer,
8a85c142-b868-46f8-ae1f-4595f0060f8a,f98d00b4-ba8a-4436-a88b-4b3ee8f293e2,19531b56-bce3-4a9a-99c0-483e08a9977b,Scheme Riskometer,
f9cb32ba-e7ca-42fe-ba6b-9d3103d5a45d,c013c858-d7e4-48e4-8885-935399840dd1,447928b7-9c4c-47d9-8885-7351126aa649,Scheme Riskometer,
32ae7f83-5a3a-471e-96e5-14bf05680ab6,d72c5d6c-b05f-4a9a-9884-001911d22bf3,4550f31c-6bc6-4e1b-904e-8b90f4b77a14,Scheme Riskometer,
64f71f84-4695-4820-ac15-25b3b2ae2de4,a2e1afdb-6488-4cd7-b329-3cf037faa25a,4b181b81-7bcd-4ca9-9bfc-08944beea585,Scheme Riskometer,
d172ec05-0166-4af9-a2a2-b77d2e4db458,8dcc94b2-7f90-4baf-88f5-814ee13f6cc5,5407ec5f-e1e3-4c52-9bf1-3dd06ce2fd99,Scheme Riskometer,
673a4ecd-9e16-4f12-b2b0-b4ff9ef63fda,c2b75d61-232f-4aa5-8ab2-107a06685819,61eda8d9-6a8a-4c2d-88b5-a023e8a942ae,Scheme Riskometer,
81f14351-4dc0-4e81-ad48-c1d7ce366f12,8d568b47-a50b-4ad2-b8e7-3cc6a212500a,63ba8c68-1587-4b2e-ad9e-97fc0d4cf2eb,Scheme Riskometer,
00ee75c9-0f06-4566-857a-e8534fbe344a,3c12aae2-e082-454a-89af-a209fca81a03,66d0ff16-da5d-4d2f-9d12-d2f292d85305,Scheme Riskometer,
c652bc88-7484-443d-b96a-17d9395eed14,b366c1a2-eda8-4d10-92d6-667db97e46b2,77914f64-8b7f-4f91-8164-61d69badfeb0,Scheme Riskometer,
082371d4-4665-4cb5-9a72-85b7e58afc2a,3e0e4d3d-45ad-4f7c-ba31-4d41dd50ebaa,7cc2e943-7279-410a-b0a7-05ce31f11527,Scheme Riskometer,
dbc3bf8c-dd85-4784-b194-7b484856814f,95f3f344-e673-408d-980a-027c67f8eaa3,7db3ba6d-a011-4ed1-9dba-ff9f35ec786a,Scheme Riskometer,
a07c8809-2ce1-4e6e-99bb-1034ad1a78e9,f5468236-9267-4325-9790-e8e4d3f786fe,82eb8f00-8ecb-4142-9b28-4371c1acdf3f,Scheme Riskometer,
c51a2435-bfb1-4c17-b9e7-193e0afb8e39,fea8d894-1250-43ee-bd1e-9258000070e4,83a37ef8-69d9-4309-852b-4ae53de3e4ae,Scheme Riskometer,
2c56a7e8-780d-4a07-98d2-a780886cdb90,fe1f8698-0748-4cdb-912f-70d58c45bb14,b99c5441-9f74-465f-8854-310092a09d10,Scheme Riskometer,
66b1a260-5738-4003-9140-de43cf2c322a,01b1e166-9a20-43a7-baab-8bb3eaa46562,c98f3eec-218e-4b3b-9afe-abc4c0d09a71,Scheme Riskometer,
bbfb5c4e-2ef0-49a7-9a14-58acab3540e3,16e863c6-88c5-4567-9b1e-f6f573629c3f,cdf89f53-d2f1-4c6a-8a5f-8aa4e762f0a4,Scheme Riskometer,
731b59f5-449c-4b5f-a69e-46c3fb1a5a36,3c847dd7-b25d-4346-a5f9-c1381111d28c,da4d48e3-5ffd-4d7a-ab99-64c133e92d52,Scheme Riskometer,
fecaf20e-c10a-4637-9020-6128a3bab5f0,cb02bc10-915c-49d2-a2e1-194c15e16032,e03aef16-7216-4904-9eaf-3f82b1860a29,Scheme Riskometer,
f8fead1d-ce5a-4352-b899-0af8a57e2fc4,40e45dae-d7b9-4622-bce8-3e342dc9a7bc,f0b2116a-2986-4369-87e3-570936abfb8c,Scheme Riskometer,
ba10700e-7ad8-45f8-a833-b4ad7c223ff4,e65162bc-30e3-4c70-a364-2d29398aeef6,f0c83285-1128-429c-87e1-529a7b43c385,Scheme Riskometer,
8f776c21-f8be-4237-85e7-3a267c8e11d4,337c19b1-bcb1-4dbd-9336-ea5d9b511272,f74d9329-938f-4279-8724-f83f19d840f5,Scheme Riskometer,
4fc1238f-8989-4250-8574-972e6f3016fa,deb98325-1455-4142-bdee-b7897cc7c62d,1955d81e-1ebd-4937-87a5-b36c6a403e11,Scheme Riskometer,
d92e3a74-bb6e-45f0-852e-faf44c71ccda,223147c2-8b24-45da-8811-fc97b939fe42,1d4444d5-a086-44b0-952a-d2244bc56b96,Scheme Riskometer,
71b233c6-eba9-4609-a75b-7ff89360de43,b621384d-63bb-4bc1-abfe-83c12ee24091,23e1d4fd-9825-49b7-9667-7e54d281a291,Scheme Riskometer,
cf8cad61-7bbd-40e5-a577-8653dd3f5136,bf03b6d4-f183-4273-9233-2f464066a549,3212e8be-6fb1-4fe3-9ae3-c5b3c39b9941,Scheme Riskometer,
e59144b8-d3ac-42d3-8df2-f3c76c47d04a,2fae2a62-d20d-47ce-afa9-2db98b06ad1a,4941bc5b-1788-47bc-b5d4-7115db95c511,Scheme Riskometer,
61d59dfe-47c6-4e2a-a42a-eed8b424f4ad,d261d9a5-22b9-44ab-98da-1f68d27ac487,54850ec8-9315-46c7-9598-8d179d1583cd,Scheme Riskometer,
b86f9509-b912-402f-80e6-56fe0c53c743,a14edabe-48d2-4c76-9f14-b97545126ba4,5a1e45d9-4410-466b-a664-51e1015bdff0,Scheme Riskometer,
86dbdf14-9515-44b6-8a08-944eaac48fa4,e771da65-7c99-4e13-8cdb-d52228fbc2a9,645c13be-0107-4a06-b635-dd196b25273d,Scheme Riskometer,
b470bb05-2527-49a5-8fcd-58ba33d6239e,c7b58475-3b99-4fa2-98c3-3d2dda65c37f,66ffff0c-1dc2-4fa5-b68b-1ee4ccbb0465,Scheme Riskometer,
a6ff0906-a9c6-40d1-a5dc-b10333842bdd,8f176ebf-b1bd-4696-90e4-be5da4bb63b6,6ff3971a-1b29-440a-93ca-8b8081fa71d2,Scheme Riskometer,
a1f689d1-03b1-464f-bebd-3d29b71e6b85,683857a7-d74e-4bd0-a718-e5a298157857,7317f726-3f8c-41bd-9994-79e18c356d33,Scheme Riskometer,
ef9a275e-8c14-475e-9e0e-ff7da9bbbdf4,31b98558-3446-4859-afd0-60e7b0c9b47d,75f99c53-ea1e-442a-8d2c-8ef375c523c9,Scheme Riskometer,
013b873e-e445-4bb0-a220-bfd4b4e5d645,f3c71637-8fce-4289-89a6-119fb8881fb8,878f0b1f-437d-46cd-a075-9142a303c5c5,Scheme Riskometer,
c5ffda87-28d7-4044-b47d-714c2bed04bb,77de0052-85e0-4f1a-a4ff-6fb32ec99c92,993bfdfb-0983-447d-9258-561319e35a72,Scheme Riskometer,
25bfaa4f-c2ef-46e1-9d19-46669a0767e3,34f1a4b0-feee-42e3-87d7-68cb34f29360,a33f5c6b-124f-402b-a258-e769e839a35f,Scheme Riskometer,
be167a23-4e5f-4644-93f0-051718df724f,8b56b530-dda6-4d7c-a6eb-67eb77c3f745,a854c0cf-3477-419d-8be0-c0885ca6d00e,Scheme Riskometer,
782fd6ff-657c-4253-9b80-94ed0513c98f,511ec12d-ac26-4a9e-8dea-2b7aa7bf934a,b2b89b68-61e9-44d1-a4f9-3fa101dbfeee,Scheme Riskometer,
b58ab8f6-a42f-4409-9efa-b48ff2f12ee3,a2565b16-cc39-456f-92b3-f92c0ea1d287,b2fcc49e-8b64-435e-9444-90f56fe2d97e,Scheme Riskometer,
9629dac9-de2e-4957-9b9b-2c023c10b607,2ff0c7b5-ec0f-4371-8afe-61a4b7224117,b6dfd6a2-effd-4783-8c67-e402602ed3e4,Scheme Riskometer,
d612af7b-1481-46f1-be9c-b6866d1d6cb6,57bf7fdd-93b0-487e-ad92-4a8aa8661288,c498cd02-0967-4172-8949-62c5d92f95e4,Scheme Riskometer,
0327f5e0-a0b1-44ee-a414-0c174cfd9264,c59f97f8-48fe-49b2-9b93-c9d26f4d00ac,e21341c5-1746-4732-ae81-0543e3467684,Scheme Riskometer,
cd296cc7-2c5a-4694-b5ac-ca59154a2e3a,24f3a0fc-db4e-4f5d-8ce3-0f1220c49f68,f0e8f2f1-f9e3-4ebe-bd85-6166af653b70,Scheme Riskometer,
c389d27a-e86d-4118-a280-6b8f3f947511,a56c15d9-9072-4a7d-b591-f2212bc23d5a,f9b2ca42-dc63-4a9f-8420-fc6bf0637606,Scheme Riskometer,
40cbc5fb-c42c-4c1a-bb28-902ca1e7c65f,3f0dc69d-77d4-4cd8-952c-3813c4871125,fa965d78-7e86-47b0-9179-33a392410052,Scheme Riskometer,
cde0bf0c-deeb-4822-bce3-1435d8a7b1a5,5fa02d63-94cf-49c4-b2f2-5204f3628553,fb58d97f-c544-432d-930b-89f14a5be048,Scheme Riskometer,
4b20563c-b4ef-43e3-a166-131b81fc35cd,888e2b8d-b16f-41df-9a54-321b15f7ca68,0848cbf9-d8b0-4892-80a7-dfc4b2afec6d,Scheme Riskometer,
558a74fd-1b57-401c-8326-eb46dbd78567,39d85bfb-703d-4abd-9904-af0019204b9d,0b3c36a1-d027-425c-a8d9-16d62bf8c162,Scheme Riskometer,
320b9db3-a493-454a-8613-6a893dd2889b,22f1b15b-1c63-413c-93c9-0f8fe5271517,11570125-be62-448f-9595-eb5323db723f,Scheme Riskometer,
ddc43cc1-cf3d-47b3-b74e-a890ac105bcd,10ad78f2-1f9e-475e-b925-9a73a663204d,1595a614-acad-40d4-b8cf-57b5e1a9488d,Scheme Riskometer,
9179997a-1288-4ccb-b916-2893b147f05e,b1052d40-184f-42f5-bbef-a63f027d6945,248f9eab-794e-4880-a252-92580283c9fc,Scheme Riskometer,
877c8204-b054-4377-a4a1-32c7882726db,ea59472f-5dda-4f56-b0dd-cba0dba8ea44,319509d0-1664-42fb-b810-c2b061df9532,Scheme Riskometer,
fe570254-a792-4fa7-a159-0b139c84f47f,6b5d2872-40b1-4bb7-a0c1-e5368cadff36,32ccf60a-49db-4635-ac44-567039f740bc,Scheme Riskometer,
dfde1931-1696-4c53-8d38-cdcf48448a86,13b8de8d-e3b3-4382-b444-3edfcab4947a,4f2f4bbb-2f54-4cba-a603-78a67105db1e,Scheme Riskometer,
3da18e95-39e5-4d0b-9dc6-660201544a72,df12f86f-e985-4385-adc3-77b0d98a2837,553475da-da58-4019-a449-060877f38220,Scheme Riskometer,
0a016f3b-6611-45e3-8485-85b02746d24f,05476498-9a2a-47cb-89a9-1eb58ac325c0,5db55961-69ec-4756-a073-f67c76a3e475,Scheme Riskometer,
e3c9a931-c2a4-4467-ba43-8ae0c7eb103f,5f56202f-1a1b-46ab-9352-32c451eb1f2c,779b79d4-a325-4fdd-b3af-25b2f0829470,Scheme Riskometer,
0c3332e8-b2ca-4e56-b542-40d11dc3d0a4,16a96514-a294-46ce-901c-b833cad422c8,980a3ef2-3c98-41b8-abbc-8cb96b3b3d52,Scheme Riskometer,
843f6e05-ea94-48f5-870d-2982c834db2d,bd316754-25a2-41c4-a71b-7c96c68bc2c4,9e12e2e0-0ffa-4851-a08f-7bcbecd3d792,Scheme Riskometer,
82765025-7bde-4560-a4d7-fcb5a9397214,12639e2c-ae37-48bd-b977-7c0e1a8965e1,a36009a8-58f2-4304-af84-6b0832b42322,Scheme Riskometer,
821464c1-c273-4540-8911-5d7a0eee717d,4eb221fa-52ef-4da6-b995-36f34efa70f1,a7ebe5c2-f65f-4a6c-ae9b-083fecc21337,Scheme Riskometer,
11a09b2f-4b1f-41be-97f0-971a8059f9f7,363fcd54-58de-409c-83a1-9307268d95ae,b6c64974-aab2-4e6b-b2d0-11034352e25d,Scheme Riskometer,
edec9a15-d7dc-4579-8165-07b1720f74a3,e108a83c-f147-43d1-8812-128be3c4b7b1,be6f2b8f-fe5b-4205-b19b-f3847e1ddc82,Scheme Riskometer,
44f56a68-d3db-4865-a834-1c54e59f711a,066246e5-9f5f-4ddd-8f0a-5a6cb36e2c5d,c6874348-e126-4450-86a0-5d069469c0a4,Scheme Riskometer,
3f5d6ce8-c49b-4841-b349-d08664830dc4,e1bc241b-d20f-4365-8f21-1dc8bae4ddc8,cfdaa1d6-fb2a-47a2-8909-f1030e0db44e,Scheme Riskometer,
ee7dc460-235f-499b-91cb-c4e6742d4478,ac293497-c767-44e8-9fe1-6db65b2d69dd,d16744af-37ce-4c97-a166-b07c91fc502b,Scheme Riskometer,
12f8f6da-f918-4cd4-8cc4-5c1b8b8fb660,2663f05d-b3bd-4f5d-be47-2ab33a519e02,d890e347-0126-41b4-99b6-50159565e757,Scheme Riskometer,
22005397-4cb7-448d-b0b2-21cc7d759f20,62889a4c-18a0-4360-a661-25a9cd03d7e3,f3a850a4-c9dc-4255-8785-ecbff6aec30c,Scheme Riskometer,
2cc5dc1d-fb22-4d6d-a702-375aa0e767de,238fc44a-9b8a-44b9-be62-eab288fa9118,1e9dd69b-2c50-4ddb-b162-daad283b9b9d,Scheme Riskometer,
cb3b3858-2bc9-4378-9aa9-eeda7fecfeb3,ef504ea4-3d11-4782-9388-c4491f323f29,1f0f11a2-ce95-45b3-ae85-73b86450d3b6,Scheme Riskometer,
bac05a81-9141-4601-8ce5-e448aa4a9e8a,08180163-e2b7-47f6-b1ca-a69843c50340,317a4ef5-10d1-4408-bd54-be72f90208b6,Scheme Riskometer,
f33e63ee-aa0a-420f-81d5-0f9fd89dd924,dd454cb2-6c59-4c6c-b8ae-adb8afb44272,3d41008e-e9ac-4f1e-a934-dc18dd50e040,Scheme Riskometer,
d1f12bc1-8cec-4510-b0c4-df02c4c0a03a,72f4660f-ce7d-4015-b9bf-90c9545964d8,3d6a8a21-f2c2-47ad-97dd-61be43522ea7,Scheme Riskometer,
6a1fedd5-9ddf-4932-b78c-a02515de2f02,551a5203-3c95-4b5a-9daf-cf2a35524a63,4050984a-0699-4d7e-883e-c2345ef3905d,Scheme Riskometer,
c78c1c0e-2644-4296-bc9a-f5b403a2382c,99d7c8e0-e9e2-4665-b808-5d81bdfbd7eb,5c08ef46-a46e-4388-b57f-e964b34b3644,Scheme Riskometer,
8bba2d6c-ce4b-49de-8bc5-59d2485a1367,9e677dec-6abf-4546-b55a-094e76b9fb18,7fa9033a-7f06-4b47-a8ad-9a3251cedd25,Scheme Riskometer,
df4b7868-e544-4f40-93fd-4b4511b31dd6,22643a51-52f7-491e-8402-99edcead8da8,99f34ad9-50b7-4145-a0c0-f4054217f14f,Scheme Riskometer,
f45181b0-ebc2-4b11-b501-ddfeff1b4503,b90689ce-b04b-4728-9417-d7d5cf29a889,9de5c8d8-6071-419f-beb4-5f3994881c8f,Scheme Riskometer,
8ab02b68-c399-4551-8c9d-fdabd589dcb3,4591cbcb-c2d0-47ff-b9f1-081edb7b0bf4,a567770b-689b-4484-ae12-3b5ce270c12e,Scheme Riskometer,
38ce58d0-e70b-4317-be05-acd9f20fa3d8,dcf0a87e-d85b-4a7d-908b-f096a8532005,a773a262-d1da-4a9d-aca8-6246f7de50af,Scheme Riskometer,
5cc38219-8a6a-492a-a5a5-e6136d184b6e,d752970f-f545-4c22-b17e-1cb88a905642,b8ff1812-6b19-435e-999d-5867241dc827,Scheme Riskometer,
a3063786-daef-47b6-bfb3-06113f0a27f7,b04e2240-e78a-4780-ae55-0f23beee477d,cb116c18-68ff-46cb-9e69-a35d216f0489,Scheme Riskometer,
9f8bde32-4f5a-4c04-b96a-5bba424d81dd,dead7470-4f29-4afc-8b73-40d16e6240a4,cc10b1ac-0c2a-43b3-a304-2aff96a5ab8b,Scheme Riskometer,
a84a4500-66fa-4217-950f-4789c8fa0168,576d2fff-17f2-47c3-99b9-f157e45032ea,d4a1527d-9e3c-4054-8013-7d04e1597dfb,Scheme Riskometer,
5dcf1c2e-1962-4260-8302-df6c6db8e89f,ee7f77d7-6936-4d83-ba59-9e88403bb081,deb6f066-fa21-42d7-8b2f-c2b20efe84b1,Scheme Riskometer,
5c600a86-dcbe-4b4b-9843-65a564849361,58a2a794-3677-48a2-a932-29a7511b4791,e2c3b079-ea7f-4ca5-abfb-298e3408e093,Scheme Riskometer,
c91b1b5a-4590-4175-8afe-4ac0e609f975,c5003a7c-0c45-4124-b5df-d5bd44e717c2,e504fb64-ba51-40bd-9217-8709dbe7b009,Scheme Riskometer,
166f0ef1-91fd-43f7-aba5-9cf568e78396,28b94171-7504-450a-a21a-c461e2063bb1,fdbd0f40-deb5-448d-80f3-92e8e70cf7bc,Scheme Riskometer,
149d7294-c47f-4f29-8b28-d461ebd60a3e,b056e71f-bd95-4939-a2c1-1367acb2054d,1fd3f3c5-ad79-4af0-a4a8-4b0458fb2bfd,SILVER,
79bf58e8-6242-4812-9cf1-e6a2224222f4,03201d2f-0aa8-49b4-9220-a310f57b034b,0d3d93ee-6160-45d3-8dc7-e6d78dda744b,Special Situation,
7c913302-a692-45e1-9a82-ffed42d7c935,b405169e-b10b-4cd6-a5a4-86f7ec69b705,9cc4d8c8-050f-46e7-8cc2-993900ae80b6,Special Situation,
e0154c03-e820-4311-b650-b0399d3d7f5d,3b43abb7-85fd-4a7c-ad0d-673bbd6c9d08,b3f419ea-0107-4f79-89a8-251be13852f4,The Face value per unit is ` 1000.,
fa07ba3b-6e4e-452f-b3b2-418ded1af871,8df80959-b26e-4ba7-86c7-1b6adb3b76b6,261df76b-3190-4232-b247-d18018ef7842,The Face value per unit is ` 1000.,
3efa8af8-a63c-44f2-b5a2-7b90795095ba,d9429dab-a237-43e3-a000-b146827512ff,c3e2bc7f-43d7-4376-98ca-cefa87e1298a,^ The Name of the Industry is in accordance with Industry Classification as recommended by AMFI.,
84d555c9-7594-4d12-b3a0-624bc570f6e9,7288268d-4866-444f-83f1-848813aa4de8,dd4da936-4376-4c55-918e-9fe9a98ab791,^ The Name of the Industry is in accordance with Industry Classification as recommended by AMFI.,
83d8771f-dec8-48aa-ba85-0bd441ea8e64,0d00ad8a-dea6-4259-a506-ba3b7865a52b,3692f311-7c37-431a-a037-00c282c390ec,^ The Name of the Industry is in accordance with Industry Classification as recommended by AMFI.,
a6f40d52-79f1-4c72-8e05-b7ea2036e431,f855102e-8f88-4045-a52a-5715438a96de,782a7701-c970-412c-834b-53e09d4e7221,^ The Name of the Industry is in accordance with Industry Classification as recommended by AMFI.,
60c8d90b-c5fe-4e06-ad9c-cc9a61b8fc38,efdcd646-83a4-402c-9591-178f922be735,c5584727-daf2-4836-9d60-483ee0d9be58,^ The Name of the Industry is in accordance with Industry Classification as recommended by AMFI.,
988517f6-228e-4a09-ada7-487d954e1366,a27952a9-a93c-4a45-a163-9c6ecf55dfda,aed79f55-d924-44df-bfa5-625d7bc28936,^ The Name of the Industry is in accordance with Industry Classification as recommended by AMFI.,
164aaa27-8ac8-4555-bb83-875ec4f43527,c8e858cc-96aa-460f-a450-90c5624ad51c,b46ef424-b75a-4c81-a4fa-57ef95e723f3,^ The Name of the Industry is in accordance with Industry Classification as recommended by AMFI.,
4b8e165e-de92-49fd-aeff-74c6c1412649,4385658a-d467-49a6-9309-08aa51c8528d,29dbcf10-4488-4091-b20c-e698c6977898,^ The Name of the Industry is in accordance with Industry Classification as recommended by AMFI.,
916b9ef3-9e61-42e0-bc98-c0d9f9542b42,1eebaf52-350c-4f21-9951-54370eb68dad,010bd8b9-24b7-478d-997e-94dfc213a23b,^ The Name of the Industry is in accordance with Industry Classification as recommended by AMFI.,
77598ab4-2d2a-4afa-8193-e0ecb1f66c41,a96ee8c2-5907-4ad0-b428-c6af28438ca7,169ea8f7-7868-4343-9b14-173bc76ae570,^ The Name of the Industry is in accordance with Industry Classification as recommended by AMFI.,
f0cbecfe-deb4-4716-a619-2f93d1e34f29,d9429dab-a237-43e3-a000-b146827512ff,9ef11592-7f66-43ba-8e63-ee1f085f2f27,**  Thinly Traded / Non Traded Security,
a65fd30c-a82f-4bdf-b8e7-856f503ef47c,7288268d-4866-444f-83f1-848813aa4de8,42adf66a-c688-436c-a13e-7c6fe5a1801a,**  Thinly Traded / Non Traded Security,
ce664b53-4b95-4be1-931b-ca811d5a1bbb,0d00ad8a-dea6-4259-a506-ba3b7865a52b,2def2919-7ec7-411d-832a-4456f87b939c,**  Thinly Traded / Non Traded Security,
c5268432-d1cb-49f3-b95d-bd1e8a952a3c,f855102e-8f88-4045-a52a-5715438a96de,a834dfe3-0b4b-42b1-aab4-ee7bd2db8c82,**  Thinly Traded / Non Traded Security,
abf6b160-4e5c-486f-a32e-4ae15bbc2cd7,efdcd646-83a4-402c-9591-178f922be735,1524db20-90c4-442d-a266-af88cd2e1227,**  Thinly Traded / Non Traded Security,
c77d59b9-fb81-40f2-a508-2b2e28157d21,a27952a9-a93c-4a45-a163-9c6ecf55dfda,155d0c6a-36d6-44d5-b797-230c211bb480,**  Thinly Traded / Non Traded Security,
9dba61ff-6666-4fba-99f3-30addb4455c9,c8e858cc-96aa-460f-a450-90c5624ad51c,82aa6420-8800-4f92-bb2c-1909de71f1ca,**  Thinly Traded / Non Traded Security,
22ee4b9b-3bc7-43ae-a4cd-9fa4b5ece7b3,4385658a-d467-49a6-9309-08aa51c8528d,a5925e21-24bc-4c12-ab9a-26db69f1e82b,**  Thinly Traded / Non Traded Security,
6298f22f-f25b-4145-bdb4-54ef1609df80,1eebaf52-350c-4f21-9951-54370eb68dad,6f5e0984-05da-4dba-a87b-56c9d5041b83,**  Thinly Traded / Non Traded Security,
94c396c6-baa4-4177-93c0-4fd6e7f2c582,a96ee8c2-5907-4ad0-b428-c6af28438ca7,a4da3fee-4061-40c7-9901-5ca3d1bf0e98,**  Thinly Traded / Non Traded Security,
cf51e946-dbba-44fa-b543-edffd25a9943,a2e1afdb-6488-4cd7-b329-3cf037faa25a,377fdb98-5ebb-474f-9253-b75f83df237b,This scheme has exposure to floating rate instruments and / or interest rate derivatives. The duration of these instruments is linked to the interest rate reset period. The interest rate risk in a floating rate instrument or in a fixed rate instrument hedged with derivatives is likely to be lesser than that in an equivalent maturity fixed rate instrument. Under some market circumstances the volatility may be of an order greater than what may ordinarily be expected considering only its duration. Hence investors are recommended to consider the unadjusted portfolio maturity of the scheme as well and exercise adequate due diligence when deciding to make their investments.,
7c64d3ba-f272-46f9-a49b-62e5abd73c45,fe1f8698-0748-4cdb-912f-70d58c45bb14,943cb4b0-4165-42bb-8a9d-45bec2c2ca94,This scheme has exposure to floating rate instruments and / or interest rate derivatives. The duration of these instruments is linked to the interest rate reset period. The interest rate risk in a floating rate instrument or in a fixed rate instrument hedged with derivatives is likely to be lesser than that in an equivalent maturity fixed rate instrument. Under some market circumstances the volatility may be of an order greater than what may ordinarily be expected considering only its duration. Hence investors are recommended to consider the unadjusted portfolio maturity of the scheme as well and exercise adequate due diligence when deciding to make their investments.,
fadca0a3-4537-4ea6-9c19-5f27c2f88198,8d568b47-a50b-4ad2-b8e7-3cc6a212500a,95fa52ae-03ab-4a9e-acfb-8986a0555aac,This scheme has exposure to floating rate instruments and / or interest rate derivatives. The duration of these instruments is linked to the interest rate reset period. The interest rate risk in a floating rate instrument or in a fixed rate instrument hedged with derivatives is likely to be lesser than that in an equivalent maturity fixed rate instrument. Under some market circumstances the volatility may be of an order greater than what may ordinarily be expected considering only its duration. Hence investors are recommended to consider the unadjusted portfolio maturity of the scheme as well and exercise adequate due diligence when deciding to make their investments.,
466b16fd-7ca8-4502-8b26-c9c10f3a7733,f98d00b4-ba8a-4436-a88b-4b3ee8f293e2,baae28f6-cfe9-4ca0-ae5f-4f577760c402,This scheme has exposure to floating rate instruments and / or interest rate derivatives. The duration of these instruments is linked to the interest rate reset period. The interest rate risk in a floating rate instrument or in a fixed rate instrument hedged with derivatives is likely to be lesser than that in an equivalent maturity fixed rate instrument. Under some market circumstances the volatility may be of an order greater than what may ordinarily be expected considering only its duration. Hence investors are recommended to consider the unadjusted portfolio maturity of the scheme as well and exercise adequate due diligence when deciding to make their investments.,
1d7d0ed9-d5d0-4f34-a4b0-b48ca79ae799,c8b2fbcd-6835-4a64-b790-0486910a39dd,c8c0d578-a3c6-4f4c-b5e3-2ac46e967656,This scheme has exposure to floating rate instruments and / or interest rate derivatives. The duration of these instruments is linked to the interest rate reset period. The interest rate risk in a floating rate instrument or in a fixed rate instrument hedged with derivatives is likely to be lesser than that in an equivalent maturity fixed rate instrument. Under some market circumstances the volatility may be of an order greater than what may ordinarily be expected considering only its duration. Hence investors are recommended to consider the unadjusted portfolio maturity of the scheme as well and exercise adequate due diligence when deciding to make their investments.,
a86a9dfb-6099-404d-a0d7-8be59b943363,d72c5d6c-b05f-4a9a-9884-001911d22bf3,cafae165-941a-4917-9c5e-44b4c8226173,This scheme has exposure to floating rate instruments and / or interest rate derivatives. The duration of these instruments is linked to the interest rate reset period. The interest rate risk in a floating rate instrument or in a fixed rate instrument hedged with derivatives is likely to be lesser than that in an equivalent maturity fixed rate instrument. Under some market circumstances the volatility may be of an order greater than what may ordinarily be expected considering only its duration. Hence investors are recommended to consider the unadjusted portfolio maturity of the scheme as well and exercise adequate due diligence when deciding to make their investments.,
53610cce-3d5d-4071-ba44-0e7a0e2ac170,cb02bc10-915c-49d2-a2e1-194c15e16032,d28ee065-ac68-4cdd-bf35-4d308f5ddb1c,This scheme has exposure to floating rate instruments and / or interest rate derivatives. The duration of these instruments is linked to the interest rate reset period. The interest rate risk in a floating rate instrument or in a fixed rate instrument hedged with derivatives is likely to be lesser than that in an equivalent maturity fixed rate instrument. Under some market circumstances the volatility may be of an order greater than what may ordinarily be expected considering only its duration. Hence investors are recommended to consider the unadjusted portfolio maturity of the scheme as well and exercise adequate due diligence when deciding to make their investments.,
9b663f1c-2e77-4ddb-950e-b70fd2fdf87e,df12f86f-e985-4385-adc3-77b0d98a2837,19200fb2-a0bb-481c-9ce0-f6ed02bae4d5,This scheme has exposure to floating rate instruments and / or interest rate derivatives. The duration of these instruments is linked to the interest rate reset period. The interest rate risk in a floating rate instrument or in a fixed rate instrument hedged with derivatives is likely to be lesser than that in an equivalent maturity fixed rate instrument. Under some market circumstances the volatility may be of an order greater than what may ordinarily be expected considering only its duration. Hence investors are recommended to consider the unadjusted portfolio maturity of the scheme as well and exercise adequate due diligence when deciding to make their investments.,
85c0dab3-c7a7-42cc-847a-8375c24181b9,ecb4bb92-5882-4d2e-9e2b-ca052ad8c22a,4d2378b9-bf4f-4d4e-acb8-a3ab05c52bfb,This scheme has exposure to floating rate instruments and / or interest rate derivatives. The duration of these instruments is linked to the interest rate reset period. The interest rate risk in a floating rate instrument or in a fixed rate instrument hedged with derivatives is likely to be lesser than that in an equivalent maturity fixed rate instrument. Under some market circumstances the volatility may be of an order greater than what may ordinarily be expected considering only its duration. Hence investors are recommended to consider the unadjusted portfolio maturity of the scheme as well and exercise adequate due diligence when deciding to make their investments.,
ad82c81e-9fef-482e-a756-dba49f724ef4,e687fca2-57d4-4be7-bd32-c155ca522388,93b5c0bb-70c4-4466-a1e4-b31420abdbd6,This scheme has exposure to floating rate instruments and / or interest rate derivatives. The duration of these instruments is linked to the interest rate reset period. The interest rate risk in a floating rate instrument or in a fixed rate instrument hedged with derivatives is likely to be lesser than that in an equivalent maturity fixed rate instrument. Under some market circumstances the volatility may be of an order greater than what may ordinarily be expected considering only its duration. Hence investors are recommended to consider the unadjusted portfolio maturity of the scheme as well and exercise adequate due diligence when deciding to make their investments.,
0803b611-c443-4bb1-936c-0ca817e7d643,348cd817-ed9d-4b14-adb4-bfcf239878c5,cbfbd2d9-aab4-4b3f-90d7-228cffa77a18,This scheme has exposure to floating rate instruments and / or interest rate derivatives. The duration of these instruments is linked to the interest rate reset period. The interest rate risk in a floating rate instrument or in a fixed rate instrument hedged with derivatives is likely to be lesser than that in an equivalent maturity fixed rate instrument. Under some market circumstances the volatility may be of an order greater than what may ordinarily be expected considering only its duration. Hence investors are recommended to consider the unadjusted portfolio maturity of the scheme as well and exercise adequate due diligence when deciding to make their investments.,
02cfa42a-c035-4923-a5b2-099a9adba0e7,6d337ab4-dfda-4814-8448-4293ef1bd14a,d5b7d2dc-9dac-465f-b698-e513e5ea533a,This scheme has exposure to floating rate instruments and / or interest rate derivatives. The duration of these instruments is linked to the interest rate reset period. The interest rate risk in a floating rate instrument or in a fixed rate instrument hedged with derivatives is likely to be lesser than that in an equivalent maturity fixed rate instrument. Under some market circumstances the volatility may be of an order greater than what may ordinarily be expected considering only its duration. Hence investors are recommended to consider the unadjusted portfolio maturity of the scheme as well and exercise adequate due diligence when deciding to make their investments.,
d35c973e-87f9-45da-b3c2-9e38ac4e135e,c20da3cb-ea77-41a7-ba29-b756d147545a,2981252c-aefc-423b-a0cc-243a6fd692ca,This scheme has exposure to interest rate derivatives. The duration of these instruments is linked to the interest rate reset period. The interest rate risk in a floating rate instrument or in a fixed rate instrument hedged with derivatives is likely to be lesser than that in an equivalent maturity fixed rate instrument. Under some market circumstances the volatility may be of an order greater than what may ordinarily be expected considering only its duration. Hence investors are recommended to consider the unadjusted portfolio maturity of the scheme as well and exercise adequate due diligence when deciding to make their investments.,
f1d2ad9a-470f-488e-af9d-db154c434c67,a86a1ca2-80e9-41a1-a8d8-b1e2afb0159c,e565e935-84fc-4488-b26a-1e1b2dbda0dd,This scheme has exposure to interest rate derivatives. The duration of these instruments is linked to the interest rate reset period. The interest rate risk in a floating rate instrument or in a fixed rate instrument hedged with derivatives is likely to be lesser than that in an equivalent maturity fixed rate instrument. Under some market circumstances the volatility may be of an order greater than what may ordinarily be expected considering only its duration. Hence investors are recommended to consider the unadjusted portfolio maturity of the scheme as well and exercise adequate due diligence when deciding to make their investments.,
cf3ff840-6f3f-4683-bc2a-a662c52f440a,fdd0027b-0401-4d6d-998f-e43261872872,d851815a-9e39-4149-b52d-be1c667ff91f,This scheme has exposure to interest rate derivatives. The duration of these instruments is linked to the interest rate reset period. The interest rate risk in a floating rate instrument or in a fixed rate instrument hedged with derivatives is likely to be lesser than that in an equivalent maturity fixed rate instrument. Under some market circumstances the volatility may be of an order greater than what may ordinarily be expected considering only its duration. Hence investors are recommended to consider the unadjusted portfolio maturity of the scheme as well and exercise adequate due diligence when deciding to make their investments.,
22da019b-ff08-48b5-8bc8-2e14268cfb3b,f8afd568-b109-44ac-ba3e-5225892fef9f,db3825ef-a335-494f-b192-3cf52c6597c0,This scheme has exposure to interest rate derivatives. The duration of these instruments is linked to the interest rate reset period. The interest rate risk in a floating rate instrument or in a fixed rate instrument hedged with derivatives is likely to be lesser than that in an equivalent maturity fixed rate instrument. Under some market circumstances the volatility may be of an order greater than what may ordinarily be expected considering only its duration. Hence investors are recommended to consider the unadjusted portfolio maturity of the scheme as well and exercise adequate due diligence when deciding to make their investments.,
78933eab-5d41-4556-9ce8-1f2ba46caf37,4c73d3e6-349d-4083-a72d-178e108b4002,ee7be149-41c9-4d52-8d50-4a320e9d2849,This scheme has exposure to interest rate derivatives. The duration of these instruments is linked to the interest rate reset period. The interest rate risk in a floating rate instrument or in a fixed rate instrument hedged with derivatives is likely to be lesser than that in an equivalent maturity fixed rate instrument. Under some market circumstances the volatility may be of an order greater than what may ordinarily be expected considering only its duration. Hence investors are recommended to consider the unadjusted portfolio maturity of the scheme as well and exercise adequate due diligence when deciding to make their investments.,
80023013-8514-40bb-917d-d9eaa1f8a3b1,e52aceb7-9bc0-403c-a7ee-524034694c23,9ec05297-7424-47e4-bbd6-4589f959a76a,TREPS,
5210a148-b726-4a2d-af3d-4417497ef8ce,d9429dab-a237-43e3-a000-b146827512ff,48fa87d8-e6e1-4c9d-9cf9-b3267c76ec79,TREPS,
d9178095-03c1-4775-a2ae-afbfd1065d8c,7288268d-4866-444f-83f1-848813aa4de8,e8dbcaae-e9c9-452b-8199-fca8cf9dca4f,TREPS,
0ac38702-d93a-438e-837e-9ff20bde2031,0d00ad8a-dea6-4259-a506-ba3b7865a52b,27bcee10-89a2-44ea-861c-cef966fc2d00,TREPS,
79fa467c-6216-4156-ae57-29abd3aee869,f855102e-8f88-4045-a52a-5715438a96de,e448142f-9d2d-4e56-a837-5f612c57106a,TREPS,
4bb410aa-7e4a-49bd-9b33-40794eb2aa0e,efdcd646-83a4-402c-9591-178f922be735,4a04eafd-7b7b-465b-946d-518a7d9e5194,TREPS,
32b4ac2f-b643-491c-8ed4-1d1a8e3d2ba7,a27952a9-a93c-4a45-a163-9c6ecf55dfda,995310fb-53af-4f78-974a-f57cf51bb555,TREPS,
cd2a115e-1501-4914-a662-31bc6d913933,c8e858cc-96aa-460f-a450-90c5624ad51c,923ba04a-3d4e-4170-ab49-af0ad2ee28aa,TREPS,
a0bfa195-23cc-4998-9d09-fc591c15ba66,4385658a-d467-49a6-9309-08aa51c8528d,bffb8517-3bc6-4c7e-9020-e969b5edf23a,TREPS,
0016cadb-b11b-4374-8c86-a7a6c401374e,1eebaf52-350c-4f21-9951-54370eb68dad,e91c8bf4-70bd-404f-862e-d30cac63d319,TREPS,
434f5f2c-a920-47b0-b4a9-2b65cb54fa7b,a96ee8c2-5907-4ad0-b428-c6af28438ca7,614265bd-ddf6-48b3-8265-dd2f1618f182,TREPS,
06e39b9d-7c92-4580-bee6-6575a1aa4204,84c7c2c8-d8ad-4f39-a02f-68261ba1bf8a,9761b2e6-2250-45dc-862b-c52fe4bfce7d,Treps,
10a5293a-143d-44f0-a773-479b229fc653,daf9b179-a582-4650-955e-06a7309846c9,de0d12f0-1ef2-4dc5-be79-ad07dd989d48,Treps,
3e46b13f-8b90-4dc1-86ca-e5c21b17ab63,3b43abb7-85fd-4a7c-ad0d-673bbd6c9d08,e81af7a8-c9c8-4eb5-afb5-c27543663d91,TREPS / Reverse Repo,
d71b0fde-58a7-440d-8bfc-2beb6badfe80,8df80959-b26e-4ba7-86c7-1b6adb3b76b6,e9b3a6b7-8712-4881-9230-c7576ccc24c2,TREPS / Reverse Repo,
1eacdc88-4f42-471d-803d-57f7b2652da1,84c7c2c8-d8ad-4f39-a02f-68261ba1bf8a,7121a26c-57c3-4de6-9ca8-e219bda237be,Treps / Reverse Repo,
0b707716-0777-442e-b45c-fa6e00012ca0,daf9b179-a582-4650-955e-06a7309846c9,d6977c19-c302-4b4b-a80f-0dbc4a94c969,Treps / Reverse Repo,
81af2c99-a11d-4d20-821d-f4cafcd66ec5,e9c086cf-afb2-4d35-8504-4e3e12ce78f2,0bf6711f-fa7b-4319-83e1-9230bfc295fa,TREPS / Reverse Repo Investment,
639c8b20-cf0e-4dfe-a074-d9ad23f16eed,38f85f86-713c-4484-a12f-2a5859184c24,0e1c0d78-cf89-4f24-a618-58393ec8ec29,TREPS / Reverse Repo Investment,
ed483707-dd3b-46fd-a123-026d4a51ef12,a0b7d48c-d05d-48f8-892a-6b2d55dbac1b,11d84be1-9695-4b7f-ae29-3c45c7fe1fe1,TREPS / Reverse Repo Investment,
0ff12ea6-36d9-4b66-8d5e-96f854152fb3,ea8b2bcf-25d0-4336-b27f-beecbc4cc045,14f7797c-ad20-4eb3-aa22-447a8c4deeef,TREPS / Reverse Repo Investment,
7984ddec-c25d-4366-9e68-b5db093f713a,e594769a-4d97-49f6-b7df-41062b7cffe6,18a58a31-0029-41e7-a1c0-2599123d55b6,TREPS / Reverse Repo Investment,
f4beefb4-eabc-49a8-b591-0c0dcd02066f,da546f24-31c7-497c-824a-b710aa49b8e9,280b8fe4-1e36-4d64-8c84-9916b59e58d2,TREPS / Reverse Repo Investment,
26ac0510-c705-4395-b2fc-8a1d4bc18eee,6a0506e3-8a37-4193-a7fc-a1980d148b81,341f921d-1684-46fb-8095-9cf24cf642c5,TREPS / Reverse Repo Investment,
2dcc561c-7692-4e30-97bc-863b3de9cc8c,9dfee5d7-a6c6-4d93-9f86-90500a905497,39db7771-7987-4d3e-96da-1efdf80e97da,TREPS / Reverse Repo Investment,
b29cb032-2ab8-4a32-95f4-5e31144cd6f8,d671160b-e7cd-4a48-8557-7242375349d2,3d8eff7d-4fe7-4111-acf1-aeff5de1e3b2,TREPS / Reverse Repo Investment,
880f5045-4405-4fad-a3ba-fe5b52f3d023,b4ccfd3e-e9ca-4e7e-97a4-818a8bff1a3d,3ebf1ec6-6c51-42e3-baf1-58812b0e244b,TREPS / Reverse Repo Investment,
73656856-8dac-4cee-94e1-b55155169a24,cf4cacc6-4082-42d0-bb1b-7320150ac0b6,46b3ab78-562c-4327-9eb6-9a4e82c001a6,TREPS / Reverse Repo Investment,
85d5fe60-6ef8-45ae-9bbb-7cbaa678c584,e7054dce-dfbe-42ca-8df2-75ba9a82a7be,4939710a-9996-41d2-bab7-67dd97469d61,TREPS / Reverse Repo Investment,
973a7064-052b-436b-b535-e26bda9a40a1,2d1b13a0-e627-4705-ad59-0ec882a6c605,52092688-8d79-4e8e-bdaf-4ee9e37a4bd3,TREPS / Reverse Repo Investment,
86abc95a-a06c-4bdb-8861-89fc21b9b114,3c1827ae-b036-4594-bc7c-669a917a090e,5bfc4248-54f3-48c5-85d3-a186acc1e392,TREPS / Reverse Repo Investment,
56c9ceb8-bc65-4946-bf96-f72d685ba802,d4a369f0-f06b-47b9-abd7-31b74763c8d0,60a70602-b7e5-48ad-9188-dbcc74a18f52,TREPS / Reverse Repo Investment,
c46adc98-7ad8-4906-ab0e-c1eb6d69b828,1f4c7921-18d6-4f8c-9520-5f84e67328fb,630671ba-4aee-480d-a7a9-de5ed708ee66,TREPS / Reverse Repo Investment,
5bbd18ae-f62f-4fb3-8348-2ee568a9daff,1cd7bcde-3718-482a-9483-838574c72735,659fa2be-2ff5-4715-8dac-53aa066905c9,TREPS / Reverse Repo Investment,
efd5a4a2-2faa-45d4-8462-3d53a9e933f2,c40563b0-e519-4bf7-8a93-c5359e8d8d4b,6754edf8-e9c8-4826-b2c1-84163793a5bf,TREPS / Reverse Repo Investment,
617c88cd-fe20-4974-bc4a-5e5d33168092,afd7528a-383e-4192-b89e-9e2c631e19d0,864cecc0-656a-434a-95c2-65d8defbd81c,TREPS / Reverse Repo Investment,
97e16fd9-d8ab-4bc5-9a21-951001e1d627,418e9b75-c2be-4ed7-abe0-254943b385fd,8f322caa-2452-4a27-8691-08f86200779c,TREPS / Reverse Repo Investment,
fe7ee8c8-31be-4d5d-9d2b-6e9aed7b3760,f68c05cd-a586-4942-a897-1bd5e87ab6a1,9a5b9e2e-88c3-4c12-84ae-d2346bb64a8a,TREPS / Reverse Repo Investment,
3d708262-67c6-423c-9f42-5551a71d2357,f61d3bd2-1c3f-4293-8878-f2c305d7edad,9caafdd7-f5ee-45c2-9e98-8cdecc9bacc1,TREPS / Reverse Repo Investment,
146e4f81-ff05-4613-8994-e8e0c625b382,85b32e90-fdd3-4891-b59b-894b7a73dc01,9d9bbd72-23d9-46fa-99a7-4ef115431b43,TREPS / Reverse Repo Investment,
85782e5b-7352-4db9-babd-15fdd104dc02,904df55e-2871-4afa-b704-71ca4c884c06,a5f35318-5c26-40ca-8e40-578343af666b,TREPS / Reverse Repo Investment,
296305f4-acff-468e-9435-5b42962dbc4f,905f5210-d45a-4c01-b462-d10df74273c3,a9a4b1e0-53f9-407a-ab2e-ee0b6495caf2,TREPS / Reverse Repo Investment,
c73e723d-1dea-4ae9-a5c6-b57180b04f24,d426a7a3-f2bf-4079-8da4-3a5c7a6a64f4,b253c49e-5a6a-4383-9287-8d176d8d4438,TREPS / Reverse Repo Investment,
b7c3fc6d-8fe4-4f18-914b-c7eece96ff43,db57c5f3-7c29-4d25-8ff9-fcebd5d9f05f,b4c5deb8-31b7-4699-badd-6f6217e74f7e,TREPS / Reverse Repo Investment,
fd752782-abc3-4f46-b2a7-7861a195e4f7,92934ff9-1bf6-4136-abad-0ff041399bfb,bacb5f8d-8c1d-462a-8fe2-a6c226dcf64a,TREPS / Reverse Repo Investment,
f14e396d-3eef-4d13-b2f0-60f6337a1ed6,cbc6013f-b22e-4ebe-8958-54a36724f162,c0f12a4a-8536-460d-a98e-0f2de267d29c,TREPS / Reverse Repo Investment,
b14ae89f-03b8-4fe6-ab21-aca28cba271b,df0b2c14-2c6c-4d50-aa13-261cb1646d55,c843e0a7-290b-434f-8894-7d6a037215ac,TREPS / Reverse Repo Investment,
4e7b3e95-9618-4a22-ac09-e526cb94b0d1,ea8b2bcf-25d0-4336-b27f-beecbc4cc045,e86bc4b8-05c7-47a2-a528-c07596f8fa2a,TREPS / Reverse Repo Investment,
61a1393e-ccc6-4a07-8bad-000041f8360c,de255130-11e2-46f6-8afb-c096013f530f,e86f4643-69ec-423f-9a61-9f1321b25d24,TREPS / Reverse Repo Investment,
7f1889d1-0921-489a-9386-2f6a3bc76a19,9e575daa-23cb-488e-9171-47221dd68f03,f30ed192-a468-4c92-852d-6444daf04908,TREPS / Reverse Repo Investment,
a7a8c7d3-9aa1-4b38-92f2-42f776fe0904,b056e71f-bd95-4939-a2c1-1367acb2054d,fec69766-2162-4a7f-9e23-0a0039e45437,TREPS / Reverse Repo Investment,
abf8e7bc-a36c-4801-9d12-a6927c9d52d9,e7dfe9a4-baec-4bdc-86eb-01fcb6f40701,fec97438-9eb8-468d-8803-fda407ed13c8,TREPS / Reverse Repo Investment,
96f0aab5-a25e-4daf-8cf2-c2f414f3a79d,3c847dd7-b25d-4346-a5f9-c1381111d28c,061ef50b-a110-489a-8cee-ea62fe4227cb,TREPS / Reverse Repo Investments,
dcb47915-7947-472d-b58d-d41f120abd13,3c12aae2-e082-454a-89af-a209fca81a03,06c512fe-7495-4dfb-8129-5182663af660,TREPS / Reverse Repo Investments,
41849303-969a-43d3-9f34-2f1764f4dcb9,c20da3cb-ea77-41a7-ba29-b756d147545a,0830ec2e-54bb-4742-aa5c-7c5c90bee60b,TREPS / Reverse Repo Investments,
a2e91c61-19dc-448e-8089-ba9ce0f2cf28,f98d00b4-ba8a-4436-a88b-4b3ee8f293e2,16002967-2fe5-476c-b99d-b4e9f8d95ffb,TREPS / Reverse Repo Investments,
500b5c33-94c8-4230-a15f-445badfb562b,b366c1a2-eda8-4d10-92d6-667db97e46b2,2b32568d-e57e-4162-98dc-6ec9a9d636f9,TREPS / Reverse Repo Investments,
f06c0e0b-a32b-4b32-b7a7-eafcc08716aa,fea8d894-1250-43ee-bd1e-9258000070e4,2cb30c50-1b49-4550-9345-91de573b0d58,TREPS / Reverse Repo Investments,
8edceef6-b5be-4cb9-a404-8e12ec6d7cb1,cb02bc10-915c-49d2-a2e1-194c15e16032,332aaab5-a3b2-4d96-bfe8-3fa2c96437fd,TREPS / Reverse Repo Investments,
3df205dc-06d4-4c95-8f99-6cfd4238a8ed,fe1f8698-0748-4cdb-912f-70d58c45bb14,35881da2-a961-47f2-a4e5-1826f397727b,TREPS / Reverse Repo Investments,
1a45c27f-6714-4b75-8bfa-3854358dfdc7,d72c5d6c-b05f-4a9a-9884-001911d22bf3,3f666d0b-94f5-4442-9d1d-5df6618184d3,TREPS / Reverse Repo Investments,
430e6078-5ec9-4fe8-b7d1-19c25934647c,c2b75d61-232f-4aa5-8ab2-107a06685819,46b65a28-38dc-4c41-b2fc-2c6669192dbb,TREPS / Reverse Repo Investments,
8fa254a2-05d3-4a3e-8ac2-8c864ebf62a9,3e0e4d3d-45ad-4f7c-ba31-4d41dd50ebaa,5af73aa8-112f-4353-a1cb-36463e581eee,TREPS / Reverse Repo Investments,
fcd53ca5-0444-41b7-bcdc-03d0d4cb5243,8d568b47-a50b-4ad2-b8e7-3cc6a212500a,5cd37a66-febc-411e-ba13-c5c84e568090,TREPS / Reverse Repo Investments,
90cc5456-7a2e-46e0-a82e-ba5bb4c9757e,8dcc94b2-7f90-4baf-88f5-814ee13f6cc5,68cecbc2-b085-4284-b1c5-268c649ba306,TREPS / Reverse Repo Investments,
aebff5f8-98cc-46f9-a252-5804cb97957d,01b1e166-9a20-43a7-baab-8bb3eaa46562,7720944d-468c-45ed-9441-786d17e773a2,TREPS / Reverse Repo Investments,
db9953d5-b77b-4101-80a3-5e492e8ba8a6,337c19b1-bcb1-4dbd-9336-ea5d9b511272,7b045049-bd2c-483e-8c1a-0b422ebd2a6d,TREPS / Reverse Repo Investments,
2cac29cb-5f12-485b-bb71-06c915112136,a2e1afdb-6488-4cd7-b329-3cf037faa25a,7b29d6c6-9928-4019-be69-15f757622a21,TREPS / Reverse Repo Investments,
151d4253-6c17-4189-a918-d3f069e9f0ff,40e45dae-d7b9-4622-bce8-3e342dc9a7bc,898a89a9-f6cb-4aa1-8d6f-8b58b9f01110,TREPS / Reverse Repo Investments,
c02cdee8-1a53-406d-b0c7-141fd27383d5,e65162bc-30e3-4c70-a364-2d29398aeef6,89c444d8-38eb-44af-aad5-c92bc5f01b44,TREPS / Reverse Repo Investments,
e5e937f1-2553-4fca-8bab-3169dd31018a,1235aa4d-d6be-4e66-a594-97bf0a61627c,94466f5d-4e28-4809-b073-c6495ec24601,TREPS / Reverse Repo Investments,
94e82bae-a981-4dfe-b43f-398bbf9f9b55,95f3f344-e673-408d-980a-027c67f8eaa3,97983d82-7101-4831-a283-be25a3fb69c9,TREPS / Reverse Repo Investments,
b46a7f0f-7776-42cf-9559-8304ec8774a8,a98dbc30-617f-41d6-9435-ca7579c3e934,a2a35a4b-fb97-40fe-bc63-88823073bc04,TREPS / Reverse Repo Investments,
b4c0744c-87fd-4a2b-8660-b6d9760adb2b,c013c858-d7e4-48e4-8885-935399840dd1,b1d5b19c-5d40-4634-a766-85f56456b0c4,TREPS / Reverse Repo Investments,
cc8c6a82-eba3-44a9-80f7-7f1c6db80350,f5468236-9267-4325-9790-e8e4d3f786fe,ba5dcabc-b09a-4aad-8876-233ee9d1fd05,TREPS / Reverse Repo Investments,
9e1bc6ff-491a-48d1-9edd-5227af0c4918,87c1811a-9b37-4ee1-a921-d6d54cfa31ec,c25f416d-45b3-434a-bb5b-cf30cfd52929,TREPS / Reverse Repo Investments,
6b7cd55b-0bc0-424d-8b68-2d5a9fe6db03,c8b2fbcd-6835-4a64-b790-0486910a39dd,c2d62985-e00a-404e-a643-bb4bf18d7991,TREPS / Reverse Repo Investments,
fed2379a-7b71-41d5-bcd5-3beb84966b5f,16e863c6-88c5-4567-9b1e-f6f573629c3f,fc01e6dc-5c9d-47db-96ef-948add76f991,TREPS / Reverse Repo Investments,
ddaf6c95-6742-493b-9fec-1a0f7b303394,77de0052-85e0-4f1a-a4ff-6fb32ec99c92,051bf5ec-b2ef-4349-a901-69b4475a1c7f,TREPS / Reverse Repo Investments,
3679a256-9120-4014-ad44-623a1d99a8c8,e771da65-7c99-4e13-8cdb-d52228fbc2a9,12e2463a-c1d8-4978-ba6e-09b0e6de9d1f,TREPS / Reverse Repo Investments,
25db9e1e-ce5c-4d67-a323-39f430901fea,d261d9a5-22b9-44ab-98da-1f68d27ac487,13221d11-c1bd-410f-8ddc-492616d47f7e,TREPS / Reverse Repo Investments,
0c3c1ead-e8ea-400b-8f65-e268c4aa6210,8b56b530-dda6-4d7c-a6eb-67eb77c3f745,24ababa6-dfe3-484a-a08f-92f5128b1c82,TREPS / Reverse Repo Investments,
dff28c4a-916c-4368-94c4-8fe09df664fd,b621384d-63bb-4bc1-abfe-83c12ee24091,3652db29-49f4-43ec-84f7-82f65fe8fc52,TREPS / Reverse Repo Investments,
cad83554-16d6-4217-beb9-240bee6f2774,223147c2-8b24-45da-8811-fc97b939fe42,5682aacd-269a-4e0c-bed4-8e337a499211,TREPS / Reverse Repo Investments,
a03fe482-4abb-442b-b11c-caf47867be97,8b56b530-dda6-4d7c-a6eb-67eb77c3f745,59b2a54c-77a5-4821-9b10-deedaf8acb2b,TREPS / Reverse Repo Investments,
63e8fd2b-f20b-4198-8dd9-456c5bf5b3d8,511ec12d-ac26-4a9e-8dea-2b7aa7bf934a,6720ce74-731d-4d80-84ac-560cee842d7f,TREPS / Reverse Repo Investments,
841d2760-824d-44e2-a7fc-cacbdf5d584b,2fae2a62-d20d-47ce-afa9-2db98b06ad1a,7e8a12b5-ff98-4d90-97ba-c9d80b7ffbb3,TREPS / Reverse Repo Investments,
10bbccd6-3912-4dd3-8489-1297c3b182d4,8f176ebf-b1bd-4696-90e4-be5da4bb63b6,8112f7dc-11f5-415c-a97f-14084f283f80,TREPS / Reverse Repo Investments,
a40f1ee3-2543-4958-b4a3-76a8b9a89922,deb98325-1455-4142-bdee-b7897cc7c62d,840420e6-8d2a-4a9f-9f6b-8fafcedd3c4c,TREPS / Reverse Repo Investments,
ad51d16a-1922-4ede-8756-32d9e8662066,34f1a4b0-feee-42e3-87d7-68cb34f29360,88051750-be3d-4766-b35b-88ba77f654cd,TREPS / Reverse Repo Investments,
d149433b-2257-4f1e-aa50-edefdb0a7e09,5fa02d63-94cf-49c4-b2f2-5204f3628553,8bd2b59d-77bb-4021-a89f-8f675d2fb714,TREPS / Reverse Repo Investments,
161d3d3a-5323-4c92-887a-755413033dd2,8b56b530-dda6-4d7c-a6eb-67eb77c3f745,96f6fa48-65cc-4882-a0fa-e053e4b4c7e6,TREPS / Reverse Repo Investments,
216a6c92-20a1-4e4b-a347-6ff37eaed355,24f3a0fc-db4e-4f5d-8ce3-0f1220c49f68,9a3cf5b4-697e-4c5a-8256-53887607589c,TREPS / Reverse Repo Investments,
95945256-f7a2-4f40-8968-bec4c80df412,3f0dc69d-77d4-4cd8-952c-3813c4871125,9f3a2472-2266-4a27-ba72-702e366ec9e4,TREPS / Reverse Repo Investments,
e715e79b-0c68-4967-9a60-909f06a61148,bf03b6d4-f183-4273-9233-2f464066a549,9f6df35c-2c4d-4f7f-ae3b-94ac606d090d,TREPS / Reverse Repo Investments,
502f8280-f597-4983-a3df-d70bd9e42d51,c59f97f8-48fe-49b2-9b93-c9d26f4d00ac,ada1711e-8b84-4ea0-bda6-836fde108648,TREPS / Reverse Repo Investments,
38bab9ac-f235-4fc7-96da-e5eb4a9ac197,8b56b530-dda6-4d7c-a6eb-67eb77c3f745,b626fa81-9f3a-484a-a556-1bd930f124cf,TREPS / Reverse Repo Investments,
4ea936ac-5588-4911-a3af-69b37b4c867a,a2565b16-cc39-456f-92b3-f92c0ea1d287,bd3fa89a-489f-4c29-98c4-aa56d8485c5c,TREPS / Reverse Repo Investments,
710b09f1-9672-4722-a871-125fbfbae79d,2ff0c7b5-ec0f-4371-8afe-61a4b7224117,c7eea5fd-9a75-45e8-afac-3d25ddeb0eac,TREPS / Reverse Repo Investments,
1e13c307-d68c-418c-a615-9834c704d13d,57bf7fdd-93b0-487e-ad92-4a8aa8661288,c9f4eee8-5733-4727-9c74-eaa619013024,TREPS / Reverse Repo Investments,
c01f6419-a37d-44c5-bca5-ade6e40dc231,f3c71637-8fce-4289-89a6-119fb8881fb8,cd600fef-05b6-4536-9bcf-89929afed28f,TREPS / Reverse Repo Investments,
840fc830-f640-43fc-83cb-b8ea7f49d236,683857a7-d74e-4bd0-a718-e5a298157857,cf44fac2-f2ae-4401-b528-6b14aaf63e43,TREPS / Reverse Repo Investments,
92901c14-cfb0-497a-aec6-24c195c4b189,31b98558-3446-4859-afd0-60e7b0c9b47d,d02ec4b1-f611-4ce1-b75c-55334e47d794,TREPS / Reverse Repo Investments,
106b5d87-c3bc-4099-ba54-5eda8669ed72,a56c15d9-9072-4a7d-b591-f2212bc23d5a,d1cb9066-5d22-4516-a9a4-ce3c052fec8b,TREPS / Reverse Repo Investments,
7e4600b4-e154-413a-b56a-e9be3f5e12a7,a14edabe-48d2-4c76-9f14-b97545126ba4,d81b9435-f46d-4904-a8d7-27c5c8abb925,TREPS / Reverse Repo Investments,
b3fce41b-ab42-4894-a859-12198f338e4c,c7b58475-3b99-4fa2-98c3-3d2dda65c37f,dd05bd43-0274-41ea-a6cb-ffba2d0f0750,TREPS / Reverse Repo Investments,
519706df-c40d-4dcd-8384-d386bb79437d,8b56b530-dda6-4d7c-a6eb-67eb77c3f745,e5ff338c-fb4d-490a-9f47-a833ae8511a7,TREPS / Reverse Repo Investments,
8ec24a6c-7d50-41a8-bfa3-95fdf4e888aa,a86a1ca2-80e9-41a1-a8d8-b1e2afb0159c,fe8e4e14-7794-4282-9ee7-fcb2ee711fe9,TREPS / Reverse Repo Investments,
b80af220-298c-4bb4-a522-54482579fb5f,ecb4bb92-5882-4d2e-9e2b-ca052ad8c22a,0a228311-3acd-406d-b085-cea786268ee4,TREPS / Reverse Repo Investments,
6d90ef32-3dc4-4b0f-b9f7-0e208a1822cb,62889a4c-18a0-4360-a661-25a9cd03d7e3,1cda2e26-b35b-4e7a-9fc8-5ece9df8c628,TREPS / Reverse Repo Investments,
dfa8e508-e7fe-4640-a118-e2a706866e22,df12f86f-e985-4385-adc3-77b0d98a2837,22f12ef0-b4bf-4e58-9ca2-43893c011b31,TREPS / Reverse Repo Investments,
e9fb9a05-3b25-4d09-8d44-34edaaba4b68,348cd817-ed9d-4b14-adb4-bfcf239878c5,2b124933-e9d1-46c4-bedc-2fcfd5175407,TREPS / Reverse Repo Investments,
9f8ad08d-3ebb-49eb-95b6-96661c6a83cf,16a96514-a294-46ce-901c-b833cad422c8,403d2ca6-04a7-4acd-986a-a91fc6e02d53,TREPS / Reverse Repo Investments,
9de6c83f-b7ac-43fb-a1d5-d0fa93ac4fe1,39d85bfb-703d-4abd-9904-af0019204b9d,45162323-7fe1-4e53-902b-713fbfcb724b,TREPS / Reverse Repo Investments,
5c8a5b33-c610-4b72-9387-1b852e9f654d,10ad78f2-1f9e-475e-b925-9a73a663204d,46790841-a87f-4283-ad60-52ed566921fb,TREPS / Reverse Repo Investments,
5f9b5a5e-beba-40d0-b729-da9f1bb391bb,22f1b15b-1c63-413c-93c9-0f8fe5271517,6ef200c0-140a-441c-980f-c8fedd341f75,TREPS / Reverse Repo Investments,
41e9c0a0-4911-4f69-8428-aa194235e529,e1bc241b-d20f-4365-8f21-1dc8bae4ddc8,7364a3b5-8e3f-4234-b365-1425bcaa8f9d,TREPS / Reverse Repo Investments,
3738e686-c1ca-4f9a-ac44-2a334d99492a,13b8de8d-e3b3-4382-b444-3edfcab4947a,7fdc963b-7245-48a6-9370-59288f522623,TREPS / Reverse Repo Investments,
6a00add2-a043-4812-8fcb-a927f352008f,05476498-9a2a-47cb-89a9-1eb58ac325c0,85017a81-406e-46cc-9ed0-839da4309eb5,TREPS / Reverse Repo Investments,
0c52cf4f-3433-4f51-90f9-3c373112b6eb,e687fca2-57d4-4be7-bd32-c155ca522388,926343c1-0102-449b-9af0-a63252dcb76a,TREPS / Reverse Repo Investments,
cd5a52eb-64d4-4822-a74a-4ae56e3cdd2c,6b5d2872-40b1-4bb7-a0c1-e5368cadff36,94be4ff4-b2f5-43d9-be1d-2919687ed0a8,TREPS / Reverse Repo Investments,
df540a57-f3f8-4ed3-a15c-edd385c10c70,6d337ab4-dfda-4814-8448-4293ef1bd14a,98d2f4fe-751a-48f4-9b7c-ae5e6acecd40,TREPS / Reverse Repo Investments,
cd25cf56-bea1-4b43-aaa3-90f76e037ba9,bd316754-25a2-41c4-a71b-7c96c68bc2c4,a3405438-8f77-494c-96c9-6037aa84980a,TREPS / Reverse Repo Investments,
0d92ea8e-f44e-4939-b278-7b6b9ba7c636,363fcd54-58de-409c-83a1-9307268d95ae,a50b0565-a6a4-4c8a-aab0-9112f2c817ee,TREPS / Reverse Repo Investments,
489e8aca-ec66-4550-9e45-d509da5ac6f4,4eb221fa-52ef-4da6-b995-36f34efa70f1,b25e4194-34c6-492c-82a3-c8031e7f7863,TREPS / Reverse Repo Investments,
68cd9b1e-f322-4013-8c5e-026979c2b243,b1052d40-184f-42f5-bbef-a63f027d6945,bc8e64e5-aebf-49fa-a67c-31546ffdf267,TREPS / Reverse Repo Investments,
d7341aa4-3833-416c-b89b-8643e9afd6c2,ac293497-c767-44e8-9fe1-6db65b2d69dd,bca4c64a-6542-4848-92e2-24f4f009bb7a,TREPS / Reverse Repo Investments,
fd81deb1-6a19-46c3-bb84-ead4f12bddd0,e108a83c-f147-43d1-8812-128be3c4b7b1,cadfdd67-7924-403a-8002-6e432b454171,TREPS / Reverse Repo Investments,
775bbd0d-d102-4c4a-937b-a134a4d70322,12639e2c-ae37-48bd-b977-7c0e1a8965e1,cc0bcc8a-b3af-4324-ba62-9b759c6ddecc,TREPS / Reverse Repo Investments,
9f165918-2a24-4aaa-ab34-4b40fa086e7f,888e2b8d-b16f-41df-9a54-321b15f7ca68,cd462ca4-741c-4744-821e-dd966e7020c2,TREPS / Reverse Repo Investments,
b68e5bff-56f4-4b20-8955-f7b98e2cd4ae,2663f05d-b3bd-4f5d-be47-2ab33a519e02,d131accc-ddc2-48a5-8e99-ce4acaca236c,TREPS / Reverse Repo Investments,
d59b0cb9-c12c-40cd-8ade-bb952a45ca37,066246e5-9f5f-4ddd-8f0a-5a6cb36e2c5d,d25e050c-6fcf-477e-8add-bd91fc07ae8d,TREPS / Reverse Repo Investments,
9f481cbc-f4ea-4353-acf0-bdc0005f5558,ea59472f-5dda-4f56-b0dd-cba0dba8ea44,f006aa73-5f11-4dda-b651-830e3219ccc4,TREPS / Reverse Repo Investments,
322a012b-3a45-466a-a804-f3177f84f1b5,5f56202f-1a1b-46ab-9352-32c451eb1f2c,f93b34fc-e1dd-499b-bd4b-d7bcc0335e44,TREPS / Reverse Repo Investments,
9e09f036-b424-4b3d-a76d-ef3312e996cb,3248579a-da43-47c8-b87b-6ce77a5a83a8,040b76ac-73cb-4d09-a0c7-cd4d625dce38,TREPS / Reverse Repo Investments,
705f285f-490a-4dad-8997-d53ec5621f6b,44d4e385-ea26-471b-911d-398334943357,06fbd8ee-d605-4db1-8d3f-f6c83962fd81,TREPS / Reverse Repo Investments,
5ac5dcec-d556-4aa9-935b-5b7f664b237c,02c7555d-455b-4a48-a466-2e4af6fd6de2,1144e71d-cb58-4f3e-8bac-bbeb10da9176,TREPS / Reverse Repo Investments,
abeaae89-f967-42d1-ae61-2554a456b787,ab6b3603-7ced-42f5-85dd-feba8e9e4003,19f0e565-674d-4d02-b111-5a1111270efb,TREPS / Reverse Repo Investments,
c2c1d5f0-83db-4db1-ba97-37bccd101857,db8ef9aa-f728-40d9-9574-ce438e666623,252db0bd-77f9-4a1f-a334-e063ac0ae339,TREPS / Reverse Repo Investments,
2a9261fb-6e06-4c35-876e-91053b9bac08,fcb97c57-a6d8-45b7-854d-89bf5a4ba6ac,35806c01-d047-4d1b-ab96-833190cc8d6b,TREPS / Reverse Repo Investments,
3a906613-2bb0-4399-856b-bf49c76dc1b4,79c15fb7-f45b-4d33-a0bb-064626e7d023,3f6fc557-bbd5-4698-9894-1f0068681857,TREPS / Reverse Repo Investments,
ccf2befa-3e90-476b-bd3d-7f4f53023838,7a1da441-0d6c-452d-8b96-83dc6d713f38,6071f5f7-8418-4229-a7a8-45657ab0cbcf,TREPS / Reverse Repo Investments,
ae9a3105-5137-4cb5-aa24-ce5f24853014,c3d3980c-58ce-44b0-8a87-d5d1ef972e16,62663d48-95f0-441c-84b1-9e477f5b2abd,TREPS / Reverse Repo Investments,
26f49a78-0699-4b8b-b2c0-42ae0c8e33d5,79d5b72a-0d3f-41e1-a09a-dd6070fd4b28,677773c0-a500-4c2a-9058-9cc3c05f387d,TREPS / Reverse Repo Investments,
87d04266-ef29-49f2-999d-2adeca10a3b3,367fc9cc-37a0-48d9-bf7a-e32dd51fd288,681d3148-ca7f-4603-afec-28e6ea149f07,TREPS / Reverse Repo Investments,
8ff5422d-c60d-460b-9aba-2c81501a6a6c,54cbfe60-93e3-42a6-a127-b5320ae9b770,6f4006c4-5558-4aba-b7b1-543d6530e4be,TREPS / Reverse Repo Investments,
71b87f53-2e7d-4c68-b26f-784b85aca5f9,90f03df2-190b-4faf-b0c0-eaadf5fd1fbf,78f33ea2-7b03-42bd-9f4c-ae9b60039748,TREPS / Reverse Repo Investments,
cf432c6d-e0f1-4934-b35c-4715531d409e,6e65a9b1-1deb-4eb8-a459-dd7dc3254b8b,7f51e6dc-6a27-48ae-9378-677d1288ad10,TREPS / Reverse Repo Investments,
b0969119-98bd-4282-a192-82f591f206f2,001fb7b2-1353-4858-a766-31af37dca255,800ebee2-b7ac-477e-a403-43d83b736afb,TREPS / Reverse Repo Investments,
0d5042ff-ba49-4f72-9f2e-e96dd107200c,7f50b07c-8112-4eae-af81-734aaf3afa24,894d2085-559f-4976-8280-acf958bbe932,TREPS / Reverse Repo Investments,
e4f5bc6c-1898-4b2b-8384-13a571356cfe,7bdc74e4-1c46-4b35-adac-7ae88c215ea9,8c7d82fe-bbf5-474b-b6c6-b02166ec7b67,TREPS / Reverse Repo Investments,
0e20cfc6-d136-4e1f-a50d-b22746b6f4ef,1937445a-337f-45db-8db9-3b971b3d9fa1,90ae8b34-cd5d-475c-b2ae-9472e50835e1,TREPS / Reverse Repo Investments,
755bb50f-6ea3-45bf-9c51-543a709c4198,7d37e20b-daca-4597-b22e-d1e067277791,98c663f4-d140-4118-a5a4-05cfde1d5c34,TREPS / Reverse Repo Investments,
0bb2aeda-0e62-43b2-994f-0c3dd6db1adb,d8ee8e24-6db6-4ad5-9bf4-2099a44c8d7a,9ea614c6-ab39-4f16-aabe-49511f7249cb,TREPS / Reverse Repo Investments,
0615aeee-787d-4c6a-93b9-3e49a80f3112,de7a32be-9b9f-4739-86bb-39a8c00ba809,a51950cc-9fd6-4993-ac7c-5429fdcb89b6,TREPS / Reverse Repo Investments,
e5cc5bef-e840-4b86-a219-3873f3861388,89c37d06-432d-4d0c-b19f-a0a234a03985,c4c558e7-91b1-4e83-96d9-1d703080721c,TREPS / Reverse Repo Investments,
9d05c286-57f6-4dd0-99f2-efe8b3b99426,7bdc74e4-1c46-4b35-adac-7ae88c215ea9,cd8680fc-7d30-45d2-a0e5-3fb0d2ca49d4,TREPS / Reverse Repo Investments,
4e4e7b33-8b59-441f-a00e-6122d3b05760,5f6f380e-b58d-4af4-8482-673f6213f1ad,e1b140f8-db96-45e7-a449-541a016e7d8c,TREPS / Reverse Repo Investments,
cae1437a-037e-4ec7-9547-0354e00bc66b,3e6edf56-ddb8-4fd7-b144-82a35dff1401,f10f0669-d998-4142-93a0-23c0d08e72ec,TREPS / Reverse Repo Investments,
a16257ba-c9ef-4ee3-ab2f-6f93fba8c3f1,6e45f4a1-b4e4-42e8-b2c7-708aec1bab01,f7db8d37-823b-4278-bb36-b8b870327dbe,TREPS / Reverse Repo Investments,
a1c0510c-19b9-46b5-86dd-de67ffa01e0f,885e533c-0cf4-4dcf-83aa-c45bf4bae910,05e965ea-f388-4c26-964e-a9a9ead702cb,TREPS / Reverse Repo Investments,
6a3baa11-8f7c-4f92-8e8d-67bacc597057,b8f04c3c-a0e1-44e5-8d20-a6b9eaf0473d,07354d1d-60ec-48f6-a136-bbffb6158da3,TREPS / Reverse Repo Investments,
e6aa1eb2-932f-4160-ad02-f58a1f0e6992,84983e68-886c-48cf-b2b7-7613eac704ed,2718d1e1-ee4f-4ed9-b9a9-5242f52b7c93,TREPS / Reverse Repo Investments,
4d0038fb-0dc3-4a8a-8f3e-8db781ff498e,155bdd84-403a-4c53-84b0-7f201c361603,314f1d1d-970c-4f0f-8da9-0f98f6230221,TREPS / Reverse Repo Investments,
2ca1ec73-a399-4e37-be05-0f1fd6ecfa8c,7eb5d981-439c-4823-b138-cd9b69424c3a,3bbee60c-8192-4624-887d-96041c1a0138,TREPS / Reverse Repo Investments,
367fe520-9fb7-4277-9d71-104ce23e7d47,6e683d7f-f485-45ef-84e5-af40d1ee15fd,3bc6cc1d-a760-4e89-84bf-a81aca388370,TREPS / Reverse Repo Investments,
20536c65-3fb5-4f6c-85f1-83a8b6bc225f,738d57fd-edc5-4c8a-bc69-230fd3097399,4298d676-5966-4667-a120-a56f8881bdd7,TREPS / Reverse Repo Investments,
77d87e0a-15d1-486e-adba-5566b61de328,af6f2338-c688-4c43-93d5-870387f1df30,4ffabdd9-aeaa-4b8d-90db-2b123cdf0ebc,TREPS / Reverse Repo Investments,
c1610126-b6b4-4490-92ce-1c66c9e850ef,118015d3-a011-4747-a812-badc1a712f3e,58332738-980e-49bf-bde5-0654baaee9c2,TREPS / Reverse Repo Investments,
c1a46511-0c22-422c-b660-374aa7cfc8be,1af41bf6-fd28-4632-aaf7-446d6f7c1da8,62bf1676-5386-4537-8472-7881e393dc73,TREPS / Reverse Repo Investments,
10e9386a-dea6-452a-ad87-d310703b600c,7c4ff121-f509-442e-a480-ed60df291673,747a4981-eb7a-4c49-8dd4-60b432d4bab7,TREPS / Reverse Repo Investments,
e4e4e362-ae98-458e-8e27-7ac436b344a4,f3b8cdd7-18da-445f-bda1-59560e3f3f76,75f6947d-aac6-4ae5-96a0-c81baf13ab99,TREPS / Reverse Repo Investments,
5bb236d3-cb39-4832-b0c8-a71216c9cac5,dd52180f-5ac3-4698-b7c2-4b55f92a6abc,76b278c2-895c-457e-bdec-d790b5b7a6ee,TREPS / Reverse Repo Investments,
bce9bbd1-2be3-46d6-ba6e-3b48f1ff16ea,ac5de82c-34ec-4066-a7e1-149573763d54,7abd301d-3a33-42ac-9853-a0002a79259f,TREPS / Reverse Repo Investments,
a22166ed-4c05-42b5-9c94-fad93f9ce194,8e5ca08d-c6ef-4f1f-a5d9-efe844effd84,8ef70ed2-54bf-448b-8f68-5d473f569cb3,TREPS / Reverse Repo Investments,
29d9cd8c-a572-4d12-b252-16a19b0fa8a8,e8db222d-2acf-43d4-bacb-37eb0cd185a9,90b62eaf-866b-4d0c-aad8-0ebf46459bf4,TREPS / Reverse Repo Investments,
83448db3-dacd-41b7-97ea-1bd12d851660,747f0fcc-ce06-4ab5-9271-c5ba2b44b863,a01e8c48-7e55-4cca-ba07-280e33350fc3,TREPS / Reverse Repo Investments,
2f60fc4c-e637-48c4-afdf-41790084210b,8355d571-f1b0-4c8e-88fe-8f76fdbafd16,a2bc1c34-70e3-4f63-b28a-c63cbbb89e60,TREPS / Reverse Repo Investments,
8c5fa7ab-9554-424a-9311-631c0adaf8df,85f8d322-aa3a-4ade-84af-225179fbe923,bc3c4431-6d21-4c7e-af87-faa4458db484,TREPS / Reverse Repo Investments,
eaba2847-0ea1-47f5-bb77-4ff51e0bf09a,2ad65a8e-3555-40c1-9ca6-97884b00c34a,c6f765be-8a27-4db0-b454-56dbab3293af,TREPS / Reverse Repo Investments,
75d6aa0c-ee4f-42db-bcfb-bf4543f27dc0,db372ba4-f807-471a-9f8c-e62f566a5879,cd10b9d4-6df3-4328-a4d9-5330e070ad0a,TREPS / Reverse Repo Investments,
92d6f327-1879-4630-adb4-bda83d864f0d,7193e081-e13f-430b-8bcd-e7508996f665,dabb2698-ca79-4c18-92e3-f4d69c569f47,TREPS / Reverse Repo Investments,
fc1338b3-b038-4dcd-bf60-1ed6b119dbc1,92e1fc10-df4f-4d11-a4a4-16c3681fab7a,ef768611-fe10-4b70-a32f-523f5f16513a,TREPS / Reverse Repo Investments,
dd784a8b-62f1-4ace-8a02-d40307d2ea41,fb7b968f-0800-42be-b876-a20be626b385,fa830286-1753-4ac7-a3db-8deb60698cbc,TREPS / Reverse Repo Investments,
024806fc-22fc-4809-a229-80a64a756426,95a7eebe-101a-4296-89b7-fb744a2e0ece,fc29e7da-b4a5-412a-b254-994a6fc01fa7,TREPS / Reverse Repo Investments,
158ec638-d359-4584-84d5-b36581546410,8a5fff29-1787-41f7-a8a7-f43585cde4f2,0216e392-cdf4-4d64-aa25-57d0227e9b82,TREPS / Reverse Repo Investments,
8732b91e-ffde-48e6-8436-fd4518301677,9629c1aa-c035-4c94-a9c4-f738eda2e623,0f79ec8d-048c-453e-b6d6-8160f54d2f61,TREPS / Reverse Repo Investments,
6f9eb83f-b200-4043-8673-a6fa3d19cf8c,2f586bfd-5d55-4adc-beb5-e4ed832ffcbc,1a690506-af9c-4a88-88dc-2f9e650f89ce,TREPS / Reverse Repo Investments,
482c8b98-9470-4923-bb2b-1bb05c73f230,b0ace126-fcdc-452a-94dd-d8b77ed9cb4d,2711d1d6-24a0-41ed-8a80-029bcda057df,TREPS / Reverse Repo Investments,
c0ff220e-c654-43ba-8fa6-607e4d74424c,944459e8-4524-4bf9-b641-05454418243d,2718fd40-8c36-4ee1-84d8-70a8fb2144c5,TREPS / Reverse Repo Investments,
89c67b93-3abb-4057-8df6-521d443487d2,1f0088b3-9779-4a2c-a46c-95aa9e462102,2cf7211b-ca3a-49ee-9ff7-550da0cc3854,TREPS / Reverse Repo Investments,
ec5c3ee7-afe5-49e2-bcc4-6504b5ec079e,8d738b1c-9b7f-44dd-9c6f-7e1ca946e7eb,62d9f039-c8a5-4f2c-92a0-35cffdd18153,TREPS / Reverse Repo Investments,
b41559ce-ec3b-4480-ae15-d2fdc84537da,1babb57a-f7fc-4ba3-8269-4f334726dc7b,6d2b8cc6-f493-4f6d-b89b-225b75cc45f6,TREPS / Reverse Repo Investments,
73b27c74-2f29-4138-bb1c-8f8e44a61e10,f08f489f-2552-4a10-8266-e12dd18e1755,7637d325-5b01-44ff-8017-3819c3b578f5,TREPS / Reverse Repo Investments,
27c174cb-1d3c-4415-9a2e-cb4ae83a135d,52a6080c-9d80-41a2-b7ac-9768bdd7aa86,87705e75-b0cf-47b8-a728-46200fbe0a94,TREPS / Reverse Repo Investments,
d10174ad-0e13-478e-9b4d-0591ba702fa8,abfc42bc-dd58-48df-be02-f4b3eb09d92d,8db41aee-c549-463a-ade2-5bb0cbd21551,TREPS / Reverse Repo Investments,
63eb8c81-05a1-46eb-8123-13f51a9284e2,e15d0b17-889e-4605-802b-c1e5e439ebdf,921d7be0-4aa9-4901-8ebe-9fdbbf03dab2,TREPS / Reverse Repo Investments,
ce51b27f-0ca5-465e-888b-8893ca1d0d83,ac4c2c47-1939-45ef-b81d-a50a3d767d57,92d1f3d0-6e96-422a-b616-d78fd939d522,TREPS / Reverse Repo Investments,
5628c855-babc-4986-86e8-c5d497ebfd1f,dbdb7794-627c-45b8-b5b9-b24c73dd9770,9f9eb8de-aa83-4f45-83c5-2c85a79365e9,TREPS / Reverse Repo Investments,
afb6ac16-6799-4799-994a-4af939f8b353,621774cd-aad6-4f6e-b637-0d320be946c3,a2230b57-adcb-4dc5-993a-af3b020ac9c5,TREPS / Reverse Repo Investments,
b1d72d24-bab1-42fd-8928-e96f2a71cb75,735ea708-b5c1-4433-a5ca-840135773abe,a4f0580b-4683-4e40-857f-333f8c31a79a,TREPS / Reverse Repo Investments,
c50a8b64-19b7-48df-9e95-6fb23fab7c67,ab4b0525-e803-469b-84b9-22370312e699,b6291ccb-5742-4d81-90eb-9f2bb5da344c,TREPS / Reverse Repo Investments,
76ad24b6-c9c6-46b7-a0ca-3aeb241a6680,1babb57a-f7fc-4ba3-8269-4f334726dc7b,bca3de02-f3a3-4415-bdc1-336859dce607,TREPS / Reverse Repo Investments,
69fcff8f-ff4f-4bc7-ac44-6dbece4a27a9,23f1cccc-9625-422b-97b6-c927be51572b,bd07b549-5848-44a8-8616-925a8fb3eef4,TREPS / Reverse Repo Investments,
b7bdcb05-ae4c-4a38-b7e8-36168a119886,f235095d-8276-4346-ae1f-ee1ad3f64be9,bd6cef82-8f0c-4314-ab84-2a3d196cd4a6,TREPS / Reverse Repo Investments,
4b587cf0-8582-427d-a7fc-2949a831e997,c82ccbc2-f363-4955-88d9-96af8656d8e3,bdd3f3a7-de47-49ee-a6c4-9013af1e7f2c,TREPS / Reverse Repo Investments,
2dd658df-1e80-44b5-a6d5-e9c14f7e704e,850495db-f215-46fd-958b-79589660acff,c011eba2-d6ed-427b-ab3c-6568f456839f,TREPS / Reverse Repo Investments,
74be77df-247b-430c-91fe-7e346b35640f,5812c91a-00bb-4abc-9a01-e25f369536bd,d56e067f-950b-4022-861a-33847806612b,TREPS / Reverse Repo Investments,
ae8868b8-2ec0-4d92-9fa6-fd81d8845542,c5e90843-4408-4351-b22f-00b193a8599b,d67f6eb9-b950-4aae-aec0-61e77d3742b1,TREPS / Reverse Repo Investments,
dd93e6fe-5338-4ff8-b68d-1baf0af7c09f,74d96084-5d88-47fc-873f-5587b13db9e7,d8eda96d-745f-4f32-b848-053a56a20a52,TREPS / Reverse Repo Investments,
dbd92262-fffa-4a02-ab14-a474127c1c6f,70b9f874-ab18-425d-ab3c-5d0f493c31af,fe4689e8-bf25-4b25-96fe-78c4650cb6b9,TREPS / Reverse Repo Investments,
ed89cc6e-d130-4f1c-a201-825071a91088,b8c653d4-7763-4dcc-ad36-09a25a4d23f9,03df5f0c-a521-4840-8266-c35940743cad,TREPS / Reverse Repo Investments,
7fe3a4ab-db37-4f72-a9c6-bdf1e9114d13,6f1dfe4e-e2e2-468e-b0a9-788786e8cba2,0401e6fd-6167-4886-b1d1-0b418e51c068,TREPS / Reverse Repo Investments,
900ea20c-5ec0-45da-9af8-b6302f5228e8,77329509-88bf-4dce-b097-2f2bb4147ec8,0643559c-9c66-40f8-90d9-a739214b91a8,TREPS / Reverse Repo Investments,
cd49a922-6909-49fc-9026-cc658a8d0644,fe55e136-a6d3-4db3-b687-efa052b86625,0c494122-7dce-4700-a04e-fc74daf1a035,TREPS / Reverse Repo Investments,
213b0273-2db6-4737-bfb4-1f1de5ef903c,c4b41062-b693-4720-a056-1c792a56e78a,0d4ae43a-00cb-4238-9d5e-1a8f869cebd9,TREPS / Reverse Repo Investments,
6c62b988-0a29-4703-a9e7-187750855140,3c4ba2c3-cde8-4a86-b6da-3543dcd565d8,15133d57-bac1-4962-ab0b-82b80c5e7bc7,TREPS / Reverse Repo Investments,
368e76a6-60e4-46c6-af95-28a30dd33199,caec55ea-7633-46a0-a0a9-d4e145013707,16149946-229d-4534-9d20-463ddaf2a843,TREPS / Reverse Repo Investments,
5ee4435a-eb84-492c-bd47-bdb3d34d7c23,53955092-420b-4f55-bf83-e40a31f574ef,1c302c86-e1a2-489f-89d0-408532418768,TREPS / Reverse Repo Investments,
a8018e46-8130-4a91-a8aa-cfc28a089baa,3c4ba2c3-cde8-4a86-b6da-3543dcd565d8,281280a0-f0d9-4758-89f2-e0a0f7077a6c,TREPS / Reverse Repo Investments,
09513ba9-e06e-49ec-a020-dc0f983c6d49,e26b38c7-d6d6-4d2a-822c-edd34c51f4cc,2cab26ae-4a8f-4149-a6f1-dce49d79f219,TREPS / Reverse Repo Investments,
c160fbc5-b60c-4ad8-a1de-5f22645b4b43,b2a97a23-0d03-4710-8a98-01e117290d5b,2d8fd199-1d14-4f1c-834e-ee073003fb71,TREPS / Reverse Repo Investments,
12081fb4-dca5-4bc0-971f-b9c721a18cc4,63b0af0b-1ac6-4a89-b9b5-7a3d8c5027dc,3602d804-42a4-45d5-9146-9eec94dc5a06,TREPS / Reverse Repo Investments,
3e744edb-ba3f-43f8-9ee5-91dd037a67ce,c4b41062-b693-4720-a056-1c792a56e78a,46254bac-79f7-494c-8f25-4427ca5e7139,TREPS / Reverse Repo Investments,
39910c3c-fd36-472b-932c-7b8c209eed03,60d83955-6246-46b6-a768-943ad3e2334f,5d834d15-0f2b-4deb-9508-e860d6c500b8,TREPS / Reverse Repo Investments,
f317a2f6-07c3-48b0-b80c-27047b0b69da,51fbba82-3ba2-40d5-b536-a87c16d280d0,6486c9ee-f996-43eb-9f68-a7122d06af80,TREPS / Reverse Repo Investments,
eb877c01-af71-4560-9d29-9782a5653e6e,56828064-eb36-4ae4-b605-a74edb13d23a,668930d2-9237-45b7-a7f3-e5cc36fd8eb2,TREPS / Reverse Repo Investments,
a8276c3a-2678-4696-8696-f53c11d12991,9a2504d9-4f1a-4536-be0b-ad51d95213d1,70753b93-9499-4912-b134-e94e4a1a000e,TREPS / Reverse Repo Investments,
2dffe712-ab75-4b6a-8cf6-776280390fe4,8099206b-4c86-43d2-a47b-b790f3369a48,8a7a7e98-9f3c-494e-a0fb-205c9b6e1c38,TREPS / Reverse Repo Investments,
e114051e-7ee6-4ea8-a200-aa244c15547d,3d3d190e-5154-4cd4-ad14-ee3563431a6c,8d7335c0-1c88-499a-8693-f26b0e92c251,TREPS / Reverse Repo Investments,
6b60bfe2-1cca-4c8c-81f4-8e9d7473f6f7,e94ab0ad-2b13-4a9a-b9d4-502e0a113661,8e4d4cb1-5cb3-4b25-a04a-237cef558583,TREPS / Reverse Repo Investments,
34dbddb3-6049-47ac-9c79-a890e845e594,a9af8c7f-a8f1-4bb3-8bef-80950da7e376,8eb3e2da-a538-4c4a-bde1-e70918ca2b65,TREPS / Reverse Repo Investments,
e5fee17f-1592-49dd-aad7-d6d10df38afc,c3b16456-7ae8-4822-9cab-22e3c2121826,94436b01-0197-4d38-8477-2a4bc75e8e7f,TREPS / Reverse Repo Investments,
ffb31f2f-fc77-445e-882a-ca6f940e37a8,7f6be337-e991-4ad9-b477-23351f704f03,a16a9a16-105f-4f17-bf26-6a9e693ee9f0,TREPS / Reverse Repo Investments,
b1375c2c-4a48-4d7f-b004-27b0f8ab70a8,3c4ba2c3-cde8-4a86-b6da-3543dcd565d8,a1ca5882-3bfb-4b1a-8fef-2c4033be3729,TREPS / Reverse Repo Investments,
956c33c0-6cee-4743-be4c-0af30090a738,758dc4b4-2be6-475f-9ab6-20e16ebf029a,b813adf6-fdaa-4d71-a80c-2d9581bde2f8,TREPS / Reverse Repo Investments,
bea1cdbe-81cc-4d01-a4ee-26f41a049024,3c4ba2c3-cde8-4a86-b6da-3543dcd565d8,b84d1280-ebc6-46a9-b61c-f144072c20cc,TREPS / Reverse Repo Investments,
2659ef20-7b2f-4070-9f88-5e495ecbd1ce,c4b41062-b693-4720-a056-1c792a56e78a,fa787f86-533d-4fdb-94e8-d7e9434152d7,TREPS / Reverse Repo Investments,
7a13cb13-40fc-4317-88b1-e609e50c632a,337c19b1-bcb1-4dbd-9336-ea5d9b511272,1b8986a2-7797-460f-9f09-ca16ca1aeac1,TREPS / Reverse Repo Investments / Corporate Debt Repo,
4aafcb47-5486-455e-a758-457c032aa1da,337c19b1-bcb1-4dbd-9336-ea5d9b511272,460eb589-0378-4482-b772-5a6761f30a92,TREPS / Reverse Repo Investments / Corporate Debt Repo,
936c8a9b-df91-47da-be93-8642be29aad2,f8afd568-b109-44ac-ba3e-5225892fef9f,039f8406-f26f-4b98-8235-c79a551ecf57,TREPS / Reverse Repo Investments / Corporate Debt Repo,
46c4b37f-1eb8-43f4-9315-2930ea123d36,dcf0a87e-d85b-4a7d-908b-f096a8532005,24dabff8-aaa8-4056-8034-b6b548161424,TREPS / Reverse Repo Investments / Corporate Debt Repo,
6b8d503d-7376-45f9-a751-46141af143a1,238fc44a-9b8a-44b9-be62-eab288fa9118,2ab3e245-a658-4e31-bd96-e33ffa75b90d,TREPS / Reverse Repo Investments / Corporate Debt Repo,
55d3eebc-9860-4fc3-8240-39a3f30abad1,b04e2240-e78a-4780-ae55-0f23beee477d,3065b4f9-5fd4-4d21-ae61-9b2f941a2899,TREPS / Reverse Repo Investments / Corporate Debt Repo,
9794ef4a-1469-48f3-bd97-29b518f2670b,ee7f77d7-6936-4d83-ba59-9e88403bb081,3ae30e89-8c04-4e08-88aa-e849c66d0e22,TREPS / Reverse Repo Investments / Corporate Debt Repo,
79de2d30-a767-4717-b745-86411870dc74,22643a51-52f7-491e-8402-99edcead8da8,3c0d49ef-0c56-4371-a5c6-a215395573a0,TREPS / Reverse Repo Investments / Corporate Debt Repo,
f42980b6-ccde-4559-8fbb-7d9ca30d7c5c,fdd0027b-0401-4d6d-998f-e43261872872,4ebdb6e5-a4cd-4490-9b4e-0ec3359b129a,TREPS / Reverse Repo Investments / Corporate Debt Repo,
5432a705-971b-43ca-83b4-bbed755a74c4,ef504ea4-3d11-4782-9388-c4491f323f29,52f8b1a8-1bc5-4ce1-abda-bc2c54aad114,TREPS / Reverse Repo Investments / Corporate Debt Repo,
b140ede3-f1b7-4381-aabc-534078c3536b,9e677dec-6abf-4546-b55a-094e76b9fb18,5e065474-4978-4f40-9f0a-c7db088c6bfb,TREPS / Reverse Repo Investments / Corporate Debt Repo,
14c62794-de9f-454b-9cff-b54d5be71c15,dd454cb2-6c59-4c6c-b8ae-adb8afb44272,5f676cc1-4d7c-49cd-9385-15c87142e404,TREPS / Reverse Repo Investments / Corporate Debt Repo,
a9682af2-c241-4ec4-947b-7519e60fb677,28b94171-7504-450a-a21a-c461e2063bb1,632ab5da-4105-4ead-b023-e8c0a2501670,TREPS / Reverse Repo Investments / Corporate Debt Repo,
93622784-958f-4114-9bdc-029148709c76,551a5203-3c95-4b5a-9daf-cf2a35524a63,66edf932-b8bc-4183-8602-facfd0ff2911,TREPS / Reverse Repo Investments / Corporate Debt Repo,
908d76d1-eb9f-47c4-b679-17dfb7466258,4591cbcb-c2d0-47ff-b9f1-081edb7b0bf4,72608cb8-9bc9-4d62-b5a8-1fe13934e140,TREPS / Reverse Repo Investments / Corporate Debt Repo,
c0b4818f-1d64-4751-b412-f182ed70b9e2,58a2a794-3677-48a2-a932-29a7511b4791,a9dc944e-d8b7-49f7-ac5a-b29c596233f3,TREPS / Reverse Repo Investments / Corporate Debt Repo,
9360df6d-c538-480f-b3d4-1e769076c41e,b90689ce-b04b-4728-9417-d7d5cf29a889,b52ea052-25be-4994-b15e-49aaa92c77b2,TREPS / Reverse Repo Investments / Corporate Debt Repo,
2f945313-64ec-42a0-944b-aaa617c910cf,08180163-e2b7-47f6-b1ca-a69843c50340,b6ffc429-df6b-485e-a80c-822771f1a064,TREPS / Reverse Repo Investments / Corporate Debt Repo,
ba9be9be-9c91-4f74-9ddf-82e336f82e01,99d7c8e0-e9e2-4665-b808-5d81bdfbd7eb,ba047f8e-4325-4f30-ba4d-738c2ed3c066,TREPS / Reverse Repo Investments / Corporate Debt Repo,
48f0ad3a-1822-47cd-8b31-45355b3611bf,d752970f-f545-4c22-b17e-1cb88a905642,bb38a899-01e6-46fc-8ba2-c3e3fffa6f25,TREPS / Reverse Repo Investments / Corporate Debt Repo,
74f6fe61-842a-44ab-8a74-88e7d0178f39,4c73d3e6-349d-4083-a72d-178e108b4002,beb5f686-9fce-466b-b4e2-1b20e7441688,TREPS / Reverse Repo Investments / Corporate Debt Repo,
fff2ad1f-ee52-4bbd-bbae-621ebb707dfc,576d2fff-17f2-47c3-99b9-f157e45032ea,ca32cb4e-1130-4715-8212-cd19bda76ce5,TREPS / Reverse Repo Investments / Corporate Debt Repo,
61767188-110d-425f-889b-679a6db3ea7a,c5003a7c-0c45-4124-b5df-d5bd44e717c2,cb1fd961-6ce7-4ef7-a639-e90a43ebfe71,TREPS / Reverse Repo Investments / Corporate Debt Repo,
44442660-0d9f-4322-99b8-203e5a0fb329,72f4660f-ce7d-4015-b9bf-90c9545964d8,e0cbe3cd-3dfa-4134-b6fe-cb86331a09f5,TREPS / Reverse Repo Investments / Corporate Debt Repo,
b55f9386-5719-4817-a5ef-7ef10784ee88,dead7470-4f29-4afc-8b73-40d16e6240a4,f0042c2e-6300-48d0-b0fb-c08c426cd7b3,TREPS / Reverse Repo Investments / Corporate Debt Repo,
387fd637-3d7a-4286-bd53-a17392f18fbd,640093d6-8321-4eeb-917b-9f208df0b555,0015ad9e-fae2-417c-a0a8-a12706a9e309,TREPS / Reverse Repo Investments / Corporate Debt Repo,
bfcb74eb-beff-4109-a3b2-9e7855845f91,51bd5e2e-a275-4dea-a285-bb3ff5593d5c,0394f86d-ec0b-4f8a-9357-26ddc244ef45,TREPS / Reverse Repo Investments / Corporate Debt Repo,
3199f647-7eef-4280-baa0-a8d0707f9b31,51bd5e2e-a275-4dea-a285-bb3ff5593d5c,06f868ab-d445-4c99-9ea2-608fae976299,TREPS / Reverse Repo Investments / Corporate Debt Repo,
968d3bc1-8b82-48f0-bdb1-5f5b94743e42,640093d6-8321-4eeb-917b-9f208df0b555,111e53c8-0dba-4473-b7dc-685f8c590ca9,TREPS / Reverse Repo Investments / Corporate Debt Repo,
84a64419-e2bb-446d-b1bc-6682bbe33d12,51bd5e2e-a275-4dea-a285-bb3ff5593d5c,13c823ec-cf32-4cd7-a6fe-a7149463cbcc,TREPS / Reverse Repo Investments / Corporate Debt Repo,
76050926-f75c-485d-a88b-66b61f064abf,640093d6-8321-4eeb-917b-9f208df0b555,1631f024-b06c-433e-8154-7e51d17d3580,TREPS / Reverse Repo Investments / Corporate Debt Repo,
a87abc1e-22ad-4940-8652-60ea70213ab5,640093d6-8321-4eeb-917b-9f208df0b555,221212b2-2ddd-4495-9289-4e2bae3cbe0c,TREPS / Reverse Repo Investments / Corporate Debt Repo,
d473c9f6-782a-4efc-80c3-ab168826c530,51bd5e2e-a275-4dea-a285-bb3ff5593d5c,24ba613c-10d6-4111-9e3d-442d6dd17d0a,TREPS / Reverse Repo Investments / Corporate Debt Repo,
6238448c-6756-4127-9faf-955c85232f05,640093d6-8321-4eeb-917b-9f208df0b555,2bcdc1a7-1a5b-4492-be2d-09e698de5f60,TREPS / Reverse Repo Investments / Corporate Debt Repo,
3163c138-796b-415d-8998-9e2affc5f21e,51bd5e2e-a275-4dea-a285-bb3ff5593d5c,2d1c5a65-4214-424f-9ba7-8575ec684967,TREPS / Reverse Repo Investments / Corporate Debt Repo,
7b5aae35-e455-4c79-887f-41bf7fcb84c2,51bd5e2e-a275-4dea-a285-bb3ff5593d5c,3c010584-914d-4253-ad7e-afe475cd049f,TREPS / Reverse Repo Investments / Corporate Debt Repo,
0ad67d76-e0c7-4238-9698-ee80ab43b534,51bd5e2e-a275-4dea-a285-bb3ff5593d5c,3eaf84cb-fc40-400f-a083-83b1d51072a1,TREPS / Reverse Repo Investments / Corporate Debt Repo,
d9b170fd-d378-484f-a0ae-a498060cf512,640093d6-8321-4eeb-917b-9f208df0b555,406bda6d-b75a-4262-bf56-d134cdf4f7be,TREPS / Reverse Repo Investments / Corporate Debt Repo,
985a791a-40ae-42fa-b791-aeaf8b16ac0f,640093d6-8321-4eeb-917b-9f208df0b555,413128f1-4105-4723-a9fd-60f6d626f259,TREPS / Reverse Repo Investments / Corporate Debt Repo,
294607d9-45ea-4279-8087-a9e9d3f86ac0,51bd5e2e-a275-4dea-a285-bb3ff5593d5c,430bcef0-c8d5-486d-98d7-08c1def05427,TREPS / Reverse Repo Investments / Corporate Debt Repo,
6c2d1229-3854-402c-a85c-d0bf7b604295,51bd5e2e-a275-4dea-a285-bb3ff5593d5c,447082bf-36dd-4c09-8e26-35d4fbe756c7,TREPS / Reverse Repo Investments / Corporate Debt Repo,
68683195-68f2-40ce-bc22-d200849cb6f7,640093d6-8321-4eeb-917b-9f208df0b555,519ce496-24f6-4c7a-8f31-e13ff7192873,TREPS / Reverse Repo Investments / Corporate Debt Repo,
59d3b40d-c780-47e7-9c52-7c12d7ae8281,640093d6-8321-4eeb-917b-9f208df0b555,59e5cde5-17ab-4e95-bbd7-6451620786a8,TREPS / Reverse Repo Investments / Corporate Debt Repo,
046af814-4073-45f7-b4b7-cd34e47c79bf,51bd5e2e-a275-4dea-a285-bb3ff5593d5c,5f40aca9-b7a8-43fe-b6cd-06d3da34d9f9,TREPS / Reverse Repo Investments / Corporate Debt Repo,
3d0ddba8-1284-4540-94fe-87465b46b749,640093d6-8321-4eeb-917b-9f208df0b555,6b7307cb-3ffe-4e77-8429-2a877113e6cb,TREPS / Reverse Repo Investments / Corporate Debt Repo,
a69028e7-6aee-492e-90ef-96f1505784f5,640093d6-8321-4eeb-917b-9f208df0b555,6c6c2f61-b37a-46d4-abea-cb45cb45f1a3,TREPS / Reverse Repo Investments / Corporate Debt Repo,
0d223734-ff9b-4c7b-8cbe-4867dccb9b79,640093d6-8321-4eeb-917b-9f208df0b555,6e1f97a6-d7ca-465d-a707-ceb16a267eee,TREPS / Reverse Repo Investments / Corporate Debt Repo,
49d92146-9aaa-4bc8-bba7-e639ecec5757,51bd5e2e-a275-4dea-a285-bb3ff5593d5c,7245690e-842a-4484-a706-b1140cb910bc,TREPS / Reverse Repo Investments / Corporate Debt Repo,
bf569da5-0f6a-4d34-bcef-1b95089ba19a,51bd5e2e-a275-4dea-a285-bb3ff5593d5c,72b55d00-7ed4-4e5f-9240-65ff6216ac6d,TREPS / Reverse Repo Investments / Corporate Debt Repo,
76ce799a-d668-4e95-9ae0-5de8cd5d0baa,640093d6-8321-4eeb-917b-9f208df0b555,7735c713-d032-4bc1-95c8-ffc76d99d5fd,TREPS / Reverse Repo Investments / Corporate Debt Repo,
b4ba34e5-1277-4f7d-bb9d-f24a458f6a63,640093d6-8321-4eeb-917b-9f208df0b555,77b372c1-6908-43b3-a8c8-0f10f96eab99,TREPS / Reverse Repo Investments / Corporate Debt Repo,
deb38e70-b99d-4291-b4fc-47588a84517f,640093d6-8321-4eeb-917b-9f208df0b555,7ae13450-dd49-4618-ba6a-5b4cd592bb0c,TREPS / Reverse Repo Investments / Corporate Debt Repo,
4fa7332e-5f50-490b-aa5f-2dbc1123d504,51bd5e2e-a275-4dea-a285-bb3ff5593d5c,86c609b9-b273-4803-ad61-f390bc921242,TREPS / Reverse Repo Investments / Corporate Debt Repo,
5efb63d2-1c86-46a6-bedf-9953e348b6ec,51bd5e2e-a275-4dea-a285-bb3ff5593d5c,877925a2-7f21-4c5b-b8af-b32ce61ef4d2,TREPS / Reverse Repo Investments / Corporate Debt Repo,
fae544f6-9e1c-4219-904e-8452329681ea,640093d6-8321-4eeb-917b-9f208df0b555,87d6d676-0353-4f6e-9c75-65ae68a327a2,TREPS / Reverse Repo Investments / Corporate Debt Repo,
80f810ad-e752-4055-857f-26df99ed312f,51bd5e2e-a275-4dea-a285-bb3ff5593d5c,899ab7f6-81b7-4d09-a641-82ab5ebbd038,TREPS / Reverse Repo Investments / Corporate Debt Repo,
03837577-2d2b-4fbf-a634-1060d4d8839f,640093d6-8321-4eeb-917b-9f208df0b555,90f5e9fe-f376-409b-b53e-6da4fa48f7ab,TREPS / Reverse Repo Investments / Corporate Debt Repo,
53a15b5d-8b37-4c82-a3b4-c34eb72c038d,640093d6-8321-4eeb-917b-9f208df0b555,9768bb4c-8ef1-4964-b27b-f74164307c17,TREPS / Reverse Repo Investments / Corporate Debt Repo,
01bce5d1-49ee-4b36-8470-8cd1b19d6f65,640093d6-8321-4eeb-917b-9f208df0b555,9ac64f06-c7f3-430a-aa44-816efba8fe51,TREPS / Reverse Repo Investments / Corporate Debt Repo,
fb6554f1-2e40-4c39-93c5-e4b3262f61d2,51bd5e2e-a275-4dea-a285-bb3ff5593d5c,a492e5e3-3fc7-4d9a-9241-6da895ca3a9d,TREPS / Reverse Repo Investments / Corporate Debt Repo,
9f3b287d-09c0-40f7-90d2-772da9fd7242,51bd5e2e-a275-4dea-a285-bb3ff5593d5c,a7c56a7a-fa24-42bb-bbfd-354a4c657feb,TREPS / Reverse Repo Investments / Corporate Debt Repo,
d86b8d51-22b3-4f96-9df7-a9b8a0a90ae7,640093d6-8321-4eeb-917b-9f208df0b555,b3eabcf8-5ce8-4af6-8542-0101e837de0e,TREPS / Reverse Repo Investments / Corporate Debt Repo,
c456c0d4-ba00-46e8-a323-6d729f54b1e4,640093d6-8321-4eeb-917b-9f208df0b555,b6bb5967-4cb4-4c00-8a88-977d20dd6167,TREPS / Reverse Repo Investments / Corporate Debt Repo,
e2753e1f-836a-481f-b86a-29582c0b65aa,640093d6-8321-4eeb-917b-9f208df0b555,b86091dd-eedf-49c0-8c47-c227aee410d9,TREPS / Reverse Repo Investments / Corporate Debt Repo,
d9331c3c-5af3-4fa2-aedd-9fcf1c7d23e5,51bd5e2e-a275-4dea-a285-bb3ff5593d5c,bb7f10eb-d5f4-4dab-bc5a-f962d59640bb,TREPS / Reverse Repo Investments / Corporate Debt Repo,
4e0b13b2-a3d9-4cc9-bc3a-d2ae6062acf5,640093d6-8321-4eeb-917b-9f208df0b555,c4e70049-a451-4c67-b440-de50fa6ee88a,TREPS / Reverse Repo Investments / Corporate Debt Repo,
4beeca14-f8df-4a71-962e-e641f2b3f21c,640093d6-8321-4eeb-917b-9f208df0b555,c72df3a8-67e6-41f5-b5f8-04408260affd,TREPS / Reverse Repo Investments / Corporate Debt Repo,
66981ea5-4783-4f0d-8d6b-1e5b05a7daed,640093d6-8321-4eeb-917b-9f208df0b555,d22022a3-37b9-49dc-8152-c80c22fa76e8,TREPS / Reverse Repo Investments / Corporate Debt Repo,
4481c4b9-5174-4ef7-b6e5-059525ec376a,640093d6-8321-4eeb-917b-9f208df0b555,d5b75823-8280-4f27-bc11-5b23773a0386,TREPS / Reverse Repo Investments / Corporate Debt Repo,
77bdcd3f-12fd-4993-8ccc-cea8042ad1ed,51bd5e2e-a275-4dea-a285-bb3ff5593d5c,d9500c81-17fd-4337-ad9f-2972a00a4842,TREPS / Reverse Repo Investments / Corporate Debt Repo,
916d9480-789f-4907-8f8e-9c0c4e521182,640093d6-8321-4eeb-917b-9f208df0b555,db3a87a2-c69a-4230-8165-1ecaaa8abefb,TREPS / Reverse Repo Investments / Corporate Debt Repo,
17023223-cfdc-44f4-a3be-86a6d802ec10,51bd5e2e-a275-4dea-a285-bb3ff5593d5c,e21cb1c0-d121-432c-9c34-b5d7c59199d4,TREPS / Reverse Repo Investments / Corporate Debt Repo,
6f4f7e7a-1fa1-4d8a-b47e-f8e63960263a,640093d6-8321-4eeb-917b-9f208df0b555,e71211d9-0572-4dd1-8894-4f522e936f2c,TREPS / Reverse Repo Investments / Corporate Debt Repo,
f39bbead-0541-4b45-babd-99d3f80bebd3,51bd5e2e-a275-4dea-a285-bb3ff5593d5c,e85b78c1-b66e-4fe3-bfb6-6da97dc2de17,TREPS / Reverse Repo Investments / Corporate Debt Repo,
61d074cd-7371-4149-a311-08561a5a7017,640093d6-8321-4eeb-917b-9f208df0b555,e938bd22-ea11-419e-922b-ee83f1600245,TREPS / Reverse Repo Investments / Corporate Debt Repo,
5ba6bcf8-aa98-4eb6-bfe5-8b72af56f9b3,640093d6-8321-4eeb-917b-9f208df0b555,ec45c28a-6427-4262-bfaf-c406f3233f01,TREPS / Reverse Repo Investments / Corporate Debt Repo,
ce128c65-05c1-4f2c-9d62-9efda5703ae9,51bd5e2e-a275-4dea-a285-bb3ff5593d5c,f0a301d8-8375-464b-bd79-bd9b059fc416,TREPS / Reverse Repo Investments / Corporate Debt Repo,
8141d05b-905f-45dd-97f0-560991348c54,640093d6-8321-4eeb-917b-9f208df0b555,f9f9ce73-2f69-4f1e-b975-5172ace4c9d2,TREPS / Reverse Repo Investments / Corporate Debt Repo,
a40f79eb-e2cb-435e-b535-f3c5d55bed8d,facff9c4-14e4-4e76-b900-b917d400a0fa,51e1f627-e2f5-4732-b96d-b2c7dcf6c1a1,TREPS / Reverse Repo Investments / Corporate Debt Repo,
b4e18b60-07e5-49ad-9f70-d65e0c4ee150,facff9c4-14e4-4e76-b900-b917d400a0fa,805ffccf-0133-4dd3-be9a-24b1bff2e31a,TREPS / Reverse Repo Investments / Corporate Debt Repo,
e53e8696-4df5-4b47-8c7c-ae4eed98a396,facff9c4-14e4-4e76-b900-b917d400a0fa,ab83fd48-4347-40a5-9fb2-2dd1f356fc79,TREPS / Reverse Repo Investments / Corporate Debt Repo,
223add3f-6872-48a7-936b-0a8d2947fe61,3ed81b8a-bd09-4b1a-bebe-0210f755e663,03f10837-89c0-46af-8dfb-3c55f3b28a04,TREPS / Reverse Repo Investments / Corporate Debt Repo,
ee4ab932-46aa-41dd-a2b0-6eb832625a66,24b2aff0-1a07-4d53-a13d-197e7f110b34,0c7f3cca-4a8c-4563-b848-45640270192a,TREPS / Reverse Repo Investments / Corporate Debt Repo,
8aa98d9e-447b-4da3-85e2-56851fbf3ee6,470bb170-ce67-4e31-a36e-920ae5d37543,1536898e-b9d3-4413-8a2b-9b592dfa8368,TREPS / Reverse Repo Investments / Corporate Debt Repo,
4f58a3dd-c244-4e4e-a83b-7119a49dc554,78f070ed-7596-4ada-83bd-5fd4fdf4133f,1866ce6e-3547-41d0-9960-ed3296231d9f,TREPS / Reverse Repo Investments / Corporate Debt Repo,
4ccad92f-0056-4c83-9b9c-34be6bcce4e0,75aa749d-fd9c-4a49-be27-f45fc784e95a,2acd6c90-e879-48b8-adc7-d83da9481429,TREPS / Reverse Repo Investments / Corporate Debt Repo,
a29a2f64-6883-44a6-ab72-ff13bd94891a,012ee2df-67a2-4f8f-a587-fac3e48c5ae4,2b49991a-14ee-4c06-8d63-2da2dca410be,TREPS / Reverse Repo Investments / Corporate Debt Repo,
92421fdc-b27a-4b93-be31-7509cb02a766,e71423aa-9378-4ace-9eb2-c67641986876,4e9e7021-4482-47b1-bd18-0f8a34992e98,TREPS / Reverse Repo Investments / Corporate Debt Repo,
f25de5a1-b1c5-4e8f-ba0c-ee51b55ca173,88e87bee-5efc-4a99-8409-6821195bb4b1,523c30af-ffaa-49a5-995f-963faec12073,TREPS / Reverse Repo Investments / Corporate Debt Repo,
b289f513-4d3e-4be7-8916-0469815e1578,edd551d2-a0c4-4472-9f59-c7fa8c42470d,64e72006-2e66-4f96-b6a2-edc9b2357724,TREPS / Reverse Repo Investments / Corporate Debt Repo,
b7bc86b1-96f9-467f-a319-793da49ced19,4720fe98-a619-48d6-96ed-04786658e580,74a6805a-0e6e-4325-b7f1-a86996d1c4a2,TREPS / Reverse Repo Investments / Corporate Debt Repo,
a07116ea-9080-4f06-a733-16af8ed69d3d,fd3e8a0f-01c9-435d-abfd-0a4a9ac4dce2,7bba8054-876a-4275-8da8-4055bfbd3eec,TREPS / Reverse Repo Investments / Corporate Debt Repo,
a1da019e-91e5-40d3-8d79-a73debc8c271,aa9005b3-f595-463c-a84e-c3e0ddb8b28f,887a0c8d-47a6-4e14-b0ba-eb34ac3d6715,TREPS / Reverse Repo Investments / Corporate Debt Repo,
5ff150c4-fa81-4176-bce1-6b7261b93705,3ff683df-6aec-461f-9fca-47b4429d743d,9227f8cb-6611-4bd2-b2dd-2f0065e8daac,TREPS / Reverse Repo Investments / Corporate Debt Repo,
6ab25179-a8dd-4c68-bd6e-e1bfcc691fdc,ac7c09ed-c320-42bc-8abc-9ade4fb61c93,94cdcff1-1efc-45db-8669-6301a9014fb5,TREPS / Reverse Repo Investments / Corporate Debt Repo,
bdad133b-bebd-4c79-b0e7-af9681b00b23,87a26a24-d02a-4760-8a36-ee7270584927,a0014505-31e8-4edf-9407-1f6ea69edbe4,TREPS / Reverse Repo Investments / Corporate Debt Repo,
29050e43-8458-479b-bcec-e617782eecdf,1d191707-fc19-4a43-a680-d6a11624d2d7,a5c40f1e-2370-4c52-a7f8-3532920c37ee,TREPS / Reverse Repo Investments / Corporate Debt Repo,
acf98e27-6dd2-4bcb-9385-0276db31f877,dd780847-dab5-47ae-94fd-349dcef4f45f,b04d7c14-9d28-426b-b129-f994c47b34ce,TREPS / Reverse Repo Investments / Corporate Debt Repo,
b2419495-a13e-48bf-ae81-df05e523c270,a4a0d05b-6013-4601-bb3a-1999f3f2157b,b93b5998-cc2b-4959-ba5c-ca0a7db7164b,TREPS / Reverse Repo Investments / Corporate Debt Repo,
92076655-cdc4-48f2-94d0-d0baa515fd1f,b77783b3-1bf4-4917-8291-bcd61c3a9411,c03fd237-09b4-49b4-b716-34e303e4af14,TREPS / Reverse Repo Investments / Corporate Debt Repo,
3056ad8f-a7fe-4103-8cb5-fa33a63624f2,d944b7b3-efb9-4a4a-a78c-18b0cf9bf416,d1dfc239-54da-4b3d-852f-b6c9276990d6,TREPS / Reverse Repo Investments / Corporate Debt Repo,
fa5f3aff-2c13-46c1-8ce8-406549de4a4d,c996d80a-b641-415a-9fbd-e5286742582b,d37d48bf-0066-45d4-9145-a0b96793de24,TREPS / Reverse Repo Investments / Corporate Debt Repo,
6a2365ea-6b34-4ff6-b9fe-137dde932b27,eb608724-1629-413f-b491-e615fdc4b4a2,dc5e9383-5236-4556-ad33-699d97f5e014,TREPS / Reverse Repo Investments / Corporate Debt Repo,
8ea19a99-369d-4dab-8487-9c9eb505d220,f1fe3987-a57c-469f-88f5-35dbb861a8e4,e0c8b467-935e-40b8-ba77-4768672b74f8,TREPS / Reverse Repo Investments / Corporate Debt Repo#,
eef00622-5d0f-4a15-ad1b-bdadc2db658a,6aaa8e03-9440-4b3c-b09f-b3407d1f3e47,ffb6b5fb-d537-47b5-b64a-75357d0173f4,TREPS / Reverse Repo Investments / Corporate Debt Repo,
3f4d4936-371a-4723-95b2-885a09a044fc,66a2a0c5-3f43-471c-b626-ab10373f21bd,aaa2867c-9854-4137-b20a-65460a0fb0dc,Mutual Fund Units,
f9684f12-dd77-4d35-8a6b-2e70498b9b9a,03201d2f-0aa8-49b4-9220-a310f57b034b,6eed893e-9ebc-47cd-baf3-7b0f594b93b9,Mutual Fund Units,
9d317333-827f-486f-92f0-932a2672978c,62a10e5c-613d-4942-bc99-0ad021b1d805,9ec094d8-8989-4657-84e4-7ae195bce41f,Mutual Fund Units,
0ecbcdb5-2df9-4a3d-b465-ef69682f78b3,b405169e-b10b-4cd6-a5a4-86f7ec69b705,a0b58131-dcd6-4031-9431-01fec0310266,Mutual Fund Units,
27cc620c-f7a3-4b64-a68e-7e82e1a5ecea,c21cb746-5943-42d6-a552-401e685f9f7c,4e2feb3b-2c31-48cb-b071-c6df8c64f331,Mutual Fund Units,
014e34df-5051-4f12-9937-dc35855a1a45,8dcc94b2-7f90-4baf-88f5-814ee13f6cc5,19783033-56b1-456f-8176-f348f9749a1d,Units issued by REITs & InvITs,
b990a3ad-7c7a-4994-aac8-b86f8632435a,fe1f8698-0748-4cdb-912f-70d58c45bb14,b1bca244-bd0d-4f0e-a171-778de1ac54b0,Units issued by REITs & InvITs,
4ec009cb-bac4-4120-9bc4-8737bf6c90e8,e65162bc-30e3-4c70-a364-2d29398aeef6,cafdd633-3bf7-4c04-a1ee-746f42646fc4,Units issued by REITs & InvITs,
3416b921-b4f7-4977-907b-980ec9ccec56,c8b2fbcd-6835-4a64-b790-0486910a39dd,ebd6d5ca-6d17-4fa7-a720-c12618baf7d7,Units issued by REITs & InvITs,
55a28faf-f828-4d7f-8fe0-b9c21db07f81,3f0dc69d-77d4-4cd8-952c-3813c4871125,05c7a217-8ee1-4380-b1d0-e11b29c41eef,Units issued by REITs & InvITs,
1a89ec4a-d7e5-411d-93d1-4af23251220d,24f3a0fc-db4e-4f5d-8ce3-0f1220c49f68,261c3e2e-aaf5-43af-82e3-080c4aeeef8c,Units issued by REITs & InvITs,
32dd8d42-b15a-423a-bdbf-9e3cee652bef,2fae2a62-d20d-47ce-afa9-2db98b06ad1a,7619c326-9984-4565-8b3d-86f2453ce2fa,Units issued by REITs & InvITs,
1fac72a7-d1f8-4460-9513-d775eab647af,d261d9a5-22b9-44ab-98da-1f68d27ac487,a601b5d5-ab79-4756-a4af-455c853ffe2f,Units issued by REITs & InvITs,
150aef82-6d60-4ade-a0a3-caec9391443f,62889a4c-18a0-4360-a661-25a9cd03d7e3,1fd4c2e4-bed5-4caa-b538-5053dc9d26ed,Units issued by REITs & InvITs,
2b8ea897-41ef-4517-8a24-5b3c295561dc,348cd817-ed9d-4b14-adb4-bfcf239878c5,46069f5b-9815-4b35-a301-64fbb3339160,Units issued by REITs & InvITs,
973d9594-ec0f-45e2-b24c-3d2e3aaac545,df12f86f-e985-4385-adc3-77b0d98a2837,6d89e123-d5f6-4f8e-8f82-3eaddbaefd14,Units issued by REITs & InvITs,
1b38db55-9cba-4e37-8963-2c56d1cf9d67,363fcd54-58de-409c-83a1-9307268d95ae,d8714086-33be-4a08-a9e1-d6d0c10d8fef,Units issued by REITs & InvITs,
fe2188dd-6d7e-4f86-928a-a20ba41163f6,d9429dab-a237-43e3-a000-b146827512ff,c39b0088-b426-4faf-b56e-b967e4c15c57,#  Unlisted Security,
e9f975de-fc9f-41e5-81cf-1238049bd25a,7288268d-4866-444f-83f1-848813aa4de8,1f01bef0-9652-4b21-8a71-0f9a1bed435c,#  Unlisted Security,
69ffd923-73a8-4e6e-9dd1-966dc145ff0c,0d00ad8a-dea6-4259-a506-ba3b7865a52b,d83972ab-5b34-46f4-bd4e-312da773b260,#  Unlisted Security,
7dff3c15-a800-4e17-b709-d9b57846d1c7,f855102e-8f88-4045-a52a-5715438a96de,fdd1a0c1-c16f-448c-a420-f957eefab3ee,#  Unlisted Security,
482de9ae-9c43-4cb4-8996-c83c5985c24b,efdcd646-83a4-402c-9591-178f922be735,0783f596-2b0c-4479-b79f-10d151b36d55,#  Unlisted Security,
09eea60a-7725-446a-b35a-000764706ae9,a27952a9-a93c-4a45-a163-9c6ecf55dfda,b5e4ee79-a90f-425b-ba4c-0a847275a515,#  Unlisted Security,
7836c72c-ab80-406e-a2e9-bc17f358c1a4,c8e858cc-96aa-460f-a450-90c5624ad51c,4174d961-07c4-4cb2-84b1-dee639297c8f,#  Unlisted Security,
a208190e-08de-47b0-b484-d27f5e4f3cce,4385658a-d467-49a6-9309-08aa51c8528d,f6d1fc4b-52af-4611-b1db-5587be3268f1,#  Unlisted Security,
5bf11232-218f-42aa-a6df-67a1c3daf8e0,1eebaf52-350c-4f21-9951-54370eb68dad,875c5122-9424-4fab-979a-ae5ce2b5c526,#  Unlisted Security,
2923b277-7717-4a17-a0a0-16071a78f47c,a96ee8c2-5907-4ad0-b428-c6af28438ca7,a4aedb05-71ca-4a56-823b-84167f923f5b,#  Unlisted Security,
e361019f-6a9a-4997-aafd-25b416142cc5,84c7c2c8-d8ad-4f39-a02f-68261ba1bf8a,8bfcc4d3-cc2f-45a9-aba8-4e3c7fa4bded,#  Unlisted Security,
ebba76a6-0523-479e-ab9f-298205af18ee,a2e1afdb-6488-4cd7-b329-3cf037faa25a,7a30e06e-9df3-4867-8ef0-0e162cf22a0f,Yield to call as per AMFI Best Practices Guidelines Circular No. 88 / 2020 -21,
e151f1ce-777e-43d6-a9cd-22709d5b9484,223147c2-8b24-45da-8811-fc97b939fe42,bf91fcc8-247e-4ae7-8380-b2bf324d0fbd,Yield to call as per AMFI Best Practices Guidelines Circular No. 88 / 2020 -21,
fff3df04-20b7-4b67-b074-466387bd505b,22f1b15b-1c63-413c-93c9-0f8fe5271517,ca2abc4b-7598-44bc-b0a7-b050953de2b8,Yield to call as per AMFI Best Practices Guidelines Circular No. 88 / 2020 -21,
2f9db371-c5dc-4341-9855-c9383f5714cc,8eb6cd37-468a-4301-bc72-cdaf3f048f07,eca6c568-2103-43a3-9e9a-feef0497fcaa,"~ Yield to Maturity (YTM) as on October 31, 2024",
