id,snapshot_id,instrument_id,security_name,isin,sector,asset_class,quantity,market_value,market_value_currency,percentage_to_nav,coupon,maturity_date,rating,metadata_json,created_at
7059d676-45ab-4689-a810-3da470731c7a,e52aceb7-9bc0-403c-a7ee-524034694c23,248b6252-4a85-45ee-af45-247c5728e884,Bajaj Holdings & Investment Ltd.,INE118A01012,,,3017366.0,163904.83,INR,8.22,,,,{},2026-08-22 01:59:29.130064+00:00
3aeb4d25-fce4-4810-b9d7-a46700a580c6,e52aceb7-9bc0-403c-a7ee-524034694c23,1db92b58-f621-49fd-af40-93e5d4cf9f49,Indian Energy Exchange Ltd.,INE022Q01020,,,44206584.0,111754.24,INR,5.61,,,,{},2026-08-22 01:59:29.130064+00:00
b7583609-529b-480c-8bdd-f8e14c066c38,e52aceb7-9bc0-403c-a7ee-524034694c23,231e0123-2eea-4376-a4eb-671bc54bddd4,HCL Technologies Ltd.,INE860A01027,,,8182285.0,107932.52,INR,5.41,,,,{},2026-08-22 01:59:29.130064+00:00
b133f640-867c-40e6-9b9c-1dd8adcb79ca,e52aceb7-9bc0-403c-a7ee-524034694c23,be48bb85-2bc1-4023-b0eb-8cf28d927c36,ICICI Bank Ltd.,INE090A01021,,,13540614.0,100220.85,INR,5.03,,,,{},2026-08-22 01:59:29.130064+00:00
a34fe878-6a06-476c-aeaa-f6519dea9f39,e52aceb7-9bc0-403c-a7ee-524034694c23,231285df-b7c8-4c91-8e44-ef0e66f2f6c1,Axis Bank Ltd.,INE238A01034,,,14689094.0,99672.85,INR,5.0,,,,{},2026-08-22 01:59:29.130064+00:00
a5102396-f73b-4b6b-9229-a36dc4161ca3,e52aceb7-9bc0-403c-a7ee-524034694c23,07ca72e3-e972-49d4-844b-f4117f49d4df,Hero MotoCorp Ltd.,INE158A01026,,,3968078.0,97698.05,INR,4.9,,,,{},2026-08-22 01:59:29.130064+00:00
4b0a464f-dd34-43ad-a225-8e3bc5f7935f,e52aceb7-9bc0-403c-a7ee-524034694c23,7127388c-2c51-42d7-aa30-658d1aad2062,Central Depository Services (I) Ltd.,INE736A01011,,,4799727.0,71986.31,INR,3.61,,,,{},2026-08-22 01:59:29.130064+00:00
7fe274e2-0697-4e16-9388-6705060ec2c3,e52aceb7-9bc0-403c-a7ee-524034694c23,d13b1d0d-baec-4587-aa59-81ead10da6ec,HDFC Bank Ltd.,INE040A01034,,,4312844.0,63804.21,INR,3.2,,,,{},2026-08-22 01:59:29.130064+00:00
83f70e97-08d3-412a-8567-4ef267631b28,e52aceb7-9bc0-403c-a7ee-524034694c23,ea086590-8412-4784-9b78-ce4731a7ef28,Multi Commodity Exchange of India Ltd.,INE745G01035,,,2492885.0,39457.38,INR,1.98,,,,{},2026-08-22 01:59:29.130064+00:00
28c1468b-e926-4d30-b848-b10dab8755c1,e52aceb7-9bc0-403c-a7ee-524034694c23,5445fb91-a558-4b77-848c-65d26c4d7361,Balkrishna Industries Ltd.,INE787D01026,,,1226855.0,28504.75,INR,1.43,,,,{},2026-08-22 01:59:29.130064+00:00
35a9c54b-0a8a-4a38-84d2-e555e8bffdc1,e52aceb7-9bc0-403c-a7ee-524034694c23,851a767e-85ab-4548-ad74-61fc56961ac5,Motilal Oswal Financial Services Ltd.,INE338I01027,,,2999985.0,27469.36,INR,1.38,,,,{},2026-08-22 01:59:29.130064+00:00
ad95e3d6-d84b-4fb7-8e22-1a3bbf34c697,e52aceb7-9bc0-403c-a7ee-524034694c23,99884b2a-9721-4573-ae83-97c5970467c7,Mphasis Ltd.,INE356A01018,,,645950.0,21940.98,INR,1.1,,,,{},2026-08-22 01:59:29.130064+00:00
b6e0966d-34af-4cce-bb84-d9d1a235e8b1,e52aceb7-9bc0-403c-a7ee-524034694c23,df13c81d-4eed-403f-9124-07bc7c33b63e,Sun Pharmaceutical Industries Ltd.,INE044A01036,,,2525297.0,21356.44,INR,1.07,,,,{},2026-08-22 01:59:29.130064+00:00
ce14bea5-d7ff-41fb-b60a-be553af5f716,e52aceb7-9bc0-403c-a7ee-524034694c23,d36f4d59-e3b9-477a-a8a8-f8254a25cb86,Dr. Reddy's Laboratories Ltd.,INE089A01023,,,414682.0,20348.45,INR,1.02,,,,{},2026-08-22 01:59:29.130064+00:00
214450df-20a3-4dd0-933b-e0217dd822a5,e52aceb7-9bc0-403c-a7ee-524034694c23,30074526-4772-454d-a066-0774158f6916,Cadila Healthcare Ltd.,INE010B01027,,,4195324.0,20269.71,INR,1.02,,,,{},2026-08-22 01:59:29.130064+00:00
bc41f07a-cef7-4f3a-8fbe-8510b2a6a58d,e52aceb7-9bc0-403c-a7ee-524034694c23,73d973cf-f9f8-4518-80c2-b9b8447e0010,IPCA Laboratories Ltd.,INE571A01020,,,896965.0,19435.44,INR,0.98,,,,{},2026-08-22 01:59:29.130064+00:00
833c578c-372a-4c93-8b3e-eef8a7320332,e52aceb7-9bc0-403c-a7ee-524034694c23,425b1f2d-3399-4d5a-8bfc-f36d4b4564f1,Persistent Systems Ltd.,INE262H01013,,,387746.0,19016.42,INR,0.95,,,,{},2026-08-22 01:59:29.130064+00:00
77de5628-7ff6-4303-bb37-724fc135f01f,e52aceb7-9bc0-403c-a7ee-524034694c23,732a891c-9368-4efa-833d-e7cd78d94f15,Oracle Financial Services Software Ltd.,INE881D01027,,,417679.0,16545.1,INR,0.83,,,,{},2026-08-22 01:59:29.130064+00:00
221f49de-1674-49dd-8f49-29f3c3890e76,e52aceb7-9bc0-403c-a7ee-524034694c23,c16f1ac3-9918-4e47-a4bb-be7379159b23,ICRA Ltd.,INE725G01011,,,422587.0,14339.86,INR,0.72,,,,{},2026-08-22 01:59:29.130064+00:00
a2de8735-d7d9-4599-9eb8-cfe77796c06d,e52aceb7-9bc0-403c-a7ee-524034694c23,9d7cfd1e-a833-4aaf-b922-4a2460fbebf2,Lupin Ltd.,INE326A01037,,,917224.0,8720.51,INR,0.44,,,,{},2026-08-22 01:59:29.130064+00:00
7da3a93a-b46d-4822-8ba9-8eaa86d80ca9,e52aceb7-9bc0-403c-a7ee-524034694c23,a867b7d6-a4b9-4827-8df7-e05b03b7f35a,Suzuki Motor Corporation *,US86959X1072,,,142519.0,16309.82,INR,0.82,,,,{},2026-08-22 01:59:29.130064+00:00
d3b41f9d-5229-4055-ac9d-3707bd11bd9e,e52aceb7-9bc0-403c-a7ee-524034694c23,07168413-4a7f-4721-8855-2fac6abc70b9,Alphabet Inc.,US02079K3059,,,75328.0,163614.5,INR,8.21,,,,{},2026-08-22 01:59:29.130064+00:00
39b41e38-e04e-4303-b70d-ca36be23ed8b,e52aceb7-9bc0-403c-a7ee-524034694c23,818442d0-45b6-4706-8727-7a89d7ee598e,Microsoft Corporation,US5949181045,,,584397.0,147300.41,INR,7.39,,,,{},2026-08-22 01:59:29.130064+00:00
936c585e-4c72-4cde-9f18-a9fa1958da0d,e52aceb7-9bc0-403c-a7ee-524034694c23,fb5a3f7c-1828-4a48-9bda-7d8d45c10813,Amazon.Com Inc,US0231351067,,,51264.0,128440.26,INR,6.44,,,,{},2026-08-22 01:59:29.130064+00:00
4f07a0c4-ce2e-45b3-8bb6-3ad4be35d733,e52aceb7-9bc0-403c-a7ee-524034694c23,72002026-4689-4be5-9e46-6a190d68d2df,Meta Platforms,US30303M1027,,,467126.0,119490.47,INR,5.99,,,,{},2026-08-22 01:59:29.130064+00:00
b38f4f33-c85f-4403-9fdf-8853d94fa5f6,e52aceb7-9bc0-403c-a7ee-524034694c23,8641d1d8-ce92-42ba-8be3-c9e717052d48,3.00% Axis Bank Ltd. (Duration 365 Days),,,,,491.0,INR,0.02,,,,{},2026-08-22 01:59:29.130064+00:00
19d314fd-2b9b-4ae9-bd7c-ef210173b41d,e52aceb7-9bc0-403c-a7ee-524034694c23,ed92c01d-6f69-44f0-b247-5f93d8b3895f,3.00% Axis Bank Ltd. (Duration 367 Days),,,,,491.0,INR,0.02,,,,{},2026-08-22 01:59:29.130064+00:00
11dd98e5-bff8-4cea-8aae-fe46d3ed2241,e52aceb7-9bc0-403c-a7ee-524034694c23,eb77f6fd-6be6-4f98-8d62-d61fcb3f3b0c,2.60% Axis Bank Ltd. (Duration 91 Days),,,,,491.0,INR,0.02,,,,{},2026-08-22 01:59:29.130064+00:00
baa63014-5c8d-4dbe-8959-6f5a76d7ffea,e52aceb7-9bc0-403c-a7ee-524034694c23,de9e9b71-b808-4640-abd2-e7007eff18d8,8.20% CGL 15-FEB-2022,IN0020060037,,,10000000.0,10055.85,INR,6.72,,,,{},2026-08-22 01:59:29.130064+00:00
e7e3a6b7-eee5-4ae9-9cb2-1ab6de360863,e52aceb7-9bc0-403c-a7ee-524034694c23,1bf3b316-3de6-4b99-b7af-f30c87640a26,8.70% State Government of Kerala 25-JAN-2022,IN2020110077,,,10500000.0,10534.98,INR,7.04,,,,{},2026-08-22 01:59:29.130064+00:00
a9e566da-dabd-4649-af56-3ba2b3fd4984,e52aceb7-9bc0-403c-a7ee-524034694c23,27259811-fabc-4619-b1c3-6fccb5073062,8.72% State Government of Bihar 25-JAN-2022,IN1320110035,,,1000000.0,1003.34,INR,0.67,,,,{},2026-08-22 01:59:29.130064+00:00
0738087f-3a65-42ad-a50a-12e1c3474edc,e52aceb7-9bc0-403c-a7ee-524034694c23,14b3f5e5-0bb2-4ebb-abcc-1eacb12b3757,Housing Development Finance Corporation Ltd. 24-Feb-2022,INE001A14XN8,,,200.0,994.56,INR,0.67,,,,{},2026-08-22 01:59:29.130064+00:00
e3918c59-f203-427b-84a0-3fb8699b2f8b,e52aceb7-9bc0-403c-a7ee-524034694c23,5846f9c2-52cc-413c-ba27-671d7346642a,National Bank for Agriculture and Rural Development 08-Feb-2022,INE261F16587,,,1000.0,996.34,INR,0.67,,,,{},2026-08-22 01:59:29.130064+00:00
f5de8ed7-ecf0-45f0-aad1-e97a3ac35c0f,e52aceb7-9bc0-403c-a7ee-524034694c23,e5d24459-1aee-463c-a7e8-c740df82455e,91 DAY T-BILL 13-Jan-2022,IN002021X314,,,12500000.0,12486.66,INR,8.35,,,,{},2026-08-22 01:59:29.130064+00:00
e1986229-4991-4414-95f9-748c4c9de086,e52aceb7-9bc0-403c-a7ee-524034694c23,96f576b7-09b2-4fb1-9940-ade6aff5d856,91 DAY T-BILL 20-Jan-2022,IN002021X322,,,12500000.0,12478.76,INR,8.34,,,,{},2026-08-22 01:59:29.130064+00:00
9e330d0c-b583-45df-a5ec-01c80bdff97e,e52aceb7-9bc0-403c-a7ee-524034694c23,bc601276-9c52-40f0-8891-7f1c87600fee,91 DAY T-BILL 02-Feb-2022,IN002021X348,,,12500000.0,12463.5,INR,8.33,,,,{},2026-08-22 01:59:29.130064+00:00
1a9e9989-9cd8-4be1-a1ae-5eb531443812,e52aceb7-9bc0-403c-a7ee-524034694c23,5e51531b-89f9-4ce9-bf5b-124c8e58d3a2,91 DAY T-BILL 24-Feb-2022,IN002021X371,,,12500000.0,12437.44,INR,8.32,,,,{},2026-08-22 01:59:29.130064+00:00
7fac2136-807a-4222-8f22-a94a7473b564,e52aceb7-9bc0-403c-a7ee-524034694c23,fe0182d7-b74e-421d-a66e-dc9035747516,91 DAY T-BILL 03-Mar-2022,IN002021X389,,,12500000.0,12427.31,INR,8.31,,,,{},2026-08-22 01:59:29.130064+00:00
0497fff3-1d14-4aa8-bdad-3579e75b4017,e52aceb7-9bc0-403c-a7ee-524034694c23,3fd6cb02-6997-4ec2-9e12-5dd9a31275e2,91 DAY T-BILL 17-Mar-2022,IN002021X405,,,12500000.0,12410.75,INR,8.3,,,,{},2026-08-22 01:59:29.130064+00:00
8db70f89-b027-475e-bfa9-e39dba2f8f86,e52aceb7-9bc0-403c-a7ee-524034694c23,3194baef-6342-4883-8422-d7ed0db6d393,91 DAY T-BILL 31-Mar-2022,IN002021X421,,,12500000.0,12391.4,INR,8.29,,,,{},2026-08-22 01:59:29.130064+00:00
6120c8f7-9149-469d-9073-277c0a13592f,e52aceb7-9bc0-403c-a7ee-524034694c23,f1c1bc11-ab40-43d7-95e6-3f9e9505e404,91 DAY T-BILL 10-Mar-2022,IN002021X397,,,11500000.0,11425.5,INR,7.64,,,,{},2026-08-22 01:59:29.130064+00:00
e7cb8aef-e107-4098-9255-6f81bae61acc,e52aceb7-9bc0-403c-a7ee-524034694c23,d86ef111-e4f9-4b50-893a-8fca9d4f07c2,91 DAY T-BILL 06-Jan-2022,IN002021X306,,,10000000.0,9995.55,INR,6.68,,,,{},2026-08-22 01:59:29.130064+00:00
0d009fe2-020a-4166-85d3-70cb3d09883f,e52aceb7-9bc0-403c-a7ee-524034694c23,f9b4bec3-0f68-43f5-8e2b-ff99559aeb98,91 DAY T-BILL 24-Mar-2022,IN002021X413,,,7500000.0,7440.35,INR,4.98,,,,{},2026-08-22 01:59:29.130064+00:00
872801ff-2852-4f84-86cc-a51c387aabb6,e52aceb7-9bc0-403c-a7ee-524034694c23,99701b36-d46c-43fb-82d9-a334a41eb557,3.75% HDFC Bank Ltd. (Duration 365 Days),,,,,200.0,INR,0.13,,,,{},2026-08-22 01:59:29.130064+00:00
fba70256-ae07-4a71-b320-1b668ab30a01,e52aceb7-9bc0-403c-a7ee-524034694c23,67d25861-b417-4bed-8d1c-5ba74f63c4b4,4.90% HDFC Bank Ltd. (Duration 367 Days),,,,,100.0,INR,0.07,,,,{},2026-08-22 01:59:29.130064+00:00
16884705-def0-495b-9477-b4471e1c3678,e52aceb7-9bc0-403c-a7ee-524034694c23,944beb56-2d22-499f-8970-1204789233d0,Wipro Ltd.,INE075A01022,,,280879.0,2009.27,INR,5.35,,,,{},2026-08-22 01:59:29.130064+00:00
0f20bd61-2c67-4844-89f0-ee0989c615c7,e52aceb7-9bc0-403c-a7ee-524034694c23,cbcbb76b-700f-45ec-9200-17a6e19909af,Tata Consultancy Services Ltd.,INE467B01029,,,49594.0,1854.0,INR,4.94,,,,{},2026-08-22 01:59:29.130064+00:00
a72eeb0f-b45e-4954-95e0-f062258e5765,e52aceb7-9bc0-403c-a7ee-524034694c23,ed405704-5c42-4664-9543-f7de13827731,Maruti Suzuki India Ltd.,INE585B01010,,,24011.0,1783.16,INR,4.75,,,,{},2026-08-22 01:59:29.130064+00:00
319d1c3c-4aac-45ab-a3e8-f5d97e169be4,e52aceb7-9bc0-403c-a7ee-524034694c23,6d6a9836-5aa1-4a49-85ec-be4e80ad76fd,CCL Products (India) Ltd.,INE421D01022,,,176391.0,757.16,INR,2.02,,,,{},2026-08-22 01:59:29.130064+00:00
a95309a5-b014-48e2-bd68-5c0ab6741dcf,e52aceb7-9bc0-403c-a7ee-524034694c23,e2060f2d-1cb5-4c1b-bcca-92d7ba75847c,5.63% CGL 12-APR-26,IN0020210012,,,1000000.0,993.64,INR,1.5,,,,{},2026-08-22 01:59:29.130064+00:00
4071aa27-0492-4cf2-960d-bb4157937dea,e52aceb7-9bc0-403c-a7ee-524034694c23,fa3856a1-9896-4d3c-b56a-2e642d948d6f,8.16% State Government of Rajasthan 09-MAY-28,IN2920180030,,,2500000.0,2677.77,INR,4.05,,,,{},2026-08-22 01:59:29.130064+00:00
319e274c-bceb-4821-8065-e88a0c2b0ea7,e52aceb7-9bc0-403c-a7ee-524034694c23,d9250aa7-2045-4017-9e91-7f4aba7dd056,8.00% State Government of Kerala 11-APR-28,IN2020180013,,,2500000.0,2657.12,INR,4.02,,,,{},2026-08-22 01:59:29.130064+00:00
4036ab64-b41b-48c8-9577-43920542ab2c,e52aceb7-9bc0-403c-a7ee-524034694c23,ad2be60a-faa0-4c52-9cc0-e5a64a2517d4,7.92% State Government of Uttar Pradesh 24-JAN-28,IN3320170175,,,2500000.0,2652.15,INR,4.01,,,,{},2026-08-22 01:59:29.130064+00:00
80578308-29af-445f-9af0-25d053ae77e4,e52aceb7-9bc0-403c-a7ee-524034694c23,2c3192c9-bfca-45c0-b42f-b88b9d46b681,6.99% State Government of Telangana 10-JUN-28,IN4520200093,,,2500000.0,2534.19,INR,3.83,,,,{},2026-08-22 01:59:29.130064+00:00
778f5604-7d66-4b0f-8bd7-e84636e0fff8,e52aceb7-9bc0-403c-a7ee-524034694c23,264f0af2-ba49-4183-a61f-df10d956401f,7.88% State Government of Madhya Pradesh 24-JAN-28,IN2120170070,,,2000000.0,2115.77,INR,3.2,,,,{},2026-08-22 01:59:29.130064+00:00
403bf12c-7950-4e75-ae78-17b9b622b4f7,e52aceb7-9bc0-403c-a7ee-524034694c23,f520a98d-5478-4d94-a8a5-b29b3f567193,8.43% State Government of Punjab 05-DEC-28,IN2820180114,,,1500000.0,1635.06,INR,2.47,,,,{},2026-08-22 01:59:29.130064+00:00
cae8a8f5-2a77-4a17-abb2-dd3803159df4,e52aceb7-9bc0-403c-a7ee-524034694c23,81777fe6-b2d0-41cc-8366-03e2d4e7cfa0,8.42% State Government of Madhya Pradesh 08-AUG-28,IN2120180053,,,1500000.0,1627.93,INR,2.46,,,,{},2026-08-22 01:59:29.130064+00:00
f2ea5a25-fae2-45ea-a162-f85023959d89,e52aceb7-9bc0-403c-a7ee-524034694c23,3f163fa1-ed3a-4919-86ce-df1f8cd59e16,8.34% State Government of Punjab 30-MAY-28,IN2820180049,,,1500000.0,1620.89,INR,2.45,,,,{},2026-08-22 01:59:29.130064+00:00
a7c84741-84d6-4bb2-924c-53c91b20bc03,e52aceb7-9bc0-403c-a7ee-524034694c23,d31edc8f-4e00-4b2b-a0ba-6a64183de2b0,8.08% State Government of Maharashtra 26-DEC-28,IN2220180052,,,1500000.0,1611.33,INR,2.44,,,,{},2026-08-22 01:59:29.130064+00:00
2bdb2d91-6cf6-4a1a-840b-b49f9cf90889,e52aceb7-9bc0-403c-a7ee-524034694c23,c47e5d63-0cad-4489-817c-f3c3aab6ee11,8.08% State Government of Tamil Nadu 26-DEC-28,IN3120180200,,,1500000.0,1611.19,INR,2.44,,,,{},2026-08-22 01:59:29.130064+00:00
fb20dbfe-0c46-4843-a2ee-132fa72dd867,e52aceb7-9bc0-403c-a7ee-524034694c23,3620f59c-67fa-42f2-9ecd-9a6283d2f449,6.98% State Government of Telangana 22-APR-28,IN4520200044,,,1500000.0,1519.29,INR,2.3,,,,{},2026-08-22 01:59:29.130064+00:00
24e183e2-232c-4793-8b1f-0dc1ee8d8535,e52aceb7-9bc0-403c-a7ee-524034694c23,9c269764-d96e-4e09-851f-3a64a0a821cf,8.43% State Government of Goa 13-MAR-29,IN1420180151,,,1000000.0,1088.76,INR,1.65,,,,{},2026-08-22 01:59:29.130064+00:00
6c7d9ea0-cd6c-4ef8-838d-9f69a7304278,e52aceb7-9bc0-403c-a7ee-524034694c23,f24df0f4-8086-4996-b34d-5bdbe292d643,8.45% State Government of Uttar Pradesh 27-FEB-29,IN3320180166,,,1000000.0,1088.28,INR,1.65,,,,{},2026-08-22 01:59:29.130064+00:00
3dc35bc4-0852-4b9b-9970-bbb615ab7d89,e52aceb7-9bc0-403c-a7ee-524034694c23,f473af19-e966-4012-a813-c9f9d2cd9f2e,8.37% State Government of Madhya Pradesh 05-DEC-28,IN2120180095,,,1000000.0,1085.9,INR,1.64,,,,{},2026-08-22 01:59:29.130064+00:00
9094b7af-2efd-4c71-8ba8-3ee0c99fe54e,e52aceb7-9bc0-403c-a7ee-524034694c23,c872d7fe-11cb-4189-9161-2dd1d813185e,8.41% State Government of Kerala 06-JUN-28,IN2020180047,,,1000000.0,1084.72,INR,1.64,,,,{},2026-08-22 01:59:29.130064+00:00
4d9452bc-6f48-4910-bd99-68f04c19a1b3,e52aceb7-9bc0-403c-a7ee-524034694c23,6e35da6d-fb6e-494a-820f-8fee0099a94c,8.20% State Government of Uttarakhand 09-MAY-28,IN3620180023,,,1000000.0,1072.94,INR,1.62,,,,{},2026-08-22 01:59:29.130064+00:00
06ab6e2b-67e2-4040-bda5-42b3f0e0d9a1,e52aceb7-9bc0-403c-a7ee-524034694c23,e035d739-ab32-4733-885e-b84850fdf441,8.15% State Government of Tamil Nadu 09-MAY-28,IN3120180036,,,1000000.0,1072.21,INR,1.62,,,,{},2026-08-22 01:59:29.130064+00:00
4d37ee94-bff3-4f33-bbde-83436013a513,e52aceb7-9bc0-403c-a7ee-524034694c23,f4b20ea5-4260-4b50-8bf9-a3aba097c864,7.99% State Government of Punjab 11-APR-28,IN2820180015,,,1000000.0,1062.01,INR,1.61,,,,{},2026-08-22 01:59:29.130064+00:00
851e1ba4-540e-480c-b017-9da87800b867,e52aceb7-9bc0-403c-a7ee-524034694c23,78b0b08a-02fa-407d-84e5-24954b14de4f,8.65% State Government of Rajasthan 03-OCT-28,IN2920180212,,,500000.0,550.14,INR,0.83,,,,{},2026-08-22 01:59:29.130064+00:00
02b02ff3-23c9-4163-aca5-94853ea1fc93,e52aceb7-9bc0-403c-a7ee-524034694c23,f41be2c5-1a72-4400-b4d0-c4d3564e2c9c,8.63% State Government of Rajasthan 03-SEP-28,IN2920180188,,,500000.0,549.13,INR,0.83,,,,{},2026-08-22 01:59:29.130064+00:00
cce434c8-2e30-4edc-9b7a-77a7b4be4f84,e52aceb7-9bc0-403c-a7ee-524034694c23,e02564c0-2b08-4329-a589-d171e9f51618,8.53% State Government of Gujarat 20-NOV-28,IN1520180192,,,500000.0,548.49,INR,0.83,,,,{},2026-08-22 01:59:29.130064+00:00
f682f649-b376-46c3-a93e-5822fe2dbcc3,e52aceb7-9bc0-403c-a7ee-524034694c23,a00a1bd2-e199-4a95-84df-873f3a720ab5,8.49% State Government of Uttarakhand 21-AUG-28,IN3620180106,,,500000.0,545.14,INR,0.82,,,,{},2026-08-22 01:59:29.130064+00:00
b3da18f1-b710-4451-910e-3b5f16244244,e52aceb7-9bc0-403c-a7ee-524034694c23,a18b45d0-a391-4d79-bb9e-2b295dc8961f,8.43% State Government of Uttar Pradesh 06-MAR-29,IN3320180174,,,500000.0,543.7,INR,0.82,,,,{},2026-08-22 01:59:29.130064+00:00
bdbb18f3-19de-4ba7-8fee-6836f56c0542,e52aceb7-9bc0-403c-a7ee-524034694c23,13a56acf-f745-4ba2-ae63-b429285aa505,8.45% State Government of Uttar Pradesh 27-JUN-28,IN3320180034,,,500000.0,543.62,INR,0.82,,,,{},2026-08-22 01:59:29.130064+00:00
1d4869a6-4af3-4e9c-87c0-95db564dfb7e,e52aceb7-9bc0-403c-a7ee-524034694c23,d6a472f1-6d72-4fd5-ac3c-37b7900b2d80,8.39% State Government of Uttar Pradesh 13-MAR-29,IN3320180182,,,500000.0,542.66,INR,0.82,,,,{},2026-08-22 01:59:29.130064+00:00
62966ac3-7dc3-4142-bfb4-b4ad3127c6d1,e52aceb7-9bc0-403c-a7ee-524034694c23,038bc34c-5df2-42f4-8975-2b3410176ae9,8.34% State Government of Tamil Nadu 28-FEB-28,IN3120170136,,,500000.0,542.1,INR,0.82,,,,{},2026-08-22 01:59:29.130064+00:00
ca45374c-2952-4f19-92b4-ffa50bc7c944,e52aceb7-9bc0-403c-a7ee-524034694c23,1f79ce56-fe57-433b-b355-46283aa00dcc,8.28% State Government of Gujarat 20-FEB-29,IN1520180291,,,500000.0,540.79,INR,0.82,,,,{},2026-08-22 01:59:29.130064+00:00
34ec6b3c-4167-4106-92cf-27d8330905f2,e52aceb7-9bc0-403c-a7ee-524034694c23,4b423ca9-2df7-4326-9fbd-858f77c711c0,8.33% State Government of Kerala 30-MAY-28,IN2020180039,,,500000.0,540.21,INR,0.82,,,,{},2026-08-22 01:59:29.130064+00:00
17269c5f-3687-4172-8ffa-5b35711b609d,e52aceb7-9bc0-403c-a7ee-524034694c23,0bf3a8c0-a3b3-4001-9ddb-228afad6f734,8.28% State Government of Tamil Nadu 21-FEB-28,IN3120170128,,,500000.0,539.83,INR,0.82,,,,{},2026-08-22 01:59:29.130064+00:00
e58efde8-fffe-4c1b-94ac-f5e173a7a7a0,e52aceb7-9bc0-403c-a7ee-524034694c23,234755ab-1a5b-45c8-90cd-e70a4e1831c9,8.31% State Government of Jharkhand 13-FEB-29,IN3720180063,,,500000.0,539.8,INR,0.82,,,,{},2026-08-22 01:59:29.130064+00:00
b20242c8-9b23-425b-a510-898ac904742b,e52aceb7-9bc0-403c-a7ee-524034694c23,17ca1978-a377-4503-a437-f24068ffd3b5,8.18% State Government of Tamil Nadu 19-DEC-28,IN3120180192,,,500000.0,539.43,INR,0.82,,,,{},2026-08-22 01:59:29.130064+00:00
16ea2854-9838-4bf2-ab67-7f51e9a2eea3,e52aceb7-9bc0-403c-a7ee-524034694c23,fe6c54c3-ef31-439c-b41d-4eff78aa195a,8.29% State Government of Haryana 14-MAR-28,IN1620170150,,,500000.0,539.37,INR,0.82,,,,{},2026-08-22 01:59:29.130064+00:00
6fe74a00-6aaa-4029-a43e-975cb7014d01,e52aceb7-9bc0-403c-a7ee-524034694c23,8eb306f2-1db2-4797-b760-c5a4a335411a,8.25% State Government of Tamil Nadu 02-JAN-29,IN3120180218,,,500000.0,539.29,INR,0.82,,,,{},2026-08-22 01:59:29.130064+00:00
18fb93df-57d0-4b45-a021-a7c6fb065da2,e52aceb7-9bc0-403c-a7ee-524034694c23,ce4a005d-8903-4b24-8f34-acfa7e5c426e,8.21% State Government of West Bengal 23-JAN-29,IN3420180124,,,500000.0,537.08,INR,0.81,,,,{},2026-08-22 01:59:29.130064+00:00
430b1a9c-b9fd-4dc7-afea-21b8d0c76aeb,e52aceb7-9bc0-403c-a7ee-524034694c23,2ebc2ba9-2730-494d-bc4c-d200a8bbbbc8,8.08% State Government of Gujarat 26-DEC-28,IN1520180234,,,500000.0,537.01,INR,0.81,,,,{},2026-08-22 01:59:29.130064+00:00
38aa6c01-cea5-47e6-80f6-425059fb1c9b,e52aceb7-9bc0-403c-a7ee-524034694c23,ff65d878-098e-46d0-a063-31c5e525d6fc,8.20% State Government of Jammu and Kashmir 30-JAN-29,IN1820180108,,,500000.0,536.85,INR,0.81,,,,{},2026-08-22 01:59:29.130064+00:00
f8d0ce91-ca3e-41db-9512-a0850c34b85f,e52aceb7-9bc0-403c-a7ee-524034694c23,ed8183f2-eca0-46be-8cf9-8bd9530a3e79,8.13% State Government of Rajasthan 27-MAR-28,IN2920170205,,,500000.0,536.47,INR,0.81,,,,{},2026-08-22 01:59:29.130064+00:00
6927b9a5-2975-42f7-b19a-e08af56592e1,e52aceb7-9bc0-403c-a7ee-524034694c23,49551f5a-b7c0-40e6-b730-c9a64523a61a,8.19% State Government of Odisha 09-MAY-28,IN2720180032,,,500000.0,536.32,INR,0.81,,,,{},2026-08-22 01:59:29.130064+00:00
0d4e0985-34b8-4fb7-bdbd-fe776a5aa273,e52aceb7-9bc0-403c-a7ee-524034694c23,d0e5eec5-f73f-44f1-86b2-d1624088648b,7.86% State Government of Haryana 27-DEC-27,IN1620170101,,,500000.0,534.82,INR,0.81,,,,{},2026-08-22 01:59:29.130064+00:00
f88f07b2-421f-482e-99fd-aef060e8cccd,e52aceb7-9bc0-403c-a7ee-524034694c23,7154ed82-c504-40c3-9e17-0b84e3a8f9eb,8.09% State Government of West Bengal 27-MAR-28,IN3420170216,,,500000.0,534.79,INR,0.81,,,,{},2026-08-22 01:59:29.130064+00:00
93d393c6-9f2e-45f4-b1c1-73918afac3eb,e52aceb7-9bc0-403c-a7ee-524034694c23,48b9b0aa-fd69-495f-a4dc-b40c5c3f4cf9,8.11% State Government of Chhattisgarh 31-JAN-28,IN3520170041,,,500000.0,534.49,INR,0.81,,,,{},2026-08-22 01:59:29.130064+00:00
b5bfba13-244c-47c8-9d5a-a5bc1419aefb,e52aceb7-9bc0-403c-a7ee-524034694c23,97229e64-e50a-4eca-8ce7-ca0dd60dfe0b,8.05% State Government of Tamil Nadu 18-APR-28,IN3120180010,,,500000.0,533.56,INR,0.81,,,,{},2026-08-22 01:59:29.130064+00:00
50e3cde9-7f4b-4486-b957-7738002ae0b2,e52aceb7-9bc0-403c-a7ee-524034694c23,60b0284e-3305-4243-a323-c7c0865e963a,7.98% State Government of Uttar Pradesh 11-APR-28,IN3320180018,,,500000.0,530.8,INR,0.8,,,,{},2026-08-22 01:59:29.130064+00:00
a5a164b4-cc9d-411a-9f04-9a407016bcf8,e52aceb7-9bc0-403c-a7ee-524034694c23,bd8f9da0-effc-4858-b46a-39ada38e0ef8,7.97% State Government of Assam 18-APR-28,IN1220180021,,,500000.0,530.66,INR,0.8,,,,{},2026-08-22 01:59:29.130064+00:00
c0ccc188-f18a-4a5f-8a7d-2b136b3eeb47,e52aceb7-9bc0-403c-a7ee-524034694c23,9e316776-a475-4590-9517-e33a6bc2f83f,7.65% State Government of Karnataka 06-DEC-27,IN1920170108,,,500000.0,529.54,INR,0.8,,,,{},2026-08-22 01:59:29.130064+00:00
fa187b1c-f3cb-482e-8065-9e3a22ccd32f,e52aceb7-9bc0-403c-a7ee-524034694c23,9f1b7545-a465-4dc7-a725-61f8b82583f0,7.53% State Government of West Bengal 22-NOV-27,IN3420170117,,,500000.0,525.58,INR,0.79,,,,{},2026-08-22 01:59:29.130064+00:00
40695625-ee4e-4787-b2f8-dbb3d22c507c,e52aceb7-9bc0-403c-a7ee-524034694c23,b433f169-0578-40bb-a0f8-a44d883a5373,7.32% State Government of West Bengal 26-JUN-29,IN3420190016,,,500000.0,512.23,INR,0.77,,,,{},2026-08-22 01:59:29.130064+00:00
756e59fc-dd3e-49ef-896e-fd9dce415a57,e52aceb7-9bc0-403c-a7ee-524034694c23,257bf0f2-387d-4007-9f98-b3b78e2cf14c,7.15% State Government of Karnataka 09-OCT-28,IN1920190056,,,500000.0,511.53,INR,0.77,,,,{},2026-08-22 01:59:29.130064+00:00
389337cc-48b6-408c-9f3a-971dd34e0721,e52aceb7-9bc0-403c-a7ee-524034694c23,c15dfc2c-43b4-43f1-9fca-d4e51c56ba90,7.24% State Government of Haryana 18-MAR-29,IN1620190190,,,500000.0,511.12,INR,0.77,,,,{},2026-08-22 01:59:29.130064+00:00
86d26054-59b2-4338-bf62-1fc0e749d789,e52aceb7-9bc0-403c-a7ee-524034694c23,a0c09eae-22a3-43c0-b46b-1d51362348c5,7.11% State Government of Tamil Nadu 31-JUL-29,IN3120190068,,,500000.0,507.57,INR,0.77,,,,{},2026-08-22 01:59:29.130064+00:00
b317c079-fef1-45b0-99b5-fecb04753495,e52aceb7-9bc0-403c-a7ee-524034694c23,d49f6a1e-5649-4b64-bea9-862decc5d63d,7.13% State Government of Kerala 10-JUL-29,IN2020190103,,,500000.0,507.05,INR,0.77,,,,{},2026-08-22 01:59:29.130064+00:00
f7fa2f0a-a30c-49cf-99a3-ac33a09b98c0,e52aceb7-9bc0-403c-a7ee-524034694c23,f33a720e-2c7c-45f6-a0c0-7956fac9dafb,7.09% State Government of Goa 28-AUG-29,IN1420190085,,,500000.0,506.59,INR,0.77,,,,{},2026-08-22 01:59:29.130064+00:00
8dfce345-9aa2-4ff2-8a61-3ae927f69756,e52aceb7-9bc0-403c-a7ee-524034694c23,1dc672b5-f8c5-4569-bfa1-2f73345b4850,6.79% State Government of West Bengal 30-JUN-28,IN3420210046,,,500000.0,501.02,INR,0.76,,,,{},2026-08-22 01:59:29.130064+00:00
7a37b25f-8bc5-4c8e-8cf1-300c0c3b0448,e52aceb7-9bc0-403c-a7ee-524034694c23,5aee43ec-dbf6-48c3-b116-ea759f774a0a,6.53% State Government of Chhattisgarh 15-SEP-28,IN3520210037,,,500000.0,494.15,INR,0.75,,,,{},2026-08-22 01:59:29.130064+00:00
ecdc39ef-ac4f-4f2c-8527-c80362c50103,e52aceb7-9bc0-403c-a7ee-524034694c23,ed0d651c-f1e2-456a-b4a4-d978b8512f71,4.90% HDFC Bank Ltd. (Duration 368 Days),,,,,100.0,INR,0.15,,,,{},2026-08-22 01:59:29.130064+00:00
faf48041-d4d6-4923-87e1-7052ace089a8,e52aceb7-9bc0-403c-a7ee-524034694c23,db0d7661-c893-4b7c-b484-d4c055a0ccc9,5.10% Axis Bank Ltd. (Duration 367 Days),,,,,100.0,INR,0.15,,,,{},2026-08-22 01:59:29.130064+00:00
30a5e84d-da36-43bc-b0db-7759918e5c61,e52aceb7-9bc0-403c-a7ee-524034694c23,8be32bd8-141c-4d09-b83a-7acc551aed7f,HDFC Bank Ltd.,INE040A01026,,,859653.0,19152.64,INR,9.27,,,,{},2026-08-22 02:00:39.437060+00:00
76c378fc-ea01-4b32-8d3c-c354130a8a78,e52aceb7-9bc0-403c-a7ee-524034694c23,84a6f627-d48a-48e9-910b-5cc45b5225ba,Zydus Wellness Ltd.,INE768C01010,,,402518.0,6634.1,INR,3.21,,,,{},2026-08-22 02:00:39.437060+00:00
f1aa22ef-d8df-4538-a2b5-2f7505c3ba83,e52aceb7-9bc0-403c-a7ee-524034694c23,67dec989-26f0-4b94-8d0c-79150276843b,Maharashtra Scooters Ltd.,INE288A01013,,,96891.0,3706.9,INR,1.79,,,,{},2026-08-22 02:00:39.437060+00:00
85fd9f55-e39a-4b4f-b1f5-151626c0fdb7,e52aceb7-9bc0-403c-a7ee-524034694c23,236ac32f-914e-4afc-a4e8-4be5a8540e97,Mahindra Holidays & Resorts India Ltd.,INE998I01010,,,1481211.0,3208.3,INR,1.55,,,,{},2026-08-22 02:00:39.437060+00:00
32e754ec-4a49-426f-ae7b-9f1c3b47943f,e52aceb7-9bc0-403c-a7ee-524034694c23,13134189-10b4-4055-b817-27c877cfd2ce,Indraprastha Gas Ltd.,INE203G01027,,,679868.0,2281.98,INR,1.1,,,,{},2026-08-22 02:00:39.437060+00:00
b51daeaa-d1df-4c58-8734-a2da783c7b5c,e52aceb7-9bc0-403c-a7ee-524034694c23,a4ae452d-ef12-49db-9b6e-d4b33b566575,Housing Development Finance Corporation Ltd.,INE001A01036,,,411500.0,8914.94,INR,4.31,,,,{},2026-08-22 02:00:39.437060+00:00
5d3c2455-62b9-4209-b955-7fe8ae0e6983,e52aceb7-9bc0-403c-a7ee-524034694c23,93af556b-4c22-4662-b676-048babe54cca,Tata Steel Ltd.,INE081A01012,,,906094.0,3125.12,INR,1.51,,,,{},2026-08-22 02:00:39.437060+00:00
255dac13-af8d-4c54-bd6e-e166404ebebe,e52aceb7-9bc0-403c-a7ee-524034694c23,d00fdcd7-814c-445b-adfb-53ac1bc77e07,State Bank of India,INE062A01020,,,786000.0,2152.46,INR,1.04,,,,{},2026-08-22 02:00:39.437060+00:00
df8fd098-20fe-4777-a8f4-3526bac3db1b,e52aceb7-9bc0-403c-a7ee-524034694c23,d248269d-24f7-41ac-9783-2c952ca9b8a0,Century Textiles & Industries Ltd.,INE055A01016,,,221400.0,1885.33,INR,0.91,,,,{},2026-08-22 02:00:39.437060+00:00
44946691-b9d6-49fa-8626-b7e774abfaf2,e52aceb7-9bc0-403c-a7ee-524034694c23,9fd1bdaf-1907-4cc6-ab30-666b7636f8a9,Alphabet Inc.,US02079K1079,,,25536.0,21766.91,INR,10.53,,,,{},2026-08-22 02:00:39.437060+00:00
ddb6b5e4-def3-4643-8c86-54b466893a08,e52aceb7-9bc0-403c-a7ee-524034694c23,72002026-4689-4be5-9e46-6a190d68d2df,Facebook Inc,US30303M1027,,,77468.0,10272.79,INR,4.97,,,,{},2026-08-22 02:00:39.437060+00:00
9a01436e-29b8-44d2-948c-5169b990dede,e52aceb7-9bc0-403c-a7ee-524034694c23,cdb43e24-1565-4149-aad4-0f5d22ad501d,3M Co,US88579Y1010,,,29908.0,3427.22,INR,1.66,,,,{},2026-08-22 02:00:39.437060+00:00
e13b6561-fc42-4aea-8569-2d3ba2a1aeb3,e52aceb7-9bc0-403c-a7ee-524034694c23,a867b7d6-a4b9-4827-8df7-e05b03b7f35a,Suzuki Motor Corporation,US86959X1072,,,91485.0,10267.71,INR,4.97,,,,{},2026-08-22 02:00:39.437060+00:00
3414355e-d705-4db5-8d6f-a37db3ef8b0f,e52aceb7-9bc0-403c-a7ee-524034694c23,3bde3cf3-d7bd-40fc-b8b2-f0529314dfbd,Nestle India Ltd.,US6410694060,,,74580.0,5956.17,INR,2.88,,,,{},2026-08-22 02:00:39.437060+00:00
ab073635-6fa5-4678-a764-1ea1da403d92,e52aceb7-9bc0-403c-a7ee-524034694c23,b2dc05c2-400f-47ae-b72b-79fd35feb41b,6.20% HDFC Bank Ltd. (Duration 91 Days),,,,,275.0,INR,0.13,,,,{},2026-08-22 02:00:39.437060+00:00
9207c101-99a7-446e-a4c5-f994ee9ab47d,e52aceb7-9bc0-403c-a7ee-524034694c23,b5cacf44-245c-4e14-85dd-c9c5ee2fd0fc,5.75% HDFC Bank Ltd. (Duration 91 Days),,,,,1647.0,INR,0.8,,,,{},2026-08-22 02:00:39.437060+00:00
542a9ca8-6eda-4b71-8914-b58c125e462e,e52aceb7-9bc0-403c-a7ee-524034694c23,c78fc8bb-7078-47cd-b387-76f3d8cffc80,6.30% HDFC Bank Ltd. (Duration 91 Days),,,,,852.99,INR,0.41,,,,{},2026-08-22 02:00:39.437060+00:00
4017bc74-70b2-4ede-8ec3-4bb06ceec432,e52aceb7-9bc0-403c-a7ee-524034694c23,f35d9226-8d41-405e-a0b5-d528b88538bf,6.25% HDFC Bank Ltd. (Duration 91 Days),,,,,100.0,INR,0.05,,,,{},2026-08-22 02:00:39.437060+00:00
2a25c81d-3778-4ade-81f2-85cc8d7e4a13,e52aceb7-9bc0-403c-a7ee-524034694c23,01a925d3-85b6-4aee-bf2c-f987bae5cb3a,8.22% State Government of Tamil Nadu 07-Oct-2019,IN3120090037,,,1500000.0,1503.84,INR,4.98,,,,{},2026-08-22 02:00:39.437060+00:00
858d2e89-a3b8-4928-a25e-a91233bd50e7,e52aceb7-9bc0-403c-a7ee-524034694c23,eb24a6c3-2835-4a89-9e56-36e817c0c5e0,8.11% State Government of Rajasthan 11-Nov-2019,IN2920090106,,,1000000.0,1004.77,INR,3.33,,,,{},2026-08-22 02:00:39.437060+00:00
660b6037-e909-483e-a805-dd8fee7b90a3,e52aceb7-9bc0-403c-a7ee-524034694c23,27078605-58e3-4269-a023-e926982b0a71,9.06% State Government of Punjab 10-Sep-2019,IN2820140092,,,500000.0,500.38,INR,1.66,,,,{},2026-08-22 02:00:39.437060+00:00
e9f6f73e-b7ff-40d2-88c3-a549470cd3dd,e52aceb7-9bc0-403c-a7ee-524034694c23,c0f24252-f713-44c2-85d2-883718258463,Indian Oil Corporation Ltd. 09-Sep-2019,INE242A14MO9,,,100.0,499.41,INR,1.65,,,,{},2026-08-22 02:00:39.437060+00:00
80ca0e65-4db9-413a-bbd0-3e9ac2f0e143,e52aceb7-9bc0-403c-a7ee-524034694c23,2a94b540-72a2-41df-9f9a-98a3ac27839c,NTPC Ltd. 25-Oct-2019,INE733E14484,,,100.0,495.97,INR,1.64,,,,{},2026-08-22 02:00:39.437060+00:00
024fdd68-d31f-4f37-9519-11ce93a806e9,e52aceb7-9bc0-403c-a7ee-524034694c23,5b975c14-3678-4f4d-83d3-cc2be7eafe47,Housing Development Finance Corporation Ltd. 31-Oct-2019,INE001A14VG6,,,100.0,495.4,INR,1.64,,,,{},2026-08-22 02:00:39.437060+00:00
826beca0-8dde-45b3-9bd6-76b0641183a1,e52aceb7-9bc0-403c-a7ee-524034694c23,0e67f84c-390c-4efd-9e74-8c431cd5427a,National Bank for Agriculture and Rural Development 07-Nov-2019,INE261F14GC5,,,100.0,494.96,INR,1.64,,,,{},2026-08-22 02:00:39.437060+00:00
9567dc61-7b84-455e-906f-06707837a910,e52aceb7-9bc0-403c-a7ee-524034694c23,e1e7fe9b-790a-4bb4-8602-c41e4a63b689,Axis Bank Ltd. 17-Sep-2019,INE238A163O3,,,500.0,498.82,INR,1.65,,,,{},2026-08-22 02:00:39.437060+00:00
fde434d9-28a1-4c23-81ed-6e17682c6543,e52aceb7-9bc0-403c-a7ee-524034694c23,80717a4b-aa1f-454b-b936-a1b8e660c665,364 DAY T-BILL 10-Oct-2019,IN002018Z281,,,3500000.0,3480.14,INR,11.53,,,,{},2026-08-22 02:00:39.437060+00:00
eca227f5-0720-4408-aec0-482410fd77ff,e52aceb7-9bc0-403c-a7ee-524034694c23,0edae78e-6437-4509-80c6-6ef04e953af7,364 DAY T-BILL 08-Nov-2019,IN002018Z323,,,3500000.0,3465.43,INR,11.48,,,,{},2026-08-22 02:00:39.437060+00:00
02560ed6-81a1-4fd0-b2b9-ba62a8eeac4b,e52aceb7-9bc0-403c-a7ee-524034694c23,95a8bdc5-3ab0-46a2-80eb-482b95a65746,91 DAY T-BILL 15-Nov-2019,IN002019X201,,,2000000.0,1978.25,INR,6.55,,,,{},2026-08-22 02:00:39.437060+00:00
7698b55b-1d93-4f93-af9f-55dd3c8f1773,e52aceb7-9bc0-403c-a7ee-524034694c23,057aae78-fadd-49e5-8502-556e41000879,91 DAY T-BILL 12-Sep-2019,IN002019X110,,,1500000.0,1497.59,INR,4.96,,,,{},2026-08-22 02:00:39.437060+00:00
04a62588-81fa-46e6-bc9b-92c207f1eabf,e52aceb7-9bc0-403c-a7ee-524034694c23,7c653437-1bf1-4bb1-9394-4e0a53c776c7,91 DAY T-BILL 26-Sep-2019,IN002019X136,,,1500000.0,1494.6,INR,4.95,,,,{},2026-08-22 02:00:39.437060+00:00
d0798543-fb3b-4a3e-8dfe-7b5960e49367,e52aceb7-9bc0-403c-a7ee-524034694c23,52838fb9-8ee9-439c-9128-74f98efb61bd,Bajaj Auto Ltd.,INE917I01010,,,53439.0,2157.87,INR,2.25,,,,{},2026-08-21 22:27:38.662887+00:00
23979082-94bc-4192-bec1-8ef14f32b7a1,e52aceb7-9bc0-403c-a7ee-524034694c23,cbcdc34e-f788-4408-b681-54dac8af2f41,Power Grid Corporation of India Ltd.,INE752E01010,,,923670.0,2106.43,INR,2.2,,,,{},2026-08-21 22:27:38.662887+00:00
b346010b-bb99-41d8-81b1-d8ee972108f6,e52aceb7-9bc0-403c-a7ee-524034694c23,e6df5e4a-42ac-4d7f-8636-c26f40267c6f,Coal India Ltd.,INE522F01014,,,933630.0,2069.39,INR,2.16,,,,{},2026-08-21 22:27:38.662887+00:00
f4a90fe6-d88a-4646-b850-21d976a82c69,e52aceb7-9bc0-403c-a7ee-524034694c23,1b8843ee-d410-41aa-ad57-30c483105f59,ITC Ltd.,INE154A01025,,,626420.0,1932.82,INR,2.02,,,,{},2026-08-21 22:27:38.662887+00:00
0832ad5f-1e6a-42ce-b8a0-ba9946fcdc22,e52aceb7-9bc0-403c-a7ee-524034694c23,dbe153fd-f032-4b2e-96a6-a705f2a31da8,Indian Railway Finance Corporation Ltd.,INE053F01010,,,9010598.0,1923.76,INR,2.01,,,,{},2026-08-21 22:27:38.662887+00:00
f39cfc4b-99f4-41f9-80e5-045cc07c2b4c,e52aceb7-9bc0-403c-a7ee-524034694c23,8ca7f48e-19f2-4f14-89dd-3333d8c4d638,Petronet LNG Ltd.,INE347G01014,,,857390.0,1834.81,INR,1.91,,,,{},2026-08-21 22:27:38.662887+00:00
e43862c5-2ada-4cbe-83c2-961164b18546,e52aceb7-9bc0-403c-a7ee-524034694c23,33975a76-ffc3-4f47-973d-7494cb6cb1a9,Brookfield India Real Estate Trust,INE0FDU25010,,,1103303.0,3726.07,INR,3.89,,,,{},2026-08-21 22:27:38.662887+00:00
a1439708-5de0-4873-813b-d3244e44f8b7,e52aceb7-9bc0-403c-a7ee-524034694c23,8c797020-7448-4368-b3b5-82cac8b22174,Embassy Office Parks Reit,INE041025011,,,546365.0,2054.06,INR,2.14,,,,{},2026-08-21 22:27:38.662887+00:00
922833f5-5260-4dd0-92a3-8a2b301d6132,e52aceb7-9bc0-403c-a7ee-524034694c23,79eeb020-8562-4223-aad7-9005c050861a,Mindspace Business Parks Reit,INE0CCU25019,,,493139.0,1824.07,INR,1.9,,,,{},2026-08-21 22:27:38.662887+00:00
d4da303e-14b2-4345-82eb-dd826374c95f,e52aceb7-9bc0-403c-a7ee-524034694c23,b2930857-f28c-43b4-8ea2-562fd80980b7,India Grid Trust,INE219X07215,,,50000.0,492.73,INR,0.51,,,,{},2026-08-21 22:27:38.662887+00:00
3801f8d4-05c7-4395-a34c-a3c090ad1da1,e52aceb7-9bc0-403c-a7ee-524034694c23,899cf192-3816-425a-a5c9-78d004e76ba8,5.74% Government of India 15-NOV-2026,IN0020210186,,,1000000.0,958.55,INR,1.0,,,,{},2026-08-21 22:27:38.662887+00:00
f6ca0b99-336c-47b5-88d9-31b3f2950817,e52aceb7-9bc0-403c-a7ee-524034694c23,d9250aa7-2045-4017-9e91-7f4aba7dd056,8.00% State Government of Kerala 11-APR-2028,IN2020180013,,,3000000.0,3072.69,INR,3.21,,,,{},2026-08-21 22:27:38.662887+00:00
ff6c2cb1-03a9-4845-9473-d7ba90fd7624,e52aceb7-9bc0-403c-a7ee-524034694c23,2c3192c9-bfca-45c0-b42f-b88b9d46b681,6.99% State Government of Telangana 10-JUN-2028,IN4520200093,,,3000000.0,2939.3,INR,3.07,,,,{},2026-08-21 22:27:38.662887+00:00
8fcc8990-f1ce-42a2-a3b2-75b2b5809faf,e52aceb7-9bc0-403c-a7ee-524034694c23,fa3856a1-9896-4d3c-b56a-2e642d948d6f,8.16% State Government of Rajasthan 09-MAY-2028,IN2920180030,,,2500000.0,2575.94,INR,2.69,,,,{},2026-08-21 22:27:38.662887+00:00
a7cd818a-6fa2-4d7a-8416-44c93a6c1b7b,e52aceb7-9bc0-403c-a7ee-524034694c23,ad2be60a-faa0-4c52-9cc0-e5a64a2517d4,7.92% State Government of Uttar Pradesh 24-JAN-2028,IN3320170175,,,2500000.0,2549.86,INR,2.66,,,,{},2026-08-21 22:27:38.662887+00:00
6153434f-218a-4352-90e2-42cf35443782,e52aceb7-9bc0-403c-a7ee-524034694c23,3f163fa1-ed3a-4919-86ce-df1f8cd59e16,8.34% State Government of Punjab 30-MAY-2028,IN2820180049,,,2000000.0,2081.02,INR,2.17,,,,{},2026-08-21 22:27:38.662887+00:00
4243eefc-7b32-4883-9c3e-b529f5595bae,e52aceb7-9bc0-403c-a7ee-524034694c23,264f0af2-ba49-4183-a61f-df10d956401f,7.88% State Government of Madhya Pradesh 24-JAN-2028,IN2120170070,,,2000000.0,2038.27,INR,2.13,,,,{},2026-08-21 22:27:38.662887+00:00
2dda624d-306b-4eb9-8443-c60726b28164,e52aceb7-9bc0-403c-a7ee-524034694c23,f520a98d-5478-4d94-a8a5-b29b3f567193,8.43% State Government of Punjab 05-DEC-2028,IN2820180114,,,1500000.0,1568.63,INR,1.64,,,,{},2026-08-21 22:27:38.662887+00:00
c6510063-12ba-45ad-b46e-288b487e401c,e52aceb7-9bc0-403c-a7ee-524034694c23,81777fe6-b2d0-41cc-8366-03e2d4e7cfa0,8.42% State Government of Madhya Pradesh 08-AUG-2028,IN2120180053,,,1500000.0,1566.32,INR,1.63,,,,{},2026-08-21 22:27:38.662887+00:00
5ef4ddd9-15ac-48ed-b571-b5c53c4d2d9e,e52aceb7-9bc0-403c-a7ee-524034694c23,4b423ca9-2df7-4326-9fbd-858f77c711c0,8.33% State Government of Kerala 30-MAY-2028,IN2020180039,,,1500000.0,1559.22,INR,1.63,,,,{},2026-08-21 22:27:38.662887+00:00
edfb5a7e-10e7-48d3-ab7d-2813c48dc04f,e52aceb7-9bc0-403c-a7ee-524034694c23,e035d739-ab32-4733-885e-b84850fdf441,8.15% State Government of Tamil Nadu 09-MAY-2028,IN3120180036,,,1500000.0,1548.33,INR,1.62,,,,{},2026-08-21 22:27:38.662887+00:00
b64621c6-b33f-4aa0-b309-404878256c6c,e52aceb7-9bc0-403c-a7ee-524034694c23,c47e5d63-0cad-4489-817c-f3c3aab6ee11,8.08% State Government of Tamil Nadu 26-DEC-2028,IN3120180200,,,1500000.0,1547.35,INR,1.61,,,,{},2026-08-21 22:27:38.662887+00:00
f467ad3c-942d-4ad3-a151-c6bb6c57a2ef,e52aceb7-9bc0-403c-a7ee-524034694c23,d31edc8f-4e00-4b2b-a0ba-6a64183de2b0,8.08% State Government of Maharashtra 26-DEC-2028,IN2220180052,,,1500000.0,1546.97,INR,1.61,,,,{},2026-08-21 22:27:38.662887+00:00
0b4cd3b9-840c-409d-938a-58851d65e35e,e52aceb7-9bc0-403c-a7ee-524034694c23,97229e64-e50a-4eca-8ce7-ca0dd60dfe0b,8.05% State Government of Tamil Nadu 18-APR-2028,IN3120180010,,,1500000.0,1541.82,INR,1.61,,,,{},2026-08-21 22:27:38.662887+00:00
b3760850-9ea3-484d-b1df-2429411711a9,e52aceb7-9bc0-403c-a7ee-524034694c23,3620f59c-67fa-42f2-9ecd-9a6283d2f449,6.98% State Government of Telangana 22-APR-2028,IN4520200044,,,1500000.0,1469.52,INR,1.53,,,,{},2026-08-21 22:27:38.662887+00:00
9d0880a4-39e2-4154-b16a-da268671edab,e52aceb7-9bc0-403c-a7ee-524034694c23,1dc672b5-f8c5-4569-bfa1-2f73345b4850,6.79% State Government of West Bengal 30-JUN-2028,IN3420210046,,,1500000.0,1455.36,INR,1.52,,,,{},2026-08-21 22:27:38.662887+00:00
875c4b59-dd8d-4a73-92d2-24639f4626b6,e52aceb7-9bc0-403c-a7ee-524034694c23,f24df0f4-8086-4996-b34d-5bdbe292d643,8.45% State Government of Uttar Pradesh 27-FEB-2029,IN3320180166,,,1000000.0,1048.4,INR,1.09,,,,{},2026-08-21 22:27:38.662887+00:00
e78825c2-41a1-4307-ab99-48610890d64d,e52aceb7-9bc0-403c-a7ee-524034694c23,9c269764-d96e-4e09-851f-3a64a0a821cf,8.43% State Government of Goa 13-MAR-2029,IN1420180151,,,1000000.0,1047.88,INR,1.09,,,,{},2026-08-21 22:27:38.662887+00:00
6d13d089-c83e-40bb-adbc-cc0adbbb275f,e52aceb7-9bc0-403c-a7ee-524034694c23,13a56acf-f745-4ba2-ae63-b429285aa505,8.45% State Government of Uttar Pradesh 27-JUN-2028,IN3320180034,,,1000000.0,1044.98,INR,1.09,,,,{},2026-08-21 22:27:38.662887+00:00
6ea37486-f7ff-4055-b5b8-5b7a901d6d3a,e52aceb7-9bc0-403c-a7ee-524034694c23,f473af19-e966-4012-a813-c9f9d2cd9f2e,8.37% State Government of Madhya Pradesh 05-DEC-2028,IN2120180095,,,1000000.0,1043.48,INR,1.09,,,,{},2026-08-21 22:27:38.662887+00:00
4956ecdd-31ad-4e62-ac8c-5626e210adce,e52aceb7-9bc0-403c-a7ee-524034694c23,c872d7fe-11cb-4189-9161-2dd1d813185e,8.41% State Government of Kerala 06-JUN-2028,IN2020180047,,,1000000.0,1043.29,INR,1.09,,,,{},2026-08-21 22:27:38.662887+00:00
a0171083-f426-431b-bf4d-70a7a98b0463,e52aceb7-9bc0-403c-a7ee-524034694c23,f07ed6e0-b60a-4d50-816f-455ab9cc9f8a,8.29% State Government of West Bengal 21-FEB-2028,IN3420170182,,,1000000.0,1037.93,INR,1.08,,,,{},2026-08-21 22:27:38.662887+00:00
d1a450f0-7dfa-42f7-9ddb-7e3e91df1782,e52aceb7-9bc0-403c-a7ee-524034694c23,6e35da6d-fb6e-494a-820f-8fee0099a94c,8.20% State Government of Uttarakhand 09-MAY-2028,IN3620180023,,,1000000.0,1032.32,INR,1.08,,,,{},2026-08-21 22:27:38.662887+00:00
b06916e3-be22-4afc-8afe-320738f45c4d,e52aceb7-9bc0-403c-a7ee-524034694c23,f4b20ea5-4260-4b50-8bf9-a3aba097c864,7.99% State Government of Punjab 11-APR-2028,IN2820180015,,,1000000.0,1024.32,INR,1.07,,,,{},2026-08-21 22:27:38.662887+00:00
e4d38133-e18f-40ff-bd4f-b9bb4b9c3c29,e52aceb7-9bc0-403c-a7ee-524034694c23,a9d40d5a-8fb5-4f25-bbf7-dc5f76c58a0d,7.69% State Government of Uttar Pradesh 27-JUL-2026,IN3320160192,,,1000000.0,1017.88,INR,1.06,,,,{},2026-08-21 22:27:38.662887+00:00
fe15a2e7-ec07-43c9-a9a8-7c1da1756310,e52aceb7-9bc0-403c-a7ee-524034694c23,3fa1ab39-0d89-4bfb-a06e-36b7b9a71f88,7.65% State Government of Tamil Nadu 06-DEC-2027,IN3120170094,,,1000000.0,1013.9,INR,1.06,,,,{},2026-08-21 22:27:38.662887+00:00
0d808ea1-f846-47df-a3d3-ff5ac3fae32c,e52aceb7-9bc0-403c-a7ee-524034694c23,99019db2-b8d0-4afd-9cfd-3b70e88346b1,7.64% State Government of Rajasthan 01-NOV-2027,IN2920170098,,,1000000.0,1011.95,INR,1.06,,,,{},2026-08-21 22:27:38.662887+00:00
ab5023db-de26-405a-8981-270568123393,e52aceb7-9bc0-403c-a7ee-524034694c23,b2794c63-38a8-4155-a5ba-0bc4ede31445,7.50% State Government of Telangana 15-APR-2028,IN4520200010,,,1000000.0,1002.51,INR,1.05,,,,{},2026-08-21 22:27:38.662887+00:00
53e23fa1-7255-4a33-a66d-9e683d8c7f97,e52aceb7-9bc0-403c-a7ee-524034694c23,257bf0f2-387d-4007-9f98-b3b78e2cf14c,7.15% State Government of Karnataka 09-OCT-2028,IN1920190056,,,1000000.0,986.09,INR,1.03,,,,{},2026-08-21 22:27:38.662887+00:00
e41ea206-b9fb-4c66-8e76-60bd73bdea94,e52aceb7-9bc0-403c-a7ee-524034694c23,807bc825-a7d1-45d4-9d25-209629c783f9,6.82% State Government of Bihar 14-JUL-2028,IN1320210041,,,1000000.0,969.55,INR,1.01,,,,{},2026-08-21 22:27:38.662887+00:00
ce9339c6-36cf-4b81-82dd-fe3bf9695e84,e52aceb7-9bc0-403c-a7ee-524034694c23,d35bbffe-94fa-4c3a-ac13-de960c149d45,8.73% State Government of Uttar Pradesh 10-OCT-2028,IN3320180042,,,500000.0,529.9,INR,0.55,,,,{},2026-08-21 22:27:38.662887+00:00
04db8026-5a2a-4740-8517-d457311b6d69,e52aceb7-9bc0-403c-a7ee-524034694c23,78b0b08a-02fa-407d-84e5-24954b14de4f,8.65% State Government of Rajasthan 03-OCT-2028,IN2920180212,,,500000.0,527.67,INR,0.55,,,,{},2026-08-21 22:27:38.662887+00:00
ffd838a8-1407-4e3e-af90-6ec250d916e5,e52aceb7-9bc0-403c-a7ee-524034694c23,ae3db329-57d9-4aaa-82d7-d0ef6b651e7a,8.61% State Government of Tamil Nadu 03-SEP-2027,IN3120180119,,,500000.0,527.65,INR,0.55,,,,{},2026-08-21 22:27:38.662887+00:00
c2921110-e408-4d98-980b-e565f204d601,e52aceb7-9bc0-403c-a7ee-524034694c23,155d3624-40c7-444a-9fd4-aaf940f79c44,8.61% State Government of Punjab 14-NOV-2028,IN2820180106,,,500000.0,527.13,INR,0.55,,,,{},2026-08-21 22:27:38.662887+00:00
3ea68931-6ad6-4027-844a-19b394d08f0c,e52aceb7-9bc0-403c-a7ee-524034694c23,f41be2c5-1a72-4400-b4d0-c4d3564e2c9c,8.63% State Government of Rajasthan 03-SEP-2028,IN2920180188,,,500000.0,526.93,INR,0.55,,,,{},2026-08-21 22:27:38.662887+00:00
4963c935-3bcb-4f95-9290-81f4c3a27a7a,e52aceb7-9bc0-403c-a7ee-524034694c23,e02564c0-2b08-4329-a589-d171e9f51618,8.53% State Government of Gujarat 20-NOV-2028,IN1520180192,,,500000.0,526.41,INR,0.55,,,,{},2026-08-21 22:27:38.662887+00:00
d4e73d65-bffb-43e1-9089-231965f5552f,e52aceb7-9bc0-403c-a7ee-524034694c23,78762da6-d8f7-4840-970a-5887ddf76d76,8.56% State Government of Maharashtra 11-JUL-2028,IN2220180037,,,500000.0,525.94,INR,0.55,,,,{},2026-08-21 22:27:38.662887+00:00
1341dca7-31a9-4407-9dc0-61c1d22b11a7,e52aceb7-9bc0-403c-a7ee-524034694c23,197c956c-af8e-4af6-a848-49e0fb66a329,8.72% State Government of Andhra Pradesh 24-FEB-2026,IN1020150133,,,500000.0,524.7,INR,0.55,,,,{},2026-08-21 22:27:38.662887+00:00
5cf820d9-9015-42f4-ba99-814f3c8e490f,e52aceb7-9bc0-403c-a7ee-524034694c23,a18b45d0-a391-4d79-bb9e-2b295dc8961f,8.43% State Government of Uttar Pradesh 06-MAR-2029,IN3320180174,,,500000.0,523.74,INR,0.55,,,,{},2026-08-21 22:27:38.662887+00:00
9d95e9d5-4a52-4443-93fe-906a1e5d86d3,e52aceb7-9bc0-403c-a7ee-524034694c23,a00a1bd2-e199-4a95-84df-873f3a720ab5,8.49% State Government of Uttarakhand 21-AUG-2028,IN3620180106,,,500000.0,523.55,INR,0.55,,,,{},2026-08-21 22:27:38.662887+00:00
d146c6ab-a0db-4ca0-bd8e-529ceba67830,e52aceb7-9bc0-403c-a7ee-524034694c23,d6a472f1-6d72-4fd5-ac3c-37b7900b2d80,8.39% State Government of Uttar Pradesh 13-MAR-2029,IN3320180182,,,500000.0,522.76,INR,0.55,,,,{},2026-08-21 22:27:38.662887+00:00
4319a1a4-f2b6-4319-9d17-48c37ff0ae2b,e52aceb7-9bc0-403c-a7ee-524034694c23,98337518-c542-4f7f-ac46-3f5b490e4ec7,8.40% State Government of Andhra Pradesh 20-JUN-2028,IN1020180130,,,500000.0,521.89,INR,0.54,,,,{},2026-08-21 22:27:38.662887+00:00
3ae2e006-98a2-41cf-8634-bb995080c8c0,e52aceb7-9bc0-403c-a7ee-524034694c23,dd8778cd-1f80-4308-8c8e-fa2fe0506ea6,8.39% State Government of Andhra Pradesh 23-MAY-2028,IN1020180080,,,500000.0,521.42,INR,0.54,,,,{},2026-08-21 22:27:38.662887+00:00
35214888-0011-4c28-9de6-9ed806f401b6,e52aceb7-9bc0-403c-a7ee-524034694c23,864faa9f-267e-42a6-8db7-79be1470aa23,8.40% State Government of Rajasthan 20-JUN-2028,IN2920180097,,,500000.0,521.04,INR,0.54,,,,{},2026-08-21 22:27:38.662887+00:00
c1a44008-3f4d-439c-bb94-97d1d453169f,e52aceb7-9bc0-403c-a7ee-524034694c23,1f79ce56-fe57-433b-b355-46283aa00dcc,8.28% State Government of Gujarat 20-FEB-2029,IN1520180291,,,500000.0,520.86,INR,0.54,,,,{},2026-08-21 22:27:38.662887+00:00
d1518605-8b38-4117-bfc6-9c8db751e8fd,e52aceb7-9bc0-403c-a7ee-524034694c23,038bc34c-5df2-42f4-8975-2b3410176ae9,8.34% State Government of Tamil Nadu 28-FEB-2028,IN3120170136,,,500000.0,520.45,INR,0.54,,,,{},2026-08-21 22:27:38.662887+00:00
1ff241ba-9252-4318-a16a-2570ed0bc1db,e52aceb7-9bc0-403c-a7ee-524034694c23,234755ab-1a5b-45c8-90cd-e70a4e1831c9,8.31% State Government of Jharkhand 13-FEB-2029,IN3720180063,,,500000.0,520.23,INR,0.54,,,,{},2026-08-21 22:27:38.662887+00:00
877dcfdb-ddca-4b21-adb3-c2cbb2e8cdd2,e52aceb7-9bc0-403c-a7ee-524034694c23,8eb306f2-1db2-4797-b760-c5a4a335411a,8.25% State Government of Tamil Nadu 02-JAN-2029,IN3120180218,,,500000.0,519.61,INR,0.54,,,,{},2026-08-21 22:27:38.662887+00:00
a95cc4da-c817-4036-b9a4-b5f3f3456276,e52aceb7-9bc0-403c-a7ee-524034694c23,01abdba9-491f-439a-8957-cb552cd416ea,8.34% State Government of Uttar Pradesh 28-FEB-2028,IN3320170191,,,500000.0,519.28,INR,0.54,,,,{},2026-08-21 22:27:38.662887+00:00
a01f39dd-17bd-4171-b49a-6a26ae9d0d4e,e52aceb7-9bc0-403c-a7ee-524034694c23,0bf3a8c0-a3b3-4001-9ddb-228afad6f734,8.28% State Government of Tamil Nadu 21-FEB-2028,IN3120170128,,,500000.0,519.07,INR,0.54,,,,{},2026-08-21 22:27:38.662887+00:00
e2f5b056-3d56-464d-915c-de6c6d03474a,e52aceb7-9bc0-403c-a7ee-524034694c23,9e4aea5f-ffc9-423e-8c6f-5fb71c41ad55,8.38% State Government of Haryana 27-JAN-2026,IN1620150129,,,500000.0,518.97,INR,0.54,,,,{},2026-08-21 22:27:38.662887+00:00
92a0cd13-fd81-413c-b1ea-747609ec5bca,e52aceb7-9bc0-403c-a7ee-524034694c23,fe6c54c3-ef31-439c-b41d-4eff78aa195a,8.29% State Government of Haryana 14-MAR-2028,IN1620170150,,,500000.0,518.07,INR,0.54,,,,{},2026-08-21 22:27:38.662887+00:00
d2ea2f9d-0ebb-45b7-b89f-a91655523b55,e52aceb7-9bc0-403c-a7ee-524034694c23,17ca1978-a377-4503-a437-f24068ffd3b5,8.18% State Government of Tamil Nadu 19-DEC-2028,IN3120180192,,,500000.0,517.98,INR,0.54,,,,{},2026-08-21 22:27:38.662887+00:00
e58d7a9c-89d2-4496-b5b4-fb66416f5e47,e52aceb7-9bc0-403c-a7ee-524034694c23,ce4a005d-8903-4b24-8f34-acfa7e5c426e,8.21% State Government of West Bengal 23-JAN-2029,IN3420180124,,,500000.0,517.98,INR,0.54,,,,{},2026-08-21 22:27:38.662887+00:00
ff0fc2cd-0301-4e83-aff3-b33e6acd7f2a,e52aceb7-9bc0-403c-a7ee-524034694c23,04b349b1-a6b9-44b0-8674-cd69bbfd7674,8.17% State Government of Gujarat 19-DEC-2028,IN1520180226,,,500000.0,517.73,INR,0.54,,,,{},2026-08-21 22:27:38.662887+00:00
2fde3ccf-2366-4aae-9a77-d6fcb5857c13,e52aceb7-9bc0-403c-a7ee-524034694c23,ff65d878-098e-46d0-a063-31c5e525d6fc,8.20% State Government of Jammu and Kashmir 30-JAN-2029,IN1820180108,,,500000.0,517.69,INR,0.54,,,,{},2026-08-21 22:27:38.662887+00:00
68821495-bb36-43da-b27d-ea5a84251fc8,e52aceb7-9bc0-403c-a7ee-524034694c23,49551f5a-b7c0-40e6-b730-c9a64523a61a,8.19% State Government of Odisha 09-MAY-2028,IN2720180032,,,500000.0,516.81,INR,0.54,,,,{},2026-08-21 22:27:38.662887+00:00
92524ce2-4024-459b-92dd-ce7dd9507e12,e52aceb7-9bc0-403c-a7ee-524034694c23,0e85ecc6-6300-4963-a040-e22fa650aad9,8.09% State Government of Andhra Pradesh 15-JUN-2026,IN1020160025,,,500000.0,515.82,INR,0.54,,,,{},2026-08-21 22:27:38.662887+00:00
d9757b47-b6d1-491c-9538-cc66c9c9c411,e52aceb7-9bc0-403c-a7ee-524034694c23,2ebc2ba9-2730-494d-bc4c-d200a8bbbbc8,8.08% State Government of Gujarat 26-DEC-2028,IN1520180234,,,500000.0,515.78,INR,0.54,,,,{},2026-08-21 22:27:38.662887+00:00
11df2795-c033-4f07-8108-c41131e7595c,e52aceb7-9bc0-403c-a7ee-524034694c23,ed8183f2-eca0-46be-8cf9-8bd9530a3e79,8.13% State Government of Rajasthan 27-MAR-2028,IN2920170205,,,500000.0,515.33,INR,0.54,,,,{},2026-08-21 22:27:38.662887+00:00
7a6b6cdd-6341-456d-af8e-fbc330dbdaca,e52aceb7-9bc0-403c-a7ee-524034694c23,1747b7a3-fc61-4ae7-ac44-5398a60dad52,8.09% State Government of West Bengal 15-JUN-2026,IN3420160019,,,500000.0,515.26,INR,0.54,,,,{},2026-08-21 22:27:38.662887+00:00
63303217-5ce4-4477-901a-7516064fce3c,e52aceb7-9bc0-403c-a7ee-524034694c23,7154ed82-c504-40c3-9e17-0b84e3a8f9eb,8.09% State Government of West Bengal 27-MAR-2028,IN3420170216,,,500000.0,514.9,INR,0.54,,,,{},2026-08-21 22:27:38.662887+00:00
55e2a778-29ea-4ee1-a559-12c637721146,e52aceb7-9bc0-403c-a7ee-524034694c23,8238c64b-43a3-4d73-9140-5e18adc162c0,8.07% State Government of Rajasthan 15-JUN-2026,IN2920160032,,,500000.0,514.76,INR,0.54,,,,{},2026-08-21 22:27:38.662887+00:00
39c84226-1adc-439f-a1ba-e1c8cac864ad,e52aceb7-9bc0-403c-a7ee-524034694c23,48b9b0aa-fd69-495f-a4dc-b40c5c3f4cf9,8.11% State Government of Chhattisgarh 31-JAN-2028,IN3520170041,,,500000.0,514.51,INR,0.54,,,,{},2026-08-21 22:27:38.662887+00:00
916c6def-226d-43f9-a08d-f48b1783362d,e52aceb7-9bc0-403c-a7ee-524034694c23,ed451ce2-8113-4e10-af4a-92a6778fcb58,8.02% State Government of Telangana 25-MAY-2026,IN4520160040,,,500000.0,514.34,INR,0.54,,,,{},2026-08-21 22:27:38.662887+00:00
81e8e3a7-fcee-4284-8545-1855569900fa,e52aceb7-9bc0-403c-a7ee-524034694c23,98dce365-5557-4964-9171-2d46fe39721b,8.02% State Government of Telangana 11-MAY-2026,IN4520160032,,,500000.0,514.2,INR,0.54,,,,{},2026-08-21 22:27:38.662887+00:00
fcac05aa-aac8-4e96-8793-cbad06b776ae,e52aceb7-9bc0-403c-a7ee-524034694c23,905f91a2-49da-46b5-a770-4fb48a2aa0ae,7.99% State Government of Uttar Pradesh 29-JUN-2026,IN3320160176,,,500000.0,514.19,INR,0.54,,,,{},2026-08-21 22:27:38.662887+00:00
7bb495c6-01e6-4e8f-9f2b-463ad0bc631a,e52aceb7-9bc0-403c-a7ee-524034694c23,030d4f96-2e0e-44ee-b80d-1c3b59161e44,7.96% State Government of Gujarat 27-APR-2026,IN1520160020,,,500000.0,513.42,INR,0.54,,,,{},2026-08-21 22:27:38.662887+00:00
d4971c05-57c1-4311-8832-3136b1f15475,e52aceb7-9bc0-403c-a7ee-524034694c23,60b0284e-3305-4243-a323-c7c0865e963a,7.98% State Government of Uttar Pradesh 11-APR-2028,IN3320180018,,,500000.0,511.39,INR,0.53,,,,{},2026-08-21 22:27:38.662887+00:00
c51edb9b-1684-4101-ba47-db7ac127f37c,e52aceb7-9bc0-403c-a7ee-524034694c23,bd8f9da0-effc-4858-b46a-39ada38e0ef8,7.97% State Government of Assam 18-APR-2028,IN1220180021,,,500000.0,510.79,INR,0.53,,,,{},2026-08-21 22:27:38.662887+00:00
60fafa9c-16b4-4f9a-906c-cf80c2df0fb8,e52aceb7-9bc0-403c-a7ee-524034694c23,d0e5eec5-f73f-44f1-86b2-d1624088648b,7.86% State Government of Haryana 27-DEC-2027,IN1620170101,,,500000.0,510.21,INR,0.53,,,,{},2026-08-21 22:27:38.662887+00:00
bed09a9b-fe16-4d15-820b-a1dd24a79010,e52aceb7-9bc0-403c-a7ee-524034694c23,9e316776-a475-4590-9517-e33a6bc2f83f,7.65% State Government of Karnataka 06-DEC-2027,IN1920170108,,,500000.0,506.81,INR,0.53,,,,{},2026-08-21 22:27:38.662887+00:00
585176af-8e91-47b8-9e3c-d58535ac7580,e52aceb7-9bc0-403c-a7ee-524034694c23,b6d36a42-f379-48d6-909f-72b7ed49967c,7.64% State Government of Karnataka 08-NOV-2027,IN1920170066,,,500000.0,506.51,INR,0.53,,,,{},2026-08-21 22:27:38.662887+00:00
3d48664e-8b51-4525-b927-8ae5cc8f427c,e52aceb7-9bc0-403c-a7ee-524034694c23,72ca50e9-fbc0-49a9-8e7e-2525446a624c,7.52% State Government of Tamil Nadu 24-MAY-2027,IN3120170037,,,500000.0,505.57,INR,0.53,,,,{},2026-08-21 22:27:38.662887+00:00
46318986-44fb-45ca-9cc8-6ba474ac59dd,e52aceb7-9bc0-403c-a7ee-524034694c23,9f1b7545-a465-4dc7-a725-61f8b82583f0,7.53% State Government of West Bengal 22-NOV-2027,IN3420170117,,,500000.0,504.11,INR,0.53,,,,{},2026-08-21 22:27:38.662887+00:00
051d7f25-cdd0-4022-8830-b36df4bf531f,e52aceb7-9bc0-403c-a7ee-524034694c23,92f33080-9c0d-44f5-b30b-bb5216562d5f,7.63% State Government of Haryana 01-JUN-2028,IN1620220070,,,500000.0,503.23,INR,0.53,,,,{},2026-08-21 22:27:38.662887+00:00
1ca33e7b-b6f4-46d4-af72-e072d9959f31,e52aceb7-9bc0-403c-a7ee-524034694c23,d03a58c4-14d9-4574-9b05-e581614abfbb,7.23% State Government of Rajasthan 14-JUN-2027,IN2920170023,,,500000.0,499.17,INR,0.52,,,,{},2026-08-21 22:27:38.662887+00:00
b92d5106-6ae4-4a14-a6d8-e42accc4fd06,e52aceb7-9bc0-403c-a7ee-524034694c23,05d43ca8-edfa-4dcc-865e-fdd767264e6e,7.20% State Government of Maharashtra 09-AUG-2027,IN2220170061,,,500000.0,498.74,INR,0.52,,,,{},2026-08-21 22:27:38.662887+00:00
c5f4c735-dde9-4973-b73e-d479195f9209,e52aceb7-9bc0-403c-a7ee-524034694c23,b433f169-0578-40bb-a0f8-a44d883a5373,7.32% State Government of West Bengal 26-JUN-2029,IN3420190016,,,500000.0,495.99,INR,0.52,,,,{},2026-08-21 22:27:38.662887+00:00
9857de7f-3c41-4327-95cc-f0d6102c097c,e52aceb7-9bc0-403c-a7ee-524034694c23,c15dfc2c-43b4-43f1-9fca-d4e51c56ba90,7.24% State Government of Haryana 18-MAR-2029,IN1620190190,,,500000.0,493.71,INR,0.52,,,,{},2026-08-21 22:27:38.662887+00:00
538c8f4a-1246-407c-9fdc-6f45e361e264,e52aceb7-9bc0-403c-a7ee-524034694c23,a0c09eae-22a3-43c0-b46b-1d51362348c5,7.11% State Government of Tamil Nadu 31-JUL-2029,IN3120190068,,,500000.0,491.05,INR,0.51,,,,{},2026-08-21 22:27:38.662887+00:00
d9a33254-5585-489b-85ae-512b77e2f876,e52aceb7-9bc0-403c-a7ee-524034694c23,d49f6a1e-5649-4b64-bea9-862decc5d63d,7.13% State Government of Kerala 10-JUL-2029,IN2020190103,,,500000.0,490.71,INR,0.51,,,,{},2026-08-21 22:27:38.662887+00:00
787bb6bd-1de7-4d92-ac86-5d99c0c9ab8a,e52aceb7-9bc0-403c-a7ee-524034694c23,f33a720e-2c7c-45f6-a0c0-7956fac9dafb,7.09% State Government of Goa 28-AUG-2029,IN1420190085,,,500000.0,489.66,INR,0.51,,,,{},2026-08-21 22:27:38.662887+00:00
d2cc1072-1b32-4703-8d1c-2f1ec16e5fe9,e52aceb7-9bc0-403c-a7ee-524034694c23,e15545f3-164d-48ae-aa16-0f699485cefd,6.83% State Government of West Bengal 07-JUL-2028,IN3420210053,,,500000.0,485.8,INR,0.51,,,,{},2026-08-21 22:27:38.662887+00:00
867dbd07-6d11-4c06-a730-a70306e58f0f,e52aceb7-9bc0-403c-a7ee-524034694c23,5aee43ec-dbf6-48c3-b116-ea759f774a0a,6.53% State Government of Chhattisgarh 15-SEP-2028,IN3520210037,,,500000.0,477.64,INR,0.5,,,,{},2026-08-21 22:27:38.662887+00:00
e1a28584-4d10-4737-8739-cc4c5f68fe0e,e52aceb7-9bc0-403c-a7ee-524034694c23,cfc064f3-c853-45a6-8afc-ece147b69284,364 DAY T-BILL 03-Oct-2019,IN002018Z273,,,1500000.0,1493.01,INR,4.95,,,,{},2026-08-22 02:00:39.437060+00:00
6d885af6-38d4-45d8-9f71-921613f96333,e52aceb7-9bc0-403c-a7ee-524034694c23,c438550e-d432-4371-8fff-e75418962fbb,91 DAY T-BILL 17-Oct-2019,IN002019X169,,,1500000.0,1489.95,INR,4.94,,,,{},2026-08-22 02:00:39.437060+00:00
7fcf3b75-c122-40ea-9dfa-efb601aba6f6,e52aceb7-9bc0-403c-a7ee-524034694c23,f4b1821a-1009-4817-a084-d329108f59ab,364 DAY T-BILL 31-Oct-2019,IN002018Z315,,,1500000.0,1486.92,INR,4.93,,,,{},2026-08-22 02:00:39.437060+00:00
7537bf86-41b1-489a-a987-f3e8b02ccbd5,e52aceb7-9bc0-403c-a7ee-524034694c23,4671c056-09cb-4e1e-be7b-146fca0560cd,91 DAY T-BILL 05-Sep-2019,IN002019X102,,,1000000.0,999.4,INR,3.31,,,,{},2026-08-22 02:00:39.437060+00:00
a3949a63-216a-4c8c-b679-1f36856d8b00,e52aceb7-9bc0-403c-a7ee-524034694c23,0369a4c4-957b-4d8f-a95c-725c9b36a7fd,91 DAY T-BILL 19-Sep-2019,IN002019X128,,,1000000.0,997.37,INR,3.3,,,,{},2026-08-22 02:00:39.437060+00:00
b1d6113d-1be0-494e-b633-9c57f1e50e8f,e52aceb7-9bc0-403c-a7ee-524034694c23,978d435b-869e-46cf-9339-c84c8f1d3a1c,7.40% HDFC Bank Ltd. (Duration 368 Days),,,,,100.0,INR,0.33,,,,{},2026-08-22 02:00:39.437060+00:00
3fc91368-d4ad-4b68-bed3-da4c8f08d5c4,e52aceb7-9bc0-403c-a7ee-524034694c23,3bde3cf3-d7bd-40fc-b8b2-f0529314dfbd,Nestle SA *,US6410694060,,,74580.0,5738.46,INR,2.22,,,,{},2026-08-22 02:00:39.772145+00:00
c318a6b3-17ff-4019-8d53-3e4e4d2b96d2,e52aceb7-9bc0-403c-a7ee-524034694c23,8b4feb2b-e207-4c81-8bef-a616c4ac1d22,5.25% HDFC Bank Ltd. (Duration 91 Days),,,,,275.0,INR,0.11,,,,{},2026-08-22 02:00:39.772145+00:00
89414767-6d68-476b-b6c0-7150d379a4ba,e52aceb7-9bc0-403c-a7ee-524034694c23,ffbf3b42-94e1-4b6a-8fd8-8e4597c28909,5.00% HDFC Bank Ltd. (Duration 91 Days),,,,,275.0,INR,0.11,,,,{},2026-08-22 02:00:39.772145+00:00
56a2a7e9-78b2-4609-b128-e092f8cfbea2,e52aceb7-9bc0-403c-a7ee-524034694c23,fa970229-2259-4584-abab-1b1ebdbc370d,4.75% HDFC Bank Ltd. (Duration 91 Days),,,,,2196.0,INR,0.85,,,,{},2026-08-22 02:00:39.772145+00:00
586c8d92-642a-4d0e-9387-4f4eef011296,e52aceb7-9bc0-403c-a7ee-524034694c23,9c523bc6-e256-4961-981a-35f82efd3044,5.65% HDFC Bank Ltd. (Duration 91 Days),,,,,100.0,INR,0.04,,,,{},2026-08-22 02:00:39.772145+00:00
8d842b74-ba54-417d-945f-51ab0278339a,e52aceb7-9bc0-403c-a7ee-524034694c23,3796c873-0674-4763-ba71-1a3ad87a73de,6.35% Government of India 02-Jan-2020,IN0020020171,,,2500000.0,2500.06,INR,6.74,,,,{},2026-08-22 02:00:39.772145+00:00
09262635-b136-43ae-a793-9a2b98a87ed0,e52aceb7-9bc0-403c-a7ee-524034694c23,d3900189-d84a-4d1c-bed3-3d0ca3c752e0,8.19% Government of India 16-Jan-2020,IN0020110071,,,1500000.0,1501.84,INR,4.05,,,,{},2026-08-22 02:00:39.772145+00:00
144e40b0-3b61-43a4-a43f-65981a0c8577,e52aceb7-9bc0-403c-a7ee-524034694c23,01c119fb-1361-4787-81cc-45d8c8b48e44,8.31% State Government of Gujarat 03-Feb-2020,IN1520090078,,,2000000.0,2004.85,INR,5.41,,,,{},2026-08-22 02:00:39.772145+00:00
e23e4ffe-0b36-419d-b806-5f4976317118,e52aceb7-9bc0-403c-a7ee-524034694c23,65ca7379-96a0-40a8-b444-bdc3308abbe6,6.83% State Government of Rajasthan 07-Feb-2020,IN2920160248,,,2000000.0,2002.4,INR,5.4,,,,{},2026-08-22 02:00:39.772145+00:00
0c5b76ab-1c18-4b18-b41e-0948a8ce19ed,e52aceb7-9bc0-403c-a7ee-524034694c23,c82a3b33-4538-4740-8369-c0f49715837d,ICICI Bank Ltd. 14-Jan-2020,INE090A166S4,,,500.0,499.11,INR,1.35,,,,{},2026-08-22 02:00:39.772145+00:00
6a009b7a-0974-485b-92eb-9ff28704613d,e52aceb7-9bc0-403c-a7ee-524034694c23,2ea47155-2a1c-4e96-acdf-06056731b75c,91 DAY T-BILL 02-Jan-2020,IN002019X284,,,2000000.0,1999.74,INR,5.39,,,,{},2026-08-22 02:00:39.772145+00:00
53c72515-1435-4e6a-9210-c732ea8ce90f,e52aceb7-9bc0-403c-a7ee-524034694c23,760b60e9-9579-4142-ab0d-907bee6e7dd2,91 DAY T-BILL 09-Jan-2020,IN002019X292,,,2000000.0,1997.85,INR,5.39,,,,{},2026-08-22 02:00:39.772145+00:00
b01f6fa9-483a-4b18-9880-8c1498b99366,e52aceb7-9bc0-403c-a7ee-524034694c23,b6a7fc16-d6a7-4763-a205-4e769523ca81,91 DAY T-BILL 16-Jan-2020,IN002019X300,,,2000000.0,1995.99,INR,5.38,,,,{},2026-08-22 02:00:39.772145+00:00
ec78d7fe-1153-4db3-97da-b1f61fe1dda7,e52aceb7-9bc0-403c-a7ee-524034694c23,17a074ca-8036-4d17-89f1-2197f2259c2d,182 DAY T-BILL 23-Jan-2020,IN002019Y183,,,2000000.0,1994.12,INR,5.38,,,,{},2026-08-22 02:00:39.772145+00:00
f619ac51-7159-4cc5-b02f-f70cd3cf7b02,e52aceb7-9bc0-403c-a7ee-524034694c23,44d01b51-a5b0-41d5-a341-86050d492705,91 DAY T-BILL 30-Jan-2020,IN002019X326,,,2000000.0,1992.21,INR,5.37,,,,{},2026-08-22 02:00:39.772145+00:00
4dba39f7-abf1-49bf-a106-e927e26d39a9,e52aceb7-9bc0-403c-a7ee-524034694c23,4f1c5774-257b-4896-afcc-c6fb91b742b6,91 DAY T-BILL 06-Feb-2020,IN002019X334,,,2000000.0,1990.26,INR,5.37,,,,{},2026-08-22 02:00:39.772145+00:00
affde4a4-ea1b-4b8b-8bd8-da53c284ca5d,e52aceb7-9bc0-403c-a7ee-524034694c23,ac87cdb6-2e92-4bb2-b774-a15fd4a583d3,91 DAY T-BILL 13-Feb-2020,IN002019X342,,,2000000.0,1988.38,INR,5.36,,,,{},2026-08-22 02:00:39.772145+00:00
c3acab09-ccb1-4b64-aa73-c2d6af65f085,e52aceb7-9bc0-403c-a7ee-524034694c23,56e83ba0-1630-4e37-87b2-caddef1492d4,91 DAY T-BILL 20-Feb-2020,IN002019X359,,,2000000.0,1986.49,INR,5.36,,,,{},2026-08-22 02:00:39.772145+00:00
bfb87070-482f-4ebd-ac11-5430414c7984,e52aceb7-9bc0-403c-a7ee-524034694c23,b1f16fab-2e12-4fad-856e-24819afdf0a6,91 DAY T-BILL 05-Mar-2020,IN002019X375,,,2000000.0,1982.65,INR,5.35,,,,{},2026-08-22 02:00:39.772145+00:00
418bb2ca-2c03-484e-9af2-c12db5ee6c7e,e52aceb7-9bc0-403c-a7ee-524034694c23,ceec81c7-6135-4010-8069-a86aba2bc75e,182 DAY T-BILL 12-Mar-2020,IN002019Y258,,,2000000.0,1980.81,INR,5.34,,,,{},2026-08-22 02:00:39.772145+00:00
d368ee47-e6de-4370-b3b3-621ee55cf906,e52aceb7-9bc0-403c-a7ee-524034694c23,43a2500c-29fb-4112-8487-5f609d77e3c4,76 DAYS CMB 17-03-20,IN002019U041,,,2000000.0,1979.19,INR,5.34,,,,{},2026-08-22 02:00:39.772145+00:00
cb44ebbd-f593-4146-99ab-4a9d201346dc,e52aceb7-9bc0-403c-a7ee-524034694c23,24477931-813f-4f34-b140-33a565c38fc8,364 DAY T-BILL 20-Mar-2020,IN002018Z513,,,2000000.0,1978.46,INR,5.34,,,,{},2026-08-22 02:00:39.772145+00:00
f16e0a9d-7a3e-4db8-b327-90a992e7eeb0,e52aceb7-9bc0-403c-a7ee-524034694c23,f39c4e61-e4e1-439f-aa50-35903a0fd011,6.60% HDFC Bank Ltd. (Duration 369 Days),,,,,100.0,INR,0.27,,,,{},2026-08-22 02:00:39.772145+00:00
7e5bdf3f-3389-4d69-b6c2-c994c258ebf4,e52aceb7-9bc0-403c-a7ee-524034694c23,f4c8d6eb-a6be-4cf9-9931-185e7a297aab,5.40% HDFC Bank Ltd. (Duration 91 Days),,,,,100.0,INR,0.27,,,,{},2026-08-22 02:00:39.772145+00:00
6e6c7881-eed9-4f13-8678-f634cc15efb0,e52aceb7-9bc0-403c-a7ee-524034694c23,2b592be3-de36-4044-8c1b-4d4e67ab28c4,5.45% HDFC Bank Ltd. (Duration 91 Days),,,,,2196.0,INR,0.89,,,,{},2026-08-22 02:00:40.033942+00:00
9d2f794a-7c15-47cd-a47d-1b61c58efcbd,e52aceb7-9bc0-403c-a7ee-524034694c23,009bedf2-aa6b-41f5-9a6c-e8ee2c5a692f,5.95% HDFC Bank Ltd. (Duration 91 Days),,,,,499.99,INR,0.2,,,,{},2026-08-22 02:00:40.033942+00:00
22135ddb-db01-4f88-84d1-fdd1b3cc8dab,e52aceb7-9bc0-403c-a7ee-524034694c23,e828f920-cfb8-4314-9c63-301745afd310,364 DAY T-BILL 05-Dec-2019,IN002018Z364,,,2000000.0,1998.92,INR,5.54,,,,{},2026-08-22 02:00:40.033942+00:00
407f4426-cd8d-43d2-890c-cc2b9502ac39,e52aceb7-9bc0-403c-a7ee-524034694c23,232d5950-57ab-47dc-a257-1bd0a749e286,91 DAY T-BILL 19-Dec-2019,IN002019X268,,,2000000.0,1995.18,INR,5.52,,,,{},2026-08-22 02:00:40.033942+00:00
7a1da3e4-600d-4b9e-ba5c-f1d0be2a5b5b,e52aceb7-9bc0-403c-a7ee-524034694c23,12f3d066-5cf0-4678-8183-673cadcc23c4,8.05% State Government of Tamil Nadu 25-Nov-2019,IN3120090060,,,1000000.0,1001.89,INR,3.06,,,,{},2026-08-22 02:00:40.251352+00:00
2cb9ae43-b882-46f5-8a67-599573690947,e52aceb7-9bc0-403c-a7ee-524034694c23,4469b642-139e-483d-bfd3-82c07e9a3583,Indian Oil Corporation Ltd. 08-Nov-2019,INE242A14NM1,,,100.0,499.51,INR,1.53,,,,{},2026-08-22 02:00:40.251352+00:00
de8a7ae7-d15f-4e3f-a36f-5d4f3ac38537,e52aceb7-9bc0-403c-a7ee-524034694c23,7440d402-276c-47c1-b638-7e7c05a45c6a,Kotak Mahindra Bank Ltd. 15-Nov-2019,INE237A160I2,,,500.0,499.05,INR,1.52,,,,{},2026-08-22 02:00:40.251352+00:00
c6d800e7-fe8a-4cd3-a09b-90133a5c2007,e52aceb7-9bc0-403c-a7ee-524034694c23,ab712a58-2b76-4f16-bd0b-1cb4112b9199,Axis Bank Ltd. 15-Nov-2019,INE238A167K2,,,500.0,499.05,INR,1.52,,,,{},2026-08-22 02:00:40.251352+00:00
e753221a-97cb-4efe-8742-e032c6827308,e52aceb7-9bc0-403c-a7ee-524034694c23,0611b5b5-aef8-418f-b557-39f814704cb5,91 DAY T-BILL 21-Nov-2019,IN002019X219,,,2000000.0,1994.64,INR,6.09,,,,{},2026-08-22 02:00:40.251352+00:00
51b07388-733f-4e59-82da-e7b182090f4b,e52aceb7-9bc0-403c-a7ee-524034694c23,9fa3aced-6bde-48bb-995a-1126536d082f,Infosys Ltd.,INE009A01021,,,1911000.0,27552.8,INR,4.91,,,,{},2026-08-22 09:12:01.054763+00:00
90126f20-5013-40f5-ad26-9f91be9a22a8,e52aceb7-9bc0-403c-a7ee-524034694c23,75b1c695-2236-45c0-9106-16863e6ac24e,Larsen & Toubro Ltd.,INE018A01030,,,731709.0,26773.23,INR,4.77,,,,{},2026-08-22 09:12:01.054763+00:00
c5e93387-20cb-4317-8b1c-a651e4f504a7,e52aceb7-9bc0-403c-a7ee-524034694c23,5014201d-2cf6-42a4-83c6-cbbc8e3130c1,Ultratech Cement Ltd.,INE481G01011,,,175000.0,21388.5,INR,3.81,,,,{},2026-08-22 09:12:01.054763+00:00
c1fa8a1b-a6ba-4ead-b50c-86d35382a2b1,e52aceb7-9bc0-403c-a7ee-524034694c23,9ae02f99-326a-4fd3-acad-9375c72406c2,Kotak Mahindra Bank Ltd.,INE237A01028,,,1033000.0,20584.59,INR,3.67,,,,{},2026-08-22 09:12:01.054763+00:00
11a4e8c4-aa55-4eba-b90c-9dbe45cd1221,e52aceb7-9bc0-403c-a7ee-524034694c23,6c382612-d399-4e21-a5f6-05cffd303e31,Reliance Industries Ltd.,INE002A01018,,,1415000.0,19300.6,INR,3.44,,,,{},2026-08-22 09:12:01.054763+00:00
0a8cc00a-1470-4b1d-b741-e56b2eb72399,e52aceb7-9bc0-403c-a7ee-524034694c23,7ff9a695-b311-4ddc-bb92-837192dbffe3,HDFC Life Insurance Company Ltd.,INE795G01014,,,2240000.0,16944.48,INR,3.02,,,,{},2026-08-22 09:12:01.054763+00:00
ce800cc0-bb21-4639-8d45-79fa80d92b15,e52aceb7-9bc0-403c-a7ee-524034694c23,a90e861e-740b-46c3-91e4-9169fa820730,Cholamandalam Investment & Finance Co. Ltd.,INE121A01024,,,981000.0,15801.95,INR,2.82,,,,{},2026-08-22 09:12:01.054763+00:00
40c444f7-b3b9-451d-8736-b53614bbe14b,e52aceb7-9bc0-403c-a7ee-524034694c23,2b8f420d-38ef-44bb-951d-4375ef884dbb,Eicher Motors Ltd.,INE066A01021,,,211800.0,14837.65,INR,2.64,,,,{},2026-08-22 09:12:01.054763+00:00
cb3051f2-6fe7-40da-8c43-f993a689c558,e52aceb7-9bc0-403c-a7ee-524034694c23,8aee35a9-e10e-409f-93d0-08c86ac9c67d,TVS Motor Company Ltd.,INE494B01023,,,430000.0,14786.41,INR,2.63,,,,{},2026-08-22 09:12:01.054763+00:00
5d9ef4f5-23f5-43f5-83bc-2844429c279d,e52aceb7-9bc0-403c-a7ee-524034694c23,00bdd352-4c46-4869-b309-0db1ecf2de10,Asian Paints Ltd.,INE021A01026,,,600000.0,14100.0,INR,2.51,,,,{},2026-08-22 09:12:01.054763+00:00
65e7debc-829d-4740-9e97-23b515a57b54,e52aceb7-9bc0-403c-a7ee-524034694c23,b8adc82c-b93a-4e66-bf00-57466b65bba6,LTIMindtree Ltd.,INE214T01019,,,270000.0,13925.25,INR,2.48,,,,{},2026-08-22 09:12:01.054763+00:00
7fe58c6f-4c81-4981-bdf8-f5e74428e9f2,e52aceb7-9bc0-403c-a7ee-524034694c23,40bb76ed-3584-4ea2-97ca-528b1aa6ad51,Hindustan Unilever Ltd.,INE030A01027,,,540000.0,13577.76,INR,2.42,,,,{},2026-08-22 09:12:01.054763+00:00
bdd3213f-1c59-46c7-a01a-593553c7ebbb,e52aceb7-9bc0-403c-a7ee-524034694c23,b1b007f9-db7d-403a-9a7c-43c0e40049cd,Hindalco Industries Ltd.,INE038A01020,,,1682000.0,12816.0,INR,2.28,,,,{},2026-08-22 09:12:01.054763+00:00
62097d9f-48bd-49bf-8210-4c626be1f170,e52aceb7-9bc0-403c-a7ee-524034694c23,194502cd-8da8-4824-8631-c3c663e580d7,Divi's Laboratories Ltd.,INE361B01024,,,177000.0,10070.42,INR,1.79,,,,{},2026-08-22 09:12:01.054763+00:00
139130e3-f9b2-4817-b3e2-20b50476e806,e52aceb7-9bc0-403c-a7ee-524034694c23,839226ae-e127-41e7-b614-16c7923f3d30,ABB India Ltd.,INE117A01022,,,183000.0,9485.44,INR,1.69,,,,{},2026-08-22 09:12:01.054763+00:00
74c17114-ea62-4e0e-b073-d8d313118ebb,e52aceb7-9bc0-403c-a7ee-524034694c23,68d5d474-7a6e-4bf9-8daf-3f262fcbfd02,Page Industries Ltd.,INE761H01022,,,22400.0,9113.44,INR,1.62,,,,{},2026-08-22 09:12:01.054763+00:00
abeffa79-b8cd-4cb6-b75f-1a6e18836e14,e52aceb7-9bc0-403c-a7ee-524034694c23,7b68fcd0-94d2-4f24-8275-0099fb7e739d,Timken India Ltd.,INE325A01013,,,276000.0,8307.32,INR,1.48,,,,{},2026-08-22 09:12:01.054763+00:00
126f75b1-811a-43d2-a2af-b4f9eedd5b18,e52aceb7-9bc0-403c-a7ee-524034694c23,80eba906-4ec3-43d5-97cc-bd824af244d3,L&T Technology Services Ltd.,INE010V01017,,,200000.0,8227.8,INR,1.47,,,,{},2026-08-22 09:12:01.054763+00:00
71e2a899-230c-4229-a290-08a771603959,e52aceb7-9bc0-403c-a7ee-524034694c23,b75ec3dd-b053-4c65-b983-0d7724ff5f3a,Kajaria Ceramics Ltd.,INE217B01036,,,675000.0,7875.9,INR,1.4,,,,{},2026-08-22 09:12:01.054763+00:00
e689262b-e6bc-4fed-89fd-7f15481de64d,e52aceb7-9bc0-403c-a7ee-524034694c23,d06df112-c4ab-40f3-9149-2505fe21481b,Siemens Ltd.,INE003A01024,,,250000.0,7823.0,INR,1.39,,,,{},2026-08-22 09:12:01.054763+00:00
db59d9ae-7704-43ff-8abe-869a849a80c3,e52aceb7-9bc0-403c-a7ee-524034694c23,e87a5463-679e-4216-baee-dff3dab86a9e,Dr. Lal Path labs Ltd.,INE600L01024,,,250000.0,7795.25,INR,1.39,,,,{},2026-08-22 09:12:01.054763+00:00
348c82f1-2483-40d0-9dac-82d7dda01efc,e52aceb7-9bc0-403c-a7ee-524034694c23,30a1448d-d10a-45e1-b273-37508500b12e,Schaeffler India Ltd.,INE513A01022,,,185000.0,7786.28,INR,1.39,,,,{},2026-08-22 09:12:01.054763+00:00
f12cef49-b862-4198-952e-4427a279e203,e52aceb7-9bc0-403c-a7ee-524034694c23,29c4a132-b96b-4632-820e-1b9b892dc2f9,Thermax Ltd.,INE152A01029,,,240435.0,7622.51,INR,1.36,,,,{},2026-08-22 09:12:01.054763+00:00
985f2c48-c5bf-494f-92f0-5a165272de39,e52aceb7-9bc0-403c-a7ee-524034694c23,f7b41021-4a0e-4999-a63c-6ba01865c6a4,Jubilant Foodworks Ltd.,INE797F01020,,,1136255.0,7015.24,INR,1.25,,,,{},2026-08-22 09:12:01.054763+00:00
90aed023-a794-46b3-b319-daebd6b952a3,e52aceb7-9bc0-403c-a7ee-524034694c23,22f3a90b-3e69-4539-af9b-14cef28885b1,FSN E-Commerce Ventures Ltd.,INE388Y01029,,,3007530.0,6988.9,INR,1.25,,,,{},2026-08-22 09:12:01.054763+00:00
127eb9a4-7b10-40fd-834d-07997e5b7215,e52aceb7-9bc0-403c-a7ee-524034694c23,25135551-1666-4858-8a28-0bc5e48313f1,Honeywell Automation India Ltd.,INE671A01010,,,17000.0,6136.15,INR,1.09,,,,{},2026-08-22 09:12:01.054763+00:00
7c86d5ff-6eba-4af6-a5a8-828d4b653171,e52aceb7-9bc0-403c-a7ee-524034694c23,cd9a1c0f-7bfe-486b-9555-f017cb6622ca,Sona Blw Precision Forgings Ltd.,INE073K01018,,,1400000.0,5764.5,INR,1.03,,,,{},2026-08-22 09:12:01.054763+00:00
e7aed314-7390-4019-94a4-0efb1b7a65e7,e52aceb7-9bc0-403c-a7ee-524034694c23,2cc8918d-797d-41b7-bfd9-ecdf0c317c1c,Berger Paints India Ltd.,INE463A01038,,,1100000.0,5667.2,INR,1.01,,,,{},2026-08-22 09:12:01.054763+00:00
a2392b00-3d38-44bb-b7a3-c40b5a217978,e52aceb7-9bc0-403c-a7ee-524034694c23,43eea0da-5eca-4df9-ab90-ab4d847d935f,Godrej Properties Ltd.,INE484J01027,,,280000.0,5512.64,INR,0.98,,,,{},2026-08-22 09:12:01.054763+00:00
70ec2b90-8aac-4d60-bb97-4cf68c13b409,e52aceb7-9bc0-403c-a7ee-524034694c23,5cee42cd-733d-424b-a595-2f843f7d49aa,Colgate Palmolive (India) Ltd.,INE259A01022,,,205666.0,4570.72,INR,0.81,,,,{},2026-08-22 09:12:01.054763+00:00
1588c139-9cc8-46fe-9aab-10976f4a4dfa,e52aceb7-9bc0-403c-a7ee-524034694c23,b800c6c8-6957-4d51-98df-838092b4cb85,Numero Uno International Ltd.,INE703F01010,,,80000.0,0.0,INR,,,,,{},2026-08-22 09:12:01.054763+00:00
ce568e72-fc91-434d-a61b-8b2611f637d9,e52aceb7-9bc0-403c-a7ee-524034694c23,15ad10b7-44fe-490f-a631-9969479bfed5,TVS Motor Company Ltd.,INE494B04019,,,1720000.0,172.73,INR,0.03,6.05,,,{},2026-08-22 09:12:01.054763+00:00
76673db4-6db2-4f03-ae54-3fc4a3437643,e52aceb7-9bc0-403c-a7ee-524034694c23,7e3c8fdc-cb25-48c0-8500-a44d59fd4593,182 DAY T-BILL 20.11.25,IN002025Y081,,,500000.0,496.31,INR,0.09,5.4219,,,{},2026-08-22 09:12:01.054763+00:00
a9779293-5c41-47ae-9328-048226508ffd,e52aceb7-9bc0-403c-a7ee-524034694c23,ebef3a4e-a96f-485d-87c4-5a456009721c,HDFC Asset Management Co. Ltd.,INE127D01025,,,1910000.0,105670.75,INR,3.1,,,,{},2026-08-22 09:12:01.054763+00:00
757c5176-f5d0-47fd-aa48-3791e3f0aba7,e52aceb7-9bc0-403c-a7ee-524034694c23,5c58ff74-df55-42bc-9496-55f04904f2ff,Shree Cement Ltd.,INE070A01015,,,290000.0,84868.5,INR,2.49,,,,{},2026-08-22 09:12:01.054763+00:00
8ca0f560-98c6-4f7b-8cc2-a750cb6a06fa,e52aceb7-9bc0-403c-a7ee-524034694c23,78d32a62-4266-4dec-922c-7bd089c1256a,Abbott India Ltd.,INE358A01014,,,274878.0,80511.77,INR,2.36,,,,{},2026-08-22 09:12:01.054763+00:00
0e1a72d0-399f-41ca-a416-4d6504409cdf,e52aceb7-9bc0-403c-a7ee-524034694c23,420f6e98-f787-4684-8d2d-1fb075647844,Alkem Laboratories Ltd.,INE540L01014,,,1476712.0,80111.63,INR,2.35,,,,{},2026-08-22 09:12:01.054763+00:00
9df7e988-1077-4c64-a0f3-f744ce8f15fe,e52aceb7-9bc0-403c-a7ee-524034694c23,c9c97416-ec45-4cdd-b6b8-3e02b1e12366,Bharat Forge Ltd.,INE465A01025,,,6500000.0,78806.0,INR,2.31,,,,{},2026-08-22 09:12:01.054763+00:00
372abda0-507b-4156-8885-47d9c955eec7,e52aceb7-9bc0-403c-a7ee-524034694c23,54330f86-8bb6-4b96-a262-7eaddaaa7c0c,Ashok Leyland Ltd.,INE208A01029,,,54000000.0,77041.8,INR,2.26,,,,{},2026-08-22 09:12:01.054763+00:00
7405ca58-f969-431b-ba79-d846cb7ce293,e52aceb7-9bc0-403c-a7ee-524034694c23,0e6ec224-0ec0-4f55-bd7f-ac05c6540383,Jindal Steel Ltd.,INE749A01030,,,7121675.0,75756.82,INR,2.22,,,,{},2026-08-22 09:12:01.054763+00:00
d590b17c-5ab5-466c-97ca-a5507e125f65,e52aceb7-9bc0-403c-a7ee-524034694c23,9f2a959c-84f8-4c5e-b5db-b86e70a33d23,Aurobindo Pharma Ltd.,INE406A01037,,,6500000.0,70453.5,INR,2.07,,,,{},2026-08-22 09:12:01.054763+00:00
504f77b6-088b-4951-b640-f34c9894f7cf,e52aceb7-9bc0-403c-a7ee-524034694c23,6e5b84d1-0d05-421c-a878-3573dc4a3914,Gland Pharma Ltd.,INE068V01023,,,3170000.0,63133.72,INR,1.85,,,,{},2026-08-22 09:12:01.054763+00:00
8a1075e4-ec5c-4f8a-9c89-b48d4e25eeaf,e52aceb7-9bc0-403c-a7ee-524034694c23,eccfb585-9bcd-4277-9c89-861b3b6bd4d9,Godrej Consumer Products Ltd.,INE102D01028,,,4700000.0,54844.3,INR,1.61,,,,{},2026-08-22 09:12:01.054763+00:00
65710fe3-e201-46c6-b8f5-f8108a464566,e52aceb7-9bc0-403c-a7ee-524034694c23,5f411b35-7982-4343-aab0-793685c6b855,Torrent Power Ltd.,INE813H01021,,,3972086.0,48415.76,INR,1.42,,,,{},2026-08-22 09:12:01.054763+00:00
8fcf1858-c23c-4495-a1ac-60ef51f0e419,e52aceb7-9bc0-403c-a7ee-524034694c23,57a3a218-bf42-4e8f-b31b-553b648d278b,Indus Towers Ltd.,INE121J01017,,,14067001.0,48235.75,INR,1.42,,,,{},2026-08-22 09:12:01.054763+00:00
3dcd68da-38c4-4b13-9102-6e85a7750d74,e52aceb7-9bc0-403c-a7ee-524034694c23,0687169f-c383-42a7-9fbe-3147a00f1f9a,Sundram Fasteners Ltd.,INE387A01021,,,4700000.0,46924.8,INR,1.38,,,,{},2026-08-22 09:12:01.054763+00:00
cd0a6693-0fcb-4b54-be78-fc2d690b0a0f,e52aceb7-9bc0-403c-a7ee-524034694c23,7c77424a-b830-42f8-8056-811ebde8efa1,Muthoot Finance Ltd.,INE414G01012,,,1520950.0,46801.15,INR,1.37,,,,{},2026-08-22 09:12:01.054763+00:00
c7c15990-36f9-4073-9ebe-c3a44cc8dad7,e52aceb7-9bc0-403c-a7ee-524034694c23,7353ea61-c97d-4b0f-ba3b-8f702b1ca594,UNO Minda Ltd.,INE405E01023,,,3509432.0,45580.5,INR,1.34,,,,{},2026-08-22 09:12:01.054763+00:00
940f5ca8-7618-4d72-bf68-8f776247f04c,e52aceb7-9bc0-403c-a7ee-524034694c23,0ec547bc-6ac8-4ef9-93a3-fbc4ac24c35c,Laurus Labs Ltd.,INE947Q01028,,,5392600.0,45394.91,INR,1.33,,,,{},2026-08-22 09:12:01.054763+00:00
8f92404d-8e2e-45c9-a73b-0850f3a87d35,e52aceb7-9bc0-403c-a7ee-524034694c23,985b26fd-3e56-4e2d-a48d-852436443e9c,Hindustan Petroleum Corporation Ltd.,INE094A01015,,,9331762.0,41377.03,INR,1.21,,,,{},2026-08-22 09:12:01.054763+00:00
dd0322a1-0c8a-49c6-94d1-d5bb36f29b93,e52aceb7-9bc0-403c-a7ee-524034694c23,250b3772-5bc7-4a5f-a78b-eed3c0c35337,ZF Commercial Vehicle Control Systems India Ltd.,INE342J01019,,,289060.0,37303.19,INR,1.1,,,,{},2026-08-22 09:12:01.054763+00:00
0f9a9fad-7119-4ff6-a563-88ec876f7caf,e52aceb7-9bc0-403c-a7ee-524034694c23,51fd1768-f5b1-4a5d-8579-cd193aee6e10,United Breweries Ltd.,INE686F01025,,,2000000.0,36016.0,INR,1.06,,,,{},2026-08-22 09:12:01.054763+00:00
59b5c8df-4879-4fb5-b40d-6ed6d5fdb47f,e52aceb7-9bc0-403c-a7ee-524034694c23,0377abb7-1811-4144-8ac4-e00f094f2ad7,Emami Ltd.,INE548C01032,,,6500000.0,34986.25,INR,1.03,,,,{},2026-08-22 09:12:01.054763+00:00
d2f56503-4f51-4972-8a58-c07ad3679888,e52aceb7-9bc0-403c-a7ee-524034694c23,6dec3614-9672-4e96-a7fd-75d37b86bd75,Steel Authority of India Ltd.,INE114A01011,,,25833200.0,34740.49,INR,1.02,,,,{},2026-08-22 09:12:01.054763+00:00
592a8130-6cbb-47dd-b58d-6687a9dbe296,e52aceb7-9bc0-403c-a7ee-524034694c23,87d1a351-da41-4d3a-8ad8-02d33cced1df,Tata Steel Ltd.,INE081A01020,,,20000000.0,33754.0,INR,0.99,,,,{},2026-08-22 09:12:01.054763+00:00
a523c6a7-83ef-4930-b2e5-7ac52cfdee8d,e52aceb7-9bc0-403c-a7ee-524034694c23,dc27fe1a-d194-4c90-a224-025c46042481,Delhivery Ltd.,INE148O01028,,,7470500.0,33620.99,INR,0.99,,,,{},2026-08-22 09:12:01.054763+00:00
c84893ce-1e39-4586-bfd6-2d06be252155,e52aceb7-9bc0-403c-a7ee-524034694c23,359501fa-e166-408b-ab4a-6e0c5607d400,AIA Engineering Ltd.,INE212H01026,,,1027802.0,31381.88,INR,0.92,,,,{},2026-08-22 09:12:01.054763+00:00
b7676325-17e6-4d06-8b4d-3a9fc7bf2c15,e52aceb7-9bc0-403c-a7ee-524034694c23,fc3e521a-7ebc-4c48-aef7-eca418541766,G R Infra projects Ltd.,INE201P01022,,,2264279.0,27651.38,INR,0.81,,,,{},2026-08-22 09:12:01.054763+00:00
716b22bb-1ebe-436e-8bd4-2c70e6768a92,e52aceb7-9bc0-403c-a7ee-524034694c23,57b0ca2a-3f01-4ccf-9806-a094ce7c1309,Cholamandalam Financial Holdings Ltd.,INE149A01033,,,1432535.0,27003.28,INR,0.79,,,,{},2026-08-22 09:12:01.054763+00:00
9f4ee7de-6fc2-4a13-afde-86427f3d0d1b,e52aceb7-9bc0-403c-a7ee-524034694c23,864eb73c-3188-4a4d-920b-65cc04ad1f7e,Acutaas Chemicals Ltd.,INE00FF01025,,,2000000.0,26356.0,INR,0.77,,,,{},2026-08-22 09:12:01.054763+00:00
9ba43fb5-c61e-4d2d-88bc-76721a75e7fe,e52aceb7-9bc0-403c-a7ee-524034694c23,fa24afdb-4643-4832-955d-c3e814e15b49,Punjab National Bank,INE160A01022,,,23200000.0,26176.56,INR,0.77,,,,{},2026-08-22 09:12:01.054763+00:00
8f0d55c6-9e23-4681-a013-467dfbe7f299,e52aceb7-9bc0-403c-a7ee-524034694c23,28dc2a75-7b0c-4d25-9e28-2a9b4a2b7272,ACC Ltd.,INE012A01025,,,1358440.0,24787.45,INR,0.73,,,,{},2026-08-22 09:12:01.054763+00:00
9167e0d4-bedd-49da-9f0b-77d4cbca43ab,e52aceb7-9bc0-403c-a7ee-524034694c23,71c9b543-6f62-4351-8948-255893473419,Bank of Baroda,INE028A01039,,,9493850.0,24545.4,INR,0.72,,,,{},2026-08-22 09:12:01.054763+00:00
74cca363-5b05-41a0-bdf8-f0b2cb72b02a,e52aceb7-9bc0-403c-a7ee-524034694c23,b223988d-6aa3-40ab-8cec-1f6a56428911,Ingersoll Rand (India) Ltd.,INE177A01018,,,616702.0,24272.77,INR,0.71,,,,{},2026-08-22 09:12:01.054763+00:00
6b9ddfed-7832-45fc-b692-ab589d4ff924,e52aceb7-9bc0-403c-a7ee-524034694c23,215691d3-5626-44ee-87e5-1ecfea78037f,National Aluminium Company Ltd.,INE139A01034,,,11000000.0,23525.7,INR,0.69,,,,{},2026-08-22 09:12:01.054763+00:00
a32e84d9-7e57-4920-a685-acd3c89bf18c,e52aceb7-9bc0-403c-a7ee-524034694c23,a0e0dd93-4e0b-4f3e-b343-2c573e0ea8e9,Nuvoco Vistas Corporation Ltd.,INE118D01016,,,5604494.0,23516.46,INR,0.69,,,,{},2026-08-22 09:12:01.054763+00:00
57ab7fdb-67df-40c9-b0cc-e0c0f9f5de91,e52aceb7-9bc0-403c-a7ee-524034694c23,824ee114-4c6e-49f7-8d36-f2e9d42d8cb1,The Ramco Cements Ltd.,INE331A01037,,,1854728.0,18276.49,INR,0.54,,,,{},2026-08-22 09:12:01.054763+00:00
920fd927-4f39-4031-b5c8-75ebb6ea3917,e52aceb7-9bc0-403c-a7ee-524034694c23,096dff19-3fe2-4fa9-82de-2cc3693dca58,Relaxo Footwears Ltd.,INE131B01039,,,4049449.0,18058.52,INR,0.53,,,,{},2026-08-22 09:12:01.054763+00:00
70789c21-4fdb-4397-8469-af9237d33d33,e52aceb7-9bc0-403c-a7ee-524034694c23,89ae7045-f29f-464c-ae62-785f6fb67d78,Hatsun Agro Product Ltd.,INE473B01035,,,1912000.0,17452.74,INR,0.51,,,,{},2026-08-22 09:12:01.054763+00:00
c0669d1a-cd13-4a14-94f5-74bcd7f0a017,e52aceb7-9bc0-403c-a7ee-524034694c23,b655e2c4-2dbe-4401-be02-be399b3d52a0,Blue Star Ltd.,INE472A01039,,,800000.0,15048.0,INR,0.44,,,,{},2026-08-22 09:12:01.054763+00:00
07f93125-337e-4c6e-b932-2143a8619ab0,e52aceb7-9bc0-403c-a7ee-524034694c23,83684de4-83c3-4775-bce1-8c88b1163587,Tube Investments of India Ltd.,INE974X01010,,,477423.0,14784.36,INR,0.43,,,,{},2026-08-22 09:12:01.054763+00:00
9d0a486c-e6f5-417d-853e-eeaaf6677f92,e52aceb7-9bc0-403c-a7ee-524034694c23,9023a42c-6105-4708-85fb-99a0c38e39e1,Neogen Chemicals Ltd.,INE136S01016,,,935051.0,14030.44,INR,0.41,,,,{},2026-08-22 09:12:01.054763+00:00
12234f57-528a-46a2-a208-6f1f6f933fab,e52aceb7-9bc0-403c-a7ee-524034694c23,91b5c8d5-8e66-416c-9f68-ab8f11ce3c54,Motherson Sumi Wiring India Ltd.,INE0FS801015,,,30000000.0,13713.0,INR,0.4,,,,{},2026-08-22 09:12:01.054763+00:00
f1eae988-8abe-4679-9229-1283ce911374,e52aceb7-9bc0-403c-a7ee-524034694c23,2d61fb67-b787-46c0-9318-5b4eb315b1fa,Aditya Birla Capital Ltd.,INE674K01013,,,4606200.0,13466.23,INR,0.4,,,,{},2026-08-22 09:12:01.054763+00:00
8609d71f-0e2b-4170-9e42-e334ed0d0005,e52aceb7-9bc0-403c-a7ee-524034694c23,e7c37435-ca42-44bb-a270-46f4c416b2e7,Bank of India,INE084A01016,,,10000000.0,12341.0,INR,0.36,,,,{},2026-08-22 09:12:01.054763+00:00
b5a3488c-d5eb-4f9a-9254-2e8c86f2896d,e52aceb7-9bc0-403c-a7ee-524034694c23,5797c8c3-ba8f-4dbd-b5d3-f48d82844f87,Ganesha Ecosphere Ltd.,INE845D01014,,,930776.0,10966.4,INR,0.32,,,,{},2026-08-22 09:12:01.054763+00:00
b6d68148-bb8c-4c82-9429-249c4d88dd16,e52aceb7-9bc0-403c-a7ee-524034694c23,a374f35c-399e-4968-8f1a-edd7bd801b82,MRF Ltd.,INE883A01011,,,7152.0,10429.05,INR,0.31,,,,{},2026-08-22 09:12:01.054763+00:00
7066a10a-b8a3-4459-9f8b-b856eaaaa8a7,e52aceb7-9bc0-403c-a7ee-524034694c23,876a6837-d5ab-49d9-a61e-8af9fda99408,Sheela Foam Ltd.,INE916U01025,,,1440401.0,9557.06,INR,0.28,,,,{},2026-08-22 09:12:01.054763+00:00
8be77cae-bb29-4adb-b021-0198315c10ae,e52aceb7-9bc0-403c-a7ee-524034694c23,c3013191-05c3-434b-9c17-08e71ae1bfc4,Lemon Tree Hotels Ltd.,INE970X01018,,,4210285.0,7002.12,INR,0.21,,,,{},2026-08-22 09:12:01.054763+00:00
b04a9324-b14c-4fbe-a698-64dccf548098,e52aceb7-9bc0-403c-a7ee-524034694c23,46618688-4a2d-4684-a684-92f52d5ff042,Gayatri Bioorganics Ltd.,INE052E01015,,,452200.0,54.4,INR,,,,,{},2026-08-22 09:12:01.054763+00:00
fbf9af44-28d4-4644-a951-9ed050ae0065,e52aceb7-9bc0-403c-a7ee-524034694c23,92c28569-d107-4a5a-a2bf-03efa3a65dba,Padmini Technologies Ltd.,INE114B01019,,,250.0,0.0,INR,,,,,{},2026-08-22 09:12:01.054763+00:00
05474ce7-5645-4088-bf70-2df836631009,e52aceb7-9bc0-403c-a7ee-524034694c23,7f4e1f3f-0d37-468a-9406-4d9fab78df56,Manpasand Beverages Ltd.,INE122R01018,,,1682520.0,0.0,INR,,,,,{},2026-08-22 09:12:01.054763+00:00
722e88f5-1809-4f9a-83c3-6f47ce679d7b,e52aceb7-9bc0-403c-a7ee-524034694c23,f76f5636-cdc0-4897-863c-7887c1c10e12,Epam Systems Inc,US29414B1044,,,146000.0,19547.93,INR,0.57,,,,{},2026-08-22 09:12:01.054763+00:00
2addf9fa-babb-456c-8940-2e3f87579f4c,e52aceb7-9bc0-403c-a7ee-524034694c23,238e513b-0c0b-44c9-8e5c-cd2c9d6ec33a,182 DAY T-BILL 27.02.26,IN002025Y222,,,10000000.0,9780.22,INR,0.29,5.505,,,{},2026-08-22 09:12:01.054763+00:00
2243d406-ee13-4168-a74f-9ded913df9ac,e52aceb7-9bc0-403c-a7ee-524034694c23,b68eb650-3970-463f-8ff4-dea0ff365a14,Cipla Ltd.,INE059A01026,,,6098542.0,91679.38,INR,3.01,,,,{},2026-08-22 09:12:01.054763+00:00
d5ae751c-19b2-4edc-a747-3be3ed4dd0da,e52aceb7-9bc0-403c-a7ee-524034694c23,4a1d96a5-9885-4d71-96fd-3f7731b91850,Mahindra & Mahindra Ltd.,INE101A01026,,,2515083.0,86191.89,INR,2.83,,,,{},2026-08-22 09:12:01.054763+00:00
132df908-a266-44c9-88cd-f3bc4ed79756,e52aceb7-9bc0-403c-a7ee-524034694c23,baf3f35e-6a6c-435c-8b78-c32f4cf178bc,Mahindra & Mahindra Financial Services Ltd.,INE774D01024,,,21086115.0,58050.07,INR,1.91,,,,{},2026-08-22 09:12:01.054763+00:00
353048b7-a3b4-474b-8228-0cef14a51101,e52aceb7-9bc0-403c-a7ee-524034694c23,9dcaaa4e-3b6b-46e4-bb9b-8ab557592d87,Bharti Airtel Ltd.,INE397D01024,,,3063576.0,57546.21,INR,1.89,,,,{},2026-08-22 09:12:01.054763+00:00
fd328a38-c0e7-49e8-9730-3bf9aec3c4de,e52aceb7-9bc0-403c-a7ee-524034694c23,50bd5374-6706-4736-8015-3d6de128303c,Tata Motors Ltd.,INE155A01022,,,7989722.0,54346.09,INR,1.79,,,,{},2026-08-22 09:12:01.054763+00:00
6edb5554-9ac5-4390-806d-f376182b6c06,e52aceb7-9bc0-403c-a7ee-524034694c23,edcf3074-f240-40cb-a8a8-68a055e3b25b,Tech Mahindra Ltd.,INE669C01036,,,3780741.0,52941.72,INR,1.74,,,,{},2026-08-22 09:12:01.054763+00:00
baf72d33-ea98-41af-9576-28f3e9f6535d,e52aceb7-9bc0-403c-a7ee-524034694c23,cbd98fd7-0a99-4a80-85ee-5150d1d74ee8,Swiggy Ltd.,INE00H001014,,,11448566.0,48421.71,INR,1.59,,,,{},2026-08-22 09:12:01.054763+00:00
066c8e66-30b8-44aa-85ac-b718eb6e4ba7,e52aceb7-9bc0-403c-a7ee-524034694c23,d93bcc62-7d24-4732-ae91-44acc0430b9c,GAIL (India) Ltd.,INE129A01019,,,26493555.0,46705.49,INR,1.54,,,,{},2026-08-22 09:12:01.054763+00:00
9853fded-d160-4e42-b710-11f96618abda,e52aceb7-9bc0-403c-a7ee-524034694c23,e62a6d83-e0bb-418d-afd0-01616459625c,Bharat Petroleum Corporation Ltd.,INE029A01011,,,12944725.0,43966.76,INR,1.45,,,,{},2026-08-22 09:12:01.054763+00:00
89e00ec1-f9d8-4d14-8e91-d23568ee9df9,e52aceb7-9bc0-403c-a7ee-524034694c23,64b333ab-9749-4bda-b89a-b4031ccc2187,ICICI Prudential Life Insurance Company Ltd.,INE726G01019,,,6904842.0,41097.62,INR,1.35,,,,{},2026-08-22 09:12:01.054763+00:00
5c1fa21f-0c5c-48a8-a779-99055aeeeb6b,e52aceb7-9bc0-403c-a7ee-524034694c23,22c1d77a-08fe-40db-a1e3-d97d521db799,Oil & Natural Gas Corporation Ltd.,INE213A01029,,,17000000.0,40715.0,INR,1.34,,,,{},2026-08-22 09:12:01.054763+00:00
5751c8b7-886c-475b-8db1-17cd41d597d0,e52aceb7-9bc0-403c-a7ee-524034694c23,788e98e0-3e58-4874-b369-7f927f1f1944,Tata Communications Ltd.,INE151A01013,,,2410947.0,38895.81,INR,1.28,,,,{},2026-08-22 09:12:01.054763+00:00
440735fc-c595-4696-8e34-b43f09937897,e52aceb7-9bc0-403c-a7ee-524034694c23,f7fa7a75-4c2f-4b36-8486-845df5ad2049,Hexaware Technologies Ltd.,INE093A01041,,,5404493.0,36237.13,INR,1.19,,,,{},2026-08-22 09:12:01.054763+00:00
df13865d-0600-42e9-94a0-b6c3b9f18050,e52aceb7-9bc0-403c-a7ee-524034694c23,e65a3ba8-5057-4cf0-9ac6-455931ab906a,TVS Holdings Ltd.,INE105A01035,,,268476.0,34257.54,INR,1.13,,,,{},2026-08-22 09:12:01.054763+00:00
52ba2db4-515f-42d4-880e-f8b4fbf9a90f,e52aceb7-9bc0-403c-a7ee-524034694c23,51ca913e-bec8-44d6-9c7d-ec04b7ee9c76,Sundaram Clayton Ltd.,INE0Q3R01026,,,1921616.0,32306.21,INR,1.06,,,,{},2026-08-22 09:12:01.054763+00:00
a27bebc7-d539-439c-a096-d4a8698d26d2,e52aceb7-9bc0-403c-a7ee-524034694c23,9eb46772-7896-45dc-bb2a-ca7a89a58bca,Prism Johnson Ltd.,INE010A01011,,,20196398.0,32041.59,INR,1.05,,,,{},2026-08-22 09:12:01.054763+00:00
28337a56-af11-4655-ae7e-af66ec690c88,e52aceb7-9bc0-403c-a7ee-524034694c23,ec8aba75-7b89-4b7d-9c01-80027cfecd44,Mahindra Lifespace Developers Ltd.,INE813A01018,,,8973058.0,31706.3,INR,1.04,,,,{},2026-08-22 09:12:01.054763+00:00
2440d3ec-559c-4d8b-a2b9-6f0b178b097d,e52aceb7-9bc0-403c-a7ee-524034694c23,5b49f01e-d74d-458a-8698-5832ab46b0ab,Grindwell Norton Ltd.,INE536A01023,,,1909590.0,30328.11,INR,1.0,,,,{},2026-08-22 09:12:01.054763+00:00
00c5521f-b13d-4152-b002-5f75214e8341,e52aceb7-9bc0-403c-a7ee-524034694c23,9e0a4b09-b827-429e-96ec-81d130c42176,Medplus Health Services Ltd.,INE804L01022,,,3997983.0,30282.72,INR,1.0,,,,{},2026-08-22 09:12:01.054763+00:00
514c4fb4-1b5b-4aea-95ac-4fa86d3ed3cc,e52aceb7-9bc0-403c-a7ee-524034694c23,3abb393f-0b18-4fb9-a6fe-b2d586662970,Cummins India Ltd.,INE298A01020,,,763190.0,29966.66,INR,0.99,,,,{},2026-08-22 09:12:01.054763+00:00
57703a2e-9042-4893-b2f1-d75ddfe58330,e52aceb7-9bc0-403c-a7ee-524034694c23,23662703-a440-4036-8c1d-d09ad4c41995,The Federal Bank Ltd.,INE171A01029,,,15000000.0,28939.5,INR,0.95,,,,{},2026-08-22 09:12:01.054763+00:00
73e6ca34-d377-43b0-ac9f-79aff5553e5b,e52aceb7-9bc0-403c-a7ee-524034694c23,662d414b-a50f-47a6-8513-b73fe1ba3047,Rallis India Ltd.,INE613A01020,,,8654179.0,26382.26,INR,0.87,,,,{},2026-08-22 09:12:01.054763+00:00
debe0154-adb7-4c4d-a372-32dd0f194905,e52aceb7-9bc0-403c-a7ee-524034694c23,9706ffc0-2e12-4952-9f92-3d37019c1d1d,Equitas Small Finance Bank Ltd.,INE063P01018,,,44472693.0,25429.49,INR,0.84,,,,{},2026-08-22 09:12:01.054763+00:00
4ae8a622-8b81-4f52-81df-c37ddcdf8f5f,e52aceb7-9bc0-403c-a7ee-524034694c23,ae4334be-38a1-499f-ba17-1ecdb7a481f2,Life Insurance Corporation of India,INE0J1Y01017,,,2347834.0,21138.72,INR,0.69,,,,{},2026-08-22 09:12:01.054763+00:00
eea20360-51c2-4b4f-b586-a9f5d8783e2e,e52aceb7-9bc0-403c-a7ee-524034694c23,6333b159-91be-47ab-a2fb-d9d67290afb0,Fortis Healthcare Ltd.,INE061F01013,,,2080059.0,20172.41,INR,0.66,,,,{},2026-08-22 09:12:01.054763+00:00
84cd2b81-e9eb-430e-a9a9-ff27fb37df6b,e52aceb7-9bc0-403c-a7ee-524034694c23,76edac44-b8a8-481d-a93e-5e02b6185d90,JSW Cement Ltd.,INE718I01012,,,11611984.0,16011.76,INR,0.53,,,,{},2026-08-22 09:12:01.054763+00:00
dd5d0a74-9a5c-4f8d-9240-df043ac42fdb,e52aceb7-9bc0-403c-a7ee-524034694c23,2dddbb2f-679f-4e0a-b4f5-d752b39d2fee,HeidelbergCement India Ltd.,INE578A01017,,,7655191.0,15370.86,INR,0.51,,,,{},2026-08-22 09:12:01.054763+00:00
f3e47cc9-1c26-42dd-aa35-46d7104c15f1,e52aceb7-9bc0-403c-a7ee-524034694c23,de4f6e62-221b-443d-a924-c5644e0092a2,Gujarat State Petronet Ltd.,INE246F01010,,,4676293.0,14475.46,INR,0.48,,,,{},2026-08-22 09:12:01.054763+00:00
c75d8289-b52f-4aa8-9453-67730a2066f6,e52aceb7-9bc0-403c-a7ee-524034694c23,b6c73c6b-ab31-45a3-ba9d-5583dae13fe9,Chemplast Sanmar Ltd.,INE488A01050,,,3714431.0,14445.42,INR,0.47,,,,{},2026-08-22 09:12:01.054763+00:00
df4bf9f1-2de4-4a87-8b24-959f64183e79,e52aceb7-9bc0-403c-a7ee-524034694c23,83458388-f3cc-4da6-bdf5-ddc0b5906859,Niva Bupa Health Insurance Company Ltd.,INE995S01015,,,16098757.0,13175.22,INR,0.43,,,,{},2026-08-22 09:12:01.054763+00:00
94d8db64-3531-4a23-a238-22efe7250725,e52aceb7-9bc0-403c-a7ee-524034694c23,f774ef60-4cbe-4e21-b683-7eecb222ff16,Pitti Engineering Ltd.,INE450D01021,,,1092606.0,10881.26,INR,0.36,,,,{},2026-08-22 09:12:01.054763+00:00
13fd06c0-72cf-4e61-926d-bdc06f4f992e,e52aceb7-9bc0-403c-a7ee-524034694c23,6d2e827b-43e5-4ac1-8938-d3d83d047804,Aavas Financiers Ltd.,INE216P01012,,,648860.0,10601.72,INR,0.35,,,,{},2026-08-22 09:12:01.054763+00:00
bc524953-97ef-4ebf-9da2-32b26522f49f,e52aceb7-9bc0-403c-a7ee-524034694c23,8d0212fd-be44-4825-8411-442ea396167c,Sanofi Consumer Healthcare India Ltd.,INE0UOS01011,,,147988.0,6985.77,INR,0.23,,,,{},2026-08-22 09:12:01.054763+00:00
875c2b6c-0e29-47c2-89fd-5cebd174da00,e52aceb7-9bc0-403c-a7ee-524034694c23,b2f1a11e-b4b1-4138-ac2f-2df2249edb7d,Sanofi India Ltd.,INE058A01010,,,147988.0,6881.44,INR,0.23,,,,{},2026-08-22 09:12:01.054763+00:00
e4530f9e-dd78-44ac-8735-7373e286bbcf,e52aceb7-9bc0-403c-a7ee-524034694c23,5ac1fcbf-d2c7-46f5-b4f6-cfe416674491,HDB Financial Services Ltd.,INE756I01012,,,297423.0,2231.56,INR,0.07,,,,{},2026-08-22 09:12:01.054763+00:00
e68aa1b1-e64d-41a4-949e-0a33437a47ce,e52aceb7-9bc0-403c-a7ee-524034694c23,4bfdaea6-c89a-4e1b-b54f-ed61c2726bca,SRF Ltd.,INE647A01010,,,39070.0,1103.18,INR,0.04,,,,{},2026-08-22 09:12:01.054763+00:00
9637ad3b-cb8a-499b-972a-7f1d04c87d86,e52aceb7-9bc0-403c-a7ee-524034694c23,76b22199-3acb-41e5-b510-3839b1bcebfa,Britannia Industries Ltd.,INE216A01030,,,500000.0,29955.0,INR,5.1,,,,{},2026-08-22 09:12:01.054763+00:00
449e1bf5-747e-4628-9e4f-5481ba020066,e52aceb7-9bc0-403c-a7ee-524034694c23,2297d8fd-7cf7-4971-9930-375577346d7b,Aether Industries Ltd.,INE0BWX01014,,,3100000.0,23310.45,INR,3.97,,,,{},2026-08-22 09:12:01.054763+00:00
00372ed6-66bf-40fa-9b4d-edcfdbd8f7dd,e52aceb7-9bc0-403c-a7ee-524034694c23,6dbff94c-1df4-4b23-a3d0-06183c55e8ed,Garware Technical Fibres Ltd.,INE276A01018,,,3000000.0,22293.0,INR,3.79,,,,{},2026-08-22 09:12:01.054763+00:00
42c3255f-585a-4e34-a813-35447e312a05,e52aceb7-9bc0-403c-a7ee-524034694c23,4efce93d-1561-45b4-9702-66718684b782,Gokaldas Exports Ltd.,INE887G01027,,,2963439.0,21335.28,INR,3.63,,,,{},2026-08-22 09:12:01.054763+00:00
fd7cf263-26bd-4bda-899d-fbd8cb0a75a5,e52aceb7-9bc0-403c-a7ee-524034694c23,f8d2570d-bb88-4c7c-b9a1-2467708bf50f,Samvardhana Motherson International Ltd.,INE775A01035,,,12500000.0,13206.25,INR,2.25,,,,{},2026-08-22 09:12:01.054763+00:00
d55d3e81-3ab1-4c5a-a4f5-583369249569,e52aceb7-9bc0-403c-a7ee-524034694c23,266c6e64-e375-4948-9604-234f65ce638a,Navin Fluorine International Ltd.,INE048G01026,,,280000.0,12940.2,INR,2.2,,,,{},2026-08-22 09:12:01.054763+00:00
35ad807b-aa65-4be4-b0cd-f8fceb5af7af,e52aceb7-9bc0-403c-a7ee-524034694c23,0b48a83c-a4a9-49b8-8e74-42dafa5fe67c,ESAB India Ltd.,INE284A01012,,,250000.0,12328.75,INR,2.1,,,,{},2026-08-22 09:12:01.054763+00:00
5413b7aa-396c-436f-afbc-7424e5ee93d2,e52aceb7-9bc0-403c-a7ee-524034694c23,e30d2034-8b72-4157-867b-c0e84c440ef7,Anthem Biosciences Ltd.,INE0CZ201020,,,1600000.0,12179.2,INR,2.07,,,,{},2026-08-22 09:12:01.054763+00:00
1d63435a-7e95-468e-8134-0cecb8d5f64e,e52aceb7-9bc0-403c-a7ee-524034694c23,e9720abe-40bb-4e72-b6fd-75368614c128,Biocon Ltd.,INE376G01013,,,3500000.0,11935.0,INR,2.03,,,,{},2026-08-22 09:12:01.054763+00:00
4505de48-5597-4b6d-989c-c21701eef53c,e52aceb7-9bc0-403c-a7ee-524034694c23,77de1ac5-4cd8-4f19-b79b-3e8906050ea0,Clean Science & Technology Ltd.,INE227W01023,,,1000000.0,10986.0,INR,1.87,,,,{},2026-08-22 09:12:01.054763+00:00
12e7fbb9-45ad-4d69-8ee4-06a16288bdf0,e52aceb7-9bc0-403c-a7ee-524034694c23,0ec4e956-01f4-491d-9283-d49ddd5cd2e3,Hyundai Motor India Ltd.,INE0V6F01027,,,400000.0,10337.6,INR,1.76,,,,{},2026-08-22 09:12:01.054763+00:00
1e1c88c7-350c-4dda-a804-2ce4c73b01e6,e52aceb7-9bc0-403c-a7ee-524034694c23,3aa32f41-6c4c-4734-84eb-193370592f64,Polymedicure Ltd.,INE205C01021,,,500000.0,9740.5,INR,1.66,,,,{},2026-08-22 09:12:01.054763+00:00
aba02197-53e6-4e5e-a5e3-bc6a213e388a,e52aceb7-9bc0-403c-a7ee-524034694c23,6d8ed4a8-8f16-4324-94c7-04da2e467403,Kennametal India Ltd.,INE717A01029,,,428223.0,8948.79,INR,1.52,,,,{},2026-08-22 09:12:01.054763+00:00
ff33e2df-4351-4d50-95b0-9b625d3dfc91,e52aceb7-9bc0-403c-a7ee-524034694c23,b31364c1-47b8-42bd-becc-cf942b88d1bd,Cohance Lifesciences Ltd.,INE03QK01018,,,1000000.0,8791.0,INR,1.5,,,,{},2026-08-22 09:12:01.054763+00:00
01ff29b1-6ed0-454e-a208-7333ebf5d8ad,e52aceb7-9bc0-403c-a7ee-524034694c23,7f5c6dc5-b9b1-4c41-8aea-73c82eba6e43,Whirlpool of India Ltd.,INE716A01013,,,664048.0,7910.14,INR,1.35,,,,{},2026-08-22 09:12:01.054763+00:00
1b119bca-8f7f-48d8-b5f7-3aa4160c292b,e52aceb7-9bc0-403c-a7ee-524034694c23,71086009-dd30-488e-be7b-effb3989cbe5,Nazara Technologies Ltd.,INE418L01047,,,2800000.0,7128.8,INR,1.21,,,,{},2026-08-22 09:12:01.054763+00:00
ca0feefc-1a76-473c-b83f-f2b5483c3ec7,e52aceb7-9bc0-403c-a7ee-524034694c23,63b67549-d700-4387-8bc0-f19a168a9e97,Privi Speciality Chemicals Ltd.,INE959A01019,,,200000.0,4769.8,INR,0.81,,,,{},2026-08-22 09:12:01.054763+00:00
77f9ba3c-fd81-45ba-b3cd-c2aa0db5003c,e52aceb7-9bc0-403c-a7ee-524034694c23,7090fae5-74d2-4d3e-b2c1-3824e15bdf5f,Avenue Supermarts Ltd.,INE192R01011,,,252611.0,11305.35,INR,3.55,,,,{},2026-08-22 09:12:01.054763+00:00
8b054626-fcb5-42f6-8d93-3f681f8b6e28,e52aceb7-9bc0-403c-a7ee-524034694c23,46eb2e70-7891-4b08-b157-989e977efc1c,EIH Ltd.,INE230A01023,,,2184044.0,7860.37,INR,2.47,,,,{},2026-08-22 09:12:01.054763+00:00
84dca489-ea00-4e8d-91f0-4a47007c347a,e52aceb7-9bc0-403c-a7ee-524034694c23,deb0a228-42d4-4fb9-a67c-0f75929cb02b,Voltas Ltd.,INE226A01021,,,505000.0,6835.18,INR,2.15,,,,{},2026-08-22 09:12:01.054763+00:00
0fe60147-6f57-4651-8482-2d4912026fca,e52aceb7-9bc0-403c-a7ee-524034694c23,cadf3a97-c389-493f-8a75-a8c3b4db1039,Doms Industries Ltd.,INE321T01012,,,250000.0,6215.75,INR,1.95,,,,{},2026-08-22 09:12:01.054763+00:00
76315f33-3f32-48ee-8427-b96e8640cc58,e52aceb7-9bc0-403c-a7ee-524034694c23,037c63a9-00a5-469a-8d14-c7d222453e07,Brainbees Solutions Ltd.,INE02RE01045,,,1699255.0,6181.89,INR,1.94,,,,{},2026-08-22 09:12:01.054763+00:00
3f091351-283f-4e4d-b0c6-6575cff8933a,e52aceb7-9bc0-403c-a7ee-524034694c23,b66505bf-ccf8-4d90-b1ac-29ab6ed4706c,Campus Activewear Ltd.,INE278Y01022,,,1753580.0,4727.65,INR,1.49,,,,{},2026-08-22 09:12:01.054763+00:00
4b027488-74ca-4cb3-bac3-567594d264ef,e52aceb7-9bc0-403c-a7ee-524034694c23,ab495ff1-0bff-4f37-ab08-ddd41c88d760,Flair Writing Industries Ltd.,INE00Y201027,,,1550000.0,4664.73,INR,1.47,,,,{},2026-08-22 09:12:01.054763+00:00
19b2680b-dd43-4c25-ad46-3d3230e46225,e52aceb7-9bc0-403c-a7ee-524034694c23,57af198a-c333-4eaa-b673-bb2eff8f4ccd,Hawkins Cookers Ltd.,INE979B01015,,,48501.0,4227.52,INR,1.33,,,,{},2026-08-22 09:12:01.054763+00:00
8a12664f-31a4-4bf7-9228-a9c2b9095c93,e52aceb7-9bc0-403c-a7ee-524034694c23,c071bda3-8e0e-4134-b560-1d18ff761001,United Spirits Ltd.,INE854D01024,,,300000.0,3972.9,INR,1.25,,,,{},2026-08-22 09:12:01.054763+00:00
2e2f529a-d1bb-4f03-85f0-db56f47dd594,e52aceb7-9bc0-403c-a7ee-524034694c23,98a02eff-8cc0-4a15-8c1e-7b9687ba23a1,Westlife Foodworld Ltd.,INE274F01020,,,561453.0,3860.55,INR,1.21,,,,{},2026-08-22 09:12:01.054763+00:00
a0b81269-7156-4c5e-889a-57b35c50a588,e52aceb7-9bc0-403c-a7ee-524034694c23,593a1afa-77bd-4e38-b406-718a003a3d83,Titan Company Ltd.,INE280A01028,,,100000.0,3367.0,INR,1.06,,,,{},2026-08-22 09:12:01.054763+00:00
0c338c5a-5fdd-4ed3-9567-9e0530391351,e52aceb7-9bc0-403c-a7ee-524034694c23,74d362c8-ea30-4a25-9400-290526388a1c,Vishal Mega Mart Ltd.,INE01EA01019,,,2200480.0,3278.94,INR,1.03,,,,{},2026-08-22 09:12:01.054763+00:00
3486495c-bd06-41d8-8f96-26c74a9bde83,e52aceb7-9bc0-403c-a7ee-524034694c23,de2e5498-d7b3-4487-9e54-d7bdd5d67fe2,V-Guard Industries Ltd.,INE951I01027,,,812502.0,3050.95,INR,0.96,,,,{},2026-08-22 09:12:01.054763+00:00
80767570-f6c9-463e-a068-977b508a814a,e52aceb7-9bc0-403c-a7ee-524034694c23,93de308b-3653-4768-89b1-73c4bf8e5d94,Aditya Infotech Ltd.,INE819V01029,,,222222.0,2931.77,INR,0.92,,,,{},2026-08-22 09:12:01.054763+00:00
86614292-701b-4f08-8d41-d5ca53c6ea14,e52aceb7-9bc0-403c-a7ee-524034694c23,563113b0-592b-40a2-9c99-87bf58a6913b,Dodla Dairy Ltd.,INE021O01019,,,200000.0,2650.0,INR,0.83,,,,{},2026-08-22 09:12:01.054763+00:00
ed4e40c5-49b6-477b-b360-ce6e808afe45,e52aceb7-9bc0-403c-a7ee-524034694c23,d1f501fc-d119-41a8-8a95-081716cd8251,Varun Beverages Ltd.,INE200M01039,,,530973.0,2355.93,INR,0.74,,,,{},2026-08-22 09:12:01.054763+00:00
fe3d2ea6-0618-436c-9499-4b33bf6125c6,e52aceb7-9bc0-403c-a7ee-524034694c23,6ce8280d-9f79-46d2-a5f8-b27fd56278cf,Stanley Lifestyles Ltd.,INE01A001028,,,757725.0,2200.81,INR,0.69,,,,{},2026-08-22 09:12:01.054763+00:00
28b8afaf-039f-4ee6-97d1-0164ff3e4b0c,e52aceb7-9bc0-403c-a7ee-524034694c23,531f1f40-ae35-4f6f-9c4b-8ee0c638ae4a,Sula Vineyards Ltd.,INE142Q01026,,,807441.0,2102.41,INR,0.66,,,,{},2026-08-22 09:12:01.054763+00:00
5b52e29a-e179-4a3e-a1da-ecd132e476fd,e52aceb7-9bc0-403c-a7ee-524034694c23,4fa11abd-6216-4942-9213-5058539b15cd,Go Fashion (India) Ltd.,INE0BJS01011,,,290323.0,1957.21,INR,0.62,,,,{},2026-08-22 09:12:01.054763+00:00
849aee2a-edca-4279-b350-58f87a1c98e1,e52aceb7-9bc0-403c-a7ee-524034694c23,c2f6d743-6297-4602-ac47-0e5381c031f7,Avanti Feeds Ltd.,INE871C01038,,,248546.0,1592.68,INR,0.5,,,,{},2026-08-22 09:12:01.054763+00:00
32733f7e-6fbd-41d4-aad5-666754c64576,e52aceb7-9bc0-403c-a7ee-524034694c23,558dabc5-ebc2-48d9-ae33-6b13908eb73c,Brigade Hotel Ventures Ltd.,INE03NU01014,,,1349746.0,1108.82,INR,0.35,,,,{},2026-08-22 09:12:01.054763+00:00
dadf8bc5-e313-4176-a21d-a93e92e2681a,e52aceb7-9bc0-403c-a7ee-524034694c23,2c9118bb-afb0-40ef-a606-524ccccf5cc6,Apollo Tyres Ltd.,INE438A01022,,,117246.0,554.51,INR,0.17,,,,{},2026-08-22 09:12:01.054763+00:00
0e70b294-b675-4aa8-8bf5-ec5af42f845f,e52aceb7-9bc0-403c-a7ee-524034694c23,6644084b-07b6-46b5-8658-1250f0762571,Coforge Ltd.,INE591G01025,,,1900000.0,30229.0,INR,6.41,,,,{},2026-08-22 09:12:01.054763+00:00
8853fa71-1416-47ac-baad-ee4f8e205144,e52aceb7-9bc0-403c-a7ee-524034694c23,4c93cf67-5c29-44a6-8ec4-4f313c021be5,Firstsource Solutions Ltd.,INE684F01012,,,7645887.0,25139.68,INR,5.33,,,,{},2026-08-22 09:12:01.054763+00:00
e270ae66-23ce-4229-afc1-ad7d88bd5a7f,e52aceb7-9bc0-403c-a7ee-524034694c23,4d496f63-0c3a-4684-a53a-c0e90826f29d,Eternal Ltd.,INE758T01015,,,7530530.0,24511.88,INR,5.2,,,,{},2026-08-22 09:12:01.054763+00:00
b6f9dde3-4415-47db-bbb5-899220ed44e3,e52aceb7-9bc0-403c-a7ee-524034694c23,46e2cdbe-4ff9-40b1-a817-e39f09d4effb,BlackBuck Ltd.,INE0UIZ01018,,,3536533.0,22029.06,INR,4.67,,,,{},2026-08-22 09:12:01.054763+00:00
b1915706-e9f2-48d6-94c2-da4fc4d100d1,e52aceb7-9bc0-403c-a7ee-524034694c23,3fc0586a-3d7d-4c1b-aef3-5e75c2d08926,PB Fintech Ltd.,INE417T01026,,,700000.0,11914.0,INR,2.53,,,,{},2026-08-22 09:12:01.054763+00:00
a5aa8125-46cc-45bd-92fa-0409dd01e18c,e52aceb7-9bc0-403c-a7ee-524034694c23,c434892e-c15f-43e1-952e-d2a737110e9b,Persistent Systems Ltd.,INE262H01021,,,220000.0,10609.5,INR,2.25,,,,{},2026-08-22 09:12:01.054763+00:00
fbcaa93b-17cb-4183-8da3-dfe9d3859dfb,e52aceb7-9bc0-403c-a7ee-524034694c23,6199018d-7c58-474c-a58d-dc90f268897e,TBO Tek Ltd.,INE673O01025,,,544309.0,8301.26,INR,1.76,,,,{},2026-08-22 09:12:01.054763+00:00
1564c659-2c67-46b0-846c-61777caca1ad,e52aceb7-9bc0-403c-a7ee-524034694c23,5f462280-07d5-48df-b289-cdd036392489,Indegene Ltd.,INE065X01017,,,892860.0,5008.94,INR,1.06,,,,{},2026-08-22 09:12:01.054763+00:00
fad67c8a-6a0e-45c3-aea6-507fb7277d10,e52aceb7-9bc0-403c-a7ee-524034694c23,1da9e832-9e24-407d-b9bc-3d768749068e,eMudhra Ltd.,INE01QM01018,,,681746.0,4659.39,INR,0.99,,,,{},2026-08-22 09:12:01.054763+00:00
b16ccbeb-e18e-4d48-ab6c-7d18665ce7b5,e52aceb7-9bc0-403c-a7ee-524034694c23,cce752b1-8e5e-4a91-900c-d26bc445c944,Route Mobile Ltd.,INE450U01017,,,583427.0,4618.12,INR,0.98,,,,{},2026-08-22 09:12:01.054763+00:00
1eb37307-4f69-4a58-a675-08143608222d,e52aceb7-9bc0-403c-a7ee-524034694c23,babb28d8-7a57-4763-8d8c-db367c550637,PVR Inox Ltd.,INE191H01014,,,400000.0,4300.0,INR,0.91,,,,{},2026-08-22 09:12:01.054763+00:00
6fb4ee0b-8b63-4c0c-8ea4-7828130b6826,e52aceb7-9bc0-403c-a7ee-524034694c23,20e58aae-9bd8-46db-a989-eaab41528b6a,NIIT Learning Systems Ltd.,INE342G01023,,,1091456.0,3580.52,INR,0.76,,,,{},2026-08-22 09:12:01.054763+00:00
67b6939c-55d6-4051-93a0-50540cd96d03,e52aceb7-9bc0-403c-a7ee-524034694c23,f0d1b310-fd92-4781-9df3-5dfa05464231,Unicommerce Esolutions Ltd.,INE00U401027,,,1252886.0,1789.37,INR,0.38,,,,{},2026-08-22 09:12:01.054763+00:00
9a2065dc-8e52-4869-97c6-b8b47713ad19,e52aceb7-9bc0-403c-a7ee-524034694c23,ce790918-0f14-4d1b-8432-9714b261690e,SIP Technologies  Ltd.,INE468B01019,,,35014.0,0.0,INR,,,,,{},2026-08-22 09:12:01.054763+00:00
a26fc468-7241-40d6-af02-693dc90f71a2,e52aceb7-9bc0-403c-a7ee-524034694c23,b2714320-452f-45a0-9045-a624e6e54d8a,Cognizant Technology Solutions Corporation,US1924461023,,,330000.0,19652.49,INR,4.17,,,,{},2026-08-22 09:12:01.054763+00:00
7e26761c-9c46-437f-b994-e83025db27fa,e52aceb7-9bc0-403c-a7ee-524034694c23,83ece527-5f90-4569-80de-e29d192b5e77,Max Healthcare Institute Ltd.,INE027H01010,,,2000000.0,22294.0,INR,5.67,,,,{},2026-08-22 09:12:01.054763+00:00
ae8ff25b-ea4a-4111-971c-00a6b3f1b552,e52aceb7-9bc0-403c-a7ee-524034694c23,eb76d849-f285-422b-a6e6-f9bb828f12ee,Torrent Pharmaceuticals Ltd.,INE685A01028,,,400000.0,14412.8,INR,3.66,,,,{},2026-08-22 09:12:01.054763+00:00
b9ca800d-669b-493f-bf85-b63429d0c570,e52aceb7-9bc0-403c-a7ee-524034694c23,633c0e0a-eb27-4f51-8075-f63fb5375083,Mankind Pharma Ltd.,INE634S01028,,,540000.0,13152.78,INR,3.34,,,,{},2026-08-22 09:12:01.054763+00:00
d20ad71d-2839-4d27-a1b1-31320e7d1042,e52aceb7-9bc0-403c-a7ee-524034694c23,15c98829-36d2-44a7-8f93-f31f5faf02e1,Aster DM Healthcare Ltd.,INE914M01019,,,2017054.0,12645.92,INR,3.22,,,,{},2026-08-22 09:12:01.054763+00:00
50f84df7-b747-4312-b2c1-9d869b1cfef1,e52aceb7-9bc0-403c-a7ee-524034694c23,be3aa543-7143-4a41-9628-dd07485c2b7e,Jupiter Life Line Hospitals Ltd.,INE682M01012,,,828707.0,12603.8,INR,3.2,,,,{},2026-08-22 09:12:01.054763+00:00
6228493d-09b1-4933-8d66-4ecbd88e691f,e52aceb7-9bc0-403c-a7ee-524034694c23,723a9ae0-5521-4cb9-ac0d-4c8de22f691a,Krishna Institute of Medical Sciences Ltd.,INE967H01025,,,1750000.0,12252.63,INR,3.12,,,,{},2026-08-22 09:12:01.054763+00:00
fee0e2b1-9b12-4436-ad6a-b4655ed29fa2,e52aceb7-9bc0-403c-a7ee-524034694c23,dab53115-7005-4bc4-9492-c8b5db9aaa09,Concord Biotech Ltd.,INE338H01029,,,720000.0,11863.44,INR,3.02,,,,{},2026-08-22 09:12:01.054763+00:00
6b678ea3-433c-4833-af24-458514618dff,e52aceb7-9bc0-403c-a7ee-524034694c23,cd5da874-0250-4084-86a2-466437c81073,Vijaya Diagnostic Centre Ltd.,INE043W01024,,,600000.0,6000.0,INR,1.53,,,,{},2026-08-22 09:12:01.054763+00:00
62041554-1aea-48b8-91f5-a161cf09091a,e52aceb7-9bc0-403c-a7ee-524034694c23,28e70b13-af23-4260-914d-7bbf29cb10a7,Pfizer Ltd.,INE182A01018,,,100000.0,5036.0,INR,1.28,,,,{},2026-08-22 09:12:01.054763+00:00
4e5cd2e5-2fb8-4828-bdf4-123ab7ae3d2e,e52aceb7-9bc0-403c-a7ee-524034694c23,05aa103e-2837-45e7-be03-e139a5ae7645,Rainbow Children's Medicare Ltd.,INE961O01016,,,368856.0,5001.69,INR,1.27,,,,{},2026-08-22 09:12:01.054763+00:00
e04d1dbf-180e-4acf-8b74-a898ab11f681,e52aceb7-9bc0-403c-a7ee-524034694c23,2cf50928-7e8a-451c-908b-fd3ed5f0266c,Gufic Biosciences Ltd.,INE742B01025,,,1000000.0,3544.5,INR,0.9,,,,{},2026-08-22 09:12:01.054763+00:00
a8afe5ab-d600-442b-87ff-5a8d5a48cd2a,e52aceb7-9bc0-403c-a7ee-524034694c23,6d737746-1910-403a-b73d-64591176ac37,Lonza Group,US54338V1017,,,270000.0,15976.22,INR,4.06,,,,{},2026-08-22 09:12:01.054763+00:00
b42ca5fd-ab7c-46ba-9b47-f4cbdc6ff627,e52aceb7-9bc0-403c-a7ee-524034694c23,4bf3bb0d-48c1-4738-a479-c07b91050f27,Dabur India Ltd.,INE016A01026,,,18846663.0,92593.66,INR,1.96,,,,{},2026-08-22 09:12:01.054763+00:00
9feaa89c-aa78-4e62-aa30-c56bde42adb2,e52aceb7-9bc0-403c-a7ee-524034694c23,4397340d-bb5c-40a4-8c47-8afdf8e9d654,Indian Oil Corporation Ltd.,INE242A01010,,,36049578.0,53998.66,INR,1.14,,,,{},2026-08-22 09:12:01.054763+00:00
7882657b-053d-44c6-99be-0041ceb51aff,e52aceb7-9bc0-403c-a7ee-524034694c23,5a3b0e11-3cc4-4cb4-8fc4-232f6fce3661,CESC Ltd.,INE486A01021,,,21853430.0,35391.63,INR,0.75,,,,{},2026-08-22 09:12:01.054763+00:00
303d7208-53ec-4631-bf6c-9645cce818b0,e52aceb7-9bc0-403c-a7ee-524034694c23,67b10def-dbf6-404e-bfd7-d947f9d9b990,Grasim Industries Ltd.,INE047A01021,,,1115585.0,30755.56,INR,0.65,,,,{},2026-08-22 09:12:01.054763+00:00
da82e2d1-cf2a-4cea-83f8-9005874e31b9,e52aceb7-9bc0-403c-a7ee-524034694c23,0e26625c-f791-461c-89da-ab711fd6d104,Bandhan Bank Ltd.,INE545U01014,,,15242793.0,24725.33,INR,0.52,,,,{},2026-08-22 09:12:01.054763+00:00
370c785d-0cf3-4256-9573-4b97199a526d,e52aceb7-9bc0-403c-a7ee-524034694c23,2b763bbd-77cc-4b70-807f-6bce23e18a4c,NMDC Ltd.,INE584A01023,,,28539000.0,21789.53,INR,0.46,,,,{},2026-08-22 09:12:01.054763+00:00
571e2cd4-a555-4d81-a1bd-06e15cfa5871,e52aceb7-9bc0-403c-a7ee-524034694c23,ae139981-fe7f-45bb-a679-f5bb7ac49dbf,Ashiana Housing Ltd.,INE365D01021,,,7189147.0,21520.71,INR,0.46,,,,{},2026-08-22 09:12:01.054763+00:00
87508545-2f9d-47a8-b0ff-a40132a56462,e52aceb7-9bc0-403c-a7ee-524034694c23,35ba0abf-fea2-482d-95ce-a72dc0edb3b4,K.P.R. Mill Ltd.,INE930H01031,,,1886132.0,20084.48,INR,0.43,,,,{},2026-08-22 09:12:01.054763+00:00
6b363430-30e5-4d74-a89d-f4ddda1b7478,e52aceb7-9bc0-403c-a7ee-524034694c23,de1faeb6-f162-4106-8183-e999b62be4ab,Disa India Ltd.,INE131C01011,,,114711.0,15483.46,INR,0.33,,,,{},2026-08-22 09:12:01.054763+00:00
530606de-7897-4197-be8a-b683c9a25be4,e52aceb7-9bc0-403c-a7ee-524034694c23,ab964bfb-c5b3-473d-99a1-1990b6b9bfdc,WENDT (India) Ltd.,INE274C01019,,,116363.0,10230.05,INR,0.22,,,,{},2026-08-22 09:12:01.054763+00:00
c5113ce6-dda6-410c-b0e5-533608f5e137,e52aceb7-9bc0-403c-a7ee-524034694c23,1e6610c5-3a6a-49bf-b208-163571ce5032,Carborundum Universal Ltd.,INE120A01034,,,898953.0,8312.17,INR,0.18,,,,{},2026-08-22 09:12:01.054763+00:00
2b00d777-1f5d-49f3-a6f6-316cf6d36a0e,e52aceb7-9bc0-403c-a7ee-524034694c23,0d8a19f0-52d3-4397-b4c9-2674da8d9b4e,Gateway Distriparks Ltd.,INE079J01017,,,9934596.0,6087.92,INR,0.13,,,,{},2026-08-22 09:12:01.054763+00:00
1ebe22db-6c7e-497d-b40a-dd446f52bf37,e52aceb7-9bc0-403c-a7ee-524034694c23,08726629-652e-492f-b4d1-75f3513115b6,E.I.D-Parry (India) Ltd.,INE126A01031,,,518414.0,5316.34,INR,0.11,,,,{},2026-08-22 09:12:01.054763+00:00
a45a203d-1441-4b3f-8f22-e7e9187c7fcb,e52aceb7-9bc0-403c-a7ee-524034694c23,6f227879-2219-41bd-9a98-f6b93315af1a,Greenply Industries Ltd.,INE461C01038,,,1350179.0,4072.14,INR,0.09,,,,{},2026-08-22 09:12:01.054763+00:00
57abbfcb-64ab-4f3e-b245-a95d8f8ebbbc,e52aceb7-9bc0-403c-a7ee-524034694c23,33c955e6-705a-4577-ac5c-ddfd9b965cde,Automotive Axles Ltd.,INE449A01011,,,200000.0,3454.8,INR,0.07,,,,{},2026-08-22 09:12:01.054763+00:00
712864f4-a78c-4eaa-b301-ab60f1edc2f0,e52aceb7-9bc0-403c-a7ee-524034694c23,1560f298-2afa-4970-8932-f3f395866cbc,NMDC Steel Ltd.,INE0NNS01018,,,2606407.0,1169.23,INR,0.02,,,,{},2026-08-22 09:12:01.054763+00:00
b7c8a359-35d4-48bf-ab41-24dfc8326e52,e52aceb7-9bc0-403c-a7ee-524034694c23,84c44127-e459-4606-b784-ec31d921640d,Small Industries Development Bank of India,INE556F08KN9,,,33500.0,34039.12,INR,0.72,6.7116,,,{},2026-08-22 09:12:01.054763+00:00
a3ce097b-c099-4ff2-9ad2-f205d308c9a4,e52aceb7-9bc0-403c-a7ee-524034694c23,8cc6e962-f668-4597-a0ef-5dd09fa3a477,Small Industries Development Bank of India,INE556F08KM1,,,27500.0,27943.82,INR,0.59,6.71,,,{},2026-08-22 09:12:01.054763+00:00
0f7cb7f1-8e49-48a2-9c12-a90bcf0a1032,e52aceb7-9bc0-403c-a7ee-524034694c23,7d185540-1ec5-4cf5-93b8-c6e02096155c,National Bank for Agriculture and Rural Development,INE261F08EI9,,,16500.0,16794.71,INR,0.36,6.7144,,,{},2026-08-22 09:12:01.054763+00:00
fb9046ad-2380-47a6-a019-669d8f37af80,e52aceb7-9bc0-403c-a7ee-524034694c23,bc2f3a01-1ec2-44ed-a3f1-0de47b3b7639,National Bank for Agriculture and Rural Development,INE261F08EF5,,,13000.0,13183.66,INR,0.28,6.7,,,{},2026-08-22 09:12:01.054763+00:00
c18a465f-c4df-49b3-8e80-f800f9c4d65e,e52aceb7-9bc0-403c-a7ee-524034694c23,65c2df93-a854-46a5-a1d2-e521dc4f1052,National Bank for Agriculture and Rural Development,INE261F08DT8,,,1000.0,10027.19,INR,0.21,5.84,,,{},2026-08-22 09:12:01.054763+00:00
5f32fbdf-a38d-4294-80d8-6d98351453b0,e52aceb7-9bc0-403c-a7ee-524034694c23,4d019281-331d-41a7-9ded-cc61a8f8ab9f,6.90% CGL 2065,IN0020250018,,,97500000.0,93058.29,INR,1.97,7.3824213,,,{},2026-08-22 09:12:01.054763+00:00
7bf8a3ab-9286-4a7e-a018-12c01b1f4311,e52aceb7-9bc0-403c-a7ee-524034694c23,43cf9825-307a-4668-85dc-ce9a7935db56,91 DAY T-BILL 23.10.25,IN002025X174,,,50000000.0,49838.55,INR,1.06,5.3746,,,{},2026-08-22 09:12:01.054763+00:00
02b5c01a-6f7d-4eaa-8e17-de55c6b23e84,e52aceb7-9bc0-403c-a7ee-524034694c23,ed6755ed-68e4-4d4b-bf9c-4b5f1eccd49e,364 DAY T-BILL 09.10.25,IN002024Z263,,,10000000.0,9988.18,INR,0.21,5.3993,,,{},2026-08-22 09:12:01.054763+00:00
2de1e06f-38b1-4839-80fe-efaa4c506fa1,e52aceb7-9bc0-403c-a7ee-524034694c23,a1d7162a-de17-48ec-85db-a95c90efa616,Bajaj Finserv Ltd.,INE918I01026,,,10000000.0,200640.0,INR,5.16,,,,{},2026-08-22 09:12:01.054763+00:00
9c8b386a-4ed0-4237-8081-1f6b0e91f9e1,e52aceb7-9bc0-403c-a7ee-524034694c23,89cc03d1-a844-425a-abbc-686b122d4e55,Bharti Airtel Ltd.,IN9397D01014,,,13000000.0,183001.0,INR,4.7,,,,{},2026-08-22 09:12:01.054763+00:00
3c173eac-3ab1-4268-8a5f-1a832c620054,e52aceb7-9bc0-403c-a7ee-524034694c23,89a39695-1d4a-4108-a804-f865d9a6ba9c,Solar Industries India Ltd.,INE343H01029,,,1100000.0,146586.0,INR,3.77,,,,{},2026-08-22 09:12:01.054763+00:00
088a5606-b650-4a17-9920-a6b537a0b5b4,e52aceb7-9bc0-403c-a7ee-524034694c23,a63725fd-49d0-426e-92db-2e52192a6cd5,Adani Energy Solutions Ltd.,INE931S01010,,,15171443.0,132332.91,INR,3.4,,,,{},2026-08-22 09:12:01.054763+00:00
0d45b4ea-e0ed-4204-8c20-4190ba3d0f1b,e52aceb7-9bc0-403c-a7ee-524034694c23,665ed126-aeeb-40c7-a146-8f01e1dd9cee,Procter & Gamble Hygiene and Health Care Ltd.,INE179A01014,,,900000.0,127305.0,INR,3.27,,,,{},2026-08-22 09:12:01.054763+00:00
6abc8031-4849-4a77-9dd1-6c01396b462f,e52aceb7-9bc0-403c-a7ee-524034694c23,db68648d-de33-469c-a532-ea7d311e65c5,Adani Ports and Special Economic Zone Ltd.,INE742F01042,,,7000000.0,98245.0,INR,2.52,,,,{},2026-08-22 09:12:01.054763+00:00
c6bfe1e4-573f-4dca-b695-21aa86ce1599,e52aceb7-9bc0-403c-a7ee-524034694c23,71da29d9-c962-474f-9e14-0ba313d8fecb,Samvardhana Motherson International Ltd.,INE775A08105,,,36300.0,34485.0,INR,0.89,,,,{},2026-08-22 09:12:01.054763+00:00
71fdd94a-2c39-4e72-9e2e-d4183db717d8,e52aceb7-9bc0-403c-a7ee-524034694c23,2f591ae8-8dcd-447f-8ace-0c494800c136,CRISIL Ltd.,INE007A01025,,,1582641.0,70215.45,INR,3.16,,,,{},2026-08-22 09:12:01.054763+00:00
27fa2e52-ad9d-425a-b55d-308f72279c68,e52aceb7-9bc0-403c-a7ee-524034694c23,2bb8ab65-d240-46cc-8bfb-251953071384,Sundaram Finance Ltd.,INE660A01013,,,1490000.0,65731.35,INR,2.96,,,,{},2026-08-22 09:12:01.054763+00:00
e07e8a04-3df7-4eef-983c-81f6e46c94ac,e52aceb7-9bc0-403c-a7ee-524034694c23,d010e2be-3d3a-4e3b-9241-f1adfc9eafe4,JK Cement Ltd.,INE823G01014,,,776046.0,48890.9,INR,2.2,,,,{},2026-08-22 09:12:01.054763+00:00
d1eaead9-d829-4b2e-81d5-b1f240120fc5,e52aceb7-9bc0-403c-a7ee-524034694c23,b38ecef2-eeb5-4706-ac81-9ea7011fdc63,Bharat Heavy Electricals Ltd.,INE257A01026,,,20000000.0,47690.0,INR,2.15,,,,{},2026-08-22 09:12:01.054763+00:00
9af86178-17fb-4902-a67c-5ad063668866,e52aceb7-9bc0-403c-a7ee-524034694c23,26d433c0-7b05-44c4-9da4-1d3f298dae9c,Max Financial Services Ltd.,INE180A01020,,,3000000.0,47277.0,INR,2.13,,,,{},2026-08-22 09:12:01.054763+00:00
a87f06e0-a415-4c09-a247-f694c291b983,e52aceb7-9bc0-403c-a7ee-524034694c23,1a94f434-25b8-427b-9466-5a7d12910c74,Dalmia Bharat Ltd.,INE00R701025,,,2050000.0,45657.6,INR,2.06,,,,{},2026-08-22 09:12:01.054763+00:00
0e8988c3-4f78-4278-945c-a3e28650a3fd,e52aceb7-9bc0-403c-a7ee-524034694c23,4ab9edb1-c260-4886-ac88-f2bfea81d2bd,Oberoi Realty Ltd.,INE093I01010,,,2700000.0,42716.7,INR,1.92,,,,{},2026-08-22 09:12:01.054763+00:00
e93f8812-6030-41f5-ae14-4dbd3e2a9e98,e52aceb7-9bc0-403c-a7ee-524034694c23,9a5a8169-c35d-43fd-91b4-bb2332b54150,Bajaj Finance Ltd.,INE296A01032,,,4000000.0,39956.0,INR,1.8,,,,{},2026-08-22 09:12:01.054763+00:00
344c22c4-f4f5-433b-ac05-34cb0c951e01,e52aceb7-9bc0-403c-a7ee-524034694c23,d7efceca-d0e5-4c8b-b69c-db3870694c65,Star Health & Allied Insurance Co. Ltd.,INE575P01011,,,8050447.0,35965.37,INR,1.62,,,,{},2026-08-22 09:12:01.054763+00:00
9b182ded-28b8-445e-8182-25e79f45c259,e52aceb7-9bc0-403c-a7ee-524034694c23,f6b5b274-08d3-4c10-9cfc-0ef4fa2d6478,Glaxosmithkline Pharmaceuticals Ltd.,INE159A01016,,,1200000.0,31916.4,INR,1.44,,,,{},2026-08-22 09:12:01.054763+00:00
9f965e92-0228-451e-aea0-b9696799a9de,e52aceb7-9bc0-403c-a7ee-524034694c23,15434b20-3133-481f-bcac-7ff1f8c86115,The Phoenix Mills Ltd.,INE211B01039,,,2000000.0,31110.0,INR,1.4,,,,{},2026-08-22 09:12:01.054763+00:00
700b4c39-0f90-4b7b-96ab-b4d8a283d7d2,e52aceb7-9bc0-403c-a7ee-524034694c23,48f21e70-7c26-49eb-aa42-0dbd6f09a936,The India Cements Ltd.,INE383A01012,,,6000000.0,23040.0,INR,1.04,,,,{},2026-08-22 09:12:01.054763+00:00
a3ffadab-06e0-4409-b025-d0ac7d34fb7e,e52aceb7-9bc0-403c-a7ee-524034694c23,97526af3-9dfe-432c-b161-e5c072567c26,Tata Elxsi Ltd.,INE670A01012,,,400000.0,20908.0,INR,0.94,,,,{},2026-08-22 09:12:01.054763+00:00
395cc795-3686-4ccd-b110-eb596ce61ebc,e52aceb7-9bc0-403c-a7ee-524034694c23,76ed1f9e-2efe-4f70-9c9e-9388550c430b,Urban Company Ltd.,INE0CAZ01013,,,11640353.0,19056.35,INR,0.86,,,,{},2026-08-22 09:12:01.054763+00:00
78a63b2d-b843-4457-bcc2-57202cf9b0c3,e52aceb7-9bc0-403c-a7ee-524034694c23,c83de355-766f-4de6-ab60-856ca4c0c342,PI Industries Ltd.,INE603J01030,,,400000.0,14054.0,INR,0.63,,,,{},2026-08-22 09:12:01.054763+00:00
b5c8ccaf-9be3-4a8c-8f3e-aa886d4803f9,e52aceb7-9bc0-403c-a7ee-524034694c23,9be6c125-45ab-428c-a298-f558c18cc369,ICICI Lombard General Insurance Company Ltd.,INE765G01017,,,13000.0,245.67,INR,0.01,,,,{},2026-08-22 09:12:01.054763+00:00
51f70eb5-6bff-4532-9bd8-89b98448f1a0,e52aceb7-9bc0-403c-a7ee-524034694c23,52d57d7e-66f1-4622-a129-12099761d41f,91 DAY T-BILL 16.10.25,IN002025X166,,,10000000.0,9977.86,INR,0.45,5.3994,,,{},2026-08-22 09:12:01.054763+00:00
d488cd02-d09a-470d-9472-df02d3f4df09,e52aceb7-9bc0-403c-a7ee-524034694c23,b6eba5c1-41b1-4ca5-9b35-f7a07ab07c98,Vedanta Ltd.,INE205A01025,,,675000.0,3144.15,INR,4.0,,,,{},2026-08-22 09:12:01.054763+00:00
39d43021-49ec-4fcc-ba61-2ad82a6b104f,e52aceb7-9bc0-403c-a7ee-524034694c23,e9d9e1f8-e6a1-4bcc-95d6-3474b10c6cd7,Jindal Stainless Ltd.,INE220G01021,,,316744.0,2336.78,INR,2.97,,,,{},2026-08-22 09:12:01.054763+00:00
cd15c463-4fc7-405d-8735-3163ec4b6d74,e52aceb7-9bc0-403c-a7ee-524034694c23,8d8193bf-3ca9-4f9a-995c-faaaa1e8c928,Arvind Ltd.,INE034A01011,,,760000.0,2309.26,INR,2.94,,,,{},2026-08-22 09:12:01.054763+00:00
86e0fec5-28a9-4f47-ac1e-86f66bef18f1,e52aceb7-9bc0-403c-a7ee-524034694c23,92e8e724-c0cd-47ec-a738-325f2ad54a02,JSW Steel Ltd.,INE019A01038,,,200000.0,2285.4,INR,2.91,,,,{},2026-08-22 09:12:01.054763+00:00
0760628e-53f5-4902-af45-826c7e4ed692,e52aceb7-9bc0-403c-a7ee-524034694c23,22afdb82-1178-4bba-97d5-b1aa6d544123,UPL Ltd.,INE628A01036,,,340000.0,2229.72,INR,2.84,,,,{},2026-08-22 09:12:01.054763+00:00
a3225575-6dc0-45cd-9477-caaa694db63a,e52aceb7-9bc0-403c-a7ee-524034694c23,84fdc881-99a7-4bae-84d3-b2d9ddf601ba,Shyam Metalics and Energy Ltd.,INE810G01011,,,228093.0,2083.17,INR,2.65,,,,{},2026-08-22 09:12:01.054763+00:00
aedd5912-561e-4c69-8860-2335031033c6,e52aceb7-9bc0-403c-a7ee-524034694c23,43ba9bc1-272f-4d5c-aa86-0baabb4c36cc,Balrampur Chini Mills Ltd.,INE119A01028,,,450000.0,2050.43,INR,2.61,,,,{},2026-08-22 09:12:01.054763+00:00
9b315d48-29e0-4a76-8cae-6b0f4d396b2a,e52aceb7-9bc0-403c-a7ee-524034694c23,8af446df-40a9-4cca-a219-9f6acac99db9,Ambuja Cements Ltd.,INE079A01024,,,325000.0,1852.34,INR,2.36,,,,{},2026-08-22 09:12:01.054763+00:00
0c8faaa1-71eb-47d7-a6e8-cad01035e43e,e52aceb7-9bc0-403c-a7ee-524034694c23,691d3aaa-f3cc-454c-801c-d87039c7853a,Oil India Ltd.,INE274J01014,,,375000.0,1551.75,INR,1.97,,,,{},2026-08-22 09:12:01.054763+00:00
95d56e73-387a-4609-b838-67d7511b58f6,e52aceb7-9bc0-403c-a7ee-524034694c23,41588c5d-8c67-4e9f-b3b8-66ed3c6a843b,Hindustan Copper Ltd.,INE531E01026,,,403400.0,1328.96,INR,1.69,,,,{},2026-08-22 09:12:01.054763+00:00
84b5d57c-c1cf-4a02-b5bf-08f4a7caec0b,e52aceb7-9bc0-403c-a7ee-524034694c23,12d27b61-5bab-4736-8986-c90a35748aeb,Sagar Cements Ltd.,INE229C01021,,,366286.0,906.74,INR,1.15,,,,{},2026-08-22 09:12:01.054763+00:00
d01efeb5-0815-4c5c-8978-4f6c336921ab,e52aceb7-9bc0-403c-a7ee-524034694c23,2f29569b-ba8b-41db-899e-257a512a486a,Interglobe Aviation Ltd.,INE646L01027,,,1078166.0,60318.0,INR,2.68,,,,{},2026-08-22 09:12:01.054763+00:00
fa4586ca-8767-4961-902d-337640f64ae0,e52aceb7-9bc0-403c-a7ee-524034694c23,9bdceafe-eb9d-429d-97b6-0f44430165e7,NTPC Ltd.,INE733E01010,,,11700000.0,39832.65,INR,1.77,,,,{},2026-08-22 09:12:01.054763+00:00
5fecf03f-cb48-43aa-8076-263ca040b049,e52aceb7-9bc0-403c-a7ee-524034694c23,d5455604-e2e6-4c9c-882a-a368615dcb42,Star Cement Ltd.,INE460H01021,,,9835227.0,25010.98,INR,1.11,,,,{},2026-08-22 09:12:01.054763+00:00
589aeeea-eb42-4852-93f2-5b88e84277c7,e52aceb7-9bc0-403c-a7ee-524034694c23,b7dbb8ab-eb59-4488-b0cd-cec1fa43002b,Aptus Value Housing Finance India Ltd.,INE852O01025,,,7066720.0,22595.84,INR,1.0,,,,{},2026-08-22 09:12:01.054763+00:00
50f53168-89b5-4800-aa82-1f74753454e8,e52aceb7-9bc0-403c-a7ee-524034694c23,77d1aab0-69d4-4a14-bbc7-8e59b79ac6e4,VIP Industries Ltd.,INE054A01027,,,4836000.0,20115.34,INR,0.89,,,,{},2026-08-22 09:12:01.054763+00:00
b41709f7-a8db-492d-babb-0a34bc673524,e52aceb7-9bc0-403c-a7ee-524034694c23,451bfcc8-0e2d-4af1-aaa3-8b77a4fdb8a1,Kingfa Science & Technology India Ltd.,INE473D01015,,,345821.0,15274.05,INR,0.68,,,,{},2026-08-22 09:12:01.054763+00:00
caa7ef51-9969-42db-a5b4-dde5b772cc2e,e52aceb7-9bc0-403c-a7ee-524034694c23,25af0156-d3b1-4b4d-8b5e-44d9c2948867,Dixon Technologies (India) Ltd.,INE935N01020,,,90000.0,14689.8,INR,0.65,,,,{},2026-08-22 09:12:01.054763+00:00
1223ee04-c1ee-4f16-9a51-908d311650c5,e52aceb7-9bc0-403c-a7ee-524034694c23,f871c977-ba9f-4e34-9da8-a90e931cc6df,Manappuram Finance Ltd.,INE522D01027,,,4500000.0,12636.0,INR,0.56,,,,{},2026-08-22 09:12:01.054763+00:00
e3ccba66-b0ec-4925-b905-28cf015c76ec,e52aceb7-9bc0-403c-a7ee-524034694c23,d93eca84-4291-4e79-b31d-f444d50554eb,Sai Silks (Kalamandir) Ltd.,INE438K01021,,,1794152.0,2714.73,INR,0.12,,,,{},2026-08-22 09:12:01.054763+00:00
d32af016-e2be-4e1d-8027-27416befe75d,e52aceb7-9bc0-403c-a7ee-524034694c23,e93411da-cef2-4147-9aee-e77fd2a96de4,91 DAY T-BILL 13.11.25,IN002025X208,,,10000000.0,9936.79,INR,0.44,5.3996,,,{},2026-08-22 09:12:01.054763+00:00
b9c1c70d-4b40-4a5a-ac2b-127d0f715a52,e52aceb7-9bc0-403c-a7ee-524034694c23,38953d9f-4567-4dd1-9669-0129ad9fec9f,SKF India Ltd.,INE640A01023,,,791489.0,37323.46,INR,0.71,,,,{},2026-08-22 09:12:01.054763+00:00
d087f0cb-4a2a-4900-9387-351c7bb4d7f5,e52aceb7-9bc0-403c-a7ee-524034694c23,f2c9b3b1-882c-47b0-8f78-d7157e5f3d41,364 DAY T-BILL 27.11.25,IN002024Z339,,,20000000.0,19832.08,INR,0.38,5.4219,,,{},2026-08-22 09:12:01.054763+00:00
e1dfe3c6-a450-47c1-afcc-2dc5ab2102d0,e52aceb7-9bc0-403c-a7ee-524034694c23,e183df2c-5b6d-41a5-a521-b2ad346b6968,91 DAY T-BILL 20.11.25,IN002025X216,,,10000000.0,9926.28,INR,0.19,5.4219,,,{},2026-08-22 09:12:01.054763+00:00
17ca3dcc-b57e-4653-a3f3-00b8c39ae882,e52aceb7-9bc0-403c-a7ee-524034694c23,7f59f94b-736b-4e8c-bb71-511e43c7c666,Ahluwalia Contracts (India) Ltd.,INE758C01029,,,1200000.0,11942.4,INR,2.5,,,,{},2026-08-22 09:12:01.054763+00:00
9329dd55-82ee-4218-a80c-48e2ded9c7f8,e52aceb7-9bc0-403c-a7ee-524034694c23,8f39268b-a91c-46f5-9bbd-c335a663b87a,Kalpataru Ltd.,INE227J01012,,,2500000.0,9342.5,INR,1.95,,,,{},2026-08-22 09:12:01.054763+00:00
2dd54d1f-c3b9-4162-844d-20748f48803c,e52aceb7-9bc0-403c-a7ee-524034694c23,1b6e631e-4056-4db7-b22f-e65fd208a3cb,Adani Power Ltd.,INE814H01029,,,6116085.0,8846.92,INR,1.85,,,,{},2026-08-22 09:12:01.054763+00:00
7ce94abe-ce1a-43a3-bd11-22f84a8404c4,e52aceb7-9bc0-403c-a7ee-524034694c23,3b80147b-f226-4681-87bb-4a26af5ad4d2,Ajax Engineering Ltd.,INE274Y01021,,,1300000.0,8489.65,INR,1.77,,,,{},2026-08-22 09:12:01.054763+00:00
3b43eb42-1eb6-4acc-a0df-06ce820fae98,e52aceb7-9bc0-403c-a7ee-524034694c23,0f7262bd-3c3b-405d-9749-1db8ad150f5c,Ashoka Buildcon Ltd.,INE442H01029,,,4273550.0,7894.96,INR,1.65,,,,{},2026-08-22 09:12:01.054763+00:00
b4d6e9d5-a3da-4cb9-a1a5-0cc7e2c9c3a4,e52aceb7-9bc0-403c-a7ee-524034694c23,ce803760-6918-4aea-a9bd-4f423923072e,Samhi Hotels Ltd.,INE08U801020,,,2479990.0,4861.52,INR,1.02,,,,{},2026-08-22 09:12:01.054763+00:00
43a3e64b-f1a0-4131-bbfa-cc398ff64b76,e52aceb7-9bc0-403c-a7ee-524034694c23,3ac8ff9d-5528-45a3-a6e7-7494b3997ab2,National Highways Infra Trust,INE0H7R23014,,,2380.0,3.34,INR,,,,,{},2026-08-22 09:12:01.054763+00:00
2665f0e7-b28a-438e-857b-8c677eac58af,e52aceb7-9bc0-403c-a7ee-524034694c23,63740b56-5e75-4bb3-aee1-9029d9cabfa1,182 DAY T-BILL 23.10.25,IN002025Y040,,,5000000.0,4983.78,INR,1.04,5.3996,,,{},2026-08-22 09:12:01.054763+00:00
1b21070c-e095-4f13-bbd0-bd95e8f4edf5,e52aceb7-9bc0-403c-a7ee-524034694c23,733eabc6-4188-4e98-b2bd-e74f855a8d8a,Bharat Electronics Ltd.,INE263A01024,,,12975000.0,52412.51,INR,9.49,,,,{},2026-08-22 09:12:01.054763+00:00
e4388804-5f36-4e67-b775-9099989c78ca,e52aceb7-9bc0-403c-a7ee-524034694c23,8ea3d933-449d-43d1-b381-283f748b9f6d,Indian Bank,INE562A01011,,,2427235.0,18221.25,INR,3.3,,,,{},2026-08-22 09:12:01.054763+00:00
c02a7f67-60f9-40eb-b99a-c06fc047b9fc,e52aceb7-9bc0-403c-a7ee-524034694c23,c937d407-a770-4530-9d32-4f192f70723b,General Insurance Corporation of India,INE481Y01014,,,4150000.0,15298.98,INR,2.77,,,,{},2026-08-22 09:12:01.054763+00:00
4986b112-d8b6-4d65-97f7-c18668bcf70d,e52aceb7-9bc0-403c-a7ee-524034694c23,aa2ecd6a-980f-4716-b21a-d6a80f71ec3f,SBI Cards & Payment Services Ltd.,INE018E01016,,,1350000.0,11838.83,INR,2.14,,,,{},2026-08-22 09:12:01.054763+00:00
24386550-1577-41ab-8335-da8d5a1e2168,e52aceb7-9bc0-403c-a7ee-524034694c23,5054c773-03f7-4287-a1bb-5ad592c64fe3,SBI Life Insurance Co. Ltd.,INE123W01016,,,590000.0,10564.54,INR,1.91,,,,{},2026-08-22 09:12:01.054763+00:00
1e70ff7b-aca6-46f2-8b9e-44f7dabbb2b4,e52aceb7-9bc0-403c-a7ee-524034694c23,300cb544-558f-4df6-9903-393870ea65db,REC Ltd.,INE020B01018,,,2125000.0,7923.06,INR,1.43,,,,{},2026-08-22 09:12:01.054763+00:00
a5606592-2a80-4d7e-8d65-310e1d1da9cc,e52aceb7-9bc0-403c-a7ee-524034694c23,19090b08-e3aa-46ab-955f-07adf93fd72c,Engineers India Ltd.,INE510A01028,,,3200000.0,6178.24,INR,1.12,,,,{},2026-08-22 09:12:01.054763+00:00
3e42a181-8bcc-44c9-a2e6-1e389cf00041,e52aceb7-9bc0-403c-a7ee-524034694c23,81c8bd7d-cce4-49fa-83c3-101158599bce,Gujarat Gas Ltd.,INE844O01030,,,1200000.0,5154.6,INR,0.93,,,,{},2026-08-22 09:12:01.054763+00:00
027ffe3e-ae48-43dc-8669-ad1b50045202,e52aceb7-9bc0-403c-a7ee-524034694c23,478e618a-b8b2-4302-a37b-ffcfc30d05e0,Ather Energy Ltd.,INE0LEZ01016,,,20096960.0,113648.31,INR,3.19,,,,{},2026-08-22 09:12:01.054763+00:00
5b3bd88b-18c6-4ed0-abfd-075c7ed392e1,e52aceb7-9bc0-403c-a7ee-524034694c23,0f035817-589a-4234-b722-ca023ac84b39,Kalpataru Projects International Ltd.,INE220B01022,,,7900000.0,99129.2,INR,2.79,,,,{},2026-08-22 09:12:01.054763+00:00
48a875f1-e6c3-41d5-93f6-c95ddef0de5d,e52aceb7-9bc0-403c-a7ee-524034694c23,6ba15e79-eafe-4922-bbd1-5857e27c4073,SBFC Finance Ltd.,INE423Y01016,,,89318180.0,94668.34,INR,2.66,,,,{},2026-08-22 09:12:01.054763+00:00
3742a1f9-ab0f-4279-af8b-583daf738215,e52aceb7-9bc0-403c-a7ee-524034694c23,d3e83304-8a13-4338-9342-a0d44d4a039f,Chalet Hotels Ltd.,INE427F01016,,,9716991.0,92428.02,INR,2.6,,,,{},2026-08-22 09:12:01.054763+00:00
51d91518-b50f-40e5-9d24-c63d0c51a8af,e52aceb7-9bc0-403c-a7ee-524034694c23,dc75a754-abef-4cb3-82fc-af3ca1793dab,City Union Bank Ltd.,INE491A01021,,,41665000.0,89050.6,INR,2.5,,,,{},2026-08-22 09:12:01.054763+00:00
01d72e6e-878b-4374-9207-f6a4b2c20ce3,e52aceb7-9bc0-403c-a7ee-524034694c23,bc05c836-e5ae-4457-81f6-5837e2afeb7b,Deepak Fertilizers and Petrochemicals Corporation Ltd.,INE501A01019,,,5261203.0,79018.01,INR,2.22,,,,{},2026-08-22 09:12:01.054763+00:00
0ad9561e-c580-4e19-beb5-29c944078a3a,e52aceb7-9bc0-403c-a7ee-524034694c23,82c9d0fe-b81f-41a6-91ff-a0d5a5ef8640,Finolex Industries Ltd.,INE183A01024,,,34595699.0,69225.99,INR,1.95,,,,{},2026-08-22 09:12:01.054763+00:00
6a3fcb7d-e75f-46c6-8ca8-02228f6805ea,e52aceb7-9bc0-403c-a7ee-524034694c23,8d418f4a-5295-47ac-9533-6ba1ee0c1468,CMS Info Systems Ltd.,INE925R01014,,,15000000.0,55987.5,INR,1.57,,,,{},2026-08-22 09:12:01.054763+00:00
8744e109-1990-49d0-ac17-0d14293c4108,e52aceb7-9bc0-403c-a7ee-524034694c23,2e7c366f-6b91-419d-8539-77fa5445bcd2,Ratnamani Metals & Tubes Ltd.,INE703B01027,,,2132686.0,51408.4,INR,1.44,,,,{},2026-08-22 09:12:01.054763+00:00
7ec40715-8002-46ce-bbf9-5072df5f1af5,e52aceb7-9bc0-403c-a7ee-524034694c23,b0667f2d-2ffc-46f8-9538-d8e5e1d1b8e5,Triveni Turbine Ltd.,INE152M01016,,,9855433.0,51144.77,INR,1.44,,,,{},2026-08-22 09:12:01.054763+00:00
23c5bfcc-f5f8-448d-a4d3-d7c2a019b2e4,e52aceb7-9bc0-403c-a7ee-524034694c23,9ca7d7d9-a867-4890-b89d-dd442953ec54,Elgi Equipments Ltd.,INE285A01027,,,10000000.0,48220.0,INR,1.36,,,,{},2026-08-22 09:12:01.054763+00:00
62de1615-5b09-4322-94d8-40b384156b8c,e52aceb7-9bc0-403c-a7ee-524034694c23,ca761815-a4f4-4029-ac36-6764e3f88b1f,Afcons Infrastructure Ltd.,INE101I01011,,,10121150.0,46061.35,INR,1.29,,,,{},2026-08-22 09:12:01.054763+00:00
01483ef9-d728-4da3-8b63-4b61bfceb30a,e52aceb7-9bc0-403c-a7ee-524034694c23,625f886d-82ee-462e-aab2-3d4828295113,AnandRathi Wealth Ltd.,INE463V01026,,,1497114.0,42320.42,INR,1.19,,,,{},2026-08-22 09:12:01.054763+00:00
6c7ef19d-73a4-4f22-966b-58a2276778c4,e52aceb7-9bc0-403c-a7ee-524034694c23,4b68447a-9f06-48de-a4ff-59fb8cac7dda,CSB Bank Ltd.,INE679A01013,,,11000000.0,40865.0,INR,1.15,,,,{},2026-08-22 09:12:01.054763+00:00
ef789627-a086-40bb-8419-adf572adae0a,e52aceb7-9bc0-403c-a7ee-524034694c23,27309f04-7db6-43c7-bc9e-f744f3c7da3e,Brigade Enterprises Ltd.,INE791I01019,,,4434913.0,39739.04,INR,1.12,,,,{},2026-08-22 09:12:01.054763+00:00
8c408a8e-75cd-4cfa-8792-91da90f8f03e,e52aceb7-9bc0-403c-a7ee-524034694c23,cc19c883-1dc8-4262-a850-7fb991b19b13,Happiest Minds Technologies Ltd.,INE419U01012,,,7000000.0,37159.5,INR,1.04,,,,{},2026-08-22 09:12:01.054763+00:00
2f1085a2-5a9b-4652-9223-862e707ede5d,e52aceb7-9bc0-403c-a7ee-524034694c23,01a41e78-b64b-4857-acd0-b10c6e2efb5a,TTK Prestige Ltd.,INE690A01028,,,5838491.0,37086.09,INR,1.04,,,,{},2026-08-22 09:12:01.054763+00:00
93929efa-5ce0-45eb-b9d8-612ddcbe07fe,e52aceb7-9bc0-403c-a7ee-524034694c23,16c9deb7-b7b7-47fb-9c47-256cd312b90e,HEG Ltd.,INE545A01024,,,6931269.0,34995.98,INR,0.98,,,,{},2026-08-22 09:12:01.054763+00:00
80ecd6a7-05de-4451-8901-551c0a74910c,e52aceb7-9bc0-403c-a7ee-524034694c23,ca2179be-189e-483d-b483-a23a2183625d,Happy Forgings Ltd.,INE330T01021,,,3700000.0,33938.25,INR,0.95,,,,{},2026-08-22 09:12:01.054763+00:00
3b9cd34c-2540-43d6-82f0-85d3cb5399a5,e52aceb7-9bc0-403c-a7ee-524034694c23,7ef75e8b-b464-4875-af05-f8b3aad2f9c1,Indiamart Intermesh Ltd.,INE933S01016,,,1435100.0,33816.7,INR,0.95,,,,{},2026-08-22 09:12:01.054763+00:00
cf49c922-9deb-4f2a-93a5-f42d5b5e59f8,e52aceb7-9bc0-403c-a7ee-524034694c23,93a4b122-7a80-4692-a917-424914d51d46,Archean Chemical Industries Ltd.,INE128X01021,,,4400000.0,30329.2,INR,0.85,,,,{},2026-08-22 09:12:01.054763+00:00
a46b6679-f4ac-4693-86e8-f314c0d8dc71,e52aceb7-9bc0-403c-a7ee-524034694c23,3b300d01-cda7-43be-afb6-0657c4ba814e,Fine Organic Industries Ltd.,INE686Y01026,,,666183.0,29755.73,INR,0.84,,,,{},2026-08-22 09:12:01.054763+00:00
6788d7b5-880e-497e-ab20-2a347d62e474,e52aceb7-9bc0-403c-a7ee-524034694c23,8787191b-99a5-4f14-a668-d814a2db7103,Electronics Mart India Ltd.,INE02YR01019,,,20100000.0,28228.44,INR,0.79,,,,{},2026-08-22 09:12:01.054763+00:00
057115fd-2380-4c5a-8217-3a3c3397bd0a,e52aceb7-9bc0-403c-a7ee-524034694c23,fd326805-bbd8-41e3-9626-fcc235493c2a,Thangamayil Jewellery Ltd.,INE085J01014,,,1292000.0,26014.42,INR,0.73,,,,{},2026-08-22 09:12:01.054763+00:00
fae67175-1c3a-4c1f-ae1c-e6ba1a6194f2,e52aceb7-9bc0-403c-a7ee-524034694c23,f807a9cd-6751-424b-9d1e-2b3eb05796ba,Sansera Engineering Ltd.,INE953O01021,,,1769628.0,24282.84,INR,0.68,,,,{},2026-08-22 09:12:01.054763+00:00
3205f7aa-d7d4-499f-93c6-749f0666d71a,e52aceb7-9bc0-403c-a7ee-524034694c23,bbeb557b-5a14-4d79-a339-9cf0f9185e42,Vedant Fashions Ltd.,INE825V01034,,,3500000.0,24155.25,INR,0.68,,,,{},2026-08-22 09:12:01.054763+00:00
f0c542b7-f3d0-4513-bfb2-5f27b5e6c0ce,e52aceb7-9bc0-403c-a7ee-524034694c23,a5445df0-ebc8-4290-aefe-27e080716d9c,KNR Constructions Ltd.,INE634I01029,,,11299900.0,22411.09,INR,0.63,,,,{},2026-08-22 09:12:01.054763+00:00
2389f1d2-3d58-425a-abaa-e8ffbbc70832,e52aceb7-9bc0-403c-a7ee-524034694c23,d3ca000a-5e24-44dd-9a25-f899204994c2,VST Industries Ltd.,INE710A01016,,,4933517.0,12750.67,INR,0.36,,,,{},2026-08-22 09:12:01.054763+00:00
bf4323c3-43d2-425b-9983-f21a1566938b,e52aceb7-9bc0-403c-a7ee-524034694c23,59bbf4be-677f-4327-856e-9c13ec16d9a2,Rossari Biotech Ltd.,INE02A801020,,,2016342.0,12468.05,INR,0.35,,,,{},2026-08-22 09:12:01.054763+00:00
28b56417-1d79-4cd1-a38f-6cde1a5d6372,e52aceb7-9bc0-403c-a7ee-524034694c23,1460c1f0-b664-43be-a07c-62b2af0a3774,Rajratan Global Wire Ltd.,INE451D01029,,,3753760.0,11841.24,INR,0.33,,,,{},2026-08-22 09:12:01.054763+00:00
03cacf96-5a41-4aac-b415-38d9bd20263d,e52aceb7-9bc0-403c-a7ee-524034694c23,bc0c470b-19d6-42e9-9838-90706e980d33,Acme Solar Holdings Ltd.,INE622W01025,,,2989317.0,8280.41,INR,0.23,,,,{},2026-08-22 09:12:01.054763+00:00
49c84964-9a1a-4c72-bfe7-0d9bd470def6,e52aceb7-9bc0-403c-a7ee-524034694c23,c288703d-321e-443c-af63-f7e52ea47829,V-Mart Retail Ltd.,INE665J01013,,,218000.0,1547.36,INR,0.04,,,,{},2026-08-22 09:12:01.054763+00:00
9e47e8f8-76ee-46b7-a820-fafc2e0b9fcf,e52aceb7-9bc0-403c-a7ee-524034694c23,4d87da4c-d8a0-4680-a51a-b963c194951b,Power Finance Corporation Ltd.,INE134E01011,,,4155779.0,17049.08,INR,1.96,,,,{},2026-08-22 09:12:01.054763+00:00
1b0e4565-642a-41b7-a216-a0ee66adb55f,e52aceb7-9bc0-403c-a7ee-524034694c23,770122e2-a888-4609-991f-b894e6346df3,CARE Ratings Ltd.,INE752H01013,,,561424.0,8560.03,INR,0.98,,,,{},2026-08-22 09:12:01.054763+00:00
be40344f-bbfb-44af-b1b2-6436c6d22a79,e52aceb7-9bc0-403c-a7ee-524034694c23,0f2fccdb-62e8-466d-b5b9-b3cdca9a9cfb,360 ONE WAM Ltd.,INE466L01038,,,800000.0,8192.0,INR,0.94,,,,{},2026-08-22 09:12:01.054763+00:00
7f73b9f5-52bf-4e7e-8769-c9c8214cef68,e52aceb7-9bc0-403c-a7ee-524034694c23,2fef2078-c023-4a94-90c6-9eb1cd5797af,National Securities Depository Ltd.,INE301O01023,,,303741.0,3669.19,INR,0.42,,,,{},2026-08-22 09:12:01.054763+00:00
016e43d3-1048-49d0-9823-5e9cd0076388,e52aceb7-9bc0-403c-a7ee-524034694c23,518ce8fc-b2e4-4054-9a94-d2a5d61e589f,Aditya Birla Sun Life Amc Ltd.,INE404A01024,,,307976.0,2437.63,INR,0.28,,,,{},2026-08-22 09:12:01.054763+00:00
608de89d-1427-42db-b204-fb200fcde782,e52aceb7-9bc0-403c-a7ee-524034694c23,eb36df72-82e5-4d99-ad0b-a3c672ea9116,Nestle India Ltd.,INE239A01024,,,151712.0,1749.09,INR,7.86,,,,{},2026-08-22 09:12:01.054763+00:00
51ea364d-2a07-46ff-b0ce-696c254076f4,e52aceb7-9bc0-403c-a7ee-524034694c23,3861ebf4-3da6-402d-91d2-528cf36cbccb,Apollo Hospitals Enterprise Ltd.,INE437A01024,,,19633.0,1454.61,INR,6.53,,,,{},2026-08-22 09:12:01.054763+00:00
051517c7-25bb-41b7-9e7c-fbf10b3dcfeb,e52aceb7-9bc0-403c-a7ee-524034694c23,57cc9717-aac6-48b8-9f24-627ec6be2353,Tata Consumer Products Ltd.,INE192A01025,,,78632.0,887.99,INR,3.99,,,,{},2026-08-22 09:12:01.054763+00:00
3e6d55b9-57ac-4a21-8110-0569f1b0df20,e52aceb7-9bc0-403c-a7ee-524034694c23,458efe63-110c-4638-b246-9af3a9306e0b,Dr. Reddy's Laboratories Ltd.,INE089A01031,,,34763.0,425.39,INR,1.91,,,,{},2026-08-22 09:12:01.054763+00:00
7526b984-6dd0-4f42-8c30-2db3a0c38584,e52aceb7-9bc0-403c-a7ee-524034694c23,3383ac3e-44ee-4ca7-b0dd-4b5159ac2b9c,Adani Enterprises Ltd.,INE423A01024,,,8611.0,215.78,INR,0.97,,,,{},2026-08-22 09:12:01.054763+00:00
bf04534a-d354-485a-a446-29674daad5ca,e52aceb7-9bc0-403c-a7ee-524034694c23,4db60e29-c1e4-478a-bd2f-26d96adc565e,Shriram Finance Ltd.,INE721A01047,,,33459.0,206.14,INR,0.93,,,,{},2026-08-22 09:12:01.054763+00:00
eb7d4c8d-8f5a-4f1f-b620-b75ce1cb7e46,e52aceb7-9bc0-403c-a7ee-524034694c23,2c890493-ddf9-4a48-a0ba-4a2a79e55442,Jio Financial Services Ltd.,INE758E01017,,,69328.0,203.27,INR,0.91,,,,{},2026-08-22 09:12:01.054763+00:00
cd66a521-3850-4010-9c6c-00d711925f5d,e52aceb7-9bc0-403c-a7ee-524034694c23,00914843-f4d7-4918-9f3f-b7e7c4c5931c,IndusInd Bank Ltd.,INE095A01012,,,26409.0,194.25,INR,0.87,,,,{},2026-08-22 09:12:01.054763+00:00
d6c38eec-bce1-4e93-b777-4eb730ff67fa,e52aceb7-9bc0-403c-a7ee-524034694c23,55dd50dd-ba7e-4ad9-b229-e3eef30a8dfa,Trent Ltd.,INE849A01020,,,3641.0,170.31,INR,0.77,,,,{},2026-08-22 09:12:01.054763+00:00
5d7bd95f-ce62-4801-abda-a52ff34e14cb,e52aceb7-9bc0-403c-a7ee-524034694c23,cb074c3a-e4d2-49ee-afd5-83cf7bd9dd4f,Paradeep Phosphates Ltd.,INE088F01024,,,38000000.0,74487.6,INR,3.24,,,,{},2026-08-22 09:12:01.054763+00:00
300075f6-f4ee-4948-8ae5-305408e787a6,e52aceb7-9bc0-403c-a7ee-524034694c23,5bb140c3-6213-43e3-b548-c921bfe65dcd,Mrs. Bectors Food Specialities Ltd.,INE495P01012,,,2000000.0,25154.0,INR,1.09,,,,{},2026-08-22 09:12:01.054763+00:00
2398f486-fbce-4606-a3de-c501a19bad3c,e52aceb7-9bc0-403c-a7ee-524034694c23,3840d0a6-f172-4ef1-8593-c1e19c045857,Escorts Kubota Ltd.,INE042A01014,,,175101.0,6035.03,INR,0.26,,,,{},2026-08-22 09:12:01.054763+00:00
71122927-62ac-4b40-9fd5-016cd06b7037,e52aceb7-9bc0-403c-a7ee-524034694c23,a0b58af5-f853-478b-9b24-a4c172ccfde4,Mangalore Chemicals & Fertilizers Ltd.,INE558B01017,,,1674034.0,5430.57,INR,0.24,,,,{},2026-08-22 09:12:01.054763+00:00
12a05069-5f86-4216-8ccb-bf8d5e1a2449,e52aceb7-9bc0-403c-a7ee-524034694c23,23a179aa-a748-4ce0-8f85-e5c1d9cfda63,Craftsman Automation Ltd.,INE00LO01017,,,19324.0,1312.78,INR,0.06,,,,{},2026-08-22 09:12:01.054763+00:00
30f185d0-e14a-4313-9af7-62888ea30f9f,e52aceb7-9bc0-403c-a7ee-524034694c23,79d448d0-2c99-4155-b571-6b38b0b324d2,7.38% CGL 2027,IN0020220037,,,10000000.0,10265.57,INR,0.45,5.8103168,,,{},2026-08-22 09:12:01.054763+00:00
63710b0e-06f5-4ac3-af6a-092d055d82eb,e52aceb7-9bc0-403c-a7ee-524034694c23,e733830c-26a3-4de0-963b-a45e41ce3d23,The Great Eastern Shipping Co. Ltd.,INE017A01032,,,1200000.0,11925.0,INR,1.31,,,,{},2026-08-22 09:12:01.054763+00:00
12cb2e6e-192a-489a-a60d-bfb3a9169174,e52aceb7-9bc0-403c-a7ee-524034694c23,9bc83025-fe39-41e2-88ce-58b588c3f451,Computer Age Management Services Ltd.,INE596I01012,,,145000.0,5449.97,INR,0.6,,,,{},2026-08-22 09:12:01.054763+00:00
5c8c1e49-37bc-4182-abbc-4994f22cb8e3,e52aceb7-9bc0-403c-a7ee-524034694c23,2f4e282e-7641-4b71-b190-65353e968bad,Nexus Select Trust,INE0NDH25011,,,12010584.0,19889.53,INR,2.19,,,,{},2026-08-22 09:12:01.054763+00:00
370cb04f-af6a-4a50-a7e4-6fb0d1cf89ff,e52aceb7-9bc0-403c-a7ee-524034694c23,430750bf-aaf7-4f88-b9d5-9a0d9e2c0453,Savita Oil Technologies Ltd.,INE035D01020,,,4354044.0,17753.61,INR,1.85,,,,{},2026-08-22 09:12:01.054763+00:00
33a8de8b-aa87-4d41-bef8-bb78de882cee,e52aceb7-9bc0-403c-a7ee-524034694c23,1f758a6a-f07e-4e4b-b990-ae98e538c9be,Graphite India Ltd.,INE371A01025,,,2796573.0,15533.56,INR,1.62,,,,{},2026-08-22 09:12:01.054763+00:00
603824ed-a83a-49c5-84b9-2b45c862dca7,e52aceb7-9bc0-403c-a7ee-524034694c23,25482abf-204c-4607-9797-4ac60eefe559,JSW Energy Ltd.,INE121E01018,,,2550000.0,13536.68,INR,1.41,,,,{},2026-08-22 09:12:01.054763+00:00
6a5dab68-eaec-42d8-9a30-80e0773d34dd,e52aceb7-9bc0-403c-a7ee-524034694c23,fdf300ae-658f-4499-8c34-605a1627e70e,Shivalik Bimetal Controls Ltd.,INE386D01027,,,2352146.0,11760.73,INR,1.23,,,,{},2026-08-22 09:12:01.054763+00:00
4fbc56d5-a20c-4c1b-a64c-ce45dbda8616,e52aceb7-9bc0-403c-a7ee-524034694c23,d4d0a34b-6f3f-43c5-b65d-9ab0ea7b55e4,NHPC Ltd.,INE848E01016,,,13345434.0,11519.78,INR,1.2,,,,{},2026-08-22 09:12:01.054763+00:00
39540c8a-70c9-4bf5-86bf-27252559c9c5,e52aceb7-9bc0-403c-a7ee-524034694c23,fd2dd78f-81e0-4e70-9e35-22dec2b6cf32,Inox India Ltd.,INE616N01034,,,200000.0,2356.2,INR,0.25,,,,{},2026-08-22 09:12:01.054763+00:00
0e65551b-bed5-4964-a3ff-ce229cf1a4d8,e52aceb7-9bc0-403c-a7ee-524034694c23,172f7498-20b0-40d2-8bdc-0597c118e428,Gabriel India Ltd.,INE524A01029,,,1400000.0,16539.6,INR,3.06,,,,{},2026-08-22 09:12:01.054763+00:00
11ca3888-96c4-4122-b8f8-c60882a7f8ef,e52aceb7-9bc0-403c-a7ee-524034694c23,0e4440ad-87e2-4d5e-9991-59212c15653d,Endurance Technologies Ltd.,INE913H01037,,,240000.0,6588.96,INR,1.22,,,,{},2026-08-22 09:12:01.054763+00:00
8e35842e-25e2-4e6b-8a0c-e20738d4e24d,e52aceb7-9bc0-403c-a7ee-524034694c23,a803eb0e-5b67-4be0-bfd4-a467210352b0,Asahi India Glass Ltd.,INE439A01020,,,710236.0,6077.49,INR,1.13,,,,{},2026-08-22 09:12:01.054763+00:00
b56512d9-8d1f-4afe-aad6-fd9cad03330e,e52aceb7-9bc0-403c-a7ee-524034694c23,5cf63d17-3825-493a-a477-effe783ad714,Alicon Castalloy Ltd.,INE062D01024,,,540000.0,4495.23,INR,0.83,,,,{},2026-08-22 09:12:01.054763+00:00
b7fc3579-76c4-4fd5-8dd9-7f72b0f02b28,e52aceb7-9bc0-403c-a7ee-524034694c23,a2fb4153-5b13-4cd0-98fa-252c664b95ea,Rolex Rings Ltd.,INE645S01016,,,171840.0,2223.61,INR,0.41,,,,{},2026-08-22 09:12:01.054763+00:00
86e250fe-4cea-40c9-85f3-6a12ca62543a,e52aceb7-9bc0-403c-a7ee-524034694c23,f581ceb5-9797-42c0-97b1-b3224600ceaf,Info Edge (India) Ltd.,INE663F01032,,,1854840.0,24285.42,INR,3.54,,,,{},2026-08-22 09:12:01.054763+00:00
fb4a4777-f2c8-4739-8537-a9970a6da351,e52aceb7-9bc0-403c-a7ee-524034694c23,48c7e324-b731-43d2-80cc-7b78f2fec413,TeamLease Services Ltd.,INE985S01024,,,687133.0,12235.09,INR,1.78,,,,{},2026-08-22 09:12:01.054763+00:00
cd4fbb10-e981-43dd-b835-9b27328a3ead,e52aceb7-9bc0-403c-a7ee-524034694c23,0ea0ed56-cc68-40b6-b96b-e7464cb873fc,GO Digit General Insurance Ltd.,INE03JT01014,,,3029115.0,10482.25,INR,1.53,,,,{},2026-08-22 09:12:01.054763+00:00
b6a30e3e-2996-4513-9ad3-b207a412d946,e52aceb7-9bc0-403c-a7ee-524034694c23,b75bf7e1-2595-49d6-9d80-cc1e095dc413,Home First Finance Company India Ltd.,INE481N01025,,,859985.0,10457.42,INR,1.52,,,,{},2026-08-22 09:12:01.054763+00:00
e72b6657-de85-4b68-813c-a43ebb0ab302,e52aceb7-9bc0-403c-a7ee-524034694c23,3e2866ee-1382-4aa1-9d6f-b6b019963b00,AU Small Finance Bank Ltd.,INE949L01017,,,2410009.0,17626.81,INR,4.83,,,,{},2026-08-22 09:12:01.054763+00:00
f94c8a6a-1451-4896-a17a-d230a5474411,e52aceb7-9bc0-403c-a7ee-524034694c23,addb1ea9-8738-424d-bdc7-e3f49810635e,Marico Ltd.,INE196A01026,,,2096277.0,14619.44,INR,4.01,,,,{},2026-08-22 09:12:01.054763+00:00
ffd65961-2eef-4e20-8f96-fce3192989b8,e52aceb7-9bc0-403c-a7ee-524034694c23,d545e562-f292-4e4a-b374-dac3e050d6ce,Coromandel International Ltd.,INE169A01031,,,425370.0,9564.02,INR,2.62,,,,{},2026-08-22 09:12:01.054763+00:00
34f86256-d3fa-497c-83c5-fa60bcd9d7be,e52aceb7-9bc0-403c-a7ee-524034694c23,2f5b3f4f-5a3d-47a1-8ed3-c2ff831cc504,Polycab India Ltd.,INE455K01017,,,55078.0,4012.98,INR,1.1,,,,{},2026-08-22 09:12:01.054763+00:00
922c0c1e-f4a7-4bb1-95cb-584e0ffe0fc7,e52aceb7-9bc0-403c-a7ee-524034694c23,f976fa05-1d5d-464b-b7ea-b61a595fa42e,DLF Ltd.,INE271C01023,,,31000.0,221.03,INR,3.31,,,,{},2026-08-22 09:12:01.054763+00:00
a8aabad5-f420-405c-a51e-b376f51545d4,e52aceb7-9bc0-403c-a7ee-524034694c23,080259c2-2036-428c-a59b-c4428e0efc79,H.G. Infra Engineering Ltd.,INE926X01010,,,15000.0,139.47,INR,2.09,,,,{},2026-08-22 09:12:01.054763+00:00
eede9586-5157-49dd-8364-df836999142a,e52aceb7-9bc0-403c-a7ee-524034694c23,4050fa58-2d7a-4746-ab75-6e078762ece8,GKW Ltd.,INE528A01020,,,52804.0,863.35,INR,4.17,,,,{},2026-08-22 09:12:01.054763+00:00
b7cf8823-488a-42c6-9968-6c6d941184f1,e52aceb7-9bc0-403c-a7ee-524034694c23,c2c75de6-8f65-4799-85f2-9fdcbc7507c3,Sanathan Textiles Ltd.,INE0JPD01013,,,413687.0,2060.16,INR,5.39,,,,{},2026-08-22 09:12:01.054763+00:00
82d2f1bc-c094-4072-931b-a1bfc106ef29,e52aceb7-9bc0-403c-a7ee-524034694c23,9205f532-0324-4bd0-93d1-6c743d4dccda,Tips Music Ltd.,INE716B01029,,,167340.0,982.96,INR,2.57,,,,{},2026-08-22 09:12:01.054763+00:00
5892e720-ef6f-4761-885d-08c5efb43257,e52aceb7-9bc0-403c-a7ee-524034694c23,e4399233-8233-4534-aec3-fbfa4a527a31,Astral Ltd.,INE006I01046,,,1500000.0,20496.0,INR,0.26,,,,{},2026-08-22 09:12:01.054763+00:00
ad784a85-1622-4972-a971-4e59be6f9cda,e52aceb7-9bc0-403c-a7ee-524034694c23,0656a02e-ac97-470c-a596-cabfe0a12165,Cube Highways Trust,INE0NR623014,,,57400000.0,77237.44,INR,0.98,,,,{},2026-08-22 09:12:01.054763+00:00
9d1f0237-b38b-4e28-9bc8-cc1908eb0601,e52aceb7-9bc0-403c-a7ee-524034694c23,b54087bb-adb2-4754-a671-9864ac0a96fb,Adani Airport Holdings Ltd.,INE0GCN07047,,,100690.0,81984.11,INR,1.04,9.495,,,{},2026-08-22 09:12:01.054763+00:00
21009cdb-9852-4fb6-8e64-723bc8440160,e52aceb7-9bc0-403c-a7ee-524034694c23,1d7354b2-beb6-4ff6-8b06-22e79c84e9d5,Vertis Infrastructure Trust,INE0KXY07059,,,60000.0,59772.96,INR,0.76,7.295,,,{},2026-08-22 09:12:01.054763+00:00
05373782-dff5-45af-ab4b-f0859534c149,e52aceb7-9bc0-403c-a7ee-524034694c23,5b5dfbd0-6f0d-45c7-9384-d46f2a5de490,National Housing Bank,INE557F08GD6,,,52500.0,53228.65,INR,0.67,7.06,,,{},2026-08-22 09:12:01.054763+00:00
d8c18a68-c92a-4b38-a376-ca39205bd3f0,e52aceb7-9bc0-403c-a7ee-524034694c23,635ec43c-924f-4c42-8693-b4f83f5e2276,Renserv Global Pvt Ltd.,INE0AY207061,,,51500.0,51486.61,INR,0.65,9.91605,,,{},2026-08-22 09:12:01.054763+00:00
f08c2443-f1d2-4de7-81fd-5e05b43726d6,e52aceb7-9bc0-403c-a7ee-524034694c23,bd10c50e-d5bf-4387-a6f9-85d26080bd57,JTPM Metal Traders Ltd.,INE02PE08036,,,50000.0,50079.85,INR,0.63,8.4584,,,{},2026-08-22 09:12:01.054763+00:00
bc744560-73d3-4c4e-b267-00902f50f10e,e52aceb7-9bc0-403c-a7ee-524034694c23,84aa2f74-fafc-46a8-a34d-f2a1e8844e05,TVS Holdings Ltd.,INE105A08022,,,45000.0,45505.35,INR,0.58,7.8649,,,{},2026-08-22 09:12:01.054763+00:00
754670a4-388c-43e1-a0f8-e5047c0953ca,e52aceb7-9bc0-403c-a7ee-524034694c23,0a4a6149-7f0b-4e37-a7db-6b905ffb4934,National Bank for Agriculture and Rural Development,INE261F08EH1,,,31500.0,32178.79,INR,0.41,6.905,,,{},2026-08-22 09:12:01.054763+00:00
25639eba-fed9-4e4a-9b23-49d387a73b6c,e52aceb7-9bc0-403c-a7ee-524034694c23,b7077dfc-d456-4313-8740-6572e74b2e69,Tata Power Renewable Energy Ltd. (Guaranteed by Tata Power Ltd.),INE607M08105,,,30000.0,30650.97,INR,0.39,7.5074,,,{},2026-08-22 09:12:01.054763+00:00
5d50cffd-16a8-406c-9bdc-85a2adb5bf2a,e52aceb7-9bc0-403c-a7ee-524034694c23,c3865c89-814a-4d86-8e11-9c27e28c8f46,State Bank of India( AT1 Bond under Basel III ),INE062A08314,,,301.0,30352.48,INR,0.38,7.2622,,,{},2026-08-22 09:12:01.054763+00:00
ade8ddbd-ac32-4952-afc2-8d9e30183d74,e52aceb7-9bc0-403c-a7ee-524034694c23,56dfba69-c50a-4d99-a7d6-0bf828869f78,GMR Airports Ltd.,INE776C08075,,,30000.0,30306.36,INR,0.38,10.375,,,{},2026-08-22 09:12:01.054763+00:00
87b767c2-39e1-4375-b194-8111e5effaf7,e52aceb7-9bc0-403c-a7ee-524034694c23,9120f190-a07c-4d73-a64e-2b8898149e74,India Infrastructure Finance Company Ltd.,INE787H08212,,,30000.0,29972.16,INR,0.38,7.005,,,{},2026-08-22 09:12:01.054763+00:00
5f10b32f-f914-49b8-915e-b7944a27d054,e52aceb7-9bc0-403c-a7ee-524034694c23,36674dd7-d9cc-46d2-9dfe-550c4f4fdefc,LIC Housing Finance Ltd.,INE115A07RF8,,,29500.0,29868.51,INR,0.38,6.85,,,{},2026-08-22 09:12:01.054763+00:00
d991a614-3cd6-4527-b69d-f6acd1a25106,e52aceb7-9bc0-403c-a7ee-524034694c23,ba0e9a03-d936-47cb-bd77-8b800ef5fdf1,Aditya Birla Renewables Ltd.,INE01QP08016,,,28500.0,28933.06,INR,0.37,7.74,,,{},2026-08-22 09:12:01.054763+00:00
efe515bb-c1fc-4f51-a3dc-b5b850fbfd86,e52aceb7-9bc0-403c-a7ee-524034694c23,d14f2da3-d32a-4374-8119-add4012fa655,REC Ltd.,INE020B08FP0,,,250.0,25955.6,INR,0.33,7.4012,,,{},2026-08-22 09:12:01.054763+00:00
75fc686a-9d28-44cc-8935-e748fea4527a,e52aceb7-9bc0-403c-a7ee-524034694c23,9a494834-55aa-4e20-a620-7039431347dc,Bajaj Housing Finance Ltd.,INE377Y07508,,,25000.0,25679.33,INR,0.33,7.45,,,{},2026-08-22 09:12:01.054763+00:00
6287020b-6e66-4bc8-aa7c-4ebdeb2919f6,e52aceb7-9bc0-403c-a7ee-524034694c23,8cd9f538-521d-4413-ae18-599693775088,National Bank for Agriculture and Rural Development,INE261F08EJ7,,,25000.0,25625.23,INR,0.32,6.92,,,{},2026-08-22 09:12:01.054763+00:00
3c8a0307-7fa8-474f-b8ce-b69f791e1061,e52aceb7-9bc0-403c-a7ee-524034694c23,dab038f8-6de8-4100-98eb-3af1a7607c46,Cube Highways Trust,INE0NR607025,,,25700.0,25494.66,INR,0.32,6.4675,,,{},2026-08-22 09:12:01.054763+00:00
a2bf7de1-047a-4560-a599-ece09e0a5154,e52aceb7-9bc0-403c-a7ee-524034694c23,bb7fa99f-3794-4ad8-8607-e1a46630c0df,Bajaj Finance Ltd.,INE296A07SV1,,,20000.0,20318.96,INR,0.26,7.545,,,{},2026-08-22 09:12:01.054763+00:00
bcff697c-30cc-453a-bb7d-d99094948f21,e52aceb7-9bc0-403c-a7ee-524034694c23,277eaf7b-2e59-4923-951c-7b6173f85f95,Torrent Power Ltd.,INE813H07325,,,17000.0,17461.45,INR,0.22,7.42,,,{},2026-08-22 09:12:01.054763+00:00
42ded90a-2ac9-4f2d-8411-5c0e3712d941,e52aceb7-9bc0-403c-a7ee-524034694c23,81e745b5-91c2-4ff6-be30-6b5d6fca29bc,Power Finance Corporation Ltd.,INE134E08MA1,,,16500.0,16904.22,INR,0.21,7.19,,,{},2026-08-22 09:12:01.054763+00:00
f2ca775b-5078-41af-89d6-e44a0fd7b72b,e52aceb7-9bc0-403c-a7ee-524034694c23,e59f1109-2ecc-4275-9eda-61795b95ad89,Aditya Birla Real Estate Ltd.,INE055A08052,,,16500.0,16718.91,INR,0.21,7.565,,,{},2026-08-22 09:12:01.054763+00:00
3a55a849-639d-4b8d-b75b-6e76de4e482a,e52aceb7-9bc0-403c-a7ee-524034694c23,294e4067-b263-410c-a482-dd49c47befbd,Torrent Investments Ltd.,INE939L08013,,,16500.0,16572.48,INR,0.21,7.7121,,,{},2026-08-22 09:12:01.054763+00:00
521709fb-0d4b-4af7-9906-7cb889a4cc01,e52aceb7-9bc0-403c-a7ee-524034694c23,77479d7a-6221-42a9-a1aa-e9b01f65aa0c,Summit Digitel Infrastructure Pvt. Ltd.,INE507T07153,,,15000.0,15241.64,INR,0.19,7.445,,,{},2026-08-22 09:12:01.054763+00:00
25eef89e-01db-48c6-9f03-430de9059583,e52aceb7-9bc0-403c-a7ee-524034694c23,988ae795-e1c9-4b63-a991-52c8a6f2c99b,Indian Railway Finance Corporation Ltd.,INE053F08494,,,15000.0,14922.3,INR,0.19,6.905,,,{},2026-08-22 09:12:01.054763+00:00
4a5dc0b5-9278-4b71-9cb9-5e756794e610,e52aceb7-9bc0-403c-a7ee-524034694c23,e44cc21f-003f-4d6b-ba7a-99f686ec4094,Bharti Telecom Ltd.,INE403D08264,,,12500.0,13017.46,INR,0.16,7.53,,,{},2026-08-22 09:12:01.054763+00:00
df034341-308d-4f7b-b0f5-0c4a963ab892,e52aceb7-9bc0-403c-a7ee-524034694c23,821a5791-eea9-4c19-a791-495beb40daf9,Bank of India( AT1 Bond Under Basel III ),INE084A08169,,,114.0,11619.63,INR,0.15,7.5644382,,,{},2026-08-22 09:12:01.054763+00:00
1c1c74ac-9ccd-4568-a694-324ce6e44eec,e52aceb7-9bc0-403c-a7ee-524034694c23,206aceb5-5499-4128-9081-449458e15d63,Avanse Financial Services Ltd.,INE087P07402,,,10000.0,10038.08,INR,0.13,9.0149,,,{},2026-08-22 09:12:01.054763+00:00
ed579afb-2c9c-4f2f-b071-8bc550031546,e52aceb7-9bc0-403c-a7ee-524034694c23,248c854e-508d-4bd0-9ea5-475354740a9f,LIC Housing Finance Ltd.,INE115A07QV7,,,9500.0,9612.59,INR,0.12,7.42,,,{},2026-08-22 09:12:01.054763+00:00
06d9bc58-6699-4512-9b13-8c4bb785e3f2,e52aceb7-9bc0-403c-a7ee-524034694c23,bbd05b03-311c-41ad-ad88-c5f5f5f71ed9,Canara Bank( AT1 Bond under Basel III ),INE476A08241,,,91.0,9314.51,INR,0.12,7.544,,,{},2026-08-22 09:12:01.054763+00:00
81fd3074-6b0f-44fa-8121-32eb6996672c,e52aceb7-9bc0-403c-a7ee-524034694c23,ca66d961-4d66-40c6-815f-adbe65a5d243,State Bank of India,INE062A08439,,,8000.0,8100.82,INR,0.1,7.2075,,,{},2026-08-22 09:12:01.054763+00:00
73f86ad6-7e99-4645-8b7f-9607a6e014a5,e52aceb7-9bc0-403c-a7ee-524034694c23,a9fdeef9-f005-47d9-abb9-5ed5778f1fec,Torrent Power Ltd.,INE813H07275,,,7500.0,7842.75,INR,0.1,7.5898,,,{},2026-08-22 09:12:01.054763+00:00
128078a0-6e2f-49d7-8d58-c45eef4eda4a,e52aceb7-9bc0-403c-a7ee-524034694c23,f81f6403-ee37-430e-9692-23d6203224e9,REC Ltd.,INE020B08FD6,,,7500.0,7658.45,INR,0.1,6.89,,,{},2026-08-22 09:12:01.054763+00:00
f8137bc1-0dfc-4bf7-afcb-673d75bb8e2e,e52aceb7-9bc0-403c-a7ee-524034694c23,2efcc912-1322-477f-8e81-c5ccde7c0059,Bank of Baroda( AT1 Bond under Basel III ),INE028A08299,,,76.0,7654.76,INR,0.1,7.4523,,,{},2026-08-22 09:12:01.054763+00:00
cfa0f3bd-7e38-487f-b160-c77767b9e71c,e52aceb7-9bc0-403c-a7ee-524034694c23,34a33241-eaf4-453f-b7cf-b8d6fcf3f7b1,Power Finance Corporation Ltd.,INE134E08ND3,,,7500.0,7590.08,INR,0.1,7.02,,,{},2026-08-22 09:12:01.054763+00:00
bec2c51b-7444-4174-80e7-430c9264608e,e52aceb7-9bc0-403c-a7ee-524034694c23,bf81f22e-76f9-4f20-ab58-cee6fc77351b,National Bank for Financing Infrastructure and Development,INE0KUG08068,,,7500.0,7445.12,INR,0.09,7.25,,,{},2026-08-22 09:12:01.054763+00:00
705ae66a-2402-4f14-bb8e-6517528f60a2,e52aceb7-9bc0-403c-a7ee-524034694c23,25e213ca-6db8-4a88-a438-6bea6ddc062f,Power Finance Corporation Ltd.,INE134E08NR3,,,7500.0,7392.42,INR,0.09,6.995,,,{},2026-08-22 09:12:01.054763+00:00
287e08c2-8ff0-4333-9cff-eccdf9b598ae,e52aceb7-9bc0-403c-a7ee-524034694c23,523c73d4-6596-4bed-a113-c009dfe86d7c,Bharti Telecom Ltd.,INE403D08256,,,5000.0,5172.3,INR,0.07,7.451,,,{},2026-08-22 09:12:01.054763+00:00
7595e113-626a-423b-a6af-be75ba53b663,e52aceb7-9bc0-403c-a7ee-524034694c23,f6909290-aef6-4b45-aed5-a7d12194e103,Muthoot Finance Ltd.,INE414G07JN3,,,5000.0,5060.91,INR,0.06,7.93,,,{},2026-08-22 09:12:01.054763+00:00
09bfe795-9f7c-47f3-8cc7-d23d1ea5ea66,e52aceb7-9bc0-403c-a7ee-524034694c23,5332bba6-34b9-44ef-bc26-1a29e1346ed5,Muthoot Finance Ltd.,INE414G07II5,,,5000.0,5057.35,INR,0.06,7.9321,,,{},2026-08-22 09:12:01.054763+00:00
ed2eb4e6-1ea1-4bef-b3fa-2641aeeb12ef,e52aceb7-9bc0-403c-a7ee-524034694c23,3396f6dd-bb10-4261-a44c-4b2592429482,Indian Railway Finance Corporation Ltd.,INE053F08478,,,5000.0,5014.04,INR,0.06,7.2499,,,{},2026-08-22 09:12:01.054763+00:00
0da3492d-de3c-4e60-9211-8a38f1f6f611,e52aceb7-9bc0-403c-a7ee-524034694c23,151b9879-7cf1-44bd-98cf-6a023d3a0d04,Torrent Power Ltd.,INE813H07309,,,4000.0,4182.8,INR,0.05,7.5898,,,{},2026-08-22 09:12:01.054763+00:00
e3b32d4d-376a-4c2b-ab58-beeb2b2ed9d1,e52aceb7-9bc0-403c-a7ee-524034694c23,47944a8c-7384-4a3e-8e3d-e630010fd068,Punjab National Bank( Tier II Bond under Basel III ),INE160A08167,,,400.0,3999.53,INR,0.05,7.085,,,{},2026-08-22 09:12:01.054763+00:00
10772cd2-3854-47cf-ae3f-9c6433331949,e52aceb7-9bc0-403c-a7ee-524034694c23,9a6373ff-768f-49e7-9152-f0d6cbcabf42,Torrent Power Ltd.,INE813H07333,,,3000.0,3064.16,INR,0.04,7.325,,,{},2026-08-22 09:12:01.054763+00:00
56799fee-2bcc-4a70-9f89-84fa8603bb3d,e52aceb7-9bc0-403c-a7ee-524034694c23,c4065461-2c0f-4327-923d-0e17fd724ffb,Power Finance Corporation Ltd.,INE134E08KV1,,,250.0,2572.48,INR,0.03,6.99,,,{},2026-08-22 09:12:01.054763+00:00
62f15027-8cd2-4e62-b8e7-303bb42ef138,e52aceb7-9bc0-403c-a7ee-524034694c23,56a2fe56-e6b9-4481-a1ac-b2586b3c2a0a,Muthoot Finance Ltd.,INE414G07JM5,,,2500.0,2533.82,INR,0.03,7.93,,,{},2026-08-22 09:12:01.054763+00:00
ca788be6-1b5a-469e-8c34-3b385c3aa300,e52aceb7-9bc0-403c-a7ee-524034694c23,0d3347d7-7fa0-4d4a-a4d0-ac726059a48b,Bajaj Housing Finance Ltd.,INE377Y07516,,,2500.0,2517.54,INR,0.03,7.45,,,{},2026-08-22 09:12:01.054763+00:00
92166036-1288-4137-9a9e-ad3428c111f1,e52aceb7-9bc0-403c-a7ee-524034694c23,ca82129b-7ca9-4ae9-a513-ce28e8df688e,Avanse Financial Services Ltd.,INE087P07337,,,2200.0,2209.86,INR,0.03,9.0149,,,{},2026-08-22 09:12:01.054763+00:00
13b6f91f-164f-40ee-9199-4ee9b298c165,e52aceb7-9bc0-403c-a7ee-524034694c23,7d8ca307-383c-45fa-8e59-c9ca956e0a9c,JM Financial Asset Reconstruction Company Ltd.,INE265J07506,,,2000.0,502.47,INR,0.01,8.9896,,,{},2026-08-22 09:12:01.054763+00:00
0c033b51-4671-419e-85fe-a2104b52fd55,e52aceb7-9bc0-403c-a7ee-524034694c23,36db4ef5-336e-414d-b3df-82c37536bcc7,India Universal Trust AL2 (Obligor - HDFC Bank Ltd.),INE1CBK15029,,,300.0,24197.4,INR,0.31,7.68,,,{},2026-08-22 09:12:01.054763+00:00
d662c117-d950-413a-bbda-eee038c099e6,e52aceb7-9bc0-403c-a7ee-524034694c23,e509b98c-302b-42e2-92d2-90a67beac2e3,6.79% CGL 2034,IN0020240126,,,281501100.0,284287.12,INR,3.6,6.7523969,,,{},2026-08-22 09:12:01.054763+00:00
5fa0dba2-87b4-4afb-a685-4e4700f9f16f,e52aceb7-9bc0-403c-a7ee-524034694c23,cd80e8dc-9624-4014-a7de-529a0dbd5811,6.33% CGL 2035,IN0020250026,,,289000400.0,284060.52,INR,3.6,6.6798873,,,{},2026-08-22 09:12:01.054763+00:00
d148a43c-fc78-4c95-a986-1f953d97ea17,e52aceb7-9bc0-403c-a7ee-524034694c23,23c62790-e6b0-41a5-a8c6-d935bfb34dbf,7.24% CGL 2055,IN0020250075,,,153500000.0,154274.87,INR,1.95,7.3272086,,,{},2026-08-22 09:12:01.054763+00:00
f8165d02-abe0-4a36-866b-5869d7380f0d,e52aceb7-9bc0-403c-a7ee-524034694c23,6131343f-2740-4761-b732-7fa57b67ecf4,7.09% CGL 2054,IN0020240118,,,93500000.0,92148.46,INR,1.17,7.3385049,,,{},2026-08-22 09:12:01.054763+00:00
03ada336-a9ee-4040-b507-48bd675db60a,e52aceb7-9bc0-403c-a7ee-524034694c23,1b123ece-0c31-450c-b448-aab6cf422f1c,6.68% CGL 2040,IN0020250042,,,20000000.0,19646.8,INR,0.25,6.9887081,,,{},2026-08-22 09:12:01.054763+00:00
bfba5a7a-48c6-4c4d-9776-0bcc1fe8ec01,e52aceb7-9bc0-403c-a7ee-524034694c23,9268d9ef-7443-4cc4-8dc8-eecc9da370d5,6.92% CGL 2039,IN0020240134,,,456000.0,457.66,INR,0.01,6.9962836,,,{},2026-08-22 09:12:01.054763+00:00
a074736e-ae5e-4ba5-badb-a3365ef87451,e52aceb7-9bc0-403c-a7ee-524034694c23,813ca8bf-4ab4-4e86-999c-71406024629c,Nuvoco Vistas Corporation Ltd.,INE118D14951,,,3000.0,14928.09,INR,0.19,6.2801,,,{},2026-08-22 09:12:01.054763+00:00
8dc7864b-f9bd-4653-8f5f-953beec80118,e52aceb7-9bc0-403c-a7ee-524034694c23,1536630d-8a43-487d-97cc-eda0269b0d5c,Mahindra Lifespace Developers Ltd.,INE813A14359,,,1500.0,7446.19,INR,0.09,6.1349,,,{},2026-08-22 09:12:01.054763+00:00
dbd15288-c21e-4729-90af-3c2c47cd043b,e52aceb7-9bc0-403c-a7ee-524034694c23,38cd69fa-8d89-4d9a-8ba9-95fc2eac8ace,CSB Bank Ltd.,INE679A16458,,,5000.0,24242.93,INR,0.31,6.705,,,{},2026-08-22 09:12:01.054763+00:00
03339734-02de-46e3-8da1-289eb3bf8aba,e52aceb7-9bc0-403c-a7ee-524034694c23,4804fe1e-2d14-46d7-90fa-6fe22cfec1e9,Bank of India,INE084A16EF5,,,4000.0,19797.8,INR,0.25,5.8247,,,{},2026-08-22 09:12:01.054763+00:00
3960d1d8-b607-4f24-a48b-433addd2d6f3,e52aceb7-9bc0-403c-a7ee-524034694c23,d86df766-336a-492d-88a9-90c357c45d1a,GOI 22.08.2026 GOV,IN000826C023,,,257000.0,244.25,INR,,5.8741934,,,{},2026-08-22 09:12:01.054763+00:00
4d6a8684-b7e4-4eca-9763-f8a0c42f6004,e52aceb7-9bc0-403c-a7ee-524034694c23,30d10d0a-61c7-4c40-83eb-00abbbc20e99,RBL Bank Ltd.,INE976G01028,,,3000000.0,8317.5,INR,0.84,,,,{},2026-08-22 09:12:01.054763+00:00
0d818edd-af77-48b9-87a2-c5ad3bcc5b5f,e52aceb7-9bc0-403c-a7ee-524034694c23,9b30df4d-490c-466c-a9a5-1aa599f26ca4,PNC Infratech Ltd.,INE195J01029,,,1062000.0,3122.28,INR,0.32,,,,{},2026-08-22 09:12:01.054763+00:00
daed1dde-a78d-413d-a557-b49513874fc9,e52aceb7-9bc0-403c-a7ee-524034694c23,73b412a6-6ba9-4ec9-8670-76d0f9205804,Infopark Properties Ltd.,INE0KZX07023,,,30000.0,30221.22,INR,3.07,7.335,,,{},2026-08-22 09:12:01.054763+00:00
846ed4d7-96ac-4594-823e-f3eb0c22ed3d,e52aceb7-9bc0-403c-a7ee-524034694c23,ecebddb7-9aaa-4ee9-a45e-3cff908030c0,State Bank of India( Tier II Bond under Basel III ),INE062A08264,,,2500.0,24962.93,INR,2.53,5.8623,,,{},2026-08-22 09:12:01.054763+00:00
ec542ae4-92c3-4f47-bdca-80be35fc3705,e52aceb7-9bc0-403c-a7ee-524034694c23,73165335-d237-4959-9535-5b2121558440,Cholamandalam Investment & Finance Co. Ltd.,INE121A08PT9,,,20000.0,20533.88,INR,2.08,8.4756,,,{},2026-08-22 09:12:01.054763+00:00
4068a177-26ab-4d8b-9a1f-38a25e7b1341,e52aceb7-9bc0-403c-a7ee-524034694c23,aefc3091-8970-4d3f-930e-73fcd9c9c9dd,Tata Communications Ltd.,INE151A08349,,,17500.0,17647.46,INR,1.79,6.72,,,{},2026-08-22 09:12:01.054763+00:00
f07ffaf8-ec45-4eb8-a98b-5aa8ba19e966,e52aceb7-9bc0-403c-a7ee-524034694c23,76e975e4-f801-4908-9f80-01d8c5d317ea,Godrej Industries Ltd.,INE233A08170,,,17500.0,17372.97,INR,1.76,7.7575,,,{},2026-08-22 09:12:01.054763+00:00
cca90b61-c1d1-46ae-90de-56bab3171e3e,e52aceb7-9bc0-403c-a7ee-524034694c23,96d41417-a378-4629-95c3-acb3c89db18e,Motilal Oswal Finvest Ltd.,INE01WN07128,,,17000.0,17014.18,INR,1.73,8.74,,,{},2026-08-22 09:12:01.054763+00:00
4a49dcdb-a9bd-4f3c-b252-492145588e4d,e52aceb7-9bc0-403c-a7ee-524034694c23,058c223d-c292-4a2e-ade9-3f18e2e4a7cc,Power Finance Corporation Ltd.,INE134E08NM4,,,15000.0,15249.21,INR,1.55,7.035,,,{},2026-08-22 09:12:01.054763+00:00
90323328-3b5a-4f8e-ac50-69bd6141066b,e52aceb7-9bc0-403c-a7ee-524034694c23,1900e2c0-ee9a-4b51-86b8-1143616d1643,Mahindra Rural Housing Finance Ltd.,INE950O07438,,,15000.0,15244.49,INR,1.55,7.053,,,{},2026-08-22 09:12:01.054763+00:00
d67ef7fe-bdfc-4e32-878e-2a58a6ba85fe,e52aceb7-9bc0-403c-a7ee-524034694c23,4bfa718f-c55e-4095-acd0-ec264395cf35,Mahanagar Telephone Nigam Ltd.,INE153A08113,,,1500.0,15103.16,INR,1.53,7.8899,,,{},2026-08-22 09:12:01.054763+00:00
4a6a4303-f016-41f4-8104-1b6a7979faa4,e52aceb7-9bc0-403c-a7ee-524034694c23,c426ded2-be4b-4bb6-8682-4e1af9d76190,SMFG India Home Finance Co. Ltd.,INE213W07251,,,13500.0,13593.34,INR,1.38,6.9669,,,{},2026-08-22 09:12:01.054763+00:00
f5e1b8e1-0aca-4632-91a2-6c51816f8b19,e52aceb7-9bc0-403c-a7ee-524034694c23,31a5a03d-ed91-4050-a96b-a56d32b2cf47,Tata Projects Ltd.,INE725H08162,,,12500.0,12645.06,INR,1.28,7.34,,,{},2026-08-22 09:12:01.054763+00:00
8eb27282-b5be-44b3-85c3-b975e0e6e513,e52aceb7-9bc0-403c-a7ee-524034694c23,8b536b13-535c-4ba5-9ece-7610660ceec1,Cholamandalam Investment & Finance Co. Ltd.,INE121A08PU7,,,12000.0,12149.29,INR,1.23,8.4756,,,{},2026-08-22 09:12:01.054763+00:00
34c73941-6a06-466a-bc7a-3a1ffcb9ecd9,e52aceb7-9bc0-403c-a7ee-524034694c23,c937f655-49c0-4839-a011-b6f65112a37b,Torrent Power Ltd.,INE813H07291,,,10000.0,10459.08,INR,1.06,7.675,,,{},2026-08-22 09:12:01.054763+00:00
56cdfe2c-a90c-47df-9865-c51bfbce3bd4,e52aceb7-9bc0-403c-a7ee-524034694c23,22c6eac1-e9c7-4933-8bf2-529e56661ff7,Torrent Power Ltd.,INE813H07267,,,10000.0,10459.08,INR,1.06,7.675,,,{},2026-08-22 09:12:01.054763+00:00
bee035dc-afac-4c3b-b9a9-f4461cbcf184,e52aceb7-9bc0-403c-a7ee-524034694c23,abba4cce-4467-4939-81bb-2d46a5fbf617,IndiGrid Infrastructure Trust,INE219X07447,,,10000.0,10281.7,INR,1.04,7.1675,,,{},2026-08-22 09:12:01.054763+00:00
377d7d39-5e54-4e30-9c06-0a1e7d7f19be,e52aceb7-9bc0-403c-a7ee-524034694c23,5163316f-d6ad-47ba-94e4-95b387da896e,National Bank for Agriculture and Rural Development,INE261F08EO7,,,10000.0,10173.19,INR,1.03,6.8096,,,{},2026-08-22 09:12:01.054763+00:00
86a151ab-ba2f-4d9e-8bb6-17312c93b70d,e52aceb7-9bc0-403c-a7ee-524034694c23,be743ad1-557c-489b-911c-6f7ef60ce3e4,Jamnagar Utilities & Power Pvt. Ltd.,INE936D07190,,,10000.0,9953.52,INR,1.01,7.5,,,{},2026-08-22 09:12:01.054763+00:00
4315bf35-42d7-4a0e-bb6f-be14ad9fc452,e52aceb7-9bc0-403c-a7ee-524034694c23,ac38394b-99c7-4b65-b3bd-26d1b5b5290c,Muthoot Finance Ltd.,INE414G07IS4,,,9700.0,9938.89,INR,1.01,7.9322,,,{},2026-08-22 09:12:01.054763+00:00
52064530-c4c2-47ae-958e-cb650f678c61,e52aceb7-9bc0-403c-a7ee-524034694c23,a8d06098-f315-4275-a279-6e2c5ee364aa,Indian Railway Finance Corporation Ltd.,INE053F08502,,,10000.0,9898.92,INR,1.0,6.9075,,,{},2026-08-22 09:12:01.054763+00:00
1f02fdeb-d2cf-4d2d-bf1c-b4f43d73f9de,e52aceb7-9bc0-403c-a7ee-524034694c23,dd29413e-75c8-402a-a45a-827c827cb8fc,Bajaj Finance Ltd.,INE296A07TI6,,,9000.0,9065.94,INR,0.92,7.355,,,{},2026-08-22 09:12:01.054763+00:00
b72bc478-ae0b-4845-a80b-a8e9aa4a72a3,e52aceb7-9bc0-403c-a7ee-524034694c23,e8bcc28e-1188-4b05-ac76-7fc34ee9ab26,State Bank of India( AT1 Bond under Basel III ),INE062A08413,,,85.0,8966.8,INR,0.91,7.4199,,,{},2026-08-22 09:12:01.054763+00:00
2dd3b6ae-a447-4309-a481-08536fed9f77,e52aceb7-9bc0-403c-a7ee-524034694c23,f088fa53-462f-4acb-a2ea-4d531b34e449,Muthoot Finance Ltd.,INE414G07JG7,,,7500.0,7739.05,INR,0.78,8.0275,,,{},2026-08-22 09:12:01.054763+00:00
88cb56ce-adbe-4668-b1f1-69d24dbae7db,e52aceb7-9bc0-403c-a7ee-524034694c23,c6bdc1dc-7571-4738-9c04-57a83fdc8460,Aadhar Housing Finance Ltd.,INE883F07314,,,7000.0,7067.55,INR,0.72,7.2549,,,{},2026-08-22 09:12:01.054763+00:00
05d6a3ff-b143-49ba-91d3-e04e7f71e02e,e52aceb7-9bc0-403c-a7ee-524034694c23,792a4563-a556-4429-afbb-e003fc4963c7,Mahanagar Telephone Nigam Ltd.,INE153A08105,,,600.0,6083.32,INR,0.62,7.8899,,,{},2026-08-22 09:12:01.054763+00:00
3e8f9b52-e466-4d02-8179-621f843f3699,e52aceb7-9bc0-403c-a7ee-524034694c23,34c1092d-05a4-4cb7-ab27-1fdf8374c590,Godrej Properties Ltd.,INE484J08048,,,6000.0,6037.7,INR,0.61,7.128,,,{},2026-08-22 09:12:01.054763+00:00
dc1c2741-5248-4e22-a58f-fb10ee2e91e9,e52aceb7-9bc0-403c-a7ee-524034694c23,ebfa1093-8ed9-44d1-be1b-1701c08124fa,Punjab National Bank( AT1 Bond under Basel III ),INE160A08282,,,54.0,5529.43,INR,0.56,7.6613,,,{},2026-08-22 09:12:01.054763+00:00
ac6b7c76-a62d-4969-82b9-f05bb9300521,e52aceb7-9bc0-403c-a7ee-524034694c23,1b1ab8ba-ffd9-4d45-bc6a-6aa257982c7f,IndiGrid Infrastructure Trust,INE219X07439,,,5000.0,5141.14,INR,0.52,7.1675,,,{},2026-08-22 09:12:01.054763+00:00
712401c0-2122-4a2c-98b5-e47e82187121,e52aceb7-9bc0-403c-a7ee-524034694c23,df5cf440-9529-48b8-9e25-cd6ddc6cc029,Pipeline Infrastructure Pvt Ltd.,INE01XX07034,,,5000.0,5129.89,INR,0.52,7.27,,,{},2026-08-22 09:12:01.054763+00:00
8475e676-527d-41ed-8ccb-a6114f5a426e,e52aceb7-9bc0-403c-a7ee-524034694c23,439b7293-48b3-4ddf-bad7-9d75e7c4c0d1,Bajaj Housing Finance Ltd.,INE377Y07458,,,5000.0,5102.83,INR,0.52,7.45,,,{},2026-08-22 09:12:01.054763+00:00
e1249821-7291-4183-b467-f8098a1dd643,e52aceb7-9bc0-403c-a7ee-524034694c23,b986d89e-7086-446c-b530-981c79422a44,Muthoot Finance Ltd.,INE414G07IR6,,,5000.0,5067.07,INR,0.51,7.8216,,,{},2026-08-22 09:12:01.054763+00:00
fc006f7f-76dd-43bb-9f02-1cbb18dec3f5,e52aceb7-9bc0-403c-a7ee-524034694c23,9a2d91b3-56cc-42ea-99b4-211f969c548b,Godrej Seeds & Genetics Ltd.,INE316Z08022,,,5000.0,4985.09,INR,0.51,7.8349,,,{},2026-08-22 09:12:01.054763+00:00
9d5bc622-1a06-4de8-944c-f8ffe3c2b649,e52aceb7-9bc0-403c-a7ee-524034694c23,45bfeed4-1497-480c-a3ae-8a92f30b3893,Godrej Seeds & Genetics Ltd.,INE316Z08048,,,5000.0,4982.23,INR,0.51,7.8398,,,{},2026-08-22 09:12:01.054763+00:00
b71cc4da-0836-4987-9598-5f87befb2e45,e52aceb7-9bc0-403c-a7ee-524034694c23,5381c822-dfae-463e-b7eb-9c252b37f402,Godrej Seeds & Genetics Ltd.,INE316Z08030,,,5000.0,4973.57,INR,0.5,7.8799,,,{},2026-08-22 09:12:01.054763+00:00
228a132d-1e76-41ac-9544-a1f9848af2b2,e52aceb7-9bc0-403c-a7ee-524034694c23,9583604f-cecd-46f3-9233-d60db9840363,Godrej Seeds & Genetics Ltd.,INE316Z08014,,,5000.0,4973.5,INR,0.5,7.8814,,,{},2026-08-22 09:12:01.054763+00:00
c0a23967-4145-4412-b814-36fcc9759fe3,e52aceb7-9bc0-403c-a7ee-524034694c23,b2e061c3-e29d-43f5-bb02-7689bf2142d1,Godrej Industries Ltd.,INE233A08121,,,4500.0,4542.16,INR,0.46,7.205,,,{},2026-08-22 09:12:01.054763+00:00
cce356a1-cedd-43c9-a7d6-cf42bdf07ba8,e52aceb7-9bc0-403c-a7ee-524034694c23,09ad7b4c-1821-4d32-ae67-525b18acbb93,Union Bank of India( AT1 Bond under Basel III ),INE692A08193,,,30.0,3046.8,INR,0.31,7.7042882,,,{},2026-08-22 09:12:01.054763+00:00
b836cbc1-0df9-4341-a72a-84497fa4ce5d,e52aceb7-9bc0-403c-a7ee-524034694c23,ceca93a4-d267-4dae-a2f1-b42902cf16ff,Muthoot Finance Ltd.,INE414G07IG9,,,2500.0,2517.0,INR,0.26,7.4533,,,{},2026-08-22 09:12:01.054763+00:00
66caf6b4-3992-4a14-9f2d-f68f4614d2d0,e52aceb7-9bc0-403c-a7ee-524034694c23,27cc5f4f-207d-4246-ae6e-d9039bbda417,Shivshakti Securitisation Trust (Obligor - Digital Fibre Infrastructure Trust),INE2I7G15010,,,125.0,12531.2,INR,1.27,7.6525,,,{},2026-08-22 09:12:01.054763+00:00
cf1335f9-b659-46bf-b275-23befa223416,e52aceb7-9bc0-403c-a7ee-524034694c23,8639fde3-6120-4b4d-b860-dd5b919cae2b,Siddhivinayak Securitisation Trust (Obligor - Digital Fibre Infrastructure Trust),INE2I7F15012,,,125.0,12503.05,INR,1.27,7.7975,,,{},2026-08-22 09:12:01.054763+00:00
a78a9951-461b-4f4b-809f-78a5f6dfa754,e52aceb7-9bc0-403c-a7ee-524034694c23,135142b2-5237-4f9f-b9f7-5dbb77c090b4,6.79% CGL 2031,IN0020240191,,,7500000.0,7639.42,INR,0.77,6.5245446,,,{},2026-08-22 09:12:01.054763+00:00
a646f138-5c83-4a3e-b9a0-d093e1c64a0b,e52aceb7-9bc0-403c-a7ee-524034694c23,cb70addc-3884-4f12-a2d0-296329a734c4,7.08% State Government of Haryana 2039,IN1620240367,,,2500000.0,2437.15,INR,0.25,7.5133333,,,{},2026-08-22 09:12:01.054763+00:00
00c784e3-3a89-44d7-98bb-e5972c769baf,e52aceb7-9bc0-403c-a7ee-524034694c23,e39b25a2-804c-41fd-8f74-1193b4bfa9de,7.74% State Government of Rajasthan 2033,IN2920230355,,,307200.0,316.27,INR,0.03,7.3841888,,,{},2026-08-22 09:12:01.054763+00:00
6b819f43-0c09-4c4d-9d05-c029e3132266,e52aceb7-9bc0-403c-a7ee-524034694c23,7d4319bb-5720-48d8-90f3-08c984fecd89,Corporate Debt Market Development Fund-A2,INF0RQ622028,,,24879.05,2832.61,INR,0.29,5.62,,,{},2026-08-22 09:12:01.054763+00:00
8f7aac05-7134-4e06-bb03-ea7330089061,e52aceb7-9bc0-403c-a7ee-524034694c23,c878161e-21af-417e-8adc-337a4c6f39f9,Restaurant Brands Asia Ltd.,INE07T201019,,,20500000.0,15778.85,INR,1.5,,,,{},2026-08-22 09:12:01.054763+00:00
9eaa810b-6604-4dd3-82dc-fc0663911575,e52aceb7-9bc0-403c-a7ee-524034694c23,b46e7d69-4eed-41c7-b356-f701bfadbe13,VRL Logistics Ltd.,INE366I01010,,,3740000.0,10225.16,INR,0.98,,,,{},2026-08-22 09:12:01.054763+00:00
9dbf238e-7f2f-444d-9bc9-1699959219ab,e52aceb7-9bc0-403c-a7ee-524034694c23,c71335c6-97c7-4085-99e5-b62b94e8db45,Tata Technologies Ltd.,INE142M01025,,,711574.0,4763.99,INR,0.45,,,,{},2026-08-22 09:12:01.054763+00:00
9b063b89-49b0-40c7-87f0-b5446ed7fa29,e52aceb7-9bc0-403c-a7ee-524034694c23,702d39d6-7f97-41c8-94ff-d7c574f0391d,Elin Electronics Ltd.,INE050401020,,,677027.0,1366.71,INR,0.13,,,,{},2026-08-22 09:12:01.054763+00:00
ae655d0f-7163-4d90-9588-9e64060e7eac,e52aceb7-9bc0-403c-a7ee-524034694c23,bcce6bad-02ae-4074-9f22-f33ef39cbd54,Cholamandalam Investment & Finance Co. Ltd.,INE121A08PJ0,,,6000.0,7011.71,INR,0.67,7.205,,,{},2026-08-22 09:12:01.054763+00:00
c60c6344-a4ef-4c99-8569-875e5cc0036b,e52aceb7-9bc0-403c-a7ee-524034694c23,f6558da6-5a09-4e18-b4e5-65cbdd4b5cc2,Godrej Industries Ltd.,INE233A08154,,,10000.0,10131.07,INR,0.97,7.5049,,,{},2026-08-22 09:12:01.054763+00:00
286575ff-4aa4-487d-aa76-b9c5db1923e0,e52aceb7-9bc0-403c-a7ee-524034694c23,1f3ea126-19a5-404f-b058-f01d66623563,Indostar Capital Finance Ltd.,INE896L07AK6,,,10000.0,9997.22,INR,0.95,9.3806,,,{},2026-08-22 09:12:01.054763+00:00
74f60b94-4b0e-4151-a093-ff19e6676418,e52aceb7-9bc0-403c-a7ee-524034694c23,a1fd8b79-71be-4e2f-bef9-98dfdc6a5672,TATA Capital Ltd.,INE976I07CZ6,,,6000.0,6052.94,INR,0.58,7.3652,,,{},2026-08-22 09:12:01.054763+00:00
09ca263e-6837-4f0e-b412-904159667a10,e52aceb7-9bc0-403c-a7ee-524034694c23,53eff163-1cef-4de9-86e6-bd104f15b7c8,Small Industries Development Bank of India,INE556F08KX8,,,5000.0,5093.95,INR,0.49,6.88,,,{},2026-08-22 09:12:01.054763+00:00
d9ab38a4-f07a-478f-be32-45f717a5d621,e52aceb7-9bc0-403c-a7ee-524034694c23,3e9510ad-cbaf-4e75-bf48-75ee1fce7b0f,SMFG India Home Finance Co. Ltd.,INE213W07277,,,5000.0,5068.42,INR,0.48,7.1531,,,{},2026-08-22 09:12:01.054763+00:00
fc200335-ca35-48f3-8f9d-dd2b3fe44964,e52aceb7-9bc0-403c-a7ee-524034694c23,49d6ffd9-bcbc-4fd7-9023-d8b2e3fb4c82,JM Financial Credit Solutions Ltd.,INE651J07978,,,5000.0,5054.8,INR,0.48,8.3443,,,{},2026-08-22 09:12:01.054763+00:00
a9bf6498-bdb2-4e63-961c-1075bbed08bd,e52aceb7-9bc0-403c-a7ee-524034694c23,10952030-3895-4c7b-8b6a-a7ee682d27fb,JM Financial Asset Reconstruction Company Ltd.,INE265J07555,,,5000.0,5014.75,INR,0.48,8.6322,,,{},2026-08-22 09:12:01.054763+00:00
15ad1b21-3c10-4bb9-a106-5981b4b79296,e52aceb7-9bc0-403c-a7ee-524034694c23,46eb5645-4856-4b84-b56c-a0bd0bfe03e9,Bajaj Housing Finance Ltd.,INE377Y07540,,,5000.0,5006.6,INR,0.48,7.47,,,{},2026-08-22 09:12:01.054763+00:00
df9fce2e-1524-472b-8488-300d8b8b1f31,e52aceb7-9bc0-403c-a7ee-524034694c23,3f89a227-3c82-45b4-9264-333075df5a3b,Torrent Power Ltd.,INE813H07341,,,4000.0,4053.88,INR,0.39,7.225,,,{},2026-08-22 09:12:01.054763+00:00
e156d0bc-6547-48c7-adf2-7b85307fa71e,e52aceb7-9bc0-403c-a7ee-524034694c23,23a5825c-a7d6-4cf2-a7d2-e0f1ea1c3793,Sundaram Finance Ltd.,INE660A08CI7,,,2500.0,2579.27,INR,0.25,7.7099,,,{},2026-08-22 09:12:01.054763+00:00
0d10d303-ac20-41a3-9311-a182de9a94ee,e52aceb7-9bc0-403c-a7ee-524034694c23,a04b8b94-c60d-44ae-a138-a5d89518e968,Mahindra Rural Housing Finance Ltd.,INE950O07446,,,2500.0,2550.75,INR,0.24,7.685,,,{},2026-08-22 09:12:01.054763+00:00
41f131e4-653c-4882-b0de-3fbf9975374a,e52aceb7-9bc0-403c-a7ee-524034694c23,12b30c8e-48db-4a0c-b5fa-3b3d26ddaa19,Cholamandalam Investment & Finance Co. Ltd.,INE121A07SB3,,,2500.0,2541.95,INR,0.24,7.39,,,{},2026-08-22 09:12:01.054763+00:00
88bdbd0b-250e-40bd-a506-2b3341f4bc69,e52aceb7-9bc0-403c-a7ee-524034694c23,1fddcccd-382c-444b-8303-23c6ef91d83a,JM Financial Services Ltd.,INE012I07041,,,2400.0,2413.25,INR,0.23,7.88875,,,{},2026-08-22 09:12:01.054763+00:00
52a43661-ddf0-442c-abba-4580e7bf54f3,e52aceb7-9bc0-403c-a7ee-524034694c23,07e39168-7b55-4e15-ac2e-5b0bd30e16d3,Aadhar Housing Finance Ltd.,INE883F07306,,,2300.0,2315.71,INR,0.22,7.18,,,{},2026-08-22 09:12:01.054763+00:00
947d5c84-8c31-475d-8ec7-a81b4f0a7ce7,e52aceb7-9bc0-403c-a7ee-524034694c23,e86c052c-46d9-43d9-943d-d94a751b0218,Muthoot Finance Ltd.,INE414G07HK3,,,1500.0,1504.23,INR,0.14,7.2099,,,{},2026-08-22 09:12:01.054763+00:00
b3d429ac-bd63-4ebe-85f6-8ab791660b3c,e52aceb7-9bc0-403c-a7ee-524034694c23,709ad6db-2a11-4339-bb63-89f789ed074e,SBI Silver ETF,INF200KB1217,,,51296178.0,72301.96,INR,6.9,,,,{},2026-08-22 09:12:01.054763+00:00
03d20c5a-fa41-46e1-9335-883b0e9fa0b1,e52aceb7-9bc0-403c-a7ee-524034694c23,83724b41-da4d-4328-87fb-549a7bff2a1f,SBI Gold ETF,INF200KA16D8,,,37241000.0,36920.73,INR,3.52,,,,{},2026-08-22 09:12:01.054763+00:00
3e22a687-937a-45cb-9df2-becae8b98665,e52aceb7-9bc0-403c-a7ee-524034694c23,774175f5-beaa-4982-8990-1d9a16fea882,Nippon India Silver ETF,INF204KC1402,,,17775074.0,24186.54,INR,2.31,,,,{},2026-08-22 09:12:01.054763+00:00
016332fc-c3d4-43c1-bebc-99e936edb79e,e52aceb7-9bc0-403c-a7ee-524034694c23,ec2e21fe-fccc-4832-8d3f-68a3bee45734,Hindustan Aeronautics Ltd.,INE066F01020,,,1194600.0,56701.69,INR,1.45,,,,{},2026-08-22 09:12:01.054763+00:00
b52cb150-0748-4dc9-addc-b0ea7b90f5d6,e52aceb7-9bc0-403c-a7ee-524034694c23,ad209854-3ee5-4305-8ad6-dca5ecaf349c,Vodafone Idea Ltd.,INE669E01016,,,565581675.0,45981.79,INR,1.17,,,,{},2026-08-22 09:12:01.054763+00:00
fe9f60fc-b9d0-42f0-858e-396c4e2b51b8,e52aceb7-9bc0-403c-a7ee-524034694c23,d7ffc6b9-b311-4a41-9660-17aa9f5fdee2,Canara Bank,INE476A01022,,,26176500.0,32382.95,INR,0.83,,,,{},2026-08-22 09:12:01.054763+00:00
bf99c6a3-f71b-4c36-a146-580b13b5e376,e52aceb7-9bc0-403c-a7ee-524034694c23,c66c29d3-1f29-4272-9370-e39da6d47757,One 97 Communications Ltd.,INE982J01020,,,2776750.0,31205.12,INR,0.8,,,,{},2026-08-22 09:12:01.054763+00:00
65736ce0-826b-4974-b0a8-e632df24e7b8,e52aceb7-9bc0-403c-a7ee-524034694c23,da38f1c9-6171-4aa9-84d5-7b9c87603eaa,Adani Green Energy Ltd.,INE364U01010,,,2753400.0,28273.29,INR,0.72,,,,{},2026-08-22 09:12:01.054763+00:00
898b08e4-e011-437b-ac49-975df48b8b90,e52aceb7-9bc0-403c-a7ee-524034694c23,1508646f-7122-460f-aef6-b18f883771e9,IDFC First Bank Ltd.,INE092T01019,,,28372225.0,19795.3,INR,0.5,,,,{},2026-08-22 09:12:01.054763+00:00
0cbcd84f-28ad-4a1d-a99f-73f00b86027c,e52aceb7-9bc0-403c-a7ee-524034694c23,e6b26cee-c150-47ea-a404-157a8dd42639,GMR Airports Ltd.,INE776C01039,,,21803850.0,19012.96,INR,0.48,,,,{},2026-08-22 09:12:01.054763+00:00
92db79ea-2f35-49bb-9e67-3eb9ce7ebb51,e52aceb7-9bc0-403c-a7ee-524034694c23,bfbd4fb2-391e-4738-9386-a97a9718fc82,Crompton Greaves Consumer Electricals Ltd.,INE299U01018,,,5266800.0,15342.19,INR,0.39,,,,{},2026-08-22 09:12:01.054763+00:00
ffbbea23-9ad1-4401-afca-c44140b51593,e52aceb7-9bc0-403c-a7ee-524034694c23,1b8ea167-73c6-478a-a90b-e203ced4fda0,Glenmark Pharmaceuticals Ltd.,INE935A01035,,,734625.0,14345.02,INR,0.37,,,,{},2026-08-22 09:12:01.054763+00:00
86732e5c-74ba-4ae5-9cce-7e7a85253137,e52aceb7-9bc0-403c-a7ee-524034694c23,83c66e19-107e-4db6-a783-bce201cf9347,Patanjali Foods Ltd.,INE619A01035,,,2435400.0,14023.03,INR,0.36,,,,{},2026-08-22 09:12:01.054763+00:00
6c95cc26-05b2-4739-875b-8cc323e16161,e52aceb7-9bc0-403c-a7ee-524034694c23,b64b6df4-d293-40a4-bd58-71d7f5e77436,APL Apollo Tubes Ltd.,INE702C01027,,,663250.0,11183.06,INR,0.29,,,,{},2026-08-22 09:12:01.054763+00:00
2e384bf5-017b-4940-bbd1-344d63ba5995,e52aceb7-9bc0-403c-a7ee-524034694c23,44ad0f7c-c8af-40ee-98aa-4061c13e4d41,PNB Housing Finance Ltd.,INE572E01012,,,1241500.0,10721.59,INR,0.27,,,,{},2026-08-22 09:12:01.054763+00:00
5f372cdb-c74d-402e-8baa-b8ee888e02dc,e52aceb7-9bc0-403c-a7ee-524034694c23,c337e3ac-6943-4a67-868d-314813b2b046,LIC Housing Finance Ltd.,INE115A01026,,,1782000.0,10068.3,INR,0.26,,,,{},2026-08-22 09:12:01.054763+00:00
0321c15e-1744-41ff-84b3-a0c472329c92,e52aceb7-9bc0-403c-a7ee-524034694c23,c0640315-3202-4c0f-9b21-97c942ec1c9f,Sammaan Capital Ltd.,INE148I01020,,,5650200.0,9088.91,INR,0.23,,,,{},2026-08-22 09:12:01.054763+00:00
4fc57d13-c8cc-468f-b5f6-b29d388b040b,e52aceb7-9bc0-403c-a7ee-524034694c23,d87e22c1-82fc-4753-8c63-e331e5921162,Kalyan Jewellers India Ltd.,INE303R01014,,,1998675.0,9079.98,INR,0.23,,,,{},2026-08-22 09:12:01.054763+00:00
5f36c1c9-0d7f-41d9-9fbd-d3ec0d5abc52,e52aceb7-9bc0-403c-a7ee-524034694c23,feaa0870-5500-480f-8717-cc59aafa8475,Exide Industries Ltd.,INE302A01020,,,2304000.0,9002.88,INR,0.23,,,,{},2026-08-22 09:12:01.054763+00:00
e67833cb-fdd1-4cd4-842c-21acd6b552ca,e52aceb7-9bc0-403c-a7ee-524034694c23,9bb9a5d8-c98a-49f0-af90-995aec9f2f8d,Syngene International Ltd.,INE398R01022,,,1391000.0,8663.84,INR,0.22,,,,{},2026-08-22 09:12:01.054763+00:00
eaeb6543-8888-4143-a2ec-f8f1424de99a,e52aceb7-9bc0-403c-a7ee-524034694c23,c3dd43c5-7a22-46f1-88b3-b89bf3addfa1,Tata Power Company Ltd.,INE245A01021,,,2111200.0,8205.18,INR,0.21,,,,{},2026-08-22 09:12:01.054763+00:00
0d0f993a-fe11-447d-b9f2-7532d554752e,e52aceb7-9bc0-403c-a7ee-524034694c23,a167d877-c4a8-48ef-a812-99af41ca2804,The Indian Hotels Company Ltd.,INE053A01029,,,1137000.0,8189.81,INR,0.21,,,,{},2026-08-22 09:12:01.054763+00:00
446a7075-0f25-4c9c-88d3-b2e936396167,e52aceb7-9bc0-403c-a7ee-524034694c23,2308ac6d-5927-47bf-93e7-3fe987af46e8,Bosch Ltd.,INE323A01026,,,20700.0,7896.02,INR,0.2,,,,{},2026-08-22 09:12:01.054763+00:00
6628751b-36a3-4c4a-b5de-bf71468d549f,e52aceb7-9bc0-403c-a7ee-524034694c23,299fd5fd-f791-45b2-852f-b59040e0daca,IIFL Finance Ltd.,INE530B01024,,,1669800.0,7545.83,INR,0.19,,,,{},2026-08-22 09:12:01.054763+00:00
8c5a8b43-5aef-4eb0-82b2-61ce8231acbf,e52aceb7-9bc0-403c-a7ee-524034694c23,503e2aaf-31bf-4e67-887b-a2698ecbbf4f,Pidilite Industries Ltd.,INE318A01026,,,514000.0,7545.52,INR,0.19,,,,{},2026-08-22 09:12:01.054763+00:00
8be11cc5-8b6c-40b2-b770-e1db9222366a,e52aceb7-9bc0-403c-a7ee-524034694c23,b4665084-8b9f-4ba9-8d6a-c75e410cb5c2,Lodha Developers Ltd.,INE670K01029,,,610650.0,6935.76,INR,0.18,,,,{},2026-08-22 09:12:01.054763+00:00
293a946b-852c-495a-a8ed-1163b5fc51b9,e52aceb7-9bc0-403c-a7ee-524034694c23,7df46638-d018-4c06-8e91-4a02999df9d6,BSE Ltd.,INE118H01025,,,318750.0,6503.14,INR,0.17,,,,{},2026-08-22 09:12:01.054763+00:00
ccf361ff-137d-4da9-a87f-a28e15bffa3f,e52aceb7-9bc0-403c-a7ee-524034694c23,8c5023e2-4579-4404-a5db-39742ac5ef06,Indian Railway Catering & Tourism Corporation Ltd.,INE335Y01020,,,842625.0,5901.75,INR,0.15,,,,{},2026-08-22 09:12:01.054763+00:00
3316c6bc-fc34-4f2c-8873-e5fa963221a2,e52aceb7-9bc0-403c-a7ee-524034694c23,3c606a76-abd1-4ee0-9b65-3fb4369a3917,HFCL Ltd.,INE548A01028,,,8094750.0,5899.45,INR,0.15,,,,{},2026-08-22 09:12:01.054763+00:00
618692ef-893a-48b1-acd0-1ff56a416b0c,e52aceb7-9bc0-403c-a7ee-524034694c23,8f1026c8-d409-4d03-ad7d-8bbda82bbebe,CG Power and Industrial Solutions Ltd.,INE067A01029,,,762450.0,5649.37,INR,0.14,,,,{},2026-08-22 09:12:01.054763+00:00
8a374c93-962d-4686-8bc7-ae9a596d807c,e52aceb7-9bc0-403c-a7ee-524034694c23,b18d3963-484e-4ab9-a24c-de01020a476d,Container Corporation of India Ltd.,INE111A01025,,,1003750.0,5277.72,INR,0.13,,,,{},2026-08-22 09:12:01.054763+00:00
a4122e21-3181-4447-8b96-72f69f50237a,e52aceb7-9bc0-403c-a7ee-524034694c23,c0934f68-e97a-492d-b055-079a98135e35,Union Bank of India,INE692A01016,,,3159450.0,4376.15,INR,0.11,,,,{},2026-08-22 09:12:01.054763+00:00
8d03e5aa-181c-4058-b1e6-f36bff52250d,e52aceb7-9bc0-403c-a7ee-524034694c23,d6baba5f-1da3-48d9-af87-0c439c187064,Hindustan Zinc Ltd.,INE267A01025,,,901600.0,4349.77,INR,0.11,,,,{},2026-08-22 09:12:01.054763+00:00
f43ec898-e433-4b6c-8ae3-ff943e7770ff,e52aceb7-9bc0-403c-a7ee-524034694c23,76845ebe-a792-41b1-b4ed-1fda77a179c1,NBCC (India) Ltd.,INE095N01031,,,3698500.0,3960.35,INR,0.1,,,,{},2026-08-22 09:12:01.054763+00:00
86b75a54-6927-403a-b317-faf2ade76e8a,e52aceb7-9bc0-403c-a7ee-524034694c23,7d962d9b-1fa0-4ead-92a8-805e41ddc9a7,Inox Wind Ltd.,INE066P01011,,,2807376.0,3937.06,INR,0.1,,,,{},2026-08-22 09:12:01.054763+00:00
42ead7fd-622c-4a98-8398-af5670ae55ae,e52aceb7-9bc0-403c-a7ee-524034694c23,b40fe33f-b42d-4c9a-a61d-11aadb85d19e,Angel One Ltd.,INE732I01013,,,176000.0,3753.2,INR,0.1,,,,{},2026-08-22 09:12:01.054763+00:00
157de07f-0c09-4b0b-8a43-acc7022665e8,e52aceb7-9bc0-403c-a7ee-524034694c23,02602130-1595-4a10-b090-45e49a77a2b8,Mazagon Dock Shipbuilders Ltd.,INE249Z01020,,,132825.0,3667.96,INR,0.09,,,,{},2026-08-22 09:12:01.054763+00:00
b6a03208-d220-4de2-a406-cbf8699766e1,e52aceb7-9bc0-403c-a7ee-524034694c23,ad0ee650-5cd9-46c0-aacd-693cf6b4cf37,KEI Industries Ltd.,INE878B01027,,,88200.0,3582.95,INR,0.09,,,,{},2026-08-22 09:12:01.054763+00:00
c4f94fe6-cadd-4548-95ff-cffef14a22ee,e52aceb7-9bc0-403c-a7ee-524034694c23,1accfdb3-f2c1-4ad5-8c77-38c0ec1d5c00,Suzlon Energy Ltd.,INE040H01021,,,5656000.0,3113.63,INR,0.08,,,,{},2026-08-22 09:12:01.054763+00:00
482552c3-308e-4296-a243-845f386ca88a,e52aceb7-9bc0-403c-a7ee-524034694c23,03936e35-449e-47a3-9d7c-a40fe75a1906,L&T Finance Ltd.,INE498L01015,,,1066418.0,2658.37,INR,0.07,,,,{},2026-08-22 09:12:01.054763+00:00
cc670366-f8b7-46d2-9685-398d3af9d970,e52aceb7-9bc0-403c-a7ee-524034694c23,27845ffe-9d78-4d23-a162-c39f02832662,Prestige Estates Projects Ltd.,INE811K01011,,,153900.0,2324.04,INR,0.06,,,,{},2026-08-22 09:12:01.054763+00:00
8f07f0f8-fd8b-4d79-b2fb-3501321a7b3c,e52aceb7-9bc0-403c-a7ee-524034694c23,221ec420-4501-4743-9ee5-f3bcd3cdb4f6,NCC Ltd.,INE868B01028,,,1104300.0,2292.31,INR,0.06,,,,{},2026-08-22 09:12:01.054763+00:00
72eb131e-beb4-4437-96cc-a2a9c7771322,e52aceb7-9bc0-403c-a7ee-524034694c23,6d6a782a-9fec-4bbe-98eb-7fa417d9e78d,Cyient Ltd.,INE136B01020,,,175525.0,2011.87,INR,0.05,,,,{},2026-08-22 09:12:01.054763+00:00
8b4ef228-974d-49a6-805b-06fbaa8a3fd0,e52aceb7-9bc0-403c-a7ee-524034694c23,1131d78a-426c-4345-872f-8d77f4157ac6,Kaynes Technology India Ltd.,INE918Z01012,,,23600.0,1664.27,INR,0.04,,,,{},2026-08-22 09:12:01.054763+00:00
7624b637-6700-4a6f-b5de-ef48cdf92e7b,e52aceb7-9bc0-403c-a7ee-524034694c23,31eab00a-21c6-4011-a303-d009cdfefb51,Havells India Ltd.,INE176B01034,,,90500.0,1359.31,INR,0.03,,,,{},2026-08-22 09:12:01.054763+00:00
ba3261bf-ff29-49d1-b2c2-ecabc8c237bc,e52aceb7-9bc0-403c-a7ee-524034694c23,d05c4ef9-e767-4a6c-b68e-5a48edf4b3f1,PG Electroplast Ltd.,INE457L01029,,,269500.0,1353.7,INR,0.03,,,,{},2026-08-22 09:12:01.054763+00:00
8c3f67e8-7e5a-40ec-b204-e5a271ae22f6,e52aceb7-9bc0-403c-a7ee-524034694c23,602f6b47-86c0-40cf-a486-9cb8ce699fbe,Nuvama Wealth Management Ltd.,INE531F01015,,,17700.0,1115.99,INR,0.03,,,,{},2026-08-22 09:12:01.054763+00:00
0627bef1-af24-412a-8928-e66621c9a54a,e52aceb7-9bc0-403c-a7ee-524034694c23,4fa0b08b-ce76-471d-b090-6fbdf90855ed,Housing and Urban Development Corporation Ltd.,INE031A01017,,,488400.0,1092.21,INR,0.03,,,,{},2026-08-22 09:12:01.054763+00:00
36e44e8b-44af-4fa8-81d0-f65425395e86,e52aceb7-9bc0-403c-a7ee-524034694c23,ac89aaf4-4bbd-42bb-87aa-d7f552f6c713,Bharat Dynamics Ltd.,INE171Z01026,,,47450.0,708.52,INR,0.02,,,,{},2026-08-22 09:12:01.054763+00:00
21cfae96-ed1a-4572-96a9-a2f55e80a79f,e52aceb7-9bc0-403c-a7ee-524034694c23,a64ff5e4-7307-4670-8a52-79d93664d505,Supreme Industries Ltd.,INE195A01028,,,16625.0,701.51,INR,0.02,,,,{},2026-08-22 09:12:01.054763+00:00
faf5ea9c-5af8-467f-a9f4-d82771a96169,e52aceb7-9bc0-403c-a7ee-524034694c23,30074526-4772-454d-a066-0774158f6916,Zydus Lifesciences Ltd.,INE010B01027,,,69300.0,680.46,INR,0.02,,,,{},2026-08-22 09:12:01.054763+00:00
5fa47786-79d5-4002-a569-99750cc67398,e52aceb7-9bc0-403c-a7ee-524034694c23,51f90aae-70a1-4933-8ebe-6b258a209fc2,Titagarh Rail Systems Ltd.,INE615H01020,,,53650.0,468.28,INR,0.01,,,,{},2026-08-22 09:12:01.054763+00:00
a07eadd5-4414-48ca-a1d7-1643e4fafcf7,e52aceb7-9bc0-403c-a7ee-524034694c23,8268bd7b-821d-4781-868d-37afeeadb289,Piramal Pharma Ltd.,INE0DK501011,,,132500.0,253.29,INR,0.01,,,,{},2026-08-22 09:12:01.054763+00:00
5da88fae-f8b4-4d83-9e06-c0d6969ac5c7,e52aceb7-9bc0-403c-a7ee-524034694c23,d2ec748a-8d89-4de4-8001-15e75a9943ad,KPIT Technologies Ltd.,INE04I401011,,,18800.0,206.37,INR,0.01,,,,{},2026-08-22 09:12:01.054763+00:00
43654ab6-c51a-48a3-ac59-554237fdec66,e52aceb7-9bc0-403c-a7ee-524034694c23,2ff3306c-8e34-45ba-b1ef-07506817b0dd,Amber Enterprises India Ltd.,INE371P01015,,,1200.0,97.07,INR,,,,,{},2026-08-22 09:12:01.054763+00:00
8996d118-510d-46a6-af0c-4924d3e955a8,e52aceb7-9bc0-403c-a7ee-524034694c23,74455387-af6b-45eb-90e0-e2c42e5aca21,Indian Renewable Energy Development Agency Ltd.,INE202E01016,,,62100.0,92.34,INR,,,,,{},2026-08-22 09:12:01.054763+00:00
10d58293-1ece-4152-a241-64ff441526c8,e52aceb7-9bc0-403c-a7ee-524034694c23,a8f2f75d-6c9a-46ad-b071-f463d64780d7,Axis Finance Ltd.,INE891K07887,,,30000.0,30215.22,INR,0.77,7.045,,,{},2026-08-22 09:12:01.054763+00:00
dc013168-e5b4-40a2-a51c-7e9a58c8dea7,e52aceb7-9bc0-403c-a7ee-524034694c23,00691a9a-4f72-4be8-8ee6-31c73ada7079,Bharti Telecom Ltd.,INE403D08181,,,30000.0,30088.83,INR,0.77,6.7,,,{},2026-08-22 09:12:01.054763+00:00
fa898885-f8ee-44b8-ad80-9df687ad22ce,e52aceb7-9bc0-403c-a7ee-524034694c23,2c6a7b7d-e7cd-4af8-ad67-fc93d8df1802,National Bank for Agriculture and Rural Development,INE261F08EA6,,,20000.0,20135.84,INR,0.51,6.67,,,{},2026-08-22 09:12:01.054763+00:00
7770f7cb-7948-40b8-920d-bdb3f9586ae4,e52aceb7-9bc0-403c-a7ee-524034694c23,65bd0d4d-ad6e-40aa-8a63-e5f080fd4ebe,REC Ltd.,INE020B08EM0,,,15000.0,15114.63,INR,0.39,6.44,,,{},2026-08-22 09:12:01.054763+00:00
c6f696de-056b-4de9-84a1-821c58a96728,e52aceb7-9bc0-403c-a7ee-524034694c23,959971fb-4449-4aee-ba70-5aed2c2c3a20,National Bank for Agriculture and Rural Development,INE261F08DX0,,,15000.0,15095.43,INR,0.38,6.685,,,{},2026-08-22 09:12:01.054763+00:00
8b8fc1c4-b701-4b65-b870-ca5b96c598de,e52aceb7-9bc0-403c-a7ee-524034694c23,f9bd59dc-ccf0-4ffe-8652-27111f50e906,REC Ltd.,INE020B08ES7,,,10000.0,10076.07,INR,0.26,6.43,,,{},2026-08-22 09:12:01.054763+00:00
d6002f69-f2ca-4f16-b180-e72abe88a6bd,e52aceb7-9bc0-403c-a7ee-524034694c23,1b3be157-55eb-4015-ae7c-b03bc63d3323,Power Finance Corporation Ltd.,INE134E08NQ5,,,10000.0,10060.91,INR,0.26,6.4749,,,{},2026-08-22 09:12:01.054763+00:00
8e0e8f4f-4270-4ae1-a5fe-60a787acb487,e52aceb7-9bc0-403c-a7ee-524034694c23,4f28e6c4-10b1-4ce6-ad89-9fc23c235afc,Mangalore Refinery and Petrochemicals Ltd.,INE103A08043,,,850.0,8496.78,INR,0.22,6.055,,,{},2026-08-22 09:12:01.054763+00:00
1b9dc5a6-a7e8-4200-9b43-e2a08ae56da3,e52aceb7-9bc0-403c-a7ee-524034694c23,d6e41649-612f-4055-9dc4-ae9656d31811,National Bank for Agriculture and Rural Development,INE261F08DW2,,,7500.0,7536.16,INR,0.19,6.2449,,,{},2026-08-22 09:12:01.054763+00:00
44381dca-9c11-4e9b-95ff-4bdfebda10d7,e52aceb7-9bc0-403c-a7ee-524034694c23,6178b222-dced-4428-8519-a78b5180b12f,Bharti Telecom Ltd.,INE403D08132,,,750.0,7515.98,INR,0.19,6.7502,,,{},2026-08-22 09:12:01.054763+00:00
b17fa08b-f3af-45bb-9d6d-79ff5be721be,e52aceb7-9bc0-403c-a7ee-524034694c23,5edd7bcc-a0d2-488b-8e3e-e0b12e83f7be,Muthoot Finance Ltd.,INE414G07HU2,,,3000.0,3007.98,INR,0.08,7.0051,,,{},2026-08-22 09:12:01.054763+00:00
d224c2a2-4dad-4d23-96f1-95f1a8fab63e,e52aceb7-9bc0-403c-a7ee-524034694c23,2beafa7f-3fc4-4005-b762-17e086e8dc25,Bharti Telecom Ltd.,INE403D08157,,,250.0,2506.69,INR,0.06,6.7,,,{},2026-08-22 09:12:01.054763+00:00
f4cb1c00-322a-4754-990a-37bc653825a5,e52aceb7-9bc0-403c-a7ee-524034694c23,2aa67982-becd-4979-936e-2e507c983012,Bajaj Finance Ltd.,INE296A08763,,,200.0,2003.1,INR,0.05,6.8571,,,{},2026-08-22 09:12:01.054763+00:00
6ff96fa4-2f04-47c8-8286-64670daf6218,e52aceb7-9bc0-403c-a7ee-524034694c23,b2ecf1d8-af84-4fc1-a1cb-08a9360c98d3,Bharti Telecom Ltd.,INE403D14544,,,14400.0,71764.06,INR,1.83,7.5002,,,{},2026-08-22 09:12:01.054763+00:00
7d9417c0-3c41-42ed-9b30-ab63a355506c,e52aceb7-9bc0-403c-a7ee-524034694c23,7c420e44-86ec-4efe-b32b-b026e11dafe1,TATA Capital Ltd.,INE976I14QF4,,,5000.0,23828.7,INR,0.61,6.745,,,{},2026-08-22 09:12:01.054763+00:00
443f1437-f763-4740-9f53-6e3263eaa51e,e52aceb7-9bc0-403c-a7ee-524034694c23,20fec215-b6a9-4f53-ba25-142840f16ca5,Cholamandalam Investment & Finance Co. Ltd.,INE121A14XR5,,,4000.0,19116.96,INR,0.49,7.0249,,,{},2026-08-22 09:12:01.054763+00:00
e483197b-9faa-453d-96b4-a58f9dc94ce8,e52aceb7-9bc0-403c-a7ee-524034694c23,28aaab43-4f83-42d4-8308-53b11ce3c46c,Cholamandalam Investment & Finance Co. Ltd.,INE121A14XW5,,,4000.0,19057.36,INR,0.49,7.0249,,,{},2026-08-22 09:12:01.054763+00:00
958edcd6-a699-4daa-a66a-fb9f4b8643ca,e52aceb7-9bc0-403c-a7ee-524034694c23,dfea66fb-c805-467e-9a5c-b25cf927dcbc,L&T Finance Ltd.,INE498L14DT2,,,2000.0,9718.62,INR,0.25,6.6049,,,{},2026-08-22 09:12:01.054763+00:00
d248e573-ad76-4ad0-815b-01a3bd982456,e52aceb7-9bc0-403c-a7ee-524034694c23,ae5bc6fc-92a4-4e9f-98ca-07b81e2178ee,TATA Capital Ltd.,INE976I14PU5,,,2000.0,9716.49,INR,0.25,6.6149,,,{},2026-08-22 09:12:01.054763+00:00
94bec339-b5d2-4a8f-814a-81161fc49248,e52aceb7-9bc0-403c-a7ee-524034694c23,a1e16bcd-bba0-4471-86ee-a78923078431,Tata Projects Ltd.,INE725H14CO9,,,1000.0,4940.75,INR,0.13,6.0801,,,{},2026-08-22 09:12:01.054763+00:00
5152c16f-3045-47a2-9c4b-75aecfb7cc5c,e52aceb7-9bc0-403c-a7ee-524034694c23,1c7775fb-03f4-4492-8fcb-b6ee7795d5a0,Cholamandalam Investment & Finance Co. Ltd.,INE121A14XO2,,,1000.0,4781.88,INR,0.12,7.025,,,{},2026-08-22 09:12:01.054763+00:00
aeae35f8-6604-4445-99bd-ce634ca9bb13,e52aceb7-9bc0-403c-a7ee-524034694c23,37ebcd28-887b-43ad-83db-8aec20ca18f5,HDFC Bank Ltd.,INE040A16HF0,,,12000.0,56925.72,INR,1.45,6.4,,,{},2026-08-22 09:12:01.054763+00:00
c747c377-a56f-4599-a9a6-5816127b0276,e52aceb7-9bc0-403c-a7ee-524034694c23,898043b1-c140-4839-a865-3732490c425e,Bank of Baroda,INE028A16JF1,,,7000.0,33286.3,INR,0.85,6.37,,,{},2026-08-22 09:12:01.054763+00:00
fbe84265-2f49-4161-a0b8-b922fb5e33c3,e52aceb7-9bc0-403c-a7ee-524034694c23,676ea549-0653-4127-bf1f-33e43653db39,AU Small Finance Bank Ltd.,INE949L16DR3,,,3000.0,14327.15,INR,0.37,6.67,,,{},2026-08-22 09:12:01.054763+00:00
27134afb-8ad6-400f-8682-ab07032279aa,e52aceb7-9bc0-403c-a7ee-524034694c23,10f32d8b-8234-4372-98ba-ef1d3a331eff,Equitas Small Finance Bank Ltd.,INE063P16BB2,,,3000.0,14006.88,INR,0.36,7.29,,,{},2026-08-22 09:12:01.054763+00:00
079e4bd4-dc6b-4308-8786-a79c5274b783,e52aceb7-9bc0-403c-a7ee-524034694c23,4a5b14ea-1c2e-4ed9-bc9a-47a0fb25e374,Bank of Baroda,INE028A16JM7,,,2000.0,9790.56,INR,0.25,6.1001,,,{},2026-08-22 09:12:01.054763+00:00
041aaec0-a5e6-44f6-b2d8-b085ad7a9cd9,e52aceb7-9bc0-403c-a7ee-524034694c23,92a9ab3c-d516-4bb4-a97a-4f1f74a031f9,Punjab National Bank,INE160A16QS0,,,1000.0,4938.75,INR,0.13,5.73,,,{},2026-08-22 09:12:01.054763+00:00
3cb13758-e405-4977-a241-a5d4b3bd84d4,e52aceb7-9bc0-403c-a7ee-524034694c23,059fb019-7827-41b8-a8d1-396b1d132112,Indian Bank,INE562A16OI3,,,500.0,2434.36,INR,0.06,6.075,,,{},2026-08-22 09:12:01.054763+00:00
4f64adae-b22c-436c-9843-76cecf4f2b3f,e52aceb7-9bc0-403c-a7ee-524034694c23,01591a17-5c8a-4be7-9188-111ad5210993,HDFC Bank Ltd.,INE040A16GS5,,,500.0,2429.58,INR,0.06,6.0801,,,{},2026-08-22 09:12:01.054763+00:00
6b6346e7-f253-4d11-8afc-fb05564e4a5a,e52aceb7-9bc0-403c-a7ee-524034694c23,ecb24763-d4dc-441e-bc91-54f7d404b8d5,SBI Savings Fund - Direct Plan - Growth Option,INF200K01SZ5,,,726722883.088,328894.43,INR,8.39,,,,{},2026-08-22 09:12:01.054763+00:00
ebfb8860-61f8-4720-98f5-65b2d25ea36e,e52aceb7-9bc0-403c-a7ee-524034694c23,82a06845-4f98-44fc-8e79-3460f0ca6713,SBI Liquid Fund - Direct Plan - Growth Option,INF200K01UT4,,,2671146.058,111726.35,INR,2.85,,,,{},2026-08-22 09:12:01.054763+00:00
6fbfabfd-b088-4d83-9e5b-e557bb7a4716,e52aceb7-9bc0-403c-a7ee-524034694c23,a82aa4ca-73c8-4105-ae14-de9a69cfdbe9,SBI Magnum Low Duration Fund - Direct Plan - Growth Option,INF200K01VM7,,,2904125.125,107361.77,INR,2.74,,,,{},2026-08-22 09:12:01.054763+00:00
a35bbbc2-d7a8-45e9-a6f5-a0064a8ad873,e52aceb7-9bc0-403c-a7ee-524034694c23,29eaaa63-4093-4c3b-a8f0-84f24e0160d4,SBI Magnum Ultra Short Duration Fund - Direct Plan - Cash Option,INF200K01TF5,,,1176705.955,72716.34,INR,1.85,,,,{},2026-08-22 09:12:01.054763+00:00
69321a2f-a4a7-4dcc-a117-1dffd6c1afc1,e52aceb7-9bc0-403c-a7ee-524034694c23,dd1f5ac9-fc27-4120-90f3-ef483e8b16f4,Wonderla Holidays Ltd.,INE066O01014,,,759151.0,4412.94,INR,0.72,,,,{},2026-08-22 09:12:01.054763+00:00
23a3372e-7c8a-4020-a25a-4c583970f6d5,e52aceb7-9bc0-403c-a7ee-524034694c23,9dd6dabe-7ec6-44b3-83f2-a1f82bdb4ff4,H.G. Infra Engineering Ltd.,INE926X08015,,,6000.0,6002.54,INR,0.97,8.7098,,,{},2026-08-22 09:12:01.054763+00:00
75575d3b-8608-45eb-aae4-7dc5544268cc,e52aceb7-9bc0-403c-a7ee-524034694c23,15afdf18-6177-48ed-8211-5b958e3c6f70,Small Industries Development Bank of India,INE556F08KW0,,,5000.0,5078.83,INR,0.82,6.87,,,{},2026-08-22 09:12:01.054763+00:00
f01d5052-a27a-4ebe-99f8-3a540bd656e4,e52aceb7-9bc0-403c-a7ee-524034694c23,0464c92f-5e24-41b8-8549-d0fc7b8b7d5e,Godrej Seeds & Genetics Ltd.,INE316Z08055,,,5000.0,5006.04,INR,0.81,7.965,,,{},2026-08-22 09:12:01.054763+00:00
6d1261ea-1b1b-4807-b91d-3cc5c51c7370,e52aceb7-9bc0-403c-a7ee-524034694c23,c64985a4-905a-4047-98b6-c6ef55344410,Godrej Seeds & Genetics Ltd.,INE316Z08063,,,5000.0,5002.77,INR,0.81,7.995,,,{},2026-08-22 09:12:01.054763+00:00
a5e9b3ff-ae7c-4284-80c8-0fe00a1df6fb,e52aceb7-9bc0-403c-a7ee-524034694c23,c16da1f7-086c-4e1e-9ad6-47a676b47cf4,ONGC Petro Additions Ltd.,INE163N08263,,,2500.0,2520.35,INR,0.41,6.99,,,{},2026-08-22 09:12:01.054763+00:00
058e9419-ffd5-47a3-99de-acb928935781,e52aceb7-9bc0-403c-a7ee-524034694c23,257f102a-0de4-49ea-a899-0bfcaca6fed6,7.10% CGL 2034,IN0020240019,,,12500000.0,12865.39,INR,2.09,6.7551917,,,{},2026-08-22 09:12:01.054763+00:00
7fa3237a-40fc-4bc2-b3c3-8a1b0c424ec7,e52aceb7-9bc0-403c-a7ee-524034694c23,1ea14ca9-68ab-4e63-acdd-0f0ea6b63f60,6.01% CGL 2030,IN0020250067,,,7500000.0,7438.65,INR,1.21,6.3031055,,,{},2026-08-22 09:12:01.054763+00:00
b9377f84-fedb-4446-b4c3-83451d87c118,e52aceb7-9bc0-403c-a7ee-524034694c23,7e0f5474-d86e-40bf-8034-db6b8fe23caf,Bank of Baroda,INE028A16HY6,,,1000.0,4943.78,INR,0.8,5.7652,,,{},2026-08-22 09:12:01.054763+00:00
83baf1d3-b489-4a42-8ab8-f91c3e721e7c,e52aceb7-9bc0-403c-a7ee-524034694c23,8078f52a-42e0-48be-8d92-f5ac9da8d92c,Cholamandalam Investment & Finance Co. Ltd.,INE121A07RX9,,,39500.0,40682.95,INR,1.09,7.549,,,{},2026-08-22 09:12:01.054763+00:00
bd992599-89ac-41ea-8d3b-875c6b7fddb1,e52aceb7-9bc0-403c-a7ee-524034694c23,b8983270-1a0b-44c3-b596-1b52f00e2c2c,Godrej Properties Ltd.,INE484J08055,,,22500.0,22798.13,INR,0.61,7.355,,,{},2026-08-22 09:12:01.054763+00:00
394dd76e-c84f-42d7-80aa-f307aab08662,e52aceb7-9bc0-403c-a7ee-524034694c23,a54e78a5-fafc-4707-80a9-96bd10eafea3,ICICI Prudential Life Insurance Company Ltd.,INE726G08022,,,21500.0,21678.77,INR,0.58,7.79765,,,{},2026-08-22 09:12:01.054763+00:00
64da6496-f6a9-445a-9d94-d2c9a74677dc,e52aceb7-9bc0-403c-a7ee-524034694c23,0b498232-2a91-42ce-8fa9-db0b617ab5cb,State Bank of India( AT1 Bond under Basel III ),INE062A08462,,,200.0,20743.46,INR,0.55,7.3999382,,,{},2026-08-22 09:12:01.054763+00:00
3ab23d15-5420-4c66-b712-251617e1c8ad,e52aceb7-9bc0-403c-a7ee-524034694c23,66c5ab30-c880-476e-9eb1-023c3fb6ba26,TATA Capital Ltd.,INE976I07CY9,,,20000.0,20346.36,INR,0.54,7.14,,,{},2026-08-22 09:12:01.054763+00:00
80bb73c0-a2b8-4127-98bc-119ee6248481,e52aceb7-9bc0-403c-a7ee-524034694c23,bd30c70b-ae89-406c-bb9c-01f823d323b0,REC Ltd.,INE020B08FW6,,,20000.0,19923.6,INR,0.53,6.7001,,,{},2026-08-22 09:12:01.054763+00:00
59527d09-3008-4a38-9e5b-5ab9e189c7bd,e52aceb7-9bc0-403c-a7ee-524034694c23,0368df58-42e3-4531-8154-47ec0a09be84,Mindspace Business Parks Reit,INE0CCU07108,,,19000.0,19272.31,INR,0.51,7.075,,,{},2026-08-22 09:12:01.054763+00:00
3464fb1d-f504-40f6-ab75-2b5dd65c70af,e52aceb7-9bc0-403c-a7ee-524034694c23,d5a90c66-e84a-4d25-891c-a388a3d2a18c,TATA Capital Ltd.,INE306N07LO1,,,1750.0,18203.62,INR,0.49,7.3214,,,{},2026-08-22 09:12:01.054763+00:00
61044e27-8f26-4175-ba4d-d2faf9c6b32f,e52aceb7-9bc0-403c-a7ee-524034694c23,5770c3ba-484a-40be-9b88-22b2c4e92b7e,HDFC Life Insurance Company Ltd.,INE795G08043,,,14600.0,14760.1,INR,0.39,7.815,,,{},2026-08-22 09:12:01.054763+00:00
4422cde9-d275-4570-9811-65b10d0b262f,e52aceb7-9bc0-403c-a7ee-524034694c23,b8e3bd5e-e6fe-42f5-ae94-efdc846df3cd,Torrent Power Ltd.,INE813H07317,,,10000.0,10392.02,INR,0.28,7.6097,,,{},2026-08-22 09:12:01.054763+00:00
ab167659-1703-4ef3-be10-e207935a21aa,e52aceb7-9bc0-403c-a7ee-524034694c23,4ad5970d-809b-4d50-8f96-346fbe91b0b1,LIC Housing Finance Ltd.,INE115A07RG6,,,10000.0,9963.73,INR,0.27,7.15,,,{},2026-08-22 09:12:01.054763+00:00
1acff1f5-0a4a-448a-8e3d-f0b320269bf6,e52aceb7-9bc0-403c-a7ee-524034694c23,7e00b5e8-59bd-4197-a68b-b09021dbb0c1,Power Finance Corporation Ltd.,INE134E08NL6,,,7500.0,7607.11,INR,0.2,6.775,,,{},2026-08-22 09:12:01.054763+00:00
25ece47c-6bbd-4f26-b9bc-3780e70f8cc0,e52aceb7-9bc0-403c-a7ee-524034694c23,18cb3a46-5eb2-49ee-a9aa-77ed67c427a7,Punjab National Bank,INE160A08324,,,2500.0,2505.94,INR,0.07,7.295,,,{},2026-08-22 09:12:01.054763+00:00
a0e93641-3a47-4a8a-bc56-6e43c3e8356a,e52aceb7-9bc0-403c-a7ee-524034694c23,da8ff47d-9f4a-46e0-83ab-00c89f445f83,Bank of Baroda( Tier II Bond under Basel III ),INE028A08364,,,22.0,2202.75,INR,0.06,7.3913,,,{},2026-08-22 09:12:01.054763+00:00
179f355b-1c23-449b-810a-d5ee0fcedfb1,e52aceb7-9bc0-403c-a7ee-524034694c23,bf16c543-0fa6-4ba0-bc7b-844f0e8c67d5,7.32% CGL 2030,IN0020230135,,,35000000.0,36567.3,INR,0.98,6.3794106,,,{},2026-08-22 09:12:01.054763+00:00
49169227-a69f-4ceb-a960-52dc3564f0d6,e52aceb7-9bc0-403c-a7ee-524034694c23,ccf744e7-4d8c-471b-8f6f-7b2744446ac0,7.18% CGL 2033,IN0020230085,,,32500000.0,33570.94,INR,0.9,6.7439108,,,{},2026-08-22 09:12:01.054763+00:00
068511d6-27a1-41ea-88cd-9b99d36f17e6,e52aceb7-9bc0-403c-a7ee-524034694c23,63711ddd-7b31-47ab-a3dd-1dd752e5e306,7.18% CGL 2037,IN0020230077,,,25000000.0,25717.55,INR,0.69,6.936799,,,{},2026-08-22 09:12:01.054763+00:00
27ce7550-9fba-447b-9d7c-d7dbaf4a5aa8,e52aceb7-9bc0-403c-a7ee-524034694c23,5d58524b-ea4d-4966-a29d-1745bb80b2ce,7.48% State Government of Bihar 2039,IN1320250062,,,13500000.0,13584.93,INR,0.36,7.542463,,,{},2026-08-22 09:12:01.054763+00:00
a0b1c089-2bab-445b-820a-525bdfb4fa09,e52aceb7-9bc0-403c-a7ee-524034694c23,2951bf0c-e778-4f58-b8a8-7d95abd838b7,7.20% State Government of Karnataka 2037,IN1920240281,,,10000000.0,9928.67,INR,0.27,7.4222583,,,{},2026-08-22 09:12:01.054763+00:00
b5c99274-977d-4a03-b6f7-6d06ff657857,e52aceb7-9bc0-403c-a7ee-524034694c23,2c1b35d8-4359-4ea0-9aa7-d84bd455f1a0,Kotak Securities Ltd.,INE028E14SA0,,,4000.0,19904.66,INR,0.53,6.7249,,,{},2026-08-22 09:12:01.054763+00:00
1a4fbc96-9b38-4d3e-84ed-c21920c3f599,e52aceb7-9bc0-403c-a7ee-524034694c23,9f0a3e21-77c3-44d5-9b18-335dcf478058,Canara Bank,INE476A16D39,,,5000.0,24991.98,INR,0.67,5.8693,,,{},2026-08-22 09:12:01.054763+00:00
b4fcb1a2-f670-4a9a-8498-2017f59f664f,e52aceb7-9bc0-403c-a7ee-524034694c23,9fdbcdbe-df02-4047-81af-ae3747e2b77e,91 DAY T-BILL 09.10.25,IN002025X158,,,25500000.0,25469.86,INR,0.92,5.3993,,,{},2026-08-22 09:12:01.054763+00:00
8916f126-a4da-4137-8ae5-96bb295c1da2,e52aceb7-9bc0-403c-a7ee-524034694c23,776b2de1-8f40-4d4f-946b-9d94a9300ef0,91 DAY T-BILL 02.10.25,IN002025X141,,,25000000.0,24996.85,INR,0.9,4.6178,,,{},2026-08-22 09:12:01.054763+00:00
dd3009c1-8fd0-4cce-9ec5-182d16c0d9a7,e52aceb7-9bc0-403c-a7ee-524034694c23,ca93192f-5f8d-480e-8032-51aadd037823,182 DAY T-BILL 16.10.25,IN002025Y032,,,6500000.0,6485.61,INR,0.23,5.3994,,,{},2026-08-22 09:12:01.054763+00:00
161ba9f5-8422-4731-b292-eee4bebbc143,e52aceb7-9bc0-403c-a7ee-524034694c23,2e49f83a-bd1c-4c0d-856f-1a104f35dad0,Reverse Repo,,,,,583735.37,INR,20.98,,,,{},2026-08-22 09:12:01.054763+00:00
2ecd7ec1-3cbe-4d8a-80d9-c50c1f7fff1e,e52aceb7-9bc0-403c-a7ee-524034694c23,32962f9a-a483-49c0-bb1a-8cefcebc5292,Larsen & Toubro Ltd.,INE018A08BK6,,,75000.0,75102.45,INR,1.32,5.9653,,,{},2026-08-22 09:12:01.054763+00:00
aeab207e-c872-4278-8283-21e131c3bdcf,e52aceb7-9bc0-403c-a7ee-524034694c23,ef8132f8-55e6-454b-a179-41cf230c14b4,NTPC Ltd.,INE733E08163,,,7150.0,71476.33,INR,1.26,6.0005,,,{},2026-08-22 09:12:01.054763+00:00
4e3e62b3-fd9a-4cfc-9afd-d1e81f695b02,e52aceb7-9bc0-403c-a7ee-524034694c23,aecf28b7-2807-4328-82ac-40ab80766ddf,Indian Oil Corporation Ltd.,INE242A08486,,,3750.0,37483.76,INR,0.66,6.0205,,,{},2026-08-22 09:12:01.054763+00:00
9c3dcc86-15e4-4ea3-aee5-17d3efe5ae44,e52aceb7-9bc0-403c-a7ee-524034694c23,de8b64af-4d2e-4e1d-9318-c2beb35af531,Small Industries Development Bank of India,INE556F08KE8,,,1200.0,12021.12,INR,0.21,6.1351,,,{},2026-08-22 09:12:01.054763+00:00
fcbe9cb6-8592-4213-bd67-57984da7d022,e52aceb7-9bc0-403c-a7ee-524034694c23,dd62fa3b-adea-4714-aab5-458d88ee0e81,REC Ltd.,INE020B08DF6,,,1200.0,11993.52,INR,0.21,5.8331,,,{},2026-08-22 09:12:01.054763+00:00
e0321c9d-9871-4d34-95db-4f739f7c5351,e52aceb7-9bc0-403c-a7ee-524034694c23,0230deba-16ef-4a16-a821-6b57c53bb70e,Cholamandalam Investment & Finance Co. Ltd.,INE121A07QT9,,,1000.0,10016.26,INR,0.18,6.7822,,,{},2026-08-22 09:12:01.054763+00:00
504404e7-b8bf-41a1-bf07-16e8aa3a3f41,e52aceb7-9bc0-403c-a7ee-524034694c23,8fac1f2b-f72f-4ede-9e9f-c53985dea7d9,Can Fin Homes Ltd.,INE477A07357,,,750.0,7515.43,INR,0.13,6.345,,,{},2026-08-22 09:12:01.054763+00:00
7970d3ef-f36d-457b-beab-d54ee21e8a9b,e52aceb7-9bc0-403c-a7ee-524034694c23,78f30628-f59b-4795-a5d3-25d5800eb3b8,REC Ltd.,INE020B08963,,,750.0,7502.12,INR,0.13,5.9499,,,{},2026-08-22 09:12:01.054763+00:00
dd599dfb-3bd5-4b7a-8c22-466e811b7047,e52aceb7-9bc0-403c-a7ee-524034694c23,96bcff91-f58d-421d-9a9d-09c65ae5805e,Tata Capital Housing Finance Ltd.,INE033L07HV8,,,500.0,5005.6,INR,0.09,6.2697,,,{},2026-08-22 09:12:01.054763+00:00
214451ae-90d0-4a06-a4d2-877ddd5625af,e52aceb7-9bc0-403c-a7ee-524034694c23,8f332cde-d1f8-48c8-adad-d40a3ce5ff7d,7.47% State Government of Gujarat 2025,IN1520220147,,,14500000.0,14519.27,INR,0.26,5.525,,,{},2026-08-22 09:12:01.054763+00:00
56715819-f72c-4621-afc7-56fc23232aec,e52aceb7-9bc0-403c-a7ee-524034694c23,244bfef3-c931-41dd-bd4b-49bf9c928513,7.99% State Government of Maharashtra 2025,IN2220150113,,,13500000.0,13523.6,INR,0.24,5.54,,,{},2026-08-22 09:12:01.054763+00:00
81a618a4-c5eb-4e7d-8e74-3278c6747339,e52aceb7-9bc0-403c-a7ee-524034694c23,138844ec-cc45-4e65-9a27-9ec8f79651a9,8.15% State Government of Maharashtra 2025,IN2220150139,,,2500000.0,2509.18,INR,0.04,5.54485,,,{},2026-08-22 09:12:01.054763+00:00
100ff825-fb60-46f6-aac9-07325b985022,e52aceb7-9bc0-403c-a7ee-524034694c23,9eb2f844-b417-4718-933b-0bae319b895f,7.98% State Government of Andhra Pradesh 2025,IN1020150075,,,2500000.0,2502.06,INR,0.04,5.5704,,,{},2026-08-22 09:12:01.054763+00:00
b320a17a-70dc-482e-a9df-7cf4e0aa3daa,e52aceb7-9bc0-403c-a7ee-524034694c23,96e89ec4-2766-44fe-b9f7-563f20079058,Bharti Airtel Ltd.,INE397D14548,,,27000.0,133329.24,INR,2.34,5.7899,,,{},2026-08-22 09:12:01.054763+00:00
f9e1081f-fa34-4973-a812-53933a7bac2c,e52aceb7-9bc0-403c-a7ee-524034694c23,5b6c9e90-adb5-4f84-ba0f-dbb4ba71daa3,LIC Housing Finance Ltd.,INE115A14FG7,,,20000.0,99803.2,INR,1.75,5.9993,,,{},2026-08-22 09:12:01.054763+00:00
c58240de-4c5e-4db9-b66f-3331fe76abd3,e52aceb7-9bc0-403c-a7ee-524034694c23,207f941d-640e-497e-8d41-536c883e4e40,L&T Metro Rail (Hyderabad) Ltd.,INE128M14AV5,,,15200.0,74932.5,INR,1.32,6.2649,,,{},2026-08-22 09:12:01.054763+00:00
ca65493e-a069-4478-aa61-06d994e550af,e52aceb7-9bc0-403c-a7ee-524034694c23,89eec6c1-0ac7-4798-a330-ee8c87d13f73,Titan Company Ltd.,INE280A14484,,,15000.0,74180.4,INR,1.3,5.8449,,,{},2026-08-22 09:12:01.054763+00:00
9b00da27-d2b8-473d-9299-af537d1d26a2,e52aceb7-9bc0-403c-a7ee-524034694c23,29dfa5c4-fbd6-4d06-868e-eba4a96d5315,Reliance Retail Ventures Ltd.,INE929O14EF7,,,15000.0,74084.18,INR,1.3,5.785,,,{},2026-08-22 09:12:01.054763+00:00
39e1846d-6986-42e1-be94-dfcc40aef0c0,e52aceb7-9bc0-403c-a7ee-524034694c23,91e5e034-fae1-4228-b5a7-7ede7deb8cff,ICICI Securities Ltd.,INE763G14A89,,,15000.0,74033.93,INR,1.3,6.6152,,,{},2026-08-22 09:12:01.054763+00:00
9e6edebe-1b1a-41d6-bf9d-a271e394eeac,e52aceb7-9bc0-403c-a7ee-524034694c23,8b006722-082e-4269-b03f-0c5575b7104c,PNB Housing Finance Ltd.,INE572E14JY6,,,13000.0,64826.0,INR,1.14,6.1244,,,{},2026-08-22 09:12:01.054763+00:00
10545750-515b-4d95-b95b-53f096b95394,e52aceb7-9bc0-403c-a7ee-524034694c23,b697b4ce-c92c-48fe-9278-de84ba41e738,Kotak Securities Ltd.,INE028E14SP8,,,12000.0,59307.42,INR,1.04,6.66,,,{},2026-08-22 09:12:01.054763+00:00
2572abd5-1170-47b9-8666-c4fff3f0480e,e52aceb7-9bc0-403c-a7ee-524034694c23,340f305a-0c60-4505-8f94-2e2f839df623,Kotak Securities Ltd.,INE028E14SV6,,,12000.0,59179.38,INR,1.04,6.6599,,,{},2026-08-22 09:12:01.054763+00:00
f727acec-6dbd-4d60-9a28-496101b827e8,e52aceb7-9bc0-403c-a7ee-524034694c23,67d28ad8-4a43-412b-bb62-9f8c234ac246,Tata Steel Ltd.,INE081A14FY4,,,10000.0,49869.6,INR,0.88,5.9651,,,{},2026-08-22 09:12:01.054763+00:00
48feb96c-bd85-433d-9889-0cf5aa83ab7e,e52aceb7-9bc0-403c-a7ee-524034694c23,c31dfcad-506a-4d76-8a8f-c0f50f49052a,National Bank for Agriculture and Rural Development,INE261F14OG0,,,10000.0,49847.15,INR,0.88,5.8907,,,{},2026-08-22 09:12:01.054763+00:00
5bf01d8c-30ff-4c7f-a83b-8125e7ac9f11,e52aceb7-9bc0-403c-a7ee-524034694c23,12ff228d-5aab-40f6-a20d-2683815770dd,Small Industries Development Bank of India,INE556F14LH7,,,10000.0,49813.15,INR,0.88,5.9527,,,{},2026-08-22 09:12:01.054763+00:00
97ff58c9-ff2d-4fb8-a89d-487ce950577a,e52aceb7-9bc0-403c-a7ee-524034694c23,f7b7ed1c-d139-478c-beb7-04b8fc820654,Can Fin Homes Ltd.,INE477A14DZ6,,,10000.0,49711.5,INR,0.87,6.2302,,,{},2026-08-22 09:12:01.054763+00:00
c5bd8572-da9f-476f-8939-499fd1c771bf,e52aceb7-9bc0-403c-a7ee-524034694c23,5a7dcfc1-33ef-4f32-a839-eba4716a74a5,Reliance Retail Ventures Ltd.,INE929O14DX2,,,10000.0,49591.55,INR,0.87,5.895,,,{},2026-08-22 09:12:01.054763+00:00
028a090e-0c1a-4522-91e4-0b2385fd649c,e52aceb7-9bc0-403c-a7ee-524034694c23,e0d0c9eb-8fa3-4bad-9647-a5d671f86c1c,Reliance Retail Ventures Ltd.,INE929O14EC4,,,10000.0,49492.8,INR,0.87,5.8448,,,{},2026-08-22 09:12:01.054763+00:00
db86f2eb-6276-4893-8ebb-05fafc454d40,e52aceb7-9bc0-403c-a7ee-524034694c23,7ba1ef8d-de5b-46fd-b65b-79c4abb11d9d,Bharat Heavy Electricals Ltd.,INE257A14AC7,,,10000.0,49471.05,INR,0.87,6.1949,,,{},2026-08-22 09:12:01.054763+00:00
0ca121f8-5519-4b1c-b837-dab626104866,e52aceb7-9bc0-403c-a7ee-524034694c23,d5b36ae4-b684-4542-9b85-f3875b6a44c2,Small Industries Development Bank of India,INE556F14LJ3,,,10000.0,49456.8,INR,0.87,5.81,,,{},2026-08-22 09:12:01.054763+00:00
77554256-8373-4633-9a57-34a1085d7b1d,e52aceb7-9bc0-403c-a7ee-524034694c23,6ce14e51-1952-4e4e-aaef-ef96cd75791b,Aditya Birla Capital Ltd.,INE674K14AQ2,,,10000.0,49444.85,INR,0.87,6.5049,,,{},2026-08-22 09:12:01.054763+00:00
4acfa4e0-2a58-46d7-bbc0-ab87cedb660b,e52aceb7-9bc0-403c-a7ee-524034694c23,6c913945-55f8-4741-9e76-c2aa112dc18a,Kotak Securities Ltd.,INE028E14SM5,,,10000.0,49440.7,INR,0.87,6.6598,,,{},2026-08-22 09:12:01.054763+00:00
7a6aefcf-07e2-4847-b78d-0fb2ab546979,e52aceb7-9bc0-403c-a7ee-524034694c23,a98a411c-572b-469f-9850-92e1fbc2ede7,Bajaj Finance Ltd.,INE296A14C48,,,10000.0,49439.55,INR,0.87,6.4651,,,{},2026-08-22 09:12:01.054763+00:00
0788d8a7-773f-4103-9cbb-abb80484a394,e52aceb7-9bc0-403c-a7ee-524034694c23,00bf310a-1a12-4437-b594-be53e1a1c8e0,HDFC Securities Ltd.,INE700G14PQ1,,,10000.0,49436.45,INR,0.87,6.6048,,,{},2026-08-22 09:12:01.054763+00:00
8a9ea5d4-3f72-474e-947b-8de809b601fc,e52aceb7-9bc0-403c-a7ee-524034694c23,593ab9e7-4b87-4204-93d9-25f5cdbc5fd8,Small Industries Development Bank of India,INE556F14LK1,,,10000.0,49433.45,INR,0.87,5.81,,,{},2026-08-22 09:12:01.054763+00:00
6c2c39fa-5e81-419f-9b78-1a00baf99c78,e52aceb7-9bc0-403c-a7ee-524034694c23,98fa2e44-696e-4e3e-89c2-d691f68506e1,Bajaj Financial Securities Ltd.,INE01C314CS3,,,10000.0,49327.0,INR,0.87,6.6399,,,{},2026-08-22 09:12:01.054763+00:00
08a9b9cb-4d20-4e39-97f3-415189ef3039,e52aceb7-9bc0-403c-a7ee-524034694c23,86ec3aa9-f590-48d3-a88a-82135661dd16,Bajaj Financial Securities Ltd.,INE01C314CT1,,,10000.0,49318.15,INR,0.87,6.6399,,,{},2026-08-22 09:12:01.054763+00:00
d51a3144-7e47-4c42-93a1-5c53648030e2,e52aceb7-9bc0-403c-a7ee-524034694c23,91b99010-db0f-470d-94fb-065af6618e91,ICICI Securities Ltd.,INE763G14ZM7,,,10000.0,49311.85,INR,0.87,6.6151,,,{},2026-08-22 09:12:01.054763+00:00
1753d826-9476-448f-8275-cfd55aceb40a,e52aceb7-9bc0-403c-a7ee-524034694c23,1cb92273-a9b9-4554-8d04-eeb3638a6560,Birla Group Holding Pvt. Ltd.,INE09OL14HT6,,,9000.0,44532.5,INR,0.78,6.9672,,,{},2026-08-22 09:12:01.054763+00:00
d451d5e8-f51b-4d32-925f-0fa4ba3feab6,e52aceb7-9bc0-403c-a7ee-524034694c23,4d0fe956-cfd3-4987-b1bb-b5ae5cd7074f,Poonawalla Fincorp Ltd.,INE511C14YS9,,,7000.0,34831.79,INR,0.61,6.7802,,,{},2026-08-22 09:12:01.054763+00:00
2cd14840-3389-4820-aa94-2a91e206b042,e52aceb7-9bc0-403c-a7ee-524034694c23,0b18b5c4-d572-4de8-b775-881d572ff562,L&T Finance Ltd.,INE498L14ES2,,,7000.0,34527.64,INR,0.61,6.485,,,{},2026-08-22 09:12:01.054763+00:00
8460e9b9-b3ba-46c6-8160-26b75a212e69,e52aceb7-9bc0-403c-a7ee-524034694c23,ac5fef6b-9f2f-4a67-8f1a-9662067bb1bc,Kotak Securities Ltd.,INE028E14SX2,,,6000.0,29579.04,INR,0.52,6.6599,,,{},2026-08-22 09:12:01.054763+00:00
c2dd31ce-f3e7-45fa-b340-b222137758ad,e52aceb7-9bc0-403c-a7ee-524034694c23,2d5cb159-222d-463a-b29b-fdd39f84a5b2,Axis Securities Ltd.,INE110O14GP8,,,6000.0,29576.55,INR,0.52,6.6151,,,{},2026-08-22 09:12:01.054763+00:00
1a9656d2-8c6a-4447-9e95-fee5dd5b561b,e52aceb7-9bc0-403c-a7ee-524034694c23,7efb4fdb-440e-4249-ab4e-f0b98c42aa78,ICICI Securities Ltd.,INE763G14ZP0,,,5000.0,24958.88,INR,0.44,6.6844,,,{},2026-08-22 09:12:01.054763+00:00
8ec0eea5-fe1c-4bb9-a5fa-4370e9320d1e,e52aceb7-9bc0-403c-a7ee-524034694c23,f6b65fa2-9d38-445e-bc37-71ff087532b1,Indian Oil Corporation Ltd.,INE242A14YJ4,,,5000.0,24753.05,INR,0.43,5.7801,,,{},2026-08-22 09:12:01.054763+00:00
dafd710b-46a6-4516-aa9f-ab0822ee5fd1,e52aceb7-9bc0-403c-a7ee-524034694c23,f776cd60-a4c8-4ffe-8eb0-a75a78fd9820,IGH Holdings Pvt Ltd.,INE02FN14630,,,5000.0,24706.2,INR,0.43,6.89,,,{},2026-08-22 09:12:01.054763+00:00
d1584129-80d7-441f-b9b5-0ca41c9e0547,e52aceb7-9bc0-403c-a7ee-524034694c23,1b593a01-b926-4936-9973-4bf5a770129e,ICICI Securities Ltd.,INE763G14A55,,,5000.0,24691.25,INR,0.43,6.6149,,,{},2026-08-22 09:12:01.054763+00:00
b820e288-f99a-4718-9b33-2c95fb67a49a,e52aceb7-9bc0-403c-a7ee-524034694c23,c6316506-0689-4da6-8845-87e5c8b9b874,Reliance Retail Ventures Ltd.,INE929O14EE0,,,5000.0,24690.85,INR,0.43,5.7852,,,{},2026-08-22 09:12:01.054763+00:00
65b29333-8948-4f2a-af05-3ca00a0ebdb4,e52aceb7-9bc0-403c-a7ee-524034694c23,43562bcd-7b83-4df1-aedc-9f4c6ee864e0,Aditya Birla Capital Ltd.,INE674K14AT6,,,5000.0,24652.93,INR,0.43,6.5048,,,{},2026-08-22 09:12:01.054763+00:00
727e1d64-b04d-418d-adde-9afac6a3fa00,e52aceb7-9bc0-403c-a7ee-524034694c23,a3d89108-7c07-4f78-b47d-6cd902bd0fb9,Aditya Birla Capital Ltd.,INE674K14AU4,,,5000.0,24639.93,INR,0.43,6.505,,,{},2026-08-22 09:12:01.054763+00:00
f97152f5-18aa-416f-9f16-e100396acef6,e52aceb7-9bc0-403c-a7ee-524034694c23,7d05dc7c-aeac-4227-8fc9-51addce5f37e,Bajaj Finance Ltd.,INE296A14B80,,,4000.0,19953.24,INR,0.35,6.5798,,,{},2026-08-22 09:12:01.054763+00:00
d124ff44-bd3c-402b-bca6-33cf79c5cc4c,e52aceb7-9bc0-403c-a7ee-524034694c23,0245c6f4-45de-4b76-8e83-8c0786bf297f,Birla Group Holding Pvt. Ltd.,INE09OL14HR0,,,4000.0,19946.42,INR,0.35,7.0046,,,{},2026-08-22 09:12:01.054763+00:00
8d0e255a-83ce-48ac-9f37-da7bb3ad1810,e52aceb7-9bc0-403c-a7ee-524034694c23,c477de62-79d4-4ae7-94a6-bcb8039b64be,Pilani Investment & Industries Corporation Ltd.,INE417C14AA7,,,4000.0,19946.42,INR,0.35,7.0046,,,{},2026-08-22 09:12:01.054763+00:00
44a0988d-75c3-4c2b-8b55-4f104b98996d,e52aceb7-9bc0-403c-a7ee-524034694c23,ef0219b7-7051-4ee2-8147-cc673c83498c,Aseem Infrastructure Finance Ltd.,INE0AD514263,,,4000.0,19787.22,INR,0.35,6.7676,,,{},2026-08-22 09:12:01.054763+00:00
e7e75483-cf17-4ea4-b83c-70bed4b348bc,e52aceb7-9bc0-403c-a7ee-524034694c23,458dd72a-2341-43f7-a7e5-4a88f0f1a1cc,ICICI Securities Ltd.,INE763G14A30,,,4000.0,19774.24,INR,0.35,6.6148,,,{},2026-08-22 09:12:01.054763+00:00
6d02a011-dfc6-4687-b306-1ee4634e7c8e,e52aceb7-9bc0-403c-a7ee-524034694c23,dace8225-c386-423c-9be2-916a87c205f7,Kotak Securities Ltd.,INE028E14SS2,,,4000.0,19747.78,INR,0.35,6.66,,,{},2026-08-22 09:12:01.054763+00:00
2b1eb5b9-552a-42cb-862f-c47cff9c3aea,e52aceb7-9bc0-403c-a7ee-524034694c23,65e42acf-050a-4770-b161-c7c91e92ba8a,Kotak Securities Ltd.,INE028E14SZ7,,,4000.0,19701.62,INR,0.35,6.6601,,,{},2026-08-22 09:12:01.054763+00:00
5a0fd7f7-f026-425d-8c5f-b3da147abe15,e52aceb7-9bc0-403c-a7ee-524034694c23,b200b368-8404-4b20-b8cb-12fa88773ca0,HDFC Securities Ltd.,INE700G14QC9,,,4000.0,19700.54,INR,0.35,6.605,,,{},2026-08-22 09:12:01.054763+00:00
e32f8a28-e36e-4cd0-99e6-bab250ff83c8,e52aceb7-9bc0-403c-a7ee-524034694c23,d8540f00-b9f4-4721-a212-e4b25a37cdbb,Godrej Agrovet Ltd.,INE850D14UJ6,,,3000.0,14930.88,INR,0.26,6.0353,,,{},2026-08-22 09:12:01.054763+00:00
f2803e13-ce8c-47ef-977c-056e81a4784b,e52aceb7-9bc0-403c-a7ee-524034694c23,0cac1a48-0a78-42eb-b343-e20235717b7d,Nexus Select Trust,INE0NDH14080,,,3000.0,14902.1,INR,0.26,5.995,,,{},2026-08-22 09:12:01.054763+00:00
9f388ad4-ae91-496f-a370-e642ae0fe9bb,e52aceb7-9bc0-403c-a7ee-524034694c23,83e4eef1-5265-418a-a5f0-21fea46caf13,National Bank for Agriculture and Rural Development,INE261F14OI6,,,3000.0,14883.12,INR,0.26,5.8498,,,{},2026-08-22 09:12:01.054763+00:00
edfa0710-28fb-4993-b28e-7f82ce6a6cb8,e52aceb7-9bc0-403c-a7ee-524034694c23,2ed9b001-e6f2-4f83-8d25-e4b6ef93eb91,Poonawalla Fincorp Ltd.,INE511C14YX9,,,3000.0,14849.13,INR,0.26,6.7427,,,{},2026-08-22 09:12:01.054763+00:00
571c6825-00ff-404e-94c4-8c4c5e1b05cb,e52aceb7-9bc0-403c-a7ee-524034694c23,26226193-01db-447c-bab2-87c7fe483c08,Aditya Birla Money Ltd.,INE865C14OJ9,,,3000.0,14828.22,INR,0.26,6.82,,,{},2026-08-22 09:12:01.054763+00:00
ba754b4f-6ab8-4315-852d-61d91b66b0ae,e52aceb7-9bc0-403c-a7ee-524034694c23,4a6d613b-3eaa-4a07-a7bc-f0f6feb0cd67,IGH Holdings Pvt Ltd.,INE02FN14648,,,3000.0,14804.39,INR,0.26,6.8901,,,{},2026-08-22 09:12:01.054763+00:00
ae1c0032-331d-4f1a-bc7f-4a58c0e668ba,e52aceb7-9bc0-403c-a7ee-524034694c23,87f8764a-5de7-4d4b-a37c-5404db59330c,Aditya Birla Money Ltd.,INE865C14OM3,,,3000.0,14803.61,INR,0.26,6.8202,,,{},2026-08-22 09:12:01.054763+00:00
75f42dc2-f936-41bf-971b-80c37b8c848d,e52aceb7-9bc0-403c-a7ee-524034694c23,7ebf7eb0-4787-42ef-8478-6782e7d5d16f,Aditya Birla Money Ltd.,INE865C14OB6,,,2000.0,9958.37,INR,0.17,6.9357,,,{},2026-08-22 09:12:01.054763+00:00
cf6ab628-84e0-4493-8c74-5a856566a853,e52aceb7-9bc0-403c-a7ee-524034694c23,5a3a4a7a-d977-4cce-bd42-2dd75a5b4ac7,Godrej Agrovet Ltd.,INE850D14UH0,,,2000.0,9952.28,INR,0.17,6.0349,,,{},2026-08-22 09:12:01.054763+00:00
de188384-f0cd-40d4-97b1-af926d7b2d9e,e52aceb7-9bc0-403c-a7ee-524034694c23,e3f49b77-9b6a-4791-a8d7-8d842ae8e297,Godrej Agrovet Ltd.,INE850D14UK4,,,2000.0,9946.18,INR,0.17,5.985,,,{},2026-08-22 09:12:01.054763+00:00
36558c77-5cfa-4443-b7bc-472b822cbd31,e52aceb7-9bc0-403c-a7ee-524034694c23,7b21b5dc-1643-4f67-9ef5-2ff8e515f4a3,Godrej Agrovet Ltd.,INE850D14UL2,,,2000.0,9941.32,INR,0.17,5.9851,,,{},2026-08-22 09:12:01.054763+00:00
61f5fdaa-b56b-4c39-99a6-660bbb886a05,e52aceb7-9bc0-403c-a7ee-524034694c23,a218e331-e885-436b-b6d6-696db0fb54ca,Chalet Hotels Ltd.,INE427F14019,,,2000.0,9867.0,INR,0.17,5.9999,,,{},2026-08-22 09:12:01.054763+00:00
53aa1689-6349-49d8-9092-fdc970da2a65,e52aceb7-9bc0-403c-a7ee-524034694c23,9ac345f3-bbc8-4ef6-8bf0-9358f95df43c,Tata Housing Development Co. Ltd.,INE582L14IS4,,,1600.0,7956.02,INR,0.14,6.1153,,,{},2026-08-22 09:12:01.054763+00:00
ddb475fc-c666-4d2b-b038-aa7a45d08950,e52aceb7-9bc0-403c-a7ee-524034694c23,fa7c4942-bf75-4c37-8493-73d0e66aa929,Muthoot Finance Ltd.,INE414G14TY5,,,1000.0,4945.01,INR,0.09,6.6549,,,{},2026-08-22 09:12:01.054763+00:00
56f34dd7-c5ea-4eed-8745-f909b2f4c2d7,e52aceb7-9bc0-403c-a7ee-524034694c23,0aa76b74-9b5d-409e-9558-1e3c79bc7716,Muthoot Finance Ltd.,INE414G14TV1,,,1000.0,4937.88,INR,0.09,6.6551,,,{},2026-08-22 09:12:01.054763+00:00
f9eab0f0-a075-4c60-918e-e36d1b67b3fb,e52aceb7-9bc0-403c-a7ee-524034694c23,f25dbcc1-b869-40ec-ab1d-dad3e117adba,Bank of India,INE084A16EE8,,,40000.0,198009.2,INR,3.48,5.825,,,{},2026-08-22 09:12:01.054763+00:00
93c02ed8-f1d8-4d96-8776-5163265e9778,e52aceb7-9bc0-403c-a7ee-524034694c23,6c029f96-2953-441e-a9cb-3bd3e9a90b99,HDFC Bank Ltd.,INE040A16FY5,,,33000.0,163341.75,INR,2.87,5.7898,,,{},2026-08-22 09:12:01.054763+00:00
8579fa55-f26c-44eb-9a27-ca4ddc75b11c,e52aceb7-9bc0-403c-a7ee-524034694c23,f88c22a8-7604-43e9-b082-4f1ee01a6bb3,HDFC Bank Ltd.,INE040A16HG8,,,30000.0,148856.85,INR,2.61,5.84,,,{},2026-08-22 09:12:01.054763+00:00
8dd1f0d1-40cb-4614-b411-2ac652ec1074,e52aceb7-9bc0-403c-a7ee-524034694c23,c34bcb6a-c41b-4450-85a9-376d6798d552,Indian Bank,INE562A16PG4,,,26000.0,129319.06,INR,2.27,5.8246,,,{},2026-08-22 09:12:01.054763+00:00
026a0b0f-7651-45b8-8faf-4f2ab24e2773,e52aceb7-9bc0-403c-a7ee-524034694c23,d20e5847-51cc-4f39-b743-5c690c61bd8f,Indian Overseas Bank,INE565A16BG7,,,20000.0,99756.0,INR,1.75,5.9519,,,{},2026-08-22 09:12:01.054763+00:00
01db65cd-152d-45a6-acd7-3710f5a1591b,e52aceb7-9bc0-403c-a7ee-524034694c23,47fb7e67-b354-40cb-8567-011f73fb543d,Punjab & Sind Bank,INE608A16SF1,,,20000.0,99311.5,INR,1.74,5.8852,,,{},2026-08-22 09:12:01.054763+00:00
b424342d-73bd-46f1-b766-2ef27131cbcb,e52aceb7-9bc0-403c-a7ee-524034694c23,31f2f425-687d-4d51-ae55-132fc0113613,Indian Overseas Bank,INE565A16BH5,,,20000.0,99309.6,INR,1.74,5.9011,,,{},2026-08-22 09:12:01.054763+00:00
894c916b-e143-48e6-8845-fddf2135e4a8,e52aceb7-9bc0-403c-a7ee-524034694c23,3ff64d8b-f3d7-43cd-bf44-2eb658824c8c,Indian Overseas Bank,INE565A16BI3,,,20000.0,99198.1,INR,1.74,5.9012,,,{},2026-08-22 09:12:01.054763+00:00
281fc7de-2405-4db9-9dea-9d2d93fb4321,e52aceb7-9bc0-403c-a7ee-524034694c23,104ab23d-7ccb-4a22-b7d0-ca9efd513646,Canara Bank,INE476A16D88,,,20000.0,99094.8,INR,1.74,5.8497,,,{},2026-08-22 09:12:01.054763+00:00
082aeab7-ee87-487a-816a-1c135c351882,e52aceb7-9bc0-403c-a7ee-524034694c23,159e6e7c-6d49-4439-98cc-3275df6703eb,Bank of Baroda,INE028A16JS4,,,20000.0,99030.3,INR,1.74,5.7649,,,{},2026-08-22 09:12:01.054763+00:00
e15219de-13c2-4305-af5b-705e00228402,e52aceb7-9bc0-403c-a7ee-524034694c23,7e42bb2d-e223-4332-921c-86cf75bd1cd7,Bank of Baroda,INE028A16JE4,,,20000.0,98906.5,INR,1.74,5.7649,,,{},2026-08-22 09:12:01.054763+00:00
42bba4a8-5995-4eb7-8dc9-b41ea5897380,e52aceb7-9bc0-403c-a7ee-524034694c23,c6f49cc2-343d-408b-a7b6-3cdd323cb372,Indian Overseas Bank,INE565A16BJ1,,,20000.0,98793.0,INR,1.74,5.7914,,,{},2026-08-22 09:12:01.054763+00:00
98f1b211-9833-44c3-ae1a-972aea22f9aa,e52aceb7-9bc0-403c-a7ee-524034694c23,78d6a688-d760-4804-88bc-3dfea515c298,Axis Bank Ltd.,INE238AD6AA7,,,15000.0,74427.9,INR,1.31,5.845,,,{},2026-08-22 09:12:01.054763+00:00
5c329bff-a715-47b5-a25e-95f91f197818,e52aceb7-9bc0-403c-a7ee-524034694c23,29cda487-b18b-4bfe-9792-d91401679d83,Indian Bank,INE562A16PK6,,,15000.0,74259.15,INR,1.3,5.7801,,,{},2026-08-22 09:12:01.054763+00:00
ebe60810-e436-4699-a4cd-233f206cb08a,e52aceb7-9bc0-403c-a7ee-524034694c23,e4c9c072-3cd0-45da-bdc8-2e3ae6805926,Bank of India,INE084A16EC2,,,14000.0,69596.73,INR,1.22,5.8754,,,{},2026-08-22 09:12:01.054763+00:00
c37499f4-14c1-433c-899d-d04e7e106782,e52aceb7-9bc0-403c-a7ee-524034694c23,ab731d0d-1998-4c0b-8536-9bc500694bd1,Bank of India,INE084A16EB4,,,12000.0,59673.42,INR,1.05,5.8752,,,{},2026-08-22 09:12:01.054763+00:00
56fba036-d53f-44f6-993a-ee24db4a2386,e52aceb7-9bc0-403c-a7ee-524034694c23,f16e7537-e5c4-4271-be3d-ab7e028c576c,Bank of Baroda,INE028A16II7,,,10000.0,49983.9,INR,0.88,5.8784,,,{},2026-08-22 09:12:01.054763+00:00
fb5ef090-3c18-446a-9113-66f0489b5ead,e52aceb7-9bc0-403c-a7ee-524034694c23,d168b67d-1ef0-45a4-a70d-4e985d182793,HDFC Bank Ltd.,INE040A16HE3,,,10000.0,49846.5,INR,0.88,5.9158,,,{},2026-08-22 09:12:01.054763+00:00
cd879b7e-9acb-41b2-b6ad-c48438860bdd,e52aceb7-9bc0-403c-a7ee-524034694c23,048885eb-2e2f-41cf-8465-dadcf73e20e4,Bank of Baroda,INE028A16JP0,,,10000.0,49628.4,INR,0.87,5.8149,,,{},2026-08-22 09:12:01.054763+00:00
a45138a8-8c1e-48d2-96e5-e6563a667085,e52aceb7-9bc0-403c-a7ee-524034694c23,300ae856-a70e-470b-af56-78160e1437eb,IDBI Bank Ltd.,INE008A16Y56,,,10000.0,49445.75,INR,0.87,5.8451,,,{},2026-08-22 09:12:01.054763+00:00
cbbd1ced-10ea-4d35-91dd-b6a18aa55f28,e52aceb7-9bc0-403c-a7ee-524034694c23,c090e2c6-1e42-41f1-8608-b37819896bd2,HDFC Bank Ltd.,INE040A16HQ7,,,10000.0,49364.55,INR,0.87,5.7299,,,{},2026-08-22 09:12:01.054763+00:00
c3a08aba-a39c-4d9b-8531-1b4362ed4295,e52aceb7-9bc0-403c-a7ee-524034694c23,32cd8653-573e-4ba4-a720-12070fa15a32,Bank of India,INE084A16ED0,,,6000.0,29822.4,INR,0.52,5.8748,,,{},2026-08-22 09:12:01.054763+00:00
35bf5291-c44a-4493-93fe-b95ab5a78dcc,e52aceb7-9bc0-403c-a7ee-524034694c23,5bde13fe-c1a8-4507-9345-25454ee9040b,Small Industries Development Bank of India,INE556F16AX2,,,6000.0,29693.85,INR,0.52,5.7899,,,{},2026-08-22 09:12:01.054763+00:00
ee77636b-53d8-486e-8732-46863ef18e0c,e52aceb7-9bc0-403c-a7ee-524034694c23,f9fb68eb-2eea-459f-af97-672a021a5ebf,IDBI Bank Ltd.,INE008A16X40,,,5000.0,24742.48,INR,0.43,5.8449,,,{},2026-08-22 09:12:01.054763+00:00
b97890d9-462e-4f90-8e03-3487ed2fb099,e52aceb7-9bc0-403c-a7ee-524034694c23,22187e83-b4e7-4521-aef4-c6139a08ecd7,Axis Bank Ltd.,INE238AD6BG2,,,5000.0,24717.45,INR,0.43,5.795,,,{},2026-08-22 09:12:01.054763+00:00
8b199c09-4c57-44fe-af10-0f6d32350fe5,e52aceb7-9bc0-403c-a7ee-524034694c23,fb01e31a-31aa-4cb9-b74c-f480dddd253e,Indian Bank,INE562A16PC3,,,4000.0,19951.84,INR,0.35,5.8748,,,{},2026-08-22 09:12:01.054763+00:00
db23ee98-e22e-4702-ac74-8ef5b3386a3e,e52aceb7-9bc0-403c-a7ee-524034694c23,89fb0250-b1d9-481e-9ef0-bf8b5a5c1310,HDFC Bank Ltd.,INE040A16FO6,,,3500.0,17474.63,INR,0.31,5.8891,,,{},2026-08-22 09:12:01.054763+00:00
cbe473fd-4f21-4040-8575-3dd957ba63ee,e52aceb7-9bc0-403c-a7ee-524034694c23,965ff9ae-5533-44f8-a88b-bdb083075b80,Union Bank of India,INE692A16ID1,,,3500.0,17322.17,INR,0.3,5.7649,,,{},2026-08-22 09:12:01.054763+00:00
e53bf345-4573-4fb0-9ca5-e3809e9c4b30,e52aceb7-9bc0-403c-a7ee-524034694c23,2d69b9d7-975d-407e-97cc-61951caf195a,Bank of India,INE084A16DZ5,,,3000.0,14937.5,INR,0.26,5.875,,,{},2026-08-22 09:12:01.054763+00:00
6d8742fb-cb96-4f25-912b-f5ab3e6de605,e52aceb7-9bc0-403c-a7ee-524034694c23,c452e7a5-c140-46db-ac53-7d275078f7cf,Canara Bank,INE476A16ZQ5,,,3000.0,14831.49,INR,0.26,5.76,,,{},2026-08-22 09:12:01.054763+00:00
f1f5ca6d-e3cf-4a1d-b650-243d4ac0577d,e52aceb7-9bc0-403c-a7ee-524034694c23,6cdc8393-e71b-4bb3-ab9d-3c27bab72585,Canara Bank,INE476A16D62,,,2000.0,9922.61,INR,0.17,5.8101,,,{},2026-08-22 09:12:01.054763+00:00
e48c4d5c-c46c-481a-9251-26436a40c69a,e52aceb7-9bc0-403c-a7ee-524034694c23,22f7e95d-38d7-4af6-b065-4742ad5c107b,Canara Bank,INE476A16ZU7,,,2000.0,9878.13,INR,0.17,5.7002,,,{},2026-08-22 09:12:01.054763+00:00
ad4f2415-43a5-43c6-95b2-621571414764,e52aceb7-9bc0-403c-a7ee-524034694c23,42eb2661-ecda-4700-b0c1-3f40efd99720,Punjab National Bank,INE160A16QM3,,,1000.0,4949.13,INR,0.09,5.7727,,,{},2026-08-22 09:12:01.054763+00:00
6b71d082-c77c-490d-a98b-a577854362f1,e52aceb7-9bc0-403c-a7ee-524034694c23,b5637611-3719-4098-bfd7-67c651983f6a,Canara Bank,INE476A16ZT9,,,1000.0,4939.83,INR,0.09,5.6999,,,{},2026-08-22 09:12:01.054763+00:00
9a374c6b-6363-463f-8a35-26f394157b46,e52aceb7-9bc0-403c-a7ee-524034694c23,3de82672-b882-4adc-9bec-dae3b1e4cf89,Kotak Mahindra Bank Ltd.,INE237A168Y2,,,500.0,2475.13,INR,0.04,5.7299,,,{},2026-08-22 09:12:01.054763+00:00
35a4a6f2-5a13-49bb-a18c-8b208180dc52,e52aceb7-9bc0-403c-a7ee-524034694c23,1bde221a-af7a-4f06-bae0-b22ca411dd21,91 DAY T-BILL 30.10.25,IN002025X182,,,145500000.0,144878.42,INR,2.54,5.3999,,,{},2026-08-22 09:12:01.054763+00:00
90ade4d0-414b-41f1-895e-9f49bd555ef3,e52aceb7-9bc0-403c-a7ee-524034694c23,7c8e13f9-4486-49f2-ab4a-bcd179a97591,91 DAY T-BILL 06.11.25,IN002025X190,,,135000000.0,134284.77,INR,2.36,5.4002,,,{},2026-08-22 09:12:01.054763+00:00
d0974ac6-a21f-4fa9-871d-a3c54283085b,e52aceb7-9bc0-403c-a7ee-524034694c23,52a6f559-9a0a-4fb5-aac3-9d1db7062ea2,91 DAY T-BILL 04.12.25,IN002025X232,,,96974300.0,96060.61,INR,1.69,5.4249,,,{},2026-08-22 09:12:01.054763+00:00
c4cc8b12-f6b7-4eaf-bd27-2f8dc6e1ece5,e52aceb7-9bc0-403c-a7ee-524034694c23,89243a51-ba02-49e8-af9d-7566c355c6b4,91 DAY T-BILL 28.11.25,IN002025X224,,,67500000.0,66918.69,INR,1.18,5.4667,,,{},2026-08-22 09:12:01.054763+00:00
e5965b22-f2ee-4f58-9f96-10727729dee3,e52aceb7-9bc0-403c-a7ee-524034694c23,d04272c4-9d87-4317-93e5-e2bc2c6eb7db,364 DAY T-BILL 06.11.25,IN002024Z305,,,5000000.0,4973.51,INR,0.09,5.4002,,,{},2026-08-22 09:12:01.054763+00:00
2cd25489-999b-486f-b722-c543683c0f27,e52aceb7-9bc0-403c-a7ee-524034694c23,e105ca68-9cdf-4061-bb8c-493230d4dc86,Reverse Repo,GSECREPO0697,,,,31098.73,INR,0.55,5.5286,,,{},2026-08-22 09:12:01.054763+00:00
8a55cbca-2935-40ba-8c8d-5f447b5f121d,e52aceb7-9bc0-403c-a7ee-524034694c23,8a54cef7-671a-4a3f-9957-141a1242ea92,Reverse Repo,GSECREPO0696,,,,19998.18,INR,0.35,5.67525,,,{},2026-08-22 09:12:01.054763+00:00
ee25db0c-9811-4cef-8069-3b3a7cf0ad95,e52aceb7-9bc0-403c-a7ee-524034694c23,c8116aa3-d294-48d9-9bd3-dde8d7ab738b,Torrent Power Ltd.,INE813H07283,,,7500.0,7794.02,INR,3.61,7.6097,,,{},2026-08-22 09:12:01.054763+00:00
ef4f14eb-4300-41bd-bb9a-01b566d07910,e52aceb7-9bc0-403c-a7ee-524034694c23,7ccc2923-6b6c-4d3b-bf7b-d336e347ab05,Renew Solar Energy (Jharkhand Five) Pvt. Ltd.,INE154Z07011,,,7500.0,7137.98,INR,3.3,8.13,,,{},2026-08-22 09:12:01.054763+00:00
1e084bc4-ecd3-4cae-aa1d-d0453be5892c,e52aceb7-9bc0-403c-a7ee-524034694c23,61c666bb-4aee-47d3-a1d4-73ccbb0f9921,National Highways Infra Trust,INE0H7R07058,,,7500.0,3732.48,INR,1.73,7.7649,,,{},2026-08-22 09:12:01.054763+00:00
7054be8c-1d70-4b31-ba33-60b8ad61bbe3,e52aceb7-9bc0-403c-a7ee-524034694c23,6b2a47f0-0acd-4652-87df-56caaaa9495c,6.90% State Government of Bihar 2035,IN1320250021,,,10000000.0,9693.35,INR,4.48,7.4772522,,,{},2026-08-22 09:12:01.054763+00:00
8d2bcc0c-19ad-4b31-afb9-9c4e863b44ee,e52aceb7-9bc0-403c-a7ee-524034694c23,4ec5a187-bc54-4149-829d-aeee8522e1b2,Yes Bank Ltd.,INE528G08345,,,2250.0,22429.98,INR,3.33,8.3362,,,{},2026-08-22 09:12:01.054763+00:00
9d8528b0-22c1-4ae2-a54c-5c42bac40cd5,e52aceb7-9bc0-403c-a7ee-524034694c23,ac80ed90-a761-484a-9fc9-ffbdf6eee26c,REC Ltd.,INE020B08EH0,,,20000.0,20464.66,INR,3.04,6.7001,,,{},2026-08-22 09:12:01.054763+00:00
b969430f-eb9f-4955-abfe-974051bdf940,e52aceb7-9bc0-403c-a7ee-524034694c23,b9c1d705-83a0-4671-a432-32a3a6386f35,Torrent Power Ltd.,INE813H07150,,,850.0,8497.54,INR,1.26,7.225,,,{},2026-08-22 09:12:01.054763+00:00
10ec5d38-2cad-47a6-bc06-871a0a00d643,e52aceb7-9bc0-403c-a7ee-524034694c23,ca7be256-5bf1-4401-a5fb-ed3a66256d9b,Latur Renewable Pvt. Ltd.,INE03IL08034,,,830.0,8293.97,INR,1.23,6.8702,,,{},2026-08-22 09:12:01.054763+00:00
86d2c2ad-c112-4227-a05e-06721f162cdc,e52aceb7-9bc0-403c-a7ee-524034694c23,4742b73d-4758-4ed6-be08-6c524b44ffc4,LIC Housing Finance Ltd.,INE115A07QK0,,,750.0,7603.97,INR,1.13,7.4142,,,{},2026-08-22 09:12:01.054763+00:00
27135ae1-06b8-451f-9b71-5255fc7a0e94,e52aceb7-9bc0-403c-a7ee-524034694c23,e3fa4193-d0ab-45a5-8ef3-00e7ff248acb,Chalet Hotels Ltd.,INE427F07021,,,7500.0,7560.93,INR,1.12,8.101,,,{},2026-08-22 09:12:01.054763+00:00
d8daf46b-9a2a-4b77-b6c8-19d728a578c1,e52aceb7-9bc0-403c-a7ee-524034694c23,0941d1cb-6a2c-4e1b-949e-d2a306607f54,Ashoka Buildcon Ltd.,INE442H08032,,,7500.0,7530.3,INR,1.12,8.175,,,{},2026-08-22 09:12:01.054763+00:00
704f6aab-efaa-4c8d-9ec9-67a239a169dc,e52aceb7-9bc0-403c-a7ee-524034694c23,904d7fab-1168-49ea-a021-2e59028cf465,Ashoka Buildcon Ltd.,INE442H08057,,,7000.0,7027.18,INR,1.04,8.1749,,,{},2026-08-22 09:12:01.054763+00:00
deb1a0ec-e9b8-4c78-a5a2-87bb6391dfd4,e52aceb7-9bc0-403c-a7ee-524034694c23,72cc6fb7-1d76-4e8d-ba60-d1251b698879,Torrent Power Ltd.,INE813H07234,,,500.0,5116.43,INR,0.76,7.33,,,{},2026-08-22 09:12:01.054763+00:00
108658ce-9081-4023-a727-b11def43887e,e52aceb7-9bc0-403c-a7ee-524034694c23,09ef44fd-386c-4cad-9bcb-a5a530247afd,NJ Capital Pvt. Ltd.,INE0MT207015,,,5000.0,4977.51,INR,0.74,10.0457,,,{},2026-08-22 09:12:01.054763+00:00
63672fde-c540-4886-9996-0839a6953161,e52aceb7-9bc0-403c-a7ee-524034694c23,0a7ad638-28ba-436b-921b-79f9024103d7,Astec Lifesciences Ltd.,INE563J08023,,,4900.0,4935.5,INR,0.73,8.2948,,,{},2026-08-22 09:12:01.054763+00:00
54dedb2d-0e49-4b7c-a8e5-428d80812f6c,e52aceb7-9bc0-403c-a7ee-524034694c23,7dd5bbf1-c37b-4992-a7f1-35472a8bd73d,Torrent Power Ltd.,INE813H07242,,,430.0,4477.77,INR,0.66,7.6096,,,{},2026-08-22 09:12:01.054763+00:00
8fb3ac60-ef0b-411a-bc26-76377e80bdbf,e52aceb7-9bc0-403c-a7ee-524034694c23,131648c3-4a2f-4dee-89ac-d039e90b6cf5,Power Grid Corporation of India Ltd.,INE752E08783,,,3000.0,2972.47,INR,0.44,7.067,,,{},2026-08-22 09:12:01.054763+00:00
e4efc7c4-33c1-40c0-8740-e57107273bed,e52aceb7-9bc0-403c-a7ee-524034694c23,15a4b251-34c0-45a2-a7cf-a5ff50b795a7,Motilal Oswal Home Finance Ltd.,INE658R07448,,,2500.0,2528.6,INR,0.38,7.985,,,{},2026-08-22 09:12:01.054763+00:00
c80389e9-ea57-47aa-b88e-52548bdf8253,e52aceb7-9bc0-403c-a7ee-524034694c23,1d5d6288-6440-4df8-873e-1af73159d57f,Eris Lifesciences Ltd.,INE406M08011,,,2500.0,2527.81,INR,0.38,7.7149,,,{},2026-08-22 09:12:01.054763+00:00
16d979b8-4c51-41f7-afcb-fbbd52b5f401,e52aceb7-9bc0-403c-a7ee-524034694c23,22926fb1-82a3-4c2f-8487-afef3a99e60e,Vistaar Financial Services Pvt Ltd.,INE016P07203,,,2500.0,1254.33,INR,0.19,9.0466,,,{},2026-08-22 09:12:01.054763+00:00
8cbc1f0f-0c1d-4ac8-8c62-e728ae7eb180,e52aceb7-9bc0-403c-a7ee-524034694c23,f59540c0-767d-459a-9457-fbfe9caa6218,6.82% CGL 2033,IN0020200120,,,4500000.0,4650.1,INR,0.69,0.0,,,{},2026-08-22 09:12:01.054763+00:00
5e2f9a3e-8f47-46bb-8ccf-ffe5cbbd304e,e52aceb7-9bc0-403c-a7ee-524034694c23,16f724df-98c8-433f-bde5-fd90667700be,7.49% State Government of Rajasthan 2035,IN2920250163,,,2500000.0,2527.7,INR,0.38,7.4636188,,,{},2026-08-22 09:12:01.054763+00:00
98735f7c-73d4-49e7-887f-0aaa0f1ff73a,e52aceb7-9bc0-403c-a7ee-524034694c23,e8bd87e7-3d2a-4eb9-be25-10844f873c69,Summit Digitel Infrastructure Pvt. Ltd.,INE507T07104,,,1500.0,15925.14,INR,3.36,7.5207,,,{},2026-08-22 09:12:01.054763+00:00
96dfa959-ed90-4aba-865e-4c80dc3e900b,e52aceb7-9bc0-403c-a7ee-524034694c23,b419dcf5-9b2a-4aae-8fe7-51fc75816040,National Bank for Agriculture and Rural Development,INE261F08EM1,,,12500.0,12703.03,INR,2.68,6.768,,,{},2026-08-22 09:12:01.054763+00:00
0960d695-e8a0-4751-a739-6a24a048fe1f,e52aceb7-9bc0-403c-a7ee-524034694c23,e1e34be8-358c-48f4-9487-7c2a8e39aa1c,REC Ltd.,INE020B08EW9,,,12500.0,12678.06,INR,2.68,6.5713,,,{},2026-08-22 09:12:01.054763+00:00
3d027c1b-ce20-4288-858c-52988366b953,e52aceb7-9bc0-403c-a7ee-524034694c23,01feb6f6-289b-4ba0-a3fc-1f799c91c089,Anzen India Energy Yield Plus Trust,INE0MIZ07038,,,10000.0,10078.35,INR,2.13,7.599,,,{},2026-08-22 09:12:01.054763+00:00
b5808cd0-68e2-4285-b456-e80945f16f53,e52aceb7-9bc0-403c-a7ee-524034694c23,02a4b669-0a1a-4ead-9424-7b177fc3347e,LIC Housing Finance Ltd.,INE115A07RH4,,,10000.0,10008.06,INR,2.11,6.85,,,{},2026-08-22 09:12:01.054763+00:00
2c8905f4-ac47-49e2-a6c7-2ff1c3653636,e52aceb7-9bc0-403c-a7ee-524034694c23,adcff0e5-3820-44f0-9d00-8554c0eda283,6.75% CGL 2029,IN0020240183,,,12500000.0,12784.93,INR,2.7,6.220216,,,{},2026-08-22 09:12:01.054763+00:00
ea12764c-b7d7-4bed-8b8c-3ddb01cfc98d,e52aceb7-9bc0-403c-a7ee-524034694c23,adcbd846-5c8d-4f81-b60a-b38f7a16ccc0,7.26% State Government of Madhya Pradesh 2038,IN2120240030,,,11500000.0,11431.06,INR,2.41,7.4658311,,,{},2026-08-22 09:12:01.054763+00:00
3a8f1066-2a44-471c-ae84-bffa16b36f0d,e52aceb7-9bc0-403c-a7ee-524034694c23,cf5ef6de-56d7-4e9c-a3f9-ff3707b6a8c1,7.74% State Government of Karnataka 2034,IN1920230167,,,4000000.0,4127.44,INR,0.87,7.348478,,,{},2026-08-22 09:12:01.054763+00:00
0600676c-72a7-4575-bd1c-f7d1fec0e95e,e52aceb7-9bc0-403c-a7ee-524034694c23,ea9ee3f2-06ff-4d02-8e7d-dd0a1f71fff5,7.37% State Government of Karnataka 2038,IN1920230332,,,3500000.0,3517.33,INR,0.74,7.4415591,,,{},2026-08-22 09:12:01.054763+00:00
7507947c-fe17-47f4-89cc-a0b7c5546507,e52aceb7-9bc0-403c-a7ee-524034694c23,b07194b7-c1b7-44dc-acac-082c8b118997,6.90% CGL 2026,IN0020089069,,,48397000.0,48543.64,INR,1.33,5.8698,,,{},2026-08-22 09:12:01.054763+00:00
f01273d6-ce25-4d21-a8c2-863ddcc31495,e52aceb7-9bc0-403c-a7ee-524034694c23,e2060f2d-1cb5-4c1b-bcca-92d7ba75847c,5.63% CGL 2026,IN0020210012,,,39845000.0,39848.47,INR,1.09,5.6874233,,,{},2026-08-22 09:12:01.054763+00:00
8d9f495d-2094-42ab-9a5c-bdcdca234f8b,e52aceb7-9bc0-403c-a7ee-524034694c23,71ac55ff-c0c6-4a3e-beee-d84e0354c4a7,5.15% CGL 2025,IN0020200278,,,32000000.0,31985.47,INR,0.87,5.40545,,,{},2026-08-22 09:12:01.054763+00:00
46aa3a93-9d38-4a4b-a961-4832f63d1095,e52aceb7-9bc0-403c-a7ee-524034694c23,2bef25d8-da32-43d7-b664-4eee3ad00f85,7.95% CGL 2026,IN0020079037,,,11154000.0,11239.53,INR,0.31,5.7892,,,{},2026-08-22 09:12:01.054763+00:00
b31b49eb-84de-4cc4-bf60-a27df0ceb7bc,e52aceb7-9bc0-403c-a7ee-524034694c23,45b543bf-34a2-4b60-b807-9cd7c5e6e15b,6.99% CGL 2026,IN0020230028,,,8263000.0,8320.34,INR,0.23,5.7506198,,,{},2026-08-22 09:12:01.054763+00:00
7c17aa81-6212-41ac-89ee-f4cd72e27f19,e52aceb7-9bc0-403c-a7ee-524034694c23,d62386fc-8228-457f-982e-06f1f4df2e09,6.20% State Government of Rajasthan 2026,IN2920210464,,,20500000.0,20524.66,INR,0.56,5.71505,,,{},2026-08-22 09:12:01.054763+00:00
eee3508a-f038-4811-b153-4fbf58100f69,e52aceb7-9bc0-403c-a7ee-524034694c23,b146ee10-d4d6-4a4e-8883-cbad08eb1c3f,8.69% State Government of Kerala 2026,IN2020150164,,,16000000.0,16177.94,INR,0.44,5.7344,,,{},2026-08-22 09:12:01.054763+00:00
31b6b207-0036-4fa8-a491-c3ab0f78ba3f,e52aceb7-9bc0-403c-a7ee-524034694c23,8d170b47-0947-4d84-888c-4c300644887e,7.98% State Government of Gujarat 2026,IN1520160038,,,11934600.0,12086.73,INR,0.33,5.8944051,,,{},2026-08-22 09:12:01.054763+00:00
d447f8ff-ee8f-486a-b915-e5639ab0f63e,e52aceb7-9bc0-403c-a7ee-524034694c23,1664e6b2-b19a-4eda-b477-8f4a5f0fd077,7.98% State Government of Haryana 2026,IN1620160060,,,10000000.0,10152.59,INR,0.28,5.9209594,,,{},2026-08-22 09:12:01.054763+00:00
6131aadc-934a-4d09-9e7f-3aa18cf6dd75,e52aceb7-9bc0-403c-a7ee-524034694c23,58932b39-a1cb-4949-b9a7-588d12ffca0c,8.55% State Government of Assam 2026,IN1220150032,,,10000000.0,10090.88,INR,0.28,5.8351,,,{},2026-08-22 09:12:01.054763+00:00
1858f5c3-9e73-4b9a-9797-44f7ed389949,e52aceb7-9bc0-403c-a7ee-524034694c23,ade94b28-7a6d-4c45-9d30-a109194b9586,8.34% State Government of Uttar Pradesh 2026,IN3320150359,,,8000000.0,8056.09,INR,0.22,5.69005,,,{},2026-08-22 09:12:01.054763+00:00
58e3fdc7-597e-431e-b55c-1c5fb020f284,e52aceb7-9bc0-403c-a7ee-524034694c23,66cf7a5a-fd0d-4c16-a418-e2d420871e9c,8.28% State Government of Karnataka 2026,IN1920180198,,,7500000.0,7581.15,INR,0.21,5.715,,,{},2026-08-22 09:12:01.054763+00:00
901912a1-96b5-4382-bba1-8085e36d39fa,e52aceb7-9bc0-403c-a7ee-524034694c23,6bb2a4ca-cc13-4e3f-9455-c893193a5df1,8.30% State Government of Madhya Pradesh 2026,IN2120150080,,,7500000.0,7551.76,INR,0.21,5.69,,,{},2026-08-22 09:12:01.054763+00:00
21017c9c-1304-410f-92e2-acebff85b686,e52aceb7-9bc0-403c-a7ee-524034694c23,6c65f649-59ae-4a1d-af66-773e8b08edae,8.30% State Government of Rajasthan 2026,IN2920150223,,,7500000.0,7551.54,INR,0.21,5.70005,,,{},2026-08-22 09:12:01.054763+00:00
636467ec-4789-4ffa-848d-b077fa3f994d,e52aceb7-9bc0-403c-a7ee-524034694c23,45b4f4f7-21e7-470a-8791-329f823fd4a9,8.27% State Government of Haryana 2025,IN1620150111,,,7500000.0,7543.34,INR,0.21,5.58505,,,{},2026-08-22 09:12:01.054763+00:00
4990da0c-6174-4dc0-9dad-4bb9e8ed56bf,e52aceb7-9bc0-403c-a7ee-524034694c23,04831ec4-022f-46b2-8747-edcf0b7d35a6,8.21% State Government of Maharashtra 2025,IN2220150147,,,7500000.0,7534.95,INR,0.21,5.57005,,,{},2026-08-22 09:12:01.054763+00:00
0cb70c8f-4022-4b02-a1aa-75d8c0bba657,e52aceb7-9bc0-403c-a7ee-524034694c23,8a8ceb36-eba7-4c23-8f83-eb448a5b3a7d,8.27% State Government of Gujarat 2026,IN1520150104,,,6500000.0,6544.79,INR,0.18,5.665,,,{},2026-08-22 09:12:01.054763+00:00
17c3a049-a19d-446a-b75d-c26331f5c3a4,e52aceb7-9bc0-403c-a7ee-524034694c23,eda6d3ed-0351-4a23-b7b7-0dc5b032ad1c,8.27% State Government of Tamil Nadu 2026,IN3120150179,,,5500000.0,5537.9,INR,0.15,5.6651,,,{},2026-08-22 09:12:01.054763+00:00
e8c10189-286e-4266-8b41-87243183a658,e52aceb7-9bc0-403c-a7ee-524034694c23,6782eb1e-1cb3-425d-b83d-b3330df6fee9,8.15% State Government of Madhya Pradesh 2025,IN2120150064,,,5500000.0,5515.05,INR,0.15,5.56015,,,{},2026-08-22 09:12:01.054763+00:00
2e061bf3-da68-48bb-943c-10170da00970,e52aceb7-9bc0-403c-a7ee-524034694c23,ba90f837-75f3-4527-a0b3-0028348171fe,7.61% State Government of Kerala 2026,IN2020160072,,,5000000.0,5069.22,INR,0.14,6.000455,,,{},2026-08-22 09:12:01.054763+00:00
5540aaff-9626-4c5d-9f8c-0f599ce540b8,e52aceb7-9bc0-403c-a7ee-524034694c23,2e9b2a5a-6924-431e-9782-d568c4558a6c,8.24% State Government of Andhra Pradesh 2025,IN1020150091,,,5000000.0,5023.29,INR,0.14,5.60045,,,{},2026-08-22 09:12:01.054763+00:00
12ca5c28-4dbf-4d25-9b2c-25660eb3835f,e52aceb7-9bc0-403c-a7ee-524034694c23,23c89d9b-0773-4723-a78e-f828bdad5c31,8.17% State Government of Uttar Pradesh 2025,IN3320150334,,,4000000.0,4014.65,INR,0.11,5.5699,,,{},2026-08-22 09:12:01.054763+00:00
c5ef1d77-3e5d-4d0f-afca-942c8cde7144,e52aceb7-9bc0-403c-a7ee-524034694c23,a2bd60c3-a29d-4a1d-ad2d-16a0d963fb53,8.17% State Government of Tamil Nadu 2025,IN3120150146,,,3500000.0,3512.96,INR,0.1,5.54485,,,{},2026-08-22 09:12:01.054763+00:00
486a4a42-2154-4f0b-ac5a-33a3b3eaa870,e52aceb7-9bc0-403c-a7ee-524034694c23,3291ced4-0ada-4484-a37f-5c435487543e,8.39% State Government of Madhya Pradesh 2026,IN2120150098,,,2500000.0,2520.54,INR,0.07,5.69,,,{},2026-08-22 09:12:01.054763+00:00
e8285f48-6ee3-40bf-ad86-54f8bab20c76,e52aceb7-9bc0-403c-a7ee-524034694c23,87f2e69e-3201-4d22-b1d9-f3a09d8fda7f,8.31% State Government of Telangana 2026,IN4520150124,,,2500000.0,2517.25,INR,0.07,5.7,,,{},2026-08-22 09:12:01.054763+00:00
d37c6cbd-3ae5-4c7b-b033-2d5c696d6986,e52aceb7-9bc0-403c-a7ee-524034694c23,da74e955-afd2-40d2-92c7-0c15799b6c15,8.27% State Government of Karnataka 2026,IN1920150076,,,2500000.0,2517.23,INR,0.07,5.665,,,{},2026-08-22 09:12:01.054763+00:00
29499d4b-5cd6-4229-a974-5f9298423421,e52aceb7-9bc0-403c-a7ee-524034694c23,68461cb1-e144-4659-b1ec-f32f6523bf40,8.29% State Government of Andhra Pradesh 2026,IN1020150117,,,2500000.0,2517.15,INR,0.07,5.6954,,,{},2026-08-22 09:12:01.054763+00:00
392d79e9-d088-42f0-b466-15a2052d48cd,e52aceb7-9bc0-403c-a7ee-524034694c23,e40df274-92b0-474c-a3e8-e723769fc9bd,8.27% State Government of Madhya Pradesh 2025,IN2120150072,,,2500000.0,2514.45,INR,0.07,5.5849,,,{},2026-08-22 09:12:01.054763+00:00
864ee26b-d8d9-4b35-930b-78a8cf0c7720,e52aceb7-9bc0-403c-a7ee-524034694c23,edc5ea03-6f0b-4eee-948c-517da3e5e81a,8.27% State Government of Haryana 2025,IN1620150103,,,2500000.0,2511.86,INR,0.07,5.58505,,,{},2026-08-22 09:12:01.054763+00:00
71119b08-b679-4296-9bca-11e3a9c995a7,e52aceb7-9bc0-403c-a7ee-524034694c23,53bcb9b1-6973-40f1-bc31-556ff7c7d5a7,LIC Housing Finance Ltd.,INE115A14FK9,,,20000.0,97338.0,INR,2.66,6.2,,,{},2026-08-22 09:12:01.054763+00:00
dd54a23e-7c12-4100-8c45-71774e2cf277,e52aceb7-9bc0-403c-a7ee-524034694c23,608953d0-deea-4466-becb-732cd0598997,Tata Capital Housing Finance Ltd.,INE033L14NV2,,,14000.0,68269.39,INR,1.87,6.21,,,{},2026-08-22 09:12:01.054763+00:00
570f77e7-4001-4e3f-8902-5732b3bcc140,e52aceb7-9bc0-403c-a7ee-524034694c23,9abba3ac-2f9f-42d4-8cd5-037740725ffe,Panatone Finvest Ltd.,INE116F14216,,,12000.0,58881.84,INR,1.61,6.6649,,,{},2026-08-22 09:12:01.054763+00:00
52d1f40d-0fc9-462f-b2aa-cbe8b821e649,e52aceb7-9bc0-403c-a7ee-524034694c23,9102070d-32ec-48c5-8028-5096c1003b6b,Interise Trust,INE790Z14034,,,12200.0,58397.31,INR,1.6,6.6399,,,{},2026-08-22 09:12:01.054763+00:00
2e751ba4-ee63-4062-99fe-5096f58412c3,e52aceb7-9bc0-403c-a7ee-524034694c23,1cfde477-fa0c-4806-bce8-83afb9b4c32c,SMFG India Credit Company Ltd.,INE535H14JF5,,,10000.0,48403.9,INR,1.32,6.8,,,{},2026-08-22 09:12:01.054763+00:00
0eb1cd5c-7d0f-4d0c-ab54-4f86a6870bed,e52aceb7-9bc0-403c-a7ee-524034694c23,a2d66d9b-ae93-4d00-b3fe-b48c54c2ac0d,REC Ltd.,INE020B14698,,,10000.0,47911.1,INR,1.31,6.3151,,,{},2026-08-22 09:12:01.054763+00:00
a8491cda-9c1a-473a-b141-19020cded047,e52aceb7-9bc0-403c-a7ee-524034694c23,f0466a59-717f-4641-add9-a2896855a475,Cholamandalam Investment & Finance Co. Ltd.,INE121A14XI4,,,10000.0,47889.3,INR,1.31,7.025,,,{},2026-08-22 09:12:01.054763+00:00
6d235481-ee0c-43ba-b763-10597bcb0461,e52aceb7-9bc0-403c-a7ee-524034694c23,5211c38f-4b6d-4676-a717-02da0a7f2c68,ONGC Petro Additions Ltd.,INE163N14550,,,8000.0,39229.0,INR,1.07,6.405,,,{},2026-08-22 09:12:01.054763+00:00
da651722-4ef6-4413-9043-9cf3ba59a47b,e52aceb7-9bc0-403c-a7ee-524034694c23,d76cfc84-5dbc-4351-9254-a099e5269b8c,Muthoot Fincorp Ltd.,INE549K14BY8,,,8000.0,37945.92,INR,1.04,8.48,,,{},2026-08-22 09:12:01.054763+00:00
ee30f55d-9b5b-413c-84c0-6584ee42b932,e52aceb7-9bc0-403c-a7ee-524034694c23,0b1bc97b-edbf-4d9f-b28b-79fac731be20,TATA Capital Ltd.,INE976I14PW1,,,7000.0,34085.77,INR,0.93,6.6149,,,{},2026-08-22 09:12:01.054763+00:00
f25a8027-d286-48f1-b84c-8f23b88c0da5,e52aceb7-9bc0-403c-a7ee-524034694c23,5ff596e0-ea6e-4d93-8d9e-d95952140c3c,Muthoot Finance Ltd.,INE414G14UG0,,,6500.0,31692.96,INR,0.87,6.8849,,,{},2026-08-22 09:12:01.054763+00:00
ce5a386a-2dc5-4f3d-9712-31b176f1691c,e52aceb7-9bc0-403c-a7ee-524034694c23,949cd77c-327c-40aa-bcac-cced6db81a8e,Credila Financial Services Ltd.,INE539K14BV5,,,6000.0,29280.33,INR,0.8,7.235,,,{},2026-08-22 09:12:01.054763+00:00
423a7254-7e4b-49fd-9dd1-bb9520267c42,e52aceb7-9bc0-403c-a7ee-524034694c23,a2888be1-c6cf-4e13-a111-6ac3f60f4b42,Sundaram Finance Ltd.,INE660A14YR0,,,6000.0,28399.26,INR,0.78,6.79,,,{},2026-08-22 09:12:01.054763+00:00
5eb0bac9-d257-4bd6-aadc-1f8e598b4022,e52aceb7-9bc0-403c-a7ee-524034694c23,0c6a360a-02b5-4614-b6dd-d64e68fa22c9,Mindspace Business Parks Reit,INE0CCU14112,,,5600.0,27253.27,INR,0.75,6.29,,,{},2026-08-22 09:12:01.054763+00:00
341f77c0-87f2-4ea2-84f4-bb5bb6d2efb3,e52aceb7-9bc0-403c-a7ee-524034694c23,4725a85c-896d-403e-964f-95c29a24cc58,Tata Capital Housing Finance Ltd.,INE033L14OE6,,,5500.0,26704.89,INR,0.73,6.21,,,{},2026-08-22 09:12:01.054763+00:00
cebad70d-9803-4207-a86a-ede50420d924,e52aceb7-9bc0-403c-a7ee-524034694c23,9d2d91f3-ca5c-4cb3-8744-8c036f213b8e,Birla Group Holding Pvt. Ltd.,INE09OL14GL5,,,5000.0,24408.48,INR,0.67,6.965,,,{},2026-08-22 09:12:01.054763+00:00
714aaf6d-b9a0-4a1c-a175-d3d21a5d4bf9,e52aceb7-9bc0-403c-a7ee-524034694c23,d519924e-eea1-4520-ab4d-7ef49f0bd92d,JM Financial Services Ltd.,INE012I14RH2,,,5000.0,24392.33,INR,0.67,7.5151,,,{},2026-08-22 09:12:01.054763+00:00
7df586d0-c354-4895-95ee-c09fb19926e7,e52aceb7-9bc0-403c-a7ee-524034694c23,7df2a025-e87c-4960-a223-354427e56830,Cholamandalam Investment & Finance Co. Ltd.,INE121A14XV7,,,5000.0,24368.18,INR,0.67,6.7599,,,{},2026-08-22 09:12:01.054763+00:00
7dda06f6-30a2-47dc-a8cf-83a611df69ca,e52aceb7-9bc0-403c-a7ee-524034694c23,6322803c-c02e-4b1d-ba98-b4735973c60e,Julius Baer Capital (India) Pvt. Ltd.,INE824H14RQ3,,,5000.0,24194.38,INR,0.66,6.9849,,,{},2026-08-22 09:12:01.054763+00:00
0b106562-e238-4381-8b8d-6ac316bbab62,e52aceb7-9bc0-403c-a7ee-524034694c23,e349978f-fbe6-456a-a776-9650036cda3a,Cholamandalam Investment & Finance Co. Ltd.,INE121A14XJ2,,,5000.0,23940.25,INR,0.65,7.025,,,{},2026-08-22 09:12:01.054763+00:00
f9b513b8-653f-4a71-a75f-e53628bedc70,e52aceb7-9bc0-403c-a7ee-524034694c23,195819e0-78db-472a-ace7-db038af45d28,Cholamandalam Investment & Finance Co. Ltd.,INE121A14XC7,,,4000.0,19536.86,INR,0.53,6.7599,,,{},2026-08-22 09:12:01.054763+00:00
0f2e280d-2efa-4c47-ae17-8d8697b4b7b2,e52aceb7-9bc0-403c-a7ee-524034694c23,76b4020c-f89d-419f-950d-a27ff82aae27,HDB Financial Services Ltd.,INE756I14FC0,,,4000.0,19451.38,INR,0.53,6.685,,,{},2026-08-22 09:12:01.054763+00:00
ac073662-2982-48e9-8287-798e90567ae7,e52aceb7-9bc0-403c-a7ee-524034694c23,de970e53-8c96-49c3-8883-0d1d3a49b40c,Birla Group Holding Pvt. Ltd.,INE09OL14HE8,,,4000.0,19411.06,INR,0.53,6.9651,,,{},2026-08-22 09:12:01.054763+00:00
ec6328a3-806c-4b1a-b83e-4d3050cb9fb0,e52aceb7-9bc0-403c-a7ee-524034694c23,25a7e500-29c2-458c-9685-85822c5f4566,TATA Capital Ltd.,INE477S14DG8,,,4000.0,19405.64,INR,0.53,6.615,,,{},2026-08-22 09:12:01.054763+00:00
92289e7b-f9ac-45cf-af8d-28f719979677,e52aceb7-9bc0-403c-a7ee-524034694c23,9017a501-5e29-46ed-ad8a-aac88cf4b531,Muthoot Finance Ltd.,INE414G14UI6,,,3500.0,17043.5,INR,0.47,6.8849,,,{},2026-08-22 09:12:01.054763+00:00
f472f33d-e54c-465b-95e5-8c92063e14dc,e52aceb7-9bc0-403c-a7ee-524034694c23,c964b58b-df43-44f3-a3b5-176437cdef15,Godrej Properties Ltd.,INE484J14YK1,,,3000.0,14866.07,INR,0.41,6.0901,,,{},2026-08-22 09:12:01.054763+00:00
2957a62c-e610-4d13-85e7-c3227e96884b,e52aceb7-9bc0-403c-a7ee-524034694c23,bfb0df47-8eae-489c-a67c-fc9a3b82ab88,Sundaram Finance Ltd.,INE660A14YI9,,,3000.0,14628.11,INR,0.4,6.535,,,{},2026-08-22 09:12:01.054763+00:00
8486cdd5-f9e5-479b-a544-05fe6f6d57c1,e52aceb7-9bc0-403c-a7ee-524034694c23,f58cf5c1-7001-4519-9b76-dfef4ce478be,Bajaj Auto Credit Ltd.,INE18UV14026,,,2800.0,13837.25,INR,0.38,6.605,,,{},2026-08-22 09:12:01.054763+00:00
122789c4-acec-4b63-9ba6-5e37e14ec456,e52aceb7-9bc0-403c-a7ee-524034694c23,00c533e3-1c44-4832-b650-d6f25203f6c6,Cholamandalam Investment & Finance Co. Ltd.,INE121A14XK0,,,2500.0,11963.5,INR,0.33,7.025,,,{},2026-08-22 09:12:01.054763+00:00
d60e4687-6533-447f-bacf-27a39c719ced,e52aceb7-9bc0-403c-a7ee-524034694c23,df05847c-c87b-4aee-8206-19311a7f6524,ICICI Securities Ltd.,INE763G14ZH7,,,2000.0,9851.81,INR,0.27,6.615,,,{},2026-08-22 09:12:01.054763+00:00
282ec971-611d-4002-a0a1-53a6403b2990,e52aceb7-9bc0-403c-a7ee-524034694c23,87c2d376-1da9-4b37-bf35-369657bf0cc7,Muthoot Finance Ltd.,INE414G14UE5,,,2000.0,9764.25,INR,0.27,6.885,,,{},2026-08-22 09:12:01.054763+00:00
29abf0f5-94cd-438e-bc4e-b37158cac472,e52aceb7-9bc0-403c-a7ee-524034694c23,9a713efa-5921-4f69-8bb5-ef0d3cf99b2a,Barclays Investments & Loans (India) Pvt. Ltd.,INE704I14KM9,,,2000.0,9726.24,INR,0.27,6.8951,,,{},2026-08-22 09:12:01.054763+00:00
d7f06b54-653e-49da-b829-aa5b259fb212,e52aceb7-9bc0-403c-a7ee-524034694c23,2026b54b-2731-4d43-847a-11997a4034bd,Barclays Investments & Loans (India) Pvt. Ltd.,INE704I14KQ0,,,2000.0,9720.88,INR,0.27,6.895,,,{},2026-08-22 09:12:01.054763+00:00
06a6c82f-095f-407b-a2c1-3e708655e77c,e52aceb7-9bc0-403c-a7ee-524034694c23,924f67d1-29d3-42c2-b775-8af1d78bc6ae,Muthoot Finance Ltd.,INE414G14US5,,,2000.0,9552.06,INR,0.26,7.0151,,,{},2026-08-22 09:12:01.054763+00:00
cf112d49-762d-4c01-92ed-9ac70cc111a8,e52aceb7-9bc0-403c-a7ee-524034694c23,e84a453d-c4c8-4026-81a0-6597f0fe0f98,Kotak Mahindra Prime Ltd.,INE916D144Z5,,,1400.0,6783.31,INR,0.19,6.5875,,,{},2026-08-22 09:12:01.054763+00:00
ee78f906-519e-4ecf-8dc4-69bb987f6253,e52aceb7-9bc0-403c-a7ee-524034694c23,4113062a-9993-4893-a0f6-0866308c26ef,Sundaram Home Finance Ltd.,INE667F14GO8,,,500.0,2476.35,INR,0.07,6.0101,,,{},2026-08-22 09:12:01.054763+00:00
3ee5abb0-8722-4646-a3c5-0bc8aa004db8,e52aceb7-9bc0-403c-a7ee-524034694c23,9150eb2a-f4fe-447e-8715-3bc213b5343d,Bank of Baroda,INE028A16JU0,,,30000.0,143653.05,INR,3.93,6.275,,,{},2026-08-22 09:12:01.054763+00:00
7b09970c-6514-4315-b32a-ad3d0ea399f4,e52aceb7-9bc0-403c-a7ee-524034694c23,7a1817a7-e494-47be-8a43-4edef929471b,Punjab National Bank,INE160A16RM1,,,24000.0,116698.08,INR,3.19,6.075,,,{},2026-08-22 09:12:01.054763+00:00
3eabaaf5-ff3e-439d-93e1-f3f2af4c05ae,e52aceb7-9bc0-403c-a7ee-524034694c23,4e870877-c767-4696-b73f-e5b999601778,National Bank for Agriculture and Rural Development,INE261F16975,,,16000.0,77905.28,INR,2.13,6.134,,,{},2026-08-22 09:12:01.054763+00:00
a198b4d0-2b6b-408a-a0de-b46f070f9b15,e52aceb7-9bc0-403c-a7ee-524034694c23,99364538-3fff-47a1-9d0c-bf63ff6a7b90,Punjab National Bank,INE160A16RK5,,,16000.0,77823.92,INR,2.13,6.075,,,{},2026-08-22 09:12:01.054763+00:00
9d9ac1e0-dc53-4c86-afe4-4814136475bb,e52aceb7-9bc0-403c-a7ee-524034694c23,a9776f85-6aa3-4bc9-8bed-d23fddf1d05d,HDFC Bank Ltd.,INE040A16HP9,,,15000.0,71845.2,INR,1.96,6.3101,,,{},2026-08-22 09:12:01.054763+00:00
4c4a1f95-a5a1-44bd-93eb-afc904414c07,e52aceb7-9bc0-403c-a7ee-524034694c23,aeb53b60-ab0c-4701-949c-7eaeca802dbc,HDFC Bank Ltd.,INE040A16HR5,,,15000.0,70572.75,INR,1.93,6.4499758,,,{},2026-08-22 09:12:01.054763+00:00
e5403d88-a6e0-4e77-bfff-a8803e34c36e,e52aceb7-9bc0-403c-a7ee-524034694c23,e3be2bd7-2cf5-4421-bd07-db20aa0166e8,IDBI Bank Ltd.,INE008A16Y23,,,14000.0,68286.4,INR,1.87,6.1474,,,{},2026-08-22 09:12:01.054763+00:00
3a535cc8-3b48-4084-8fb3-a7629c1c4571,e52aceb7-9bc0-403c-a7ee-524034694c23,cfd1c568-230d-41b5-84a2-73b69b2d0363,UCO Bank,INE691A16LT3,,,12000.0,57617.7,INR,1.58,6.505,,,{},2026-08-22 09:12:01.054763+00:00
e4257c32-9c28-4f5a-ba0e-817c4848436a,e52aceb7-9bc0-403c-a7ee-524034694c23,6deebfd6-747b-4791-aee4-ecc497705547,Kotak Mahindra Bank Ltd.,INE237A166Z3,,,11500.0,56113.04,INR,1.53,6.0549,,,{},2026-08-22 09:12:01.054763+00:00
995037b0-23ba-4842-9697-237e4ccdc141,e52aceb7-9bc0-403c-a7ee-524034694c23,df4cebbe-f8ad-4edc-a4a9-1587f74f8581,CSB Bank Ltd.,INE679A16441,,,10000.0,49279.3,INR,1.35,6.4316,,,{},2026-08-22 09:12:01.054763+00:00
ccf49cbd-1b13-4bb7-a071-26b5fb7c2dd8,e52aceb7-9bc0-403c-a7ee-524034694c23,9473c55d-eba3-4891-be44-3b1f942c4e9c,IDBI Bank Ltd.,INE008A16X73,,,10000.0,48952.9,INR,1.34,6.1475,,,{},2026-08-22 09:12:01.054763+00:00
6f4306ac-a690-4aeb-8123-9dad3a418ef7,e52aceb7-9bc0-403c-a7ee-524034694c23,7a6a7422-2712-4efb-8d99-23a790b3c25a,Canara Bank,INE476A16D96,,,10000.0,48790.05,INR,1.33,6.075,,,{},2026-08-22 09:12:01.054763+00:00
76968fa5-1d94-45dd-85e3-f505077127cd,e52aceb7-9bc0-403c-a7ee-524034694c23,b50233a8-08e4-4aeb-aea8-bf34e03b670f,Bank of Baroda,INE028A16HW0,,,10000.0,48733.2,INR,1.33,6.0822,,,{},2026-08-22 09:12:01.054763+00:00
501ff13c-a5c5-4463-919c-1cf78c81411e,e52aceb7-9bc0-403c-a7ee-524034694c23,9306fcd5-bcc9-4ec1-bf93-6f8324271ee2,Small Industries Development Bank of India,INE556F16BF7,,,10000.0,48580.35,INR,1.33,6.095,,,{},2026-08-22 09:12:01.054763+00:00
b9af1e8c-80a4-4ad6-ac4e-1f7eac0459ee,e52aceb7-9bc0-403c-a7ee-524034694c23,f0efcd04-5ae3-46e0-ba9b-d559dae3fb16,Bank of Baroda,INE028A16JR6,,,10000.0,48051.95,INR,1.31,6.27,,,{},2026-08-22 09:12:01.054763+00:00
6e12ce14-eea9-4df5-96af-a073cb384d3a,e52aceb7-9bc0-403c-a7ee-524034694c23,1507956a-e9d4-4f55-85ed-a0f3e44f7219,The Jammu & Kashmir Bank Ltd.,INE168A16NC4,,,10000.0,47932.5,INR,1.31,6.615,,,{},2026-08-22 09:12:01.054763+00:00
c2bf3da3-6751-418f-aadd-4d87f2c0fad0,e52aceb7-9bc0-403c-a7ee-524034694c23,d9fc0e7b-38ee-49b6-8b18-3cc701cf8bae,Small Industries Development Bank of India,INE556F16BK7,,,10000.0,47051.1,INR,1.29,6.39,,,{},2026-08-22 09:12:01.054763+00:00
0ab3d650-a231-4873-ae6d-ac81aa85fc9b,e52aceb7-9bc0-403c-a7ee-524034694c23,b90e4ce5-d4c9-4d10-b4e1-8f34b3cd25d6,Kotak Mahindra Bank Ltd.,INE237A165Z5,,,9000.0,43978.64,INR,1.2,6.0549,,,{},2026-08-22 09:12:01.054763+00:00
a40141a2-a24c-482e-bfda-081d7bf5f1f0,e52aceb7-9bc0-403c-a7ee-524034694c23,950642bb-ef51-4fdb-bd6f-21db0c5d94ca,Indian Bank,INE562A16ON3,,,9000.0,43725.38,INR,1.2,6.08,,,{},2026-08-22 09:12:01.054763+00:00
01dbc95e-87a6-4169-90dd-4eae4009f58c,e52aceb7-9bc0-403c-a7ee-524034694c23,6b671480-bcf9-4326-8292-9b190f8d1544,Union Bank of India,INE692A16IP5,,,8000.0,39184.12,INR,1.07,6.0799,,,{},2026-08-22 09:12:01.054763+00:00
9f0499c7-8568-4bb2-966a-1205f0b4d148,e52aceb7-9bc0-403c-a7ee-524034694c23,5a7eb132-93f8-4869-8f04-39577ff0528d,Small Industries Development Bank of India,INE556F16BB6,,,8000.0,39028.92,INR,1.07,6.095,,,{},2026-08-22 09:12:01.054763+00:00
120c3cd5-6a4b-4ea5-a234-4547dae38e43,e52aceb7-9bc0-403c-a7ee-524034694c23,784e279b-57be-4f65-afc4-7b9eea2ba876,Canara Bank,INE476A16B23,,,8000.0,38949.8,INR,1.07,6.075,,,{},2026-08-22 09:12:01.054763+00:00
d6e51320-82aa-4798-8339-ae7b71ad8034,e52aceb7-9bc0-403c-a7ee-524034694c23,7fcf4552-19aa-439a-9cc7-398da04d19b6,Indian Bank,INE562A16PE9,,,7000.0,33257.42,INR,0.91,6.375,,,{},2026-08-22 09:12:01.054763+00:00
9bc8e5fd-82ae-4d14-b631-d81782986b1e,e52aceb7-9bc0-403c-a7ee-524034694c23,f77788b1-a06c-46b0-a276-6b0f1c69be1a,Equitas Small Finance Bank Ltd.,INE063P16AW0,,,6000.0,29089.8,INR,0.8,6.88,,,{},2026-08-22 09:12:01.054763+00:00
b3e38bb1-e419-45bd-b283-e277305d9561,e52aceb7-9bc0-403c-a7ee-524034694c23,87c8af7d-f788-4a35-94bf-b16d1dd5d6a1,The Jammu & Kashmir Bank Ltd.,INE168A16NA8,,,6000.0,28794.54,INR,0.79,6.615,,,{},2026-08-22 09:12:01.054763+00:00
c69cc72f-5ff1-4ea6-bfae-0c83d087e970,e52aceb7-9bc0-403c-a7ee-524034694c23,10f5ab12-2a19-4e5f-bdc7-e154520ad4ef,Union Bank of India,INE692A16JQ1,,,6000.0,28675.35,INR,0.78,6.3151,,,{},2026-08-22 09:12:01.054763+00:00
5ae66143-16d3-4063-af08-f5d270ea9c23,e52aceb7-9bc0-403c-a7ee-524034694c23,7c4a00a3-3591-4a7c-b0b0-5d9e9bf69c5b,Small Industries Development Bank of India,INE556F16BH3,,,5500.0,26508.57,INR,0.72,6.32,,,{},2026-08-22 09:12:01.054763+00:00
060c559a-5794-40be-b9f1-ab09199319c8,e52aceb7-9bc0-403c-a7ee-524034694c23,c92e8d55-d5e2-4940-a82a-ef5d08d2b0be,Equitas Small Finance Bank Ltd.,INE063P16AP4,,,5000.0,24684.3,INR,0.68,6.5752,,,{},2026-08-22 09:12:01.054763+00:00
03320e98-2f15-4acc-a3d8-6106253e541e,e52aceb7-9bc0-403c-a7ee-524034694c23,140158e3-5864-4261-bdf1-b49194826447,Union Bank of India,INE692A16JB3,,,5000.0,24366.8,INR,0.67,6.0801,,,{},2026-08-22 09:12:01.054763+00:00
b70eaac7-d51e-4d14-acad-a64fd7b6278c,e52aceb7-9bc0-403c-a7ee-524034694c23,00380382-3aea-41ad-91d3-07af14225300,Small Industries Development Bank of India,INE556F16BG5,,,5000.0,24286.25,INR,0.66,6.095,,,{},2026-08-22 09:12:01.054763+00:00
d1f506c5-e228-4547-87dd-a75d366bb542,e52aceb7-9bc0-403c-a7ee-524034694c23,48943b58-b21a-4a99-b4a5-f91fa0b4d450,Bank of India,INE084A16DJ9,,,5000.0,24280.0,INR,0.66,6.15,,,{},2026-08-22 09:12:01.054763+00:00
dfe6db4d-0d36-4a05-b1ce-2e5682844f94,e52aceb7-9bc0-403c-a7ee-524034694c23,b0b6d7da-0ef8-48ba-8333-27e53551ad01,The Jammu & Kashmir Bank Ltd.,INE168A16MX2,,,5000.0,24256.85,INR,0.66,6.3901,,,{},2026-08-22 09:12:01.054763+00:00
dd99b2ff-1c4b-4e22-9d3e-2d50e5d63e25,e52aceb7-9bc0-403c-a7ee-524034694c23,e69cf839-e988-4aa3-bba6-deaf5d3095e9,Axis Bank Ltd.,INE238AD6BA5,,,5000.0,24061.4,INR,0.66,6.3001,,,{},2026-08-22 09:12:01.054763+00:00
b3a972c5-0cda-4359-8178-f4c400f4ed72,e52aceb7-9bc0-403c-a7ee-524034694c23,ce7e8e93-e704-4abf-ba4d-7476e14e8e58,National Bank for Agriculture and Rural Development,INE261F16983,,,4500.0,21899.66,INR,0.6,6.1386,,,{},2026-08-22 09:12:01.054763+00:00
a4dfe1b0-6c38-45fe-9922-63b0ec371601,e52aceb7-9bc0-403c-a7ee-524034694c23,00e68b73-eff7-41a6-9d77-e61321315623,Equitas Small Finance Bank Ltd.,INE063P16AQ2,,,4000.0,19721.92,INR,0.54,6.5148,,,{},2026-08-22 09:12:01.054763+00:00
6edac142-b5b1-407a-aa79-5d9eed49fd93,e52aceb7-9bc0-403c-a7ee-524034694c23,e269c9af-83d3-430a-9f62-a6262feff4b1,National Bank for Agriculture and Rural Development,INE261F16AA7,,,4000.0,19428.2,INR,0.53,6.1386,,,{},2026-08-22 09:12:01.054763+00:00
b4f55657-1824-4d3a-aad1-493ac5ac8437,e52aceb7-9bc0-403c-a7ee-524034694c23,8664abc6-8ee1-4cdd-9655-c2bcc17dc1e5,Kotak Mahindra Bank Ltd.,INE237A160Z6,,,3000.0,14833.8,INR,0.41,5.7599,,,{},2026-08-22 09:12:01.054763+00:00
86f77a99-1974-4c02-8947-bb04ae8aa08c,e52aceb7-9bc0-403c-a7ee-524034694c23,e72d03ac-12bf-4461-9f6d-73dd315146ed,Union Bank of India,INE692A16IX9,,,3000.0,14636.72,INR,0.4,6.0801,,,{},2026-08-22 09:12:01.054763+00:00
e4aff158-0c23-4882-b663-55f9a6215ece,e52aceb7-9bc0-403c-a7ee-524034694c23,5b99005b-167f-498e-af64-6df0ba0c8e22,Bank of Baroda,INE028A16HZ3,,,3000.0,14608.1,INR,0.4,6.0822,,,{},2026-08-22 09:12:01.054763+00:00
e3d894c2-dd75-4e36-8168-938cfcedb3fd,e52aceb7-9bc0-403c-a7ee-524034694c23,3bb85308-57ac-4401-ad5e-662b5e237aa6,National Bank for Agriculture and Rural Development,INE261F16991,,,3000.0,14573.54,INR,0.4,6.1386,,,{},2026-08-22 09:12:01.054763+00:00
d4858350-e430-498b-9579-c8981c75e3a2,e52aceb7-9bc0-403c-a7ee-524034694c23,1e0d0394-f4f9-47f2-954a-3d6bbc450772,Equitas Small Finance Bank Ltd.,INE063P16AX8,,,3000.0,14542.23,INR,0.4,6.8801,,,{},2026-08-22 09:12:01.054763+00:00
8347d641-a6e3-4f16-9ff3-fdbf9deba857,e52aceb7-9bc0-403c-a7ee-524034694c23,47d5afe1-2ebb-421b-b560-59809ba7cac9,AU Small Finance Bank Ltd.,INE949L16DH4,,,2000.0,9793.77,INR,0.27,6.4051,,,{},2026-08-22 09:12:01.054763+00:00
3ae43261-2117-4592-9385-4cc91240f3cf,e52aceb7-9bc0-403c-a7ee-524034694c23,42c4dfbc-8557-467d-bbcc-338be055a3bc,AU Small Finance Bank Ltd.,INE949L16DJ0,,,2000.0,9785.36,INR,0.27,6.405,,,{},2026-08-22 09:12:01.054763+00:00
1050e451-6018-4b4b-a907-75bce605ce27,e52aceb7-9bc0-403c-a7ee-524034694c23,804f4577-9f7e-442a-b1f0-4c9798f9f5b4,Canara Bank,INE476A16B64,,,2000.0,9727.99,INR,0.27,6.075,,,{},2026-08-22 09:12:01.054763+00:00
6aa14b14-a20b-4017-9cf7-221cb06b439d,e52aceb7-9bc0-403c-a7ee-524034694c23,d84e2745-b4c1-4ced-b463-4092db0ad669,Indian Bank,INE562A16OS2,,,2000.0,9641.6,INR,0.26,6.2525,,,{},2026-08-22 09:12:01.054763+00:00
cd639298-2ddd-405b-a2c5-6e8a730e5abb,e52aceb7-9bc0-403c-a7ee-524034694c23,f7646595-8ed5-4107-875e-9d30c1abebb6,Axis Bank Ltd.,INE238AD6AU5,,,2000.0,9580.0,INR,0.26,6.3,,,{},2026-08-22 09:12:01.054763+00:00
cac845e5-1da5-47c9-99b7-a63a6c7b3ee2,e52aceb7-9bc0-403c-a7ee-524034694c23,83984e67-7689-4edb-909d-eb60478a11a4,HDFC Bank Ltd.,INE040A16HB9,,,2000.0,9560.36,INR,0.26,6.3101,,,{},2026-08-22 09:12:01.054763+00:00
d7e06823-2142-490a-9cfe-901159d616ab,e52aceb7-9bc0-403c-a7ee-524034694c23,f6bd005b-de5c-4ef4-a0cc-3504072100c2,Kotak Mahindra Bank Ltd.,INE237AD6042,,,2000.0,9417.17,INR,0.26,6.31,,,{},2026-08-22 09:12:01.054763+00:00
edfb574a-d3a9-4a0b-81f1-d22e208579ee,e52aceb7-9bc0-403c-a7ee-524034694c23,27a419fb-48fe-4c8f-bd22-030f2f125bd5,Bank of Baroda,INE028A16JJ3,,,500.0,2440.45,INR,0.07,6.1,,,{},2026-08-22 09:12:01.054763+00:00
9f570d21-5561-4df4-a895-b3901964cc0f,e52aceb7-9bc0-403c-a7ee-524034694c23,97f56ba2-bdbe-4355-82ad-444736cbb80c,Axis Bank Ltd.,INE238AD6AT7,,,500.0,2395.25,INR,0.07,6.3093,,,{},2026-08-22 09:12:01.054763+00:00
7effd967-283a-4acf-92bf-eea5da8d42e0,e52aceb7-9bc0-403c-a7ee-524034694c23,30e9b9ee-731e-4d02-bbbd-381f217c6d21,364 DAY T-BILL 04.12.25,IN002024Z347,,,51500000.0,51014.77,INR,1.4,5.4249,,,{},2026-08-22 09:12:01.054763+00:00
75613ac0-e61b-4ed9-af6a-e4bc3c0d573e,e52aceb7-9bc0-403c-a7ee-524034694c23,195f5b81-9398-4421-8dea-47b4135c9fee,364 DAY T-BILL 26.03.26,IN002024Z503,,,36500000.0,35554.72,INR,0.97,5.5138,,,{},2026-08-22 09:12:01.054763+00:00
05a06e63-a220-47f7-9251-e642e351d093,e52aceb7-9bc0-403c-a7ee-524034694c23,629126d8-3be8-4089-a920-2b0544905691,182 DAY T-BILL 12.03.26,IN002025Y248,,,29500000.0,28794.07,INR,0.79,5.5238,,,{},2026-08-22 09:12:01.054763+00:00
b559ebcf-51a4-475e-85e5-8877bdd1dc9a,e52aceb7-9bc0-403c-a7ee-524034694c23,39200d4e-c76d-4f6a-9be0-bbc12e69d689,182 DAY T-BILL 12.02.26,IN002025Y206,,,28500000.0,27935.19,INR,0.76,5.5075,,,{},2026-08-22 09:12:01.054763+00:00
b341f0c6-8e70-4a72-b7b7-49b92c786415,e52aceb7-9bc0-403c-a7ee-524034694c23,ecf1a2cf-4939-4eab-87f7-56571783dc5a,364 DAY T-BILL 18.12.25,IN002024Z362,,,20000000.0,19772.12,INR,0.54,5.3935,,,{},2026-08-22 09:12:01.054763+00:00
fc2a79f4-32d1-4db7-b3e8-b0ea99573848,e52aceb7-9bc0-403c-a7ee-524034694c23,9b8f722e-e961-4495-9d14-3a405fb183ce,182 DAY T-BILL 08.01.26,IN002025Y156,,,20000000.0,19706.12,INR,0.54,5.4983,,,{},2026-08-22 09:12:01.054763+00:00
f5cccc0f-26d3-4cf4-9b88-07f4d72da19a,e52aceb7-9bc0-403c-a7ee-524034694c23,24ed268b-39ec-4601-927a-9aac80039cd7,364 DAY T-BILL 12.03.26,IN002024Z487,,,15000000.0,14641.05,INR,0.4,5.5238,,,{},2026-08-22 09:12:01.054763+00:00
4badf1ef-e42b-4c78-8d15-580778b9434a,e52aceb7-9bc0-403c-a7ee-524034694c23,90affac8-9aa8-458d-954a-c5b86c668224,364 DAY T-BILL 19.03.26,IN002024Z495,,,14000000.0,13651.11,INR,0.37,5.5199,,,{},2026-08-22 09:12:01.054763+00:00
d6c573d4-8d0c-4c67-9bf2-47069eefb9e7,e52aceb7-9bc0-403c-a7ee-524034694c23,230f8434-6aaf-4aa7-b61b-c9e5729e6de5,182 DAY T-BILL 05.02.26,IN002025Y198,,,6500000.0,6377.68,INR,0.17,5.5125,,,{},2026-08-22 09:12:01.054763+00:00
c61c35c7-56df-4269-82ef-7685e816e0be,e52aceb7-9bc0-403c-a7ee-524034694c23,42fe2ad7-5dfa-46db-861c-82dbc43c226c,364 DAY T-BILL 05.03.26,IN002024Z479,,,5000000.0,4885.87,INR,0.13,5.5008,,,{},2026-08-22 09:12:01.054763+00:00
7132525e-02c5-4e85-bf92-4bcf15d08a1c,e52aceb7-9bc0-403c-a7ee-524034694c23,bb9b3140-a750-465b-a4f0-8506a7656c7f,182 DAY T-BILL 04.12.25,IN002025Y107,,,2000000.0,1981.16,INR,0.05,5.4249,,,{},2026-08-22 09:12:01.054763+00:00
873e3bb1-2c07-4ee8-8a06-3b262c9c0dae,e52aceb7-9bc0-403c-a7ee-524034694c23,a7d24916-31d3-484f-b09a-f54d28d15ba3,GOI 25.05.2026 GOV,IN000526C037,,,5104800.0,4917.85,INR,0.13,5.9086225,,,{},2026-08-22 09:12:01.054763+00:00
79db92bd-be9c-46c6-bf70-049151f6914e,e52aceb7-9bc0-403c-a7ee-524034694c23,709220ff-3bbe-499e-b71d-91b7222552a7,Sandur Manganese & Iron Ores Ltd.,INE149K07013,,,8500.0,8181.19,INR,3.7,11.4009,,,{},2026-08-22 09:12:01.054763+00:00
bcb11d2a-0d35-42bf-9cae-0547056f69b4,e52aceb7-9bc0-403c-a7ee-524034694c23,aec9093e-882b-49cc-bccd-477fcd243a6b,Ashoka Buildcon Ltd.,INE442H08040,,,7500.0,7527.92,INR,3.41,8.175,,,{},2026-08-22 09:12:01.054763+00:00
175f6e49-0faa-447d-9915-8a877b3b98f6,e52aceb7-9bc0-403c-a7ee-524034694c23,8abb424b-77c0-421a-81de-b415efca3b1e,JSW Steel Ltd.,INE019A08033,,,750.0,7522.9,INR,3.4,6.4751,,,{},2026-08-22 09:12:01.054763+00:00
472b2d35-3cf2-4d3d-a34c-61722e5a5cc3,e52aceb7-9bc0-403c-a7ee-524034694c23,bbb1a347-b0ad-4822-8003-4554909d5500,Yes Bank Ltd.( Tier II Bond under Basel III ),INE528G08337,,,650.0,6473.12,INR,2.93,9.4445,,,{},2026-08-22 09:12:01.054763+00:00
deacd96e-a025-4cde-9fe6-5b4572cd9a12,e52aceb7-9bc0-403c-a7ee-524034694c23,837166ae-05f1-4c86-b7c6-d02cf22947ad,Eris Lifesciences Ltd.,INE406M08029,,,4500.0,4565.74,INR,2.07,7.7248,,,{},2026-08-22 09:12:01.054763+00:00
4ecfb8f0-d9d6-46c2-a290-d78b904a9c2a,e52aceb7-9bc0-403c-a7ee-524034694c23,9415f94d-edc9-46c1-aeca-e95fd82a2cf3,National Bank for Agriculture and Rural Development,INE261F08EK5,,,2500.0,2535.08,INR,1.15,6.76,,,{},2026-08-22 09:12:01.054763+00:00
eaf850b2-47b6-4ac8-9c52-098c97aeac7e,e52aceb7-9bc0-403c-a7ee-524034694c23,854ecced-a369-44c8-89f2-fbae917a91d6,Sheela Foam Ltd.,INE916U08012,,,1875.0,1891.35,INR,0.86,7.52,,,{},2026-08-22 09:12:01.054763+00:00
b404283e-dd13-41e7-acde-c31924e49a3a,e52aceb7-9bc0-403c-a7ee-524034694c23,7a9068fd-d9a6-46fc-8919-ae836c72a113,Sheela Foam Ltd.,INE916U08038,,,1875.0,1887.02,INR,0.85,7.2698,,,{},2026-08-22 09:12:01.054763+00:00
2a769ca6-e2f4-4e25-a81d-5e3c0d94d159,e52aceb7-9bc0-403c-a7ee-524034694c23,1132cc39-6fae-4c9a-82bb-3d2e44d89100,Sheela Foam Ltd.,INE916U08020,,,1875.0,1875.28,INR,0.85,6.8051,,,{},2026-08-22 09:12:01.054763+00:00
0ef48e43-8965-40bb-84a8-71635451a4c8,e52aceb7-9bc0-403c-a7ee-524034694c23,471c12fe-b07e-4abc-9877-789dcd160d78,7.26% CGL 2032,IN0020220060,,,4000000.0,4162.0,INR,1.88,6.6255766,,,{},2026-08-22 09:12:01.054763+00:00
40e0091d-dac6-45c1-aeb9-a2d9bca3a40b,e52aceb7-9bc0-403c-a7ee-524034694c23,ef148412-53ab-474e-b49e-0c86918ebde2,7.23% CGL 2039,IN0020240027,,,4000000.0,4124.8,INR,1.87,6.989877,,,{},2026-08-22 09:12:01.054763+00:00
c86bf18e-0ff8-41ea-bae0-83dd445cc55d,e52aceb7-9bc0-403c-a7ee-524034694c23,a8fdb97e-cdc8-43f7-acf3-2256391ff853,National Bank for Agriculture and Rural Development,INE261F08DO9,,,3500.0,35096.18,INR,2.41,6.245,,,{},2026-08-22 09:12:01.054763+00:00
dd28e16f-ec68-4fef-b114-0e6fe35117cb,e52aceb7-9bc0-403c-a7ee-524034694c23,c5462897-f391-4465-a643-8c65f0aff2c7,NTPC Ltd.,INE733E08254,,,34800.0,34956.11,INR,2.4,6.2462,,,{},2026-08-22 09:12:01.054763+00:00
b8f3fd8a-9535-4c25-b4fd-b4657cdc8b29,e52aceb7-9bc0-403c-a7ee-524034694c23,b55d482b-8699-4c22-b727-bd9600170458,Citicorp Finance (India) Ltd.,INE915D08CZ3,,,25000.0,25018.9,INR,1.72,7.5913,,,{},2026-08-22 09:12:01.054763+00:00
fcddd16d-9623-4577-9086-91c34bb6e559,e52aceb7-9bc0-403c-a7ee-524034694c23,b4a53364-254e-45aa-8bcb-c7ac4f045511,REC Ltd.,INE020B08DH2,,,2500.0,24970.35,INR,1.71,6.0299,,,{},2026-08-22 09:12:01.054763+00:00
583afade-5062-4a95-ab19-49c344c0d0ea,e52aceb7-9bc0-403c-a7ee-524034694c23,c5b9b2e5-47ba-4ca9-8460-4d45986b4a2c,Axis Finance Ltd.,INE891K07762,,,2000.0,19974.18,INR,1.37,6.835,,,{},2026-08-22 09:12:01.054763+00:00
efeb0dfc-91a0-476f-a994-be5ec019cf9b,e52aceb7-9bc0-403c-a7ee-524034694c23,c2353379-40d7-49d4-b23f-96ac2e46e77e,Mankind Pharma Ltd.,INE634S07017,,,15500.0,15578.94,INR,1.07,7.125,,,{},2026-08-22 09:12:01.054763+00:00
07407537-792d-4d83-aa4a-6c1b45f6e2b2,e52aceb7-9bc0-403c-a7ee-524034694c23,dda94e8c-b921-416a-a462-c060cbeaca07,Tata Motors Ltd.,INE155A08407,,,1500.0,15141.36,INR,1.04,7.155,,,{},2026-08-22 09:12:01.054763+00:00
9e0c1383-fdb1-4435-bfd8-d3208123c73f,e52aceb7-9bc0-403c-a7ee-524034694c23,9f765877-4013-4fcb-a4fa-52b583299772,Muthoot Finance Ltd.,INE414G07JQ6,,,15000.0,15046.5,INR,1.03,7.895,,,{},2026-08-22 09:12:01.054763+00:00
f40d6dd7-df64-408b-bd77-b2c23c6ff594,e52aceb7-9bc0-403c-a7ee-524034694c23,91fcaea2-6d35-43ea-b53b-8bca610434d6,Power Finance Corporation Ltd.,INE134E08NT9,,,15000.0,14889.39,INR,1.02,6.7046,,,{},2026-08-22 09:12:01.054763+00:00
291d088b-83ef-4062-86da-2a66bd63341a,e52aceb7-9bc0-403c-a7ee-524034694c23,d6ba795c-df40-479a-a4e1-9e373974eede,Torrent Power Ltd.,INE813H07358,,,12500.0,12547.09,INR,0.86,6.79,,,{},2026-08-22 09:12:01.054763+00:00
a54565e7-f301-4fdb-b2c8-3ab68e302f9d,e52aceb7-9bc0-403c-a7ee-524034694c23,0d47a684-591c-47d2-98ff-fc7109ad7c54,Bajaj Finance Ltd.,INE296A07TC9,,,10000.0,10186.64,INR,0.7,7.05,,,{},2026-08-22 09:12:01.054763+00:00
89f989ce-02c1-4dc4-8f4c-3ee97eb2444f,e52aceb7-9bc0-403c-a7ee-524034694c23,f201e4da-6271-4c06-9a53-28fce1ebef99,Tata Projects Ltd.,INE725H08196,,,10000.0,10116.37,INR,0.69,7.4118,,,{},2026-08-22 09:12:01.054763+00:00
4d4d2558-eee8-486f-89be-02c0d199b46b,e52aceb7-9bc0-403c-a7ee-524034694c23,a4d4ea84-fa8d-4af9-9ed9-b03d235250b1,Mankind Pharma Ltd.,INE634S07025,,,10000.0,10075.41,INR,0.69,7.3389,,,{},2026-08-22 09:12:01.054763+00:00
f3ce1b10-25a5-4793-8df7-41230ae41882,e52aceb7-9bc0-403c-a7ee-524034694c23,20e0330b-5985-4a1f-8991-082c9d982e2c,Muthoot Finance Ltd.,INE414G07HW8,,,10000.0,10049.04,INR,0.69,7.25,,,{},2026-08-22 09:12:01.054763+00:00
8ed5279e-5052-454b-b52a-ce0cd0fbfa5f,e52aceb7-9bc0-403c-a7ee-524034694c23,86f28461-10a1-455e-81b1-7ea9bfbf1f3a,Mahindra Rural Housing Finance Ltd.,INE950O08287,,,10000.0,10026.9,INR,0.69,6.5,,,{},2026-08-22 09:12:01.054763+00:00
23651f5e-e917-46cc-8040-9bab14d0d0f4,e52aceb7-9bc0-403c-a7ee-524034694c23,bfe5c32e-769f-4937-ba52-92127d02a8a5,Torrent Power Ltd.,INE813H07192,,,1000.0,10023.37,INR,0.69,7.225,,,{},2026-08-22 09:12:01.054763+00:00
f96db07c-4d2e-4cae-be22-4e34894c30bd,e52aceb7-9bc0-403c-a7ee-524034694c23,e8873697-9a9b-41de-825d-730cc546a4f4,HDFC Bank Ltd.,INE040A08856,,,1000.0,9983.25,INR,0.69,6.5799,,,{},2026-08-22 09:12:01.054763+00:00
3d47b29a-1c00-4f6a-8dda-98399bb826e8,e52aceb7-9bc0-403c-a7ee-524034694c23,b2dc6171-4c4a-4efb-bb89-583647cdbeea,Power Finance Corporation Ltd.,INE134E08MS3,,,10000.0,9445.98,INR,0.65,6.5268,,,{},2026-08-22 09:12:01.054763+00:00
95dcc4d8-06bd-4b1c-be94-192d37d3c55a,e52aceb7-9bc0-403c-a7ee-524034694c23,9471ed6a-ef97-417b-9be8-88e90ca1a83a,Torrent Power Ltd.,INE813H07390,,,6500.0,6531.48,INR,0.45,6.7691,,,{},2026-08-22 09:12:01.054763+00:00
ef2b32ee-895a-4e40-b206-d809e9ee68b9,e52aceb7-9bc0-403c-a7ee-524034694c23,099bc318-2167-4676-bc4c-0bed9adccd44,Muthoot Finance Ltd.,INE414G07JB8,,,5000.0,5079.85,INR,0.35,7.8216,,,{},2026-08-22 09:12:01.054763+00:00
02a1ad72-3cbf-45fd-9063-956c665f919f,e52aceb7-9bc0-403c-a7ee-524034694c23,0f4180f7-46d1-413c-aa99-af6b82f59ccd,Small Industries Development Bank of India,INE556F08KH1,,,5000.0,5034.02,INR,0.35,6.6,,,{},2026-08-22 09:12:01.054763+00:00
1c79ad06-e771-4968-86c3-adeff25ae8ef,e52aceb7-9bc0-403c-a7ee-524034694c23,9c506fd3-ec0d-40f0-b044-6c594a78abc9,Axis Finance Ltd.,INE891K07861,,,5000.0,5030.44,INR,0.35,6.95,,,{},2026-08-22 09:12:01.054763+00:00
55ac8072-b6e2-4db3-828d-4b7af9004874,e52aceb7-9bc0-403c-a7ee-524034694c23,8b323aec-c5ae-49d5-8799-11202a375c0a,Small Industries Development Bank of India,INE556F08KC2,,,500.0,5020.18,INR,0.34,6.25,,,{},2026-08-22 09:12:01.054763+00:00
c10ab097-f319-4c5b-80f1-a291dc80f6ae,e52aceb7-9bc0-403c-a7ee-524034694c23,9fded38c-1191-4932-a817-a0f48982cd52,Torrent Power Ltd.,INE813H07382,,,3100.0,3143.02,INR,0.22,7.1936,,,{},2026-08-22 09:12:01.054763+00:00
3d554615-6263-4e22-a321-d09622070ff9,e52aceb7-9bc0-403c-a7ee-524034694c23,3e4ea338-43f0-41be-ae91-bc3bfd34b617,Radhakrishna Securitisation Trust  (Obligor - Digital Fibre Infrastructure Trust),INE2I7H15018,,,355.0,35757.48,INR,2.45,7.36215,,,{},2026-08-22 09:12:01.054763+00:00
193a521c-42df-4db1-aebe-086947fe75d8,e52aceb7-9bc0-403c-a7ee-524034694c23,cc0ad964-1801-4673-9067-36ecd29bcdae,India Universal Trust AL2 (Obligor - HDFC Bank Ltd.),INE1CBK15011,,,400.0,20189.0,INR,1.39,7.375,,,{},2026-08-22 09:12:01.054763+00:00
945ed71d-30b5-4dda-a679-649f24e1d86b,e52aceb7-9bc0-403c-a7ee-524034694c23,0af07d89-c78a-4fd1-8085-4714788139cc,India Universal Trust AL1 (Obligor - HDFC Bank Ltd.),INE16J715019,,,166.0,6703.93,INR,0.46,7.305,,,{},2026-08-22 09:12:01.054763+00:00
7d263900-eda8-4e2e-862d-68a558c2f5d5,e52aceb7-9bc0-403c-a7ee-524034694c23,61ae8e5b-c412-476e-8e83-437caa80a5ce,7.27% CGL 2026,IN0020190016,,,5500000.0,5546.17,INR,0.38,5.6826074,,,{},2026-08-22 09:12:01.054763+00:00
e08f2e23-ad4b-4b96-801f-5a51d98b8a83,e52aceb7-9bc0-403c-a7ee-524034694c23,e23824fc-0159-4001-8495-85513c7c2bfa,8.38% State Government of Karnataka 2026,IN1920150084,,,19500000.0,19661.15,INR,1.35,5.665,,,{},2026-08-22 09:12:01.054763+00:00
aacd1fb6-581d-4971-b8ca-1992e1b6a220,e52aceb7-9bc0-403c-a7ee-524034694c23,3932a05f-7606-4e7f-9e59-3c9746609b42,7.03% State Government of Chhattisgarh 2026,IN3520190015,,,15000000.0,15144.71,INR,1.04,6.0023036,,,{},2026-08-22 09:12:01.054763+00:00
358bc66e-da10-4582-9c29-91ca80644c34,e52aceb7-9bc0-403c-a7ee-524034694c23,87f4dbd2-a852-4abf-9393-c8f9221f7eec,6.04% State Government of Gujarat 2026,IN1520210130,,,11500000.0,11495.45,INR,0.79,6.1674126,,,{},2026-08-22 09:12:01.054763+00:00
dfa9b189-fa86-48fb-b264-020f58a54250,e52aceb7-9bc0-403c-a7ee-524034694c23,8896c35b-614e-4133-bbed-3ad372a1583a,7.96% State Government of Maharashtra 2026,IN2220160021,,,9000000.0,9137.74,INR,0.63,5.8944051,,,{},2026-08-22 09:12:01.054763+00:00
493c8ecd-afce-4265-9231-7c8764dbf3fe,e52aceb7-9bc0-403c-a7ee-524034694c23,905f91a2-49da-46b5-a770-4fb48a2aa0ae,7.99% State Government of Uttar Pradesh 2026,IN3320160176,,,3500000.0,3553.55,INR,0.24,5.925389,,,{},2026-08-22 09:12:01.054763+00:00
83091b7a-a608-4505-849f-26ec0ff7f12f,e52aceb7-9bc0-403c-a7ee-524034694c23,f9e792a7-6e8b-41d5-b1ee-a7b844df43d1,7.42% State Government of Andhra Pradesh 2026,IN1020160371,,,3500000.0,3548.25,INR,0.24,6.1957461,,,{},2026-08-22 09:12:01.054763+00:00
69af1a43-b4ce-431a-b468-cd303f475127,e52aceb7-9bc0-403c-a7ee-524034694c23,1f56f6e8-b718-461c-a5e3-8d2ab2168d1d,8.65% State Government of Rajasthan 2026,IN2920150256,,,2500000.0,2527.31,INR,0.17,5.74505,,,{},2026-08-22 09:12:01.054763+00:00
2774e605-cd33-4085-9108-136f2ec53ce8,e52aceb7-9bc0-403c-a7ee-524034694c23,5f6682e9-dfa3-486c-bf35-d3ce7631e68c,6.18% State Government of Gujarat 2026,IN1520210171,,,1500000.0,1502.13,INR,0.1,5.64,,,{},2026-08-22 09:12:01.054763+00:00
03aacc1b-12b5-499a-a8a8-f20c2d1fa3f2,e52aceb7-9bc0-403c-a7ee-524034694c23,f0fb48d6-3534-4b66-b819-c0fd4ec39457,JSW Energy Ltd.,INE121E14391,,,9000.0,43714.85,INR,3.0,6.665,,,{},2026-08-22 09:12:01.054763+00:00
84e21f83-4e9c-4d57-be62-8cef57477ddd,e52aceb7-9bc0-403c-a7ee-524034694c23,7649eb2e-9257-4392-9608-e53a96264c8e,ICICI Securities Primary Dealership Ltd.,INE849D14HW8,,,5000.0,24408.15,INR,1.68,6.705,,,{},2026-08-22 09:12:01.054763+00:00
17dfb25d-6039-4dd0-95f0-54672416aa61,e52aceb7-9bc0-403c-a7ee-524034694c23,64532e3b-ca34-4939-8f87-532ae2e0a700,JSW Energy Ltd.,INE121E14367,,,4000.0,19574.66,INR,1.34,6.665,,,{},2026-08-22 09:12:01.054763+00:00
106e7726-0076-4dd7-bcd4-cb5f9eafb906,e52aceb7-9bc0-403c-a7ee-524034694c23,d6cc279f-667e-4979-b712-5e468236dde2,Tata Projects Ltd.,INE725H14CP6,,,2000.0,9892.89,INR,0.68,6.08,,,{},2026-08-22 09:12:01.054763+00:00
c3a1a740-c9f6-4ecd-bfd2-76c9f09b5974,e52aceb7-9bc0-403c-a7ee-524034694c23,c1922328-5f63-4962-92dc-ea83997746e1,JM Financial Services Ltd.,INE012I14RX9,,,1500.0,7100.72,INR,0.49,7.745,,,{},2026-08-22 09:12:01.054763+00:00
8fc28201-608f-487b-8d5f-4210f6f609c6,e52aceb7-9bc0-403c-a7ee-524034694c23,4477476e-a1a9-443e-9d0e-a7cbdfa7a88b,Astec Lifesciences Ltd.,INE563J14CR3,,,500.0,2426.06,INR,0.17,6.8251,,,{},2026-08-22 09:12:01.054763+00:00
99e3285e-ff4b-4b8a-9a0d-42ed80908fd6,e52aceb7-9bc0-403c-a7ee-524034694c23,4b97f678-d9f5-4764-b2a1-32090435d828,Bank of Baroda,INE028A16JG9,,,10000.0,48443.85,INR,3.33,6.2699,,,{},2026-08-22 09:12:01.054763+00:00
3ae39404-c0ad-460c-bb54-059c101ab000,e52aceb7-9bc0-403c-a7ee-524034694c23,9debd8fd-5b5d-4c03-8de1-845db6330bdb,Punjab National Bank,INE160A16QT8,,,8000.0,39351.6,INR,2.7,6.0749,,,{},2026-08-22 09:12:01.054763+00:00
cc62045a-6aff-41c0-88ce-9db07ba05f8e,e52aceb7-9bc0-403c-a7ee-524034694c23,b7d7393e-8070-4901-8323-6ab1d7b934f2,Bank of Baroda,INE028A16HJ7,,,8000.0,39346.2,INR,2.7,6.0651,,,{},2026-08-22 09:12:01.054763+00:00
8c1e2d50-5f53-4d56-833a-3e51ee6db533,e52aceb7-9bc0-403c-a7ee-524034694c23,7799be9b-0857-4ca4-a643-e1344519c2cd,Bank of Baroda,INE028A16JI5,,,4000.0,19685.98,INR,1.35,6.0651,,,{},2026-08-22 09:12:01.054763+00:00
e459df94-6481-41e2-86ea-eebcdabbcbf3,e52aceb7-9bc0-403c-a7ee-524034694c23,27cd3f0c-7ef6-4bba-b391-544f19ce7359,Union Bank of India,INE692A16IJ8,,,4000.0,19672.84,INR,1.35,6.0099,,,{},2026-08-22 09:12:01.054763+00:00
bba736ae-9ad2-415a-9b8a-ca663c037177,e52aceb7-9bc0-403c-a7ee-524034694c23,dcd77e68-f6cd-4b53-b6db-38b5b9477374,Kotak Mahindra Bank Ltd.,INE237A168Z9,,,3000.0,14590.95,INR,1.0,6.0549,,,{},2026-08-22 09:12:01.054763+00:00
abc52fba-7ddf-4576-b3bc-8e1a6d684a91,e52aceb7-9bc0-403c-a7ee-524034694c23,4f30bded-3f81-4cad-a382-c9d5029ae909,Punjab National Bank,INE160A16RP4,,,2500.0,12146.23,INR,0.83,6.075,,,{},2026-08-22 09:12:01.054763+00:00
7e7f8db6-3665-4681-a5e0-ff9c971a87f7,e52aceb7-9bc0-403c-a7ee-524034694c23,6560c260-58e3-423b-9474-22b0e97dc0a0,Canara Bank,INE476A16ZW3,,,2000.0,9867.48,INR,0.68,5.6999,,,{},2026-08-22 09:12:01.054763+00:00
f089b453-190d-4c03-8e94-3371f498321a,e52aceb7-9bc0-403c-a7ee-524034694c23,66885676-894f-4d73-87d9-5d9e0062378e,Union Bank of India,INE692A16IN0,,,2000.0,9806.24,INR,0.67,6.01,,,{},2026-08-22 09:12:01.054763+00:00
63ae8652-97a9-4a25-8179-5d1423463bc8,e52aceb7-9bc0-403c-a7ee-524034694c23,61a49d4d-c2ca-4945-855c-a766c4a4279f,Indian Bank,INE562A16NX4,,,2000.0,9804.26,INR,0.67,6.0224,,,{},2026-08-22 09:12:01.054763+00:00
d6a6b378-a3df-4794-afd7-bc5b96a40e5d,e52aceb7-9bc0-403c-a7ee-524034694c23,9ef971ce-5c62-4275-80f0-5ed291984dcb,Canara Bank,INE476A16A16,,,2000.0,9802.59,INR,0.67,6.075,,,{},2026-08-22 09:12:01.054763+00:00
5f2a3084-09fa-45f4-a908-17d0bcfdfd50,e52aceb7-9bc0-403c-a7ee-524034694c23,f0c75a3a-000c-4c7d-af34-99549da69087,Small Industries Development Bank of India,INE556F16BA8,,,2000.0,9790.73,INR,0.67,6.095,,,{},2026-08-22 09:12:01.054763+00:00
536e2229-2146-4cb1-a208-a5db6ef3f1b8,e52aceb7-9bc0-403c-a7ee-524034694c23,c21fb21f-cab8-48f8-99b9-af876019cf89,National Bank for Agriculture and Rural Development,INE261F16892,,,1500.0,7362.97,INR,0.51,6.12,,,{},2026-08-22 09:12:01.054763+00:00
bb26c057-684f-479f-8ffa-1db9ff61be42,e52aceb7-9bc0-403c-a7ee-524034694c23,d9a7c618-10c7-44a6-9367-51bafb24b20c,Axis Bank Ltd.,INE238AD6AF6,,,1000.0,4919.69,INR,0.34,6.0799,,,{},2026-08-22 09:12:01.054763+00:00
d1acca34-6574-4416-a86d-172f077ffc3e,e52aceb7-9bc0-403c-a7ee-524034694c23,be060619-83ed-4f7e-891e-6c7d545363f2,Indian Bank,INE562A16NW6,,,1000.0,4910.87,INR,0.34,6.0225,,,{},2026-08-22 09:12:01.054763+00:00
db3fccb3-df3c-4453-8f13-af9be9562f76,e52aceb7-9bc0-403c-a7ee-524034694c23,e9d38e7e-c01c-44f1-8394-cfb8b6c15090,Canara Bank,INE476A16A57,,,1000.0,4884.56,INR,0.34,6.075,,,{},2026-08-22 09:12:01.054763+00:00
218741c0-bc72-4e06-9684-6df04aa0a5ba,e52aceb7-9bc0-403c-a7ee-524034694c23,87a2bfe5-86f2-4980-b10c-f65177b13410,Canara Bank,INE476A16A73,,,1000.0,4875.05,INR,0.33,6.075,,,{},2026-08-22 09:12:01.054763+00:00
1d03d91a-2068-4fb7-b470-9d885a76a72d,e52aceb7-9bc0-403c-a7ee-524034694c23,845595af-57cc-408a-8244-8ca014b0cb6d,Axis Bank Ltd.,INE238AD6AM2,,,500.0,2448.61,INR,0.17,6.08,,,{},2026-08-22 09:12:01.054763+00:00
3e6eabe4-aabc-4007-b01e-b6cbcf29bbfe,e52aceb7-9bc0-403c-a7ee-524034694c23,32cb7193-6ac6-435b-9d22-97debf8cf32f,364 DAY T-BILL 21.11.25,IN002024Z321,,,10000000.0,9924.19,INR,0.68,5.4671,,,{},2026-08-22 09:12:01.054763+00:00
c0124e9b-b3d8-4c11-8b99-400cfee7f610,e52aceb7-9bc0-403c-a7ee-524034694c23,8ebc8cbb-7972-4406-b76e-13f4bc1f95c7,GOI 16.12.2026 GOV,IN001226C074,,,4500000.0,4199.72,INR,0.29,5.8821954,,,{},2026-08-22 09:12:01.054763+00:00
864f3f29-3ff0-4f85-adca-7c5ab7727f93,e52aceb7-9bc0-403c-a7ee-524034694c23,8ae3ded3-6d3d-4fdb-a4ae-ea253e4f4641,7.34% CGL 2064,IN0020240035,,,11500000.0,11588.14,INR,1.02,7.4123962,,,{},2026-08-22 09:12:01.054763+00:00
8372c4de-3e96-4521-886e-b802f6db3b9a,e52aceb7-9bc0-403c-a7ee-524034694c23,f4c1b476-4410-4a3f-bc28-73b28887c727,7.73% State Government of Punjab 2032,IN2820250107,,,27500000.0,28367.3,INR,2.51,7.2708587,,,{},2026-08-22 09:12:01.054763+00:00
21feeb91-d6fa-44bc-abbe-0712c8513ef9,e52aceb7-9bc0-403c-a7ee-524034694c23,acbe799a-5f2b-49e0-a9ca-beee83a6c7d9,6.77% State Government of Maharashtra 2038,IN2220250061,,,20000000.0,19130.68,INR,1.69,7.4364091,,,{},2026-08-22 09:12:01.054763+00:00
ebb666cd-2c9e-449b-b7f2-37b533c707f9,e52aceb7-9bc0-403c-a7ee-524034694c23,3a4a0744-9446-488d-abe1-7b799766586d,7.12% State Government of Maharashtra 2038,IN2220240427,,,11871600.0,11690.46,INR,1.03,7.4415591,,,{},2026-08-22 09:12:01.054763+00:00
fbb0e3c7-8ad6-45e2-841c-48dc36ed9506,e52aceb7-9bc0-403c-a7ee-524034694c23,10d273ff-acac-4c0d-88c5-27460319685c,7.46% State Government of Maharashtra 2035,IN2220230238,,,11500000.0,11654.56,INR,1.03,7.3901264,,,{},2026-08-22 09:12:01.054763+00:00
882be78d-9ea8-44f6-91e9-19a6a34bea56,e52aceb7-9bc0-403c-a7ee-524034694c23,0acfed7d-6346-4324-9d00-ae95dfa9fae4,7.16% State Government of Madhya Pradesh 2037,IN2120240154,,,7500000.0,7411.63,INR,0.66,7.4464805,,,{},2026-08-22 09:12:01.054763+00:00
0a37a124-7f69-4fa5-8b85-9cb9053eb69e,e52aceb7-9bc0-403c-a7ee-524034694c23,0abde7ee-f160-45eb-a182-bae625ff55f9,6.72% State Government of Maharashtra 2038,IN2220250020,,,5738700.0,5466.27,INR,0.48,7.4364091,,,{},2026-08-22 09:12:01.054763+00:00
467b6395-a8f0-4e0e-b285-77fa21b8d840,e52aceb7-9bc0-403c-a7ee-524034694c23,75aad288-d68d-45f8-8e86-099734867ee3,Trent Ltd.,INE849A08082,,,5000.0,49643.05,INR,2.96,6.7799,,,{},2026-08-22 09:12:01.054763+00:00
a0b9f263-28e6-4008-a867-e769bcbb32aa,e52aceb7-9bc0-403c-a7ee-524034694c23,cf7d817e-ec13-462a-821b-4f50e0d03c6b,IndiGrid Infrastructure Trust,INE219X07025,,,3850.0,38694.19,INR,2.31,6.66,,,{},2026-08-22 09:12:01.054763+00:00
6e7d6da9-616d-431b-8808-a8b8b6277084,e52aceb7-9bc0-403c-a7ee-524034694c23,fedabffd-70bd-4895-a189-1d1150046f65,Tata Motors Ltd.,INE155A08415,,,2500.0,25242.28,INR,1.51,7.17,,,{},2026-08-22 09:12:01.054763+00:00
38ffbc5c-ab34-45a1-ba90-74c4732f13a9,e52aceb7-9bc0-403c-a7ee-524034694c23,757d2f08-deb6-4c54-b5db-58c3439f4bf1,Bajaj Finance Ltd.,INE296A07TJ4,,,25000.0,25100.23,INR,1.5,7.16,,,{},2026-08-22 09:12:01.054763+00:00
73898bd4-c1e3-45aa-be4d-1b5c39a0a5c7,e52aceb7-9bc0-403c-a7ee-524034694c23,7572d448-7c00-468c-baf4-1bfc79fdf2b3,REC Ltd.,INE020B08FR6,,,20000.0,20311.94,INR,1.21,6.6957,,,{},2026-08-22 09:12:01.054763+00:00
3e609d86-2c0a-40a3-ae4b-c806e4d19f50,e52aceb7-9bc0-403c-a7ee-524034694c23,eb1be226-ebf8-4aa4-bd1f-98a0766f0576,Bajaj Housing Finance Ltd.,INE377Y07375,,,1950.0,19609.41,INR,1.17,6.3787,,,{},2026-08-22 09:12:01.054763+00:00
6f2c90eb-7e78-4c46-8664-85e0118a492a,e52aceb7-9bc0-403c-a7ee-524034694c23,45de1256-cbdb-4687-a2e2-a0ecb828df61,Small Industries Development Bank of India,INE556F08KZ3,,,17500.0,17429.28,INR,1.04,6.8107,,,{},2026-08-22 09:12:01.054763+00:00
b5010e79-b8ac-445b-824d-b0d0022fe35d,e52aceb7-9bc0-403c-a7ee-524034694c23,3121ca76-7d39-4ed8-9625-97674a20eb63,Tata Projects Ltd.,INE725H08188,,,15500.0,15714.19,INR,0.94,7.4118,,,{},2026-08-22 09:12:01.054763+00:00
df5dca52-a46f-42fe-b0fa-0c3387796338,e52aceb7-9bc0-403c-a7ee-524034694c23,ebce5d28-dd4f-4629-9c4a-8bbf7929f887,Aditya Birla Housing Finance Ltd.,INE831R07540,,,15000.0,15211.35,INR,0.91,7.2427,,,{},2026-08-22 09:12:01.054763+00:00
facf9a34-9d78-4bba-a239-77f2feb1a91a,e52aceb7-9bc0-403c-a7ee-524034694c23,068707e5-fcc8-42e0-b782-c94b341aadf6,REC Ltd.,INE020B08FH7,,,15000.0,15145.95,INR,0.9,6.5713,,,{},2026-08-22 09:12:01.054763+00:00
8a172cc2-008f-4c01-b82a-55117dc804ee,e52aceb7-9bc0-403c-a7ee-524034694c23,baa7151c-a810-4fbe-9ea3-fc4eae01e25b,Sundaram Finance Ltd.,INE660A07RS6,,,15000.0,15101.22,INR,0.9,6.7649,,,{},2026-08-22 09:12:01.054763+00:00
23867331-9402-424b-9c52-cfffacdc570c,e52aceb7-9bc0-403c-a7ee-524034694c23,e547e6f5-2a38-40b5-be69-458f0d91b864,TATA Capital Ltd.,INE306N07MX0,,,1250.0,12649.54,INR,0.75,7.14,,,{},2026-08-22 09:12:01.054763+00:00
6cdfe9bc-7c00-4755-8b05-154275f030cc,e52aceb7-9bc0-403c-a7ee-524034694c23,69328e67-1ffd-4f4b-b77b-8466e3a52e45,Mahindra Rural Housing Finance Ltd.,INE950O07420,,,12000.0,12044.09,INR,0.72,6.7,,,{},2026-08-22 09:12:01.054763+00:00
12e91507-be8c-4bb8-98e2-0f409b7283b1,e52aceb7-9bc0-403c-a7ee-524034694c23,0fa7816d-42dc-4763-b58f-f400643a0470,REC Ltd.,INE020B08FF1,,,10000.0,10162.44,INR,0.61,6.6185,,,{},2026-08-22 09:12:01.054763+00:00
769acee9-fa03-4bc9-9282-0d5733bf8a65,e52aceb7-9bc0-403c-a7ee-524034694c23,68ed18ef-500b-4c2a-b89a-083a117a9d4b,Tata Chemicals Ltd.,INE092A08071,,,10000.0,10075.15,INR,0.6,7.3522,,,{},2026-08-22 09:12:01.054763+00:00
ee63628a-a6c6-4496-b84b-9fc3d7a96318,e52aceb7-9bc0-403c-a7ee-524034694c23,5f86a85b-7b9a-40db-a97d-a63229384c43,LIC Housing Finance Ltd.,INE115A07QG8,,,1000.0,10072.14,INR,0.6,6.3249,,,{},2026-08-22 09:12:01.054763+00:00
375d8b33-55f6-4458-b6e4-a477c4ab4dfa,e52aceb7-9bc0-403c-a7ee-524034694c23,a3fbfc8d-82e8-488d-9ad6-39c305011370,Interise Trust,INE790Z07053,,,10000.0,9378.75,INR,0.56,6.975,,,{},2026-08-22 09:12:01.054763+00:00
b8b43d5c-956a-4f7d-8ede-88fe9f390bc9,e52aceb7-9bc0-403c-a7ee-524034694c23,77dbed46-60cd-4edb-a8ec-8fcb07fae864,Export-Import Bank of India,INE514E08GE8,,,7500.0,7633.21,INR,0.46,6.6379,,,{},2026-08-22 09:12:01.054763+00:00
dfe25d05-a221-4ee7-b2ca-43e68e09afd7,e52aceb7-9bc0-403c-a7ee-524034694c23,80daec35-44a0-484b-8d81-a6e023a8186a,Mahindra & Mahindra Financial Services Ltd.,INE774D07UT1,,,7500.0,7541.87,INR,0.45,6.7701,,,{},2026-08-22 09:12:01.054763+00:00
e90b046d-e7c5-44bc-9f47-e791f33c2b1a,e52aceb7-9bc0-403c-a7ee-524034694c23,7546fc6d-14f5-41d6-8c99-48108acac77e,Bharti Telecom Ltd.,INE403D08165,,,750.0,7520.99,INR,0.45,6.7,,,{},2026-08-22 09:12:01.054763+00:00
50059226-4c6e-4c70-8b7c-b0da2323fb52,e52aceb7-9bc0-403c-a7ee-524034694c23,72a2884a-6b05-47dc-a835-5fb014c8aacf,REC Ltd.,INE020B08AZ0,,,700.0,7233.72,INR,0.43,6.6994,,,{},2026-08-22 09:12:01.054763+00:00
7529c109-1e96-487b-90d8-8d61e882d3c8,e52aceb7-9bc0-403c-a7ee-524034694c23,5a0aea13-e635-4bf4-916b-45bf1a0f0298,Summit Digitel Infrastructure Pvt. Ltd.,INE507T07062,,,600.0,5997.56,INR,0.36,6.8123,,,{},2026-08-22 09:12:01.054763+00:00
362af4cd-10c8-4034-99e3-cf5016111639,e52aceb7-9bc0-403c-a7ee-524034694c23,385cfb45-f4a3-4d35-9ba0-52615b63954e,Bharti Telecom Ltd.,INE403D08207,,,5500.0,5590.47,INR,0.33,7.395,,,{},2026-08-22 09:12:01.054763+00:00
8c543453-6723-4450-bbfd-536ff2ef3c25,e52aceb7-9bc0-403c-a7ee-524034694c23,381ec209-484f-421e-809c-19d4115b4867,Mankind Pharma Ltd.,INE634S07033,,,5000.0,5063.41,INR,0.3,7.45,,,{},2026-08-22 09:12:01.054763+00:00
7893c8e6-7918-498b-b5a1-e836599e0d07,e52aceb7-9bc0-403c-a7ee-524034694c23,54e244ed-694b-48ce-ba73-6e3800505b94,National Housing Bank,INE557F08FP2,,,5000.0,5026.16,INR,0.3,6.43,,,{},2026-08-22 09:12:01.054763+00:00
0794645d-cec6-49d8-9216-7535e61f0ba6,e52aceb7-9bc0-403c-a7ee-524034694c23,aa0c66ba-5d7d-4db8-a390-1ac7c8e71b03,REC Ltd.,INE020B08FX4,,,5000.0,4985.57,INR,0.3,6.5713,,,{},2026-08-22 09:12:01.054763+00:00
77b54697-1a4e-4a1d-b808-78552e8900ea,e52aceb7-9bc0-403c-a7ee-524034694c23,8e67d8a0-a9bc-4a8f-8836-9fa20757a98d,LIC Housing Finance Ltd.,INE115A07PN6,,,500.0,4979.03,INR,0.3,6.76,,,{},2026-08-22 09:12:01.054763+00:00
942089e6-df66-4b79-8960-1ca9c79aacc3,e52aceb7-9bc0-403c-a7ee-524034694c23,82b3305f-d47c-46d6-be92-387b715ddc3e,National Bank for Agriculture and Rural Development,INE261F08CM5,,,500.0,4934.25,INR,0.29,6.74,,,{},2026-08-22 09:12:01.054763+00:00
6dc952c3-221d-46b3-93f5-5d6ec7aefcfa,e52aceb7-9bc0-403c-a7ee-524034694c23,c4dfb7f1-64e8-402f-b954-97ab091b6840,Cholamandalam Investment & Finance Co. Ltd.,INE121A07RF6,,,450000.0,4545.83,INR,0.27,7.1249,,,{},2026-08-22 09:12:01.054763+00:00
2e84a639-58a6-4cad-ac72-641b8ee416a6,e52aceb7-9bc0-403c-a7ee-524034694c23,315c6b3d-0dad-4fe5-b55e-ef24d1264b0c,REC Ltd.,INE020B08AX5,,,350.0,3618.44,INR,0.22,6.6901,,,{},2026-08-22 09:12:01.054763+00:00
49536427-52ea-44a8-912b-cf8715ae744c,e52aceb7-9bc0-403c-a7ee-524034694c23,8921780c-c3c4-4daa-a144-8b22a0e60e39,Kotak Mahindra Prime Ltd.,INE916DA7SF5,,,2500.0,2523.47,INR,0.15,6.74,,,{},2026-08-22 09:12:01.054763+00:00
9e54ea33-01c5-4acb-a969-64bfafaa064f,e52aceb7-9bc0-403c-a7ee-524034694c23,5de8ab2b-57f2-44d3-a2ae-df470f64954d,Small Industries Development Bank of India,INE556F08KF5,,,250.0,2509.29,INR,0.15,6.135,,,{},2026-08-22 09:12:01.054763+00:00
f495cce1-fc9a-4d70-b512-20b34aa82279,e52aceb7-9bc0-403c-a7ee-524034694c23,f74a258c-4864-42e9-b20f-304764992c75,REC Ltd.,INE020B08FC8,,,1000.0,1009.55,INR,0.06,6.5513,,,{},2026-08-22 09:12:01.054763+00:00
c2cdd420-dd60-471f-9491-f1f5f69c8c21,e52aceb7-9bc0-403c-a7ee-524034694c23,3e4ea338-43f0-41be-ae91-bc3bfd34b617,Radhakrishna Securitisation Trust (Obligor - Digital Fibre Infrastructure Trust),INE2I7H15018,,,525.0,52880.78,INR,3.15,7.36215,,,{},2026-08-22 09:12:01.054763+00:00
53b360ab-3bf0-49b9-bfdc-b4193c66cf23,e52aceb7-9bc0-403c-a7ee-524034694c23,a050c57f-0da3-42f1-a79d-8654fc5cad29,India Universal Trust AL1 (Obligor - HDFC Bank Ltd.),INE16J715027,,,99.0,8537.9,INR,0.51,7.53,,,{},2026-08-22 09:12:01.054763+00:00
ba185114-f720-4a12-aec8-ac465e42e6de,e52aceb7-9bc0-403c-a7ee-524034694c23,263af2d8-e92f-4cd7-be74-5a801bbad1f1,8.72% State Government of Tamil Nadu 2026,IN3120180127,,,16000000.0,16422.67,INR,0.98,5.950982,,,{},2026-08-22 09:12:01.054763+00:00
3efc14e8-f6dd-49f0-98f4-0d23386185d7,e52aceb7-9bc0-403c-a7ee-524034694c23,a9962a18-a86e-4dd0-a1e2-9e3c1e1fff65,8.01% State Government of Andhra Pradesh 2026,IN1020160017,,,7500000.0,7601.3,INR,0.45,5.9282667,,,{},2026-08-22 09:12:01.054763+00:00
272dca03-b247-4ec5-b8f5-5bdec3910170,e52aceb7-9bc0-403c-a7ee-524034694c23,a3f09d8d-23a7-44ce-8b90-85767c68816e,7.19% State Government of Uttar Pradesh 2026,IN3320160234,,,7200000.0,7289.21,INR,0.43,5.9712513,,,{},2026-08-22 09:12:01.054763+00:00
421e761b-a40e-4248-aee3-0349addd07f1,e52aceb7-9bc0-403c-a7ee-524034694c23,f93a2692-a776-4689-9f9c-276c9042d4cc,7.18% State Government of Haryana 2026,IN1620160193,,,3500000.0,3543.87,INR,0.21,5.9456653,,,{},2026-08-22 09:12:01.054763+00:00
2a6365c6-3803-409b-8275-44ee63e54190,e52aceb7-9bc0-403c-a7ee-524034694c23,e8254b54-e40b-462e-9c7a-fe64575cdb03,JM Financial Services Ltd.,INE012I14RG4,,,5000.0,24367.85,INR,1.45,7.5149,,,{},2026-08-22 09:12:01.054763+00:00
eb67d474-c7e6-49f1-9737-0e2ca2a072b3,e52aceb7-9bc0-403c-a7ee-524034694c23,583bf1f2-29be-4cb8-9364-2cf9a4ddbdbe,HDB Financial Services Ltd.,INE756I14EZ4,,,3300.0,16013.15,INR,0.96,6.685,,,{},2026-08-22 09:12:01.054763+00:00
4a1b44e5-f69c-445a-92e2-c2f102da78d1,e52aceb7-9bc0-403c-a7ee-524034694c23,38055fc0-2991-4a5c-ac97-271eb8fff4e4,Toyota Financial Services India Ltd.,INE692Q14BT3,,,3000.0,14278.62,INR,0.85,6.985,,,{},2026-08-22 09:12:01.054763+00:00
4b754520-ada5-4dd3-8736-0f44fc9fd34c,e52aceb7-9bc0-403c-a7ee-524034694c23,e68648e2-af82-4f20-9b45-f5ffa5a007ce,L&T Finance Ltd.,INE498L14DY2,,,2000.0,9588.9,INR,0.57,6.745,,,{},2026-08-22 09:12:01.054763+00:00
7151f328-ebbb-43cf-93a3-7722ee5b2972,e52aceb7-9bc0-403c-a7ee-524034694c23,e21d635d-face-4c6b-b0ce-15004515f271,Kotak Mahindra Investments Ltd.,INE975F14B26,,,2000.0,9549.38,INR,0.57,6.8349,,,{},2026-08-22 09:12:01.054763+00:00
e3470d11-a037-43b4-9a84-bfd0c8f1c808,e52aceb7-9bc0-403c-a7ee-524034694c23,ab81fcb8-962d-4f75-b628-f24c12db4f98,Interise Trust,INE790Z14026,,,1700.0,8294.45,INR,0.49,6.415,,,{},2026-08-22 09:12:01.054763+00:00
0c5e5d1a-31e6-428e-acf7-efc71ac248ed,e52aceb7-9bc0-403c-a7ee-524034694c23,5badc227-f707-4fff-b395-628d6f51df3f,HDFC Bank Ltd.,INE040A16HN4,,,6000.0,28288.74,INR,1.69,6.3999,,,{},2026-08-22 09:12:01.054763+00:00
ea9b6bbe-de72-419d-a950-8233a6eac1d0,e52aceb7-9bc0-403c-a7ee-524034694c23,c23e291b-f306-4609-bf66-2a8381e886f2,Kotak Mahindra Bank Ltd.,INE237A162Z2,,,4000.0,19654.96,INR,1.17,6.045,,,{},2026-08-22 09:12:01.054763+00:00
834c713f-608e-44b8-81cd-48cc4d9cc100,e52aceb7-9bc0-403c-a7ee-524034694c23,a7ef7161-76ed-4347-ac36-95b452d6f740,Axis Bank Ltd.,INE238AD6AN0,,,3000.0,14624.84,INR,0.87,6.08,,,{},2026-08-22 09:12:01.054763+00:00
7156c50b-d99d-4571-ab62-7398081a192a,e52aceb7-9bc0-403c-a7ee-524034694c23,73f1f8e3-ac04-4724-9786-0b973c5b6c54,Kotak Mahindra Bank Ltd.,INE237A167Z1,,,3000.0,14605.08,INR,0.87,6.0549,,,{},2026-08-22 09:12:01.054763+00:00
87f5cd98-0b18-4928-8438-e065de1288fb,e52aceb7-9bc0-403c-a7ee-524034694c23,d2f7fe05-b7cf-4cb6-85ed-9288d44d3de2,HDFC Bank Ltd.,INE040A16HC7,,,3000.0,14540.36,INR,0.87,6.3051,,,{},2026-08-22 09:12:01.054763+00:00
26878d1a-3964-4183-be3f-b1b68a8e9894,e52aceb7-9bc0-403c-a7ee-524034694c23,cbccf8da-75db-4cb5-967d-4b5a77238d11,Small Industries Development Bank of India,INE556F16AY0,,,2000.0,9829.82,INR,0.59,6.0761,,,{},2026-08-22 09:12:01.054763+00:00
acd9969b-3ec4-44fc-8d31-41cd90b47820,e52aceb7-9bc0-403c-a7ee-524034694c23,9e579f06-8621-4e96-a6d5-617840aa6b27,Axis Bank Ltd.,INE238AD6BD9,,,1000.0,4739.47,INR,0.28,6.3901,,,{},2026-08-22 09:12:01.054763+00:00
33e33918-e525-4511-a4fa-8fd0e2ddf662,e52aceb7-9bc0-403c-a7ee-524034694c23,edba26d5-6152-4239-9b32-28204beb092e,National Bank for Agriculture and Rural Development,INE261F16942,,,500.0,2447.48,INR,0.15,6.1199,,,{},2026-08-22 09:12:01.054763+00:00
afcc99db-f9e9-4072-9258-936f68641626,e52aceb7-9bc0-403c-a7ee-524034694c23,d9570c06-ba60-4278-b58b-50160c84dca1,HDFC Bank Ltd.,INE040A16GN6,,,500.0,2434.31,INR,0.15,6.08,,,{},2026-08-22 09:12:01.054763+00:00
ec36054e-8824-469f-92c3-ece9c196fde5,e52aceb7-9bc0-403c-a7ee-524034694c23,a2926152-cbc5-4a02-9cef-a0159dafb3b4,GOI 12.10.2025 GOV,IN001025C039,,,256700.0,256.27,INR,0.02,5.61165,,,{},2026-08-22 09:12:01.054763+00:00
3189f86d-f031-40d3-baad-e4efc4c22102,e52aceb7-9bc0-403c-a7ee-524034694c23,55a24313-4040-41ff-a0c2-d917150673b3,Small Industries Development Bank of India,INE556F08KY6,,,35000.0,35500.19,INR,2.18,6.99,,,{},2026-08-22 09:12:01.054763+00:00
24004f75-9386-484f-a106-33b6516f9838,e52aceb7-9bc0-403c-a7ee-524034694c23,e949ad42-0f79-44ba-aecb-359b513dbd7b,Hindustan Petroleum Corporation Ltd.,INE094A08176,,,32500.0,32453.1,INR,1.99,6.7537,,,{},2026-08-22 09:12:01.054763+00:00
d98c4d13-4297-40e0-ad82-71541b268165,e52aceb7-9bc0-403c-a7ee-524034694c23,27d99e7c-d3b9-4a34-934e-07ffd01b414e,Mindspace Business Parks Reit,INE0CCU07090,,,30000.0,30393.78,INR,1.87,7.055,,,{},2026-08-22 09:12:01.054763+00:00
22f88158-9ac8-45a7-8341-f9b9fa8d062f,e52aceb7-9bc0-403c-a7ee-524034694c23,f93e77d4-c525-4245-94a5-9520289959df,Toyota Financial Services India Ltd.,INE692Q07563,,,30000.0,30195.78,INR,1.86,7.3952,,,{},2026-08-22 09:12:01.054763+00:00
e3c8c4c9-2f94-4483-b78d-7b025b59f338,e52aceb7-9bc0-403c-a7ee-524034694c23,0e0b2ce9-89a6-4b3e-a4a5-6d4f9d2c5229,SMFG India Credit Company Ltd.,INE535H07CK4,,,28000.0,28250.1,INR,1.74,7.067,,,{},2026-08-22 09:12:01.054763+00:00
67438c4f-9ba8-40f8-a50e-d42d94e6dbc6,e52aceb7-9bc0-403c-a7ee-524034694c23,18d181a0-9561-4d8c-8e08-27b332920d44,Jamnagar Utilities & Power Pvt. Ltd.,INE936D07182,,,27500.0,28056.55,INR,1.72,7.08,,,{},2026-08-22 09:12:01.054763+00:00
6eb7084c-b445-42ec-91f3-bda7c1b8d1ca,e52aceb7-9bc0-403c-a7ee-524034694c23,db507860-79f5-4ad8-bff0-2a34dedd89f3,Toyota Financial Services India Ltd.,INE692Q07522,,,25500.0,25943.8,INR,1.59,7.2153,,,{},2026-08-22 09:12:01.054763+00:00
4635e118-5c99-46c1-a135-4b8fd5b0d0c9,e52aceb7-9bc0-403c-a7ee-524034694c23,68a9c47b-a058-490b-8b5e-258a1e7a7cdb,Mahindra Rural Housing Finance Ltd.,INE950O07495,,,25000.0,25356.85,INR,1.56,7.3349,,,{},2026-08-22 09:12:01.054763+00:00
7d3ddfa3-2e33-4def-8dda-8e5bcaaadba4,e52aceb7-9bc0-403c-a7ee-524034694c23,c7229e65-51c3-4546-965b-7a1bb065f7c6,Bharti Telecom Ltd.,INE403D08231,,,23000.0,23523.66,INR,1.45,7.4228,,,{},2026-08-22 09:12:01.054763+00:00
f181d92c-16d2-4eeb-9965-af62a402e067,e52aceb7-9bc0-403c-a7ee-524034694c23,3e1da83a-31f1-4305-98d1-440fffc23ef3,Small Industries Development Bank of India,INE556F08KS8,,,22500.0,22818.29,INR,1.4,6.875,,,{},2026-08-22 09:12:01.054763+00:00
f9c1d78d-b45a-43ff-98d3-72d451986208,e52aceb7-9bc0-403c-a7ee-524034694c23,c51c3e6e-2595-4370-b889-297e4570926a,Muthoot Finance Ltd.,INE414G07JO1,,,20000.0,20257.64,INR,1.24,7.93,,,{},2026-08-22 09:12:01.054763+00:00
f5787c52-505c-4b2e-9007-83f554ec1d67,e52aceb7-9bc0-403c-a7ee-524034694c23,a9b2dcff-90e2-427d-9cda-eb801188554b,Tata Projects Ltd.,INE725H08212,,,20000.0,20257.54,INR,1.24,7.4268,,,{},2026-08-22 09:12:01.054763+00:00
61b3350e-0e44-4647-bf65-4db9442f5527,e52aceb7-9bc0-403c-a7ee-524034694c23,3235f486-b485-40a2-87d9-1f344d55e237,Mindspace Business Parks Reit,INE0CCU07132,,,20000.0,20223.3,INR,1.24,7.2161,,,{},2026-08-22 09:12:01.054763+00:00
610d3478-2e81-4a86-97d1-6e73b8071c8f,e52aceb7-9bc0-403c-a7ee-524034694c23,6d4ec14d-75e9-4e40-997e-87146204d202,Aadhar Housing Finance Ltd.,INE883F07405,,,20000.0,20088.66,INR,1.23,7.5951,,,{},2026-08-22 09:12:01.054763+00:00
3fae3945-25e8-4947-be2a-e8c8781222d8,e52aceb7-9bc0-403c-a7ee-524034694c23,99430e9b-32ba-4d55-8951-b95bde56e272,HDB Financial Services Ltd.,INE756I07FG5,,,20000.0,20071.3,INR,1.23,7.23,,,{},2026-08-22 09:12:01.054763+00:00
d6c77915-5f74-4ce8-a461-cb2a5869bdd9,e52aceb7-9bc0-403c-a7ee-524034694c23,defb92cd-ab28-4ff9-995b-786a3ae95e5b,Cube Highways Trust,INE0NR607058,,,20040.0,20040.42,INR,1.23,7.45,,,{},2026-08-22 09:12:01.054763+00:00
67421687-130e-456b-9b82-aeb5d0a1beb9,e52aceb7-9bc0-403c-a7ee-524034694c23,399b56b4-f5a3-47b5-ab18-dfa5df422175,Power Finance Corporation Ltd.,INE134E08JX9,,,1739.0,18447.89,INR,1.13,7.04,,,{},2026-08-22 09:12:01.054763+00:00
517fd03c-ad0d-4ffc-aadb-0e8ab1b0e822,e52aceb7-9bc0-403c-a7ee-524034694c23,2d8a7716-5071-4dc8-9e05-14c2bf13bccf,National Housing Bank,INE557F08GC8,,,15000.0,15156.68,INR,0.93,7.06,,,{},2026-08-22 09:12:01.054763+00:00
99aa4c39-43b7-4459-8f0b-6e040d186fc9,e52aceb7-9bc0-403c-a7ee-524034694c23,3af3614f-9b2d-4b13-b1b1-8212bbc00a42,IndiGrid Infrastructure Trust,INE219X07538,,,15000.0,15013.58,INR,0.92,7.1675,,,{},2026-08-22 09:12:01.054763+00:00
5ba51528-82b6-4903-bdbf-15322207d525,e52aceb7-9bc0-403c-a7ee-524034694c23,3cddd2b1-453d-4d36-a96d-623d7caf3a17,Sustainable Energy Infra Trust,INE0R8O07036,,,15000.0,14819.4,INR,0.91,7.66255,,,{},2026-08-22 09:12:01.054763+00:00
30e9a178-ab13-40d8-b9ad-a75f6d1b0035,e52aceb7-9bc0-403c-a7ee-524034694c23,c8ffd5c8-44cd-4523-9c72-0e5c3a08d707,Mahindra Rural Housing Finance Ltd.,INE950O08303,,,12500.0,12720.98,INR,0.78,7.07,,,{},2026-08-22 09:12:01.054763+00:00
fe8c4e0b-5a6d-4e38-ab8d-7fc9c31a7eb9,e52aceb7-9bc0-403c-a7ee-524034694c23,80126e0b-9ccd-4878-af52-f227b072253d,Aditya Birla Housing Finance Ltd.,INE831R07573,,,12500.0,12695.41,INR,0.78,7.2449,,,{},2026-08-22 09:12:01.054763+00:00
b6b215b1-be51-4009-87c8-67e5c05904d3,e52aceb7-9bc0-403c-a7ee-524034694c23,78a0bfd6-b112-4888-82e5-232d1eadffde,LIC Housing Finance Ltd.,INE115A07MW4,,,1000.0,10200.38,INR,0.63,6.96,,,{},2026-08-22 09:12:01.054763+00:00
d1307616-a169-4db1-90f1-241a0f156b18,e52aceb7-9bc0-403c-a7ee-524034694c23,e88211d9-d6bc-40df-b6f4-c2fba3903ccd,HDB Financial Services Ltd.,INE756I07FC4,,,10000.0,10089.7,INR,0.62,7.23,,,{},2026-08-22 09:12:01.054763+00:00
dfaa5d4f-7d7a-41b3-844e-556b1f886949,e52aceb7-9bc0-403c-a7ee-524034694c23,7618c62e-85ec-4899-866c-a452ebba621c,HDB Financial Services Ltd.,INE756I07FJ9,,,10000.0,10023.84,INR,0.62,7.2359,,,{},2026-08-22 09:12:01.054763+00:00
755c9d81-8d45-43d2-9974-a9533487592f,e52aceb7-9bc0-403c-a7ee-524034694c23,39708219-af20-4de4-85e8-d1a5b1bdeacc,IndiGrid Infrastructure Trust,INE219X07520,,,10000.0,9985.85,INR,0.61,7.2974,,,{},2026-08-22 09:12:01.054763+00:00
eabc065e-3b54-4dec-85dc-3c27d63fe7f8,e52aceb7-9bc0-403c-a7ee-524034694c23,92806a37-f640-45e9-8086-1573aa7ecfd8,Tata Motors Ltd.,INE155A08472,,,10000.0,9935.48,INR,0.61,7.335,,,{},2026-08-22 09:12:01.054763+00:00
958520f8-28be-4b46-bb70-6479187d0ec4,e52aceb7-9bc0-403c-a7ee-524034694c23,a2cd0eab-2bef-4833-b90f-1ce06b2313db,LIC Housing Finance Ltd.,INE115A07QY1,,,7500.0,7614.29,INR,0.47,7.12,,,{},2026-08-22 09:12:01.054763+00:00
ff532a83-8512-4065-88f3-c84836504525,e52aceb7-9bc0-403c-a7ee-524034694c23,a02e6d0a-8178-4ed3-9164-89d05f9eed54,Aditya Birla Capital Ltd.,INE860H07IG1,,,750.0,7606.61,INR,0.47,7.185,,,{},2026-08-22 09:12:01.054763+00:00
99363965-24d6-4cfa-8b17-21b6bb0a32fe,e52aceb7-9bc0-403c-a7ee-524034694c23,cf7d8ff6-3b7a-42b8-8c47-20ac6b5c7986,Muthoot Finance Ltd.,INE414G07JF9,,,6000.0,6108.34,INR,0.38,7.86,,,{},2026-08-22 09:12:01.054763+00:00
918163e9-d78f-4abb-b501-348ef5ffd79e,e52aceb7-9bc0-403c-a7ee-524034694c23,d008d204-b983-461a-8fad-6c34f5a144e6,Nexus Select Trust,INE0NDH07027,,,5000.0,5106.54,INR,0.31,7.185,,,{},2026-08-22 09:12:01.054763+00:00
8d90faf4-f137-4c8d-802a-5ffca29a579a,e52aceb7-9bc0-403c-a7ee-524034694c23,1b73f6a5-e71e-43f0-baf1-e09b7a107e35,TVS Credit Services Ltd.,INE729N08063,,,50.0,5093.09,INR,0.31,7.6499,,,{},2026-08-22 09:12:01.054763+00:00
c2b6b27f-05ac-45f9-a4e9-feec583f600c,e52aceb7-9bc0-403c-a7ee-524034694c23,0a46c6f7-6845-475b-888c-fc98144d72ee,Indian Railway Finance Corporation Ltd.,INE053F08411,,,5000.0,5083.95,INR,0.31,6.8503,,,{},2026-08-22 09:12:01.054763+00:00
f02e579a-9ed2-464b-a85c-bc2bcb6574c7,e52aceb7-9bc0-403c-a7ee-524034694c23,773ddc25-54cc-42af-9c80-10b075b9cf20,Tata Capital Housing Finance Ltd.,INE033L07HU0,,,500.0,5065.72,INR,0.31,6.995,,,{},2026-08-22 09:12:01.054763+00:00
3eabaccf-ea0e-484d-ae61-70b53c662c36,e52aceb7-9bc0-403c-a7ee-524034694c23,9a03e07e-b6c4-4bf2-ad4d-723036eda556,Export-Import Bank of India,INE514E08GF5,,,5000.0,5061.68,INR,0.31,6.8,,,{},2026-08-22 09:12:01.054763+00:00
515ca4ea-9e0b-4e22-990d-17e337048f1d,e52aceb7-9bc0-403c-a7ee-524034694c23,304f4d56-e305-4d1c-ad1d-e9c0c7d4a2cb,Bajaj Finance Ltd.,INE296A07TM8,,,5000.0,4991.4,INR,0.31,7.1621,,,{},2026-08-22 09:12:01.054763+00:00
0335319b-c6a1-4d7c-8d61-e9b8d580aa4f,e52aceb7-9bc0-403c-a7ee-524034694c23,6e636e9e-84b9-4b35-8a7a-f8d8abe17332,Tata Capital Housing Finance Ltd.,INE033L07HY2,,,250.0,2545.11,INR,0.16,7.03,,,{},2026-08-22 09:12:01.054763+00:00
ec49b2e0-c472-4ab3-93a4-a5d1603a4239,e52aceb7-9bc0-403c-a7ee-524034694c23,2c177a8a-e3e0-4e0d-8644-56385d565bec,Power Finance Corporation Ltd.,INE134E08MZ8,,,2500.0,2530.52,INR,0.16,6.6585,,,{},2026-08-22 09:12:01.054763+00:00
1ea1ad69-a28b-41df-a74d-c46ed3faac13,e52aceb7-9bc0-403c-a7ee-524034694c23,7b362b83-1778-4b15-b405-e4e2ae45368b,IndiGrid Infrastructure Trust,INE219X07306,,,250.0,2498.39,INR,0.15,6.9825,,,{},2026-08-22 09:12:01.054763+00:00
7357ab47-1541-422c-9c8a-ec0a89021e49,e52aceb7-9bc0-403c-a7ee-524034694c23,47e60821-8ed7-4d86-b021-9effd8690bc8,LIC Housing Finance Ltd.,INE115A07OB4,,,200.0,2093.09,INR,0.13,7.1162,,,{},2026-08-22 09:12:01.054763+00:00
864c4dbe-31ae-4446-a25a-01a4e1941c20,e52aceb7-9bc0-403c-a7ee-524034694c23,2330b4ac-7ced-46f6-b7b1-1e4e9cd84ba5,REC Ltd.,INE020B08FA2,,,1000.0,1015.03,INR,0.06,6.5713,,,{},2026-08-22 09:12:01.054763+00:00
9fc3070a-32f8-4949-aed3-94f1fd97accd,e52aceb7-9bc0-403c-a7ee-524034694c23,042ba220-a8cf-4b76-8676-7ce959e20827,India Universal Trust AL1 (Obligor - HDFC Bank Ltd.),INE16J715035,,,208.0,19571.79,INR,1.2,7.965,,,{},2026-08-22 09:12:01.054763+00:00
5f2aaf0c-7050-4987-bdb9-133e6f682969,e52aceb7-9bc0-403c-a7ee-524034694c23,f09c0d96-5424-4523-853e-1642e86149d1,7.17% CGL 2030,IN0020230036,,,61000000.0,63214.24,INR,3.88,6.3365095,,,{},2026-08-22 09:12:01.054763+00:00
eecdd90d-aa90-4f0a-896a-a3e3cd7ec20b,e52aceb7-9bc0-403c-a7ee-524034694c23,b31f7c10-674b-4dec-a53b-232ee1f2bea7,8.32% State Government of Rajasthan 2029,IN2920180303,,,45000000.0,47165.27,INR,2.9,6.7987608,,,{},2026-08-22 09:12:01.054763+00:00
5d84d967-19c9-433b-9f19-c1fc55ac7b09,e52aceb7-9bc0-403c-a7ee-524034694c23,e0fade24-3310-433c-884c-e9f65d0f3bf0,7.68% State Government of Tamil Nadu 2030,IN3120230302,,,14274700.0,14790.32,INR,0.91,6.9414531,,,{},2026-08-22 09:12:01.054763+00:00
3df3b085-b8ee-4449-a631-d31d3a56328d,e52aceb7-9bc0-403c-a7ee-524034694c23,c9d61ae1-29bc-4d62-ad6f-a1f37fd6acd1,6.84% State Government of Tamil Nadu 2029,IN3120250227,,,7497000.0,7547.35,INR,0.46,6.7498828,,,{},2026-08-22 09:12:01.054763+00:00
1969c184-3f43-4508-9742-0610f3b52125,e52aceb7-9bc0-403c-a7ee-524034694c23,e06283be-054c-406d-ad5a-f98f939ded02,6.86% State Government of Karnataka 2030,IN1920200293,,,5000000.0,5011.45,INR,0.31,6.9207531,,,{},2026-08-22 09:12:01.054763+00:00
456c27a3-cdef-450b-82d1-40556bd0b430,e52aceb7-9bc0-403c-a7ee-524034694c23,4448ea0d-e41c-4866-ac0d-23869b0efb8b,6.75% State Government of Rajasthan 2030,IN2920200465,,,1000000.0,996.09,INR,0.06,6.9572331,,,{},2026-08-22 09:12:01.054763+00:00
0d80ec96-da1f-4607-8b55-cf33c186713c,e52aceb7-9bc0-403c-a7ee-524034694c23,b6860fd3-5d2d-48ab-953c-3ffa8a1e6b34,7.17% State Government of Tamil Nadu 2033,IN3120240574,,,319700.0,319.51,INR,0.02,7.307751,,,{},2026-08-22 09:12:01.054763+00:00
6fe64476-806a-4ece-b723-e8f7896ba685,e52aceb7-9bc0-403c-a7ee-524034694c23,a124423e-8e51-4a5c-b2cc-fc183bcd2ff9,7.66% State Government of Tamil Nadu 2033,IN3120230344,,,195100.0,200.65,INR,0.01,7.323301,,,{},2026-08-22 09:12:01.054763+00:00
cbb1d1d7-691d-4ae8-afa3-2fc6752a6ee9,e52aceb7-9bc0-403c-a7ee-524034694c23,5bc003eb-7e17-4602-b5ba-24338167cbab,Indian Bank,INE562A16PB5,,,1000.0,4791.36,INR,0.29,6.2575,,,{},2026-08-22 09:12:01.054763+00:00
b6800cdc-584d-4418-b7b5-d2aeffffb677,e52aceb7-9bc0-403c-a7ee-524034694c23,1f08ed66-70b1-4416-9fc7-94dc3f86b644,GOI 15.06.2027 GOV,IN000627C058,,,140000.0,126.77,INR,0.01,5.9945592,,,{},2026-08-22 09:12:01.054763+00:00
596f42ea-2b92-4619-a641-60d6ee32f771,e52aceb7-9bc0-403c-a7ee-524034694c23,b129ffb1-4999-45b0-9227-e69b35378c32,Power Grid Corporation of India Ltd.,INE752E08726,,,23000.0,21099.76,INR,5.18,7.0699,,,{},2026-08-22 09:12:01.054763+00:00
3ebe5d4b-7603-4e32-a191-3edb87f06f3a,e52aceb7-9bc0-403c-a7ee-524034694c23,99987dae-b1cd-4f06-a76c-22037561082a,GAIL (India) Ltd.,INE129A08014,,,1750.0,17771.97,INR,4.36,6.545,,,{},2026-08-22 09:12:01.054763+00:00
5a2c6e66-090f-4c35-b666-b5e0af8cde3f,e52aceb7-9bc0-403c-a7ee-524034694c23,6f3a4736-fafb-4218-bf81-c5d9477db747,ONGC Petro Additions Ltd.,INE163N08289,,,17500.0,17713.24,INR,4.35,7.2373,,,{},2026-08-22 09:12:01.054763+00:00
1a70b10b-1ec2-4459-97a7-c912d32f9e5b,e52aceb7-9bc0-403c-a7ee-524034694c23,1978625b-406c-4fbe-b1a5-5d41a0ee8023,National Bank for Financing Infrastructure and Development,INE0KUG08019,,,17000.0,17186.63,INR,4.22,7.2299,,,{},2026-08-22 09:12:01.054763+00:00
5e9b7606-c59f-49f3-936c-7eed9d9fc200,e52aceb7-9bc0-403c-a7ee-524034694c23,195a1c9d-10fa-4cd0-8d4d-0ea0147a6687,ICICI Bank Ltd.,INE090A08TT8,,,1600.0,16143.55,INR,3.96,6.6621,,,{},2026-08-22 09:12:01.054763+00:00
9948b13c-1bd5-4b1e-a32a-2f4e44ae44c3,e52aceb7-9bc0-403c-a7ee-524034694c23,4073b74f-37d8-4739-b76a-850ff95db5a2,Nuclear Power Corporation of India Ltd.,INE206D08501,,,10400.0,10634.22,INR,2.61,6.6528,,,{},2026-08-22 09:12:01.054763+00:00
a41c0bad-2463-44ee-95c8-ef91ca1e9764,e52aceb7-9bc0-403c-a7ee-524034694c23,f7510427-4756-4b98-840f-31bbf06ff415,HDFC Bank Ltd.,INE040A08864,,,1000.0,9822.85,INR,2.41,7.235,,,{},2026-08-22 09:12:01.054763+00:00
aa451c49-4142-4e74-b53b-52386611ba2e,e52aceb7-9bc0-403c-a7ee-524034694c23,bbfa55f4-0bd3-4a1a-a615-f8ab82a33253,Small Industries Development Bank of India,INE556F08KK5,,,7500.0,7618.85,INR,1.87,6.71,,,{},2026-08-22 09:12:01.054763+00:00
4b879b4d-c0f5-42a7-8f5d-080e6f772860,e52aceb7-9bc0-403c-a7ee-524034694c23,d0e2ce68-4f5a-4f90-9d52-2fa384acc346,Bank of Baroda,INE028A08281,,,750.0,7589.41,INR,1.86,7.02,,,{},2026-08-22 09:12:01.054763+00:00
fac6f985-fc4c-472a-ba3f-ae82dcf8723f,e52aceb7-9bc0-403c-a7ee-524034694c23,2936d1f8-5213-45d6-a66b-c8eaa384397a,Export-Import Bank of India,INE514E08FG5,,,650.0,6559.9,INR,1.61,6.515,,,{},2026-08-22 09:12:01.054763+00:00
1b341afc-8260-4b6a-90fa-c125c0e0999b,e52aceb7-9bc0-403c-a7ee-524034694c23,d78c4e86-4913-4116-af01-50749f971859,Power Finance Corporation Ltd.,INE134E08NS1,,,5000.0,4980.37,INR,1.22,6.7583,,,{},2026-08-22 09:12:01.054763+00:00
75bb4e87-affa-4e47-b089-853ea67eade6,e52aceb7-9bc0-403c-a7ee-524034694c23,e45093a4-ff4a-4412-98eb-a0e4ee0304ed,Nuclear Power Corporation of India Ltd.,INE206D08436,,,350.0,3571.82,INR,0.88,6.7899,,,{},2026-08-22 09:12:01.054763+00:00
a6ebb8ec-7111-4217-aa5e-6d3c1e7619a6,e52aceb7-9bc0-403c-a7ee-524034694c23,ab696ab2-4fd6-4678-aca5-ce6f9900f66e,NHPC Ltd.,INE848E07AV9,,,1650.0,3348.67,INR,0.82,6.6328,,,{},2026-08-22 09:12:01.054763+00:00
f56971af-ad8e-4c27-807d-16b7526db31d,e52aceb7-9bc0-403c-a7ee-524034694c23,1963e385-f363-4e83-9e04-24f44c6fd124,Power Grid Corporation of India Ltd.,INE752E08742,,,3500.0,3212.77,INR,0.79,6.9842,,,{},2026-08-22 09:12:01.054763+00:00
7f2dfd43-5624-4ea1-97b1-16ebefd767f0,e52aceb7-9bc0-403c-a7ee-524034694c23,51c9a178-0928-4237-9afc-1f06b579a19a,NTPC Ltd.,INE733E08197,,,300.0,2968.39,INR,0.73,6.9099,,,{},2026-08-22 09:12:01.054763+00:00
4dd922ee-1c59-48cb-aec9-9d0397036860,e52aceb7-9bc0-403c-a7ee-524034694c23,8775be63-432a-4ac2-81de-d731c852665e,REC Ltd.,INE020B08CU7,,,250.0,2551.09,INR,0.63,7.0,,,{},2026-08-22 09:12:01.054763+00:00
a29e747e-6299-4b5b-a37a-0046cee9f7f8,e52aceb7-9bc0-403c-a7ee-524034694c23,c938beb4-3cb8-471a-8a56-76274dc0536e,Nuclear Power Corporation of India Ltd.,INE206D08428,,,250.0,2547.24,INR,0.63,6.69,,,{},2026-08-22 09:12:01.054763+00:00
898a7b52-f65b-4109-a2c8-8684f2455b31,e52aceb7-9bc0-403c-a7ee-524034694c23,e3e91a6e-0b02-449e-8afa-129e7cdf87c9,NHPC Ltd.,INE848E07AQ9,,,1250.0,2541.59,INR,0.62,6.59,,,{},2026-08-22 09:12:01.054763+00:00
6f1102c3-c414-4217-b072-527bc683cfe3,e52aceb7-9bc0-403c-a7ee-524034694c23,93cb27b4-1dbc-4f68-b319-285d6dec6705,Punjab National Bank( Tier II Bond under Basel III ),INE160A08191,,,25.0,2497.92,INR,0.61,7.1114,,,{},2026-08-22 09:12:01.054763+00:00
205e9e0a-397e-4f9c-aa9d-903acdba14ad,e52aceb7-9bc0-403c-a7ee-524034694c23,2eb6294a-862d-45ac-9201-636a2fa01101,REC Ltd.,INE020B08FU0,,,2500.0,2485.51,INR,0.61,7.0,,,{},2026-08-22 09:12:01.054763+00:00
b6c4df54-3fdf-49c9-aaee-f1ae814dfb53,e52aceb7-9bc0-403c-a7ee-524034694c23,df559f5d-2a2c-4fca-8ebb-ec8b47337a6c,REC Ltd.,INE020B08CW3,,,100.0,1029.78,INR,0.25,7.0,,,{},2026-08-22 09:12:01.054763+00:00
c7cb58f1-4f50-4121-91a2-e7a36fb56bee,e52aceb7-9bc0-403c-a7ee-524034694c23,63a104be-76f1-497b-a020-626fa829a46b,Canara Bank( AT1 Bond Under Basel III ),INE476A08225,,,10.0,1026.86,INR,0.25,7.4460382,,,{},2026-08-22 09:12:01.054763+00:00
2ac3bb50-1d36-424a-bd45-532aec941fee,e52aceb7-9bc0-403c-a7ee-524034694c23,c0cae263-5b2e-4fe0-923d-303f57474495,Mahanagar Telephone Nigam Ltd.,INE153A08121,,,67.0,667.64,INR,0.16,7.9949,,,{},2026-08-22 09:12:01.054763+00:00
7745b8d5-eb23-4f12-9a06-b05199fd699d,e52aceb7-9bc0-403c-a7ee-524034694c23,7f9a0bec-7e9d-4a6d-a7d9-674b75b3efd5,Power Grid Corporation of India Ltd.,INE752E07KA6,,,40.0,521.9,INR,0.13,6.52,,,{},2026-08-22 09:12:01.054763+00:00
2a9d8333-9eb6-4ded-9393-676f3e5a7631,e52aceb7-9bc0-403c-a7ee-524034694c23,9e205f60-3a63-418c-b359-5dbc6eb972fd,NHPC Ltd.,INE848E07AW7,,,100.0,203.49,INR,0.05,6.75,,,{},2026-08-22 09:12:01.054763+00:00
36ac270a-c2fd-4300-aa1d-e9aa8e8ff8cb,e52aceb7-9bc0-403c-a7ee-524034694c23,64844bd1-38b7-4b69-8908-afd978015e53,7.81% State Government of Gujarat 2032,IN1520220113,,,4000000.0,4166.12,INR,1.02,7.1742781,,,{},2026-08-22 09:12:01.054763+00:00
1f242e08-0db3-4e67-bc55-030f588fbb62,e52aceb7-9bc0-403c-a7ee-524034694c23,b72fedb6-8154-497c-8e7e-33e6f044dddb,7.12% State Government of Maharashtra 2036,IN2220240401,,,405600.0,400.66,INR,0.1,7.4206518,,,{},2026-08-22 09:12:01.054763+00:00
9eca84be-446e-41f1-a579-eb20262258ce,e52aceb7-9bc0-403c-a7ee-524034694c23,4720630f-67ba-40f2-8223-dc30652506a3,7.48% State Government of Maharashtra 2035,IN2220230212,,,281000.0,285.14,INR,0.07,7.3901264,,,{},2026-08-22 09:12:01.054763+00:00
dd04b471-6d39-4e33-975d-1153125fdcc5,e52aceb7-9bc0-403c-a7ee-524034694c23,866c94ff-a635-48a2-ad7e-400bd1592d0a,LIC Housing Finance Ltd.,INE115A07RC5,,,60000.0,61123.68,INR,2.43,7.12,,,{},2026-08-22 09:12:01.054763+00:00
221a0ef0-13dd-4f4f-9389-d39e69ff1521,e52aceb7-9bc0-403c-a7ee-524034694c23,7a716b31-8176-4cae-8870-287377facdc1,Vertis Infrastructure Trust,INE0KXY07034,,,38750.0,39379.11,INR,1.57,7.1969,,,{},2026-08-22 09:12:01.054763+00:00
91edd322-ad21-424a-a3fe-5b9be542cdc0,e52aceb7-9bc0-403c-a7ee-524034694c23,daee8418-67dd-481b-953e-e06959487a17,Tata Capital Housing Finance Ltd.,INE033L07IN3,,,32000.0,32118.66,INR,1.28,7.08,,,{},2026-08-22 09:12:01.054763+00:00
2cfe8d15-c92b-482a-ba50-e094b5e49775,e52aceb7-9bc0-403c-a7ee-524034694c23,0449e0d0-ccc6-4e11-b355-df2cb7629d22,Tata Capital Housing Finance Ltd.,INE033L07IJ1,,,31000.0,31652.74,INR,1.26,7.23,,,{},2026-08-22 09:12:01.054763+00:00
1f94a197-cb37-4cfa-bd18-2fe2b3251d99,e52aceb7-9bc0-403c-a7ee-524034694c23,bb1f1e38-335d-4154-aefc-d33c3fa7902f,National Bank for Agriculture and Rural Development,INE261F08EG3,,,30000.0,30696.84,INR,1.22,6.905,,,{},2026-08-22 09:12:01.054763+00:00
af7194ac-acfe-4d16-a468-eff1145ec2ad,e52aceb7-9bc0-403c-a7ee-524034694c23,2277a5f6-0739-4d8c-ab30-a45e10bf42aa,Toyota Financial Services India Ltd.,INE692Q07589,,,30000.0,30005.94,INR,1.2,7.2503,,,{},2026-08-22 09:12:01.054763+00:00
e2334d26-d9ae-4b3b-9531-6993230eb98f,e52aceb7-9bc0-403c-a7ee-524034694c23,1c64757c-4c78-4543-8b8d-fd60ca7f8277,National Highways Infra Trust,INE0H7R07066,,,55000.0,29451.24,INR,1.17,7.785,,,{},2026-08-22 09:12:01.054763+00:00
b9ff3b41-950c-41a8-ac86-e30c8eeb366e,e52aceb7-9bc0-403c-a7ee-524034694c23,4588f412-98c7-47ea-9106-0dbc7707546b,Summit Digitel Infrastructure Pvt. Ltd.,INE507T07120,,,25000.0,25725.35,INR,1.02,7.2545,,,{},2026-08-22 09:12:01.054763+00:00
da9c03cf-a2fc-412c-a8f9-e068b50af2e0,e52aceb7-9bc0-403c-a7ee-524034694c23,7dbedd89-cf11-4660-b2a9-0dcdf064ad79,IndiGrid Infrastructure Trust,INE219X07462,,,2500.0,25567.4,INR,1.02,7.0652,,,{},2026-08-22 09:12:01.054763+00:00
2836d5c4-ca61-4b59-9e82-17b123683975,e52aceb7-9bc0-403c-a7ee-524034694c23,4add2784-b871-4761-8ff7-010a3c486817,Mahindra & Mahindra Financial Services Ltd.,INE774D07VI2,,,25000.0,25533.55,INR,1.02,7.25,,,{},2026-08-22 09:12:01.054763+00:00
550a9f4c-f091-4780-a735-679680d311a7,e52aceb7-9bc0-403c-a7ee-524034694c23,bc9237cb-d901-4818-b249-e9063388cc6c,Small Industries Development Bank of India,INE556F08KT6,,,25000.0,25366.8,INR,1.01,6.8044,,,{},2026-08-22 09:12:01.054763+00:00
0ac9d2a1-23a3-4e27-b240-0ba05453e3e1,e52aceb7-9bc0-403c-a7ee-524034694c23,f39e5c05-dcf5-4e77-b3da-4749d7b15b46,Indian Railway Finance Corporation Ltd.,INE053F08528,,,25000.0,24680.75,INR,0.98,6.9075,,,{},2026-08-22 09:12:01.054763+00:00
630a8cd5-3aec-4d9f-b949-6c0dffbaa0b3,e52aceb7-9bc0-403c-a7ee-524034694c23,c9cfaa31-41e3-4ff5-a73c-4695a034ad97,HDB Financial Services Ltd.,INE756I07FB6,,,20000.0,20284.7,INR,0.81,7.23,,,{},2026-08-22 09:12:01.054763+00:00
53198fce-bda3-4ac7-845b-88780ac7fd76,e52aceb7-9bc0-403c-a7ee-524034694c23,47a74252-ef70-49fd-b168-7d583b9b4858,HDB Financial Services Ltd.,INE756I07DX5,,,1750.0,17392.67,INR,0.69,7.02,,,{},2026-08-22 09:12:01.054763+00:00
b3101863-3990-4a54-9a1b-399fc9fac6e8,e52aceb7-9bc0-403c-a7ee-524034694c23,43c0916e-a2c0-4162-9bf3-dac8aeebaa30,Bajaj Housing Finance Ltd.,INE377Y07433,,,1600.0,16319.07,INR,0.65,7.0621,,,{},2026-08-22 09:12:01.054763+00:00
af6a856b-7eb2-424f-9c76-4a08b8724ace,e52aceb7-9bc0-403c-a7ee-524034694c23,2be26d27-678e-4029-b038-56dba35b258a,Sundaram Finance Ltd.,INE660A07RI7,,,1250.0,15971.54,INR,0.64,6.98,,,{},2026-08-22 09:12:01.054763+00:00
4fc36e2b-f38e-48a7-a303-b0adde70cf29,e52aceb7-9bc0-403c-a7ee-524034694c23,5338c99b-ecb1-4c31-84c1-68ab063bfb53,John Deere Financial India Pvt. Ltd.,INE00V208132,,,15000.0,14974.58,INR,0.6,7.3254,,,{},2026-08-22 09:12:01.054763+00:00
0f7b9902-0296-4019-bfc5-71052c36a956,e52aceb7-9bc0-403c-a7ee-524034694c23,cada67fc-fbf7-416f-9529-4b308e6e8421,Kotak Mahindra Prime Ltd.,INE916DA7SP4,,,14500.0,14699.35,INR,0.59,6.975,,,{},2026-08-22 09:12:01.054763+00:00
5b06ffeb-e612-4796-8959-c3c8e08a113a,e52aceb7-9bc0-403c-a7ee-524034694c23,be35170c-e665-4286-b37f-ee1117a73b71,Vertis Infrastructure Trust,INE0KXY07018,,,1500.0,14601.87,INR,0.58,6.2,,,{},2026-08-22 09:12:01.054763+00:00
2ac2b4fd-f077-4e98-9cbe-5e6bb146c3cd,e52aceb7-9bc0-403c-a7ee-524034694c23,44307a0f-e569-44bb-a6c6-a83c65a90ade,Mindspace Business Parks Reit,INE0CCU07116,,,13000.0,13324.44,INR,0.53,7.361,,,{},2026-08-22 09:12:01.054763+00:00
db2c9329-121c-4226-804b-1bc05ac89afc,e52aceb7-9bc0-403c-a7ee-524034694c23,0235d15a-ff1d-4bd3-8a34-02b9561b03e9,LIC Housing Finance Ltd.,INE115A07QZ8,,,12500.0,12700.89,INR,0.51,6.87,,,{},2026-08-22 09:12:01.054763+00:00
bcf259e5-2762-4a36-a0ba-b9330f913139,e52aceb7-9bc0-403c-a7ee-524034694c23,35cbe370-425b-48aa-93bd-9728fe13a332,Nexus Select Trust,INE0NDH07035,,,12500.0,12690.3,INR,0.51,7.185,,,{},2026-08-22 09:12:01.054763+00:00
34ecb1b4-4d62-4d2c-9ca3-4ac206721b98,e52aceb7-9bc0-403c-a7ee-524034694c23,bd9fb79d-7e8d-4204-8815-70f16f9084cc,John Deere Financial India Pvt. Ltd.,INE00V208140,,,12500.0,12443.04,INR,0.5,7.5753,,,{},2026-08-22 09:12:01.054763+00:00
c68d7a67-c709-4288-9d0c-cf143fa13efd,e52aceb7-9bc0-403c-a7ee-524034694c23,86e0069c-d996-497e-8105-dc73901846f3,TATA Capital Ltd.,INE306N07NS8,,,10500.0,10632.94,INR,0.42,7.048,,,{},2026-08-22 09:12:01.054763+00:00
02dc494c-1adf-4a30-b1d8-c31ba6ea17df,e52aceb7-9bc0-403c-a7ee-524034694c23,f1491c0e-21ba-421a-9e73-8468be9fac6c,SMFG India Credit Company Ltd.,INE535H07CH0,,,10000.0,10145.5,INR,0.4,7.128,,,{},2026-08-22 09:12:01.054763+00:00
398373fa-ac0f-4f6d-84e3-ea962c6d243c,e52aceb7-9bc0-403c-a7ee-524034694c23,a2a4718b-3cee-4799-9590-e449a558615c,REC Ltd.,INE020B08FL9,,,10000.0,10123.34,INR,0.4,7.0,,,{},2026-08-22 09:12:01.054763+00:00
a56a6b45-03ac-4299-83d4-dd601ed8be84,e52aceb7-9bc0-403c-a7ee-524034694c23,88708ccf-0a95-46fa-ba79-a463da007db5,IndiGrid Infrastructure Trust,INE219X07454,,,9000.0,9124.26,INR,0.36,6.9954,,,{},2026-08-22 09:12:01.054763+00:00
a84c6797-a6f1-4b7e-8ee3-eddf5bc5650e,e52aceb7-9bc0-403c-a7ee-524034694c23,d2b5c31d-3ef5-4d89-a5a7-a44b1ebfb81b,REC Ltd.,INE020B08EG2,,,7500.0,7693.68,INR,0.31,7.22,,,{},2026-08-22 09:12:01.054763+00:00
64fb752b-2ed5-46ce-9343-73661f968ae2,e52aceb7-9bc0-403c-a7ee-524034694c23,f1832ebe-0701-4e09-b12e-589ad11d003a,Power Finance Corporation Ltd.,INE134E08MX3,,,7500.0,7663.91,INR,0.31,6.87,,,{},2026-08-22 09:12:01.054763+00:00
aaf739fb-5e7f-4dc6-bac4-b59c03c2fcd5,e52aceb7-9bc0-403c-a7ee-524034694c23,11313be7-b392-4538-9c4d-4d8aa95aeb85,HDB Financial Services Ltd.,INE756I07EN4,,,750.0,7543.26,INR,0.3,6.946,,,{},2026-08-22 09:12:01.054763+00:00
201215d2-a6ee-4946-91a4-a3ba1b1a5c9b,e52aceb7-9bc0-403c-a7ee-524034694c23,171f298c-a27e-4fe1-8e5e-f21f29c30e1a,REC Ltd.,INE020B08ED9,,,5500.0,5538.95,INR,0.22,6.44,,,{},2026-08-22 09:12:01.054763+00:00
a241b22e-43f8-4774-b11b-0cc520884862,e52aceb7-9bc0-403c-a7ee-524034694c23,25169e0c-bcd1-4440-a4a5-3cd4544947ff,HDB Financial Services Ltd.,INE756I07EX3,,,5000.0,5072.25,INR,0.2,7.145,,,{},2026-08-22 09:12:01.054763+00:00
0db5adef-611c-40f6-8c07-1be0e9379226,e52aceb7-9bc0-403c-a7ee-524034694c23,6123bd62-b0a5-4fb7-a0b9-8e2906b768fc,National Bank for Agriculture and Rural Development,INE261F08EL3,,,5000.0,5071.09,INR,0.2,7.01,,,{},2026-08-22 09:12:01.054763+00:00
39ed6675-08d2-4e10-afde-c8fcad168e0e,e52aceb7-9bc0-403c-a7ee-524034694c23,2f2d2eff-2c0a-4a52-b56d-2bd0e4bfdf34,Mahindra & Mahindra Financial Services Ltd.,INE774D07VJ0,,,5000.0,5057.7,INR,0.2,7.15,,,{},2026-08-22 09:12:01.054763+00:00
a8da34b6-f576-43d4-995f-65615eb79d4a,e52aceb7-9bc0-403c-a7ee-524034694c23,5130e707-2641-4bed-9c26-efa5051dcedb,LIC Housing Finance Ltd.,INE115A07QT1,,,5000.0,5045.07,INR,0.2,6.725,,,{},2026-08-22 09:12:01.054763+00:00
04212280-ac68-498f-944b-345342eef6a8,e52aceb7-9bc0-403c-a7ee-524034694c23,2babe4e0-d59b-4871-bd9d-f72c2605b3be,REC Ltd.,INE020B08EI8,,,5000.0,5034.45,INR,0.2,6.5513,,,{},2026-08-22 09:12:01.054763+00:00
117d6307-7376-4fe7-804c-2ff72750eefc,e52aceb7-9bc0-403c-a7ee-524034694c23,1024f1f0-8849-49fe-b384-27f669b14e92,NTPC Ltd.,INE733E08247,,,5000.0,5019.81,INR,0.2,6.38,,,{},2026-08-22 09:12:01.054763+00:00
ca790189-18a2-47ab-ae0a-89997985aa12,e52aceb7-9bc0-403c-a7ee-524034694c23,7b1ecb0e-fd7e-4603-a161-7a57d5522bea,Tata Capital Housing Finance Ltd.,INE033L07IO1,,,5000.0,5008.61,INR,0.2,6.995,,,{},2026-08-22 09:12:01.054763+00:00
2318dcf9-3f7c-48f9-b64c-786fb9c1a414,e52aceb7-9bc0-403c-a7ee-524034694c23,fc71a657-a497-4bbc-9ca2-f23e7f1b4ad9,Power Grid Corporation of India Ltd.,INE752E08759,,,5000.0,4555.72,INR,0.18,7.0443,,,{},2026-08-22 09:12:01.054763+00:00
66ad1c10-7bd9-45fd-9c6a-bb341170f845,e52aceb7-9bc0-403c-a7ee-524034694c23,01e06488-303c-4800-89d4-5b3905eb41a6,Sundaram Home Finance Ltd.,INE667F07JA5,,,4500.0,4518.14,INR,0.18,6.965,,,{},2026-08-22 09:12:01.054763+00:00
1b90f1aa-493e-4eb4-968c-55d5442e92d4,e52aceb7-9bc0-403c-a7ee-524034694c23,7ef114f5-2ccc-4999-8b93-0f4d00d6ac94,Bharat Sanchar Nigam Ltd.,INE103D08021,,,455.0,4477.62,INR,0.18,7.3037,,,{},2026-08-22 09:12:01.054763+00:00
a7966a2b-f679-4c65-9ed8-04da79f546b6,e52aceb7-9bc0-403c-a7ee-524034694c23,ca4b9e52-2c5b-4750-af03-9235afff0ede,Kotak Mahindra Prime Ltd.,INE916DA7SL3,,,3000.0,3033.7,INR,0.12,6.975,,,{},2026-08-22 09:12:01.054763+00:00
0c6c96b1-e2b7-4112-9398-b22bbada471b,e52aceb7-9bc0-403c-a7ee-524034694c23,9a661531-24a9-4498-b82a-53f3c74ee2f9,Mahanagar Telephone Nigam Ltd.,INE153A08154,,,30.0,29.56,INR,,7.9951,,,{},2026-08-22 09:12:01.054763+00:00
b9b0cc64-6d4a-42a0-8baf-93b22df12f47,e52aceb7-9bc0-403c-a7ee-524034694c23,37b7bb80-be8c-43b8-b879-3f0db70753c1,India Universal Trust AL2 (Obligor - HDFC Bank Ltd.),INE1CBK15037,,,626.0,60779.84,INR,2.42,7.965,,,{},2026-08-22 09:12:01.054763+00:00
83f9b691-a69e-4f29-9b6b-becae14d710c,e52aceb7-9bc0-403c-a7ee-524034694c23,7b5a422d-7285-41f4-a2b8-0502f00587e8,7.09% CGL 2074,IN0020240142,,,2500000.0,2436.99,INR,0.1,7.4105134,,,{},2026-08-22 09:12:01.054763+00:00
a89f1ffb-d0ac-4340-b0dc-47b6b42b78da,e52aceb7-9bc0-403c-a7ee-524034694c23,77d44b15-0cd7-4b8c-947e-ccf355ada825,7.72% State Government of Maharashtra 2035,IN2220230170,,,5000000.0,5147.9,INR,0.21,7.4056764,,,{},2026-08-22 09:12:01.054763+00:00
10268b71-e219-4e82-8287-b3cde2d7a615,e52aceb7-9bc0-403c-a7ee-524034694c23,d5c05b2a-3ae4-45eb-bbd3-b74635ff5d0a,7.43% State Government of Tamil Nadu 2034,IN3120240053,,,5000000.0,5059.99,INR,0.2,7.3694949,,,{},2026-08-22 09:12:01.054763+00:00
b6a418dd-87c2-43fb-a846-7caa0c19069e,e52aceb7-9bc0-403c-a7ee-524034694c23,96ed02f9-a548-416e-91ea-0d743dae661a,7.72% State Government of Karnataka 2035,IN1920230100,,,4000000.0,4126.3,INR,0.16,7.4056764,,,{},2026-08-22 09:12:01.054763+00:00
db26a2fd-9e54-4203-8930-6982fb34448d,e52aceb7-9bc0-403c-a7ee-524034694c23,92384226-e66f-4b62-a12b-3697d47dbaf3,7.73% State Government of Karnataka 2034,IN1920230084,,,2000000.0,2064.63,INR,0.08,7.370128,,,{},2026-08-22 09:12:01.054763+00:00
cc4dce6e-421c-4bab-a2ee-d4b71efe050a,e52aceb7-9bc0-403c-a7ee-524034694c23,86bb05ac-511f-4f1b-b73f-54ea169a2e6b,7.09% State Government of Tamil Nadu 2035,IN3120250201,,,395000.0,390.32,INR,0.02,7.3901264,,,{},2026-08-22 09:12:01.054763+00:00
f92e96bc-245b-4b36-995c-2d61e668c627,e52aceb7-9bc0-403c-a7ee-524034694c23,8effbb32-e283-4910-9607-b12e04f99acd,7.63% State Government of Jharkhand 2030,IN3720220042,,,300.0,0.31,INR,,6.9804689,,,{},2026-08-22 09:12:01.054763+00:00
0bda0c55-a773-47e1-9b5c-687bf287681d,e52aceb7-9bc0-403c-a7ee-524034694c23,7f52a5ff-9363-4041-a858-37fb2c36fc57,Pipeline Infrastructure Pvt Ltd.,INE01XX07059,,,5300.0,5373.01,INR,6.61,6.925,,,{},2026-08-22 09:12:01.054763+00:00
0f669f91-e357-4001-91e7-41394bd1fd13,e52aceb7-9bc0-403c-a7ee-524034694c23,c1159019-0198-4e3e-a5ce-d8699731d48a,Bajaj Housing Finance Ltd.,INE377Y07383,,,300.0,3060.16,INR,3.77,6.92,,,{},2026-08-22 09:12:01.054763+00:00
1c5e2e83-1934-4749-b8b1-3bc6a31c2fe6,e52aceb7-9bc0-403c-a7ee-524034694c23,1ad94768-dea4-4529-9c91-40f8fded43a4,Aditya Birla Housing Finance Ltd.,INE831R07607,,,3000.0,3000.6,INR,3.69,7.1178,,,{},2026-08-22 09:12:01.054763+00:00
094e91bd-0f7e-480a-a4e8-3b15f85d0648,e52aceb7-9bc0-403c-a7ee-524034694c23,44e31e02-cd15-4b44-a117-0c6b1e870d02,HDB Financial Services Ltd.,INE756I07EY1,,,2500.0,2541.86,INR,3.13,7.145,,,{},2026-08-22 09:12:01.054763+00:00
321703fb-c391-4e16-8b60-c6eafc757566,e52aceb7-9bc0-403c-a7ee-524034694c23,eb5a8c9f-9376-490d-8212-7aee40c3e796,6.63% CGL 2031,IN0020180041,,,46000000.0,46856.24,INR,57.67,0.0,,,{},2026-08-22 09:12:01.054763+00:00
c662fc6a-6d36-4161-af8e-7f43382a69c5,e52aceb7-9bc0-403c-a7ee-524034694c23,fe804caa-c1e6-4c1d-a6fd-e458cd1b742b,7.30% CGL 2053,IN0020230051,,,40000000.0,40439.8,INR,16.08,7.3363171,,,{},2026-08-22 09:12:01.054763+00:00
9c66aac1-7eeb-4a02-806f-80bdfd69c12e,e52aceb7-9bc0-403c-a7ee-524034694c23,66798eab-4e62-470a-9f48-db913ed94671,7.72% CGL 2055,IN0020150077,,,1000000.0,1058.56,INR,0.42,7.3698003,,,{},2026-08-22 09:12:01.054763+00:00
1e02ed39-d05c-4962-8e63-ab3ffa31999f,e52aceb7-9bc0-403c-a7ee-524034694c23,d6a472f1-6d72-4fd5-ac3c-37b7900b2d80,8.39% State Government of Uttar Pradesh 2029,IN3320180182,,,500000.0,525.96,INR,10.57,6.7898912,,,{},2026-08-22 09:12:01.054763+00:00
7f7af633-0f98-4f6d-9824-c0795b88fa8e,e52aceb7-9bc0-403c-a7ee-524034694c23,145fd7fa-8e4d-40cb-ba4e-0813cde0ff3b,8.35% State Government of Gujarat 2029,IN1520180317,,,500000.0,525.81,INR,10.56,6.7503017,,,{},2026-08-22 09:12:01.054763+00:00
03e50fa7-f10e-4e57-b6bf-7fdfaf3dcdda,e52aceb7-9bc0-403c-a7ee-524034694c23,98d5ca0f-1e6c-4bac-8d20-005d760184aa,8.39% State Government of Bihar 2029,IN1320180079,,,500000.0,525.67,INR,10.56,6.8090768,,,{},2026-08-22 09:12:01.054763+00:00
b91c30a1-5a79-4e25-b2f8-1737aa5fb0ff,e52aceb7-9bc0-403c-a7ee-524034694c23,e3302c1f-d98b-46a1-932e-764db2b6795e,8.30% State Government of Gujarat 2029,IN1520180325,,,500000.0,525.19,INR,10.55,6.7503017,,,{},2026-08-22 09:12:01.054763+00:00
7675a814-68ad-43da-af52-2f6e0d1c6588,e52aceb7-9bc0-403c-a7ee-524034694c23,30cb2100-9a80-41e8-b427-fe209bb075f3,8.06% State Government of Karnataka 2029,IN1920180222,,,500000.0,521.94,INR,10.49,6.7399517,,,{},2026-08-22 09:12:01.054763+00:00
158929a2-9992-495c-a5b9-d31b93064a8b,e52aceb7-9bc0-403c-a7ee-524034694c23,852ba0da-bff6-4f74-98fd-0c8be39a516a,8.05% State Government of Gujarat 2029,IN1520180341,,,400000.0,417.43,INR,8.39,6.7399517,,,{},2026-08-22 09:12:01.054763+00:00
90e18adb-080b-4b1e-a297-7ec1d328f712,e52aceb7-9bc0-403c-a7ee-524034694c23,ca4212dc-025d-4715-95da-98d0e911bf3f,GOI 16.12.2028 GOV,IN001228C070,,,600000.0,493.87,INR,9.92,6.2560325,,,{},2026-08-22 09:12:01.054763+00:00
62aca483-05f8-4ba8-88d3-ebe7ac3135fc,e52aceb7-9bc0-403c-a7ee-524034694c23,58b239da-a713-4deb-b068-88d141ee9138,GOI 06.11.2028 GOV,IN001128C023,,,328800.0,272.53,INR,5.48,6.2480514,,,{},2026-08-22 09:12:01.054763+00:00
163692c0-60b7-4617-b540-ffcf3a0f93a1,e52aceb7-9bc0-403c-a7ee-524034694c23,a78f112c-e593-4eb5-b88d-386c8d9924fa,GOI 19.03.2029 GOV,IN000329C044,,,310000.0,249.98,INR,5.02,6.4059186,,,{},2026-08-22 09:12:01.054763+00:00
2b8afba2-7161-4c48-b94f-3b1e3e6fcbdd,e52aceb7-9bc0-403c-a7ee-524034694c23,e000f562-5877-45c9-8cd5-605b000ba046,GOI 12.06.2028 GOV,IN000628C049,,,278000.0,236.32,INR,4.75,6.2084121,,,{},2026-08-22 09:12:01.054763+00:00
d2c473b5-2b6d-4438-bf9e-b0cbfcefba5c,e52aceb7-9bc0-403c-a7ee-524034694c23,e6fbcb9d-af7e-422d-aba3-2b0ba3719ff5,GOI 22.02.2029 GOV,IN000229C020,,,250000.0,202.57,INR,4.07,6.4005625,,,{},2026-08-22 09:12:01.054763+00:00
ed40cadc-321d-4973-aa1e-d7177cdcea11,e52aceb7-9bc0-403c-a7ee-524034694c23,c8742d50-93c7-4c9a-883b-1b8c13c4338b,GOI 12.12.2028 GOV,IN001228C047,,,125000.0,102.96,INR,2.07,6.2552086,,,{},2026-08-22 09:12:01.054763+00:00
46430b73-4f72-4634-b770-160ff6387f94,e52aceb7-9bc0-403c-a7ee-524034694c23,0153b1f4-2b90-48a5-972a-c56b53d54cc9,GOI 12.03.2029 GOV,IN000329C051,,,110400.0,89.14,INR,1.79,6.404528,,,{},2026-08-22 09:12:01.054763+00:00
ad2249eb-5960-4735-bc59-494c91c05587,e52aceb7-9bc0-403c-a7ee-524034694c23,edc032fe-5ce1-406c-a221-2ab14537a398,8.15% State Government of Rajasthan 2029,IN2920190021,,,500000.0,522.55,INR,14.52,6.8093513,,,{},2026-08-22 09:12:01.054763+00:00
4857919e-a032-4481-924d-a50800f28b7a,e52aceb7-9bc0-403c-a7ee-524034694c23,ce8f0c4a-6709-4a3b-95d4-f1a8c3ac4760,8.16% State Government of Karnataka 2029,IN1920180214,,,94400.0,98.78,INR,2.74,6.7503017,,,{},2026-08-22 09:12:01.054763+00:00
a42b1e97-2ef1-4509-b2ef-6fc68f1ccdb6,e52aceb7-9bc0-403c-a7ee-524034694c23,8eaaee38-f0a7-457c-995f-676f08c596da,GOI 06.05.2029 GOV,IN000529C023,,,250000.0,199.98,INR,5.56,6.4045408,,,{},2026-08-22 09:12:01.054763+00:00
5967405c-8d3c-4598-8f17-3154267ff382,e52aceb7-9bc0-403c-a7ee-524034694c23,9cd38a8a-4df9-46f5-9a0f-5e789d61f046,GOI 17.12.2028 GOV,IN001228C039,,,200000.0,164.59,INR,4.57,6.2562384,,,{},2026-08-22 09:12:01.054763+00:00
1a6aca2b-b601-47f4-b9c1-681bdc5899ee,e52aceb7-9bc0-403c-a7ee-524034694c23,8f6b9328-f82e-4e1c-beb5-db019ea23ddc,GOI 19.12.2028 GOV,IN001228C096,,,185000.0,152.2,INR,4.23,6.2565989,,,{},2026-08-22 09:12:01.054763+00:00
737045ff-342e-48f3-973f-f3a4c9c8425f,e52aceb7-9bc0-403c-a7ee-524034694c23,f5a603b3-bf90-425e-88f6-2b9fd6ae817c,6.84% State Government of Rajasthan 2030,IN2920190443,,,1950000.0,1949.58,INR,68.44,6.9613704,,,{},2026-08-22 09:12:01.054763+00:00
a47e0b24-e401-4259-81c1-06582814253e,e52aceb7-9bc0-403c-a7ee-524034694c23,887d26e3-67ec-4cce-84cd-04e85172b375,GOI 19.09.2029 GOV,IN000929C041,,,315000.0,245.99,INR,8.63,6.434267,,,{},2026-08-22 09:12:01.054763+00:00
fb9a4149-8808-4418-9a31-334d076fce47,e52aceb7-9bc0-403c-a7ee-524034694c23,6dfe9ef8-609f-49d5-b29b-9a7ef474e2dd,GOI 22.04.2030 GOV,IN000430C032,,,150000.0,112.11,INR,3.94,6.5987963,,,{},2026-08-22 09:12:01.054763+00:00
5c8c784b-5efd-49f5-87f5-65c6d59c3d08,e52aceb7-9bc0-403c-a7ee-524034694c23,4dc31b44-92c6-43df-9778-5248e05b2299,GOI 15.12.2029 GOV,IN001229C052,,,125000.0,96.07,INR,3.37,6.4597538,,,{},2026-08-22 09:12:01.054763+00:00
6fa4fad2-2cd0-4fab-8bbd-8b120c01304e,e52aceb7-9bc0-403c-a7ee-524034694c23,000019ca-a14a-4eb0-bd96-0ab8864662c7,REC Ltd.,INE020B08DK6,,,250.0,2495.3,INR,5.09,6.2667,,,{},2026-08-22 09:12:01.054763+00:00
f127a70e-603d-468c-876a-e459c090ce0d,e52aceb7-9bc0-403c-a7ee-524034694c23,482936af-acac-48ce-953b-f08a2bc81580,8.38% State Government of Tamil Nadu 2026,IN3120150187,,,5000000.0,5041.32,INR,10.28,5.665,,,{},2026-08-22 09:12:01.054763+00:00
4f6fa5d3-514b-4339-a65f-77df08f2d301,e52aceb7-9bc0-403c-a7ee-524034694c23,9a23aea1-b096-47cf-abe6-f4d4b1115ce7,8.83% State Government of Uttar Pradesh 2026,IN3320150383,,,2500000.0,2529.1,INR,5.16,5.7401,,,{},2026-08-22 09:12:01.054763+00:00
740f6012-5e36-4ed2-8f94-c44eafadd821,e52aceb7-9bc0-403c-a7ee-524034694c23,5ec821c4-d7fd-4b7f-9175-9a1f4978b1b8,7.90% State Government of Rajasthan 2026,IN2920200028,,,2500000.0,2525.99,INR,5.15,5.920073,,,{},2026-08-22 09:12:01.054763+00:00
8cc85170-3242-4f45-b56e-b6453c6fbae0,e52aceb7-9bc0-403c-a7ee-524034694c23,2fd923bc-2953-492c-b0b9-a29ab261065f,8.54% State Government of Bihar 2026,IN1320150031,,,2000000.0,2018.5,INR,4.12,5.78,,,{},2026-08-22 09:12:01.054763+00:00
2e4bbd7f-4c48-4d59-8d64-d883e96f5bee,e52aceb7-9bc0-403c-a7ee-524034694c23,e74f4d09-7f02-4b6f-b368-11cc3fcf8b4b,8.42% State Government of Kerala 2026,IN2020150149,,,1500000.0,1512.47,INR,3.08,5.6894,,,{},2026-08-22 09:12:01.054763+00:00
d5692332-8e66-41ae-ae49-34f039da031f,e52aceb7-9bc0-403c-a7ee-524034694c23,7b21398a-08e5-4cae-b56b-ca4550dec585,8.36% State Government of Maharashtra 2026,IN2220150170,,,1000000.0,1008.2,INR,2.06,5.665,,,{},2026-08-22 09:12:01.054763+00:00
ce8da36f-3e56-406b-b42b-8029d2ddc880,e52aceb7-9bc0-403c-a7ee-524034694c23,99214bcc-574f-4df9-a5ba-c314d13f8d52,8.38% State Government of Rajasthan 2026,IN2920150231,,,1000000.0,1008.15,INR,2.06,5.70005,,,{},2026-08-22 09:12:01.054763+00:00
aeccf7a5-ab3f-4d45-a37a-60e602c036ee,e52aceb7-9bc0-403c-a7ee-524034694c23,ea52dc65-8903-4e99-88e0-a6a0209b106e,6.18% State Government of Gujarat 2026,IN1520200339,,,1000000.0,1002.43,INR,2.04,5.685,,,{},2026-08-22 09:12:01.054763+00:00
e2a200f5-ae36-4932-a8d4-251afaf71cb4,e52aceb7-9bc0-403c-a7ee-524034694c23,666aa951-2b0c-46ac-b01d-9e25d5d13b6b,8.32% State Government of Chhattisgarh 2026,IN3520150043,,,500000.0,503.46,INR,1.03,5.7,,,{},2026-08-22 09:12:01.054763+00:00
28dbfadd-2a52-4f6c-805b-f27298ae6347,e52aceb7-9bc0-403c-a7ee-524034694c23,517fbaf1-9e0f-4a2f-be57-fe9585a3b728,8.51% State Government of Haryana 2026,IN1620150137,,,300000.0,302.8,INR,0.62,5.73005,,,{},2026-08-22 09:12:01.054763+00:00
9fabb0c8-3d0b-4ec0-881b-f70fe81bb4c9,e52aceb7-9bc0-403c-a7ee-524034694c23,16657ff3-abdb-44e6-bf8b-8c3c09b8370e,GOI 22.04.2026 GOV,IN000426C048,,,3480000.0,3370.33,INR,6.87,5.9032269,,,{},2026-08-22 09:12:01.054763+00:00
569ae86b-731e-43d0-8f1b-650f5306c607,e52aceb7-9bc0-403c-a7ee-524034694c23,f04ea650-3e26-4a02-b0df-bad276b1fe10,GOI 12.12.2025 GOV,IN001225C043,,,1815000.0,1795.47,INR,3.66,5.5157,,,{},2026-08-22 09:12:01.054763+00:00
72b9ac3c-06c5-455d-975a-6362896ff035,e52aceb7-9bc0-403c-a7ee-524034694c23,d0c7432f-c18a-441b-b17b-26655a1a2721,GOI 22.02.2026 GOV,IN000226C026,,,1621000.0,1585.05,INR,3.23,5.74885,,,{},2026-08-22 09:12:01.054763+00:00
51a219f7-012e-4b1c-85e9-56123fee807d,e52aceb7-9bc0-403c-a7ee-524034694c23,deb5674c-24c2-43c0-80df-7a2ea003d2fd,GOI 12.03.2026 GOV,IN000326C057,,,1562000.0,1523.13,INR,3.11,5.7507,,,{},2026-08-22 09:12:01.054763+00:00
f4691355-2a81-4138-942c-74f7f26bab15,e52aceb7-9bc0-403c-a7ee-524034694c23,c45759aa-f32f-4a6d-9b1d-9d273b889223,GOI 19.03.2026 GOV,IN000326C040,,,1208000.0,1176.66,INR,2.4,5.75185,,,{},2026-08-22 09:12:01.054763+00:00
657353c7-a125-46b6-bc36-d75c8553bdc5,e52aceb7-9bc0-403c-a7ee-524034694c23,9380e4fa-673d-445b-a18d-1111d5b62a32,GOI 15.03.2026 GOV,IN000326C024,,,1200000.0,1169.59,INR,2.39,5.7512,,,{},2026-08-22 09:12:01.054763+00:00
3274c1ab-048d-4e1e-a9a8-8f63e62799f0,e52aceb7-9bc0-403c-a7ee-524034694c23,66363ff4-dfee-490b-9abb-4020fa24d5b3,GOI 15.12.2025 GOV,IN001225C050,,,837000.0,827.62,INR,1.69,5.51445,,,{},2026-08-22 09:12:01.054763+00:00
acb58e8a-3258-4300-b9c7-a2ea3ff32de3,e52aceb7-9bc0-403c-a7ee-524034694c23,de627502-3b6b-4c50-a2d9-8d059c45db14,GOI 19.12.2025 GOV,IN001225C092,,,122000.0,120.56,INR,0.25,5.51285,,,{},2026-08-22 09:12:01.054763+00:00
e91f4baa-52de-4c1b-81b7-d98e1f4f3395,e52aceb7-9bc0-403c-a7ee-524034694c23,8238c64b-43a3-4d73-9140-5e18adc162c0,8.07% State Government of Rajasthan 2026,IN2920160032,,,9500000.0,9641.73,INR,24.37,5.945773,,,{},2026-08-22 09:12:01.054763+00:00
32d13261-609b-4441-99de-6defa2fdea23,e52aceb7-9bc0-403c-a7ee-524034694c23,1747b7a3-fc61-4ae7-ac44-5398a60dad52,8.09% State Government of West Bengal 2026,IN3420160019,,,6000000.0,6090.38,INR,15.39,5.944435,,,{},2026-08-22 09:12:01.054763+00:00
d54108fa-b2df-4703-9cd9-2a0f8b37de9c,e52aceb7-9bc0-403c-a7ee-524034694c23,77942c8b-ab45-4c69-aa28-7aa62847f457,8.07% State Government of Tamil Nadu 2026,IN3120160053,,,4500000.0,4568.69,INR,11.55,5.8944051,,,{},2026-08-22 09:12:01.054763+00:00
9990a2f0-e24b-43e5-a406-b86964b6b22f,e52aceb7-9bc0-403c-a7ee-524034694c23,98dce365-5557-4964-9171-2d46fe39721b,8.02% State Government of Telangana 2026,IN4520160032,,,2500000.0,2532.23,INR,6.4,5.90985,,,{},2026-08-22 09:12:01.054763+00:00
e2835f71-fc45-492a-bd71-b0f8f59c6f06,e52aceb7-9bc0-403c-a7ee-524034694c23,0e85ecc6-6300-4963-a040-e22fa650aad9,8.09% State Government of Andhra Pradesh 2026,IN1020160025,,,2000000.0,2030.35,INR,5.13,5.9282667,,,{},2026-08-22 09:12:01.054763+00:00
621782c8-58e3-4776-900d-79658a71e444,e52aceb7-9bc0-403c-a7ee-524034694c23,f7d47faa-c0b5-4533-83ec-29cf0d76a885,8.05% State Government of Gujarat 2026,IN1520160053,,,1000000.0,1015.13,INR,2.57,5.8944051,,,{},2026-08-22 09:12:01.054763+00:00
f267c8a9-35a8-4835-883f-87118c763e26,e52aceb7-9bc0-403c-a7ee-524034694c23,7e8f47d2-95a8-4dee-b914-4e2db995bcc5,GOI 15.06.2026 GOV,IN000626C050,,,4714500.0,4527.38,INR,11.44,5.9086225,,,{},2026-08-22 09:12:01.054763+00:00
000428d7-0466-46fd-b0b6-8c1ada8d2e60,e52aceb7-9bc0-403c-a7ee-524034694c23,6280c30f-c029-4483-9310-9759960b8f1e,GOI 15.04.2026 GOV,IN000426C055,,,1800000.0,1745.26,INR,4.41,5.8990133,,,{},2026-08-22 09:12:01.054763+00:00
c008e722-edff-4f41-90ac-45137ddc3781,e52aceb7-9bc0-403c-a7ee-524034694c23,0bbb4e11-9da0-4c59-b3a4-c1ea0ff5e3c3,GOI 16.06.2026 GOV,IN000626C076,,,1471900.0,1413.26,INR,3.57,5.9086225,,,{},2026-08-22 09:12:01.054763+00:00
29197e70-07bd-46a2-8262-633e25e55970,e52aceb7-9bc0-403c-a7ee-524034694c23,b0a803c7-557f-49c5-9245-9e4719ca0a55,GOI 19.06.2026 GOV,IN000626C092,,,1022000.0,980.81,INR,2.48,5.9086225,,,{},2026-08-22 09:12:01.054763+00:00
4c434654-bcbd-46a6-923e-6815a15cff7b,e52aceb7-9bc0-403c-a7ee-524034694c23,553a10dd-fb19-487f-8a58-41c14c5397df,GOI 23.06.2026 GOV,IN000626C068,,,1015300.0,973.76,INR,2.46,5.9086225,,,{},2026-08-22 09:12:01.054763+00:00
76c9f25c-7bd0-4f0d-974d-c46c3bb38f78,e52aceb7-9bc0-403c-a7ee-524034694c23,b370de1b-842d-49af-ada7-38f9a1161ab3,GOI 17.06.2026 GOV,IN000626C035,,,700000.0,672.0,INR,1.7,5.9086225,,,{},2026-08-22 09:12:01.054763+00:00
3bf7b593-16ac-4a16-85fc-a0b23c569f42,e52aceb7-9bc0-403c-a7ee-524034694c23,81701dd6-0991-4ca8-a273-be679360d2e4,GOI 12.06.2026 GOV,IN000626C043,,,575000.0,552.44,INR,1.4,5.9086225,,,{},2026-08-22 09:12:01.054763+00:00
60e365e4-fe41-4532-9361-4602b507c796,e52aceb7-9bc0-403c-a7ee-524034694c23,879ec76f-34e8-4eab-b3d8-91a094a15d7b,GOI 06.05.2026 GOV,IN000526C029,,,275000.0,265.73,INR,0.67,5.9086225,,,{},2026-08-22 09:12:01.054763+00:00
b8691b26-5a4d-46b6-8eb6-442fa8d5cbf8,e52aceb7-9bc0-403c-a7ee-524034694c23,31c63c9c-b807-4a09-a772-c2721d6518d1,8.60% State Government of Bihar 2026,IN1320150056,,,5500000.0,5566.59,INR,23.99,5.785,,,{},2026-08-22 09:12:01.054763+00:00
99550328-b5a2-4d8a-b34e-03a2ebfdc546,e52aceb7-9bc0-403c-a7ee-524034694c23,c99268a0-5795-4ffc-81bd-56ce158fa726,8.01% State Government of Tamil Nadu 2026,IN3120160038,,,2000000.0,2025.85,INR,8.73,5.8944051,,,{},2026-08-22 09:12:01.054763+00:00
28c75b8f-2bb9-4432-b9d3-92d1921ec2fe,e52aceb7-9bc0-403c-a7ee-524034694c23,424376a9-8eae-4ca3-ac29-b4915b179dc9,7.97% State Government of Telangana 2026,IN4520160057,,,1000000.0,1015.27,INR,4.37,5.90985,,,{},2026-08-22 09:12:01.054763+00:00
5960d1e8-4e95-4c13-acb6-ad386e731406,e52aceb7-9bc0-403c-a7ee-524034694c23,f00fceb5-9034-4f97-8c19-62886712d66c,8.03% State Government of Uttar Pradesh 2026,IN3320160028,,,1000000.0,1012.86,INR,4.36,5.925389,,,{},2026-08-22 09:12:01.054763+00:00
b09ffbd7-52c3-4927-98ea-3ee60b471fb2,e52aceb7-9bc0-403c-a7ee-524034694c23,71fc79a3-936a-4cb7-b97e-a9d9a56c265d,8.08% State Government of Maharashtra 2026,IN2220160013,,,750000.0,761.5,INR,3.28,5.8944051,,,{},2026-08-22 09:12:01.054763+00:00
152b4b58-e1d6-467b-85c6-a997c1fb0fd7,e52aceb7-9bc0-403c-a7ee-524034694c23,dd45fff5-f947-478f-a363-a5394f3f5239,7.98% State Government of Kerala 2026,IN2020160056,,,500000.0,507.63,INR,2.19,5.919523,,,{},2026-08-22 09:12:01.054763+00:00
1c16c883-0908-45ef-ac77-4796c7d3c294,e52aceb7-9bc0-403c-a7ee-524034694c23,f031057a-81e9-4047-a10e-1d5cd0937eec,7.85% State Government of Telangana 2026,IN4520160065,,,4000000.0,4058.62,INR,29.99,5.9762962,,,{},2026-08-22 09:12:01.054763+00:00
224ed64b-b984-4810-bf73-9d39d709d370,e52aceb7-9bc0-403c-a7ee-524034694c23,68b46e7b-ff40-4f7d-aee3-f9b8a2471641,7.86% State Government of West Bengal 2026,IN3420160027,,,1800000.0,1826.33,INR,13.49,5.9903525,,,{},2026-08-22 09:12:01.054763+00:00
91b49b93-e4b9-41e7-bca3-fa949d1511f7,e52aceb7-9bc0-403c-a7ee-524034694c23,81c5210a-10d9-4edc-ae86-6ce965070284,7.83% State Government of Gujarat 2026,IN1520160061,,,200000.0,202.98,INR,1.5,5.925282,,,{},2026-08-22 09:12:01.054763+00:00
cfbb0cb0-24c7-4bb8-9839-cde59821808b,e52aceb7-9bc0-403c-a7ee-524034694c23,48884781-a4b1-4036-ae53-3c1626e54f11,7.86% State Government of Uttar Pradesh 2026,IN3320160184,,,20000000.0,20295.38,INR,50.29,5.9712513,,,{},2026-08-22 09:12:01.054763+00:00
927abf11-4d63-4f64-8697-fbc2a14a9270,e52aceb7-9bc0-403c-a7ee-524034694c23,ee43a2f1-ff6d-40be-b558-e0a05b10fa41,8.07% State Government of Kerala 2026,IN2020160049,,,1500000.0,1522.64,INR,3.77,5.919523,,,{},2026-08-22 09:12:01.054763+00:00
8b3455fc-8aaf-4655-b08f-f8f8c164f81c,e52aceb7-9bc0-403c-a7ee-524034694c23,2175e5d2-9fe0-4280-941c-0ec91db95dbb,6.24% State Government of Maharashtra 2026,IN2220210214,,,1507600.0,1512.27,INR,3.75,5.940682,,,{},2026-08-22 09:12:01.054763+00:00
bdcde9bf-36d9-4f76-91ce-4c10f95e7e29,e52aceb7-9bc0-403c-a7ee-524034694c23,ed451ce2-8113-4e10-af4a-92a6778fcb58,8.02% State Government of Telangana 2026,IN4520160040,,,700000.0,709.58,INR,1.76,5.90985,,,{},2026-08-22 09:12:01.054763+00:00
d5d6e841-cf4c-472e-b722-070a01bf5d40,e52aceb7-9bc0-403c-a7ee-524034694c23,67f7b784-49ab-4012-8a63-89ec0383e220,7.85% State Government of Andhra Pradesh 2026,IN1020160033,,,500000.0,507.34,INR,1.26,5.974182,,,{},2026-08-22 09:12:01.054763+00:00
e9f221af-4461-40d4-82bb-63c07b526d17,e52aceb7-9bc0-403c-a7ee-524034694c23,dcbc2daf-4166-4801-ac2b-5c3e817c9d72,7.38% State Government of Rajasthan 2026,IN2920160156,,,2499900.0,2533.36,INR,20.21,5.9968411,,,{},2026-08-22 09:12:01.054763+00:00
06009793-2393-4901-91e3-ecf3aca422c2,e52aceb7-9bc0-403c-a7ee-524034694c23,6efcf0b7-ecbb-46fe-b224-e21f8543849e,7.39% State Government of Uttarakhand 2026,IN3620160033,,,2000000.0,2027.14,INR,16.17,5.9866033,,,{},2026-08-22 09:12:01.054763+00:00
bb40ec5c-f9ab-4e97-ab29-66511052cac4,e52aceb7-9bc0-403c-a7ee-524034694c23,fc69eeea-ec21-4394-a4d9-a8bad198fb1b,7.37% State Government of Tamil Nadu 2026,IN3120160103,,,1500000.0,1520.91,INR,12.13,5.925282,,,{},2026-08-22 09:12:01.054763+00:00
3a26b032-d64c-4df4-ad31-c9ed784b3d58,e52aceb7-9bc0-403c-a7ee-524034694c23,6cb7651b-999c-4080-8695-c39ca33d9beb,7.62% State Government of Tamil Nadu 2026,IN3120160087,,,500000.0,507.01,INR,4.04,5.989132,,,{},2026-08-22 09:12:01.054763+00:00
4852b3b4-5455-44ad-a82b-66a4ebbf633a,e52aceb7-9bc0-403c-a7ee-524034694c23,aca092b2-9d67-4472-b7fd-b64abe6c838c,GOI 19.09.2026 GOV,IN000926C047,,,800000.0,757.16,INR,6.04,5.8594198,,,{},2026-08-22 09:12:01.054763+00:00
71e606a0-37cc-4aff-b827-957632dd9fcd,e52aceb7-9bc0-403c-a7ee-524034694c23,8bbb387c-3cf6-4120-bbd5-71801ef2793e,7.16% State Government of Madhya Pradesh 2026,IN2120160048,,,5000000.0,5060.3,INR,16.44,5.9761898,,,{},2026-08-22 09:12:01.054763+00:00
9cd47ad2-840c-49d2-b6f0-7c227e9853ed,e52aceb7-9bc0-403c-a7ee-524034694c23,738603d0-2a99-4a85-a4d9-f63cadc9918e,7.37% State Government of Maharashtra 2026,IN2220160062,,,3100000.0,3143.2,INR,10.21,5.925282,,,{},2026-08-22 09:12:01.054763+00:00
bbcdbcb1-0620-42dd-a2d2-25b992f027da,e52aceb7-9bc0-403c-a7ee-524034694c23,e14a5019-fb0d-4aa2-ab9e-ce13492ff1ec,7.60% State Government of Gujarat 2026,IN1520160087,,,2500000.0,2535.09,INR,8.24,5.966632,,,{},2026-08-22 09:12:01.054763+00:00
e9002d4d-5a38-40c5-83be-31bf1455000f,e52aceb7-9bc0-403c-a7ee-524034694c23,17578e4f-ec28-4d8c-a238-ff5876a2e67e,7.62% State Government of Telangana 2026,IN4520160081,,,2500000.0,2534.57,INR,8.24,6.0123462,,,{},2026-08-22 09:12:01.054763+00:00
4f75e4c5-1b34-4100-9fb4-a1d4e930b2c6,e52aceb7-9bc0-403c-a7ee-524034694c23,d9898a3e-061d-4739-b0fb-887a6e3b8622,7.39% State Government of Uttar Pradesh 2026,IN3320160226,,,2000000.0,2027.41,INR,6.59,5.9712513,,,{},2026-08-22 09:12:01.054763+00:00
b7c0b45e-960d-477b-b68a-74f288bc6f16,e52aceb7-9bc0-403c-a7ee-524034694c23,11e20d73-fb92-44b5-b67e-ff11a5eb925e,7.16% State Government of Maharashtra 2026,IN2220160070,,,500000.0,506.27,INR,1.65,5.925282,,,{},2026-08-22 09:12:01.054763+00:00
c34a74c9-91f3-44c7-85d4-087f32378a2e,e52aceb7-9bc0-403c-a7ee-524034694c23,d2f9bf88-9211-42c0-abcd-a78fda86a4db,6.29% State Government of Rajasthan 2026,IN2920210225,,,411200.0,412.42,INR,1.34,5.9711411,,,{},2026-08-22 09:12:01.054763+00:00
de6c03bd-9725-4b74-a985-6c8762791387,e52aceb7-9bc0-403c-a7ee-524034694c23,c53eee99-2380-450f-8e2e-1f6a3658df8b,7.69% State Government of Maharashtra 2026,IN2220160047,,,200000.0,202.9,INR,0.66,5.925282,,,{},2026-08-22 09:12:01.054763+00:00
482b77b1-d51e-4784-a99b-2cca53b8818b,e52aceb7-9bc0-403c-a7ee-524034694c23,7cd6e829-cb71-4a51-aba1-5bf4eb839965,GOI 02.07.2026 GOV,IN000726C017,,,2500000.0,2395.17,INR,7.78,5.8559253,,,{},2026-08-22 09:12:01.054763+00:00
545eac75-13f9-458c-bc97-a0f6fe7edcec,e52aceb7-9bc0-403c-a7ee-524034694c23,6f2e3fd8-a505-4ce7-8f5d-2bee0c7cf499,GOI 15.09.2026 GOV,IN000926C021,,,275000.0,260.44,INR,0.85,5.8597795,,,{},2026-08-22 09:12:01.054763+00:00
5feef825-8625-461d-9412-661b35bc3300,e52aceb7-9bc0-403c-a7ee-524034694c23,d4671e01-8327-4c9a-93db-18dc3afb3d44,GOI 12.09.2026 GOV,IN000926C054,,,200000.0,189.5,INR,0.62,5.8600365,,,{},2026-08-22 09:12:01.054763+00:00
5025ac98-aac6-4e2e-9003-396b41c41847,e52aceb7-9bc0-403c-a7ee-524034694c23,0890c5b3-72b9-4cdb-ba9c-fd097f98a76b,7.19% State Government of West Bengal 2026,IN3420160068,,,500000.0,506.08,INR,3.58,5.9955025,,,{},2026-08-22 09:12:01.054763+00:00
afeed229-017e-4376-ab75-5fa46e506343,e52aceb7-9bc0-403c-a7ee-524034694c23,510c661e-4251-4a11-8d1a-9492b0a1cb55,7.69% State Government of West Bengal 2026,IN3420160035,,,200000.0,202.8,INR,1.44,5.9903525,,,{},2026-08-22 09:12:01.054763+00:00
4515ef4f-bfaf-405b-abea-f425c7611ea5,e52aceb7-9bc0-403c-a7ee-524034694c23,5f7c0933-5e56-463b-9218-b9d1da46ffef,7.39% State Government of Telangana 2026,IN4520160099,,,13000000.0,13177.59,INR,41.4,5.9762962,,,{},2026-08-22 09:12:01.054763+00:00
5cee888d-c8fb-494e-92a2-59bbae43918a,e52aceb7-9bc0-403c-a7ee-524034694c23,bf2be978-e654-4c05-b93e-0048d2b95562,7.25% State Government of West Bengal 2026,IN3420160084,,,4000000.0,4044.83,INR,12.71,6.2390769,,,{},2026-08-22 09:12:01.054763+00:00
268ea2ad-7e20-4315-8225-b5a435bb3c3e,e52aceb7-9bc0-403c-a7ee-524034694c23,2c5e46b3-b1c9-4bee-a962-0130db1c1c19,7.15% State Government of Madhya Pradesh 2026,IN2120160055,,,2500000.0,2525.7,INR,7.94,6.1983226,,,{},2026-08-22 09:12:01.054763+00:00
821bf2a3-a64c-4393-99eb-44380ebdb38e,e52aceb7-9bc0-403c-a7ee-524034694c23,7468b25a-c95d-4767-86f3-7221781e030b,7.23% State Government of Tamil Nadu 2026,IN3120160129,,,1068700.0,1081.17,INR,3.4,6.1725626,,,{},2026-08-22 09:12:01.054763+00:00
9588719c-e672-4a7f-9ff5-e4684136d7ee,e52aceb7-9bc0-403c-a7ee-524034694c23,6400e174-c2ef-40b2-b9da-8ee4a72d9dd6,7.17% State Government of Himachal Pradesh 2026,IN1720160010,,,1000000.0,1010.22,INR,3.17,6.2245835,,,{},2026-08-22 09:12:01.054763+00:00
b1d202a1-7a65-46a3-9316-ffb37871e090,e52aceb7-9bc0-403c-a7ee-524034694c23,27aaba6c-2c25-4da1-b6f3-6d58cc82de0b,7.15% State Government of Maharashtra 2026,IN2220160088,,,500000.0,505.25,INR,1.59,6.1753006,,,{},2026-08-22 09:12:01.054763+00:00
2e7e6184-3e5d-468d-b69a-a6b76fbda24f,e52aceb7-9bc0-403c-a7ee-524034694c23,28ce73a5-1aab-4e82-a42b-ee01eda59f07,7.25% State Government of Jharkhand 2026,IN3720160016,,,294200.0,297.52,INR,0.93,6.2330907,,,{},2026-08-22 09:12:01.054763+00:00
62463c2d-719e-4d24-8a9e-1b0bbc359c64,e52aceb7-9bc0-403c-a7ee-524034694c23,a302ff4b-1946-4106-a4a7-0524c8a49347,7.14% State Government of Tamil Nadu 2026,IN3120160111,,,260000.0,262.71,INR,0.83,6.1725626,,,{},2026-08-22 09:12:01.054763+00:00
80ec5075-681f-4d29-8be3-5b0e173e878e,e52aceb7-9bc0-403c-a7ee-524034694c23,3a739cda-d27b-4f3e-b0c9-c42bb7ae6280,GOI 22.10.2026 GOV,IN001026C037,,,500000.0,470.74,INR,1.48,5.8635825,,,{},2026-08-22 09:12:01.054763+00:00
58008e6d-e7c7-4fb4-864e-4d8108f34721,e52aceb7-9bc0-403c-a7ee-524034694c23,c399b2bb-c602-46db-94a5-b843373d4f03,GOI 06.11.2026 GOV,IN001126C027,,,225000.0,211.43,INR,0.66,5.8322759,,,{},2026-08-22 09:12:01.054763+00:00
382e8f81-0c45-47e7-ba41-36e8c2edf55b,e52aceb7-9bc0-403c-a7ee-524034694c23,356f35e6-85cd-42bf-8526-674a84cadb7a,GOI 26.10.2026 GOV,IN001026C011,,,150000.0,141.13,INR,0.44,5.864559,,,{},2026-08-22 09:12:01.054763+00:00
31b28fc4-0a08-437b-bd3c-5683dfc1ff5f,e52aceb7-9bc0-403c-a7ee-524034694c23,37c176ea-25c0-4ced-bf5e-3deb67f9c880,7.41% State Government of Uttar Pradesh 2026,IN3320160267,,,2500000.0,2534.41,INR,65.41,6.1880147,,,{},2026-08-22 09:12:01.054763+00:00
0a01ca75-db5d-449e-a93b-83e54596ecef,e52aceb7-9bc0-403c-a7ee-524034694c23,2006adf8-843f-474e-86fc-6cc6361faba1,7.05% State Government of Tamil Nadu 2026,IN3120190191,,,275000.0,277.86,INR,7.17,6.1725626,,,{},2026-08-22 09:12:01.054763+00:00
11d9aa0f-0ffa-4942-98ef-3bca1b400bd8,e52aceb7-9bc0-403c-a7ee-524034694c23,b8273bbd-ba04-42fd-866e-5945f85704db,7.39% State Government of Maharashtra 2026,IN2220160104,,,100000.0,101.37,INR,2.62,6.1738506,,,{},2026-08-22 09:12:01.054763+00:00
8da3e4c5-8cab-4b2f-888c-b96af60df6ef,e52aceb7-9bc0-403c-a7ee-524034694c23,299f89c7-9f3d-4491-a40f-06902650c73c,7.39% State Government of Haryana 2026,IN1620160227,,,5000000.0,5066.97,INR,19.39,6.2033211,,,{},2026-08-22 09:12:01.054763+00:00
e9be21d0-e709-4ab4-a350-609b19e826c1,e52aceb7-9bc0-403c-a7ee-524034694c23,1f568686-4a93-4265-b77c-a7999c4e4c5d,7.14% State Government of Karnataka 2026,IN1920160018,,,5000000.0,5052.5,INR,19.33,6.1651001,,,{},2026-08-22 09:12:01.054763+00:00
f9425741-fc4d-4341-9c2d-e883b9e83285,e52aceb7-9bc0-403c-a7ee-524034694c23,6bbe1c5e-328f-4675-a7fc-c5984621985e,7.42% State Government of Uttarakhand 2026,IN3620160074,,,4000000.0,4054.19,INR,15.51,6.2189671,,,{},2026-08-22 09:12:01.054763+00:00
64651e1b-03a9-4867-84c4-6cb67a4f3603,e52aceb7-9bc0-403c-a7ee-524034694c23,4b682f3f-f327-47db-9501-9fed056a30ed,6.84% State Government of Tamil Nadu 2026,IN3120160145,,,2500000.0,2520.57,INR,9.64,6.1674126,,,{},2026-08-22 09:12:01.054763+00:00
ef446d96-8646-463f-9151-2518008e6875,e52aceb7-9bc0-403c-a7ee-524034694c23,bcfbbd9d-8212-4c22-b8e9-742df458c74d,6.82% State Government of Rajasthan 2026,IN2920160198,,,2500000.0,2518.52,INR,9.64,6.2240312,,,{},2026-08-22 09:12:01.054763+00:00
a5162cba-2549-4673-a779-8c51a9dc6984,e52aceb7-9bc0-403c-a7ee-524034694c23,9475953f-11a5-486c-9fff-d72a55b21ef4,7.05% State Government of Gujarat 2026,IN1520160152,,,500000.0,505.48,INR,1.93,6.1725626,,,{},2026-08-22 09:12:01.054763+00:00
9c066152-a823-4f1c-bf6a-82ae391ca965,e52aceb7-9bc0-403c-a7ee-524034694c23,edf54b14-2d52-4099-9776-4e838669d2d9,7.10% State Government of West Bengal 2026,IN3420160118,,,105100.0,106.2,INR,0.41,6.2645769,,,{},2026-08-22 09:12:01.054763+00:00
96cedd85-a795-40ba-a9bb-1457f171f5df,e52aceb7-9bc0-403c-a7ee-524034694c23,a821dfc0-eaf6-4858-a2ac-fdc7c60fb01c,GOI 15.12.2026 GOV,IN001226C058,,,620000.0,578.72,INR,2.21,5.8819384,,,{},2026-08-22 09:12:01.054763+00:00
ff3d8113-11d0-45c6-965d-e1508672dac8,e52aceb7-9bc0-403c-a7ee-524034694c23,683a57af-51b4-4865-994b-06c22c30c24a,GOI 12.12.2026 GOV,IN001226C041,,,600000.0,560.33,INR,2.14,5.8811674,,,{},2026-08-22 09:12:01.054763+00:00
b5899795-2c79-4ba8-8da1-290de26ee868,e52aceb7-9bc0-403c-a7ee-524034694c23,e4b71b6a-044e-4d74-978c-30019a647960,GOI 01.12.2026 GOV,IN001226C082,,,100000.0,93.55,INR,0.36,5.8784948,,,{},2026-08-22 09:12:01.054763+00:00
fb0ff0eb-3419-4951-9b79-196bcd1bef18,e52aceb7-9bc0-403c-a7ee-524034694c23,27b5e510-ecc0-42c7-9a21-5219d13563c6,7.07% State Government of Tamil Nadu 2026,IN3120160152,,,1000000.0,1011.19,INR,3.82,6.1725626,,,{},2026-08-22 09:12:01.054763+00:00
6eeaa273-c123-47f0-b77a-15435915b297,e52aceb7-9bc0-403c-a7ee-524034694c23,a1e1205a-694b-4735-883b-40d4a1a33bce,6.86% State Government of Haryana 2026,IN1620160235,,,1000000.0,1008.12,INR,3.81,6.1981711,,,{},2026-08-22 09:12:01.054763+00:00
ee460461-b0bb-433a-b37b-bfe72e38b7da,e52aceb7-9bc0-403c-a7ee-524034694c23,a4f567db-d01d-4df4-9312-4e6d8a38eaca,7.08% State Government of Karnataka 2026,IN1920160059,,,500000.0,505.67,INR,1.91,6.1687501,,,{},2026-08-22 09:12:01.054763+00:00
f0cc71c1-c70d-45a7-b44a-8a027a667ed5,e52aceb7-9bc0-403c-a7ee-524034694c23,c182c7f0-7fb7-45b0-a823-2a68a35b76fd,GOI 17.12.2026 GOV,IN001226C033,,,4551500.0,4247.1,INR,16.05,5.8824524,,,{},2026-08-22 09:12:01.054763+00:00
9f6a82d6-f357-40bf-8701-6e7131a755f6,e52aceb7-9bc0-403c-a7ee-524034694c23,aa2b55a1-a94d-49f6-aff1-6d742c22feaf,GOI 19.12.2026 GOV,IN001226C090,,,625000.0,583.01,INR,2.2,5.882915,,,{},2026-08-22 09:12:01.054763+00:00
42eccde0-e251-49d4-a876-2a28d8980f42,e52aceb7-9bc0-403c-a7ee-524034694c23,d5fdb996-e6bb-4d99-a91e-f805a4f0fedd,7.16% State Government of Tamil Nadu 2027,IN3120160178,,,5000000.0,5061.41,INR,19.57,6.229118,,,{},2026-08-22 09:12:01.054763+00:00
7c2163f7-a0fd-4e35-b7eb-6ef2a715e685,e52aceb7-9bc0-403c-a7ee-524034694c23,d17786e4-ee59-4e7a-bd20-5cad3dd9a6cc,7.15% State Government of Karnataka 2027,IN1920160075,,,4000000.0,4048.51,INR,15.66,6.2319522,,,{},2026-08-22 09:12:01.054763+00:00
94d8af85-856c-4cae-a6c7-e4e7b04fef32,e52aceb7-9bc0-403c-a7ee-524034694c23,e5658f54-9ba0-4644-b705-a3e751338c00,7.14% State Government of Gujarat 2027,IN1520160178,,,4000000.0,4047.92,INR,15.65,6.2342711,,,{},2026-08-22 09:12:01.054763+00:00
11283375-5980-43b8-945c-8b6cc34c25ae,e52aceb7-9bc0-403c-a7ee-524034694c23,b9454624-5c1a-40f9-9f21-0c065eda461f,7.17% State Government of Uttar Pradesh 2027,IN3320160291,,,2500000.0,2529.73,INR,9.78,6.2721446,,,{},2026-08-22 09:12:01.054763+00:00
cd4092f4-79b8-4994-9e0e-f5a1022f955a,e52aceb7-9bc0-403c-a7ee-524034694c23,5810c3c4-c555-4c23-b239-5255b72f6500,7.15% State Government of Kerala 2027,IN2020160130,,,2500000.0,2529.4,INR,9.78,6.2628667,,,{},2026-08-22 09:12:01.054763+00:00
1a9d7ac5-ad83-48d2-b57e-cd773c358259,e52aceb7-9bc0-403c-a7ee-524034694c23,8cd4a6fd-de6b-43b1-9f19-941e686d2c82,7.15% State Government of Rajasthan 2027,IN2920160222,,,221100.0,223.66,INR,0.86,6.2783127,,,{},2026-08-22 09:12:01.054763+00:00
0bfe90ce-36c4-4f07-a16a-133baa6b6b7b,e52aceb7-9bc0-403c-a7ee-524034694c23,cafb15bd-845c-4bac-a27c-e8b19e72afb7,7.86% State Government of Karnataka 2027,IN1920160117,,,7500000.0,7676.39,INR,30.09,6.2371022,,,{},2026-08-22 09:12:01.054763+00:00
a9c3c5ce-d945-4f72-abf1-343fc8dd0b0f,e52aceb7-9bc0-403c-a7ee-524034694c23,b23d2222-96e1-455f-b71f-183c82d2ed06,7.88% State Government of Andhra Pradesh 2027,IN1020160454,,,5000000.0,5117.4,INR,20.06,6.2602897,,,{},2026-08-22 09:12:01.054763+00:00
599cace0-ee97-4781-9edb-cd0f67f16ee6,e52aceb7-9bc0-403c-a7ee-524034694c23,21418567-c6f3-4807-99f4-d32d8465f8af,7.62% State Government of Andhra Pradesh 2027,IN1020160462,,,2000000.0,2040.93,INR,8.0,6.2602897,,,{},2026-08-22 09:12:01.054763+00:00
62a1e134-7a62-4f1d-99d8-971e8006b78c,e52aceb7-9bc0-403c-a7ee-524034694c23,f26ded65-3205-412b-969c-7ba39064dc83,7.62% State Government of Tamil Nadu 2027,IN3120161424,,,1000000.0,1020.82,INR,4.0,6.234268,,,{},2026-08-22 09:12:01.054763+00:00
6ecec56e-d606-4b26-a888-55e6a09b8eb1,e52aceb7-9bc0-403c-a7ee-524034694c23,7b4e2f8e-0fbc-441a-a37d-ceed4dee2468,7.61% State Government of Rajasthan 2027,IN2920160446,,,1000000.0,1020.0,INR,4.0,6.2834627,,,{},2026-08-22 09:12:01.054763+00:00
eac7c444-1103-43ee-8e19-bb687d8fa900,e52aceb7-9bc0-403c-a7ee-524034694c23,61ed577d-1755-46ef-ab3d-0db0082b0fc0,GOI 19.03.2027 GOV,IN000327C048,,,1759000.0,1614.94,INR,6.33,6.0001233,,,{},2026-08-22 09:12:01.054763+00:00
6fa9fdac-1f2f-47e4-8072-24a158cf8539,e52aceb7-9bc0-403c-a7ee-524034694c23,15b9084f-7110-4b73-af7e-361340ace7ce,GOI 22.02.2027 GOV,IN000227C024,,,1521000.0,1402.67,INR,5.5,5.9934402,,,{},2026-08-22 09:12:01.054763+00:00
0a7148ac-325e-4795-b012-5215bb2d997d,e52aceb7-9bc0-403c-a7ee-524034694c23,9d068220-46b5-4b1d-9419-b80631c18f4c,GOI 12.03.2027 GOV,IN000327C055,,,170000.0,156.26,INR,0.61,5.9983754,,,{},2026-08-22 09:12:01.054763+00:00
86dfcf6e-25d7-4845-a3d9-65edea80b4f3,e52aceb7-9bc0-403c-a7ee-524034694c23,d03a58c4-14d9-4574-9b05-e581614abfbb,7.23% State Government of Rajasthan 2027,IN2920170023,,,5000000.0,5080.76,INR,14.68,6.3038275,,,{},2026-08-22 09:12:01.054763+00:00
462f51af-ffda-4ea0-bec0-f2c59a4143eb,e52aceb7-9bc0-403c-a7ee-524034694c23,72ca50e9-fbc0-49a9-8e7e-2525446a624c,7.52% State Government of Tamil Nadu 2027,IN3120170037,,,3500000.0,3572.67,INR,10.33,6.2626133,,,{},2026-08-22 09:12:01.054763+00:00
5afd4806-7bb7-4da0-ac04-aeb6bddf5aa4,e52aceb7-9bc0-403c-a7ee-524034694c23,9720fb48-b4f6-43f2-bd9d-f8253eef745d,7.26% State Government of Haryana 2027,IN1620170028,,,3500000.0,3560.89,INR,10.29,6.2780775,,,{},2026-08-22 09:12:01.054763+00:00
4e3fe832-df73-4e18-9ba7-58a56dc0d3d3,e52aceb7-9bc0-403c-a7ee-524034694c23,66ea57d8-3341-4692-8858-e3e262c06628,7.24% State Government of Tamil Nadu 2027,IN3120170052,,,3000000.0,3052.21,INR,8.82,6.2574633,,,{},2026-08-22 09:12:01.054763+00:00
0a2de176-b840-4179-a041-dba5c40c2f93,e52aceb7-9bc0-403c-a7ee-524034694c23,f72eb9ce-2437-4fa6-8756-887fb5f62ec5,7.52% State Government of Gujarat 2027,IN1520170045,,,2500000.0,2551.91,INR,7.38,6.2626133,,,{},2026-08-22 09:12:01.054763+00:00
c6c873a1-f148-4068-87ae-4e21ce32c2e2,e52aceb7-9bc0-403c-a7ee-524034694c23,386bd565-06f2-4d0b-af3d-beccd22df65c,7.51% State Government of Maharashtra 2027,IN2220170020,,,1180000.0,1204.32,INR,3.48,6.2626133,,,{},2026-08-22 09:12:01.054763+00:00
9c3b17e2-9cc0-42fa-addb-cf588dd2f5d1,e52aceb7-9bc0-403c-a7ee-524034694c23,661401e4-e9bc-4046-9e2d-26507ab37e4c,7.52% State Government of Uttar Pradesh 2027,IN3320170043,,,1000000.0,1020.41,INR,2.95,6.2858,,,{},2026-08-22 09:12:01.054763+00:00
588c6952-96b8-45d0-a02b-d32327039538,e52aceb7-9bc0-403c-a7ee-524034694c23,3c9a887f-9094-4f59-930f-811db4ab5f4b,7.27% State Government of Jharkhand 2027,IN3720170015,,,1000000.0,1017.25,INR,2.94,6.2974354,,,{},2026-08-22 09:12:01.054763+00:00
a671841b-9697-4bfe-b1db-e61aef51cabb,e52aceb7-9bc0-403c-a7ee-524034694c23,44094521-271b-404e-a640-da952d00295c,8.34% State Government of Andhra Pradesh 2027,IN1020180098,,,500000.0,516.6,INR,1.49,6.2961051,,,{},2026-08-22 09:12:01.054763+00:00
ffbddc42-8547-4599-8e63-2e10dd3f523f,e52aceb7-9bc0-403c-a7ee-524034694c23,cfe3c827-702b-4834-9e17-66b7013c8de5,7.23% State Government of Tamil Nadu 2027,IN3120170045,,,500000.0,508.44,INR,1.47,6.2574633,,,{},2026-08-22 09:12:01.054763+00:00
f675dbc3-ad5a-4e45-9686-bb7dd7bd6481,e52aceb7-9bc0-403c-a7ee-524034694c23,ad2c951d-ac59-4dae-8d4b-36d6dae0fe19,7.20% State Government of Gujarat 2027,IN1520170052,,,500000.0,508.2,INR,1.47,6.2574633,,,{},2026-08-22 09:12:01.054763+00:00
26316e3e-4cc8-4cde-865b-1551983e09a5,e52aceb7-9bc0-403c-a7ee-524034694c23,7b72186b-09ed-42a8-bf79-3f644e15d8d1,GOI 15.04.2027 GOV,IN000427C046,,,1500000.0,1371.64,INR,3.96,5.9861998,,,{},2026-08-22 09:12:01.054763+00:00
777cd8b3-cb27-45d3-aff7-41b68a3649df,e52aceb7-9bc0-403c-a7ee-524034694c23,c85f7395-474c-45c6-86ce-311c2b92164b,GOI 12.06.2027 GOV,IN000627C041,,,1257500.0,1139.22,INR,3.29,5.9937879,,,{},2026-08-22 09:12:01.054763+00:00
988b7be2-adaa-401c-aa40-364da54dba61,e52aceb7-9bc0-403c-a7ee-524034694c23,94e4dc80-14a6-4443-91ee-f883add03767,GOI 16.06.2027 GOV,IN000627C074,,,872300.0,789.73,INR,2.28,5.9947649,,,{},2026-08-22 09:12:01.054763+00:00
a20473a1-6f1c-44a1-b977-d75c4d8b8c41,e52aceb7-9bc0-403c-a7ee-524034694c23,c5a46718-51c1-4fdf-9520-402a7408ca26,GOI 22.04.2027 GOV,IN000427C038,,,613200.0,560.08,INR,1.62,5.9879478,,,{},2026-08-22 09:12:01.054763+00:00
d8db56b4-7fb8-4376-8931-8a67d30da20c,e52aceb7-9bc0-403c-a7ee-524034694c23,b85f82ab-fda4-40f2-9375-c6dec2863712,GOI 23.12.2026 GOV,IN001226C066,,,500000.0,466.11,INR,1.35,5.8838916,,,{},2026-08-22 09:12:01.054763+00:00
ffd0e939-b205-4829-83cc-307f6326e495,e52aceb7-9bc0-403c-a7ee-524034694c23,879c70c9-3691-4382-b2dc-6e2610ebe4b0,GOI 19.06.2027 GOV,IN000627C090,,,192000.0,173.74,INR,0.5,5.9955362,,,{},2026-08-22 09:12:01.054763+00:00
1a41b932-362a-4bf7-abe6-e6ad61f3ce9c,e52aceb7-9bc0-403c-a7ee-524034694c23,c7f097cd-3032-4590-bb26-1ebe219b72ee,8.57% State Government of Andhra Pradesh 2026,IN1020150141,,,6000000.0,6072.9,INR,8.69,5.7454,,,{},2026-08-22 09:12:01.054763+00:00
44c5bc47-2e18-45bd-abec-4d07725b257d,e52aceb7-9bc0-403c-a7ee-524034694c23,0a4410b9-8873-4e2a-887e-a7a688944522,8.55% State Government of Rajasthan 2026,IN2920150264,,,3500000.0,3541.93,INR,5.07,5.76495,,,{},2026-08-22 09:12:01.054763+00:00
803510ea-817c-42f4-aba2-6b6cb337d423,e52aceb7-9bc0-403c-a7ee-524034694c23,4d1894d0-9096-4603-993d-053a9afb08ff,8.88% State Government of West Bengal 2026,IN3420150150,,,2500000.0,2529.4,INR,3.62,5.75865,,,{},2026-08-22 09:12:01.054763+00:00
c96aaa8a-fa38-4fb8-b73a-c9d7884f01c4,e52aceb7-9bc0-403c-a7ee-524034694c23,2ea4c9af-7e5f-46d2-a278-900f3d03a46b,8.57% State Government of West Bengal 2026,IN3420150168,,,1368600.0,1385.12,INR,1.98,5.76365,,,{},2026-08-22 09:12:01.054763+00:00
329d3712-1cbf-4240-a303-b84d77d2d7d4,e52aceb7-9bc0-403c-a7ee-524034694c23,9f4cea22-e127-4e4b-92f3-c8339e0572ce,8.51% State Government of Maharashtra 2026,IN2220150204,,,1000000.0,1012.03,INR,1.45,5.715,,,{},2026-08-22 09:12:01.054763+00:00
2d43c064-0954-4740-914a-9e0d79443a5e,e52aceb7-9bc0-403c-a7ee-524034694c23,2497b694-356e-4b6b-9632-012d0939a412,GOI 16.12.2025 GOV,IN001225C076,,,2990000.0,2956.06,INR,4.23,5.51405,,,{},2026-08-22 09:12:01.054763+00:00
05b62d49-31ce-45df-8229-6e873343ec5b,e52aceb7-9bc0-403c-a7ee-524034694c23,cc80ca7a-3b29-4ab5-ae1a-f891d6433f3c,GOI 06.11.2025 GOV,IN001125C029,,,1044400.0,1038.77,INR,1.49,5.49875,,,{},2026-08-22 09:12:01.054763+00:00
8a8714ee-7c1f-4d24-8a60-2d1558e6cbd0,e52aceb7-9bc0-403c-a7ee-524034694c23,b79fe0f0-bab8-48c3-9b28-cde783bfd695,GOI 02.01.2026 GOV,IN000126C010,,,539500.0,531.78,INR,0.76,5.7002,,,{},2026-08-22 09:12:01.054763+00:00
5716d96b-1c65-4247-b8d9-78edc7f5226b,e52aceb7-9bc0-403c-a7ee-524034694c23,7ef261f9-4207-4d85-9478-54970beb26b8,GOI 23.12.2025 GOV,IN001225C068,,,335000.0,330.85,INR,0.47,5.51125,,,{},2026-08-22 09:12:01.054763+00:00
e9b14e17-7f76-4a40-bc58-35b5a609ff07,e52aceb7-9bc0-403c-a7ee-524034694c23,e783cae7-5b05-4787-8dda-5731ee528fb8,7.84% State Government of Maharashtra 2026,IN2220160039,,,6500000.0,6597.25,INR,10.96,5.925282,,,{},2026-08-22 09:12:01.054763+00:00
012c24ea-ea61-4d29-9d51-ef48b017d00d,e52aceb7-9bc0-403c-a7ee-524034694c23,6593636e-0c39-4b6a-bf93-52a4f8557d90,7.84% State Government of Tamil Nadu 2026,IN3120160061,,,4000000.0,4059.84,INR,6.75,5.925282,,,{},2026-08-22 09:12:01.054763+00:00
e0f7ae5e-4bec-4cb8-a57e-056a1cf73d12,e52aceb7-9bc0-403c-a7ee-524034694c23,2ab60b4b-4360-417a-b6a4-2b18cb7f0ad6,8.06% State Government of Uttarakhand 2026,IN3620160025,,,500000.0,507.51,INR,0.84,5.9200951,,,{},2026-08-22 09:12:01.054763+00:00
c6539398-c1d7-4c9f-82f7-6eb40e62cb94,e52aceb7-9bc0-403c-a7ee-524034694c23,32a2f415-d91f-4900-8c5d-35e6f671e3ef,GOI 10.05.2026 GOV,IN000526C011,,,824000.0,795.72,INR,1.32,5.9086225,,,{},2026-08-22 09:12:01.054763+00:00
da96f0c3-0321-4865-a5b9-ba2ab01c7de0,e52aceb7-9bc0-403c-a7ee-524034694c23,c3831ef4-2679-4515-886e-5d913e28d4a2,GOI 07.06.2026 GOV,IN000626C019,,,749700.0,720.86,INR,1.2,5.9086225,,,{},2026-08-22 09:12:01.054763+00:00
24e8dcab-cbc7-4cfb-86e1-b59c3eff37f7,e52aceb7-9bc0-403c-a7ee-524034694c23,47c0a28c-94f4-4894-9aa5-887d0de983a7,7.96% State Government of Maharashtra 2025,IN2220150105,,,3900000.0,3903.23,INR,9.51,5.54,,,{},2026-08-22 09:12:01.054763+00:00
ec835773-5c56-46b3-9144-6ba8a56c8a11,e52aceb7-9bc0-403c-a7ee-524034694c23,111cefca-a384-439b-ad45-1441a59a1d4b,8.01% State Government of Punjab 2025,IN2820150091,,,2950500.0,2952.96,INR,7.2,5.5686,,,{},2026-08-22 09:12:01.054763+00:00
ea8d6a18-e046-439e-9992-2741053f09f7,e52aceb7-9bc0-403c-a7ee-524034694c23,64943f88-900e-48d5-b326-bd984773168c,7.97% State Government of Tamil Nadu 2025,IN3120150112,,,2500000.0,2502.08,INR,6.1,5.54,,,{},2026-08-22 09:12:01.054763+00:00
668582af-b07d-4253-aa35-ac07ff46785e,e52aceb7-9bc0-403c-a7ee-524034694c23,e7947ecc-fbc8-48e0-a381-aac61910cebd,7.97% State Government of West Bengal 2025,IN3420150077,,,2000000.0,2001.63,INR,4.88,5.58865,,,{},2026-08-22 09:12:01.054763+00:00
e1e37444-6a34-4858-8641-8f18b8a45454,e52aceb7-9bc0-403c-a7ee-524034694c23,74a8749e-3ae0-4e18-8deb-63f8efd491f5,GOI 22.10.2025 GOV,IN001025C047,,,4400400.0,4386.39,INR,10.69,5.55,,,{},2026-08-22 09:12:01.054763+00:00
8d798e35-88ef-4df7-b7cd-19ee383d5ce1,e52aceb7-9bc0-403c-a7ee-524034694c23,83775f90-a095-476b-a1c1-36a4c9ad15d2,GOI 26.10.2025 GOV,IN001025C013,,,1003600.0,999.82,INR,2.44,5.52535,,,{},2026-08-22 09:12:01.054763+00:00
2f715b41-ae09-4c7c-aad9-3179a43748d9,e52aceb7-9bc0-403c-a7ee-524034694c23,fe5184dd-40db-487c-b8fd-7ae3e5ecc0e6,GOI 12.04.2026 GOV,IN000426P016,,,18000000.0,17465.69,INR,87.95,5.8444148,,,{},2026-08-22 09:12:01.054763+00:00
cd8c7741-3278-48d6-b79d-b5d0ef63b966,e52aceb7-9bc0-403c-a7ee-524034694c23,dad680bc-d5c2-4605-8341-a0c255f87b73,GOI 12.04.2026 GOV,IN000426C030,,,506700.0,491.66,INR,2.48,5.8444148,,,{},2026-08-22 09:12:01.054763+00:00
2f7d427e-db35-47c9-8dc8-a5608d8a6f0c,e52aceb7-9bc0-403c-a7ee-524034694c23,0269286e-64ac-4dcb-af1f-7e119c698314,8.53% State Government of Chhattisgarh 2026,IN3520150050,,,3000000.0,3035.88,INR,18.65,5.75,,,{},2026-08-22 09:12:01.054763+00:00
b6c60f98-3289-4ce3-a328-06b2ea1e63c6,e52aceb7-9bc0-403c-a7ee-524034694c23,77332f41-b5e8-453f-976b-c23b5b53838f,7.96% State Government of Punjab 2026,IN2820160025,,,3000000.0,3035.67,INR,18.65,5.8891847,,,{},2026-08-22 09:12:01.054763+00:00
9566e8a8-ff14-4f6f-903a-0978398543d1,e52aceb7-9bc0-403c-a7ee-524034694c23,235d5647-3278-4cb8-990c-f2c1dfd37762,6.10% State Government of Rajasthan 2026,IN2920210084,,,2000000.0,2003.09,INR,12.31,5.925223,,,{},2026-08-22 09:12:01.054763+00:00
10dc404f-2be4-4d4a-a127-f98df0099e77,e52aceb7-9bc0-403c-a7ee-524034694c23,8fff6118-6f29-4a33-afa6-dd4eb6a90a4c,8.53% State Government of Kerala 2026,IN2020150172,,,500000.0,506.0,INR,3.11,5.7394,,,{},2026-08-22 09:12:01.054763+00:00
6c1f333e-b2fd-437a-8f26-fb7b72657e19,e52aceb7-9bc0-403c-a7ee-524034694c23,e9a1d2f9-5084-4a48-9dc5-edaf53898023,6.99% State Government of Gujarat 2026,IN1520190233,,,500000.0,503.17,INR,3.09,5.685,,,{},2026-08-22 09:12:01.054763+00:00
b6eb397d-b683-4f61-81c8-058c5af60ad1,e52aceb7-9bc0-403c-a7ee-524034694c23,a128fdd9-f604-4ff6-98e5-78d39ad45188,Small Industries Development Bank of India,INE556F08KG3,,,1000.0,1004.23,INR,5.9,6.2701,,,{},2026-08-22 09:12:01.054763+00:00
4904ae67-73d8-443d-aab5-cb75af08218e,e52aceb7-9bc0-403c-a7ee-524034694c23,b396a212-1fc8-44a9-bfbe-0b7c1d766180,NTPC Ltd.,INE733E07KA6,,,20.0,201.67,INR,1.18,6.38,,,{},2026-08-22 09:12:01.054763+00:00
83940a1e-8b5e-4d3d-a1ad-c230d997a536,e52aceb7-9bc0-403c-a7ee-524034694c23,28333335-e6fe-4110-8e37-ed3d33965e2c,GOI 26.04.2026 GOV,IN000426C014,,,2503600.0,2423.13,INR,14.23,5.905642,,,{},2026-08-22 09:12:01.054763+00:00
78f0a41f-afd7-4eda-a35f-96aecb790993,e52aceb7-9bc0-403c-a7ee-524034694c23,c1eb81b7-f473-4012-8247-cc97db8a77e5,Small Industries Development Bank of India,INE556F08KB4,,,90.0,903.01,INR,7.01,6.2151,,,{},2026-08-22 09:12:01.054763+00:00
d0535a94-a4fe-4b9d-aaf2-682a1c2ba1d5,e52aceb7-9bc0-403c-a7ee-524034694c23,e3ef9980-3c52-43dc-887f-df00762e6a4a,REC Ltd.,INE020B08EF4,,,800.0,803.58,INR,6.24,6.2,,,{},2026-08-22 09:12:01.054763+00:00
5943d12d-0802-4969-8ef1-0b8778891afa,e52aceb7-9bc0-403c-a7ee-524034694c23,231f0ff8-ba8a-4ea2-857b-9549111e4c03,Export-Import Bank of India,INE514E08GA6,,,40.0,401.64,INR,3.12,6.12,,,{},2026-08-22 09:12:01.054763+00:00
d8f3b3dd-62ac-4887-a4c9-03e953634495,e52aceb7-9bc0-403c-a7ee-524034694c23,8e66ab36-4cc1-4ff1-89d1-ac22dfd73f82,8.48% State Government of Rajasthan 2026,IN2920150249,,,3000000.0,3027.51,INR,23.49,5.74505,,,{},2026-08-22 09:12:01.054763+00:00
72cd4709-18c6-4c26-b9b4-f7cf74422acb,e52aceb7-9bc0-403c-a7ee-524034694c23,4b6e76d9-5491-4e6f-aa99-8d7295f07140,8.82% State Government of Bihar 2026,IN1320150049,,,500000.0,505.72,INR,3.92,5.78,,,{},2026-08-22 09:12:01.054763+00:00
03e9f18a-695b-4749-8d7e-780ba70fdfb7,e52aceb7-9bc0-403c-a7ee-524034694c23,ca88ea88-0ecb-4d6d-baaf-ec7dd5ce722a,Indian Railway Finance Corporation Ltd.,INE053F08288,,,575.0,578.62,INR,6.86,6.3749,,,{},2026-08-22 09:12:01.054763+00:00
6d5780a6-3067-451c-afa8-de024d1d122f,e52aceb7-9bc0-403c-a7ee-524034694c23,4aac66bf-50f9-4d66-abd9-86f54c8d2a9a,Kotak Mahindra Investments Ltd.,INE975F07IB2,,,2500.0,3091.48,INR,7.32,6.865,,,{},2026-08-22 09:12:01.054763+00:00
79e4f83a-66ce-4eb1-80d0-cb5da10f2e04,e52aceb7-9bc0-403c-a7ee-524034694c23,f826e65e-38d5-4cbc-a0b2-d8951332e6fb,Housing and Urban Development Corporation Ltd.,INE031A08871,,,1000.0,1007.2,INR,2.39,6.2949,,,{},2026-08-22 09:12:01.054763+00:00
390909b7-0ec5-43ee-9dcf-29f54a9e9c44,e52aceb7-9bc0-403c-a7ee-524034694c23,84a14f7e-4b43-43b6-9be4-e913bb07187b,TATA Capital Ltd.,INE306N07NL3,,,1000.0,1005.95,INR,2.38,6.625,,,{},2026-08-22 09:12:01.054763+00:00
99c02024-0d0d-4c78-8192-67876d78d189,e52aceb7-9bc0-403c-a7ee-524034694c23,d178da57-ec11-458e-80e8-070f34768f00,LIC Housing Finance Ltd.,INE115A07QB9,,,50.0,501.95,INR,1.19,6.3249,,,{},2026-08-22 09:12:01.054763+00:00
5fc85648-6d49-4cc0-9a8b-11d6f57b6a81,e52aceb7-9bc0-403c-a7ee-524034694c23,272a8e57-fbc5-40c0-9173-8d1224e1e9fd,HDFC Bank Ltd.,INE040A08708,,,50.0,497.48,INR,1.18,6.665,,,{},2026-08-22 09:12:01.054763+00:00
f6519524-a4c4-4fff-a67c-d87f46b3cc5c,e52aceb7-9bc0-403c-a7ee-524034694c23,e75581f6-f0fb-4178-9d29-1a1c207c68b5,8.53% State Government of Telangana 2026,IN4520150140,,,2500000.0,2529.9,INR,5.99,5.75,,,{},2026-08-22 09:12:01.054763+00:00
386257d8-e371-44f6-b587-da144a7af667,e52aceb7-9bc0-403c-a7ee-524034694c23,9e4aea5f-ffc9-423e-8c6f-5fb71c41ad55,8.38% State Government of Haryana 2026,IN1620150129,,,2000000.0,2016.4,INR,4.78,5.68505,,,{},2026-08-22 09:12:01.054763+00:00
aeb6f5d6-c706-4eee-98db-0e20e5cb9997,e52aceb7-9bc0-403c-a7ee-524034694c23,5ebe2b42-9124-44ba-840c-dd4064651122,8.42% State Government of Jharkhand 2026,IN3720150066,,,1000000.0,1008.25,INR,2.39,5.70875,,,{},2026-08-22 09:12:01.054763+00:00
7d4bbc14-3ff5-4334-a9b2-2b86a80946f4,e52aceb7-9bc0-403c-a7ee-524034694c23,88332125-e4f6-4197-b922-b94767968b7e,Nexus Select Trust,INE0NDH07019,,,500.0,501.42,INR,3.88,6.4784,,,{},2026-08-22 09:12:01.054763+00:00
b8ca58c0-9382-453b-a0a7-cce2f221ff63,e52aceb7-9bc0-403c-a7ee-524034694c23,85a19062-2e7c-40f3-a4e1-d307beae1468,Power Grid Corporation of India Ltd.,INE752E07OF7,,,2.0,20.24,INR,0.16,6.52,,,{},2026-08-22 09:12:01.054763+00:00
20069bbe-6fb8-40c0-8e54-bf6a668a06ab,e52aceb7-9bc0-403c-a7ee-524034694c23,ed66ad03-6f1e-486d-98d8-2ad47907059e,Power Grid Corporation of India Ltd.,INE752E07OG5,,,1.0,10.11,INR,0.08,6.5272,,,{},2026-08-22 09:12:01.054763+00:00
414d960d-0107-4bbc-9beb-d3a9d3c535e0,e52aceb7-9bc0-403c-a7ee-524034694c23,7474da1c-4477-49d8-b1c3-a2457aaa6fbc,7.38% State Government of Uttar Pradesh 2036,IN3320230292,,,1500000.0,1506.19,INR,11.67,7.4560344,,,{},2026-08-22 09:12:01.054763+00:00
46445ee5-4056-4939-9d46-1d2243a49ddc,e52aceb7-9bc0-403c-a7ee-524034694c23,be252384-f797-478b-b4bc-cea831ce3123,7.49% State Government of Rajasthan 2040,IN2920230561,,,500000.0,501.65,INR,3.89,7.5910985,,,{},2026-08-22 09:12:01.054763+00:00
16f2b78a-ed90-4140-adb8-f975d57e58a7,e52aceb7-9bc0-403c-a7ee-524034694c23,d207dd47-d09c-4c4a-8416-99eea764a450,Le Travenues Technology Ltd.,INE0HV901016,,,7000000.0,18564.0,INR,4.2,,,,{},2026-08-22 09:12:01.054763+00:00
cdd4aaf1-306d-4897-aa40-92c8ce50a11a,e52aceb7-9bc0-403c-a7ee-524034694c23,8fd3a8d4-d92b-4fca-a2e4-650bc0197cac,Siemens Energy India Ltd.,INE1NPP01017,,,440000.0,15104.32,INR,3.42,,,,{},2026-08-22 09:12:01.054763+00:00
d33c1a3f-cdea-47aa-aca6-aa384916dd89,e52aceb7-9bc0-403c-a7ee-524034694c23,6a68f72d-4ee4-4a56-8bbf-b5b886a446a1,Shakti Pumps (India) Ltd.,INE908D01010,,,700000.0,5719.0,INR,1.29,,,,{},2026-08-22 09:12:01.054763+00:00
d2c11c36-efda-4a09-8d5e-9fff33fc82b2,e52aceb7-9bc0-403c-a7ee-524034694c23,f9772555-13e2-4167-912a-232560e5b4a6,Pakka Ltd.,INE551D01018,,,3345454.0,5118.21,INR,1.16,,,,{},2026-08-22 09:12:01.054763+00:00
0cc43cc0-247f-4676-851f-db3109e34a01,e52aceb7-9bc0-403c-a7ee-524034694c23,abd21377-3bc3-4eb2-a9b4-9d071d4dd2e6,Renew Energy Global,GB00BNQMPN80,,,2555000.0,17468.55,INR,3.95,,,,{},2026-08-22 09:12:01.054763+00:00
eb594bb6-048e-45c1-9e02-3ebaabe4b886,e52aceb7-9bc0-403c-a7ee-524034694c23,fbf135cc-0089-4a3a-a183-f65a9d8286c7,Housing and Urban Development Corporation Ltd.,INE031A08681,,,50.0,527.33,INR,0.18,6.8394,,,{},2026-08-22 09:12:01.054763+00:00
6cb9eb0f-fb3d-4258-8b60-138718bedd8c,e52aceb7-9bc0-403c-a7ee-524034694c23,2c543615-8cd2-4a69-ada3-447685719dbe,6.95% State Government of Tamil Nadu 2031,IN3120210106,,,2500000.0,2495.63,INR,0.83,7.106172,,,{},2026-08-22 09:12:01.054763+00:00
f257bc73-5ab7-4bf7-ae82-c0e9b5924f47,e52aceb7-9bc0-403c-a7ee-524034694c23,de9afbbd-3f42-46b8-9d93-6917db983c5f,6.98% State Government of Tamil Nadu 2031,IN3120210114,,,5000000.0,4998.29,INR,3.07,7.106172,,,{},2026-08-22 09:12:01.054763+00:00
814edb8f-fd65-433c-9dca-858910480f43,e52aceb7-9bc0-403c-a7ee-524034694c23,05bcdb93-a015-401e-999b-c1c264a17da2,Bharat Sanchar Nigam Ltd.,INE103D08039,,,100.0,1030.41,INR,3.64,7.2988,,,{},2026-08-22 09:12:01.054763+00:00
4d358810-5b01-456f-a093-ee474a7d53df,e52aceb7-9bc0-403c-a7ee-524034694c23,0eb81181-9c99-477f-8310-77e91e873a47,REC Ltd.,INE020B08EE7,,,500.0,513.72,INR,1.81,7.185,,,{},2026-08-22 09:12:01.054763+00:00
922caeee-ef78-46bd-97e9-fdad27304b9b,e52aceb7-9bc0-403c-a7ee-524034694c23,b60e81cd-a428-41a7-a1b1-8076ee1dfb51,Power Finance Corporation Ltd.,INE134E08MJ2,,,500.0,510.98,INR,1.8,6.775,,,{},2026-08-22 09:12:01.054763+00:00
43aec24f-d8bb-4465-827b-70495a06d923,e52aceb7-9bc0-403c-a7ee-524034694c23,be08c86b-5651-4547-93e2-70584e85ae3a,Union Bank of India( AT1 Bond under Basel III ),INE692A08169,,,2.0,201.68,INR,0.71,7.8633382,,,{},2026-08-22 09:12:01.054763+00:00
3a21f703-143e-49f8-b7fb-33acc4fb19f5,e52aceb7-9bc0-403c-a7ee-524034694c23,8b1a3d5f-b7ab-4793-9701-150d263a32d3,7.08% State Government of Karnataka 2034,IN1920210060,,,3000000.0,2971.46,INR,10.49,7.354578,,,{},2026-08-22 09:12:01.054763+00:00
0633fc0a-cc6d-4b13-827a-9dc496123bb3,e52aceb7-9bc0-403c-a7ee-524034694c23,4d31af9b-a950-47ca-b20d-6523dd4b579e,7.74% State Government of Karnataka 2036,IN1920230183,,,2500000.0,2577.61,INR,14.71,7.4362018,,,{},2026-08-22 09:12:01.054763+00:00
6bfea5a6-6cca-477a-87af-cb5e3a9cbccb,e52aceb7-9bc0-403c-a7ee-524034694c23,611e50cf-8677-47aa-8bc7-bebc58f3229f,Bajaj Housing Finance Ltd.,INE377Y01014,,,757278.0,833.08,INR,0.45,,,,{},2026-08-22 09:12:01.054763+00:00
6f5dbab1-1ca2-4747-8fd8-8860c34e1609,e52aceb7-9bc0-403c-a7ee-524034694c23,0dde629a-01d2-4809-a67e-f267c83642ef,Yes Bank Ltd.,INE528G01035,,,4940409.0,1049.84,INR,1.16,,,,{},2026-08-22 09:12:01.054763+00:00
c721ce2b-4fb2-4131-bbef-1ca8bb101b23,e52aceb7-9bc0-403c-a7ee-524034694c23,26def66f-0129-4065-9ebf-a42dd50254dc,GE Vernova T&D India Ltd.,INE200A01026,,,31101.0,920.75,INR,1.02,,,,{},2026-08-22 09:12:01.054763+00:00
3f5b1c93-d79b-45b9-81e5-42b152954f37,e52aceb7-9bc0-403c-a7ee-524034694c23,5d6698aa-20fc-401a-b1b1-356aa35db650,Waaree Energies Ltd.,INE377N01017,,,23777.0,791.39,INR,0.87,,,,{},2026-08-22 09:12:01.054763+00:00
68bccf0e-4ed7-4708-899d-e4e6286567cc,e52aceb7-9bc0-403c-a7ee-524034694c23,307430a6-3e9d-40d8-b316-b13548e003a5,Hitachi Energy India Ltd.,INE07Y701011,,,3191.0,574.41,INR,0.63,,,,{},2026-08-22 09:12:01.054763+00:00
515623ff-fe0e-41d6-b5d3-c84772067d66,e52aceb7-9bc0-403c-a7ee-524034694c23,3c0ed34e-0d76-4c2e-bb44-6a3811a8b14a,ITC Hotels Ltd.,INE379A01028,,,233735.0,531.21,INR,0.59,,,,{},2026-08-22 09:12:01.054763+00:00
f53f06da-5f4a-42eb-ab12-a2df4dad3476,e52aceb7-9bc0-403c-a7ee-524034694c23,e1d91f22-5bce-455f-998d-8d3ac84f431e,Rail Vikas Nigam Ltd.,INE415G01027,,,142405.0,483.39,INR,0.53,,,,{},2026-08-22 09:12:01.054763+00:00
af5a2356-bd1e-4816-8f6a-79a778d07cd9,e52aceb7-9bc0-403c-a7ee-524034694c23,857899e8-9feb-4ac1-810c-e898ab385ec1,IPCA Laboratories Ltd.,INE571A01038,,,34867.0,466.87,INR,0.52,,,,{},2026-08-22 09:12:01.054763+00:00
3cae87c8-8298-44a6-978f-3802be23dc76,e52aceb7-9bc0-403c-a7ee-524034694c23,8677eaf9-d831-48c2-ad02-608ef77bf8f1,Adani Total Gas Ltd.,INE399L01023,,,69589.0,435.14,INR,0.48,,,,{},2026-08-22 09:12:01.054763+00:00
50ec550b-f4bd-40ca-9e8a-f890f4203c62,e52aceb7-9bc0-403c-a7ee-524034694c23,0f9e1b7d-f28f-4ac1-a799-0246e2ce81ba,Lloyds Metals And Energy Ltd.,INE281B01032,,,32874.0,402.71,INR,0.44,,,,{},2026-08-22 09:12:01.054763+00:00
eff40f7b-f4d4-4801-871d-e3339681a137,e52aceb7-9bc0-403c-a7ee-524034694c23,bf2f5e57-1faf-4f8a-937b-28192feb7876,Nippon Life India Asset Management Ltd.,INE298J01013,,,44314.0,384.8,INR,0.43,,,,{},2026-08-22 09:12:01.054763+00:00
54cfc21b-df9c-45e8-9296-3a78e5076084,e52aceb7-9bc0-403c-a7ee-524034694c23,fb3c78c2-77b7-42e1-a224-46533ec205ed,Cochin Shipyard Ltd.,INE704P01025,,,21235.0,380.02,INR,0.42,,,,{},2026-08-22 09:12:01.054763+00:00
c5055a40-67aa-42f0-b653-3216c8e0a825,e52aceb7-9bc0-403c-a7ee-524034694c23,0af31777-4c49-4c87-b33c-8acaf4b2c414,Gujarat Fluorochemicals Ltd.,INE09N301011,,,10247.0,379.94,INR,0.42,,,,{},2026-08-22 09:12:01.054763+00:00
2e45c28f-22d0-46a8-9bb6-66d8da23d0ef,e52aceb7-9bc0-403c-a7ee-524034694c23,be906b3f-3588-4b3f-b81d-ce3a5981ecb5,Apar Industries Ltd.,INE372A01015,,,4239.0,347.0,INR,0.38,,,,{},2026-08-22 09:12:01.054763+00:00
f0774fe9-c41a-45b8-b660-aaf31a127e5d,e52aceb7-9bc0-403c-a7ee-524034694c23,45a6dc87-0d19-4aaf-aaa2-7d46e239aa89,Godfrey Phillips India Ltd.,INE260B01028,,,10212.0,345.57,INR,0.38,,,,{},2026-08-22 09:12:01.054763+00:00
1845a867-0c42-4665-90a1-26baff063c54,e52aceb7-9bc0-403c-a7ee-524034694c23,03646d0e-9345-4140-833f-d8301b13dd6e,Tata Investment Corporation Ltd.,INE672A01018,,,3261.0,336.88,INR,0.37,,,,{},2026-08-22 09:12:01.054763+00:00
488c5b9d-9db1-42f8-8963-246f81ebd9fa,e52aceb7-9bc0-403c-a7ee-524034694c23,1bccea86-ae98-4b77-a7cc-8226e7d35e55,Linde India Ltd.,INE473A01011,,,5276.0,329.51,INR,0.36,,,,{},2026-08-22 09:12:01.054763+00:00
26783ecb-dde1-43d0-9dc9-ef35c9727fbf,e52aceb7-9bc0-403c-a7ee-524034694c23,3db811d1-0a37-46cd-9864-052075930055,Deepak Nitrite Ltd.,INE288B01029,,,17232.0,316.22,INR,0.35,,,,{},2026-08-22 09:12:01.054763+00:00
ad2e16f5-42be-4b12-b8da-1495a2b3efe8,e52aceb7-9bc0-403c-a7ee-524034694c23,02bc0842-24e6-4da1-a9d3-09bc29e87d9a,Bharti Hexacom Ltd.,INE343G01021,,,18868.0,313.17,INR,0.35,,,,{},2026-08-22 09:12:01.054763+00:00
a202b053-0da9-4e51-b9a2-b965adf634a4,e52aceb7-9bc0-403c-a7ee-524034694c23,4b5982c1-147b-4cdb-96eb-389085b93bcf,Premier Energies Ltd,INE0BS701011,,,28663.0,292.81,INR,0.32,,,,{},2026-08-22 09:12:01.054763+00:00
de7e624f-3d91-4b4b-9dc6-de565dec1a5f,e52aceb7-9bc0-403c-a7ee-524034694c23,7ad3ee96-12de-4b84-a63f-2bf592c627f1,Global Health Ltd.,INE474Q01031,,,21171.0,278.19,INR,0.31,,,,{},2026-08-22 09:12:01.054763+00:00
99896ae3-e019-4174-a11d-13e7147dfe2f,e52aceb7-9bc0-403c-a7ee-524034694c23,5708662a-6c0a-4f54-9baa-d9809c5898ed,JSW Infrastructure Ltd.,INE880J01026,,,80820.0,254.79,INR,0.28,,,,{},2026-08-22 09:12:01.054763+00:00
026ddf7f-ae32-4f37-bc0b-6f4c98312200,e52aceb7-9bc0-403c-a7ee-524034694c23,519e033c-b547-459f-8079-e05812326712,Ajanta Pharma Ltd.,INE031B01049,,,10564.0,254.2,INR,0.28,,,,{},2026-08-22 09:12:01.054763+00:00
38006e98-3388-47fa-af85-85e29987afc2,e52aceb7-9bc0-403c-a7ee-524034694c23,8f273e1d-97a2-4f37-abfd-1238f20ea6f0,NLC India Ltd.,INE589A01014,,,81841.0,233.51,INR,0.26,,,,{},2026-08-22 09:12:01.054763+00:00
b9ab9f17-d2bc-440a-85a7-f2197b00f631,e52aceb7-9bc0-403c-a7ee-524034694c23,c6ac8a36-6e14-4a1a-8d4d-ea81faa5d46b,NTPC Green Energy Ltd.,INE0ONG01011,,,233034.0,226.53,INR,0.25,,,,{},2026-08-22 09:12:01.054763+00:00
ab4f1c3e-782b-4f06-a6d6-43a695f06503,e52aceb7-9bc0-403c-a7ee-524034694c23,d1dfac63-992f-4b87-8e4e-1534a12cd042,Bank of Maharashtra,INE457A01014,,,394688.0,220.95,INR,0.24,,,,{},2026-08-22 09:12:01.054763+00:00
85b68018-0062-4b2a-8232-78c5dba2acfe,e52aceb7-9bc0-403c-a7ee-524034694c23,95652665-f22f-4b0c-981c-f0c9ced96b2b,AWL Agri Business Ltd.,INE699H01024,,,82724.0,216.36,INR,0.24,,,,{},2026-08-22 09:12:01.054763+00:00
6097ff58-b987-4083-9fdc-c1a52915cab8,e52aceb7-9bc0-403c-a7ee-524034694c23,65747b38-98d6-4f1d-b001-502fe52ba46c,3M India Ltd.,INE470A01017,,,709.0,208.77,INR,0.23,,,,{},2026-08-22 09:12:01.054763+00:00
a7585273-cf09-4125-9250-14d188590f87,e52aceb7-9bc0-403c-a7ee-524034694c23,7f8bbc82-5dee-4b2e-8864-91bec3d6dab5,IRB Infrastructure Developers Ltd.,INE821I01022,,,497665.0,204.99,INR,0.23,,,,{},2026-08-22 09:12:01.054763+00:00
86bb1776-fca8-4844-810f-797069ca18eb,e52aceb7-9bc0-403c-a7ee-524034694c23,a3ddf5d6-f5ac-4f4b-a90f-28f157a64a02,SJVN Ltd.,INE002L01015,,,179441.0,162.07,INR,0.18,,,,{},2026-08-22 09:12:01.054763+00:00
7da7042d-0908-49c8-8fab-4f1041ec6798,e52aceb7-9bc0-403c-a7ee-524034694c23,3d4c8a17-6a0a-4678-a03e-3998bc738f20,Fertilisers And Chemicals Travancore Ltd.,INE188A01015,,,15627.0,139.53,INR,0.15,,,,{},2026-08-22 09:12:01.054763+00:00
fb7691e2-fe19-494c-a595-bf339a82ab51,e52aceb7-9bc0-403c-a7ee-524034694c23,a06d932a-974f-4483-94bd-6ac60b5f90e5,Godrej Industries Ltd.,INE233A01035,,,11115.0,133.57,INR,0.15,,,,{},2026-08-22 09:12:01.054763+00:00
b35a5899-47d3-481c-9ea8-a965d67daf7a,e52aceb7-9bc0-403c-a7ee-524034694c23,cc7c8714-07c1-44b1-a023-8afd23a6fb0e,IDBI Bank Ltd.,INE008A01015,,,140625.0,128.56,INR,0.14,,,,{},2026-08-22 09:12:01.054763+00:00
0cf79961-6c3c-4afc-9aaa-79e031690319,e52aceb7-9bc0-403c-a7ee-524034694c23,0a5126cf-ec5b-4381-9425-858f308e887f,The New India Assurance Co. Ltd.,INE470Y01017,,,60375.0,114.17,INR,0.13,,,,{},2026-08-22 09:12:01.054763+00:00
3b445c17-9e76-407c-ad83-ab8c716945cc,e52aceb7-9bc0-403c-a7ee-524034694c23,4b29f21a-0514-498e-8b74-d28761503e67,Indian Overseas Bank,INE565A01014,,,261191.0,103.27,INR,0.11,,,,{},2026-08-22 09:12:01.054763+00:00
fbc4cea6-6cb3-4dc9-a1ad-67b01c4fbcf9,e52aceb7-9bc0-403c-a7ee-524034694c23,4593ef66-b2bf-4efa-80c8-7b7a4900cfd1,UCO Bank,INE691A01018,,,285437.0,87.03,INR,0.1,,,,{},2026-08-22 09:12:01.054763+00:00
9cc3e21c-219a-4609-a66c-ce0073438a05,e52aceb7-9bc0-403c-a7ee-524034694c23,c81fe78d-66ab-45eb-9ba7-7a8c48670c4a,Radico Khaitan Ltd.,INE944F01028,,,58921.0,1701.58,INR,1.14,,,,{},2026-08-22 09:12:01.054763+00:00
2a9cfd75-e6ec-468c-882f-ebe3dcea51fb,e52aceb7-9bc0-403c-a7ee-524034694c23,7a8c9b2d-28f2-4733-955c-8edd1444d0d9,Karur Vysya Bank Ltd.,INE036D01028,,,711010.0,1499.59,INR,1.0,,,,{},2026-08-22 09:12:01.054763+00:00
17ba4797-fd9f-44b1-aa60-2ca57501c3a8,e52aceb7-9bc0-403c-a7ee-524034694c23,b7392fc6-b256-498a-b281-158c2e671e2c,Redington Ltd.,INE891D01026,,,447434.0,1268.16,INR,0.85,,,,{},2026-08-22 09:12:01.054763+00:00
b188418d-978f-4cc7-89c8-146effc4c8cf,e52aceb7-9bc0-403c-a7ee-524034694c23,ebaad438-6c30-4fbe-ab0c-ea16ea289ee6,Tata Chemicals Ltd.,INE092A01019,,,117904.0,1084.54,INR,0.72,,,,{},2026-08-22 09:12:01.054763+00:00
02367d34-abf2-4d99-8081-11c2db1be2e3,e52aceb7-9bc0-403c-a7ee-524034694c23,b1aa49f7-4700-4669-9464-8d5961ad9230,Poonawalla Fincorp Ltd.,INE511C01022,,,216298.0,1076.3,INR,0.72,,,,{},2026-08-22 09:12:01.054763+00:00
d62365dc-b25c-407a-af54-8eb4d3453495,e52aceb7-9bc0-403c-a7ee-524034694c23,bfae7167-efb7-4c25-b55c-8fc0fa485a2a,Kfin Technologies Ltd.,INE138Y01010,,,100295.0,1054.8,INR,0.7,,,,{},2026-08-22 09:12:01.054763+00:00
b5198378-6d95-4804-bb5b-dbc362722163,e52aceb7-9bc0-403c-a7ee-524034694c23,72680959-bfc5-4d42-9850-a5828684f43b,JB Chemicals & Pharmaceuticals Ltd.,INE572A01036,,,61306.0,1048.15,INR,0.7,,,,{},2026-08-22 09:12:01.054763+00:00
39179d9d-efde-4612-80c5-a14d7205ab08,e52aceb7-9bc0-403c-a7ee-524034694c23,5367e5bd-a8b2-4e39-b241-7c9fbf4e6309,Authum Investment & Infrastructure Ltd.,INE206F01022,,,31995.0,986.15,INR,0.66,,,,{},2026-08-22 09:12:01.054763+00:00
4eb8dd56-1ba3-415d-bf87-354fa0c1e898,e52aceb7-9bc0-403c-a7ee-524034694c23,f8ba81f4-a26a-442c-8bcc-9325cff948fd,Reliance Power Ltd.,INE614G01033,,,2157879.0,957.24,INR,0.64,,,,{},2026-08-22 09:12:01.054763+00:00
d6365af4-4bd3-4518-9e47-0cfbf2915073,e52aceb7-9bc0-403c-a7ee-524034694c23,e4a7c550-7083-4fee-a3dc-04d6b942a0eb,Wockhardt Ltd.,INE049B01025,,,62209.0,943.09,INR,0.63,,,,{},2026-08-22 09:12:01.054763+00:00
5ff590cf-8f35-48a8-84d6-320b527a430f,e52aceb7-9bc0-403c-a7ee-524034694c23,d8d4f4ec-d89e-4580-9ec6-c9fbdb55880b,Neuland Laboratories Ltd.,INE794A01010,,,6450.0,942.02,INR,0.63,,,,{},2026-08-22 09:12:01.054763+00:00
82a653cf-ec89-4094-b6c1-0246645640b4,e52aceb7-9bc0-403c-a7ee-524034694c23,57ff5df1-4485-402f-8835-b59550cb0080,AFFLE 3I Ltd.,INE00WC01027,,,47668.0,928.43,INR,0.62,,,,{},2026-08-22 09:12:01.054763+00:00
630e81de-0399-4005-9fb9-ca7791350c74,e52aceb7-9bc0-403c-a7ee-524034694c23,41453725-88c5-466f-adcc-d5104218e23d,Amara Raja Energy & Mobility Ltd.,INE885A01032,,,92248.0,912.66,INR,0.61,,,,{},2026-08-22 09:12:01.054763+00:00
b2fe6443-fc1f-41a0-82b0-f9480f97187a,e52aceb7-9bc0-403c-a7ee-524034694c23,6eb91b94-e4b4-4ddb-a76a-bad96146bb41,Narayana Hrudayalaya Ltd.,INE410P01011,,,51145.0,888.7,INR,0.59,,,,{},2026-08-22 09:12:01.054763+00:00
24005f79-2f45-46c7-986f-60e0b14d3957,e52aceb7-9bc0-403c-a7ee-524034694c23,19c90450-7997-470a-9c09-b02c14e70ac0,KEC International Ltd.,INE389H01022,,,97719.0,853.04,INR,0.57,,,,{},2026-08-22 09:12:01.054763+00:00
6c94f003-41f9-4c6f-ab1c-c71ceea959f8,e52aceb7-9bc0-403c-a7ee-524034694c23,71b48bdc-05e5-4103-b616-28fed71b822b,Welspun Corp Ltd.,INE191B01025,,,98535.0,844.79,INR,0.56,,,,{},2026-08-22 09:12:01.054763+00:00
b28e2b2e-9c72-4cad-8b3b-03ba306c649d,e52aceb7-9bc0-403c-a7ee-524034694c23,92bc28fb-5344-4672-ae46-1bc23c26324c,Zee Entertainment Enterprises Ltd.,INE256A01028,,,693446.0,779.23,INR,0.52,,,,{},2026-08-22 09:12:01.054763+00:00
b9e24f21-ddaf-4109-9998-2c97a4da9990,e52aceb7-9bc0-403c-a7ee-524034694c23,ee8b3c3a-15b7-4f82-ab34-870d44baa3b3,Himadri Speciality Chemical Ltd.,INE019C01026,,,176698.0,778.44,INR,0.52,,,,{},2026-08-22 09:12:01.054763+00:00
da345029-a43a-4c2a-8909-22016f8672db,e52aceb7-9bc0-403c-a7ee-524034694c23,433092f9-8407-45db-9bd6-9e00a02c30e8,Onesource Specialty Pharma Ltd.,INE013P01021,,,41637.0,766.29,INR,0.51,,,,{},2026-08-22 09:12:01.054763+00:00
c1e9812e-6a25-4ba2-b3d9-5aac2124d48a,e52aceb7-9bc0-403c-a7ee-524034694c23,1d2aa046-2b89-43a9-95c5-b05c37c57c93,Five Star Business Finance Ltd.,INE128S01021,,,140406.0,753.42,INR,0.5,,,,{},2026-08-22 09:12:01.054763+00:00
ff494e69-74e3-44e4-b8cb-d01a80913ad0,e52aceb7-9bc0-403c-a7ee-524034694c23,48a17feb-52f9-4b6b-97a2-e37de1c18d88,Castrol India Ltd.,INE172A01027,,,364399.0,727.49,INR,0.49,,,,{},2026-08-22 09:12:01.054763+00:00
04f233e6-374c-4416-810b-8fa73c1122dc,e52aceb7-9bc0-403c-a7ee-524034694c23,b67b9e26-8e19-4e24-9312-a0987e6a4078,Atul Ltd.,INE100A01010,,,11995.0,726.78,INR,0.49,,,,{},2026-08-22 09:12:01.054763+00:00
0570cffa-c3b1-4dc9-ab15-a79f6abd7892,e52aceb7-9bc0-403c-a7ee-524034694c23,ea3104f4-7ceb-4f28-9ff6-ebfd4f1b717c,Aegis Logistics Ltd.,INE208C01025,,,94589.0,724.32,INR,0.48,,,,{},2026-08-22 09:12:01.054763+00:00
dcf61a50-bfc8-4fd0-8e40-60e0b7fb12ee,e52aceb7-9bc0-403c-a7ee-524034694c23,f629b166-4f10-48ef-b81c-4c8a0b20edd3,Anant Raj Ltd.,INE242C01024,,,102544.0,715.91,INR,0.48,,,,{},2026-08-22 09:12:01.054763+00:00
18f4a165-0dcf-431b-aa3f-57056ab80705,e52aceb7-9bc0-403c-a7ee-524034694c23,d21f3d0b-5062-4af2-b4e1-8bdbf4a2e0aa,PTC Industries Ltd.,INE596F01018,,,4554.0,707.15,INR,0.47,,,,{},2026-08-22 09:12:01.054763+00:00
061ecd4d-1a5a-4455-a361-e8679734ad1f,e52aceb7-9bc0-403c-a7ee-524034694c23,66f25e8c-3a85-46c0-9c88-d00619d502c3,HBL Engineering Ltd.,INE292B01021,,,84860.0,690.42,INR,0.46,,,,{},2026-08-22 09:12:01.054763+00:00
cac3f261-94f3-4121-bd81-08e393be77b3,e52aceb7-9bc0-403c-a7ee-524034694c23,be15550f-3bda-4990-a2de-4749f35cdf1a,Nava Ltd.,INE725A01030,,,104401.0,679.6,INR,0.45,,,,{},2026-08-22 09:12:01.054763+00:00
e7ed72a3-f3bb-489a-88bd-23c96a3848a1,e52aceb7-9bc0-403c-a7ee-524034694c23,b5e212f0-4270-4ff5-bea1-a5a16b1e08bc,Intellect Design Arena Ltd.,INE306R01017,,,68537.0,667.96,INR,0.45,,,,{},2026-08-22 09:12:01.054763+00:00
0887b7c9-221c-4dde-8bc2-ebd4233bc548,e52aceb7-9bc0-403c-a7ee-524034694c23,d248269d-24f7-41ac-9783-2c952ca9b8a0,Aditya Birla Real Estate Ltd.,INE055A01016,,,39385.0,665.37,INR,0.44,,,,{},2026-08-22 09:12:01.054763+00:00
824b7476-cbbc-4129-ad69-bf03d6003152,e52aceb7-9bc0-403c-a7ee-524034694c23,3833bd54-5ecd-49f1-8a2c-d4f083c1e4ee,Zensar Technologies Ltd.,INE520A01027,,,86268.0,658.31,INR,0.44,,,,{},2026-08-22 09:12:01.054763+00:00
38ce2559-8a2d-4fd6-89f5-3c9cd74b237a,e52aceb7-9bc0-403c-a7ee-524034694c23,2f3e9e9c-5c54-4ec9-958a-6a143aa50d5c,Jubilant Pharmova Ltd.,INE700A01033,,,60752.0,655.76,INR,0.44,,,,{},2026-08-22 09:12:01.054763+00:00
408b58bc-befc-45db-8587-a63c87378c50,e52aceb7-9bc0-403c-a7ee-524034694c23,c81a1f7f-f3c2-42f2-8374-5e7489efc470,Sai Life Sciences Ltd.,INE570L01029,,,75381.0,648.8,INR,0.43,,,,{},2026-08-22 09:12:01.054763+00:00
3e048075-7b35-49e9-8d60-142bfa39638d,e52aceb7-9bc0-403c-a7ee-524034694c23,476491b9-482f-4d84-a864-069713a676ab,eClerx Services Ltd.,INE738I01010,,,16114.0,647.09,INR,0.43,,,,{},2026-08-22 09:12:01.054763+00:00
f0bfd2fa-5f8e-4f02-86a9-aa5bf3d8c184,e52aceb7-9bc0-403c-a7ee-524034694c23,c798f5c6-e5a1-4b8f-b1a3-a5c6ce663887,Eris Lifesciences Ltd.,INE406M01024,,,40661.0,644.84,INR,0.43,,,,{},2026-08-22 09:12:01.054763+00:00
fa3d5b3e-96f0-476f-8b6e-6f2d9b0d7a3f,e52aceb7-9bc0-403c-a7ee-524034694c23,95477b10-9b49-42a3-96d0-4547a796ca4d,Jaiprakash Power Ventures Ltd.,INE351F01018,,,3590138.0,625.76,INR,0.42,,,,{},2026-08-22 09:12:01.054763+00:00
1d57ca85-a2fd-4fca-a619-e8d66cce0e6c,e52aceb7-9bc0-403c-a7ee-524034694c23,d82aa4d0-4f8b-4dac-9895-e2f1371c4707,Usha Martin Ltd.,INE228A01035,,,132925.0,610.59,INR,0.41,,,,{},2026-08-22 09:12:01.054763+00:00
8e11ab15-9e89-4ce2-ac5e-7e86d2d57d3d,e52aceb7-9bc0-403c-a7ee-524034694c23,15c55f82-9c11-4291-920d-05dc4ddd133d,Force Motors Ltd.,INE451A01017,,,3626.0,608.99,INR,0.41,,,,{},2026-08-22 09:12:01.054763+00:00
078dd93b-d725-4aab-a045-bc5ad95518f7,e52aceb7-9bc0-403c-a7ee-524034694c23,388f32d9-5396-4fd1-a26d-63e4137e67f2,BEML Ltd.,INE258A01016,,,14399.0,600.99,INR,0.4,,,,{},2026-08-22 09:12:01.054763+00:00
8e42a18c-d9e8-4789-9e3e-efb89971999d,e52aceb7-9bc0-403c-a7ee-524034694c23,a0008900-4da3-4681-a6c9-ecaa45437ba1,Chambal Fertilisers and Chemicals Ltd.,INE085A01013,,,114485.0,584.73,INR,0.39,,,,{},2026-08-22 09:12:01.054763+00:00
7c1f4dcd-c9c8-45b3-aa72-9575a9d58b12,e52aceb7-9bc0-403c-a7ee-524034694c23,ac4382a1-e140-496a-87b1-64396726f7bc,Gillette India Ltd.,INE322A01010,,,6125.0,580.65,INR,0.39,,,,{},2026-08-22 09:12:01.054763+00:00
18ba9dc9-82b4-4665-aa1b-524adfe34877,e52aceb7-9bc0-403c-a7ee-524034694c23,d7471157-f627-4233-b1a7-7decdfc632e5,Aarti Industries Ltd.,INE769A01020,,,154514.0,579.27,INR,0.39,,,,{},2026-08-22 09:12:01.054763+00:00
c4ef362b-acc9-41bb-a5e3-b99b13cec00b,e52aceb7-9bc0-403c-a7ee-524034694c23,2ab281db-7938-4ed3-b0d0-64d8df5808ae,Kirloskar Oil Engines Ltd.,INE146L01010,,,62646.0,575.59,INR,0.38,,,,{},2026-08-22 09:12:01.054763+00:00
7c01b078-76b3-4480-830e-8645eaedb529,e52aceb7-9bc0-403c-a7ee-524034694c23,57451e9f-596b-4b52-9e05-638a4d4fc666,Data Patterns (India) Ltd.,INE0IX101010,,,22297.0,568.44,INR,0.38,,,,{},2026-08-22 09:12:01.054763+00:00
a4c8c4f6-3680-407e-b698-d79b58ff2f7c,e52aceb7-9bc0-403c-a7ee-524034694c23,01a2bd10-c921-4e7a-b3a2-db27b949bace,Granules India Ltd.,INE101D01020,,,109257.0,564.86,INR,0.38,,,,{},2026-08-22 09:12:01.054763+00:00
8550b20a-c03f-42b7-b4ae-3d4ed553692f,e52aceb7-9bc0-403c-a7ee-524034694c23,e0b9274a-2dfd-41ea-b504-0f033e7db679,Bata India Ltd.,INE176A01028,,,48085.0,560.19,INR,0.37,,,,{},2026-08-22 09:12:01.054763+00:00
6edc49b1-c1d0-44c7-be9b-70c038cd7639,e52aceb7-9bc0-403c-a7ee-524034694c23,cb53217c-476f-4aec-bbc8-6349466068a7,Garden Reach Shipbuilders & Engineers Ltd.,INE382Z01011,,,22060.0,557.92,INR,0.37,,,,{},2026-08-22 09:12:01.054763+00:00
11a6db65-9cf9-4621-958f-d4aefacafc48,e52aceb7-9bc0-403c-a7ee-524034694c23,29d7aeb4-aa33-436e-98ef-4784cf1da017,Mahanagar Gas Ltd.,INE002S01010,,,42891.0,555.48,INR,0.37,,,,{},2026-08-22 09:12:01.054763+00:00
311d3b3f-f1fb-462b-9236-e427b06d539b,e52aceb7-9bc0-403c-a7ee-524034694c23,b586b565-0189-4b41-bc5a-fe23ba418042,CreditAccess Grameen Ltd.,INE741K01010,,,40515.0,548.25,INR,0.37,,,,{},2026-08-22 09:12:01.054763+00:00
d482ad02-3809-4c63-86f4-25f63a4a61fc,e52aceb7-9bc0-403c-a7ee-524034694c23,83f88810-5acf-4cc3-9f0c-458d0f37af19,Jyoti CNC Automation Ltd.,INE980O01024,,,64187.0,545.53,INR,0.36,,,,{},2026-08-22 09:12:01.054763+00:00
cd1a7da7-fc5f-4043-b5b4-65ac0484e0a7,e52aceb7-9bc0-403c-a7ee-524034694c23,33981976-6adb-4396-b8e7-7ea2a95cdae0,Capri Global Capital Ltd.,INE180C01042,,,290716.0,538.35,INR,0.36,,,,{},2026-08-22 09:12:01.054763+00:00
161f83f6-ca89-40b9-8cf6-6d2d9a8daece,e52aceb7-9bc0-403c-a7ee-524034694c23,be169146-753a-47f4-b78a-0b9eabfb64b9,CEAT Ltd.,INE482A01020,,,15861.0,536.64,INR,0.36,,,,{},2026-08-22 09:12:01.054763+00:00
9ff16d61-e021-4413-8839-3c344f3f5d14,e52aceb7-9bc0-403c-a7ee-524034694c23,3e4a99a8-139f-4226-a138-7ff97ce571b0,Natco Pharma Ltd.,INE987B01026,,,67449.0,536.59,INR,0.36,,,,{},2026-08-22 09:12:01.054763+00:00
cbe640b7-5789-4685-97e6-64fefe0047a7,e52aceb7-9bc0-403c-a7ee-524034694c23,b7549923-fca9-4f6e-b822-4062d8f96065,Ola Electric Mobility Ltd.,INE0LXG01040,,,920870.0,524.44,INR,0.35,,,,{},2026-08-22 09:12:01.054763+00:00
9d051012-d5df-49db-8db1-065b37f525a9,e52aceb7-9bc0-403c-a7ee-524034694c23,e7a6956b-36a5-42d5-9342-34564455e5e3,Reliance Infrastructure Ltd.,INE036A01016,,,216462.0,524.05,INR,0.35,,,,{},2026-08-22 09:12:01.054763+00:00
1fe380c6-7368-4941-a787-80f0cb491542,e52aceb7-9bc0-403c-a7ee-524034694c23,97c8c0a8-435c-4d70-8ead-f16a614819d9,Sapphire Foods India Ltd.,INE806T01020,,,178227.0,523.63,INR,0.35,,,,{},2026-08-22 09:12:01.054763+00:00
4eaa4ba1-1c90-4d23-a84d-bed5f797a514,e52aceb7-9bc0-403c-a7ee-524034694c23,44778d05-9a51-494c-919a-7bf830d363b7,Inventurus Knowledge Solutions Ltd.,INE115Q01022,,,35857.0,521.18,INR,0.35,,,,{},2026-08-22 09:12:01.054763+00:00
e6a3530e-e6d3-43b8-a5c0-beb5efdb097a,e52aceb7-9bc0-403c-a7ee-524034694c23,269d1db9-3315-4c79-84dc-1b030a255bcf,Devyani International Ltd.,INE872J01023,,,308630.0,518.59,INR,0.35,,,,{},2026-08-22 09:12:01.054763+00:00
2f326bac-90d4-4717-bfe2-ffd6ef9ce5c8,e52aceb7-9bc0-403c-a7ee-524034694c23,fb4c1fad-6ccd-49d0-b690-68d31a27a5a5,Sobha Ltd.,INE671H01015,,,33531.0,516.88,INR,0.35,,,,{},2026-08-22 09:12:01.054763+00:00
49764c1b-f96f-4779-b469-3bbc8e079913,e52aceb7-9bc0-403c-a7ee-524034694c23,ea19dbc1-d4f6-42da-adcf-2af71fcee62b,Sonata Software Ltd.,INE269A01021,,,146687.0,507.68,INR,0.34,,,,{},2026-08-22 09:12:01.054763+00:00
741f849c-5c1c-45ec-a06d-519f542dd1a1,e52aceb7-9bc0-403c-a7ee-524034694c23,f0550ca4-665e-4537-afa9-ab7e61ef1478,Techno Electric & Engineering Company Ltd.,INE285K01026,,,37762.0,503.52,INR,0.34,,,,{},2026-08-22 09:12:01.054763+00:00
1059a3e7-e4bd-4fe1-aa0c-bad0048ff031,e52aceb7-9bc0-403c-a7ee-524034694c23,3569ce86-274b-4bdb-b89e-1099cb16c6a5,PCBL Chemical Ltd.,INE602A01031,,,132357.0,494.49,INR,0.33,,,,{},2026-08-22 09:12:01.054763+00:00
d5ebc501-4a4a-46cf-94b3-a5492dca92a3,e52aceb7-9bc0-403c-a7ee-524034694c23,80279464-c453-481f-b59b-8295e4479602,Sumitomo Chemical India Ltd.,INE258G01013,,,92663.0,494.13,INR,0.33,,,,{},2026-08-22 09:12:01.054763+00:00
3dcee510-fc73-4bf3-8b25-77625ba5c09f,e52aceb7-9bc0-403c-a7ee-524034694c23,54fc0b43-46ad-4d6c-af3e-80740d0cb9d2,Zen Technologies Ltd.,INE251B01027,,,34340.0,492.02,INR,0.33,,,,{},2026-08-22 09:12:01.054763+00:00
b4a766ee-3d82-40e0-974f-62209908a90c,e52aceb7-9bc0-403c-a7ee-524034694c23,250b05ce-6e22-4547-a0bf-c2681b42141e,Sagility Ltd.,INE0W2G01015,,,1153317.0,492.01,INR,0.33,,,,{},2026-08-22 09:12:01.054763+00:00
dd7c64d2-c5e2-4b6c-ab8b-669e1bd28b8c,e52aceb7-9bc0-403c-a7ee-524034694c23,06266b1c-2d37-44be-8dac-293a765031ec,Can Fin Homes Ltd.,INE477A01020,,,63671.0,485.94,INR,0.32,,,,{},2026-08-22 09:12:01.054763+00:00
419c02fc-5102-4f69-9d82-0be1f0fa1d16,e52aceb7-9bc0-403c-a7ee-524034694c23,6a3a609c-520b-405f-a619-82b145421f0f,Olectra Greentech Ltd.,INE260D01016,,,30814.0,478.51,INR,0.32,,,,{},2026-08-22 09:12:01.054763+00:00
9afc6638-3149-4a20-baed-084f5a0bf82d,e52aceb7-9bc0-403c-a7ee-524034694c23,92780bcc-87c6-4d7f-bb72-c72132a4a033,Swan Corp Ltd.,INE665A01038,,,105065.0,477.73,INR,0.32,,,,{},2026-08-22 09:12:01.054763+00:00
0fedb649-5884-42ee-ad31-fa65d392184c,e52aceb7-9bc0-403c-a7ee-524034694c23,03eac08c-436a-473c-951a-d4a9c50b88f2,Aditya Birla Lifestyle Brands Ltd.,INE14LE01019,,,353684.0,470.08,INR,0.31,,,,{},2026-08-22 09:12:01.054763+00:00
bceb58e6-8327-4353-9210-1a8558cfa653,e52aceb7-9bc0-403c-a7ee-524034694c23,722a27ad-bd73-40cb-a7d7-6fc22f8ef940,JM Financial Ltd.,INE780C01023,,,293832.0,469.25,INR,0.31,,,,{},2026-08-22 09:12:01.054763+00:00
3979fde3-0fc1-4b17-9e9b-3b9b5314a1b4,e52aceb7-9bc0-403c-a7ee-524034694c23,f44b35b6-9eba-4c1d-81e8-89bfa5e4f983,Finolex Cables Ltd.,INE235A01022,,,57015.0,466.07,INR,0.31,,,,{},2026-08-22 09:12:01.054763+00:00
16ddce30-3bda-4807-86f1-703670db7fb5,e52aceb7-9bc0-403c-a7ee-524034694c23,cc1402cb-ffd0-401e-932f-804bce219a32,Bayer Cropscience Ltd.,INE462A01022,,,9603.0,461.95,INR,0.31,,,,{},2026-08-22 09:12:01.054763+00:00
5736c2aa-7aab-4b63-a644-d8ffc9d67719,e52aceb7-9bc0-403c-a7ee-524034694c23,b69ffc28-6798-44ca-8936-b6c75e60036b,Choice International Ltd.,INE102B01014,,,59898.0,459.72,INR,0.31,,,,{},2026-08-22 09:12:01.054763+00:00
518f84d9-e3f3-4330-9afb-372227220ed6,e52aceb7-9bc0-403c-a7ee-524034694c23,a9405b7b-7aee-43aa-b1d9-720482441416,Netweb Technologies India Ltd.,INE0NT901020,,,12394.0,452.2,INR,0.3,,,,{},2026-08-22 09:12:01.054763+00:00
e36b9553-6a71-4a91-942e-49b98f8d919c,e52aceb7-9bc0-403c-a7ee-524034694c23,4b5096c5-b69e-4b39-a2d2-524c45a94ec1,Godawari Power & Ispat Ltd.,INE177H01039,,,184373.0,451.35,INR,0.3,,,,{},2026-08-22 09:12:01.054763+00:00
f49606da-071e-4a99-b506-79b67a938c1e,e52aceb7-9bc0-403c-a7ee-524034694c23,44c28570-bad0-40ba-9e63-fb3a2cf82043,Syrma SGS Technology Ltd.,INE0DYJ01015,,,57453.0,440.89,INR,0.29,,,,{},2026-08-22 09:12:01.054763+00:00
ad227939-b9f1-43d7-866e-d43267b910b5,e52aceb7-9bc0-403c-a7ee-524034694c23,03666c06-a9b8-49ab-83d0-98704b2f188c,Birlasoft Ltd.,INE836A01035,,,124387.0,439.02,INR,0.29,,,,{},2026-08-22 09:12:01.054763+00:00
ac0b2481-5219-49c7-acf5-5e1162aff117,e52aceb7-9bc0-403c-a7ee-524034694c23,42b917da-68d9-4b1f-8fcb-bf1cfe112dd7,Newgen Software Technologies Ltd.,INE619B01017,,,47668.0,424.1,INR,0.28,,,,{},2026-08-22 09:12:01.054763+00:00
e4f7d686-c0fb-467f-ada1-80a2d1559e0e,e52aceb7-9bc0-403c-a7ee-524034694c23,963b74ad-47e0-48a2-b2a8-67fbe49f76f9,AstraZeneca Pharma India Ltd.,INE203A01020,,,4643.0,422.77,INR,0.28,,,,{},2026-08-22 09:12:01.054763+00:00
b1cdf407-f348-4569-bb7b-43da586fd61d,e52aceb7-9bc0-403c-a7ee-524034694c23,aaa21e11-fca3-4772-8ff4-17a57de5d52b,LT Foods Ltd.,INE818H01020,,,103523.0,419.89,INR,0.28,,,,{},2026-08-22 09:12:01.054763+00:00
2203da35-8def-4823-b841-d9a6f7be9c4f,e52aceb7-9bc0-403c-a7ee-524034694c23,2f20a06e-e329-486e-a9b6-090a0a39ae40,Ircon International Ltd.,INE962Y01021,,,245395.0,419.58,INR,0.28,,,,{},2026-08-22 09:12:01.054763+00:00
a145ac61-0db4-439c-9ece-825557cc02ab,e52aceb7-9bc0-403c-a7ee-524034694c23,581177db-05e2-4c7e-8052-80b2507f6483,Ramkrishna Forgings Ltd.,INE399G01023,,,77441.0,417.95,INR,0.28,,,,{},2026-08-22 09:12:01.054763+00:00
fb71546e-d277-4e6d-a14b-389c296f07dc,e52aceb7-9bc0-403c-a7ee-524034694c23,0053870a-d45b-4fc8-a5a7-97624834fe29,UTI Asset Management Co. Ltd.,INE094J01016,,,31338.0,408.68,INR,0.27,,,,{},2026-08-22 09:12:01.054763+00:00
9721f543-3ca6-425d-8d2e-a5548f0d6447,e52aceb7-9bc0-403c-a7ee-524034694c23,f74d6951-8db1-41f6-8f22-6306156b5d00,Jubilant Ingrevia Ltd.,INE0BY001018,,,63495.0,405.96,INR,0.27,,,,{},2026-08-22 09:12:01.054763+00:00
095ca313-f135-47f2-b18f-a22a5dc18180,e52aceb7-9bc0-403c-a7ee-524034694c23,5e4c0358-91c4-4508-840d-6c5d677a777d,Aadhar Housing Finance Ltd.,INE883F01010,,,79503.0,405.66,INR,0.27,,,,{},2026-08-22 09:12:01.054763+00:00
1a309254-bcb5-47a9-85ae-7a1e468c57dc,e52aceb7-9bc0-403c-a7ee-524034694c23,b28a908d-7f24-4b9f-921f-4fd0021c98ef,Metropolis Healthcare Ltd.,INE112L01020,,,19575.0,398.55,INR,0.27,,,,{},2026-08-22 09:12:01.054763+00:00
3204b390-659d-4a7f-baec-e35f4714f5af,e52aceb7-9bc0-403c-a7ee-524034694c23,20bf4cd0-c787-4c4d-9534-dfc83b5240ad,Transformers & Rectifiers (India) Ltd.,INE763I01026,,,80682.0,392.52,INR,0.26,,,,{},2026-08-22 09:12:01.054763+00:00
d77e3841-1433-453f-b9f0-1e595b4fad17,e52aceb7-9bc0-403c-a7ee-524034694c23,8b5ba7c2-23f1-4dca-a439-45b09a0dfe22,Sun TV Network Ltd.,INE424H01027,,,74398.0,389.44,INR,0.26,,,,{},2026-08-22 09:12:01.054763+00:00
cbdcbfb2-dc49-4c5a-bd07-b30baa736874,e52aceb7-9bc0-403c-a7ee-524034694c23,889bc0cb-5bcf-4b1c-8d1e-687ae461aecc,Alembic Pharmaceuticals Ltd.,INE901L01018,,,42036.0,378.89,INR,0.25,,,,{},2026-08-22 09:12:01.054763+00:00
5caea989-b03f-4e80-9615-541d0fef5426,e52aceb7-9bc0-403c-a7ee-524034694c23,7908ca10-2772-4070-b1e1-adf4ae71c23b,BASF India Ltd.,INE373A01013,,,8583.0,377.39,INR,0.25,,,,{},2026-08-22 09:12:01.054763+00:00
a84efc02-34d4-4edf-bd11-ae460a121f10,e52aceb7-9bc0-403c-a7ee-524034694c23,15931723-f2cb-4378-b356-a3817e304d09,Elecon Engineering Company Ltd.,INE205B01031,,,66275.0,376.38,INR,0.25,,,,{},2026-08-22 09:12:01.054763+00:00
b9d6ac5a-c987-4b4e-8dd0-ade3c4bb3c4c,e52aceb7-9bc0-403c-a7ee-524034694c23,d3453e75-04d8-4fc9-ac15-43a929a55615,Gravita India Ltd.,INE024L01027,,,23831.0,374.1,INR,0.25,,,,{},2026-08-22 09:12:01.054763+00:00
7c5aec07-228c-440a-821b-27e645bf26c1,e52aceb7-9bc0-403c-a7ee-524034694c23,31917e0b-4666-4283-9ef9-5196db05f59b,Sarda Energy & Minerals Ltd.,INE385C01021,,,69230.0,373.43,INR,0.25,,,,{},2026-08-22 09:12:01.054763+00:00
d91efd5d-567d-44a4-bc7d-154f23904f52,e52aceb7-9bc0-403c-a7ee-524034694c23,beca5cb6-2cae-4443-aab0-118f00bab26a,Gujarat Mineral Development Corporation Ltd.,INE131A01031,,,62317.0,373.31,INR,0.25,,,,{},2026-08-22 09:12:01.054763+00:00
98fcd0de-6d42-4a54-aea9-050ffe33ba62,e52aceb7-9bc0-403c-a7ee-524034694c23,8f791b4c-ff4d-493b-a997-8b67dd547703,Century Plyboards (India) Ltd.,INE348B01021,,,45738.0,371.9,INR,0.25,,,,{},2026-08-22 09:12:01.054763+00:00
28ed711f-ff5e-4476-86bb-9e2b1c9f569e,e52aceb7-9bc0-403c-a7ee-524034694c23,c8d52f11-10ea-47a6-bb17-3fe69c32497f,Kirloskar Brothers Ltd.,INE732A01036,,,19048.0,367.57,INR,0.25,,,,{},2026-08-22 09:12:01.054763+00:00
2c2103ba-141e-42b4-998a-078a9f392652,e52aceb7-9bc0-403c-a7ee-524034694c23,ae97c86a-7ac9-4dcf-875b-07087049f55e,Schneider Electric Infrastructure Ltd.,INE839M01018,,,44053.0,361.5,INR,0.24,,,,{},2026-08-22 09:12:01.054763+00:00
e96090ea-8b7d-434f-8228-75d84168fe91,e52aceb7-9bc0-403c-a7ee-524034694c23,9a31607d-1d53-460f-91ff-7dfd4f244772,Tejas Networks Ltd.,INE010J01012,,,60929.0,356.68,INR,0.24,,,,{},2026-08-22 09:12:01.054763+00:00
e7ebc96e-eb8d-44ef-9759-4c3c3e849dfd,e52aceb7-9bc0-403c-a7ee-524034694c23,cbcf28a4-e0a9-4844-a07f-25741e9bdca6,Jindal Saw Ltd.,INE324A01032,,,174975.0,354.88,INR,0.24,,,,{},2026-08-22 09:12:01.054763+00:00
88f6bcb4-3c46-4e4c-9748-0ee6e2a2eb00,e52aceb7-9bc0-403c-a7ee-524034694c23,dc618c2e-2f78-4584-9a34-7e8423fafa57,Bikaji Foods International Ltd.,INE00E101023,,,47417.0,352.85,INR,0.24,,,,{},2026-08-22 09:12:01.054763+00:00
951101ad-1add-4f9d-8182-036826ed47b6,e52aceb7-9bc0-403c-a7ee-524034694c23,c2552a10-682d-449d-9676-bf8c42b19924,The Jammu & Kashmir Bank Ltd.,INE168A01041,,,335814.0,352.71,INR,0.24,,,,{},2026-08-22 09:12:01.054763+00:00
45903189-20af-402b-a854-d19982da4bdb,e52aceb7-9bc0-403c-a7ee-524034694c23,dc1d1ea2-a16a-4030-be74-aa04a1015f65,Aditya Birla Fashion and Retail Ltd.,INE647O01011,,,409106.0,345.65,INR,0.23,,,,{},2026-08-22 09:12:01.054763+00:00
126c8ee1-9e94-445f-a93d-dd3ced6cdb2d,e52aceb7-9bc0-403c-a7ee-524034694c23,40e9c7ab-99f8-4320-8a88-c0a897c78ab8,Minda Corporation Ltd.,INE842C01021,,,60453.0,344.25,INR,0.23,,,,{},2026-08-22 09:12:01.054763+00:00
318e2d40-5090-4102-b21c-d7675c3e5850,e52aceb7-9bc0-403c-a7ee-524034694c23,d3698476-7522-45f5-9801-046a2bec26d5,Jupiter Wagons Ltd.,INE209L01016,,,102239.0,343.06,INR,0.23,,,,{},2026-08-22 09:12:01.054763+00:00
ec6273a3-697a-427c-af4b-fb0218340524,e52aceb7-9bc0-403c-a7ee-524034694c23,1b40fcc3-3c99-4f98-a3d1-f6e5385780d8,DCM Shriram Ltd.,INE499A01024,,,29786.0,341.91,INR,0.23,,,,{},2026-08-22 09:12:01.054763+00:00
793c3f35-35c6-4858-bc97-349a59db1f46,e52aceb7-9bc0-403c-a7ee-524034694c23,db85b3a5-fe75-48a1-be79-903f2d442b29,Action Construction Equipment Ltd.,INE731H01025,,,31000.0,332.51,INR,0.22,,,,{},2026-08-22 09:12:01.054763+00:00
ef92f03c-0157-4406-8128-5413bb49350a,e52aceb7-9bc0-403c-a7ee-524034694c23,ce87c65e-7c06-4a1d-8d84-b96fb327822a,JK Tyre & Industries Ltd.,INE573A01042,,,91444.0,327.05,INR,0.22,,,,{},2026-08-22 09:12:01.054763+00:00
005a6458-26bc-4678-8357-027a84f35a77,e52aceb7-9bc0-403c-a7ee-524034694c23,afd1f0f6-8614-4aae-ac63-b39e2ab2402b,KSB Ltd.,INE999A01023,,,39474.0,324.32,INR,0.22,,,,{},2026-08-22 09:12:01.054763+00:00
2e818dd9-f08a-41cf-a2a5-1a298e577a92,e52aceb7-9bc0-403c-a7ee-524034694c23,d1bf4c43-30f9-4563-a1a7-098ad3b344d8,Jyothy Labs Ltd.,INE668F01031,,,102512.0,323.17,INR,0.22,,,,{},2026-08-22 09:12:01.054763+00:00
1292e286-bacd-4620-9319-cedba59c356f,e52aceb7-9bc0-403c-a7ee-524034694c23,878742b1-e662-449f-9d37-02b41fe14970,Vardhman Textiles Ltd.,INE825A01020,,,77180.0,318.64,INR,0.21,,,,{},2026-08-22 09:12:01.054763+00:00
f781eb1d-ad35-45fa-a177-4226fc17690f,e52aceb7-9bc0-403c-a7ee-524034694c23,f57b77cc-392f-48b8-8de0-fb35a54cda40,Signatureglobal (India) Ltd.,INE903U01023,,,29505.0,310.98,INR,0.21,,,,{},2026-08-22 09:12:01.054763+00:00
37b34bcc-3a35-4c74-89c1-5b2943586378,e52aceb7-9bc0-403c-a7ee-524034694c23,2e36c8ee-4bbc-4838-8dbf-f96eb51cfd99,R R Kabel Ltd.,INE777K01022,,,24491.0,308.93,INR,0.21,,,,{},2026-08-22 09:12:01.054763+00:00
f2757af6-efb9-4054-903f-4c68de9c351e,e52aceb7-9bc0-403c-a7ee-524034694c23,cc49410f-0e3c-4473-8028-7723f79299c3,Praj Industries Ltd.,INE074A01025,,,92880.0,306.46,INR,0.2,,,,{},2026-08-22 09:12:01.054763+00:00
d0da873b-3e35-4cf3-81b0-53f3b44ad98d,e52aceb7-9bc0-403c-a7ee-524034694c23,9ad83d16-aea6-4849-9fe1-d19c0c867275,Caplin Point Laboratories Ltd.,INE475E01026,,,15201.0,298.87,INR,0.2,,,,{},2026-08-22 09:12:01.054763+00:00
09b2166c-c342-4541-8007-6871a1236711,e52aceb7-9bc0-403c-a7ee-524034694c23,97473caf-be79-446b-aa96-db782cd6cbf5,Valor Estate Ltd.,INE879I01012,,,184274.0,298.04,INR,0.2,,,,{},2026-08-22 09:12:01.054763+00:00
96b3ce4f-edd7-4a22-bf2f-7d8e2836ffb1,e52aceb7-9bc0-403c-a7ee-524034694c23,274d2742-33fb-4097-be34-43b79c6b6145,BLS International Services Ltd.,INE153T01027,,,91243.0,294.08,INR,0.2,,,,{},2026-08-22 09:12:01.054763+00:00
1d64b352-02fd-4f21-8544-47bfd1b080d4,e52aceb7-9bc0-403c-a7ee-524034694c23,48affda9-16a9-400e-b7ed-27224dfe57ae,Dr. Agarwals Health Care Ltd.,INE943P01029,,,57791.0,293.2,INR,0.2,,,,{},2026-08-22 09:12:01.054763+00:00
c9b0314a-28ef-4914-b9ab-de0768399b46,e52aceb7-9bc0-403c-a7ee-524034694c23,8aefa23f-dbc9-4626-8311-b5c9430b71e5,Honasa Consumer Ltd.,INE0J5401028,,,103679.0,291.23,INR,0.19,,,,{},2026-08-22 09:12:01.054763+00:00
78dfbe8c-d4dd-44b5-9d33-55a83b2c42f7,e52aceb7-9bc0-403c-a7ee-524034694c23,f7786ef7-c305-4bec-ab9e-478897b52f55,Shipping Corporation of India Ltd.,INE109A01011,,,127354.0,283.6,INR,0.19,,,,{},2026-08-22 09:12:01.054763+00:00
6a3f83ec-3bcc-4e6e-913b-7cbb94f01716,e52aceb7-9bc0-403c-a7ee-524034694c23,42fc787f-b64b-475c-9c8e-9acddd748466,Central Bank of India,INE483A01010,,,733266.0,277.03,INR,0.19,,,,{},2026-08-22 09:12:01.054763+00:00
17494f4f-7403-4036-a7e0-1c15e34b3674,e52aceb7-9bc0-403c-a7ee-524034694c23,a0883cb7-6135-4323-8946-38263c5de3ef,Chennai Petroleum Corporation Ltd.,INE178A01016,,,36273.0,274.88,INR,0.18,,,,{},2026-08-22 09:12:01.054763+00:00
d56b0567-353b-42c6-b9ee-6bd1e6f7d331,e52aceb7-9bc0-403c-a7ee-524034694c23,5b2e8ad4-f201-4656-bd33-fcb56edeeaff,Welspun Living Ltd.,INE192B01031,,,239287.0,274.46,INR,0.18,,,,{},2026-08-22 09:12:01.054763+00:00
82abe7f4-2874-4274-869f-0d926753f7e3,e52aceb7-9bc0-403c-a7ee-524034694c23,4546e29d-062e-4cf1-afad-dbc7f97f47a9,IFCI Ltd.,INE039A01010,,,495556.0,267.85,INR,0.18,,,,{},2026-08-22 09:12:01.054763+00:00
350f87a2-46e9-4529-89c1-91108009b0b0,e52aceb7-9bc0-403c-a7ee-524034694c23,58d87173-1f2c-49fb-a96a-ee76b3ce1984,Cera Sanitaryware Ltd.,INE739E01017,,,4345.0,267.76,INR,0.18,,,,{},2026-08-22 09:12:01.054763+00:00
637df333-91b1-4514-a75b-ff71b3db7e7a,e52aceb7-9bc0-403c-a7ee-524034694c23,8d3915b5-0da1-4718-a346-0b51709c1cc8,Trident Ltd.,INE064C01022,,,940726.0,265.0,INR,0.18,,,,{},2026-08-22 09:12:01.054763+00:00
521e6ea2-8ae5-40e6-ada2-42c0e6837370,e52aceb7-9bc0-403c-a7ee-524034694c23,0f52968d-dee6-4901-a984-3a57a1ceffe5,SAREGAMA India Ltd.,INE979A01025,,,56399.0,264.6,INR,0.18,,,,{},2026-08-22 09:12:01.054763+00:00
4bc30e20-25d4-45ff-81fe-344d19fc058f,e52aceb7-9bc0-403c-a7ee-524034694c23,ea3e19ba-5c68-4358-ad49-a41c622ba2ff,International Gemmological Inst.(I) Ltd.,INE0Q9301021,,,76517.0,264.06,INR,0.18,,,,{},2026-08-22 09:12:01.054763+00:00
29475822-afea-4af9-9e7b-8aa7b4008972,e52aceb7-9bc0-403c-a7ee-524034694c23,1f10aa82-f327-4f5b-8574-224108b59173,Blue Dart Express Ltd.,INE233B01017,,,4455.0,254.07,INR,0.17,,,,{},2026-08-22 09:12:01.054763+00:00
1b6b3836-05ad-4eb6-8e89-bc9ee33b3798,e52aceb7-9bc0-403c-a7ee-524034694c23,c6b2005e-bd03-4c4f-808d-328557f3fbfb,Rites Ltd.,INE320J01015,,,100888.0,248.22,INR,0.17,,,,{},2026-08-22 09:12:01.054763+00:00
2b2b139f-b8a4-49c2-abe1-06608be5ddb2,e52aceb7-9bc0-403c-a7ee-524034694c23,d43c691f-8a0c-4faa-bd6b-534105f60d67,Railtel Corporation of India Ltd.,INE0DD101019,,,65811.0,244.95,INR,0.16,,,,{},2026-08-22 09:12:01.054763+00:00
c3722dd0-e95f-4d7d-bc8d-71c040609460,e52aceb7-9bc0-403c-a7ee-524034694c23,31d8910d-4058-423f-8a48-8d453bbf8927,Emcure Pharmaceuticals Ltd.,INE168P01015,,,18914.0,242.08,INR,0.16,,,,{},2026-08-22 09:12:01.054763+00:00
3bdaf521-5b61-41e8-bf58-a0f438aed150,e52aceb7-9bc0-403c-a7ee-524034694c23,115eeb43-79b6-4d52-9989-c25374e47191,Bombay Burmah Trading Corporation Ltd.,INE050A01025,,,13043.0,230.6,INR,0.15,,,,{},2026-08-22 09:12:01.054763+00:00
d5229b8b-5645-4e28-b36d-3e0725edf6eb,e52aceb7-9bc0-403c-a7ee-524034694c23,f072354a-bf3b-47cc-8541-afcb400579cf,Godrej Agrovet Ltd.,INE850D01014,,,33012.0,227.85,INR,0.15,,,,{},2026-08-22 09:12:01.054763+00:00
3c081fc7-0980-46cd-86f7-8b395527d68c,e52aceb7-9bc0-403c-a7ee-524034694c23,034c3483-332c-48d9-8644-e68bc64d1e61,Akzo Nobel India Ltd.,INE133A01011,,,6813.0,225.48,INR,0.15,,,,{},2026-08-22 09:12:01.054763+00:00
57c7a879-42da-4cd7-b91b-bcc4acf9c352,e52aceb7-9bc0-403c-a7ee-524034694c23,0b8fc874-66f8-44dc-8b9a-448ac25d964e,Aegis Vopak Terminals Ltd.,INE0INX01018,,,84998.0,221.4,INR,0.15,,,,{},2026-08-22 09:12:01.054763+00:00
a81cdfab-4216-4344-9f4f-0f804d0c8cbe,e52aceb7-9bc0-403c-a7ee-524034694c23,5f0da5ea-2ebf-42dd-b5de-b94bd231e095,Latent View Analytics Ltd.,INE0I7C01011,,,54160.0,221.22,INR,0.15,,,,{},2026-08-22 09:12:01.054763+00:00
c5fac063-3abe-4b37-9423-92e79922902b,e52aceb7-9bc0-403c-a7ee-524034694c23,e255c149-997c-4ff0-ab9f-aa4c1e3548d0,ITI Ltd.,INE248A01017,,,72375.0,218.28,INR,0.15,,,,{},2026-08-22 09:12:01.054763+00:00
a4ee68fc-c9e6-4236-9636-a3a98a359b6c,e52aceb7-9bc0-403c-a7ee-524034694c23,641f36c3-3831-400b-be5d-8f7405e78059,Triveni Engineering & Industries Ltd.,INE256C01024,,,64401.0,214.78,INR,0.14,,,,{},2026-08-22 09:12:01.054763+00:00
11e4ec1d-1ff7-478c-8a8c-ddbe011be7fa,e52aceb7-9bc0-403c-a7ee-524034694c23,a07cee9e-307b-45d3-8feb-50057a71fa7a,C.E.Info Systems Ltd.,INE0BV301023,,,12857.0,212.05,INR,0.14,,,,{},2026-08-22 09:12:01.054763+00:00
949b278b-d321-4ef7-b667-b0d86a62cc14,e52aceb7-9bc0-403c-a7ee-524034694c23,ec5529f9-6b6c-44af-b7ee-67db9722549d,Tata Teleservices (Maharastra) Ltd.,INE517B01013,,,378504.0,208.25,INR,0.14,,,,{},2026-08-22 09:12:01.054763+00:00
ced549cb-ccef-4ecf-8ead-ac2ab7dcb029,e52aceb7-9bc0-403c-a7ee-524034694c23,96b3d545-9298-47b2-aade-edfe190a720a,JBM Auto Ltd.,INE927D01051,,,30363.0,203.51,INR,0.14,,,,{},2026-08-22 09:12:01.054763+00:00
d432e537-a2a5-4a9a-adae-564f84a3ef7c,e52aceb7-9bc0-403c-a7ee-524034694c23,2138e9fe-af69-4d8e-bff5-38cfd46e11b0,RHI Magnesita India Ltd.,INE743M01012,,,45647.0,201.26,INR,0.13,,,,{},2026-08-22 09:12:01.054763+00:00
e1f21123-34b9-4849-a90f-580d9a4e2da5,e52aceb7-9bc0-403c-a7ee-524034694c23,ae79edb7-8e7b-4cf8-8a1b-d290708d0c53,Alkyl Amines Chemicals Ltd.,INE150B01039,,,10435.0,199.68,INR,0.13,,,,{},2026-08-22 09:12:01.054763+00:00
669f9712-4ce4-41a1-9d59-758cdfbb17c4,e52aceb7-9bc0-403c-a7ee-524034694c23,67e603ec-2ed6-45a5-bc41-628cd739b9ae,Schloss Bangalore Ltd.,INE0AQ201015,,,47091.0,194.49,INR,0.13,,,,{},2026-08-22 09:12:01.054763+00:00
69e83c33-a265-41c3-b3bd-4b29bd416655,e52aceb7-9bc0-403c-a7ee-524034694c23,157e90d4-afda-4fd6-82f2-56a9583e2d4a,Maharashtra Seamless Ltd.,INE271B01025,,,30674.0,183.42,INR,0.12,,,,{},2026-08-22 09:12:01.054763+00:00
8826e01d-2d94-4169-81e8-3882ecdfb0f4,e52aceb7-9bc0-403c-a7ee-524034694c23,0653b1a0-28fe-40fa-b1a4-e8041cd80e3b,Mangalore Refinery and Petrochemicals Ltd.,INE103A01014,,,134447.0,178.53,INR,0.12,,,,{},2026-08-22 09:12:01.054763+00:00
2f09a875-dd82-4050-99fa-2a0799af281d,e52aceb7-9bc0-403c-a7ee-524034694c23,03d3aa9d-32f6-4e68-b5f0-1d3da245bb75,Blue Jet Healthcare Ltd.,INE0KBH01020,,,26447.0,166.66,INR,0.11,,,,{},2026-08-22 09:12:01.054763+00:00
3c4c7c45-1498-41c5-907b-af82bd4cf923,e52aceb7-9bc0-403c-a7ee-524034694c23,c80b6cfa-dd15-4415-ba12-73f70617f15f,Alok Industries Ltd.,INE270A01029,,,934978.0,161.94,INR,0.11,,,,{},2026-08-22 09:12:01.054763+00:00
4dfb093a-6ee2-45a3-a152-6960a1b13657,e52aceb7-9bc0-403c-a7ee-524034694c23,1e8e94fd-38c1-4edf-bfca-13e09f7406f3,Rashtriya Chemicals and Fertilizers Ltd.,INE027A01015,,,103993.0,151.64,INR,0.1,,,,{},2026-08-22 09:12:01.054763+00:00
d4aa3271-51c8-4cae-ac4e-ae0bab805d74,e52aceb7-9bc0-403c-a7ee-524034694c23,1ea29d64-10db-4423-8e8c-a6471cb0e041,Ventive Hospitality Ltd.,INE781S01027,,,19429.0,135.35,INR,0.09,,,,{},2026-08-22 09:12:01.054763+00:00
e6972ee6-14cf-4a73-85b5-6e18e789a1d9,e52aceb7-9bc0-403c-a7ee-524034694c23,f5953d1c-d9b2-43d2-9289-ac3aaeb89ffd,Akums Drugs & Pharmaceuticals Ltd.,INE09XN01023,,,20667.0,91.23,INR,0.06,,,,{},2026-08-22 09:12:01.054763+00:00
05b1c38b-f802-4a36-96d5-af2082363965,e52aceb7-9bc0-403c-a7ee-524034694c23,982b3054-9da2-4438-b826-618b30a2931b,MMTC LTD,INE123F01029,,,113972.0,73.79,INR,0.05,,,,{},2026-08-22 09:12:01.054763+00:00
59654c47-4b4a-4e86-be9a-7c49aa55a52f,e52aceb7-9bc0-403c-a7ee-524034694c23,717f19d6-3876-4ae5-88c7-4e2b15028d34,Advent Hotels International Pvt.Ltd.,INE28GN01010,,,18645.0,58.3,INR,0.04,,,,{},2026-08-22 09:12:01.054763+00:00
27edb750-21f9-4d7f-9ed2-1eb64983af42,e52aceb7-9bc0-403c-a7ee-524034694c23,7369473f-b28e-4078-9dcb-0b743b391ccb,Punjab & Sind Bank,INE608A01012,,,80209.0,23.86,INR,0.44,,,,{},2026-08-22 09:12:01.054763+00:00
3203693e-6421-4080-80bf-a2bb3dd40469,e52aceb7-9bc0-403c-a7ee-524034694c23,870bc81a-1e58-4d48-8d40-de0cf70f1a5e,Indian Railway Finance Corporation Ltd.,INE053F08239,,,59400.0,59744.22,INR,6.97,6.3749,,,{},2026-08-22 09:12:01.054763+00:00
0e5f5a0d-dda8-477a-88a5-a0c2145a4257,e52aceb7-9bc0-403c-a7ee-524034694c23,e777b65b-2652-434c-a779-8a6039034e4f,Export-Import Bank of India,INE514E08FZ5,,,5000.0,50271.15,INR,5.86,6.345,,,{},2026-08-22 09:12:01.054763+00:00
24c7e4ae-9bcd-4b2c-9fc5-ffd4e6461aff,e52aceb7-9bc0-403c-a7ee-524034694c23,7fa23fb9-68ad-4f18-b40a-980854b35734,Power Finance Corporation Ltd.,INE134E08LP1,,,3800.0,38142.39,INR,4.45,6.58,,,{},2026-08-22 09:12:01.054763+00:00
e2768a45-6f2d-47ae-993d-6f3f37be1f47,e52aceb7-9bc0-403c-a7ee-524034694c23,177388d8-75b7-496a-a398-c4b3152a41b8,Power Finance Corporation Ltd.,INE134E08LK2,,,3050.0,30378.12,INR,3.54,6.52,,,{},2026-08-22 09:12:01.054763+00:00
f366c198-d14d-47dc-bf02-e26dd0d5cd78,e52aceb7-9bc0-403c-a7ee-524034694c23,32995dda-0538-4690-97e3-51632ffbfe69,Power Finance Corporation Ltd.,INE134E08IE1,,,1800.0,18141.26,INR,2.12,6.4201,,,{},2026-08-22 09:12:01.054763+00:00
2f1c6836-883f-4ade-b68b-af256d19eda1,e52aceb7-9bc0-403c-a7ee-524034694c23,35e0658d-f953-4116-9e5c-079f45bed378,NTPC Ltd.,INE733E07KE8,,,950.0,9584.15,INR,1.12,6.475,,,{},2026-08-22 09:12:01.054763+00:00
2fb91b0e-3332-4ea3-85f5-655a0f105472,e52aceb7-9bc0-403c-a7ee-524034694c23,f8258cf7-0c9b-496c-9349-9170a36902f9,Indian Railway Finance Corporation Ltd.,INE053F09HM3,,,620.0,6288.99,INR,0.73,6.1693,,,{},2026-08-22 09:12:01.054763+00:00
093c65c0-8968-42ee-8137-f42d2475aa35,e52aceb7-9bc0-403c-a7ee-524034694c23,1936f555-e4f8-4221-9375-e651f9c5a099,REC Ltd.,INE020B08EL2,,,5000.0,5024.75,INR,0.59,6.43,,,{},2026-08-22 09:12:01.054763+00:00
1c32b6da-6917-4533-b3b9-de6ba209bf9b,e52aceb7-9bc0-403c-a7ee-524034694c23,c785df0b-2c78-451d-aa8b-d7a09b38e89c,NTPC Ltd.,INE733E07KC2,,,350.0,3533.75,INR,0.41,6.38,,,{},2026-08-22 09:12:01.054763+00:00
9ee38010-7ae8-4838-af56-e81fd4cbcb73,e52aceb7-9bc0-403c-a7ee-524034694c23,04a5946e-10af-4d0f-bb29-950034c97e42,Power Finance Corporation Ltd.,INE134E08LS5,,,350.0,3517.16,INR,0.41,6.565,,,{},2026-08-22 09:12:01.054763+00:00
2b2b5a51-685b-48fe-99a0-7020643a1794,e52aceb7-9bc0-403c-a7ee-524034694c23,261ad152-746b-4d34-93bc-19fa3fe87332,Indian Railway Finance Corporation Ltd.,INE053F09HN1,,,300.0,3043.31,INR,0.36,6.184,,,{},2026-08-22 09:12:01.054763+00:00
054267f5-dc49-4175-ae8f-cd8598013829,e52aceb7-9bc0-403c-a7ee-524034694c23,94f5b201-3a19-4f37-8d19-a49d64f851af,Power Finance Corporation Ltd.,INE134E08MC7,,,2500.0,2520.94,INR,0.29,6.63,,,{},2026-08-22 09:12:01.054763+00:00
b92679f1-f465-49ff-8f30-5320b52016d9,e52aceb7-9bc0-403c-a7ee-524034694c23,89b6acad-fa68-4945-9a32-4e0116e668c3,Power Finance Corporation Ltd.,INE134E08LG0,,,625.0,2496.37,INR,0.29,6.45,,,{},2026-08-22 09:12:01.054763+00:00
6e910f9d-588b-4717-a891-5e67df0a63aa,e52aceb7-9bc0-403c-a7ee-524034694c23,6292f6fa-b557-4d1f-b78c-2b364c3f9ca5,Power Finance Corporation Ltd.,INE134E08DU8,,,204.0,2089.96,INR,0.24,6.57,,,{},2026-08-22 09:12:01.054763+00:00
ebb026e7-6566-4bbf-b98d-b8d47d145163,e52aceb7-9bc0-403c-a7ee-524034694c23,3e4927f2-f02d-43d3-ab44-63397fffa86f,Nuclear Power Corporation of India Ltd.,INE206D08261,,,150.0,1513.95,INR,0.18,6.135,,,{},2026-08-22 09:12:01.054763+00:00
8f19226c-550d-4a96-a83c-f8f0336cd1c1,e52aceb7-9bc0-403c-a7ee-524034694c23,6b73ba1b-d078-4264-b866-1fb5f68d553a,Power Grid Corporation of India Ltd.,INE752E07JZ5,,,80.0,1020.05,INR,0.12,6.31,,,{},2026-08-22 09:12:01.054763+00:00
cb7d7a21-8960-412a-978b-c0b6a02ac989,e52aceb7-9bc0-403c-a7ee-524034694c23,870715d9-57fe-4254-bcb5-0e254ecdcdd4,NHPC Ltd.,INE848E07864,,,1000.0,1014.44,INR,0.12,6.445,,,{},2026-08-22 09:12:01.054763+00:00
0d8e5eae-8988-4bef-95f9-cda148d31ee9,e52aceb7-9bc0-403c-a7ee-524034694c23,2cddd462-544a-446b-8ceb-1375d2276e82,Power Finance Corporation Ltd.,INE134E08DS2,,,70.0,715.65,INR,0.08,6.5268,,,{},2026-08-22 09:12:01.054763+00:00
a0d20c79-2305-40bc-a08d-61a3287d435e,e52aceb7-9bc0-403c-a7ee-524034694c23,6be3dd82-1263-4b21-aed9-a31acb300913,Power Grid Corporation of India Ltd.,INE752E07MS4,,,50.0,505.77,INR,0.06,6.3699,,,{},2026-08-22 09:12:01.054763+00:00
253d0e03-9455-4267-a23f-ed69592d5db5,e52aceb7-9bc0-403c-a7ee-524034694c23,1eb6082a-e7f2-4c5a-b957-a55157daa731,NHPC Ltd.,INE848E07BJ2,,,250.0,500.75,INR,0.06,6.335,,,{},2026-08-22 09:12:01.054763+00:00
440fcfe7-a2df-43ae-8fc9-b2cb634cc7a0,e52aceb7-9bc0-403c-a7ee-524034694c23,360a4cff-5c9f-4b7a-93fd-97785bf1fcd4,7.49% State Government of Gujarat 2026,IN1520220097,,,26000000.0,26407.37,INR,3.08,5.925282,,,{},2026-08-22 09:12:01.054763+00:00
bcaaa881-1507-4d0e-b183-38514fb2dc3a,e52aceb7-9bc0-403c-a7ee-524034694c23,45b24a4b-cf02-4210-b1f9-5e4155c09802,7.63% State Government of West Bengal 2026,IN3420160043,,,20326000.0,20606.46,INR,2.4,6.0264025,,,{},2026-08-22 09:12:01.054763+00:00
b0bb1617-554a-4f5c-9ba8-9d18b23506d8,e52aceb7-9bc0-403c-a7ee-524034694c23,386212c0-298e-4503-8d5a-e9e5df42d559,7.02% State Government of Gujarat 2026,IN1520190092,,,13500000.0,13635.57,INR,1.59,5.945832,,,{},2026-08-22 09:12:01.054763+00:00
790d14a3-f1c4-4339-b9bc-8988ac162b8e,e52aceb7-9bc0-403c-a7ee-524034694c23,dc53ebe9-a542-475c-bb38-3deabb8a4207,8.00% State Government of Rajasthan 2026,IN2920160024,,,10000000.0,10133.35,INR,1.18,5.945773,,,{},2026-08-22 09:12:01.054763+00:00
fa581d87-a8fa-41bc-a138-52e7cd9fb2fb,e52aceb7-9bc0-403c-a7ee-524034694c23,2204305d-c285-411e-831f-03ca296d373f,7.62% State Government of Madhya Pradesh 2026,IN2120160014,,,9137600.0,9263.98,INR,1.08,6.0121898,,,{},2026-08-22 09:12:01.054763+00:00
f5ac9acc-49aa-4aed-85f6-b1e05cbfd46d,e52aceb7-9bc0-403c-a7ee-524034694c23,cc30f01a-743b-4906-9182-38952eb29247,8.02% State Government of Uttar Pradesh 2026,IN3320160036,,,6013700.0,6095.41,INR,0.71,5.925389,,,{},2026-08-22 09:12:01.054763+00:00
f94f1f13-5f1a-435f-8c53-6d46652c11ff,e52aceb7-9bc0-403c-a7ee-524034694c23,72990c37-b77e-47da-b1b4-213960ed3348,7.04% State Government of Gujarat 2026,IN1520190084,,,5500000.0,5552.48,INR,0.65,5.945832,,,{},2026-08-22 09:12:01.054763+00:00
63c8fa31-934e-4b77-834d-c41a96ac1d46,e52aceb7-9bc0-403c-a7ee-524034694c23,2f784619-f234-4943-a6af-ee4ed3bebb9d,7.58% State Government of Maharashtra 2026,IN2220160054,,,4725400.0,4794.41,INR,0.56,5.961282,,,{},2026-08-22 09:12:01.054763+00:00
60bef36a-48eb-443d-9d06-a6e1d9fcc41f,e52aceb7-9bc0-403c-a7ee-524034694c23,d87e5617-2da9-4405-a0f3-d856e0e5d9d1,7.58% State Government of Uttar Pradesh 2026,IN3320160218,,,4561000.0,4625.83,INR,0.54,6.0073013,,,{},2026-08-22 09:12:01.054763+00:00
53dedc55-6d8c-488d-b8e6-f11db9052739,e52aceb7-9bc0-403c-a7ee-524034694c23,b62afd80-4ea5-4f77-b9fd-4ab098a34398,8.08% State Government of Uttar Pradesh 2026,IN3320160168,,,3461000.0,3513.35,INR,0.41,5.925389,,,{},2026-08-22 09:12:01.054763+00:00
31987275-b967-435b-8422-58854704f525,e52aceb7-9bc0-403c-a7ee-524034694c23,ecd893de-3cba-450c-b25a-27d68db66646,7.98% State Government of Kerala 2026,IN2020160031,,,3043000.0,3081.34,INR,0.36,5.919523,,,{},2026-08-22 09:12:01.054763+00:00
79c4b885-6fd7-46eb-8c74-f76455fcb3a5,e52aceb7-9bc0-403c-a7ee-524034694c23,6d0376a4-0f67-41b2-89f2-23f7d9117aa1,7.98% State Government of Tamil Nadu 2026,IN3120160046,,,3000000.0,3040.58,INR,0.35,5.8944051,,,{},2026-08-22 09:12:01.054763+00:00
b6f90f1c-ccdd-463e-a81b-ccf506a4c998,e52aceb7-9bc0-403c-a7ee-524034694c23,aa186d8b-9855-4dc6-be83-f197732c011f,7.17% State Government of Rajasthan 2026,IN2920160164,,,3000000.0,3035.88,INR,0.35,5.9968411,,,{},2026-08-22 09:12:01.054763+00:00
61118541-6977-4dc9-b000-6a874dfc130b,e52aceb7-9bc0-403c-a7ee-524034694c23,4ed70a49-c74e-415d-972d-a3ccc8102eca,7.58% State Government of Tamil Nadu 2026,IN3120160095,,,2000000.0,2029.21,INR,0.24,5.961282,,,{},2026-08-22 09:12:01.054763+00:00
a44f2eb0-fc14-4b26-89d6-c0dc753b9a43,e52aceb7-9bc0-403c-a7ee-524034694c23,62332734-1241-4d9d-b2f8-163fb5c4b7c1,7.98% State Government of Gujarat 2026,IN1520160046,,,1500000.0,1520.29,INR,0.18,5.8944051,,,{},2026-08-22 09:12:01.054763+00:00
d7858aa5-d796-4ebe-90b7-4a0ae0669354,e52aceb7-9bc0-403c-a7ee-524034694c23,96b319e6-3c4e-4440-bb5c-436067ff921e,7.38% State Government of Madhya Pradesh 2026,IN2120160030,,,1356600.0,1375.01,INR,0.16,5.9761898,,,{},2026-08-22 09:12:01.054763+00:00
9b9086cd-affe-4e76-b21f-cde4b5d49a99,e52aceb7-9bc0-403c-a7ee-524034694c23,bd8a6fc6-df3c-4c36-9c09-c963876a75d7,6.39% State Government of Andhra Pradesh 2026,IN1020200136,,,1058500.0,1062.1,INR,0.12,5.9076667,,,{},2026-08-22 09:12:01.054763+00:00
8bc135d2-5c0b-4c87-b3e3-243a27bce688,e52aceb7-9bc0-403c-a7ee-524034694c23,db24fc53-075a-446e-b718-e0023911a9c5,7.59% State Government of Kerala 2026,IN2020160080,,,1000000.0,1014.36,INR,0.12,6.000455,,,{},2026-08-22 09:12:01.054763+00:00
b32edb26-204b-4676-a9b1-a50e71449720,e52aceb7-9bc0-403c-a7ee-524034694c23,a9d40d5a-8fb5-4f25-bbf7-dc5f76c58a0d,7.69% State Government of Uttar Pradesh 2026,IN3320160192,,,1000000.0,1014.16,INR,0.12,5.9712513,,,{},2026-08-22 09:12:01.054763+00:00
30588385-c52c-4123-8951-2d97ab32b296,e52aceb7-9bc0-403c-a7ee-524034694c23,63d76984-36d3-4cad-bc1a-6f551bbaf96a,7.63% State Government of Uttar Pradesh 2026,IN3320160200,,,1000000.0,1013.95,INR,0.12,6.0073013,,,{},2026-08-22 09:12:01.054763+00:00
d8b02aa9-8541-42d1-b090-b67d8db93ede,e52aceb7-9bc0-403c-a7ee-524034694c23,a7714bc2-d349-416b-922e-f9e8f3edb76f,6.24% State Government of Haryana 2026,IN1620200031,,,1000000.0,1002.39,INR,0.12,5.9003594,,,{},2026-08-22 09:12:01.054763+00:00
528b36b3-456b-4c4b-a445-e022a86c610c,e52aceb7-9bc0-403c-a7ee-524034694c23,7c663549-63ff-46a8-b2a0-29e3b81c11be,7.63% State Government of Andhra Pradesh 2026,IN1020160066,,,838700.0,850.38,INR,0.1,6.010182,,,{},2026-08-22 09:12:01.054763+00:00
018210b7-2023-444e-a412-d8600b1e8d98,e52aceb7-9bc0-403c-a7ee-524034694c23,4f05f7bc-d16c-4e51-b1f6-bfb61076a744,8.39% State Government of Uttar Pradesh 2026,IN3320150367,,,560000.0,564.6,INR,0.07,5.69005,,,{},2026-08-22 09:12:01.054763+00:00
5661d669-0c0a-4a23-a9c3-b013716ff721,e52aceb7-9bc0-403c-a7ee-524034694c23,13fd18eb-f29a-41aa-a4e9-8819563b1fd2,7.69% State Government of Kerala 2026,IN2020160064,,,500000.0,507.11,INR,0.06,5.964405,,,{},2026-08-22 09:12:01.054763+00:00
27159c8a-131e-49bd-aa77-d76b7fb9d406,e52aceb7-9bc0-403c-a7ee-524034694c23,d94adc6b-d0f8-4aac-83e9-e7f4808efa2b,7.69% State Government of Telangana 2026,IN4520160073,,,500000.0,507.06,INR,0.06,5.9762962,,,{},2026-08-22 09:12:01.054763+00:00
67e11ab3-09f1-47ec-a9ec-1e683593eba2,e52aceb7-9bc0-403c-a7ee-524034694c23,366055a5-6507-4f87-bf9d-7970f53f86cd,7.98% State Government of Kerala 2026,IN2020160015,,,500000.0,505.79,INR,0.06,5.893773,,,{},2026-08-22 09:12:01.054763+00:00
e812f7eb-65d4-4a01-a7bb-36aa55934b23,e52aceb7-9bc0-403c-a7ee-524034694c23,d4c2e223-fbf8-408c-979c-ca64ad29da22,8.76% State Government of Madhya Pradesh 2026,IN2120150106,,,500000.0,505.69,INR,0.06,5.735,,,{},2026-08-22 09:12:01.054763+00:00
c85936c4-0a4c-422a-9b58-f03e24dcb4bb,e52aceb7-9bc0-403c-a7ee-524034694c23,33433e98-3ea0-463a-ae85-7e1bd4c9be44,8.10% State Government of West Bengal 2026,IN3420150176,,,276000.0,279.06,INR,0.03,5.75365,,,{},2026-08-22 09:12:01.054763+00:00
930d1f5a-15bb-4af7-8e0b-5a73ca3f00a4,e52aceb7-9bc0-403c-a7ee-524034694c23,bac5d9db-1f44-43b2-9d32-434ae44ffb13,8.09% State Government of Rajasthan 2026,IN2920150363,,,249800.0,252.55,INR,0.03,5.75495,,,{},2026-08-22 09:12:01.054763+00:00
79e05545-c2ca-456e-a0e5-81dc6d02c257,e52aceb7-9bc0-403c-a7ee-524034694c23,b700496c-8b85-4934-96a8-c64c7a409b7d,8.09% State Government of Andhra Pradesh 2026,IN1020150158,,,206300.0,208.59,INR,0.02,5.7354,,,{},2026-08-22 09:12:01.054763+00:00
98b6cf52-d7ce-441e-b596-0c3dd3edfd2f,e52aceb7-9bc0-403c-a7ee-524034694c23,36b20c54-2676-4f75-91f5-28eeb8b62a94,7.54% CGL 2036,IN0020220029,,,248490000.0,262654.68,INR,96.94,6.8927249,,,{},2026-08-22 09:12:01.054763+00:00
ad067dae-872b-4f33-a9e4-3639b67bbc4b,e52aceb7-9bc0-403c-a7ee-524034694c23,e2524982-45ea-491c-b20a-d2ea52e085c3,7.10% CGL 2029,IN0020220011,,,194708300.0,201216.42,INR,96.77,6.1288173,,,{},2026-08-22 09:12:01.054763+00:00
42e16b7d-6c81-4736-8c87-4a9846ab8602,e52aceb7-9bc0-403c-a7ee-524034694c23,07cce317-9a99-4004-b194-4bf7b4af365f,7.18% State Government of Tamil Nadu 2027,IN3120170078,,,33500000.0,34039.58,INR,33.23,6.3192775,,,{},2026-08-22 09:12:01.054763+00:00
360e9eb0-8bba-4296-8ff9-2b6396fbc335,e52aceb7-9bc0-403c-a7ee-524034694c23,05d43ca8-edfa-4dcc-865e-fdd767264e6e,7.20% State Government of Maharashtra 2027,IN2220170061,,,22000000.0,22368.96,INR,21.84,6.3192775,,,{},2026-08-22 09:12:01.054763+00:00
7f1f4160-9330-4a35-989b-e453d48de9fa,e52aceb7-9bc0-403c-a7ee-524034694c23,4f522832-6e5e-4995-a50c-6ed90ba185fc,7.33% State Government of Maharashtra 2027,IN2220170103,,,9800000.0,9995.95,INR,9.76,6.3192775,,,{},2026-08-22 09:12:01.054763+00:00
4412d087-41ee-45ef-a237-391646d598d5,e52aceb7-9bc0-403c-a7ee-524034694c23,c3d55eae-0635-4aa6-bf46-914e8b53ef1d,7.45% State Government of Rajasthan 2027,IN2920170072,,,8000000.0,8174.25,INR,7.98,6.365694,,,{},2026-08-22 09:12:01.054763+00:00
8724a374-dbf7-4331-9706-e501a507e84f,e52aceb7-9bc0-403c-a7ee-524034694c23,cb58ebfd-ab96-42d8-86a4-88ddcc82033b,7.17% State Government of Gujarat 2027,IN1520170078,,,5450000.0,5536.86,INR,5.4,6.3192775,,,{},2026-08-22 09:12:01.054763+00:00
dd6559af-b225-46d3-957e-84e31c063485,e52aceb7-9bc0-403c-a7ee-524034694c23,052c32b3-7cf3-4a41-b381-45568c34e67b,7.46% State Government of Madhya Pradesh 2027,IN2120170047,,,4000000.0,4091.42,INR,3.99,6.3167451,,,{},2026-08-22 09:12:01.054763+00:00
62174f82-cd81-4316-8ec3-5be29c810c53,e52aceb7-9bc0-403c-a7ee-524034694c23,07ffc0e4-6e1d-4669-9d11-8773bf0ad67d,7.47% State Government of Chhattisgarh 2027,IN3520170017,,,3500000.0,3577.85,INR,3.49,6.36055,,,{},2026-08-22 09:12:01.054763+00:00
ad5e48ea-3c3e-4856-9024-26cf5fd45d2e,e52aceb7-9bc0-403c-a7ee-524034694c23,2d437e05-3085-4720-8a6a-4d13ec55c49a,7.25% State Government of Kerala 2027,IN2020170055,,,1000000.0,1016.43,INR,0.99,6.35025,,,{},2026-08-22 09:12:01.054763+00:00
f193e947-1de6-4723-a50b-1072dad8dda4,e52aceb7-9bc0-403c-a7ee-524034694c23,58158930-b578-46af-adf3-a2cc2602e02a,7.19% State Government of Uttar Pradesh 2027,IN3320170068,,,1000000.0,1015.62,INR,0.99,6.3588611,,,{},2026-08-22 09:12:01.054763+00:00
85d453eb-0751-48ed-9162-98d300948764,e52aceb7-9bc0-403c-a7ee-524034694c23,0c51bd9f-3637-4198-a6a7-5d1afd2d02da,7.25% State Government of Gujarat 2027,IN1520170094,,,500000.0,509.0,INR,0.5,6.3192775,,,{},2026-08-22 09:12:01.054763+00:00
b1eb610b-6038-40df-b29d-3830ef19562e,e52aceb7-9bc0-403c-a7ee-524034694c23,701fac60-c4c6-4a93-acfb-85fcf350ce0c,Gold,IDIA00500001,,,10418.0,1195580.1,INR,98.53,,,,{},2026-08-22 09:12:01.054763+00:00
8cfa8321-2818-49d7-ad95-52742e4a42dc,e52aceb7-9bc0-403c-a7ee-524034694c23,5ba58120-380a-4731-bf62-86bc353e698d,Silver,IDIA00500002,,,136721.0229,194031.74,INR,97.88,,,,{},2026-08-22 09:12:01.054763+00:00
d7f3a689-7e73-419e-8511-3e71cc32e1c0,e52aceb7-9bc0-403c-a7ee-524034694c23,9075058c-a444-4a69-90e8-32dd83ae986a,SBI Corporate Bond Fund - Direct Plan - Growth Option,INF200KA1YR4,,,732761330.341,118883.93,INR,60.56,,,,{},2026-08-22 09:12:01.054763+00:00
ebcdcc23-edd0-4b7c-b764-c3f7ad6f4f23,e52aceb7-9bc0-403c-a7ee-524034694c23,860f6601-89c9-46ec-88ac-2f48895f516e,SBI Arbitrage Opportunities Fund - Direct Plan - Growth Option,INF200K01QU0,,,207178049.821,75539.81,INR,38.48,,,,{},2026-08-22 09:12:01.054763+00:00
c0d52c8e-fa9c-43b6-9eb7-30477cfad429,e52aceb7-9bc0-403c-a7ee-524034694c23,391e044d-09fb-4830-97a7-0e6edb2c0f9f,SBI Magnum Medium Duration Fund - Direct Plan - Growth Option,INF200K01VB0,,,62433549.699,34990.88,INR,17.81,,,,{},2026-08-22 09:12:01.054763+00:00
836a95a2-bd33-4ad3-8084-adb1d99529cf,e52aceb7-9bc0-403c-a7ee-524034694c23,a760d3d6-7580-4dd9-8527-dd9d3d0e6498,SBI Large and Midcap Fund - Direct Plan - Growth Option,INF200K01UJ5,,,3480277.158,23236.27,INR,11.83,,,,{},2026-08-22 09:12:01.054763+00:00
8be66465-8958-4784-b360-d1414052abab,e52aceb7-9bc0-403c-a7ee-524034694c23,043a3db4-ffab-4794-ae27-fc12ada82eee,SBI MultiCap Fund-Direct Plan-Growth Option,INF200KA18E2,,,124487485.779,21670.41,INR,11.03,,,,{},2026-08-22 09:12:01.054763+00:00
28dbfec4-f0f1-401b-87a7-f0c7e2e1169b,e52aceb7-9bc0-403c-a7ee-524034694c23,b20a8a9e-c3af-4989-95c4-6819bf1839d7,SBI Magnum Income Fund - Direct Plan - Growth Option,INF200K01SR2,,,25951097.047,19901.58,INR,10.13,,,,{},2026-08-22 09:12:01.054763+00:00
4f43a94e-d9d4-4d8e-b0c6-dafc46358580,e52aceb7-9bc0-403c-a7ee-524034694c23,0fc987eb-1ed9-43d5-99e8-3c387b348d2a,SBI Dynamic Bond Fund - Direct Plan - Gr,INF200K01RD4,,,49507377.092,19474.07,INR,9.91,,,,{},2026-08-22 09:12:01.054763+00:00
711f562d-7319-43a1-8d1b-17ebe77b4f0d,e52aceb7-9bc0-403c-a7ee-524034694c23,e8853cb0-5b3d-46a5-a3d8-9bc28828e958,SBI Focused Fund - Direct Plan - Growth Option,INF200K01RJ1,,,3728320.605,14815.84,INR,7.54,,,,{},2026-08-22 09:12:01.054763+00:00
82a8474b-3cad-4f31-bae2-3ed771cf7cd6,e52aceb7-9bc0-403c-a7ee-524034694c23,509f8383-2758-43d9-a898-210f14784808,SBI Dividend Yield Fund - Direct Plan - Growth Option,INF200KA14W3,,,79344486.75,12173.43,INR,6.2,,,,{},2026-08-22 09:12:01.054763+00:00
e5a2a945-3241-4a77-8a4b-792f20ec7c0f,e52aceb7-9bc0-403c-a7ee-524034694c23,6ec0d2bc-6624-4873-9a8a-be5d320b23e2,SBI Contra Fund - Direct Plan - Growth Option,INF200K01RA0,,,2245573.287,9219.36,INR,4.69,,,,{},2026-08-22 09:12:01.054763+00:00
cce5b0ba-15c1-4a74-bd58-6f5a42232f29,e52aceb7-9bc0-403c-a7ee-524034694c23,7c8236a6-5f62-4a5b-855c-1e3795bd282c,SBI Flexicap Fund - Direct Plan - Growth Option,INF200K01UG1,,,7084993.955,8578.58,INR,4.37,,,,{},2026-08-22 09:12:01.054763+00:00
44838d77-e379-4494-91dc-25bb9beae15b,e52aceb7-9bc0-403c-a7ee-524034694c23,493f2459-1ab2-4429-b136-41f87530e9bc,SBI Technology Opportunities Fund - Direct Plan - Growth Option,INF200K01RV6,,,3041984.698,7283.36,INR,3.71,,,,{},2026-08-22 09:12:01.054763+00:00
d5ca4957-7edc-46a8-959a-87123a774ff0,e52aceb7-9bc0-403c-a7ee-524034694c23,ff08df1d-b889-44b8-a329-d071e1f98247,SBI Banking And Financial Services Fund - Direct Plan - Growth Option,INF200KA1507,,,11998591.704,5696.5,INR,2.9,,,,{},2026-08-22 09:12:01.054763+00:00
b86b093f-2c99-4371-84da-01fa96236e22,e52aceb7-9bc0-403c-a7ee-524034694c23,ce818e4c-cad7-496b-8bbc-b4a74f7354cc,SBI Consumption Opportunities Fund - Direct Plan - Growth Option,INF200K01RM5,,,1563977.282,5473.12,INR,2.79,,,,{},2026-08-22 09:12:01.054763+00:00
613bbe0f-544b-46c0-bdf7-b4e21c4d8b67,e52aceb7-9bc0-403c-a7ee-524034694c23,3388d6bc-2eab-4015-a617-5f134fdc7e63,SBI Comma Fund - Direct Plan - Growth Option,INF200K01SB6,,,4379618.002,4966.63,INR,2.53,,,,{},2026-08-22 09:12:01.054763+00:00
43e407ec-72c7-4045-a174-508c8c9a863f,e52aceb7-9bc0-403c-a7ee-524034694c23,e6dd9048-8e99-4d6d-99cd-6900cee6a38c,SBI Automotive Opportunities Fund-Direct Plan-Growth Option,INF200KB1183,,,36385634.324,3906.29,INR,1.99,,,,{},2026-08-22 09:12:01.054763+00:00
3e53ed63-e400-43e2-a483-6891fb6648db,e52aceb7-9bc0-403c-a7ee-524034694c23,fdd74c94-0bde-42d0-a81b-e2bd30514ed4,Amundi Funds US Pioneer Fund -I15 USD CAP,LU2428739630,,,76439.1006,104476.1,INR,98.51,,,,{},2026-08-22 09:12:01.054763+00:00
a095c605-2624-419e-b25f-c92c90c1ef18,e52aceb7-9bc0-403c-a7ee-524034694c23,9e268877-10fc-4279-97ba-06514b3c636f,5.10% HDFC Bank Ltd. (Duration 367 Days),,,,,150.0,INR,0.16,,,,{},2026-08-21 22:27:38.662887+00:00
0e4a477c-a427-41bf-b9ca-3a763192709c,e52aceb7-9bc0-403c-a7ee-524034694c23,121fd54a-0615-43bb-a26b-016e077177a7,5.25% Axis Bank Ltd. (Duration 365 Days),,,,,100.0,INR,0.1,,,,{},2026-08-21 22:27:38.662887+00:00
fc08af8d-68bd-4097-b6ab-e0b557eec86e,e52aceb7-9bc0-403c-a7ee-524034694c23,430a101d-e398-42b0-8c64-23b7e8dc9439,Corporate Bonds/NCDs,,,,,,INR,,,,,{},2026-08-21 22:27:38.662887+00:00
74abab72-af52-4a13-9c28-c49a82c4262b,e52aceb7-9bc0-403c-a7ee-524034694c23,7b3b72b9-e515-49f2-bc6c-310fc9950f51,Other Current Assets / (Liabilities),,,,,,INR,,,,,{},2026-08-21 22:27:38.662887+00:00
25d0cea7-be2a-4c1a-bdc6-8bf680a0ec26,e52aceb7-9bc0-403c-a7ee-524034694c23,da8abc62-0192-4e5d-89dc-6b61fe1c2fe8,7.80% Government of India 11-Apr-2021,IN0020110022,,,9500000.0,9512.27,INR,7.65,,,,{},2026-08-22 00:02:40.944932+00:00
dd24eff2-3083-45f6-bbe8-eb3a749d4f76,e52aceb7-9bc0-403c-a7ee-524034694c23,009923d2-2da8-452b-9f69-d386afc0b9ba,7.94% Government of India 24-May-2021,IN0020060318,,,9000000.0,9061.42,INR,7.29,,,,{},2026-08-22 00:02:40.944932+00:00
a7bc74e1-655f-413f-a2b5-637423b11fd3,e52aceb7-9bc0-403c-a7ee-524034694c23,b36ad143-8999-4338-a13a-665c8295c97d,7.99% State Government 15-Jun-2021,IN2820160058,,,7500000.0,7569.83,INR,6.09,,,,{},2026-08-22 00:02:40.944932+00:00
c85e7ba7-0f32-45c6-a501-8196d079c743,e52aceb7-9bc0-403c-a7ee-524034694c23,b7f98b2f-be8b-4c0e-891a-7e6da3f2a480,Indian Oil Corporation Ltd. 15-Apr-2021,INE242A14SY5,,,200.0,998.75,INR,0.8,,,,{},2026-08-22 00:02:40.944932+00:00
705edfee-509e-4021-a34e-5000c214c340,e52aceb7-9bc0-403c-a7ee-524034694c23,08bcc7ce-cdc1-4bc0-8e4d-d0ace4d73fb2,NTPC Ltd. 22-Apr-2021,INE733E14AB1,,,200.0,998.13,INR,0.8,,,,{},2026-08-22 00:02:40.944932+00:00
5bc914f7-80a9-4611-83eb-cf9f9e8f7caa,e52aceb7-9bc0-403c-a7ee-524034694c23,4ef7819c-ac1a-4cd1-8791-d8390185453c,Export-Import Bank of India 16-Jun-2021,INE514E14PA5,,,100.0,496.58,INR,0.4,,,,{},2026-08-22 00:02:40.944932+00:00
5be7b61c-26d8-4593-bba9-1b3e4673cccc,e52aceb7-9bc0-403c-a7ee-524034694c23,9cf2fdad-dd20-40b3-8c58-f74e7ea2e4bd,National Bank for Agriculture and Rural Development 10-Jun-2021,INE261F16538,,,1000.0,993.71,INR,0.8,,,,{},2026-08-22 00:02:40.944932+00:00
05d1cb15-1110-4bdc-a5b9-f46ebd4c4d72,e52aceb7-9bc0-403c-a7ee-524034694c23,7af9df59-9cf4-4544-b85c-3a6b1282a1db,Axis Bank Ltd. 10-Jun-2021,INE238A163V8,,,1000.0,993.7,INR,0.8,,,,{},2026-08-22 00:02:40.944932+00:00
2189e447-d856-4ace-8619-b5bac4da192a,e52aceb7-9bc0-403c-a7ee-524034694c23,13b1a738-5dd3-4809-b885-90a2c32af8ae,91 DAY T-BILL 01-Apr-2021,IN002020X415,,,15000000.0,15000.0,INR,12.07,,,,{},2026-08-22 00:02:40.944932+00:00
8b31ed06-3de2-4940-bdb5-84c4db7867f0,e52aceb7-9bc0-403c-a7ee-524034694c23,f7a2daed-b4e2-47b2-bd65-4e69aadcb70a,91 DAY T-BILL 15-Apr-2021,IN002020X431,,,10000000.0,9988.39,INR,8.03,,,,{},2026-08-22 00:02:40.944932+00:00
be59fcac-9c69-4042-a65b-597789bbab05,e52aceb7-9bc0-403c-a7ee-524034694c23,3b8533a9-4f1f-4fee-9f38-6801b79ccc8f,91 DAY T-BILL 06-May-2021,IN002020X464,,,10000000.0,9970.36,INR,8.02,,,,{},2026-08-22 00:02:40.944932+00:00
aef20ab1-8104-49e2-b98b-6ce69176d55b,e52aceb7-9bc0-403c-a7ee-524034694c23,25858c46-e66e-46a1-b62e-a24cdc78af30,91 DAY T-BILL 13-May-2021,IN002020X472,,,10000000.0,9963.86,INR,8.01,,,,{},2026-08-22 00:02:40.944932+00:00
49d8b000-7923-4aad-8a95-b9e6095c2dc7,e52aceb7-9bc0-403c-a7ee-524034694c23,324cf845-9f87-42e9-99a9-9d62dfa86eb1,91 DAY T-BILL 22-Apr-2021,IN002020X449,,,7500000.0,7486.86,INR,6.02,,,,{},2026-08-22 00:02:40.944932+00:00
9c6558fe-3221-4210-b658-4b83d3be84d7,e52aceb7-9bc0-403c-a7ee-524034694c23,7f6b4552-140a-44d0-a3b8-377ea02a8319,91 DAY T-BILL 29-Apr-2021,IN002020X456,,,7500000.0,7482.49,INR,6.02,,,,{},2026-08-22 00:02:40.944932+00:00
5b09dc41-ff80-4d49-9bf9-14cc4014c776,e52aceb7-9bc0-403c-a7ee-524034694c23,3a76c40a-111d-4be2-b8a7-34880642886f,91 DAY T-BILL 27-May-2021,IN002020X498,,,7500000.0,7463.3,INR,6.0,,,,{},2026-08-22 00:02:40.944932+00:00
eaadda5b-4466-409d-a051-56a32c76d4b8,e52aceb7-9bc0-403c-a7ee-524034694c23,23580dbe-e809-406c-adf3-d99a42503659,182 DAY T-BILL 03-Jun-2021,IN002020Y348,,,7500000.0,7458.76,INR,6.0,,,,{},2026-08-22 00:02:40.944932+00:00
244df9b0-f7a1-41d9-b9ab-cc89a7ddcb9e,e52aceb7-9bc0-403c-a7ee-524034694c23,86846e32-f080-4c9d-a76a-27a10c1ce867,364 DAY T-BILL 17-Jun-2021,IN002020Z113,,,7500000.0,7448.93,INR,5.99,,,,{},2026-08-22 00:02:40.944932+00:00
1b24ad6d-0893-4bfe-af5d-38189434dde2,e52aceb7-9bc0-403c-a7ee-524034694c23,9768fd2e-89f4-4b34-ab02-7d69c547ad9f,364 DAY T-BILL 24-Jun-2021,IN002020Z121,,,7500000.0,7444.74,INR,5.99,,,,{},2026-08-22 00:02:40.944932+00:00
6273d6db-5815-4da5-bfbc-19f54ebbcd77,e52aceb7-9bc0-403c-a7ee-524034694c23,aee815a9-5890-4195-b212-ad61540280e6,4.90% HDFC Bank Ltd. (Duration 365 Days),,,,,250.0,INR,0.2,,,,{},2026-08-22 00:02:40.944932+00:00
c508b8de-2df4-40f5-9932-dc39eebce108,e52aceb7-9bc0-403c-a7ee-524034694c23,18b83467-dedf-4e7d-b406-8a867b8b103b,5.10% HDFC Bank Ltd. (Duration 365 Days),,,,,200.0,INR,0.16,,,,{},2026-08-22 00:02:40.944932+00:00
48f834b2-263f-4bce-a9b0-8d00a65371ab,e52aceb7-9bc0-403c-a7ee-524034694c23,f36cf1df-5215-48ba-ae6d-96bc32df435a,5.10% HDFC Bank Ltd. (Duration 366 Days),,,,,100.0,INR,0.08,,,,{},2026-08-22 00:02:40.944932+00:00
b2e80458-4a3c-4a3a-82d5-8e0db569af85,e52aceb7-9bc0-403c-a7ee-524034694c23,a81c6dce-fd86-4fe3-94de-e2f5ea860427,5.00% HDFC Bank Ltd. (Duration 367 Days),,,,,100.0,INR,0.08,,,,{},2026-08-22 00:02:40.944932+00:00
