id,run_id,source_page_id,url,dataset_type,provider_hint,download_method,file_type,requires_browser,requires_form,requires_vlm,confidence,status,metadata_json,created_at
003beb2d-69db-49f0-9f3b-6cd7b7cf7f24,2baa6263-7dc2-4ff5-a866-1afdadb26e07,589241ea-9720-4b0c-979c-8fbca467a48e,https://portfoliomanagementservices.adityabirlacapital.com/pdf/Forms/Common-Empanelment-form-AIF-PMS_13062025.pdf,portfolio_disclosure,,,pdf,False,False,False,0.8,no_parser,{},2026-06-29 06:29:58.297128+00:00
415dfb8c-7b01-4169-b262-c771386196b1,3d4c208b-addb-4b73-89a8-9066311e9cfb,597609cf-b1b2-46a4-8120-5edb35134b5c,https://amc.ppfas.com/pdf-docs/2025/ISO_27001_2022_PPFAS.pdf,amc_provider_list,,,pdf,False,False,False,0.7,no_parser,{},2026-06-29 06:30:49.916842+00:00
4876198d-90e9-40e3-a1d8-4f600ca18561,3d4c208b-addb-4b73-89a8-9066311e9cfb,597609cf-b1b2-46a4-8120-5edb35134b5c,https://amc.ppfas.com/pdf-docs/communication-kit-ppltef.pdf?20190905,amc_provider_list,,,pdf,False,False,False,0.7,download_failed,{},2026-06-29 06:30:49.916842+00:00
15f93b14-4cc5-4129-bd3a-408c6d552eff,3d4c208b-addb-4b73-89a8-9066311e9cfb,f01c2530-6d6c-42f6-a0b4-c991f893e610,https://amc.ppfas.com/pdf-docs/2021/chairman-message-for-wiw-2021-hindi.pdf,amc_provider_list,,,pdf,False,False,False,0.7,no_parser,{},2026-06-29 06:30:54.895034+00:00
4f429cff-a3a5-48a6-9db9-1605f30ba1b7,3d4c208b-addb-4b73-89a8-9066311e9cfb,f01c2530-6d6c-42f6-a0b4-c991f893e610,https://amc.ppfas.com/pdf-docs/2021/chairman-message-for-wiw-2021-english.pdf,amc_provider_list,,,pdf,False,False,False,0.7,no_parser,{},2026-06-29 06:30:54.895034+00:00
a846ff29-ac02-4ad1-9da6-4b38b1e2b093,3d4c208b-addb-4b73-89a8-9066311e9cfb,f01c2530-6d6c-42f6-a0b4-c991f893e610,https://amc.ppfas.com/downloads/ppfas-selfinvest-emandate-and-sip-registration-guide.pdf?31072024,amc_provider_list,,,pdf,False,False,False,0.7,no_parser,{},2026-06-29 06:30:54.895034+00:00
9607ddbc-1dbb-437c-9185-1ff5902a2164,3d4c208b-addb-4b73-89a8-9066311e9cfb,f01c2530-6d6c-42f6-a0b4-c991f893e610,https://amc.ppfas.com/pdf-docs/2020/chairman-message-for-wiw-2020-hindi.pdf,amc_provider_list,,,pdf,False,False,False,0.7,no_parser,{},2026-06-29 06:30:54.895034+00:00
822c809a-81fe-42a4-89ed-edd286137d27,3d4c208b-addb-4b73-89a8-9066311e9cfb,f01c2530-6d6c-42f6-a0b4-c991f893e610,https://amc.ppfas.com/pdf-docs/2020/chairman-message-for-wiw-2020-english.pdf,amc_provider_list,,,pdf,False,False,False,0.7,no_parser,{},2026-06-29 06:30:54.895034+00:00
383786dc-2cd6-4fb2-82ce-573de5027634,3d4c208b-addb-4b73-89a8-9066311e9cfb,f01c2530-6d6c-42f6-a0b4-c991f893e610,https://amc.ppfas.com/pdf-docs/note-on-covid-19-rajeev-thakkar.pdf?20032020,amc_provider_list,,,pdf,False,False,False,0.7,no_parser,{},2026-06-29 06:30:54.895034+00:00
b364e133-1b1d-4d79-bbbe-22e22b581743,3d4c208b-addb-4b73-89a8-9066311e9cfb,f01c2530-6d6c-42f6-a0b4-c991f893e610,https://amc.ppfas.com/pdf-docs/note-on-covid-19-rajeev-thakkar-1.pdf?15042020,amc_provider_list,,,pdf,False,False,False,0.7,no_parser,{},2026-06-29 06:30:54.895034+00:00
ab126d73-cd99-4b14-90ac-ccf12bbff3f9,3d4c208b-addb-4b73-89a8-9066311e9cfb,f01c2530-6d6c-42f6-a0b4-c991f893e610,https://amc.ppfas.com/pdf-docs/note-on-covid-19-rajeev-thakkar-1.pdf?15042020,amc_provider_list,,,pdf,False,False,False,0.7,no_parser,{},2026-06-29 06:30:54.895034+00:00
68d89fb4-ff74-475e-bd8c-eec225b3d2a8,3d4c208b-addb-4b73-89a8-9066311e9cfb,f01c2530-6d6c-42f6-a0b4-c991f893e610,https://amc.ppfas.com/downloads/2025/Revised_Payout_schedule.xlsx?05092025_1,amc_provider_list,,,xlsx,False,False,False,0.7,no_parser,{},2026-06-29 06:30:54.895034+00:00
56b7bf06-993b-4113-b7d0-fc74ce216228,3d4c208b-addb-4b73-89a8-9066311e9cfb,f01c2530-6d6c-42f6-a0b4-c991f893e610,https://amc.ppfas.com/pdf-docs/2023/ISO_27001_2013_PPFAS.pdf,amc_provider_list,,,pdf,False,False,False,0.7,download_failed,{},2026-06-29 06:30:54.895034+00:00
374b31c6-7fc4-43cd-9ccf-70b5593a3548,3d4c208b-addb-4b73-89a8-9066311e9cfb,f01c2530-6d6c-42f6-a0b4-c991f893e610,https://amc.ppfas.com/pdf-docs/2023/ISO_27001_2013_PPFAS.pdf,amc_provider_list,,,pdf,False,False,False,0.7,download_failed,{},2026-06-29 06:30:54.895034+00:00
bbae44da-e094-4c7f-88ab-61f0569c0ef1,3d4c208b-addb-4b73-89a8-9066311e9cfb,f01c2530-6d6c-42f6-a0b4-c991f893e610,https://amc.ppfas.com/downloads/2025/change-in-fundamental-attributes-of-parag-parikh-flexi-cap-fund.pdf?29092025,amc_provider_list,,,pdf,False,False,False,0.7,no_parser,{},2026-06-29 06:30:54.895034+00:00
df211339-d28e-48c3-8acf-f77e1da74856,3d4c208b-addb-4b73-89a8-9066311e9cfb,f01c2530-6d6c-42f6-a0b4-c991f893e610,https://amc.ppfas.com/pdf-docs/2026/PPFAS_MF-Website_Caution_Notice-January_2026.pdf?27012026,amc_provider_list,,,pdf,False,False,False,0.7,no_parser,{},2026-06-29 06:30:54.895034+00:00
9fd94959-c684-4b7a-88a7-e5040c15aa8a,3d4c208b-addb-4b73-89a8-9066311e9cfb,f01c2530-6d6c-42f6-a0b4-c991f893e610,https://amc.ppfas.com/pdf-docs/2023/due-to-change-in-bank-holiday-as-per-rbi-circular-there-is-a-change-in-the-redemption-payout-schedule.pdf,amc_provider_list,,,pdf,False,False,False,0.7,no_parser,{},2026-06-29 06:30:54.895034+00:00
a1932264-ae9d-4949-b471-c94f7aee7f42,3d4c208b-addb-4b73-89a8-9066311e9cfb,f01c2530-6d6c-42f6-a0b4-c991f893e610,https://amc.ppfas.com/pdf-docs/2025/ISO_27001_2022_PPFAS.pdf,amc_provider_list,,,pdf,False,False,False,0.7,no_parser,{},2026-06-29 06:30:54.895034+00:00
f2d7d432-f2ba-4cce-8664-ecb6c6069e52,3d4c208b-addb-4b73-89a8-9066311e9cfb,f01c2530-6d6c-42f6-a0b4-c991f893e610,https://amc.ppfas.com/pdf-docs/communication-kit-ppltef.pdf?20190905,amc_provider_list,,,pdf,False,False,False,0.7,download_failed,{},2026-06-29 06:30:54.895034+00:00
684f7efc-a9a4-45cb-8000-bc4f3d572918,3d4c208b-addb-4b73-89a8-9066311e9cfb,523820ff-630e-4f40-b125-20fa6bc29157,https://amc.ppfas.com/pdf-docs/2025/ISO_27001_2022_PPFAS.pdf,amc_provider_list,,,pdf,False,False,False,0.7,no_parser,{},2026-06-29 06:31:29.917594+00:00
f29003c1-22c9-4e6d-8229-57e4e3a6d2bf,3d4c208b-addb-4b73-89a8-9066311e9cfb,523820ff-630e-4f40-b125-20fa6bc29157,https://amc.ppfas.com/pdf-docs/2025/ISO_27001_2022_PPFAS.pdf,amc_provider_list,,,pdf,False,False,False,0.7,no_parser,{},2026-06-29 06:31:29.917594+00:00
44320747-e5e8-42a7-92c8-aec8db9b7beb,3d4c208b-addb-4b73-89a8-9066311e9cfb,523820ff-630e-4f40-b125-20fa6bc29157,https://amc.ppfas.com/pdf-docs/communication-kit-ppltef.pdf?20190905,amc_provider_list,,,pdf,False,False,False,0.7,download_failed,{},2026-06-29 06:31:29.917594+00:00
a8ed95f2-6b6b-4ecf-95f4-8a20fd8fb720,3d4c208b-addb-4b73-89a8-9066311e9cfb,0f580ab3-c72b-4b61-8716-92db7f0e6f20,https://amc.ppfas.com/pdf-docs/2025/ISO_27001_2022_PPFAS.pdf,amc_provider_list,,,pdf,False,False,False,0.7,no_parser,{},2026-06-29 06:31:37.780460+00:00
181437a2-80c1-4e42-aa08-b77bc77e2d9c,3d4c208b-addb-4b73-89a8-9066311e9cfb,0f580ab3-c72b-4b61-8716-92db7f0e6f20,https://amc.ppfas.com/pdf-docs/communication-kit-ppltef.pdf?20190905,amc_provider_list,,,pdf,False,False,False,0.7,download_failed,{},2026-06-29 06:31:37.780460+00:00
076d46fc-9a7b-4d10-bb0a-1cd285d31251,3d4c208b-addb-4b73-89a8-9066311e9cfb,61487082-b891-4b33-a980-85c10fa55048,https://amc.ppfas.com/downloads/2023/SEBI-Circular-SCORES-Portal.PDF,amc_provider_list,,,pdf,False,False,False,0.7,no_parser,{},2026-06-29 06:31:43.092933+00:00
24ac18ac-6e9b-4c71-a8ec-af64fc696f0a,3d4c208b-addb-4b73-89a8-9066311e9cfb,61487082-b891-4b33-a980-85c10fa55048,https://amc.ppfas.com/downloads/2023/Master-Circular-For-Online-Dispute-Resolution.pdf,amc_provider_list,,,pdf,False,False,False,0.7,no_parser,{},2026-06-29 06:31:43.092933+00:00
872e1333-f653-4074-922d-2395878dff0d,3d4c208b-addb-4b73-89a8-9066311e9cfb,61487082-b891-4b33-a980-85c10fa55048,https://amc.ppfas.com/pdf-docs/Sip_Benifits.pdf,amc_provider_list,,,pdf,False,False,False,0.7,no_parser,{},2026-06-29 06:31:43.092933+00:00
84c21828-6098-493a-b228-b348bc6437ef,3d4c208b-addb-4b73-89a8-9066311e9cfb,61487082-b891-4b33-a980-85c10fa55048,https://amc.ppfas.com/pdf-docs/2025/ISO_27001_2022_PPFAS.pdf,amc_provider_list,,,pdf,False,False,False,0.7,no_parser,{},2026-06-29 06:31:43.092933+00:00
3f8c7f2c-561e-4ca1-8057-bb64042b8b20,3d4c208b-addb-4b73-89a8-9066311e9cfb,61487082-b891-4b33-a980-85c10fa55048,https://amc.ppfas.com/pdf-docs/communication-kit-ppltef.pdf?20190905,amc_provider_list,,,pdf,False,False,False,0.7,download_failed,{},2026-06-29 06:31:43.092933+00:00
ed6042d3-7354-4aa4-89af-6174f3dc7e2b,fd1040ef-2ede-4433-94e5-7f282ec3e392,2a48d1f0-b34f-422e-b603-1f4015ca5b40,https://portfoliomanagementservices.adityabirlacapital.com/pdf/Forms/Common-Empanelment-form-AIF-PMS_13062025.pdf,portfolio_disclosure,,,pdf,False,False,False,0.8,no_parser,{},2026-06-29 06:32:31.140161+00:00
4f634003-c83f-4f73-a1ef-f9dfd5639b96,4b2c9b71-5412-42c1-b4b5-181fda85e469,fd50ce11-cbb0-4f65-8793-e28f716a4a99,https://amc.ppfas.com/downloads/portfolio-disclosure/2026/PPFAS_Monthly_Portfolio_Report_July_31_2026.xls?07082026_4,portfolio_disclosure,,,xls,False,False,False,0.8,processed,{},2026-08-20 15:33:59.414869+00:00
a2bfb273-9430-41d8-b1ad-2505630280d1,b460c25d-fe5a-4324-b1da-e8eb5d3a7697,76f40a81-468a-4ed3-99be-8b251040c851,https://www.icicipruamc.com/pressrelease/Press Release - Nifty Smallcap 250 ETF.pdf,unknown,,,pdf,True,False,False,0.7,download_failed,{},2026-08-20 16:20:47.432194+00:00
d7f2cf41-5777-47c3-853b-2b188ce03edf,b460c25d-fe5a-4324-b1da-e8eb5d3a7697,76f40a81-468a-4ed3-99be-8b251040c851,https://www.icicipruamc.com/pressrelease/Press%20release%20-%20NAV%20Publication.pdf,unknown,,,pdf,True,False,False,0.7,download_failed,{},2026-08-20 16:20:47.432194+00:00
73ebbd09-e036-4335-8fd3-824c0dddce4f,c086dcf3-4a89-4ec9-a476-ed3367406b3c,edfcd7cc-dac2-48c9-bb44-b61f5954c22b,https://dq4nytsa795t1.cloudfront.net/keys/sdk_test.txt,unknown,,,txt,True,False,False,0.7,no_parser,{},2026-08-20 17:46:51.240074+00:00
a73a972b-9241-4e4d-8933-cf1a3b9b830b,4b2c9b71-5412-42c1-b4b5-181fda85e469,fd50ce11-cbb0-4f65-8793-e28f716a4a99,https://amc.ppfas.com/downloads/portfolio-disclosure/2026/PPFCF_PPFAS_Monthly_Portfolio_Report_July_31_2026.xlsx?07082026,portfolio_disclosure,,,xlsx,False,False,False,0.8,processed,{},2026-08-20 15:33:59.414869+00:00
aad8b5dd-19d5-4fc3-9d59-1b95ebe1710e,4b2c9b71-5412-42c1-b4b5-181fda85e469,fd50ce11-cbb0-4f65-8793-e28f716a4a99,https://amc.ppfas.com/downloads/portfolio-disclosure/2026/PPLF_PPFAS_Monthly_Portfolio_Report_July_31_2026.xlsx?07082026_2,portfolio_disclosure,,,xlsx,False,False,False,0.8,processed,{},2026-08-20 15:33:59.414869+00:00
8c776e5f-ee1f-4092-882c-625ebe6cc919,b460c25d-fe5a-4324-b1da-e8eb5d3a7697,76f40a81-468a-4ed3-99be-8b251040c851,https://www.icicipruamc.com/pressrelease/Press%20release%20-Notice%20to%20the%20unit-holders%20of%20ICICI%20Prudential%20Mutual%20Fund.pdf,unknown,,,pdf,True,False,False,0.7,download_failed,{},2026-08-20 16:20:47.432194+00:00
b9eac9de-6030-4863-825b-62fe9ac74f5c,4b2c9b71-5412-42c1-b4b5-181fda85e469,fd50ce11-cbb0-4f65-8793-e28f716a4a99,https://amc.ppfas.com/downloads/portfolio-disclosure/2026/PPTSF_PPFAS_Monthly_Portfolio_Report_July_31_2026.xlsx?07082026_1,portfolio_disclosure,,,xlsx,False,False,False,0.8,processed,{},2026-08-20 15:33:59.414869+00:00
22bf5a43-c4b2-4152-927d-eacad1e439a9,4b2c9b71-5412-42c1-b4b5-181fda85e469,fd50ce11-cbb0-4f65-8793-e28f716a4a99,https://amc.ppfas.com/downloads/portfolio-disclosure/2026/PPCHF_PPFAS_Monthly_Portfolio_Report_July_31_2026.xlsx?07082026,portfolio_disclosure,,,xlsx,False,False,False,0.8,processed,{},2026-08-20 15:33:59.414869+00:00
3c10e7c4-4da9-47a3-97f9-ef71b537f973,b460c25d-fe5a-4324-b1da-e8eb5d3a7697,76f40a81-468a-4ed3-99be-8b251040c851,https://www.icicipruamc.com/pressrelease/Press Release_ICICI Prudential Diversified Equity All Cap Active FOF NFO.pdf,unknown,,,pdf,True,False,False,0.7,download_failed,{},2026-08-20 16:20:47.432194+00:00
211b22aa-774a-4f5d-8395-e872938261c9,4b2c9b71-5412-42c1-b4b5-181fda85e469,fd50ce11-cbb0-4f65-8793-e28f716a4a99,https://amc.ppfas.com/downloads/portfolio-disclosure/2026/PPAF_PPFAS_Monthly_Portfolio_Report_July_31_2026.xlsx?07082026,portfolio_disclosure,,,xlsx,False,False,False,0.8,processed,{},2026-08-20 15:33:59.414869+00:00
91d7663c-3584-48d3-9697-162df1751559,4b2c9b71-5412-42c1-b4b5-181fda85e469,fd50ce11-cbb0-4f65-8793-e28f716a4a99,https://amc.ppfas.com/downloads/portfolio-disclosure/2026/PPDAAF_PPFAS_Monthly_Portfolio_Report_July_31_2026.xlsx?07082026_1,portfolio_disclosure,,,xlsx,False,False,False,0.8,processed,{},2026-08-20 15:33:59.414869+00:00
fbb6f403-fa9c-4917-8583-5d239601d570,b460c25d-fe5a-4324-b1da-e8eb5d3a7697,76f40a81-468a-4ed3-99be-8b251040c851,https://www.icicipruamc.com/pressrelease/Press Release_ICICI Prudential India Opportunities Fund completes 7 years.pdf,unknown,,,pdf,True,False,False,0.7,download_failed,{},2026-08-20 16:20:47.432194+00:00
2c4523e7-91f4-446c-a7ce-be6c8f9d1a46,4b2c9b71-5412-42c1-b4b5-181fda85e469,fd50ce11-cbb0-4f65-8793-e28f716a4a99,https://amc.ppfas.com/downloads/portfolio-disclosure/2026/PPLCF_PPFAS_Monthly_Portfolio_Report_July_31_2026.xlsx?07082026_2,portfolio_disclosure,,,xlsx,False,False,False,0.8,processed,{},2026-08-20 15:33:59.414869+00:00
61fa5971-9015-4b9b-a96d-fd41504f5049,4b2c9b71-5412-42c1-b4b5-181fda85e469,fd50ce11-cbb0-4f65-8793-e28f716a4a99,https://amc.ppfas.com/downloads/portfolio-disclosure/2026/PPFAS_Monthly_Portfolio_Report_June_30_2026.xls?08072026_2,portfolio_disclosure,,,xls,False,False,False,0.8,processed,{},2026-08-20 15:33:59.414869+00:00
f299e666-a0b2-4143-9a5d-8ec2f3535bb5,b460c25d-fe5a-4324-b1da-e8eb5d3a7697,76f40a81-468a-4ed3-99be-8b251040c851,https://www.icicipruamc.com/pressrelease/Press Release_ICICI Prudential Conglomerate Fund NFO.pdf,unknown,,,pdf,True,False,False,0.7,download_failed,{},2026-08-20 16:20:47.432194+00:00
908b0797-f6ca-428a-910b-cb44c60c0a2e,4b2c9b71-5412-42c1-b4b5-181fda85e469,fd50ce11-cbb0-4f65-8793-e28f716a4a99,https://amc.ppfas.com/downloads/portfolio-disclosure/2026/PPFCF_PPFAS_Monthly_Portfolio_Report_June_30_2026.xlsx?08072026,portfolio_disclosure,,,xlsx,False,False,False,0.8,processed,{},2026-08-20 15:33:59.414869+00:00
0c299e08-8fa3-4953-858b-2434d38c0b4d,4b2c9b71-5412-42c1-b4b5-181fda85e469,fd50ce11-cbb0-4f65-8793-e28f716a4a99,https://amc.ppfas.com/downloads/portfolio-disclosure/2026/PPLF_PPFAS_Monthly_Portfolio_Report_June_30_2026.xlsx?08072026_1,portfolio_disclosure,,,xlsx,False,False,False,0.8,processed,{},2026-08-20 15:33:59.414869+00:00
627b79ce-9c9c-4242-b08a-0dc4ff8d5241,b460c25d-fe5a-4324-b1da-e8eb5d3a7697,76f40a81-468a-4ed3-99be-8b251040c851,https://www.icicipruamc.com/pressrelease/Press Release_ICICI Prudential Business Cycle Fund completes Five Years.pdf,unknown,,,pdf,True,False,False,0.7,download_failed,{},2026-08-20 16:20:47.432194+00:00
aa269f78-5f1a-4730-b326-b572ea2af985,b460c25d-fe5a-4324-b1da-e8eb5d3a7697,76f40a81-468a-4ed3-99be-8b251040c851,https://www.icicipruamc.com/announcements/ICICI_014_Fortnightly portfolio Notice_19 August 2026.pdf,unknown,,,pdf,True,False,False,0.7,download_failed,{},2026-08-20 16:20:47.432194+00:00
78ad29d4-4096-4085-bdfe-81eeb3cad9d6,b460c25d-fe5a-4324-b1da-e8eb5d3a7697,76f40a81-468a-4ed3-99be-8b251040c851,https://www.icicipruamc.com/announcements/ICICI_013_Addendum final_19 August 2026.pdf,unknown,,,pdf,True,False,False,0.7,download_failed,{},2026-08-20 16:20:47.432194+00:00
1467118e-2199-479a-817f-bbee2414779f,b460c25d-fe5a-4324-b1da-e8eb5d3a7697,76f40a81-468a-4ed3-99be-8b251040c851,https://www.icicipruamc.com/announcements/ICICI_012_Change in address of OPAT AMC Chennai_17 August 2026.pdf,unknown,,,pdf,True,False,False,0.7,download_failed,{},2026-08-20 16:20:47.432194+00:00
7fa321f6-2b47-4ce7-bf3a-27e9538e51cb,b460c25d-fe5a-4324-b1da-e8eb5d3a7697,76f40a81-468a-4ed3-99be-8b251040c851,https://www.icicipruamc.com/announcements/ICICI_011_Notice-cum-addendum_12 August 2026.pdf,unknown,,,pdf,True,False,False,0.7,download_failed,{},2026-08-20 16:20:47.432194+00:00
4f9d5d5e-62ef-4eb4-ba07-33faebf188e0,b460c25d-fe5a-4324-b1da-e8eb5d3a7697,76f40a81-468a-4ed3-99be-8b251040c851,https://www.icicipruamc.com/announcements/ICICI_009_Monthly portfolio Notice_10 August 2026.pdf,unknown,,,pdf,True,False,False,0.7,download_failed,{},2026-08-20 16:20:47.432194+00:00
07a94005-a195-4a51-9f5a-d206952e53ab,b460c25d-fe5a-4324-b1da-e8eb5d3a7697,76f40a81-468a-4ed3-99be-8b251040c851,https://www.icicipruamc.com/announcements/ICICI_010_Benchmark Riskometer Addendum_10 August 2026.pdf,unknown,,,pdf,True,False,False,0.7,download_failed,{},2026-08-20 16:20:47.432194+00:00
4f68ba08-17bf-4fcf-bc48-f565acaab195,c086dcf3-4a89-4ec9-a476-ed3367406b3c,edfcd7cc-dac2-48c9-bb44-b61f5954c22b,https://www.icicipruamc.com/fund-details/fund-documents/methodology/index-linked-products-methodology-1886.pdf,unknown,,,pdf,True,False,False,0.7,download_failed,{},2026-08-20 17:46:51.240074+00:00
8620b5a4-884b-404d-9ac0-38c2487477aa,c086dcf3-4a89-4ec9-a476-ed3367406b3c,edfcd7cc-dac2-48c9-bb44-b61f5954c22b,https://www.icicipruamc.com/fund-details/fund-documents/historical/CRISIL-IBX AAA Bond Financial Services Index – Dec 2026-1886.xlsx,unknown,,,xlsx,True,False,False,0.7,download_failed,{},2026-08-20 17:46:51.240074+00:00
c614aa00-5a68-4806-a205-9665dadb354b,c086dcf3-4a89-4ec9-a476-ed3367406b3c,edfcd7cc-dac2-48c9-bb44-b61f5954c22b,https://www.icicipruamc.com/fund-details/fund-documents/methodology/Method_NIFTY_Fixed_Income_Indices-1853.pdf,unknown,,,pdf,True,False,False,0.7,download_failed,{},2026-08-20 17:46:51.240074+00:00
16c2acfb-0ed1-41c6-8554-8f622609ad53,c086dcf3-4a89-4ec9-a476-ed3367406b3c,edfcd7cc-dac2-48c9-bb44-b61f5954c22b,https://www.icicipruamc.com/fund-details/fund-documents/historical/Nifty-G-Sec-Dec-2030-Index-Historical-Data-1853.xlsx,unknown,,,xlsx,True,False,False,0.7,download_failed,{},2026-08-20 17:46:51.240074+00:00
12d7e398-7469-4a04-a8a5-a1e696490bad,c086dcf3-4a89-4ec9-a476-ed3367406b3c,edfcd7cc-dac2-48c9-bb44-b61f5954c22b,https://www.icicipruamc.com/fund-details/fund-documents/methodology/Method_NIFTY_Fixed_Income_Indices-1864.pdf,unknown,,,pdf,True,False,False,0.7,download_failed,{},2026-08-20 17:46:51.240074+00:00
413935da-9ddb-44f6-b8ad-900db922b3c0,bd10998e-7a28-4155-8df7-427136da9384,10244af1-279a-456c-afd0-97b4ebf5f4ac,https://www.miraeassetmf.co.in/docs/default-source/other-disclosure/stewardship-policy_mirae-asset-investment-managers.pdf,statutory_disclosure,,,pdf,False,False,False,0.8,no_parser,{},2026-08-20 18:19:10.756703+00:00
36e654ed-b31d-4db2-a7d9-fe4514fc68bd,bd10998e-7a28-4155-8df7-427136da9384,bb1d1770-ef97-496c-a957-9057bfdc055b,https://www.miraeassetmf.co.in/docs/default-source/other-disclosure/stewardship-policy_mirae-asset-investment-managers.pdf,statutory_disclosure,,,pdf,False,False,False,0.8,no_parser,{},2026-08-20 18:19:14.508418+00:00
d63df0d1-e8f0-4a1c-af4c-7a797f2303aa,4b2c9b71-5412-42c1-b4b5-181fda85e469,fd50ce11-cbb0-4f65-8793-e28f716a4a99,https://amc.ppfas.com/downloads/portfolio-disclosure/2026/PPTSF_PPFAS_Monthly_Portfolio_Report_June_30_2026.xlsx?08072026,portfolio_disclosure,,,xlsx,False,False,False,0.8,processed,{},2026-08-20 15:33:59.414869+00:00
b30435f1-c488-43de-befd-221add45f396,4b2c9b71-5412-42c1-b4b5-181fda85e469,fd50ce11-cbb0-4f65-8793-e28f716a4a99,https://amc.ppfas.com/downloads/portfolio-disclosure/2026/PPCHF_PPFAS_Monthly_Portfolio_Report_June_30_2026.xlsx?08072026,portfolio_disclosure,,,xlsx,False,False,False,0.8,discovered,{},2026-08-20 15:33:59.414869+00:00
d3e8d257-500b-49c2-a601-0a477e6ea46f,554d2883-79fc-4441-bd0c-14b5a541177b,f83a0af6-742c-4594-b50b-b7b8becb29f8,https://amc.ppfas.com/downloads/portfolio-disclosure/2026/PPFAS_Monthly_Portfolio_Report_July_31_2026.xls?07082026_4,portfolio_disclosure,,,xls,False,False,False,0.8,processed,{},2026-08-20 15:37:25.456923+00:00
c8ce065e-43dc-4baa-9138-e689c8071e34,b460c25d-fe5a-4324-b1da-e8eb5d3a7697,76f40a81-468a-4ed3-99be-8b251040c851,https://www.icicipruamc.com/announcements/ICICI_006_Notice - cum- addendum_6 August 2026.pdf,unknown,,,pdf,True,False,False,0.7,download_failed,{},2026-08-20 16:20:47.432194+00:00
0fc5d826-5d18-47f1-bd00-4a3a9deed1b2,554d2883-79fc-4441-bd0c-14b5a541177b,f83a0af6-742c-4594-b50b-b7b8becb29f8,https://amc.ppfas.com/downloads/portfolio-disclosure/2026/PPFCF_PPFAS_Monthly_Portfolio_Report_July_31_2026.xlsx?07082026,portfolio_disclosure,,,xlsx,False,False,False,0.8,processed,{},2026-08-20 15:37:25.456923+00:00
1ebf4898-73e5-42c2-9af4-77d9566f9986,554d2883-79fc-4441-bd0c-14b5a541177b,f83a0af6-742c-4594-b50b-b7b8becb29f8,https://amc.ppfas.com/downloads/portfolio-disclosure/2026/PPLF_PPFAS_Monthly_Portfolio_Report_July_31_2026.xlsx?07082026_2,portfolio_disclosure,,,xlsx,False,False,False,0.8,processed,{},2026-08-20 15:37:25.456923+00:00
fbb0a3c4-b1ab-4a7a-b0f6-35373e6c50aa,b460c25d-fe5a-4324-b1da-e8eb5d3a7697,76f40a81-468a-4ed3-99be-8b251040c851,https://www.icicipruamc.com/announcements/ICICI_007_MF Riskometer Addendum_7 August 2026.pdf,unknown,,,pdf,True,False,False,0.7,download_failed,{},2026-08-20 16:20:47.432194+00:00
d255c36c-6808-4fec-96ea-e2dc37ca4eb6,554d2883-79fc-4441-bd0c-14b5a541177b,f83a0af6-742c-4594-b50b-b7b8becb29f8,https://amc.ppfas.com/downloads/portfolio-disclosure/2026/PPTSF_PPFAS_Monthly_Portfolio_Report_July_31_2026.xlsx?07082026_1,portfolio_disclosure,,,xlsx,False,False,False,0.8,processed,{},2026-08-20 15:37:25.456923+00:00
e6e7987d-3b3f-49f4-a395-e5f1bc890c25,554d2883-79fc-4441-bd0c-14b5a541177b,f83a0af6-742c-4594-b50b-b7b8becb29f8,https://amc.ppfas.com/downloads/portfolio-disclosure/2026/PPCHF_PPFAS_Monthly_Portfolio_Report_July_31_2026.xlsx?07082026,portfolio_disclosure,,,xlsx,False,False,False,0.8,processed,{},2026-08-20 15:37:25.456923+00:00
d87fd414-438b-4070-9b1d-6c70f5cef85a,b460c25d-fe5a-4324-b1da-e8eb5d3a7697,76f40a81-468a-4ed3-99be-8b251040c851,https://www.icicipruamc.com/announcements/ICICI_004_Fortnightly portfolio Notice_5 August 2026.pdf,unknown,,,pdf,True,False,False,0.7,download_failed,{},2026-08-20 16:20:47.432194+00:00
6b64a0d0-3137-42b6-b9e8-516536e9ef71,554d2883-79fc-4441-bd0c-14b5a541177b,f83a0af6-742c-4594-b50b-b7b8becb29f8,https://amc.ppfas.com/downloads/portfolio-disclosure/2026/PPAF_PPFAS_Monthly_Portfolio_Report_July_31_2026.xlsx?07082026,portfolio_disclosure,,,xlsx,False,False,False,0.8,processed,{},2026-08-20 15:37:25.456923+00:00
0a2d22ff-f2fe-499e-b9f4-92b1068f67a3,554d2883-79fc-4441-bd0c-14b5a541177b,f83a0af6-742c-4594-b50b-b7b8becb29f8,https://amc.ppfas.com/downloads/portfolio-disclosure/2026/PPDAAF_PPFAS_Monthly_Portfolio_Report_July_31_2026.xlsx?07082026_1,portfolio_disclosure,,,xlsx,False,False,False,0.8,processed,{},2026-08-20 15:37:25.456923+00:00
3639ac01-0823-4862-9b71-ba2068409903,b460c25d-fe5a-4324-b1da-e8eb5d3a7697,76f40a81-468a-4ed3-99be-8b251040c851,https://www.icicipruamc.com/announcements/ICICI_005_IDCW Notice_5 August 2026.pdf,unknown,,,pdf,True,False,False,0.7,download_failed,{},2026-08-20 16:20:47.432194+00:00
af0d7bad-f13d-4323-b914-5af5319bd9f0,554d2883-79fc-4441-bd0c-14b5a541177b,f83a0af6-742c-4594-b50b-b7b8becb29f8,https://amc.ppfas.com/downloads/portfolio-disclosure/2026/PPLCF_PPFAS_Monthly_Portfolio_Report_July_31_2026.xlsx?07082026_2,portfolio_disclosure,,,xlsx,False,False,False,0.8,processed,{},2026-08-20 15:37:25.456923+00:00
cee2d6c8-350f-48bd-bd07-fe39896d6dc1,554d2883-79fc-4441-bd0c-14b5a541177b,f83a0af6-742c-4594-b50b-b7b8becb29f8,https://amc.ppfas.com/downloads/portfolio-disclosure/2026/PPFAS_Monthly_Portfolio_Report_June_30_2026.xls?08072026_2,portfolio_disclosure,,,xls,False,False,False,0.8,processed,{},2026-08-20 15:37:25.456923+00:00
e6289b9a-6437-479a-8a8e-dd1f3529fbd2,b460c25d-fe5a-4324-b1da-e8eb5d3a7697,76f40a81-468a-4ed3-99be-8b251040c851,https://www.icicipruamc.com/announcements/ICICI_003_Notice-cum-addendum for change in the PRC_4 August 2026.pdf,unknown,,,pdf,True,False,False,0.7,download_failed,{},2026-08-20 16:20:47.432194+00:00
fadd8c86-3cae-430b-9055-eda4ef0b8c0a,b460c25d-fe5a-4324-b1da-e8eb5d3a7697,76f40a81-468a-4ed3-99be-8b251040c851,https://www.icicipruamc.com/announcements/ICICI_002_Notice cum Addendum_to SAI_4 August 2026.pdf,unknown,,,pdf,True,False,False,0.7,download_failed,{},2026-08-20 16:20:47.432194+00:00
9758ed03-9a1c-4d4b-bae0-38c0376ff4a5,c086dcf3-4a89-4ec9-a476-ed3367406b3c,edfcd7cc-dac2-48c9-bb44-b61f5954c22b,https://www.icicipruamc.com/fund-details/fund-documents/historical/Inclusion-Exclusion-report - Nifty SDL Sep 2026 Index Fund-1864.xlsx,unknown,,,xlsx,True,False,False,0.7,download_failed,{},2026-08-20 17:46:51.240074+00:00
89383168-41e8-4b09-8636-ec36928a988e,c086dcf3-4a89-4ec9-a476-ed3367406b3c,edfcd7cc-dac2-48c9-bb44-b61f5954c22b,https://www.icicipruamc.com/fund-details/fund-documents/methodology/Method_NIFTY_Fixed_Income_Indices-1842.pdf,unknown,,,pdf,True,False,False,0.7,download_failed,{},2026-08-20 17:46:51.240074+00:00
8d326032-b8f5-4131-bc6b-be2553fbf95c,c086dcf3-4a89-4ec9-a476-ed3367406b3c,edfcd7cc-dac2-48c9-bb44-b61f5954c22b,https://www.icicipruamc.com/fund-details/fund-documents/historical/nifty-sdl-sep-2027-index-1842.xlsx,unknown,,,xlsx,True,False,False,0.7,download_failed,{},2026-08-20 17:46:51.240074+00:00
2f469fac-5478-4020-9469-db15a6422c7e,c086dcf3-4a89-4ec9-a476-ed3367406b3c,edfcd7cc-dac2-48c9-bb44-b61f5954c22b,https://www.icicipruamc.com/fund-details/fund-documents/methodology/Method_NIFTY_Fixed_Income_Indices-1852.pdf,unknown,,,pdf,True,False,False,0.7,download_failed,{},2026-08-20 17:46:51.240074+00:00
fb423205-d3ec-4e0d-9ca4-3ab7f662f9fe,c086dcf3-4a89-4ec9-a476-ed3367406b3c,edfcd7cc-dac2-48c9-bb44-b61f5954c22b,https://www.icicipruamc.com/fund-details/fund-documents/historical/Nifty-SDL-Dec-2028-Index-Historical-Data-1852.xlsx,unknown,,,xlsx,True,False,False,0.7,download_failed,{},2026-08-20 17:46:51.240074+00:00
71b29600-fcf6-411d-a5e7-7bd4c70cdbd5,c086dcf3-4a89-4ec9-a476-ed3367406b3c,edfcd7cc-dac2-48c9-bb44-b61f5954c22b,https://www.icicipruamc.com/fund-details/fund-documents/methodology/Method_NIFTY_Fixed_Income_Indices-1825.pdf,unknown,,,pdf,True,False,False,0.7,download_failed,{},2026-08-20 17:46:51.240074+00:00
c34c255d-a751-479a-838e-eb5994b47e83,c086dcf3-4a89-4ec9-a476-ed3367406b3c,edfcd7cc-dac2-48c9-bb44-b61f5954c22b,https://www.icicipruamc.com/fund-details/fund-documents/historical/nifty-psu-bond-plus-sdl-sep-2027-40-60-index-1825.xlsx,unknown,,,xlsx,True,False,False,0.7,download_failed,{},2026-08-20 17:46:51.240074+00:00
fb8e66f8-4421-4e82-a37d-d438e570fd1e,bd10998e-7a28-4155-8df7-427136da9384,bb1d1770-ef97-496c-a957-9057bfdc055b,https://www.miraeassetmf.co.in/docs/default-source/fund-detail-exitload/entry-exit-load-for-all-schemes.pdf?sfvrsn=d6e7c538_2,scheme_master,,,pdf,False,False,False,0.8,no_parser,{},2026-08-20 18:19:14.508418+00:00
47bac544-096a-47e0-986a-36ae0196eae6,bd10998e-7a28-4155-8df7-427136da9384,bb1d1770-ef97-496c-a957-9057bfdc055b,https://www.miraeassetmf.co.in/docs/default-source/default-document-library/ad-no-65--change-in-exit-load-of-certain-schemes-nfo-period-of-mirae-asset-smallcap.pdf,scheme_master,,,pdf,False,False,False,0.8,no_parser,{},2026-08-20 18:19:14.508418+00:00
67b8f024-2c06-4048-a24d-eeb2229cf7a8,bd10998e-7a28-4155-8df7-427136da9384,bb1d1770-ef97-496c-a957-9057bfdc055b,https://www.miraeassetmf.co.in/docs/default-source/fund-detail-exitload/entry-exit-load-for-all-schemes.pdf?sfvrsn=d6e7c538_2,scheme_master,,,pdf,False,False,False,0.8,no_parser,{},2026-08-20 18:19:14.508418+00:00
e31894aa-4864-4439-b673-db31a0fe1032,554d2883-79fc-4441-bd0c-14b5a541177b,f83a0af6-742c-4594-b50b-b7b8becb29f8,https://amc.ppfas.com/downloads/portfolio-disclosure/2026/PPFCF_PPFAS_Monthly_Portfolio_Report_June_30_2026.xlsx?08072026,portfolio_disclosure,,,xlsx,False,False,False,0.8,processed,{},2026-08-20 15:37:25.456923+00:00
ce225d54-99b8-45ba-b9c5-13bc8ae88502,554d2883-79fc-4441-bd0c-14b5a541177b,f83a0af6-742c-4594-b50b-b7b8becb29f8,https://amc.ppfas.com/downloads/portfolio-disclosure/2026/PPLF_PPFAS_Monthly_Portfolio_Report_June_30_2026.xlsx?08072026_1,portfolio_disclosure,,,xlsx,False,False,False,0.8,processed,{},2026-08-20 15:37:25.456923+00:00
e7a8edaa-8927-4fc9-b3d6-d4374b3bf38e,720ad631-ad42-4304-971c-41fb4280a2be,becd9c8a-0d87-4c7f-aeac-a1514e86957a,https://amc.ppfas.com/downloads/portfolio-disclosure/2026/PPAF_PPFAS_Monthly_Portfolio_Report_July_31_2026.xlsx?07082026,portfolio_disclosure,,,xlsx,False,False,False,0.8,processed,{},2026-08-20 15:42:39.907739+00:00
233fe73e-a795-4b38-a699-0900e04e8014,554d2883-79fc-4441-bd0c-14b5a541177b,f83a0af6-742c-4594-b50b-b7b8becb29f8,https://amc.ppfas.com/downloads/portfolio-disclosure/2026/PPTSF_PPFAS_Monthly_Portfolio_Report_June_30_2026.xlsx?08072026,portfolio_disclosure,,,xlsx,False,False,False,0.8,processed,{},2026-08-20 15:37:25.456923+00:00
c7d89985-50fa-4137-9e22-7d0af4c10298,554d2883-79fc-4441-bd0c-14b5a541177b,f83a0af6-742c-4594-b50b-b7b8becb29f8,https://amc.ppfas.com/downloads/portfolio-disclosure/2026/PPCHF_PPFAS_Monthly_Portfolio_Report_June_30_2026.xlsx?08072026,portfolio_disclosure,,,xlsx,False,False,False,0.8,discovered,{},2026-08-20 15:37:25.456923+00:00
b75c5fff-4014-4f64-8302-c9a6ad45ee26,c086dcf3-4a89-4ec9-a476-ed3367406b3c,edfcd7cc-dac2-48c9-bb44-b61f5954c22b,https://www.icicipruamc.com/fund-details/fund-documents/methodology/CRISIL-IBX_Financial_Services_3-6_Months_Debt_Index-1888.xlsx,unknown,,,xlsx,True,False,False,0.7,download_failed,{},2026-08-20 17:46:51.240074+00:00
1dc86d78-64de-464c-92d9-c7e7afeefb3c,c086dcf3-4a89-4ec9-a476-ed3367406b3c,edfcd7cc-dac2-48c9-bb44-b61f5954c22b,https://www.icicipruamc.com/fund-details/fund-documents/historical/CRISIL-IBX_Financial_Services_3-6_Months_Debt_Index-1888.xlsx,unknown,,,xlsx,True,False,False,0.7,download_failed,{},2026-08-20 17:46:51.240074+00:00
e36633fe-3e2f-48a8-bcf7-6338b94cecff,720ad631-ad42-4304-971c-41fb4280a2be,becd9c8a-0d87-4c7f-aeac-a1514e86957a,https://amc.ppfas.com/downloads/portfolio-disclosure/2026/PPFAS_Monthly_Portfolio_Report_July_31_2026.xls?07082026_4,portfolio_disclosure,,,xls,False,False,False,0.8,processed,{},2026-08-20 15:42:39.907739+00:00
d37a4614-81e9-424e-b494-31c3252e577c,c086dcf3-4a89-4ec9-a476-ed3367406b3c,edfcd7cc-dac2-48c9-bb44-b61f5954c22b,https://www.icicipruamc.com/sif/isif-equity-ex-top-100-long-short-fund/iSIF%20Equity%20Ex%20Top%20100%20Long-Short%20Presentation%20Final.pdf,unknown,,,pdf,True,False,False,0.7,download_failed,{},2026-08-20 17:46:51.240074+00:00
5c1a0ff0-eba5-4fcd-b157-79d0b01e5db4,720ad631-ad42-4304-971c-41fb4280a2be,becd9c8a-0d87-4c7f-aeac-a1514e86957a,https://amc.ppfas.com/downloads/portfolio-disclosure/2026/PPFCF_PPFAS_Monthly_Portfolio_Report_July_31_2026.xlsx?07082026,portfolio_disclosure,,,xlsx,False,False,False,0.8,processed,{},2026-08-20 15:42:39.907739+00:00
11d340d1-70db-44f1-9fb6-007c7d141eb1,720ad631-ad42-4304-971c-41fb4280a2be,becd9c8a-0d87-4c7f-aeac-a1514e86957a,https://amc.ppfas.com/downloads/portfolio-disclosure/2026/PPLF_PPFAS_Monthly_Portfolio_Report_July_31_2026.xlsx?07082026_2,portfolio_disclosure,,,xlsx,False,False,False,0.8,processed,{},2026-08-20 15:42:39.907739+00:00
112bf6ab-367c-4812-a814-81c215be0606,c086dcf3-4a89-4ec9-a476-ed3367406b3c,edfcd7cc-dac2-48c9-bb44-b61f5954c22b,https://www.icicipruamc.com/sif/downloads/Important%20Announcement_SIF.pdf,unknown,,,pdf,True,False,False,0.7,download_failed,{},2026-08-20 17:46:51.240074+00:00
d135f622-9628-4a7d-8065-f0461fa46b15,720ad631-ad42-4304-971c-41fb4280a2be,becd9c8a-0d87-4c7f-aeac-a1514e86957a,https://amc.ppfas.com/downloads/portfolio-disclosure/2026/PPTSF_PPFAS_Monthly_Portfolio_Report_July_31_2026.xlsx?07082026_1,portfolio_disclosure,,,xlsx,False,False,False,0.8,processed,{},2026-08-20 15:42:39.907739+00:00
4ab8c3a3-c956-4faf-bf1b-e3eb2d8d9d5a,720ad631-ad42-4304-971c-41fb4280a2be,becd9c8a-0d87-4c7f-aeac-a1514e86957a,https://amc.ppfas.com/downloads/portfolio-disclosure/2026/PPCHF_PPFAS_Monthly_Portfolio_Report_July_31_2026.xlsx?07082026,portfolio_disclosure,,,xlsx,False,False,False,0.8,processed,{},2026-08-20 15:42:39.907739+00:00
cbd047d3-68d8-48f4-92f9-7334214254a9,720ad631-ad42-4304-971c-41fb4280a2be,becd9c8a-0d87-4c7f-aeac-a1514e86957a,https://amc.ppfas.com/downloads/portfolio-disclosure/2026/PPDAAF_PPFAS_Monthly_Portfolio_Report_July_31_2026.xlsx?07082026_1,portfolio_disclosure,,,xlsx,False,False,False,0.8,processed,{},2026-08-20 15:42:39.907739+00:00
54f08a92-65bc-4aae-a55d-f2ac81528d7a,c086dcf3-4a89-4ec9-a476-ed3367406b3c,edfcd7cc-dac2-48c9-bb44-b61f5954c22b,https://www.icicipruamc.com/banner/campaign/scheme-merger/letter-to-unitholders-surviving-scheme.pdf,unknown,,,pdf,True,False,False,0.7,download_failed,{},2026-08-20 17:46:51.240074+00:00
9757fc18-ebba-4229-a31a-3afbe4a5d43d,720ad631-ad42-4304-971c-41fb4280a2be,becd9c8a-0d87-4c7f-aeac-a1514e86957a,https://amc.ppfas.com/downloads/portfolio-disclosure/2026/PPLCF_PPFAS_Monthly_Portfolio_Report_July_31_2026.xlsx?07082026_2,portfolio_disclosure,,,xlsx,False,False,False,0.8,processed,{},2026-08-20 15:42:39.907739+00:00
2104ed26-d4b4-4573-9a93-a57064f736b5,c086dcf3-4a89-4ec9-a476-ed3367406b3c,edfcd7cc-dac2-48c9-bb44-b61f5954c22b,https://www.icicipruamc.com/banner/campaign/scheme-merger/letter-to-unitholders-merging-schemes.pdf,unknown,,,pdf,True,False,False,0.7,download_failed,{},2026-08-20 17:46:51.240074+00:00
d5ad760c-fb31-4e73-be67-0a651a27ec4e,c086dcf3-4a89-4ec9-a476-ed3367406b3c,edfcd7cc-dac2-48c9-bb44-b61f5954c22b,https://www.icicipruamc.com/banner/campaign/scheme-merger/addendum.pdf,unknown,,,pdf,True,False,False,0.7,download_failed,{},2026-08-20 17:46:51.240074+00:00
d31fe5c8-ad89-42d9-a19b-69ed2a656ebd,c086dcf3-4a89-4ec9-a476-ed3367406b3c,edfcd7cc-dac2-48c9-bb44-b61f5954c22b,https://www.icicipruamc.com/banner/campaign/scheme-merger/consent-form.pdf,unknown,,,pdf,True,False,False,0.7,download_failed,{},2026-08-20 17:46:51.240074+00:00
e8bd6951-d0fd-42b5-a5cd-1b9a8f0ba214,c086dcf3-4a89-4ec9-a476-ed3367406b3c,edfcd7cc-dac2-48c9-bb44-b61f5954c22b,https://www.icicipruamc.com/downloads/Files/Fortnightly Portfolio Disclosures/2026/Fortnightly Debt Scheme Portfolio - 15th August 2026.zip,unknown,,,zip,True,False,False,0.7,download_failed,{},2026-08-20 17:46:51.240074+00:00
1d394e70-0b50-4c1a-8dc7-942bc061eba0,bd10998e-7a28-4155-8df7-427136da9384,bb1d1770-ef97-496c-a957-9057bfdc055b,https://www.miraeassetmf.co.in/docs/default-source/fachsheet/active-factsheet---august-2026.pdf,factsheet,,,pdf,False,False,False,0.8,no_parser,{},2026-08-20 18:19:14.508418+00:00
cc3e9f04-f72c-45ac-a207-084af99e91ae,bd10998e-7a28-4155-8df7-427136da9384,bb1d1770-ef97-496c-a957-9057bfdc055b,https://www.miraeassetmf.co.in/docs/default-source/sid/sid_mirae-asset-balanced-advantage-fund_06112025.pdf,sid,,,pdf,False,False,False,0.7,no_parser,{},2026-08-20 18:19:14.508418+00:00
f02227a2-6ed7-4895-936e-a09fee1f8a6b,bd10998e-7a28-4155-8df7-427136da9384,bb1d1770-ef97-496c-a957-9057bfdc055b,https://www.miraeassetmf.co.in/docs/default-source/application-form-kim/kim---mirae-asset-balanced-advantage-fund_06112025.pdf,kim,,,pdf,False,False,False,0.7,no_parser,{},2026-08-20 18:19:14.508418+00:00
c8e00f1f-ddae-46e0-9750-81fe17c0fcb8,bd10998e-7a28-4155-8df7-427136da9384,bb1d1770-ef97-496c-a957-9057bfdc055b,https://www.miraeassetmf.co.in/docs/default-source/fachsheet/active-factsheet---august-2026.pdf,factsheet,,,pdf,False,False,False,0.8,no_parser,{},2026-08-20 18:19:14.508418+00:00
2dfde620-ac4a-4586-ac6a-69754d1a75a0,bd10998e-7a28-4155-8df7-427136da9384,3556de92-7c94-4e9c-8155-b194f07c7474,https://www.miraeassetmf.co.in/docs/default-source/other-disclosure/stewardship-policy_mirae-asset-investment-managers.pdf,statutory_disclosure,,,pdf,False,False,False,0.8,no_parser,{},2026-08-20 18:19:32.526970+00:00
38c36952-0f54-46db-9af1-e22968b77ca6,720ad631-ad42-4304-971c-41fb4280a2be,becd9c8a-0d87-4c7f-aeac-a1514e86957a,https://amc.ppfas.com/downloads/portfolio-disclosure/2026/PPFAS_Monthly_Portfolio_Report_June_30_2026.xls?08072026_2,portfolio_disclosure,,,xls,False,False,False,0.8,processed,{},2026-08-20 15:42:39.907739+00:00
6c5a563e-60f5-4900-8224-de173282025a,88903f73-6972-4ca7-8c36-308235d1ff6b,ed9d7b4c-7559-4d2c-af92-9696326f0670,https://amc.ppfas.com/downloads/portfolio-disclosure/2026/PPAF_PPFAS_Monthly_Portfolio_Report_July_31_2026.xlsx?07082026,portfolio_disclosure,,,xlsx,False,False,False,0.8,processed,{},2026-08-20 15:44:08.401654+00:00
29def3ec-4a3b-4e1d-b35e-2046eedcde21,720ad631-ad42-4304-971c-41fb4280a2be,becd9c8a-0d87-4c7f-aeac-a1514e86957a,https://amc.ppfas.com/downloads/portfolio-disclosure/2026/PPFCF_PPFAS_Monthly_Portfolio_Report_June_30_2026.xlsx?08072026,portfolio_disclosure,,,xlsx,False,False,False,0.8,processed,{},2026-08-20 15:42:39.907739+00:00
f7a249b5-2cf5-41ee-868c-844557a47721,720ad631-ad42-4304-971c-41fb4280a2be,becd9c8a-0d87-4c7f-aeac-a1514e86957a,https://amc.ppfas.com/downloads/portfolio-disclosure/2026/PPLF_PPFAS_Monthly_Portfolio_Report_June_30_2026.xlsx?08072026_1,portfolio_disclosure,,,xlsx,False,False,False,0.8,processed,{},2026-08-20 15:42:39.907739+00:00
e089e872-49ee-42e9-87bd-c3b219825b1a,c086dcf3-4a89-4ec9-a476-ed3367406b3c,edfcd7cc-dac2-48c9-bb44-b61f5954c22b,https://www.icicipruamc.com/downloads/Files/Fortnightly Portfolio Disclosures/2026/Fortnightly Debt Scheme Portfolio - 31st July 2026.zip,unknown,,,zip,True,False,False,0.7,download_failed,{},2026-08-20 17:46:51.240074+00:00
290f8498-bd7e-43f4-b0cf-d74c914ef10f,720ad631-ad42-4304-971c-41fb4280a2be,becd9c8a-0d87-4c7f-aeac-a1514e86957a,https://amc.ppfas.com/downloads/portfolio-disclosure/2026/PPTSF_PPFAS_Monthly_Portfolio_Report_June_30_2026.xlsx?08072026,portfolio_disclosure,,,xlsx,False,False,False,0.8,processed,{},2026-08-20 15:42:39.907739+00:00
6a1f59ce-cc2f-4aa8-992d-d65350f35a72,720ad631-ad42-4304-971c-41fb4280a2be,becd9c8a-0d87-4c7f-aeac-a1514e86957a,https://amc.ppfas.com/downloads/portfolio-disclosure/2026/PPCHF_PPFAS_Monthly_Portfolio_Report_June_30_2026.xlsx?08072026,portfolio_disclosure,,,xlsx,False,False,False,0.8,discovered,{},2026-08-20 15:42:39.907739+00:00
43de7776-fb59-45d2-a86a-409809f0de4f,88903f73-6972-4ca7-8c36-308235d1ff6b,ed9d7b4c-7559-4d2c-af92-9696326f0670,https://amc.ppfas.com/downloads/portfolio-disclosure/2026/PPFAS_Monthly_Portfolio_Report_July_31_2026.xls?07082026_4,portfolio_disclosure,,,xls,False,False,False,0.8,processed,{},2026-08-20 15:44:08.401654+00:00
4663556d-1c82-46e5-b7c8-46e54f8e30b2,c086dcf3-4a89-4ec9-a476-ed3367406b3c,edfcd7cc-dac2-48c9-bb44-b61f5954c22b,https://www.icicipruamc.com/downloads/Files/Fortnightly Portfolio Disclosures/2026/Fortnightly Debt Scheme Portfolio - 15th July 2026.zip,unknown,,,zip,True,False,False,0.7,download_failed,{},2026-08-20 17:46:51.240074+00:00
8cb9a7ec-b490-4dff-a8ba-b4a8fd2b89cf,88903f73-6972-4ca7-8c36-308235d1ff6b,ed9d7b4c-7559-4d2c-af92-9696326f0670,https://amc.ppfas.com/downloads/portfolio-disclosure/2026/PPFCF_PPFAS_Monthly_Portfolio_Report_July_31_2026.xlsx?07082026,portfolio_disclosure,,,xlsx,False,False,False,0.8,processed,{},2026-08-20 15:44:08.401654+00:00
25728921-c925-457b-aaf4-a6d64f2d3000,88903f73-6972-4ca7-8c36-308235d1ff6b,ed9d7b4c-7559-4d2c-af92-9696326f0670,https://amc.ppfas.com/downloads/portfolio-disclosure/2026/PPLF_PPFAS_Monthly_Portfolio_Report_July_31_2026.xlsx?07082026_2,portfolio_disclosure,,,xlsx,False,False,False,0.8,processed,{},2026-08-20 15:44:08.401654+00:00
0b733705-9495-4428-aa0c-06af34749751,c086dcf3-4a89-4ec9-a476-ed3367406b3c,edfcd7cc-dac2-48c9-bb44-b61f5954c22b,https://www.icicipruamc.com/downloads/Files/Fortnightly Portfolio Disclosures/2026/Fortnightly Debt Scheme Portfolio - 30th June 2026.zip,unknown,,,zip,True,False,False,0.7,download_failed,{},2026-08-20 17:46:51.240074+00:00
a7feeebe-6109-4293-b10c-3c7bdf759183,88903f73-6972-4ca7-8c36-308235d1ff6b,ed9d7b4c-7559-4d2c-af92-9696326f0670,https://amc.ppfas.com/downloads/portfolio-disclosure/2026/PPTSF_PPFAS_Monthly_Portfolio_Report_July_31_2026.xlsx?07082026_1,portfolio_disclosure,,,xlsx,False,False,False,0.8,processed,{},2026-08-20 15:44:08.401654+00:00
6856788b-04d4-4164-a0b1-d9c8916d28d9,88903f73-6972-4ca7-8c36-308235d1ff6b,ed9d7b4c-7559-4d2c-af92-9696326f0670,https://amc.ppfas.com/downloads/portfolio-disclosure/2026/PPCHF_PPFAS_Monthly_Portfolio_Report_July_31_2026.xlsx?07082026,portfolio_disclosure,,,xlsx,False,False,False,0.8,processed,{},2026-08-20 15:44:08.401654+00:00
acf616d0-9037-4614-b799-db39bd0ff067,c086dcf3-4a89-4ec9-a476-ed3367406b3c,edfcd7cc-dac2-48c9-bb44-b61f5954c22b,https://www.icicipruamc.com/downloads/Files/Fortnightly Portfolio Disclosures/2026/Fortnightly Debt Scheme Portfolio - 15th June 2026.zip,unknown,,,zip,True,False,False,0.7,download_failed,{},2026-08-20 17:46:51.240074+00:00
402a8048-0932-41dd-a221-bf5a6008a665,88903f73-6972-4ca7-8c36-308235d1ff6b,ed9d7b4c-7559-4d2c-af92-9696326f0670,https://amc.ppfas.com/downloads/portfolio-disclosure/2026/PPDAAF_PPFAS_Monthly_Portfolio_Report_July_31_2026.xlsx?07082026_1,portfolio_disclosure,,,xlsx,False,False,False,0.8,processed,{},2026-08-20 15:44:08.401654+00:00
22be7470-f691-4434-a379-1e4d3277f1ea,88903f73-6972-4ca7-8c36-308235d1ff6b,ed9d7b4c-7559-4d2c-af92-9696326f0670,https://amc.ppfas.com/downloads/portfolio-disclosure/2026/PPLCF_PPFAS_Monthly_Portfolio_Report_July_31_2026.xlsx?07082026_2,portfolio_disclosure,,,xlsx,False,False,False,0.8,processed,{},2026-08-20 15:44:08.401654+00:00
cb094b52-eac1-4aaf-9c85-6e282c677d95,c086dcf3-4a89-4ec9-a476-ed3367406b3c,edfcd7cc-dac2-48c9-bb44-b61f5954c22b,https://www.icicipruamc.com/downloads/Files/Fortnightly Portfolio Disclosures/2026/Fortnightly Debt Scheme Portfolio - 31st May 2026.zip,unknown,,,zip,True,False,False,0.7,download_failed,{},2026-08-20 17:46:51.240074+00:00
63f43d79-6376-47a6-80e0-f2fd821f1ca6,c086dcf3-4a89-4ec9-a476-ed3367406b3c,edfcd7cc-dac2-48c9-bb44-b61f5954c22b,https://www.icicipruamc.com/downloads/Files/Fortnightly Portfolio Disclosures/2026/Fortnightly Debt Scheme Portfolio - 15th May 2026.zip,unknown,,,zip,True,False,False,0.7,download_failed,{},2026-08-20 17:46:51.240074+00:00
9ba75161-36f0-4359-bbcf-01684f02a3cf,c086dcf3-4a89-4ec9-a476-ed3367406b3c,edfcd7cc-dac2-48c9-bb44-b61f5954c22b,https://www.icicipruamc.com/downloads/Files/Fortnightly Portfolio Disclosures/2026/Fortnightly Debt Scheme Portfolio - 30th April 2026.zip,unknown,,,zip,True,False,False,0.7,download_failed,{},2026-08-20 17:46:51.240074+00:00
2b677363-d13c-45cb-a360-471f3ede90ab,c086dcf3-4a89-4ec9-a476-ed3367406b3c,edfcd7cc-dac2-48c9-bb44-b61f5954c22b,https://www.icicipruamc.com/downloads/Files/Fortnightly Portfolio Disclosures/2026/Fortnightly Debt Scheme Portfolio - 15th April 2026.zip,unknown,,,zip,True,False,False,0.7,download_failed,{},2026-08-20 17:46:51.240074+00:00
d30d4e57-f9ea-435b-96a5-53cc1db891e4,88903f73-6972-4ca7-8c36-308235d1ff6b,ed9d7b4c-7559-4d2c-af92-9696326f0670,https://amc.ppfas.com/downloads/portfolio-disclosure/2026/PPFAS_Monthly_Portfolio_Report_June_30_2026.xls?08072026_2,portfolio_disclosure,,,xls,False,False,False,0.8,processed,{},2026-08-20 15:44:08.401654+00:00
cc4b5053-1c46-4bee-9cae-a17a20ff262d,c086dcf3-4a89-4ec9-a476-ed3367406b3c,edfcd7cc-dac2-48c9-bb44-b61f5954c22b,https://www.icicipruamc.com/downloads/Files/Fortnightly Portfolio Disclosures/2026/Fortnightly Debt Scheme Portfolio - 31st March 2026.zip,unknown,,,zip,True,False,False,0.7,download_failed,{},2026-08-20 17:46:51.240074+00:00
bed5eff9-2064-419f-9324-9be41a9c31ca,88903f73-6972-4ca7-8c36-308235d1ff6b,ed9d7b4c-7559-4d2c-af92-9696326f0670,https://amc.ppfas.com/downloads/portfolio-disclosure/2026/PPFCF_PPFAS_Monthly_Portfolio_Report_June_30_2026.xlsx?08072026,portfolio_disclosure,,,xlsx,False,False,False,0.8,processed,{},2026-08-20 15:44:08.401654+00:00
6c2a9721-0844-44b3-99eb-466748dd1dd0,d0cdd45d-929a-4839-b4c9-4d07657d1f7d,5893cd34-728d-4c13-99b8-43dd93c6a818,https://amc.ppfas.com/downloads/portfolio-disclosure/2026/PPAF_PPFAS_Monthly_Portfolio_Report_July_31_2026.xlsx?07082026,portfolio_disclosure,,,xlsx,False,False,False,0.8,processed,{},2026-08-20 15:45:40.151590+00:00
c0df93d1-f5bb-4bcb-b6d2-d76dbe50fd56,88903f73-6972-4ca7-8c36-308235d1ff6b,ed9d7b4c-7559-4d2c-af92-9696326f0670,https://amc.ppfas.com/downloads/portfolio-disclosure/2026/PPLF_PPFAS_Monthly_Portfolio_Report_June_30_2026.xlsx?08072026_1,portfolio_disclosure,,,xlsx,False,False,False,0.8,processed,{},2026-08-20 15:44:08.401654+00:00
6c6e207b-56af-438f-9068-d25c0bd3e43a,88903f73-6972-4ca7-8c36-308235d1ff6b,ed9d7b4c-7559-4d2c-af92-9696326f0670,https://amc.ppfas.com/downloads/portfolio-disclosure/2026/PPTSF_PPFAS_Monthly_Portfolio_Report_June_30_2026.xlsx?08072026,portfolio_disclosure,,,xlsx,False,False,False,0.8,processed,{},2026-08-20 15:44:08.401654+00:00
146bc802-93f4-4a10-b431-6958ecad58f3,88903f73-6972-4ca7-8c36-308235d1ff6b,ed9d7b4c-7559-4d2c-af92-9696326f0670,https://amc.ppfas.com/downloads/portfolio-disclosure/2026/PPCHF_PPFAS_Monthly_Portfolio_Report_June_30_2026.xlsx?08072026,portfolio_disclosure,,,xlsx,False,False,False,0.8,discovered,{},2026-08-20 15:44:08.401654+00:00
4de14d9c-f735-4c2d-b85b-b115526575f7,d0cdd45d-929a-4839-b4c9-4d07657d1f7d,5893cd34-728d-4c13-99b8-43dd93c6a818,https://amc.ppfas.com/downloads/portfolio-disclosure/2026/PPFAS_Monthly_Portfolio_Report_July_31_2026.xls?07082026_4,portfolio_disclosure,,,xls,False,False,False,0.8,processed,{},2026-08-20 15:45:40.151590+00:00
0efc863d-53bd-4c75-9233-669b0f006b39,c086dcf3-4a89-4ec9-a476-ed3367406b3c,edfcd7cc-dac2-48c9-bb44-b61f5954c22b,https://www.icicipruamc.com/downloads/Files/Fortnightly Portfolio Disclosures/2026/Fortnightly Debt Scheme Portfolio - 15th March 2026.zip,unknown,,,zip,True,False,False,0.7,download_failed,{},2026-08-20 17:46:51.240074+00:00
5ab84a64-c4ea-4558-b8e1-55a7ecc4660b,d0cdd45d-929a-4839-b4c9-4d07657d1f7d,5893cd34-728d-4c13-99b8-43dd93c6a818,https://amc.ppfas.com/downloads/portfolio-disclosure/2026/PPFCF_PPFAS_Monthly_Portfolio_Report_July_31_2026.xlsx?07082026,portfolio_disclosure,,,xlsx,False,False,False,0.8,processed,{},2026-08-20 15:45:40.151590+00:00
7b7bf527-255b-4015-bc16-204a7c12f28b,d0cdd45d-929a-4839-b4c9-4d07657d1f7d,5893cd34-728d-4c13-99b8-43dd93c6a818,https://amc.ppfas.com/downloads/portfolio-disclosure/2026/PPLF_PPFAS_Monthly_Portfolio_Report_July_31_2026.xlsx?07082026_2,portfolio_disclosure,,,xlsx,False,False,False,0.8,processed,{},2026-08-20 15:45:40.151590+00:00
71d00953-8438-412f-813a-7b2cda9fb70c,c086dcf3-4a89-4ec9-a476-ed3367406b3c,edfcd7cc-dac2-48c9-bb44-b61f5954c22b,https://www.icicipruamc.com/downloads/Files/Fortnightly Portfolio Disclosures/2026/Fortnightly Debt Scheme Portfolio - 28th February 2026.zip,unknown,,,zip,True,False,False,0.7,download_failed,{},2026-08-20 17:46:51.240074+00:00
1c3e16c8-bb98-4c34-bf01-2f41f20f5b86,d0cdd45d-929a-4839-b4c9-4d07657d1f7d,5893cd34-728d-4c13-99b8-43dd93c6a818,https://amc.ppfas.com/downloads/portfolio-disclosure/2026/PPTSF_PPFAS_Monthly_Portfolio_Report_July_31_2026.xlsx?07082026_1,portfolio_disclosure,,,xlsx,False,False,False,0.8,processed,{},2026-08-20 15:45:40.151590+00:00
b750c87f-be83-4d2e-aa6f-8e93c3782034,d0cdd45d-929a-4839-b4c9-4d07657d1f7d,5893cd34-728d-4c13-99b8-43dd93c6a818,https://amc.ppfas.com/downloads/portfolio-disclosure/2026/PPCHF_PPFAS_Monthly_Portfolio_Report_July_31_2026.xlsx?07082026,portfolio_disclosure,,,xlsx,False,False,False,0.8,processed,{},2026-08-20 15:45:40.151590+00:00
a55159cd-bdb4-4c31-b6dd-7f776997f11b,c086dcf3-4a89-4ec9-a476-ed3367406b3c,edfcd7cc-dac2-48c9-bb44-b61f5954c22b,https://www.icicipruamc.com/downloads/Files/Fortnightly Portfolio Disclosures/2026/Fortnightly Debt Scheme Portfolio - 15th February 2026.zip,unknown,,,zip,True,False,False,0.7,download_failed,{},2026-08-20 17:46:51.240074+00:00
9a02df25-2cce-4a51-a660-b8f8912ff200,d0cdd45d-929a-4839-b4c9-4d07657d1f7d,5893cd34-728d-4c13-99b8-43dd93c6a818,https://amc.ppfas.com/downloads/portfolio-disclosure/2026/PPDAAF_PPFAS_Monthly_Portfolio_Report_July_31_2026.xlsx?07082026_1,portfolio_disclosure,,,xlsx,False,False,False,0.8,processed,{},2026-08-20 15:45:40.151590+00:00
e29d9821-0f5f-495b-a522-78ac4626ca25,d0cdd45d-929a-4839-b4c9-4d07657d1f7d,5893cd34-728d-4c13-99b8-43dd93c6a818,https://amc.ppfas.com/downloads/portfolio-disclosure/2026/PPLCF_PPFAS_Monthly_Portfolio_Report_July_31_2026.xlsx?07082026_2,portfolio_disclosure,,,xlsx,False,False,False,0.8,processed,{},2026-08-20 15:45:40.151590+00:00
295cc389-e0fc-4713-a92a-8ccc73cbae95,c086dcf3-4a89-4ec9-a476-ed3367406b3c,edfcd7cc-dac2-48c9-bb44-b61f5954c22b,https://www.icicipruamc.com/downloads/Files/Fortnightly Portfolio Disclosures/2026/Fortnightly Debt Scheme Portfolio - 31st January 2026.zip,unknown,,,zip,True,False,False,0.7,download_failed,{},2026-08-20 17:46:51.240074+00:00
6163add9-8c7c-4a42-9bce-e4907cfee62b,c086dcf3-4a89-4ec9-a476-ed3367406b3c,edfcd7cc-dac2-48c9-bb44-b61f5954c22b,https://www.icicipruamc.com/downloads/Files/Fortnightly Portfolio Disclosures/2026/Fortnightly Debt Scheme Portfolio - 15th January 2026.zip,unknown,,,zip,True,False,False,0.7,download_failed,{},2026-08-20 17:46:51.240074+00:00
c6cec4ea-9ca3-4b5e-80fa-a6afaf2815fb,c086dcf3-4a89-4ec9-a476-ed3367406b3c,edfcd7cc-dac2-48c9-bb44-b61f5954c22b,https://www.icicipruamc.com/downloads/Files/Fortnightly Portfolio Disclosures/2025/Fortnightly Debt Scheme Portfolio - 31st December 2025.zip,unknown,,,zip,True,False,False,0.7,download_failed,{},2026-08-20 17:46:51.240074+00:00
2e6b524b-2386-4759-8b22-968fe9e69b0f,c086dcf3-4a89-4ec9-a476-ed3367406b3c,edfcd7cc-dac2-48c9-bb44-b61f5954c22b,https://www.icicipruamc.com/downloads/Files/Fortnightly Portfolio Disclosures/2025/Fortnightly Debt Scheme Portfolio - 15th December 2025.zip,unknown,,,zip,True,False,False,0.7,download_failed,{},2026-08-20 17:46:51.240074+00:00
89dc2b00-4b3a-4cc4-9419-19b40a9a34e2,d0cdd45d-929a-4839-b4c9-4d07657d1f7d,5893cd34-728d-4c13-99b8-43dd93c6a818,https://amc.ppfas.com/downloads/portfolio-disclosure/2026/PPFAS_Monthly_Portfolio_Report_June_30_2026.xls?08072026_2,portfolio_disclosure,,,xls,False,False,False,0.8,processed,{},2026-08-20 15:45:40.151590+00:00
ddc11ecc-d715-4186-ab5a-f237e0bd4baa,c086dcf3-4a89-4ec9-a476-ed3367406b3c,edfcd7cc-dac2-48c9-bb44-b61f5954c22b,https://www.icicipruamc.com/downloads/Files/Fortnightly Portfolio Disclosures/2025/Fortnightly Debt Scheme Portfolio - 30th November 2025.zip,unknown,,,zip,True,False,False,0.7,download_failed,{},2026-08-20 17:46:51.240074+00:00
5731d6b7-8605-41ad-af34-e7c8017d6706,d0cdd45d-929a-4839-b4c9-4d07657d1f7d,5893cd34-728d-4c13-99b8-43dd93c6a818,https://amc.ppfas.com/downloads/portfolio-disclosure/2026/PPFCF_PPFAS_Monthly_Portfolio_Report_June_30_2026.xlsx?08072026,portfolio_disclosure,,,xlsx,False,False,False,0.8,processed,{},2026-08-20 15:45:40.151590+00:00
384595e3-ca4a-47e2-aa48-0b8c4fb780cc,3ba84f35-9139-4e6a-b158-2ff623d32cf5,91d80fec-8d5e-4e7e-916c-bfd895979839,https://amc.ppfas.com/downloads/portfolio-disclosure/2026/PPAF_PPFAS_Monthly_Portfolio_Report_July_31_2026.xlsx?07082026,portfolio_disclosure,,,xlsx,False,False,False,0.8,processed,{},2026-08-20 15:47:39.258234+00:00
73eb207e-a2a2-4de9-a9e4-542d6718ae0e,d0cdd45d-929a-4839-b4c9-4d07657d1f7d,5893cd34-728d-4c13-99b8-43dd93c6a818,https://amc.ppfas.com/downloads/portfolio-disclosure/2026/PPLF_PPFAS_Monthly_Portfolio_Report_June_30_2026.xlsx?08072026_1,portfolio_disclosure,,,xlsx,False,False,False,0.8,processed,{},2026-08-20 15:45:40.151590+00:00
5995e314-b17b-4593-971f-6bd3b1a46f46,d0cdd45d-929a-4839-b4c9-4d07657d1f7d,5893cd34-728d-4c13-99b8-43dd93c6a818,https://amc.ppfas.com/downloads/portfolio-disclosure/2026/PPTSF_PPFAS_Monthly_Portfolio_Report_June_30_2026.xlsx?08072026,portfolio_disclosure,,,xlsx,False,False,False,0.8,processed,{},2026-08-20 15:45:40.151590+00:00
dd5ea89e-ef51-4066-9fda-da99c2fbb16f,d0cdd45d-929a-4839-b4c9-4d07657d1f7d,5893cd34-728d-4c13-99b8-43dd93c6a818,https://amc.ppfas.com/downloads/portfolio-disclosure/2026/PPCHF_PPFAS_Monthly_Portfolio_Report_June_30_2026.xlsx?08072026,portfolio_disclosure,,,xlsx,False,False,False,0.8,discovered,{},2026-08-20 15:45:40.151590+00:00
a7537a1a-89fb-4532-be11-9330a8c74c92,3ba84f35-9139-4e6a-b158-2ff623d32cf5,91d80fec-8d5e-4e7e-916c-bfd895979839,https://amc.ppfas.com/downloads/portfolio-disclosure/2026/PPFAS_Monthly_Portfolio_Report_July_31_2026.xls?07082026_4,portfolio_disclosure,,,xls,False,False,False,0.8,processed,{},2026-08-20 15:47:39.258234+00:00
6d5b7022-6fb4-4ba0-a703-33b8e50b8f31,c086dcf3-4a89-4ec9-a476-ed3367406b3c,edfcd7cc-dac2-48c9-bb44-b61f5954c22b,https://www.icicipruamc.com/downloads/Files/Fortnightly Portfolio Disclosures/2025/Fortnightly Debt Scheme Portfolio - 15th November 2025.zip,unknown,,,zip,True,False,False,0.7,download_failed,{},2026-08-20 17:46:51.240074+00:00
1f994b34-2dfd-426b-b898-7e54d5be06f6,3ba84f35-9139-4e6a-b158-2ff623d32cf5,91d80fec-8d5e-4e7e-916c-bfd895979839,https://amc.ppfas.com/downloads/portfolio-disclosure/2026/PPFCF_PPFAS_Monthly_Portfolio_Report_July_31_2026.xlsx?07082026,portfolio_disclosure,,,xlsx,False,False,False,0.8,processed,{},2026-08-20 15:47:39.258234+00:00
42112b43-5939-4091-915f-f9887d990d45,3ba84f35-9139-4e6a-b158-2ff623d32cf5,91d80fec-8d5e-4e7e-916c-bfd895979839,https://amc.ppfas.com/downloads/portfolio-disclosure/2026/PPLF_PPFAS_Monthly_Portfolio_Report_July_31_2026.xlsx?07082026_2,portfolio_disclosure,,,xlsx,False,False,False,0.8,processed,{},2026-08-20 15:47:39.258234+00:00
d92fb9da-01ac-4a8d-883c-6ece39d74e6f,c086dcf3-4a89-4ec9-a476-ed3367406b3c,edfcd7cc-dac2-48c9-bb44-b61f5954c22b,https://www.icicipruamc.com/downloads/Files/Fortnightly Portfolio Disclosures/2025/Fortnightly Debt Scheme Portfolio - 31st October 2025.zip,unknown,,,zip,True,False,False,0.7,download_failed,{},2026-08-20 17:46:51.240074+00:00
0ddb394d-95e5-44cf-b5ed-c2f90c98ab11,3ba84f35-9139-4e6a-b158-2ff623d32cf5,91d80fec-8d5e-4e7e-916c-bfd895979839,https://amc.ppfas.com/downloads/portfolio-disclosure/2026/PPTSF_PPFAS_Monthly_Portfolio_Report_July_31_2026.xlsx?07082026_1,portfolio_disclosure,,,xlsx,False,False,False,0.8,processed,{},2026-08-20 15:47:39.258234+00:00
e46931e7-45df-443f-acf6-da89c44017ba,3ba84f35-9139-4e6a-b158-2ff623d32cf5,91d80fec-8d5e-4e7e-916c-bfd895979839,https://amc.ppfas.com/downloads/portfolio-disclosure/2026/PPCHF_PPFAS_Monthly_Portfolio_Report_July_31_2026.xlsx?07082026,portfolio_disclosure,,,xlsx,False,False,False,0.8,processed,{},2026-08-20 15:47:39.258234+00:00
5dea3d10-fd25-4212-b027-56513d340cea,c086dcf3-4a89-4ec9-a476-ed3367406b3c,0847b9dc-32e1-4bdc-8419-03c4d127d908,https://dq4nytsa795t1.cloudfront.net/keys/sdk_test.txt,unknown,,,txt,True,False,False,0.7,no_parser,{},2026-08-20 17:48:17.120689+00:00
f4975697-ca58-4f21-9606-79bd6a24319e,3ba84f35-9139-4e6a-b158-2ff623d32cf5,91d80fec-8d5e-4e7e-916c-bfd895979839,https://amc.ppfas.com/downloads/portfolio-disclosure/2026/PPDAAF_PPFAS_Monthly_Portfolio_Report_July_31_2026.xlsx?07082026_1,portfolio_disclosure,,,xlsx,False,False,False,0.8,processed,{},2026-08-20 15:47:39.258234+00:00
a6f4453c-9345-4b95-8416-d15802dc214a,3ba84f35-9139-4e6a-b158-2ff623d32cf5,91d80fec-8d5e-4e7e-916c-bfd895979839,https://amc.ppfas.com/downloads/portfolio-disclosure/2026/PPLCF_PPFAS_Monthly_Portfolio_Report_July_31_2026.xlsx?07082026_2,portfolio_disclosure,,,xlsx,False,False,False,0.8,processed,{},2026-08-20 15:47:39.258234+00:00
00e04831-8e56-4af0-b049-5251ced765cc,c086dcf3-4a89-4ec9-a476-ed3367406b3c,0847b9dc-32e1-4bdc-8419-03c4d127d908,https://www.icicipruamc.com/fund-details/fund-documents/methodology/index-linked-products-methodology-1886.pdf,unknown,,,pdf,True,False,False,0.7,download_failed,{},2026-08-20 17:48:17.120689+00:00
190cfc53-8091-49d3-b155-9e69f5f478f6,c086dcf3-4a89-4ec9-a476-ed3367406b3c,0847b9dc-32e1-4bdc-8419-03c4d127d908,https://www.icicipruamc.com/fund-details/fund-documents/historical/CRISIL-IBX AAA Bond Financial Services Index – Dec 2026-1886.xlsx,unknown,,,xlsx,True,False,False,0.7,download_failed,{},2026-08-20 17:48:17.120689+00:00
981f550f-6951-49d3-95a6-5505a1f8787d,c086dcf3-4a89-4ec9-a476-ed3367406b3c,0847b9dc-32e1-4bdc-8419-03c4d127d908,https://www.icicipruamc.com/fund-details/fund-documents/methodology/Method_NIFTY_Fixed_Income_Indices-1853.pdf,unknown,,,pdf,True,False,False,0.7,download_failed,{},2026-08-20 17:48:17.120689+00:00
fdd74fa1-0ef1-4e3b-bb41-f4bfc354432b,c086dcf3-4a89-4ec9-a476-ed3367406b3c,0847b9dc-32e1-4bdc-8419-03c4d127d908,https://www.icicipruamc.com/fund-details/fund-documents/historical/Nifty-G-Sec-Dec-2030-Index-Historical-Data-1853.xlsx,unknown,,,xlsx,True,False,False,0.7,download_failed,{},2026-08-20 17:48:17.120689+00:00
058f2b45-5bb3-4ab3-9563-4649787c0cd2,c086dcf3-4a89-4ec9-a476-ed3367406b3c,0847b9dc-32e1-4bdc-8419-03c4d127d908,https://www.icicipruamc.com/fund-details/fund-documents/methodology/Method_NIFTY_Fixed_Income_Indices-1864.pdf,unknown,,,pdf,True,False,False,0.7,download_failed,{},2026-08-20 17:48:17.120689+00:00
9840bf8c-c435-4cd7-a481-94ccbc530d0c,c086dcf3-4a89-4ec9-a476-ed3367406b3c,0847b9dc-32e1-4bdc-8419-03c4d127d908,https://www.icicipruamc.com/fund-details/fund-documents/historical/Inclusion-Exclusion-report - Nifty SDL Sep 2026 Index Fund-1864.xlsx,unknown,,,xlsx,True,False,False,0.7,download_failed,{},2026-08-20 17:48:17.120689+00:00
6617386d-0062-4265-91c3-405aaf9eb395,3ba84f35-9139-4e6a-b158-2ff623d32cf5,91d80fec-8d5e-4e7e-916c-bfd895979839,https://amc.ppfas.com/downloads/portfolio-disclosure/2026/PPFAS_Monthly_Portfolio_Report_June_30_2026.xls?08072026_2,portfolio_disclosure,,,xls,False,False,False,0.8,processed,{},2026-08-20 15:47:39.258234+00:00
9120738a-f09c-417b-846e-f590703b7940,c086dcf3-4a89-4ec9-a476-ed3367406b3c,0847b9dc-32e1-4bdc-8419-03c4d127d908,https://www.icicipruamc.com/fund-details/fund-documents/methodology/Method_NIFTY_Fixed_Income_Indices-1842.pdf,unknown,,,pdf,True,False,False,0.7,download_failed,{},2026-08-20 17:48:17.120689+00:00
026218d2-5b17-4111-8440-68e2bc8eb5cf,3ba84f35-9139-4e6a-b158-2ff623d32cf5,91d80fec-8d5e-4e7e-916c-bfd895979839,https://amc.ppfas.com/downloads/portfolio-disclosure/2026/PPFCF_PPFAS_Monthly_Portfolio_Report_June_30_2026.xlsx?08072026,portfolio_disclosure,,,xlsx,False,False,False,0.8,processed,{},2026-08-20 15:47:39.258234+00:00
ea2081fb-7210-46a8-bbd4-8712fc2e724b,079ae59a-c94a-47e8-8100-92f30b550f8f,b76fc33a-9339-45d1-8486-4f4037e1a86d,https://amc.ppfas.com/downloads/portfolio-disclosure/2026/PPAF_PPFAS_Monthly_Portfolio_Report_July_31_2026.xlsx?07082026,portfolio_disclosure,,,xlsx,False,False,False,0.8,processed,{},2026-08-20 15:53:22.017525+00:00
0e378558-23af-44f8-81a7-4c275558f34b,3ba84f35-9139-4e6a-b158-2ff623d32cf5,91d80fec-8d5e-4e7e-916c-bfd895979839,https://amc.ppfas.com/downloads/portfolio-disclosure/2026/PPLF_PPFAS_Monthly_Portfolio_Report_June_30_2026.xlsx?08072026_1,portfolio_disclosure,,,xlsx,False,False,False,0.8,processed,{},2026-08-20 15:47:39.258234+00:00
e6ad71d5-81dc-4974-8e5c-884393af36b0,3ba84f35-9139-4e6a-b158-2ff623d32cf5,91d80fec-8d5e-4e7e-916c-bfd895979839,https://amc.ppfas.com/downloads/portfolio-disclosure/2026/PPTSF_PPFAS_Monthly_Portfolio_Report_June_30_2026.xlsx?08072026,portfolio_disclosure,,,xlsx,False,False,False,0.8,processed,{},2026-08-20 15:47:39.258234+00:00
fadccebb-638b-4c76-a1c7-e1bde395b585,3ba84f35-9139-4e6a-b158-2ff623d32cf5,91d80fec-8d5e-4e7e-916c-bfd895979839,https://amc.ppfas.com/downloads/portfolio-disclosure/2026/PPCHF_PPFAS_Monthly_Portfolio_Report_June_30_2026.xlsx?08072026,portfolio_disclosure,,,xlsx,False,False,False,0.8,discovered,{},2026-08-20 15:47:39.258234+00:00
769b6f09-6407-4e52-9e71-f2ff2ddff02b,079ae59a-c94a-47e8-8100-92f30b550f8f,b76fc33a-9339-45d1-8486-4f4037e1a86d,https://amc.ppfas.com/downloads/portfolio-disclosure/2026/PPFAS_Monthly_Portfolio_Report_July_31_2026.xls?07082026_4,portfolio_disclosure,,,xls,False,False,False,0.8,processed,{},2026-08-20 15:53:22.017525+00:00
479636ad-f591-442d-b8aa-8d1cad2a66d8,c086dcf3-4a89-4ec9-a476-ed3367406b3c,0847b9dc-32e1-4bdc-8419-03c4d127d908,https://www.icicipruamc.com/fund-details/fund-documents/historical/nifty-sdl-sep-2027-index-1842.xlsx,unknown,,,xlsx,True,False,False,0.7,download_failed,{},2026-08-20 17:48:17.120689+00:00
67d990e1-59e1-485c-b39e-f287ea2ed598,079ae59a-c94a-47e8-8100-92f30b550f8f,b76fc33a-9339-45d1-8486-4f4037e1a86d,https://amc.ppfas.com/downloads/portfolio-disclosure/2026/PPFCF_PPFAS_Monthly_Portfolio_Report_July_31_2026.xlsx?07082026,portfolio_disclosure,,,xlsx,False,False,False,0.8,processed,{},2026-08-20 15:53:22.017525+00:00
71f0be17-69d0-4e0e-b69f-977a1ca9bbd3,079ae59a-c94a-47e8-8100-92f30b550f8f,b76fc33a-9339-45d1-8486-4f4037e1a86d,https://amc.ppfas.com/downloads/portfolio-disclosure/2026/PPLF_PPFAS_Monthly_Portfolio_Report_July_31_2026.xlsx?07082026_2,portfolio_disclosure,,,xlsx,False,False,False,0.8,processed,{},2026-08-20 15:53:22.017525+00:00
b1e1de83-7f2f-4b78-98a7-f5247d4caf1b,c086dcf3-4a89-4ec9-a476-ed3367406b3c,0847b9dc-32e1-4bdc-8419-03c4d127d908,https://www.icicipruamc.com/fund-details/fund-documents/methodology/Method_NIFTY_Fixed_Income_Indices-1852.pdf,unknown,,,pdf,True,False,False,0.7,download_failed,{},2026-08-20 17:48:17.120689+00:00
9c96be2c-bfd5-4df5-a37d-52ab115665c0,079ae59a-c94a-47e8-8100-92f30b550f8f,b76fc33a-9339-45d1-8486-4f4037e1a86d,https://amc.ppfas.com/downloads/portfolio-disclosure/2026/PPTSF_PPFAS_Monthly_Portfolio_Report_July_31_2026.xlsx?07082026_1,portfolio_disclosure,,,xlsx,False,False,False,0.8,processed,{},2026-08-20 15:53:22.017525+00:00
3c030cd9-1ffa-4f12-b14a-a209e2ee1c06,079ae59a-c94a-47e8-8100-92f30b550f8f,b76fc33a-9339-45d1-8486-4f4037e1a86d,https://amc.ppfas.com/downloads/portfolio-disclosure/2026/PPCHF_PPFAS_Monthly_Portfolio_Report_July_31_2026.xlsx?07082026,portfolio_disclosure,,,xlsx,False,False,False,0.8,processed,{},2026-08-20 15:53:22.017525+00:00
19e6d0c3-0264-44a2-9d17-bc4308d33ad2,c086dcf3-4a89-4ec9-a476-ed3367406b3c,0847b9dc-32e1-4bdc-8419-03c4d127d908,https://www.icicipruamc.com/fund-details/fund-documents/historical/Nifty-SDL-Dec-2028-Index-Historical-Data-1852.xlsx,unknown,,,xlsx,True,False,False,0.7,download_failed,{},2026-08-20 17:48:17.120689+00:00
ca24de3a-31d8-47fd-97d2-5f5137bd9a6f,079ae59a-c94a-47e8-8100-92f30b550f8f,b76fc33a-9339-45d1-8486-4f4037e1a86d,https://amc.ppfas.com/downloads/portfolio-disclosure/2026/PPDAAF_PPFAS_Monthly_Portfolio_Report_July_31_2026.xlsx?07082026_1,portfolio_disclosure,,,xlsx,False,False,False,0.8,processed,{},2026-08-20 15:53:22.017525+00:00
00b92383-0efb-4379-a815-fa96fd81df4f,079ae59a-c94a-47e8-8100-92f30b550f8f,b76fc33a-9339-45d1-8486-4f4037e1a86d,https://amc.ppfas.com/downloads/portfolio-disclosure/2026/PPLCF_PPFAS_Monthly_Portfolio_Report_July_31_2026.xlsx?07082026_2,portfolio_disclosure,,,xlsx,False,False,False,0.8,processed,{},2026-08-20 15:53:22.017525+00:00
1d38b326-6bfc-4654-b978-76f73ef0fe12,079ae59a-c94a-47e8-8100-92f30b550f8f,b76fc33a-9339-45d1-8486-4f4037e1a86d,https://amc.ppfas.com/downloads/portfolio-disclosure/2026/PPFAS_Monthly_Portfolio_Report_June_30_2026.xls?08072026_2,portfolio_disclosure,,,xls,False,False,False,0.8,processed,{},2026-08-20 15:53:22.017525+00:00
5ffef165-df67-48a4-bc0e-bd025a055418,079ae59a-c94a-47e8-8100-92f30b550f8f,b76fc33a-9339-45d1-8486-4f4037e1a86d,https://amc.ppfas.com/downloads/portfolio-disclosure/2026/PPFCF_PPFAS_Monthly_Portfolio_Report_June_30_2026.xlsx?08072026,portfolio_disclosure,,,xlsx,False,False,False,0.8,processed,{},2026-08-20 15:53:22.017525+00:00
215600ca-7dfd-4b51-8b39-b92799b6794b,0e0111be-d9ac-4160-b850-b1f65169b5ab,adcb50cb-b4dc-414f-964f-3c4d4affa41e,https://amc.ppfas.com/downloads/portfolio-disclosure/2026/PPAF_PPFAS_Monthly_Portfolio_Report_July_31_2026.xlsx?07082026,portfolio_disclosure,,,xlsx,False,False,False,0.8,processed,{},2026-08-20 16:01:42.297696+00:00
1af629f7-459d-4ba6-aed2-18f1f003ebc4,079ae59a-c94a-47e8-8100-92f30b550f8f,b76fc33a-9339-45d1-8486-4f4037e1a86d,https://amc.ppfas.com/downloads/portfolio-disclosure/2026/PPLF_PPFAS_Monthly_Portfolio_Report_June_30_2026.xlsx?08072026_1,portfolio_disclosure,,,xlsx,False,False,False,0.8,processed,{},2026-08-20 15:53:22.017525+00:00
bb4ffd80-3f28-4aa9-9f02-2b991324884c,079ae59a-c94a-47e8-8100-92f30b550f8f,b76fc33a-9339-45d1-8486-4f4037e1a86d,https://amc.ppfas.com/downloads/portfolio-disclosure/2026/PPTSF_PPFAS_Monthly_Portfolio_Report_June_30_2026.xlsx?08072026,portfolio_disclosure,,,xlsx,False,False,False,0.8,processed,{},2026-08-20 15:53:22.017525+00:00
a6ed4ba6-b339-42c5-9a4f-0e5d258c8ebe,079ae59a-c94a-47e8-8100-92f30b550f8f,b76fc33a-9339-45d1-8486-4f4037e1a86d,https://amc.ppfas.com/downloads/portfolio-disclosure/2026/PPCHF_PPFAS_Monthly_Portfolio_Report_June_30_2026.xlsx?08072026,portfolio_disclosure,,,xlsx,False,False,False,0.8,discovered,{},2026-08-20 15:53:22.017525+00:00
5531e2e0-fac5-4706-8f3b-fbae89b3f224,c086dcf3-4a89-4ec9-a476-ed3367406b3c,0847b9dc-32e1-4bdc-8419-03c4d127d908,https://www.icicipruamc.com/fund-details/fund-documents/methodology/Method_NIFTY_Fixed_Income_Indices-1825.pdf,unknown,,,pdf,True,False,False,0.7,download_failed,{},2026-08-20 17:48:17.120689+00:00
82cb678f-af2a-45b7-a448-774bd78930c5,0e0111be-d9ac-4160-b850-b1f65169b5ab,adcb50cb-b4dc-414f-964f-3c4d4affa41e,https://amc.ppfas.com/downloads/portfolio-disclosure/2026/PPFAS_Monthly_Portfolio_Report_July_31_2026.xls?07082026_4,portfolio_disclosure,,,xls,False,False,False,0.8,processed,{},2026-08-20 16:01:42.297696+00:00
ba4c848f-21c6-4e09-97d9-18bf61904587,0e0111be-d9ac-4160-b850-b1f65169b5ab,adcb50cb-b4dc-414f-964f-3c4d4affa41e,https://amc.ppfas.com/downloads/portfolio-disclosure/2026/PPFCF_PPFAS_Monthly_Portfolio_Report_July_31_2026.xlsx?07082026,portfolio_disclosure,,,xlsx,False,False,False,0.8,processed,{},2026-08-20 16:01:42.297696+00:00
e65bf2dd-a49d-4405-8a41-02602133fa85,c086dcf3-4a89-4ec9-a476-ed3367406b3c,0847b9dc-32e1-4bdc-8419-03c4d127d908,https://www.icicipruamc.com/fund-details/fund-documents/historical/nifty-psu-bond-plus-sdl-sep-2027-40-60-index-1825.xlsx,unknown,,,xlsx,True,False,False,0.7,download_failed,{},2026-08-20 17:48:17.120689+00:00
ab12c7bd-b174-4af0-8cc1-b8bdd00b7021,0e0111be-d9ac-4160-b850-b1f65169b5ab,adcb50cb-b4dc-414f-964f-3c4d4affa41e,https://amc.ppfas.com/downloads/portfolio-disclosure/2026/PPLF_PPFAS_Monthly_Portfolio_Report_July_31_2026.xlsx?07082026_2,portfolio_disclosure,,,xlsx,False,False,False,0.8,processed,{},2026-08-20 16:01:42.297696+00:00
4fc8d718-a0e8-4c00-ac9b-d24f0aa83715,0e0111be-d9ac-4160-b850-b1f65169b5ab,adcb50cb-b4dc-414f-964f-3c4d4affa41e,https://amc.ppfas.com/downloads/portfolio-disclosure/2026/PPTSF_PPFAS_Monthly_Portfolio_Report_July_31_2026.xlsx?07082026_1,portfolio_disclosure,,,xlsx,False,False,False,0.8,processed,{},2026-08-20 16:01:42.297696+00:00
e0a73408-1c37-4924-bdfa-4696938b00b5,c086dcf3-4a89-4ec9-a476-ed3367406b3c,0847b9dc-32e1-4bdc-8419-03c4d127d908,https://www.icicipruamc.com/fund-details/fund-documents/methodology/CRISIL-IBX_Financial_Services_3-6_Months_Debt_Index-1888.xlsx,unknown,,,xlsx,True,False,False,0.7,download_failed,{},2026-08-20 17:48:17.120689+00:00
2f43d1a7-7f4c-4e53-bce6-3c4c92f5aa98,0e0111be-d9ac-4160-b850-b1f65169b5ab,adcb50cb-b4dc-414f-964f-3c4d4affa41e,https://amc.ppfas.com/downloads/portfolio-disclosure/2026/PPCHF_PPFAS_Monthly_Portfolio_Report_July_31_2026.xlsx?07082026,portfolio_disclosure,,,xlsx,False,False,False,0.8,processed,{},2026-08-20 16:01:42.297696+00:00
79893db7-e8cc-4b21-9104-aaab165168e6,0e0111be-d9ac-4160-b850-b1f65169b5ab,adcb50cb-b4dc-414f-964f-3c4d4affa41e,https://amc.ppfas.com/downloads/portfolio-disclosure/2026/PPDAAF_PPFAS_Monthly_Portfolio_Report_July_31_2026.xlsx?07082026_1,portfolio_disclosure,,,xlsx,False,False,False,0.8,processed,{},2026-08-20 16:01:42.297696+00:00
ac4f17ce-97f8-419f-a197-5e3c04ef78e3,c086dcf3-4a89-4ec9-a476-ed3367406b3c,0847b9dc-32e1-4bdc-8419-03c4d127d908,https://www.icicipruamc.com/fund-details/fund-documents/historical/CRISIL-IBX_Financial_Services_3-6_Months_Debt_Index-1888.xlsx,unknown,,,xlsx,True,False,False,0.7,download_failed,{},2026-08-20 17:48:17.120689+00:00
36a7a9d1-c005-48a3-8e55-9d41b829a8ba,0e0111be-d9ac-4160-b850-b1f65169b5ab,adcb50cb-b4dc-414f-964f-3c4d4affa41e,https://amc.ppfas.com/downloads/portfolio-disclosure/2026/PPLCF_PPFAS_Monthly_Portfolio_Report_July_31_2026.xlsx?07082026_2,portfolio_disclosure,,,xlsx,False,False,False,0.8,processed,{},2026-08-20 16:01:42.297696+00:00
22d18007-f1c1-461d-ab6e-9826e90817e2,c086dcf3-4a89-4ec9-a476-ed3367406b3c,0847b9dc-32e1-4bdc-8419-03c4d127d908,https://www.icicipruamc.com/sif/isif-equity-ex-top-100-long-short-fund/iSIF%20Equity%20Ex%20Top%20100%20Long-Short%20Presentation%20Final.pdf,unknown,,,pdf,True,False,False,0.7,download_failed,{},2026-08-20 17:48:17.120689+00:00
013a4556-befb-4d6e-910f-56149ceb2233,c086dcf3-4a89-4ec9-a476-ed3367406b3c,0847b9dc-32e1-4bdc-8419-03c4d127d908,https://www.icicipruamc.com/sif/downloads/Important%20Announcement_SIF.pdf,unknown,,,pdf,True,False,False,0.7,download_failed,{},2026-08-20 17:48:17.120689+00:00
3d837d96-0b77-4d7f-ad06-6f123f670dc7,c086dcf3-4a89-4ec9-a476-ed3367406b3c,0847b9dc-32e1-4bdc-8419-03c4d127d908,https://www.icicipruamc.com/banner/campaign/scheme-merger/letter-to-unitholders-surviving-scheme.pdf,unknown,,,pdf,True,False,False,0.7,download_failed,{},2026-08-20 17:48:17.120689+00:00
dfe71646-9f93-4a33-91cb-4d72cd73553e,c086dcf3-4a89-4ec9-a476-ed3367406b3c,0847b9dc-32e1-4bdc-8419-03c4d127d908,https://www.icicipruamc.com/banner/campaign/scheme-merger/letter-to-unitholders-merging-schemes.pdf,unknown,,,pdf,True,False,False,0.7,download_failed,{},2026-08-20 17:48:17.120689+00:00
0361a6b2-cdfc-4c72-9d91-959671435104,c086dcf3-4a89-4ec9-a476-ed3367406b3c,0847b9dc-32e1-4bdc-8419-03c4d127d908,https://www.icicipruamc.com/banner/campaign/scheme-merger/addendum.pdf,unknown,,,pdf,True,False,False,0.7,download_failed,{},2026-08-20 17:48:17.120689+00:00
c61968b3-7eec-4b52-b1ae-82e243506387,0e0111be-d9ac-4160-b850-b1f65169b5ab,adcb50cb-b4dc-414f-964f-3c4d4affa41e,https://amc.ppfas.com/downloads/portfolio-disclosure/2026/PPFAS_Monthly_Portfolio_Report_June_30_2026.xls?08072026_2,portfolio_disclosure,,,xls,False,False,False,0.8,processed,{},2026-08-20 16:01:42.297696+00:00
63fe2bb2-44c7-45fa-98f9-a862f38903d7,19d0b1b2-a4f5-4f5c-a54c-5fa1eb9fb36d,6aee1dbd-013a-4f15-af88-9c0acb2e5897,https://mutualfund.adityabirlacapital.com/-/media/bsl/files/tax-reckoner/ab-amc---proposed-cg-rates-as-per-finance-bill-no-2-2024.pdf,amc_provider_list,,,pdf,False,False,False,0.9,no_parser,{},2026-08-20 16:11:18.660654+00:00
8b90320a-371a-4c97-9bd2-199890f2ada3,0e0111be-d9ac-4160-b850-b1f65169b5ab,adcb50cb-b4dc-414f-964f-3c4d4affa41e,https://amc.ppfas.com/downloads/portfolio-disclosure/2026/PPFCF_PPFAS_Monthly_Portfolio_Report_June_30_2026.xlsx?08072026,portfolio_disclosure,,,xlsx,False,False,False,0.8,processed,{},2026-08-20 16:01:42.297696+00:00
2a709c41-8023-4d6c-8a17-0d645fcefa5d,0e0111be-d9ac-4160-b850-b1f65169b5ab,adcb50cb-b4dc-414f-964f-3c4d4affa41e,https://amc.ppfas.com/downloads/portfolio-disclosure/2026/PPLF_PPFAS_Monthly_Portfolio_Report_June_30_2026.xlsx?08072026_1,portfolio_disclosure,,,xlsx,False,False,False,0.8,processed,{},2026-08-20 16:01:42.297696+00:00
e776777f-7491-42c6-8185-8c3de000c56b,19d0b1b2-a4f5-4f5c-a54c-5fa1eb9fb36d,d72ace5a-935a-438a-9bdb-d2284a17da3c,https://mutualfund.adityabirlacapital.com/-/media/bsl/files/tax-reckoner/ab-amc---proposed-cg-rates-as-per-finance-bill-no-2-2024.pdf,amc_provider_list,,,pdf,False,False,False,0.7,no_parser,{},2026-08-20 16:11:22.340188+00:00
7f33b579-dd9c-497a-9f85-83043bf5447b,0e0111be-d9ac-4160-b850-b1f65169b5ab,adcb50cb-b4dc-414f-964f-3c4d4affa41e,https://amc.ppfas.com/downloads/portfolio-disclosure/2026/PPTSF_PPFAS_Monthly_Portfolio_Report_June_30_2026.xlsx?08072026,portfolio_disclosure,,,xlsx,False,False,False,0.8,processed,{},2026-08-20 16:01:42.297696+00:00
2701492a-a3b2-4e75-a0cf-4a3f67940249,0e0111be-d9ac-4160-b850-b1f65169b5ab,adcb50cb-b4dc-414f-964f-3c4d4affa41e,https://amc.ppfas.com/downloads/portfolio-disclosure/2026/PPCHF_PPFAS_Monthly_Portfolio_Report_June_30_2026.xlsx?08072026,portfolio_disclosure,,,xlsx,False,False,False,0.8,discovered,{},2026-08-20 16:01:42.297696+00:00
930ee0ed-3f1c-47c7-adc6-77571e962a70,19d0b1b2-a4f5-4f5c-a54c-5fa1eb9fb36d,3beeb31d-dc9b-4126-9785-3605cf7778bd,https://mutualfund.adityabirlacapital.com/-/media/bsl/files/tax-reckoner/ab-amc---proposed-cg-rates-as-per-finance-bill-no-2-2024.pdf,amc_provider_list,,,pdf,False,False,False,0.7,no_parser,{},2026-08-20 16:10:52.824576+00:00
52ccb33a-9654-4bde-b87a-df6c0daf3114,19d0b1b2-a4f5-4f5c-a54c-5fa1eb9fb36d,3beeb31d-dc9b-4126-9785-3605cf7778bd,https://mutualfund.adityabirlacapital.com/-/media/bsl/files/resources/factsheets/2026/absl-factsheet_aug-2026.pdf,factsheet,,,pdf,False,False,False,0.8,no_parser,{},2026-08-20 16:10:52.824576+00:00
973bb193-92bc-4f0d-9aff-9108283fff20,19d0b1b2-a4f5-4f5c-a54c-5fa1eb9fb36d,3beeb31d-dc9b-4126-9785-3605cf7778bd,https://mutualfund.adityabirlacapital.com/-/media/bsl/files/tax-reckoner/ab-amc---proposed-cg-rates-as-per-finance-bill-no-2-2024.pdf,amc_provider_list,,,pdf,False,False,False,0.7,no_parser,{},2026-08-20 16:10:52.824576+00:00
5f22b7e8-c087-4e09-b36d-36ee06a214ed,19d0b1b2-a4f5-4f5c-a54c-5fa1eb9fb36d,3beeb31d-dc9b-4126-9785-3605cf7778bd,https://mutualfund.adityabirlacapital.com/-/media/bsl/files/resources/factsheets/2026/absl-factsheet_aug-2026.pdf,factsheet,,,pdf,False,False,False,0.8,no_parser,{},2026-08-20 16:10:52.824576+00:00
7f97a0b0-81fd-4296-a1b8-fa4f148ae17f,19d0b1b2-a4f5-4f5c-a54c-5fa1eb9fb36d,ab776a58-e095-4d5e-ae51-39966727ca16,https://mutualfund.adityabirlacapital.com/-/media/bsl/files/tax-reckoner/ab-amc---proposed-cg-rates-as-per-finance-bill-no-2-2024.pdf,amc_provider_list,,,pdf,False,False,False,0.7,no_parser,{},2026-08-20 16:11:02.572836+00:00
88569679-40b4-4c33-95ab-0bf57cc8e15b,19d0b1b2-a4f5-4f5c-a54c-5fa1eb9fb36d,ab776a58-e095-4d5e-ae51-39966727ca16,https://mutualfund.adityabirlacapital.com/-/media/bsl/files/resources/factsheets/2026/absl-factsheet_aug-2026.pdf,factsheet,,,pdf,False,False,False,0.8,no_parser,{},2026-08-20 16:11:02.572836+00:00
ed0d4fbc-b1cb-4d9e-908a-c62033989e83,19d0b1b2-a4f5-4f5c-a54c-5fa1eb9fb36d,ab776a58-e095-4d5e-ae51-39966727ca16,https://mutualfund.adityabirlacapital.com/-/media/bsl/files/tax-reckoner/ab-amc---proposed-cg-rates-as-per-finance-bill-no-2-2024.pdf,amc_provider_list,,,pdf,False,False,False,0.7,no_parser,{},2026-08-20 16:11:02.572836+00:00
6317fe93-2da7-4938-a0a7-a862c1c8f95b,19d0b1b2-a4f5-4f5c-a54c-5fa1eb9fb36d,ab776a58-e095-4d5e-ae51-39966727ca16,https://mutualfund.adityabirlacapital.com/-/media/bsl/files/resources/factsheets/2026/absl-factsheet_aug-2026.pdf,factsheet,,,pdf,False,False,False,0.8,no_parser,{},2026-08-20 16:11:02.572836+00:00
7bfcab13-94b8-4e6e-b0ae-99aa1a35387e,19d0b1b2-a4f5-4f5c-a54c-5fa1eb9fb36d,d72ace5a-935a-438a-9bdb-d2284a17da3c,https://mutualfund.adityabirlacapital.com/-/media/bsl/files/resources/factsheets/2026/absl-factsheet_aug-2026.pdf,factsheet,,,pdf,False,False,False,0.8,no_parser,{},2026-08-20 16:11:22.340188+00:00
b98924fa-2644-41f5-a9a6-a6207c2ae255,19d0b1b2-a4f5-4f5c-a54c-5fa1eb9fb36d,d72ace5a-935a-438a-9bdb-d2284a17da3c,https://mutualfund.adityabirlacapital.com/-/media/bsl/files/tax-reckoner/ab-amc---proposed-cg-rates-as-per-finance-bill-no-2-2024.pdf,amc_provider_list,,,pdf,False,False,False,0.7,discovered,{},2026-08-20 16:11:22.340188+00:00
b9460b91-b7cb-4fb3-b5aa-df1715fdaccd,00eeaab7-f929-43ca-978c-3655dab15319,345ea51b-0da6-419e-a2a0-a3e5fb2b647d,https://mutualfund.adityabirlacapital.com/-/media/bsl/files/tax-reckoner/ab-amc---proposed-cg-rates-as-per-finance-bill-no-2-2024.pdf,amc_provider_list,,,pdf,False,False,False,0.7,no_parser,{},2026-08-20 16:15:25.357729+00:00
c4a837bf-9a1c-4d0f-abfc-226310617ce3,00eeaab7-f929-43ca-978c-3655dab15319,345ea51b-0da6-419e-a2a0-a3e5fb2b647d,https://mutualfund.adityabirlacapital.com/-/media/bsl/files/resources/factsheets/2026/absl-factsheet_aug-2026.pdf,factsheet,,,pdf,False,False,False,0.8,no_parser,{},2026-08-20 16:15:25.357729+00:00
ee04f4ca-fdfc-47a8-893d-34ab6ab7e140,00eeaab7-f929-43ca-978c-3655dab15319,345ea51b-0da6-419e-a2a0-a3e5fb2b647d,https://mutualfund.adityabirlacapital.com/-/media/bsl/files/tax-reckoner/ab-amc---proposed-cg-rates-as-per-finance-bill-no-2-2024.pdf,amc_provider_list,,,pdf,False,False,False,0.7,no_parser,{},2026-08-20 16:15:25.357729+00:00
f5e2746c-1929-4cf1-8511-022aaf4a83a2,00eeaab7-f929-43ca-978c-3655dab15319,345ea51b-0da6-419e-a2a0-a3e5fb2b647d,https://mutualfund.adityabirlacapital.com/-/media/bsl/files/resources/factsheets/2026/absl-factsheet_aug-2026.pdf,factsheet,,,pdf,False,False,False,0.8,no_parser,{},2026-08-20 16:15:25.357729+00:00
40d23ef9-6947-4d77-b208-a3b3b8b18b82,00eeaab7-f929-43ca-978c-3655dab15319,962b6479-e704-4607-8cae-1ad12664e1ab,https://mutualfund.adityabirlacapital.com/-/media/bsl/files/tax-reckoner/ab-amc---proposed-cg-rates-as-per-finance-bill-no-2-2024.pdf,amc_provider_list,,,pdf,False,False,False,0.7,no_parser,{},2026-08-20 16:15:35.293299+00:00
22c2c8f1-3ed8-473e-8604-df7993408323,00eeaab7-f929-43ca-978c-3655dab15319,962b6479-e704-4607-8cae-1ad12664e1ab,https://mutualfund.adityabirlacapital.com/-/media/bsl/files/resources/factsheets/2026/absl-factsheet_aug-2026.pdf,factsheet,,,pdf,False,False,False,0.8,no_parser,{},2026-08-20 16:15:35.293299+00:00
3b70c8cf-de36-4a58-856a-496982d26a63,00eeaab7-f929-43ca-978c-3655dab15319,962b6479-e704-4607-8cae-1ad12664e1ab,https://mutualfund.adityabirlacapital.com/-/media/bsl/files/tax-reckoner/ab-amc---proposed-cg-rates-as-per-finance-bill-no-2-2024.pdf,amc_provider_list,,,pdf,False,False,False,0.7,no_parser,{},2026-08-20 16:15:35.293299+00:00
41708458-1bc6-4de3-8999-b6850b9da2cb,00eeaab7-f929-43ca-978c-3655dab15319,962b6479-e704-4607-8cae-1ad12664e1ab,https://mutualfund.adityabirlacapital.com/-/media/bsl/files/resources/factsheets/2026/absl-factsheet_aug-2026.pdf,factsheet,,,pdf,False,False,False,0.8,no_parser,{},2026-08-20 16:15:35.293299+00:00
dc5aa9d9-019e-4f91-9254-6e4a25a7fcd1,00eeaab7-f929-43ca-978c-3655dab15319,bfcf09c1-5d17-49eb-9c5c-81bc12ee6113,https://mutualfund.adityabirlacapital.com/-/media/bsl/files/tax-reckoner/ab-amc---proposed-cg-rates-as-per-finance-bill-no-2-2024.pdf,amc_provider_list,,,pdf,False,False,False,0.9,no_parser,{},2026-08-20 16:15:50.726201+00:00
caec8d3f-57eb-4f41-acc4-fad964ae7298,00eeaab7-f929-43ca-978c-3655dab15319,b29b4678-cfdc-4002-8b51-3a2df9f49ce2,https://mutualfund.adityabirlacapital.com/-/media/bsl/files/tax-reckoner/ab-amc---proposed-cg-rates-as-per-finance-bill-no-2-2024.pdf,amc_provider_list,,,pdf,False,False,False,0.7,no_parser,{},2026-08-20 16:15:54.169150+00:00
f6ab7beb-841b-4701-9a81-fc67324e3ca6,c086dcf3-4a89-4ec9-a476-ed3367406b3c,0847b9dc-32e1-4bdc-8419-03c4d127d908,https://www.icicipruamc.com/banner/campaign/scheme-merger/consent-form.pdf,unknown,,,pdf,True,False,False,0.7,download_failed,{},2026-08-20 17:48:17.120689+00:00
4115b266-acd5-4ddb-8f99-16a88047e54f,00eeaab7-f929-43ca-978c-3655dab15319,b29b4678-cfdc-4002-8b51-3a2df9f49ce2,https://mutualfund.adityabirlacapital.com/-/media/bsl/files/resources/factsheets/2026/absl-factsheet_aug-2026.pdf,factsheet,,,pdf,False,False,False,0.8,no_parser,{},2026-08-20 16:15:54.169150+00:00
631142fc-887b-47d8-b9eb-22af79572932,00eeaab7-f929-43ca-978c-3655dab15319,b29b4678-cfdc-4002-8b51-3a2df9f49ce2,https://mutualfund.adityabirlacapital.com/-/media/bsl/files/tax-reckoner/ab-amc---proposed-cg-rates-as-per-finance-bill-no-2-2024.pdf,amc_provider_list,,,pdf,False,False,False,0.7,discovered,{},2026-08-20 16:15:54.169150+00:00
07876255-ebe3-4be8-bc09-610af1fb04f2,b460c25d-fe5a-4324-b1da-e8eb5d3a7697,70aeebd6-f242-41d7-ac6c-2608b1cf66f6,https://dq4nytsa795t1.cloudfront.net/keys/sdk_test.txt,unknown,,,txt,True,False,False,0.7,no_parser,{},2026-08-20 16:19:21.404102+00:00
4da6f464-1a83-4e2c-9509-9d1c556254d6,b460c25d-fe5a-4324-b1da-e8eb5d3a7697,70aeebd6-f242-41d7-ac6c-2608b1cf66f6,https://www.icicipruamc.com/fund-details/fund-documents/methodology/index-linked-products-methodology-1886.pdf,unknown,,,pdf,True,False,False,0.7,download_failed,{},2026-08-20 16:19:21.404102+00:00
5226b5f9-90da-46db-afa5-cd4435fadc43,b460c25d-fe5a-4324-b1da-e8eb5d3a7697,70aeebd6-f242-41d7-ac6c-2608b1cf66f6,https://www.icicipruamc.com/fund-details/fund-documents/historical/CRISIL-IBX AAA Bond Financial Services Index – Dec 2026-1886.xlsx,unknown,,,xlsx,True,False,False,0.7,download_failed,{},2026-08-20 16:19:21.404102+00:00
53ae0208-ca85-4e2e-ac4c-bfe55ff1137e,b460c25d-fe5a-4324-b1da-e8eb5d3a7697,70aeebd6-f242-41d7-ac6c-2608b1cf66f6,https://www.icicipruamc.com/fund-details/fund-documents/methodology/Method_NIFTY_Fixed_Income_Indices-1853.pdf,unknown,,,pdf,True,False,False,0.7,download_failed,{},2026-08-20 16:19:21.404102+00:00
156b78bd-187f-482f-9628-75ed949ec311,b460c25d-fe5a-4324-b1da-e8eb5d3a7697,70aeebd6-f242-41d7-ac6c-2608b1cf66f6,https://www.icicipruamc.com/fund-details/fund-documents/historical/Nifty-G-Sec-Dec-2030-Index-Historical-Data-1853.xlsx,unknown,,,xlsx,True,False,False,0.7,download_failed,{},2026-08-20 16:19:21.404102+00:00
812666a5-6b86-4f20-a496-186b2b4e6b73,b460c25d-fe5a-4324-b1da-e8eb5d3a7697,70aeebd6-f242-41d7-ac6c-2608b1cf66f6,https://www.icicipruamc.com/fund-details/fund-documents/methodology/Method_NIFTY_Fixed_Income_Indices-1864.pdf,unknown,,,pdf,True,False,False,0.7,download_failed,{},2026-08-20 16:19:21.404102+00:00
3f7ca2f7-ee42-43e3-9518-6dae783dd980,b460c25d-fe5a-4324-b1da-e8eb5d3a7697,70aeebd6-f242-41d7-ac6c-2608b1cf66f6,https://www.icicipruamc.com/fund-details/fund-documents/historical/Inclusion-Exclusion-report - Nifty SDL Sep 2026 Index Fund-1864.xlsx,unknown,,,xlsx,True,False,False,0.7,download_failed,{},2026-08-20 16:19:21.404102+00:00
81f75eb9-3617-4994-a50e-c1f363769eb8,b460c25d-fe5a-4324-b1da-e8eb5d3a7697,70aeebd6-f242-41d7-ac6c-2608b1cf66f6,https://www.icicipruamc.com/fund-details/fund-documents/methodology/Method_NIFTY_Fixed_Income_Indices-1842.pdf,unknown,,,pdf,True,False,False,0.7,download_failed,{},2026-08-20 16:19:21.404102+00:00
5e43d6e4-cfb5-48cc-87b9-c03ff0fdfcd5,b460c25d-fe5a-4324-b1da-e8eb5d3a7697,70aeebd6-f242-41d7-ac6c-2608b1cf66f6,https://www.icicipruamc.com/fund-details/fund-documents/historical/nifty-sdl-sep-2027-index-1842.xlsx,unknown,,,xlsx,True,False,False,0.7,download_failed,{},2026-08-20 16:19:21.404102+00:00
a9813308-af49-4c8c-98fc-fbb03406283f,b460c25d-fe5a-4324-b1da-e8eb5d3a7697,70aeebd6-f242-41d7-ac6c-2608b1cf66f6,https://www.icicipruamc.com/fund-details/fund-documents/methodology/Method_NIFTY_Fixed_Income_Indices-1852.pdf,unknown,,,pdf,True,False,False,0.7,download_failed,{},2026-08-20 16:19:21.404102+00:00
a7fe6da4-899f-4e36-90f7-9d25a7ca4ce7,b460c25d-fe5a-4324-b1da-e8eb5d3a7697,70aeebd6-f242-41d7-ac6c-2608b1cf66f6,https://www.icicipruamc.com/fund-details/fund-documents/historical/Nifty-SDL-Dec-2028-Index-Historical-Data-1852.xlsx,unknown,,,xlsx,True,False,False,0.7,download_failed,{},2026-08-20 16:19:21.404102+00:00
912129e8-c995-48af-8924-13b2aff62c10,b460c25d-fe5a-4324-b1da-e8eb5d3a7697,70aeebd6-f242-41d7-ac6c-2608b1cf66f6,https://www.icicipruamc.com/fund-details/fund-documents/methodology/Method_NIFTY_Fixed_Income_Indices-1825.pdf,unknown,,,pdf,True,False,False,0.7,download_failed,{},2026-08-20 16:19:21.404102+00:00
0314e3f0-ed26-41f3-ad76-8056ad23d891,b460c25d-fe5a-4324-b1da-e8eb5d3a7697,70aeebd6-f242-41d7-ac6c-2608b1cf66f6,https://www.icicipruamc.com/fund-details/fund-documents/historical/nifty-psu-bond-plus-sdl-sep-2027-40-60-index-1825.xlsx,unknown,,,xlsx,True,False,False,0.7,download_failed,{},2026-08-20 16:19:21.404102+00:00
b4501754-434e-425a-b161-f911efbc20f0,b460c25d-fe5a-4324-b1da-e8eb5d3a7697,70aeebd6-f242-41d7-ac6c-2608b1cf66f6,https://www.icicipruamc.com/fund-details/fund-documents/methodology/CRISIL-IBX_Financial_Services_3-6_Months_Debt_Index-1888.xlsx,unknown,,,xlsx,True,False,False,0.7,download_failed,{},2026-08-20 16:19:21.404102+00:00
aa21d4e7-888c-40e7-bc43-fdd2206b3fee,b460c25d-fe5a-4324-b1da-e8eb5d3a7697,70aeebd6-f242-41d7-ac6c-2608b1cf66f6,https://www.icicipruamc.com/fund-details/fund-documents/historical/CRISIL-IBX_Financial_Services_3-6_Months_Debt_Index-1888.xlsx,unknown,,,xlsx,True,False,False,0.7,download_failed,{},2026-08-20 16:19:21.404102+00:00
20c29ec3-458d-4958-a7fc-2559a233f6ec,c086dcf3-4a89-4ec9-a476-ed3367406b3c,0847b9dc-32e1-4bdc-8419-03c4d127d908,https://www.icicipruamc.com/pressrelease/Press Release_ICICI Prudential Value Fund completes 22 years.pdf,unknown,,,pdf,True,False,False,0.7,download_failed,{},2026-08-20 17:48:17.120689+00:00
2c70689f-b672-4b5c-a9f0-28e9405fcc6a,c086dcf3-4a89-4ec9-a476-ed3367406b3c,0847b9dc-32e1-4bdc-8419-03c4d127d908,https://www.icicipruamc.com/pressrelease/Press Release_ICICI Prudential BSE Insurance ETF.pdf,unknown,,,pdf,True,False,False,0.7,download_failed,{},2026-08-20 17:48:17.120689+00:00
bbee547a-2006-47e1-8fe0-03f1383e8ea9,c086dcf3-4a89-4ec9-a476-ed3367406b3c,0847b9dc-32e1-4bdc-8419-03c4d127d908,https://www.icicipruamc.com/pressrelease/ICICI Prudential Flexicap Fund completes five years.pdf,unknown,,,pdf,True,False,False,0.7,download_failed,{},2026-08-20 17:48:17.120689+00:00
1f66cccb-533a-48c1-8bf4-e68cf0c4e85b,c086dcf3-4a89-4ec9-a476-ed3367406b3c,0847b9dc-32e1-4bdc-8419-03c4d127d908,https://www.icicipruamc.com/pressrelease/Press Release_ICICI Prudential Balanced Hybrid Fund.pdf,unknown,,,pdf,True,False,False,0.7,download_failed,{},2026-08-20 17:48:17.120689+00:00
8be4cbf5-75eb-4274-b078-ed5ca2276f90,c086dcf3-4a89-4ec9-a476-ed3367406b3c,0847b9dc-32e1-4bdc-8419-03c4d127d908,https://www.icicipruamc.com/pressrelease/Press Release_ ICICI Prudential Multi-Asset Active FOF.pdf,unknown,,,pdf,True,False,False,0.7,download_failed,{},2026-08-20 17:48:17.120689+00:00
340209d2-c818-4cb1-a6d6-1b6b7cbee1f6,c086dcf3-4a89-4ec9-a476-ed3367406b3c,0847b9dc-32e1-4bdc-8419-03c4d127d908,https://www.icicipruamc.com/pressrelease/Press Release - Nifty Smallcap 250 ETF.pdf,unknown,,,pdf,True,False,False,0.7,download_failed,{},2026-08-20 17:48:17.120689+00:00
9db8f2c4-8c63-4c77-9372-1c6239b60fca,c086dcf3-4a89-4ec9-a476-ed3367406b3c,0847b9dc-32e1-4bdc-8419-03c4d127d908,https://www.icicipruamc.com/pressrelease/Press%20release%20-%20NAV%20Publication.pdf,unknown,,,pdf,True,False,False,0.7,download_failed,{},2026-08-20 17:48:17.120689+00:00
90531d06-9883-47e0-a074-8d8c5c1b9c28,c086dcf3-4a89-4ec9-a476-ed3367406b3c,0847b9dc-32e1-4bdc-8419-03c4d127d908,https://www.icicipruamc.com/pressrelease/Press%20release%20-Notice%20to%20the%20unit-holders%20of%20ICICI%20Prudential%20Mutual%20Fund.pdf,unknown,,,pdf,True,False,False,0.7,download_failed,{},2026-08-20 17:48:17.120689+00:00
427d678d-507c-4b31-ab69-6509fc59ef9e,b460c25d-fe5a-4324-b1da-e8eb5d3a7697,70aeebd6-f242-41d7-ac6c-2608b1cf66f6,https://www.icicipruamc.com/sif/isif-equity-ex-top-100-long-short-fund/iSIF%20Equity%20Ex%20Top%20100%20Long-Short%20Presentation%20Final.pdf,unknown,,,pdf,True,False,False,0.7,download_failed,{},2026-08-20 16:19:21.404102+00:00
6a08111d-a91f-4c20-b3d3-a7e2892651f8,b460c25d-fe5a-4324-b1da-e8eb5d3a7697,70aeebd6-f242-41d7-ac6c-2608b1cf66f6,https://www.icicipruamc.com/sif/downloads/Important%20Announcement_SIF.pdf,unknown,,,pdf,True,False,False,0.7,download_failed,{},2026-08-20 16:19:21.404102+00:00
20ef29c7-4ca5-4351-b3ea-ed771bf855e7,b460c25d-fe5a-4324-b1da-e8eb5d3a7697,70aeebd6-f242-41d7-ac6c-2608b1cf66f6,https://www.icicipruamc.com/banner/campaign/scheme-merger/letter-to-unitholders-surviving-scheme.pdf,unknown,,,pdf,True,False,False,0.7,download_failed,{},2026-08-20 16:19:21.404102+00:00
ae3bcd07-95cc-4cd8-9399-fb64874af44a,b460c25d-fe5a-4324-b1da-e8eb5d3a7697,70aeebd6-f242-41d7-ac6c-2608b1cf66f6,https://www.icicipruamc.com/banner/campaign/scheme-merger/letter-to-unitholders-merging-schemes.pdf,unknown,,,pdf,True,False,False,0.7,download_failed,{},2026-08-20 16:19:21.404102+00:00
81c22596-70ce-46b2-ba43-0b0ac4f4721f,b460c25d-fe5a-4324-b1da-e8eb5d3a7697,70aeebd6-f242-41d7-ac6c-2608b1cf66f6,https://www.icicipruamc.com/banner/campaign/scheme-merger/addendum.pdf,unknown,,,pdf,True,False,False,0.7,download_failed,{},2026-08-20 16:19:21.404102+00:00
25f859b1-95c8-42c0-a14c-872bdd1b2441,b460c25d-fe5a-4324-b1da-e8eb5d3a7697,70aeebd6-f242-41d7-ac6c-2608b1cf66f6,https://www.icicipruamc.com/banner/campaign/scheme-merger/consent-form.pdf,unknown,,,pdf,True,False,False,0.7,download_failed,{},2026-08-20 16:19:21.404102+00:00
d139cef7-fb52-4f67-8eb7-9be7bd743f21,b460c25d-fe5a-4324-b1da-e8eb5d3a7697,70aeebd6-f242-41d7-ac6c-2608b1cf66f6,https://www.icicipruamc.com/downloads/Files/Fortnightly Portfolio Disclosures/2026/Fortnightly Debt Scheme Portfolio - 15th August 2026.zip,unknown,,,zip,True,False,False,0.7,download_failed,{},2026-08-20 16:19:21.404102+00:00
fbfe39a1-9e83-4375-924c-c0212f8adc0e,b460c25d-fe5a-4324-b1da-e8eb5d3a7697,70aeebd6-f242-41d7-ac6c-2608b1cf66f6,https://www.icicipruamc.com/downloads/Files/Fortnightly Portfolio Disclosures/2026/Fortnightly Debt Scheme Portfolio - 31st July 2026.zip,unknown,,,zip,True,False,False,0.7,download_failed,{},2026-08-20 16:19:21.404102+00:00
0ebfcffb-eb5b-4e3b-ab40-40887812d52f,b460c25d-fe5a-4324-b1da-e8eb5d3a7697,70aeebd6-f242-41d7-ac6c-2608b1cf66f6,https://www.icicipruamc.com/downloads/Files/Fortnightly Portfolio Disclosures/2026/Fortnightly Debt Scheme Portfolio - 15th July 2026.zip,unknown,,,zip,True,False,False,0.7,download_failed,{},2026-08-20 16:19:21.404102+00:00
1dab17c8-c3aa-4502-acf5-9a5347b38d05,b460c25d-fe5a-4324-b1da-e8eb5d3a7697,70aeebd6-f242-41d7-ac6c-2608b1cf66f6,https://www.icicipruamc.com/downloads/Files/Fortnightly Portfolio Disclosures/2026/Fortnightly Debt Scheme Portfolio - 30th June 2026.zip,unknown,,,zip,True,False,False,0.7,download_failed,{},2026-08-20 16:19:21.404102+00:00
54f1f305-3416-4e70-8146-b51f42d798b9,b460c25d-fe5a-4324-b1da-e8eb5d3a7697,70aeebd6-f242-41d7-ac6c-2608b1cf66f6,https://www.icicipruamc.com/downloads/Files/Fortnightly Portfolio Disclosures/2026/Fortnightly Debt Scheme Portfolio - 15th June 2026.zip,unknown,,,zip,True,False,False,0.7,download_failed,{},2026-08-20 16:19:21.404102+00:00
0c1f85b5-cafe-4e3c-aa30-76d2c3d8acf3,b460c25d-fe5a-4324-b1da-e8eb5d3a7697,70aeebd6-f242-41d7-ac6c-2608b1cf66f6,https://www.icicipruamc.com/downloads/Files/Fortnightly Portfolio Disclosures/2026/Fortnightly Debt Scheme Portfolio - 31st May 2026.zip,unknown,,,zip,True,False,False,0.7,download_failed,{},2026-08-20 16:19:21.404102+00:00
1abfee93-516e-4671-b013-96254bb2aaff,b460c25d-fe5a-4324-b1da-e8eb5d3a7697,70aeebd6-f242-41d7-ac6c-2608b1cf66f6,https://www.icicipruamc.com/downloads/Files/Fortnightly Portfolio Disclosures/2026/Fortnightly Debt Scheme Portfolio - 15th May 2026.zip,unknown,,,zip,True,False,False,0.7,download_failed,{},2026-08-20 16:19:21.404102+00:00
c0e8de99-6eda-4e93-af8d-584863eaab49,b460c25d-fe5a-4324-b1da-e8eb5d3a7697,70aeebd6-f242-41d7-ac6c-2608b1cf66f6,https://www.icicipruamc.com/downloads/Files/Fortnightly Portfolio Disclosures/2026/Fortnightly Debt Scheme Portfolio - 30th April 2026.zip,unknown,,,zip,True,False,False,0.7,download_failed,{},2026-08-20 16:19:21.404102+00:00
bc72279c-efac-45c6-b7ee-d5d7b1d887b3,b460c25d-fe5a-4324-b1da-e8eb5d3a7697,70aeebd6-f242-41d7-ac6c-2608b1cf66f6,https://www.icicipruamc.com/downloads/Files/Fortnightly Portfolio Disclosures/2026/Fortnightly Debt Scheme Portfolio - 15th April 2026.zip,unknown,,,zip,True,False,False,0.7,download_failed,{},2026-08-20 16:19:21.404102+00:00
8021ab0e-5bde-40c8-bbe0-dce4b72d997b,c086dcf3-4a89-4ec9-a476-ed3367406b3c,0847b9dc-32e1-4bdc-8419-03c4d127d908,https://www.icicipruamc.com/pressrelease/Press Release_ICICI Prudential Diversified Equity All Cap Active FOF NFO.pdf,unknown,,,pdf,True,False,False,0.7,download_failed,{},2026-08-20 17:48:17.120689+00:00
eaffafc4-1b26-43c2-92f2-d4dcc3603aa5,c086dcf3-4a89-4ec9-a476-ed3367406b3c,0847b9dc-32e1-4bdc-8419-03c4d127d908,https://www.icicipruamc.com/pressrelease/Press Release_ICICI Prudential India Opportunities Fund completes 7 years.pdf,unknown,,,pdf,True,False,False,0.7,download_failed,{},2026-08-20 17:48:17.120689+00:00
4373666d-5746-4493-9a0e-cebe4f8132c8,c086dcf3-4a89-4ec9-a476-ed3367406b3c,0847b9dc-32e1-4bdc-8419-03c4d127d908,https://www.icicipruamc.com/pressrelease/Press Release_ICICI Prudential Conglomerate Fund NFO.pdf,unknown,,,pdf,True,False,False,0.7,download_failed,{},2026-08-20 17:48:17.120689+00:00
d11ac8ad-3205-4fc2-ae2b-7c81380ac2b2,c086dcf3-4a89-4ec9-a476-ed3367406b3c,0847b9dc-32e1-4bdc-8419-03c4d127d908,https://www.icicipruamc.com/pressrelease/Press Release_ICICI Prudential Business Cycle Fund completes Five Years.pdf,unknown,,,pdf,True,False,False,0.7,download_failed,{},2026-08-20 17:48:17.120689+00:00
f253412d-4a20-4461-8555-1de302aae353,c086dcf3-4a89-4ec9-a476-ed3367406b3c,0847b9dc-32e1-4bdc-8419-03c4d127d908,https://www.icicipruamc.com/announcements/ICICI_014_Fortnightly portfolio Notice_19 August 2026.pdf,unknown,,,pdf,True,False,False,0.7,download_failed,{},2026-08-20 17:48:17.120689+00:00
9ac2a1eb-50be-40b5-a51a-420e34aa0f4c,c086dcf3-4a89-4ec9-a476-ed3367406b3c,0847b9dc-32e1-4bdc-8419-03c4d127d908,https://www.icicipruamc.com/announcements/ICICI_013_Addendum final_19 August 2026.pdf,unknown,,,pdf,True,False,False,0.7,download_failed,{},2026-08-20 17:48:17.120689+00:00
28dfab14-a82d-49c5-be02-f10e98fedee1,c086dcf3-4a89-4ec9-a476-ed3367406b3c,0847b9dc-32e1-4bdc-8419-03c4d127d908,https://www.icicipruamc.com/announcements/ICICI_012_Change in address of OPAT AMC Chennai_17 August 2026.pdf,unknown,,,pdf,True,False,False,0.7,download_failed,{},2026-08-20 17:48:17.120689+00:00
4cea2431-44b8-41df-a607-09d4be79118f,c086dcf3-4a89-4ec9-a476-ed3367406b3c,0847b9dc-32e1-4bdc-8419-03c4d127d908,https://www.icicipruamc.com/announcements/ICICI_011_Notice-cum-addendum_12 August 2026.pdf,unknown,,,pdf,True,False,False,0.7,download_failed,{},2026-08-20 17:48:17.120689+00:00
8d55ae58-ca67-4e45-8497-4f5f8687e9ff,b460c25d-fe5a-4324-b1da-e8eb5d3a7697,70aeebd6-f242-41d7-ac6c-2608b1cf66f6,https://www.icicipruamc.com/downloads/Files/Fortnightly Portfolio Disclosures/2026/Fortnightly Debt Scheme Portfolio - 31st March 2026.zip,unknown,,,zip,True,False,False,0.7,download_failed,{},2026-08-20 16:19:21.404102+00:00
fcad6687-e174-4029-8ecb-bd31b6bb02c1,b460c25d-fe5a-4324-b1da-e8eb5d3a7697,70aeebd6-f242-41d7-ac6c-2608b1cf66f6,https://www.icicipruamc.com/downloads/Files/Fortnightly Portfolio Disclosures/2026/Fortnightly Debt Scheme Portfolio - 15th March 2026.zip,unknown,,,zip,True,False,False,0.7,download_failed,{},2026-08-20 16:19:21.404102+00:00
e1d88acf-84c0-4c25-b8bd-478c3ade627d,b460c25d-fe5a-4324-b1da-e8eb5d3a7697,70aeebd6-f242-41d7-ac6c-2608b1cf66f6,https://www.icicipruamc.com/downloads/Files/Fortnightly Portfolio Disclosures/2026/Fortnightly Debt Scheme Portfolio - 28th February 2026.zip,unknown,,,zip,True,False,False,0.7,download_failed,{},2026-08-20 16:19:21.404102+00:00
af778175-b947-44a9-85aa-f732e8e33275,b460c25d-fe5a-4324-b1da-e8eb5d3a7697,70aeebd6-f242-41d7-ac6c-2608b1cf66f6,https://www.icicipruamc.com/downloads/Files/Fortnightly Portfolio Disclosures/2026/Fortnightly Debt Scheme Portfolio - 15th February 2026.zip,unknown,,,zip,True,False,False,0.7,download_failed,{},2026-08-20 16:19:21.404102+00:00
0ef0d514-d941-4aee-8794-fce31f732b50,b460c25d-fe5a-4324-b1da-e8eb5d3a7697,70aeebd6-f242-41d7-ac6c-2608b1cf66f6,https://www.icicipruamc.com/downloads/Files/Fortnightly Portfolio Disclosures/2026/Fortnightly Debt Scheme Portfolio - 31st January 2026.zip,unknown,,,zip,True,False,False,0.7,download_failed,{},2026-08-20 16:19:21.404102+00:00
a721a768-48c3-4921-98c9-4c784889d672,b460c25d-fe5a-4324-b1da-e8eb5d3a7697,70aeebd6-f242-41d7-ac6c-2608b1cf66f6,https://www.icicipruamc.com/downloads/Files/Fortnightly Portfolio Disclosures/2026/Fortnightly Debt Scheme Portfolio - 15th January 2026.zip,unknown,,,zip,True,False,False,0.7,download_failed,{},2026-08-20 16:19:21.404102+00:00
f3a53fee-1e57-4d17-af7b-a9883fc099ec,b460c25d-fe5a-4324-b1da-e8eb5d3a7697,70aeebd6-f242-41d7-ac6c-2608b1cf66f6,https://www.icicipruamc.com/downloads/Files/Fortnightly Portfolio Disclosures/2025/Fortnightly Debt Scheme Portfolio - 31st December 2025.zip,unknown,,,zip,True,False,False,0.7,download_failed,{},2026-08-20 16:19:21.404102+00:00
3d7f5cc8-6132-4d9b-8c8e-e95aa007577c,b460c25d-fe5a-4324-b1da-e8eb5d3a7697,70aeebd6-f242-41d7-ac6c-2608b1cf66f6,https://www.icicipruamc.com/downloads/Files/Fortnightly Portfolio Disclosures/2025/Fortnightly Debt Scheme Portfolio - 15th December 2025.zip,unknown,,,zip,True,False,False,0.7,download_failed,{},2026-08-20 16:19:21.404102+00:00
6bac1a9f-962a-494e-8b12-246ec767ed66,b460c25d-fe5a-4324-b1da-e8eb5d3a7697,70aeebd6-f242-41d7-ac6c-2608b1cf66f6,https://www.icicipruamc.com/downloads/Files/Fortnightly Portfolio Disclosures/2025/Fortnightly Debt Scheme Portfolio - 30th November 2025.zip,unknown,,,zip,True,False,False,0.7,download_failed,{},2026-08-20 16:19:21.404102+00:00
d0910991-14c3-43e1-b26f-cc8bd430ceea,b460c25d-fe5a-4324-b1da-e8eb5d3a7697,70aeebd6-f242-41d7-ac6c-2608b1cf66f6,https://www.icicipruamc.com/downloads/Files/Fortnightly Portfolio Disclosures/2025/Fortnightly Debt Scheme Portfolio - 15th November 2025.zip,unknown,,,zip,True,False,False,0.7,download_failed,{},2026-08-20 16:19:21.404102+00:00
400e4358-7548-4b0e-80a9-2239a1b51b66,b460c25d-fe5a-4324-b1da-e8eb5d3a7697,70aeebd6-f242-41d7-ac6c-2608b1cf66f6,https://www.icicipruamc.com/downloads/Files/Fortnightly Portfolio Disclosures/2025/Fortnightly Debt Scheme Portfolio - 31st October 2025.zip,unknown,,,zip,True,False,False,0.7,download_failed,{},2026-08-20 16:19:21.404102+00:00
025882ec-07d8-4495-9758-d51ccafc6cc3,b460c25d-fe5a-4324-b1da-e8eb5d3a7697,76f40a81-468a-4ed3-99be-8b251040c851,https://dq4nytsa795t1.cloudfront.net/keys/sdk_test.txt,unknown,,,txt,True,False,False,0.7,no_parser,{},2026-08-20 16:20:47.432194+00:00
fb9cd723-bdc7-4e0c-88b4-35b93f5fbbbe,b460c25d-fe5a-4324-b1da-e8eb5d3a7697,76f40a81-468a-4ed3-99be-8b251040c851,https://www.icicipruamc.com/fund-details/fund-documents/methodology/index-linked-products-methodology-1886.pdf,unknown,,,pdf,True,False,False,0.7,download_failed,{},2026-08-20 16:20:47.432194+00:00
f1252ff3-4bd7-4cf7-a15b-641b873e3dfd,b460c25d-fe5a-4324-b1da-e8eb5d3a7697,76f40a81-468a-4ed3-99be-8b251040c851,https://www.icicipruamc.com/fund-details/fund-documents/historical/CRISIL-IBX AAA Bond Financial Services Index – Dec 2026-1886.xlsx,unknown,,,xlsx,True,False,False,0.7,download_failed,{},2026-08-20 16:20:47.432194+00:00
f039fe40-5b91-4c01-a5bb-d7b4651a76ef,b460c25d-fe5a-4324-b1da-e8eb5d3a7697,76f40a81-468a-4ed3-99be-8b251040c851,https://www.icicipruamc.com/fund-details/fund-documents/methodology/Method_NIFTY_Fixed_Income_Indices-1853.pdf,unknown,,,pdf,True,False,False,0.7,download_failed,{},2026-08-20 16:20:47.432194+00:00
ec7fa74d-931a-4282-8f17-e4336b472b3e,b460c25d-fe5a-4324-b1da-e8eb5d3a7697,76f40a81-468a-4ed3-99be-8b251040c851,https://www.icicipruamc.com/fund-details/fund-documents/historical/Nifty-G-Sec-Dec-2030-Index-Historical-Data-1853.xlsx,unknown,,,xlsx,True,False,False,0.7,download_failed,{},2026-08-20 16:20:47.432194+00:00
4dc46bbd-c321-446c-8c9e-64110c038a73,b460c25d-fe5a-4324-b1da-e8eb5d3a7697,76f40a81-468a-4ed3-99be-8b251040c851,https://www.icicipruamc.com/fund-details/fund-documents/methodology/Method_NIFTY_Fixed_Income_Indices-1864.pdf,unknown,,,pdf,True,False,False,0.7,download_failed,{},2026-08-20 16:20:47.432194+00:00
e51f184d-8663-4914-8649-29e283c046b9,b460c25d-fe5a-4324-b1da-e8eb5d3a7697,76f40a81-468a-4ed3-99be-8b251040c851,https://www.icicipruamc.com/fund-details/fund-documents/historical/Inclusion-Exclusion-report - Nifty SDL Sep 2026 Index Fund-1864.xlsx,unknown,,,xlsx,True,False,False,0.7,download_failed,{},2026-08-20 16:20:47.432194+00:00
795dcf7b-293c-4476-931b-91a6fee8aa8c,b460c25d-fe5a-4324-b1da-e8eb5d3a7697,76f40a81-468a-4ed3-99be-8b251040c851,https://www.icicipruamc.com/fund-details/fund-documents/methodology/Method_NIFTY_Fixed_Income_Indices-1842.pdf,unknown,,,pdf,True,False,False,0.7,download_failed,{},2026-08-20 16:20:47.432194+00:00
9d9713ee-5f52-4c02-800a-37b626ef5d2d,b460c25d-fe5a-4324-b1da-e8eb5d3a7697,76f40a81-468a-4ed3-99be-8b251040c851,https://www.icicipruamc.com/fund-details/fund-documents/historical/nifty-sdl-sep-2027-index-1842.xlsx,unknown,,,xlsx,True,False,False,0.7,download_failed,{},2026-08-20 16:20:47.432194+00:00
c7f694ad-3b06-45d4-be29-54d486f1f80e,b460c25d-fe5a-4324-b1da-e8eb5d3a7697,76f40a81-468a-4ed3-99be-8b251040c851,https://www.icicipruamc.com/fund-details/fund-documents/methodology/Method_NIFTY_Fixed_Income_Indices-1852.pdf,unknown,,,pdf,True,False,False,0.7,download_failed,{},2026-08-20 16:20:47.432194+00:00
972801bc-8f24-4e76-98ec-c4d984453db5,c086dcf3-4a89-4ec9-a476-ed3367406b3c,0847b9dc-32e1-4bdc-8419-03c4d127d908,https://www.icicipruamc.com/announcements/ICICI_009_Monthly portfolio Notice_10 August 2026.pdf,unknown,,,pdf,True,False,False,0.7,download_failed,{},2026-08-20 17:48:17.120689+00:00
8e48090b-c72b-4f11-b019-e8858f97da4f,c086dcf3-4a89-4ec9-a476-ed3367406b3c,0847b9dc-32e1-4bdc-8419-03c4d127d908,https://www.icicipruamc.com/announcements/ICICI_010_Benchmark Riskometer Addendum_10 August 2026.pdf,unknown,,,pdf,True,False,False,0.7,download_failed,{},2026-08-20 17:48:17.120689+00:00
17d76107-c722-49e6-b2d0-6f4b3b5910d1,c086dcf3-4a89-4ec9-a476-ed3367406b3c,0847b9dc-32e1-4bdc-8419-03c4d127d908,https://www.icicipruamc.com/announcements/ICICI_006_Notice - cum- addendum_6 August 2026.pdf,unknown,,,pdf,True,False,False,0.7,download_failed,{},2026-08-20 17:48:17.120689+00:00
e0d78020-daf7-4389-ae06-897cecff232a,c086dcf3-4a89-4ec9-a476-ed3367406b3c,0847b9dc-32e1-4bdc-8419-03c4d127d908,https://www.icicipruamc.com/announcements/ICICI_007_MF Riskometer Addendum_7 August 2026.pdf,unknown,,,pdf,True,False,False,0.7,download_failed,{},2026-08-20 17:48:17.120689+00:00
810fcf81-1ce7-4dce-bf60-daa0f792065f,c086dcf3-4a89-4ec9-a476-ed3367406b3c,0847b9dc-32e1-4bdc-8419-03c4d127d908,https://www.icicipruamc.com/announcements/ICICI_004_Fortnightly portfolio Notice_5 August 2026.pdf,unknown,,,pdf,True,False,False,0.7,download_failed,{},2026-08-20 17:48:17.120689+00:00
5ecf0bf7-0468-488e-be36-6fe6bfdc6521,b460c25d-fe5a-4324-b1da-e8eb5d3a7697,76f40a81-468a-4ed3-99be-8b251040c851,https://www.icicipruamc.com/fund-details/fund-documents/historical/Nifty-SDL-Dec-2028-Index-Historical-Data-1852.xlsx,unknown,,,xlsx,True,False,False,0.7,download_failed,{},2026-08-20 16:20:47.432194+00:00
ee2e59bc-d7d7-4bbb-8278-66633cd1dddc,b460c25d-fe5a-4324-b1da-e8eb5d3a7697,76f40a81-468a-4ed3-99be-8b251040c851,https://www.icicipruamc.com/fund-details/fund-documents/methodology/Method_NIFTY_Fixed_Income_Indices-1825.pdf,unknown,,,pdf,True,False,False,0.7,download_failed,{},2026-08-20 16:20:47.432194+00:00
a044c53e-e887-4f74-b4b5-ac72f2b368ec,b460c25d-fe5a-4324-b1da-e8eb5d3a7697,76f40a81-468a-4ed3-99be-8b251040c851,https://www.icicipruamc.com/fund-details/fund-documents/historical/nifty-psu-bond-plus-sdl-sep-2027-40-60-index-1825.xlsx,unknown,,,xlsx,True,False,False,0.7,download_failed,{},2026-08-20 16:20:47.432194+00:00
9a54977e-e030-4996-9e07-ddf5910cacd9,b460c25d-fe5a-4324-b1da-e8eb5d3a7697,76f40a81-468a-4ed3-99be-8b251040c851,https://www.icicipruamc.com/fund-details/fund-documents/methodology/CRISIL-IBX_Financial_Services_3-6_Months_Debt_Index-1888.xlsx,unknown,,,xlsx,True,False,False,0.7,download_failed,{},2026-08-20 16:20:47.432194+00:00
737c63ea-541c-4a0f-acfa-e1f7f004f861,b460c25d-fe5a-4324-b1da-e8eb5d3a7697,76f40a81-468a-4ed3-99be-8b251040c851,https://www.icicipruamc.com/fund-details/fund-documents/historical/CRISIL-IBX_Financial_Services_3-6_Months_Debt_Index-1888.xlsx,unknown,,,xlsx,True,False,False,0.7,download_failed,{},2026-08-20 16:20:47.432194+00:00
a4274550-bd96-492d-bdaf-61d46bfa1691,b460c25d-fe5a-4324-b1da-e8eb5d3a7697,76f40a81-468a-4ed3-99be-8b251040c851,https://www.icicipruamc.com/sif/isif-equity-ex-top-100-long-short-fund/iSIF%20Equity%20Ex%20Top%20100%20Long-Short%20Presentation%20Final.pdf,unknown,,,pdf,True,False,False,0.7,download_failed,{},2026-08-20 16:20:47.432194+00:00
9c5904f3-4578-4109-b0bd-69e42943518c,b460c25d-fe5a-4324-b1da-e8eb5d3a7697,76f40a81-468a-4ed3-99be-8b251040c851,https://www.icicipruamc.com/sif/downloads/Important%20Announcement_SIF.pdf,unknown,,,pdf,True,False,False,0.7,download_failed,{},2026-08-20 16:20:47.432194+00:00
d3ebb061-2cb9-4a74-80d4-626a6abdbe57,b460c25d-fe5a-4324-b1da-e8eb5d3a7697,76f40a81-468a-4ed3-99be-8b251040c851,https://www.icicipruamc.com/banner/campaign/scheme-merger/letter-to-unitholders-surviving-scheme.pdf,unknown,,,pdf,True,False,False,0.7,download_failed,{},2026-08-20 16:20:47.432194+00:00
8fac3e7b-9d6e-480d-89a5-a483a24b9a21,b460c25d-fe5a-4324-b1da-e8eb5d3a7697,76f40a81-468a-4ed3-99be-8b251040c851,https://www.icicipruamc.com/banner/campaign/scheme-merger/letter-to-unitholders-merging-schemes.pdf,unknown,,,pdf,True,False,False,0.7,download_failed,{},2026-08-20 16:20:47.432194+00:00
9cab2ad5-eccf-49b3-8227-e93a7b6576fa,b460c25d-fe5a-4324-b1da-e8eb5d3a7697,76f40a81-468a-4ed3-99be-8b251040c851,https://www.icicipruamc.com/banner/campaign/scheme-merger/addendum.pdf,unknown,,,pdf,True,False,False,0.7,download_failed,{},2026-08-20 16:20:47.432194+00:00
2d37d9d3-f936-438b-b35e-60110d56b6b3,b460c25d-fe5a-4324-b1da-e8eb5d3a7697,76f40a81-468a-4ed3-99be-8b251040c851,https://www.icicipruamc.com/banner/campaign/scheme-merger/consent-form.pdf,unknown,,,pdf,True,False,False,0.7,download_failed,{},2026-08-20 16:20:47.432194+00:00
b14ca995-87f5-41cd-b7fb-695a07970b5d,b460c25d-fe5a-4324-b1da-e8eb5d3a7697,76f40a81-468a-4ed3-99be-8b251040c851,https://www.icicipruamc.com/pressrelease/Press Release_ICICI Prudential Value Fund completes 22 years.pdf,unknown,,,pdf,True,False,False,0.7,download_failed,{},2026-08-20 16:20:47.432194+00:00
61f5b04e-5a63-493c-9312-1ae1fd72fb94,b460c25d-fe5a-4324-b1da-e8eb5d3a7697,76f40a81-468a-4ed3-99be-8b251040c851,https://www.icicipruamc.com/pressrelease/Press Release_ICICI Prudential BSE Insurance ETF.pdf,unknown,,,pdf,True,False,False,0.7,download_failed,{},2026-08-20 16:20:47.432194+00:00
6f4f24e6-a2a5-491f-a135-1f93a9f30a84,b460c25d-fe5a-4324-b1da-e8eb5d3a7697,76f40a81-468a-4ed3-99be-8b251040c851,https://www.icicipruamc.com/pressrelease/ICICI Prudential Flexicap Fund completes five years.pdf,unknown,,,pdf,True,False,False,0.7,download_failed,{},2026-08-20 16:20:47.432194+00:00
d72ef0cd-fd68-46a5-9bff-4cc1d389bbca,b460c25d-fe5a-4324-b1da-e8eb5d3a7697,76f40a81-468a-4ed3-99be-8b251040c851,https://www.icicipruamc.com/pressrelease/Press Release_ICICI Prudential Balanced Hybrid Fund.pdf,unknown,,,pdf,True,False,False,0.7,download_failed,{},2026-08-20 16:20:47.432194+00:00
83c81dda-f80f-4a07-8d78-8810211925cd,b460c25d-fe5a-4324-b1da-e8eb5d3a7697,76f40a81-468a-4ed3-99be-8b251040c851,https://www.icicipruamc.com/pressrelease/Press Release_ ICICI Prudential Multi-Asset Active FOF.pdf,unknown,,,pdf,True,False,False,0.7,download_failed,{},2026-08-20 16:20:47.432194+00:00
41be7564-223f-4321-8fce-18ca3589032f,c086dcf3-4a89-4ec9-a476-ed3367406b3c,0847b9dc-32e1-4bdc-8419-03c4d127d908,https://www.icicipruamc.com/announcements/ICICI_005_IDCW Notice_5 August 2026.pdf,unknown,,,pdf,True,False,False,0.7,download_failed,{},2026-08-20 17:48:17.120689+00:00
a21e269b-1889-4fb2-a522-55b476196cd6,c086dcf3-4a89-4ec9-a476-ed3367406b3c,0847b9dc-32e1-4bdc-8419-03c4d127d908,https://www.icicipruamc.com/announcements/ICICI_003_Notice-cum-addendum for change in the PRC_4 August 2026.pdf,unknown,,,pdf,True,False,False,0.7,download_failed,{},2026-08-20 17:48:17.120689+00:00
82359bd0-a9ce-42ec-a885-be441bdfb5f5,c086dcf3-4a89-4ec9-a476-ed3367406b3c,0847b9dc-32e1-4bdc-8419-03c4d127d908,https://www.icicipruamc.com/announcements/ICICI_002_Notice cum Addendum_to SAI_4 August 2026.pdf,unknown,,,pdf,True,False,False,0.7,download_failed,{},2026-08-20 17:48:17.120689+00:00
