id,raw_artifact_id,document_type,amc_id,scheme_id,reporting_date,source_url,file_type,checksum,metadata_json,created_at
a188789e-685c-423e-a9d2-ee393886f940,38b9fd5c-8d08-4e20-b5af-02022d58990a,portfolio_disclosure,,148fda89-05a6-4d1d-bad1-a16ea5a774a7,2026-05-15,https://www.icicipruamc.com/blob/downloads/Files/Fortnightly%20Portfolio%20Disclosures/2026/Fortnightly%20Debt%20Scheme%20Portfolio%20-%2015th%20May%202026.zip,xlsx,,{},2026-08-20 18:28:08.948945+00:00
77119a02-e4d6-47dd-a199-d75e503f7a4f,1fbf746f-0e00-48da-984a-aa5fea196611,portfolio_disclosure,,940cd950-db1b-402e-9874-5c7dff350678,2026-07-31,https://www.miraeassetmf.co.in/docs/default-source/portfolios/mnsfof-july2026.xlsx,xlsx,,{},2026-08-20 18:24:43.399112+00:00
ed4094eb-ec6f-4dfd-a355-127e97fa93e5,,portfolio_disclosure,,567c9edb-7380-4e47-80a4-432651468409,2026-08-15,https://www.miraeassetmf.co.in/docs/default-source/portfolios/milpf_15082026.xlsx,xlsx,,{},2026-08-20 18:24:41.140005+00:00
ba8e4dd1-c1db-49dc-ace4-41e240cbcf30,,portfolio_disclosure,,b4f4416b-5946-4375-9ef6-95929019c924,2026-08-15,https://www.invescomutualfund.com/docs/default-source/fortnightly-holdings/medium-durationaa3ffe07eee8616aaa28ff00007d74af.xlsx?sfvrsn=b5d79fc2_0,xlsx,,{},2026-08-20 18:26:19.668623+00:00
654bb792-4479-4329-9b8a-29a48fd1c32c,4d1a9360-adaf-494b-94cd-861e2101466f,portfolio_disclosure,,b4f4416b-5946-4375-9ef6-95929019c924,2026-08-15,https://www.invescomutualfund.com/docs/default-source/fortnightly-holdings/liquid-fund763ffe07eee8616aaa28ff00007d74af.xlsx?sfvrsn=61d79fc2_0,xlsx,,{},2026-08-20 18:26:20.890498+00:00
71815636-515c-44c6-bfa6-06d700acc311,bd5c2760-e6b0-4970-909e-721c9ac452e0,portfolio_disclosure,,b4f4416b-5946-4375-9ef6-95929019c924,2026-08-15,https://www.invescomutualfund.com/docs/default-source/fortnightly-holdings/money-market2b3ffe07eee8616aaa28ff00007d74af.xlsx?sfvrsn=34d79fc2_0,xlsx,,{},2026-08-20 18:26:20.238299+00:00
061af9f3-4b2e-4f12-b667-6a8e53e29c02,9c663d25-08b7-48c9-a1af-6a1aad645567,portfolio_disclosure,,b4f4416b-5946-4375-9ef6-95929019c924,2026-08-15,https://www.invescomutualfund.com/docs/default-source/fortnightly-holdings/overnight-fundf03ffe07eee8616aaa28ff00007d74af.xlsx?sfvrsn=fbd79fc2_0,xlsx,,{},2026-08-20 18:26:18.506424+00:00
3a690654-72fd-4240-9427-3ac6921cd37b,1bdda76b-ebc1-4798-a24f-8d95fecc691a,portfolio_disclosure,,9cfe092e-9416-4681-b639-46c92673992c,2026-07-31,https://www.miraeassetmf.co.in/docs/default-source/portfolios/maspf-july2026.xlsx,xlsx,,{},2026-08-20 18:51:14.097294+00:00
134f0b6b-a57d-4a62-9007-a75dcf1ecb5a,,portfolio_disclosure,,b07f8708-4204-4414-a941-295f966896d7,2026-03-15,https://www.icicipruamc.com/blob/downloads/Files/Fortnightly%20Portfolio%20Disclosures/2026/Fortnightly%20Debt%20Scheme%20Portfolio%20-%2015th%20March%202026.zip,xlsx,,{},2026-08-20 18:55:15.970120+00:00
810281ba-e2c9-4f02-9336-0eba87584c81,,portfolio_disclosure,,4925effe-8563-4ee5-8c7c-71d0f96b9433,2026-03-15,https://www.icicipruamc.com/blob/downloads/Files/Fortnightly%20Portfolio%20Disclosures/2026/Fortnightly%20Debt%20Scheme%20Portfolio%20-%2015th%20March%202026.zip,xlsx,,{},2026-08-20 18:55:15.970120+00:00
6a0bb930-aa7b-41a9-a07d-835b3babb7ca,,portfolio_disclosure,,c66d488f-708e-4be7-920b-e553973ff0c3,2025-10-31,https://www.icicipruamc.com/blob/downloads/Files/Fortnightly%20Portfolio%20Disclosures/2025/Fortnightly%20Debt%20Scheme%20Portfolio%20-%2031st%20October%202025.zip,xlsx,,{},2026-08-20 18:56:29.884496+00:00
e5edbd8f-1252-4ac9-a0e8-5f069f0b9476,,portfolio_disclosure,,2c1c7ca0-53cc-493f-b91e-3db1342a2475,2026-07-31,https://amc.ppfas.com/downloads/portfolio-disclosure/2026/PPFAS_Monthly_Portfolio_Report_July_31_2026.xls?07082026_4,xlsx,,{},2026-08-20 15:53:22.017525+00:00
d2754e4e-7244-4cc6-93df-d5e8218a7570,,portfolio_disclosure,,e0613fb0-915b-48f5-b6fa-b8a886bd928a,2026-07-31,https://amc.ppfas.com/downloads/portfolio-disclosure/2026/PPFAS_Monthly_Portfolio_Report_July_31_2026.xls?07082026_4,xlsx,,{},2026-08-20 15:53:22.017525+00:00
2bdbfd15-746f-485c-aa91-6dd6284026ba,,portfolio_disclosure,,bb3a0d3a-ab86-43a5-a431-f15a5c613ce9,2026-07-31,https://amc.ppfas.com/downloads/portfolio-disclosure/2026/PPFAS_Monthly_Portfolio_Report_July_31_2026.xls?07082026_4,xlsx,,{},2026-08-20 15:53:22.017525+00:00
bc9c4480-5383-411b-b2a5-3de1e1874615,,portfolio_disclosure,,ff7b16fe-a92e-4481-b4db-5e149a054324,2026-07-31,https://amc.ppfas.com/downloads/portfolio-disclosure/2026/PPFAS_Monthly_Portfolio_Report_July_31_2026.xls?07082026_4,xlsx,,{},2026-08-20 15:53:22.017525+00:00
bbb398d1-7816-45d0-a216-788514a60c46,,portfolio_disclosure,,b0abf000-eda9-4e20-b907-2b6e66f7f252,2026-07-31,https://amc.ppfas.com/downloads/portfolio-disclosure/2026/PPFAS_Monthly_Portfolio_Report_July_31_2026.xls?07082026_4,xlsx,,{},2026-08-20 15:53:22.017525+00:00
e35c0435-2675-44c0-a382-2a2cb76a0fa8,,portfolio_disclosure,,c48ec357-fb04-4ab2-8d73-f3f097b56052,2026-07-31,https://amc.ppfas.com/downloads/portfolio-disclosure/2026/PPFAS_Monthly_Portfolio_Report_July_31_2026.xls?07082026_4,xlsx,,{},2026-08-20 15:53:22.017525+00:00
22b90439-5497-4a7d-a1b5-ecd4fe82e976,,portfolio_disclosure,,98957fee-f969-4cf6-af9b-14de82582136,2026-07-31,https://amc.ppfas.com/downloads/portfolio-disclosure/2026/PPFAS_Monthly_Portfolio_Report_July_31_2026.xls?07082026_4,xlsx,,{},2026-08-20 15:53:22.017525+00:00
af7ec398-6811-4e8f-8e2a-02172dad30c6,,portfolio_disclosure,,2c1c7ca0-53cc-493f-b91e-3db1342a2475,2026-07-31,https://amc.ppfas.com/downloads/portfolio-disclosure/2026/PPFCF_PPFAS_Monthly_Portfolio_Report_July_31_2026.xlsx?07082026,xlsx,,{},2026-08-20 15:53:22.017525+00:00
810f644f-3332-48aa-9ec5-4e18082a01f8,,portfolio_disclosure,,e0613fb0-915b-48f5-b6fa-b8a886bd928a,2026-07-31,https://amc.ppfas.com/downloads/portfolio-disclosure/2026/PPLF_PPFAS_Monthly_Portfolio_Report_July_31_2026.xlsx?07082026_2,xlsx,,{},2026-08-20 15:53:22.017525+00:00
838fbc5d-3a38-4efd-b6be-a0ffeaa67916,,portfolio_disclosure,,bb3a0d3a-ab86-43a5-a431-f15a5c613ce9,2026-07-31,https://amc.ppfas.com/downloads/portfolio-disclosure/2026/PPTSF_PPFAS_Monthly_Portfolio_Report_July_31_2026.xlsx?07082026_1,xlsx,,{},2026-08-20 15:53:22.017525+00:00
95e0fe27-fbe0-4522-8673-e4cc5134c2a5,,portfolio_disclosure,,9daff2f0-95a8-40f0-9f0d-a3ec3abc3e14,2026-03-15,https://www.icicipruamc.com/blob/downloads/Files/Fortnightly%20Portfolio%20Disclosures/2026/Fortnightly%20Debt%20Scheme%20Portfolio%20-%2015th%20March%202026.zip,xlsx,,{},2026-08-20 18:55:15.970120+00:00
d15f75af-a3af-4f20-be6c-1ec9a9354c69,,portfolio_disclosure,,c7b7d6fe-e23f-4b85-9771-5800ccc1ea98,2026-03-15,https://www.icicipruamc.com/blob/downloads/Files/Fortnightly%20Portfolio%20Disclosures/2026/Fortnightly%20Debt%20Scheme%20Portfolio%20-%2015th%20March%202026.zip,xlsx,,{},2026-08-20 18:55:15.970120+00:00
e9d32476-77e7-4aa9-b748-9ba591e3b677,,portfolio_disclosure,,d38c0aa5-ac53-4d03-b799-3e3835297750,2026-03-15,https://www.icicipruamc.com/blob/downloads/Files/Fortnightly%20Portfolio%20Disclosures/2026/Fortnightly%20Debt%20Scheme%20Portfolio%20-%2015th%20March%202026.zip,xlsx,,{},2026-08-20 18:55:15.970120+00:00
e95c8fe4-426d-41f5-9228-3c986bfddc72,,portfolio_disclosure,,63e0372c-6dd1-4f45-8dde-5c7017fe5d76,2026-03-15,https://www.icicipruamc.com/blob/downloads/Files/Fortnightly%20Portfolio%20Disclosures/2026/Fortnightly%20Debt%20Scheme%20Portfolio%20-%2015th%20March%202026.zip,xlsx,,{},2026-08-20 18:55:15.970120+00:00
6945de26-544c-4e2c-b5ec-73943c639f8c,,portfolio_disclosure,,dbb80926-5e14-4d67-afcb-1a0ff44a202a,2026-03-15,https://www.icicipruamc.com/blob/downloads/Files/Fortnightly%20Portfolio%20Disclosures/2026/Fortnightly%20Debt%20Scheme%20Portfolio%20-%2015th%20March%202026.zip,xlsx,,{},2026-08-20 18:55:15.970120+00:00
a16d22e8-a032-4e59-97b4-c7b44c1fc0d0,,portfolio_disclosure,,c31725e1-a968-4aff-b6ee-ec22399e1545,2026-03-15,https://www.icicipruamc.com/blob/downloads/Files/Fortnightly%20Portfolio%20Disclosures/2026/Fortnightly%20Debt%20Scheme%20Portfolio%20-%2015th%20March%202026.zip,xlsx,,{},2026-08-20 18:55:15.970120+00:00
6bf60806-f448-4967-a09c-fd094facca0c,,portfolio_disclosure,,622ebaa0-c98a-4bdf-86fa-8f6caca4f48f,2026-03-15,https://www.icicipruamc.com/blob/downloads/Files/Fortnightly%20Portfolio%20Disclosures/2026/Fortnightly%20Debt%20Scheme%20Portfolio%20-%2015th%20March%202026.zip,xlsx,,{},2026-08-20 18:55:15.970120+00:00
aa5fdae0-d336-4904-bb5e-4792308b07f1,e91abfcf-9957-43ae-ba4d-0c84bba6f3b9,portfolio_disclosure,,148fda89-05a6-4d1d-bad1-a16ea5a774a7,2026-08-15,https://www.icicipruamc.com/blob/downloads/Files/Fortnightly%20Portfolio%20Disclosures/2026/Fortnightly%20Debt%20Scheme%20Portfolio%20-%2015th%20August%202026.zip,xlsx,,{},2026-08-20 18:27:27.381838+00:00
efef4657-6ecb-4df8-a2d9-5301ceec3981,,portfolio_disclosure,,26c2b3d7-2605-4d94-b305-1f1fd1ee2e2a,2026-03-15,https://www.icicipruamc.com/blob/downloads/Files/Fortnightly%20Portfolio%20Disclosures/2026/Fortnightly%20Debt%20Scheme%20Portfolio%20-%2015th%20March%202026.zip,xlsx,,{},2026-08-20 18:55:15.970120+00:00
8eb85aad-f9f6-49f4-95fc-f0ed484df88e,,portfolio_disclosure,,ff7b16fe-a92e-4481-b4db-5e149a054324,2026-07-31,https://amc.ppfas.com/downloads/portfolio-disclosure/2026/PPCHF_PPFAS_Monthly_Portfolio_Report_July_31_2026.xlsx?07082026,xlsx,,{},2026-08-20 15:53:22.017525+00:00
83113e1f-c57c-4c3f-b7aa-f47afb79b4b3,,portfolio_disclosure,,b0abf000-eda9-4e20-b907-2b6e66f7f252,2026-07-31,https://amc.ppfas.com/downloads/portfolio-disclosure/2026/PPAF_PPFAS_Monthly_Portfolio_Report_July_31_2026.xlsx?07082026,xlsx,,{},2026-08-20 15:53:22.017525+00:00
b0773123-6874-4218-abec-d4b457fc6fb8,,portfolio_disclosure,,c48ec357-fb04-4ab2-8d73-f3f097b56052,2026-07-31,https://amc.ppfas.com/downloads/portfolio-disclosure/2026/PPDAAF_PPFAS_Monthly_Portfolio_Report_July_31_2026.xlsx?07082026_1,xlsx,,{},2026-08-20 15:53:22.017525+00:00
c2c56174-1629-40f5-87e0-59d82789e926,,portfolio_disclosure,,98957fee-f969-4cf6-af9b-14de82582136,2026-07-31,https://amc.ppfas.com/downloads/portfolio-disclosure/2026/PPLCF_PPFAS_Monthly_Portfolio_Report_July_31_2026.xlsx?07082026_2,xlsx,,{},2026-08-20 15:53:22.017525+00:00
9bfd84c1-ce21-435f-81c1-b0069bac73f7,,portfolio_disclosure,,2c1c7ca0-53cc-493f-b91e-3db1342a2475,2026-06-30,https://amc.ppfas.com/downloads/portfolio-disclosure/2026/PPFAS_Monthly_Portfolio_Report_June_30_2026.xls?08072026_2,xlsx,,{},2026-08-20 15:53:22.017525+00:00
e291ba51-1cf3-40ae-8fbf-919475a3e118,,portfolio_disclosure,,e0613fb0-915b-48f5-b6fa-b8a886bd928a,2026-06-30,https://amc.ppfas.com/downloads/portfolio-disclosure/2026/PPFAS_Monthly_Portfolio_Report_June_30_2026.xls?08072026_2,xlsx,,{},2026-08-20 15:53:22.017525+00:00
00e713e8-7d88-43d0-8188-a5840b5d0102,,portfolio_disclosure,,bb3a0d3a-ab86-43a5-a431-f15a5c613ce9,2026-06-30,https://amc.ppfas.com/downloads/portfolio-disclosure/2026/PPFAS_Monthly_Portfolio_Report_June_30_2026.xls?08072026_2,xlsx,,{},2026-08-20 15:53:22.017525+00:00
b1e2ea61-cafa-4f47-b20e-24be5f144fa1,,portfolio_disclosure,,ff7b16fe-a92e-4481-b4db-5e149a054324,2026-06-30,https://amc.ppfas.com/downloads/portfolio-disclosure/2026/PPFAS_Monthly_Portfolio_Report_June_30_2026.xls?08072026_2,xlsx,,{},2026-08-20 15:53:22.017525+00:00
ccc67984-ca8d-4ffd-bde7-42a297eb5459,,portfolio_disclosure,,b0abf000-eda9-4e20-b907-2b6e66f7f252,2026-06-30,https://amc.ppfas.com/downloads/portfolio-disclosure/2026/PPFAS_Monthly_Portfolio_Report_June_30_2026.xls?08072026_2,xlsx,,{},2026-08-20 15:53:22.017525+00:00
1a4ce161-a267-4b39-90bb-1c52e631ea9f,,portfolio_disclosure,,c48ec357-fb04-4ab2-8d73-f3f097b56052,2026-06-30,https://amc.ppfas.com/downloads/portfolio-disclosure/2026/PPFAS_Monthly_Portfolio_Report_June_30_2026.xls?08072026_2,xlsx,,{},2026-08-20 15:53:22.017525+00:00
9f12efc0-e2e5-4699-8740-4f1bc0a08c0e,,portfolio_disclosure,,98957fee-f969-4cf6-af9b-14de82582136,2026-06-30,https://amc.ppfas.com/downloads/portfolio-disclosure/2026/PPFAS_Monthly_Portfolio_Report_June_30_2026.xls?08072026_2,xlsx,,{},2026-08-20 15:53:22.017525+00:00
65a62fb4-1e97-48aa-9898-3e4eb49c71a9,,portfolio_disclosure,,2c1c7ca0-53cc-493f-b91e-3db1342a2475,2026-06-30,https://amc.ppfas.com/downloads/portfolio-disclosure/2026/PPFCF_PPFAS_Monthly_Portfolio_Report_June_30_2026.xlsx?08072026,xlsx,,{},2026-08-20 15:53:22.017525+00:00
07450031-24a6-4f2f-b07f-76e435173ca7,,portfolio_disclosure,,e0613fb0-915b-48f5-b6fa-b8a886bd928a,2026-06-30,https://amc.ppfas.com/downloads/portfolio-disclosure/2026/PPLF_PPFAS_Monthly_Portfolio_Report_June_30_2026.xlsx?08072026_1,xlsx,,{},2026-08-20 15:53:22.017525+00:00
09106dde-7b5c-483b-b1ae-16f00819d0fc,,portfolio_disclosure,,bb3a0d3a-ab86-43a5-a431-f15a5c613ce9,2026-06-30,https://amc.ppfas.com/downloads/portfolio-disclosure/2026/PPTSF_PPFAS_Monthly_Portfolio_Report_June_30_2026.xlsx?08072026,xlsx,,{},2026-08-20 15:53:22.017525+00:00
230fcdf9-936b-4f1d-a064-f0c560f0d5c4,,portfolio_disclosure,,39bd5974-4c82-4457-bfd8-bfead40cd71f,2024-06-30,https://www.dspim.com/media/pages/mandatory-disclosures/portfolio-disclosures/6956f1d407-1757771553/dsp-isin-debt-portfolio-as-on-30-jun-2024.xlsx,xlsx,,{},2026-08-20 18:24:50.416314+00:00
f399d0f6-a338-4f9c-b88d-6c841bf53c78,,portfolio_disclosure,,4c0b62ae-5310-4f78-9daf-9dc2c317b347,2024-06-30,https://www.dspim.com/media/pages/mandatory-disclosures/portfolio-disclosures/6956f1d407-1757771553/dsp-isin-debt-portfolio-as-on-30-jun-2024.xlsx,xlsx,,{},2026-08-20 18:24:50.416314+00:00
959e3a3c-f93a-40d0-947a-cc8948052036,,portfolio_disclosure,,39bd5974-4c82-4457-bfd8-bfead40cd71f,2021-06-15,https://www.dspim.com/media/pages/mandatory-disclosures/portfolio-disclosures/3e6e6d184e-1757771552/dsp-debt-isin-portfolio-15th-june-2021.xlsx,xlsx,,{},2026-08-20 18:24:50.925695+00:00
8f61d696-f274-4519-9c27-2e448af90000,,portfolio_disclosure,,4c0b62ae-5310-4f78-9daf-9dc2c317b347,2021-06-15,https://www.dspim.com/media/pages/mandatory-disclosures/portfolio-disclosures/3e6e6d184e-1757771552/dsp-debt-isin-portfolio-15th-june-2021.xlsx,xlsx,,{},2026-08-20 18:24:50.925695+00:00
265f8eef-0a68-4bc8-a780-3beb625fc055,,portfolio_disclosure,,39bd5974-4c82-4457-bfd8-bfead40cd71f,2022-06-15,https://www.dspim.com/media/pages/mandatory-disclosures/portfolio-disclosures/80edbd1261-1757771553/dsp-isin-debt-portfolio-as-on-15th-june-2022.xlsx,xlsx,,{},2026-08-20 18:24:51.352908+00:00
7fd5ff2c-a7d5-4de1-a5f4-1188ac3ee2d3,,portfolio_disclosure,,4c0b62ae-5310-4f78-9daf-9dc2c317b347,2022-06-15,https://www.dspim.com/media/pages/mandatory-disclosures/portfolio-disclosures/80edbd1261-1757771553/dsp-isin-debt-portfolio-as-on-15th-june-2022.xlsx,xlsx,,{},2026-08-20 18:24:51.352908+00:00
6c75d4a3-f976-40bc-8c5d-65b865f285e9,,portfolio_disclosure,,39bd5974-4c82-4457-bfd8-bfead40cd71f,2026-06-15,https://www.dspim.com/media/pages/mandatory-disclosures/portfolio-disclosures/cdabf52dd7-1781955085/dsp-isin-debt-fortnightly-portfolio-as-on-15-jun-2026.xlsx,xlsx,,{},2026-08-20 22:40:36.291180+00:00
0abb9f23-a4f6-475a-a01b-840643c616b0,,portfolio_disclosure,,39bd5974-4c82-4457-bfd8-bfead40cd71f,2020-12-15,https://www.dspim.com/media/pages/mandatory-disclosures/portfolio-disclosures/42a5d48e52-1757771554/dsp-isin-portfolio-all-debt-15dec2020.xlsx,xlsx,,{},2026-08-20 18:24:52.090443+00:00
8469cc0b-f9fc-4f93-8fa7-a6b8f85db520,,portfolio_disclosure,,4c0b62ae-5310-4f78-9daf-9dc2c317b347,2020-12-15,https://www.dspim.com/media/pages/mandatory-disclosures/portfolio-disclosures/42a5d48e52-1757771554/dsp-isin-portfolio-all-debt-15dec2020.xlsx,xlsx,,{},2026-08-20 18:24:52.090443+00:00
badee7fb-3afb-428c-8cb1-239b1881166a,38b9fd5c-8d08-4e20-b5af-02022d58990a,portfolio_disclosure,,375378d3-7e30-4ab5-87da-0dbd54bf8388,2026-05-15,https://www.icicipruamc.com/blob/downloads/Files/Fortnightly%20Portfolio%20Disclosures/2026/Fortnightly%20Debt%20Scheme%20Portfolio%20-%2015th%20May%202026.zip,xlsx,,{},2026-08-20 18:28:08.948945+00:00
b92d930b-5c55-49b3-aea2-ad2f39b69695,38b9fd5c-8d08-4e20-b5af-02022d58990a,portfolio_disclosure,,20e22757-6a93-4e58-8102-396ba968f1ba,2026-05-15,https://www.icicipruamc.com/blob/downloads/Files/Fortnightly%20Portfolio%20Disclosures/2026/Fortnightly%20Debt%20Scheme%20Portfolio%20-%2015th%20May%202026.zip,xlsx,,{},2026-08-20 18:28:08.948945+00:00
5f51e1fe-f0e9-4b30-8c90-1912a6c6eb7d,38b9fd5c-8d08-4e20-b5af-02022d58990a,portfolio_disclosure,,98066e78-446d-4158-912d-b4978e253dc7,2026-05-15,https://www.icicipruamc.com/blob/downloads/Files/Fortnightly%20Portfolio%20Disclosures/2026/Fortnightly%20Debt%20Scheme%20Portfolio%20-%2015th%20May%202026.zip,xlsx,,{},2026-08-20 18:28:08.948945+00:00
6f99174d-8ba8-4429-a08f-b3f47b8a0974,6ba03bfc-0518-45aa-a685-bab5bee2b7fc,portfolio_disclosure,,e9acd595-59bc-4aa5-86cd-e7120791b10c,2026-08-15,https://www.miraeassetmf.co.in/docs/default-source/portfolios/mammf_15082026.xlsx,xlsx,,{},2026-08-20 18:51:03.070396+00:00
666d0f4b-a0fe-442c-a019-990bc008aa63,,portfolio_disclosure,,a8a76a2e-8f67-49e4-aeb1-7366d2a7b1f7,2026-02-28,https://www.icicipruamc.com/blob/downloads/Files/Fortnightly%20Portfolio%20Disclosures/2026/Fortnightly%20Debt%20Scheme%20Portfolio%20-%2028th%20February%202026.zip,xlsx,,{},2026-08-20 18:55:23.777155+00:00
8046721e-c8be-477a-9dd7-271f4e3dab58,,portfolio_disclosure,,4925effe-8563-4ee5-8c7c-71d0f96b9433,2026-02-28,https://www.icicipruamc.com/blob/downloads/Files/Fortnightly%20Portfolio%20Disclosures/2026/Fortnightly%20Debt%20Scheme%20Portfolio%20-%2028th%20February%202026.zip,xlsx,,{},2026-08-20 18:55:23.777155+00:00
3f9d4e35-3ae9-4a4f-8011-314647464a36,,portfolio_disclosure,,4c0b62ae-5310-4f78-9daf-9dc2c317b347,2026-06-15,https://www.dspim.com/media/pages/mandatory-disclosures/portfolio-disclosures/cdabf52dd7-1781955085/dsp-isin-debt-fortnightly-portfolio-as-on-15-jun-2026.xlsx,xlsx,,{},2026-08-20 22:40:36.291180+00:00
432c5eb2-c1f2-4b5f-bf88-372c4ceb8b27,,portfolio_disclosure,,39bd5974-4c82-4457-bfd8-bfead40cd71f,2022-03-31,https://www.dspim.com/media/pages/mandatory-disclosures/portfolio-disclosures/6135f65526-1757771554/dsp-isin-debt-portfolio-as-on-31st-march-2022.xlsx,xlsx,,{},2026-08-20 18:52:39.137753+00:00
6d821823-efac-4e89-aaac-653482dc4bd3,,portfolio_disclosure,,09bbc45c-47e8-401b-aeef-0f57dcbbe980,2024-12-31,https://www.dspim.com/media/pages/mandatory-disclosures/portfolio-disclosures/b43e0a72c2-1757771557/monthend-portfolio-december-31-2024.zip,xlsx,,{},2026-08-20 22:40:39.189039+00:00
627777d8-67c5-4533-9765-0f3710ce3710,,portfolio_disclosure,,91ab5fc0-17d2-45f0-b3db-e8964b8c6734,2024-12-31,https://www.dspim.com/media/pages/mandatory-disclosures/portfolio-disclosures/b43e0a72c2-1757771557/monthend-portfolio-december-31-2024.zip,xlsx,,{},2026-08-20 22:40:39.189039+00:00
eb682657-a3b7-4dcf-8e10-df0c7ae1cba1,,portfolio_disclosure,,da660080-f415-4b26-9349-447f1b75d28c,2017-09-30,https://www.dspim.com/media/pages/mandatory-disclosures/portfolio-disclosures/60571aae1a-1757771557/month_end_portfolio_disclosure_sep2017.zip,xlsx,,{},2026-08-20 22:40:41.339113+00:00
ce91bbcd-417e-432f-a1f9-9218bc9ff7db,,portfolio_disclosure,,83e264b5-5621-46db-9714-7eb165e532ef,2017-09-30,https://www.dspim.com/media/pages/mandatory-disclosures/portfolio-disclosures/60571aae1a-1757771557/month_end_portfolio_disclosure_sep2017.zip,xlsx,,{},2026-08-20 22:40:41.339113+00:00
9fe37b51-fd8c-4dab-9d37-6bf518fa8593,,portfolio_disclosure,,4233de44-9763-4cbb-97cb-fd92436ece0f,2021-12-31,https://www.dspim.com/media/pages/mandatory-disclosures/portfolio-disclosures/09b462f878-1757771555/month_end_portfolio_disclosure_december2021.zip,xlsx,,{},2026-08-20 22:40:52.314899+00:00
5952d92f-deb6-484c-a740-f4e4f9204e73,,portfolio_disclosure,,7057e3fe-280b-415f-8781-d07984a0b00e,2021-12-31,https://www.dspim.com/media/pages/mandatory-disclosures/portfolio-disclosures/09b462f878-1757771555/month_end_portfolio_disclosure_december2021.zip,xlsx,,{},2026-08-20 22:40:52.314899+00:00
33452389-98a5-4375-88a7-e0aa70eeedef,,portfolio_disclosure,,cef9db25-fdd6-4ba2-883b-1220a20a85ae,2016-01-31,https://www.dspim.com/media/pages/mandatory-disclosures/portfolio-disclosures/c924885f90-1757771556/month_end_portfolio_disclosure_january2016.zip,xlsx,,{},2026-08-20 22:40:54.834010+00:00
130365c7-0e69-401f-8a5c-a2ad1f3b14bd,,portfolio_disclosure,,7ed9b87c-843e-41c8-a8ff-8d12686014b9,2016-01-31,https://www.dspim.com/media/pages/mandatory-disclosures/portfolio-disclosures/c924885f90-1757771556/month_end_portfolio_disclosure_january2016.zip,xlsx,,{},2026-08-20 22:40:54.834010+00:00
6539a004-d427-4334-85a6-72a4034a8ea0,,portfolio_disclosure,,83bc08cb-2864-4f9f-b137-a728adfc1588,2024-04-30,https://www.dspim.com/media/pages/mandatory-disclosures/portfolio-disclosures/376234d7a6-1757771557/monthend-portfolio-april-2024.zip,xlsx,,{},2026-08-20 22:41:05.323619+00:00
662829c1-f200-444b-9e0c-56fabdab1f31,38b9fd5c-8d08-4e20-b5af-02022d58990a,portfolio_disclosure,,26c2b3d7-2605-4d94-b305-1f1fd1ee2e2a,2026-05-15,https://www.icicipruamc.com/blob/downloads/Files/Fortnightly%20Portfolio%20Disclosures/2026/Fortnightly%20Debt%20Scheme%20Portfolio%20-%2015th%20May%202026.zip,xlsx,,{},2026-08-20 18:28:08.948945+00:00
0a15f0d7-4d00-40da-aa88-dfa83d6148de,b73a4e1b-d7e7-423d-80e2-819720475863,portfolio_disclosure,,20e22757-6a93-4e58-8102-396ba968f1ba,2026-04-30,https://www.icicipruamc.com/blob/downloads/Files/Fortnightly%20Portfolio%20Disclosures/2026/Fortnightly%20Debt%20Scheme%20Portfolio%20-%2030th%20April%202026.zip,xlsx,,{},2026-08-20 18:28:16.178465+00:00
8d2bef87-8c76-4b52-a734-8e3d7037caed,b73a4e1b-d7e7-423d-80e2-819720475863,portfolio_disclosure,,bd87bcf7-b74d-4dab-a361-5588faa94e8e,2026-04-30,https://www.icicipruamc.com/blob/downloads/Files/Fortnightly%20Portfolio%20Disclosures/2026/Fortnightly%20Debt%20Scheme%20Portfolio%20-%2030th%20April%202026.zip,xlsx,,{},2026-08-20 18:28:16.178465+00:00
40e67508-b465-4cfc-90e9-42c5dc2934eb,b73a4e1b-d7e7-423d-80e2-819720475863,portfolio_disclosure,,a8a76a2e-8f67-49e4-aeb1-7366d2a7b1f7,2026-04-30,https://www.icicipruamc.com/blob/downloads/Files/Fortnightly%20Portfolio%20Disclosures/2026/Fortnightly%20Debt%20Scheme%20Portfolio%20-%2030th%20April%202026.zip,xlsx,,{},2026-08-20 18:28:16.178465+00:00
3cdf8225-5cdd-4de9-a7c6-cec6f52cdca7,b73a4e1b-d7e7-423d-80e2-819720475863,portfolio_disclosure,,56c7a4bb-eb51-49cc-b39c-f0641d5d748e,2026-04-30,https://www.icicipruamc.com/blob/downloads/Files/Fortnightly%20Portfolio%20Disclosures/2026/Fortnightly%20Debt%20Scheme%20Portfolio%20-%2030th%20April%202026.zip,xlsx,,{},2026-08-20 18:28:16.178465+00:00
7bc21347-452a-408a-aa68-7cf185b270e4,b73a4e1b-d7e7-423d-80e2-819720475863,portfolio_disclosure,,b68a3748-3e94-4b91-99e3-80c273548326,2026-04-30,https://www.icicipruamc.com/blob/downloads/Files/Fortnightly%20Portfolio%20Disclosures/2026/Fortnightly%20Debt%20Scheme%20Portfolio%20-%2030th%20April%202026.zip,xlsx,,{},2026-08-20 18:28:16.178465+00:00
ceecbec9-9c87-4db6-a5fd-4d34b6bdb7a3,b73a4e1b-d7e7-423d-80e2-819720475863,portfolio_disclosure,,965baf1f-07d2-44f6-9730-bbcfbc0f8ddb,2026-04-30,https://www.icicipruamc.com/blob/downloads/Files/Fortnightly%20Portfolio%20Disclosures/2026/Fortnightly%20Debt%20Scheme%20Portfolio%20-%2030th%20April%202026.zip,xlsx,,{},2026-08-20 18:28:16.178465+00:00
dd406ca2-c98f-43d7-aec3-93501eb035ae,b73a4e1b-d7e7-423d-80e2-819720475863,portfolio_disclosure,,d8edc81e-2fad-46a1-9146-8b6b50825cf9,2026-04-30,https://www.icicipruamc.com/blob/downloads/Files/Fortnightly%20Portfolio%20Disclosures/2026/Fortnightly%20Debt%20Scheme%20Portfolio%20-%2030th%20April%202026.zip,xlsx,,{},2026-08-20 18:28:16.178465+00:00
573dceb8-222f-48db-9498-c8a696412df9,b73a4e1b-d7e7-423d-80e2-819720475863,portfolio_disclosure,,aa5cecc8-e924-4c4c-81b7-3fb389e01179,2026-04-30,https://www.icicipruamc.com/blob/downloads/Files/Fortnightly%20Portfolio%20Disclosures/2026/Fortnightly%20Debt%20Scheme%20Portfolio%20-%2030th%20April%202026.zip,xlsx,,{},2026-08-20 18:28:16.178465+00:00
199ac09e-446b-4630-a920-63035b44f131,,portfolio_disclosure,,965baf1f-07d2-44f6-9730-bbcfbc0f8ddb,2026-02-28,https://www.icicipruamc.com/blob/downloads/Files/Fortnightly%20Portfolio%20Disclosures/2026/Fortnightly%20Debt%20Scheme%20Portfolio%20-%2028th%20February%202026.zip,xlsx,,{},2026-08-20 18:55:23.777155+00:00
f96e9ee2-ac32-4d12-9283-b938fd9fe4c9,,portfolio_disclosure,,d8edc81e-2fad-46a1-9146-8b6b50825cf9,2026-02-28,https://www.icicipruamc.com/blob/downloads/Files/Fortnightly%20Portfolio%20Disclosures/2026/Fortnightly%20Debt%20Scheme%20Portfolio%20-%2028th%20February%202026.zip,xlsx,,{},2026-08-20 18:55:23.777155+00:00
175d6061-116b-44d5-b341-1d7047db5c19,,portfolio_disclosure,,aa5cecc8-e924-4c4c-81b7-3fb389e01179,2026-02-28,https://www.icicipruamc.com/blob/downloads/Files/Fortnightly%20Portfolio%20Disclosures/2026/Fortnightly%20Debt%20Scheme%20Portfolio%20-%2028th%20February%202026.zip,xlsx,,{},2026-08-20 18:55:23.777155+00:00
5c2a4ee8-fef6-4f17-a094-10b0c5dc45ac,,portfolio_disclosure,,b07f8708-4204-4414-a941-295f966896d7,2026-02-28,https://www.icicipruamc.com/blob/downloads/Files/Fortnightly%20Portfolio%20Disclosures/2026/Fortnightly%20Debt%20Scheme%20Portfolio%20-%2028th%20February%202026.zip,xlsx,,{},2026-08-20 18:55:23.777155+00:00
5e83f35c-5b3c-49bf-9ad7-5d3a8c48a7d7,,portfolio_disclosure,,fad97361-7dd4-49f1-9ac6-804f4baec973,2025-10-31,https://www.icicipruamc.com/blob/downloads/Files/Fortnightly%20Portfolio%20Disclosures/2025/Fortnightly%20Debt%20Scheme%20Portfolio%20-%2031st%20October%202025.zip,xlsx,,{},2026-08-20 18:56:29.884496+00:00
7861c6f8-aa38-408b-8989-48a1bcd84b31,,portfolio_disclosure,,e26a0e39-ae1a-4875-8429-3f73c5109441,2025-10-31,https://www.icicipruamc.com/blob/downloads/Files/Fortnightly%20Portfolio%20Disclosures/2025/Fortnightly%20Debt%20Scheme%20Portfolio%20-%2031st%20October%202025.zip,xlsx,,{},2026-08-20 18:56:29.884496+00:00
50d068b7-da6a-43f9-816f-bde87589bd0b,,portfolio_disclosure,,148fda89-05a6-4d1d-bad1-a16ea5a774a7,2025-10-31,https://www.icicipruamc.com/blob/downloads/Files/Fortnightly%20Portfolio%20Disclosures/2025/Fortnightly%20Debt%20Scheme%20Portfolio%20-%2031st%20October%202025.zip,xlsx,,{},2026-08-20 18:56:29.884496+00:00
f99b7ef4-1119-4ad9-affe-f72cec5e2ac8,,portfolio_disclosure,,375378d3-7e30-4ab5-87da-0dbd54bf8388,2025-10-31,https://www.icicipruamc.com/blob/downloads/Files/Fortnightly%20Portfolio%20Disclosures/2025/Fortnightly%20Debt%20Scheme%20Portfolio%20-%2031st%20October%202025.zip,xlsx,,{},2026-08-20 18:56:29.884496+00:00
6e1a78f5-6655-458f-99a0-209698aefbac,,portfolio_disclosure,,210906cb-715e-46a8-8fc7-7cd80a633513,2024-04-30,https://www.dspim.com/media/pages/mandatory-disclosures/portfolio-disclosures/376234d7a6-1757771557/monthend-portfolio-april-2024.zip,xlsx,,{},2026-08-20 22:41:05.323619+00:00
b781c998-ad3d-403c-ba94-9ba067c92ae8,,portfolio_disclosure,,39bd5974-4c82-4457-bfd8-bfead40cd71f,2025-02-28,https://www.dspim.com/media/pages/mandatory-disclosures/portfolio-disclosures/4464ea9d5e-1757771553/dsp-isin-debt-portfolio-as-on-28-feb-2025.xlsx,xlsx,,{},2026-08-20 22:41:06.906777+00:00
6c87027c-9e6e-4dae-a6b6-a4bd5c76d05b,,portfolio_disclosure,,4c0b62ae-5310-4f78-9daf-9dc2c317b347,2025-02-28,https://www.dspim.com/media/pages/mandatory-disclosures/portfolio-disclosures/4464ea9d5e-1757771553/dsp-isin-debt-portfolio-as-on-28-feb-2025.xlsx,xlsx,,{},2026-08-20 22:41:06.906777+00:00
739d8a43-4149-4798-9eaa-17dee9608998,,portfolio_disclosure,,39bd5974-4c82-4457-bfd8-bfead40cd71f,2021-05-15,https://www.dspim.com/media/pages/mandatory-disclosures/portfolio-disclosures/cf0d4cb6cd-1757771552/dsp-debt-isin-portfolio-15th-may-2021.xlsx,xlsx,,{},2026-08-20 22:41:08.070224+00:00
581faea1-4c7c-4879-b5c9-5d2aff5dc62d,,portfolio_disclosure,,4c0b62ae-5310-4f78-9daf-9dc2c317b347,2021-05-15,https://www.dspim.com/media/pages/mandatory-disclosures/portfolio-disclosures/cf0d4cb6cd-1757771552/dsp-debt-isin-portfolio-15th-may-2021.xlsx,xlsx,,{},2026-08-20 22:41:08.070224+00:00
fe8da2be-6d8c-46ee-ad20-e37dfa96eff6,,portfolio_disclosure,,a862841a-f339-4bcd-a20a-babb9bc50d48,2013-03-31,https://www.dspim.com/media/pages/mandatory-disclosures/portfolio-disclosures/1872c802d7-1757771556/month_end_portfolio_disclosure_march2013.zip,xlsx,,{},2026-08-20 22:41:08.989342+00:00
d357a3d0-3ae1-4fe4-9b22-eca7e8ab1522,,portfolio_disclosure,,9982548f-076d-422b-8c43-7c08552da604,2013-03-31,https://www.dspim.com/media/pages/mandatory-disclosures/portfolio-disclosures/1872c802d7-1757771556/month_end_portfolio_disclosure_march2013.zip,xlsx,,{},2026-08-20 22:41:08.989342+00:00
174fc340-8e63-4981-b9d6-37557aad1f30,,portfolio_disclosure,,835d6995-c6d8-419a-9247-240e489ea95a,2013-03-31,https://www.dspim.com/media/pages/mandatory-disclosures/portfolio-disclosures/1872c802d7-1757771556/month_end_portfolio_disclosure_march2013.zip,xlsx,,{},2026-08-20 22:41:08.989342+00:00
49be931a-efb3-4514-be7a-bc8e04ce2568,,portfolio_disclosure,,e319e777-4907-4ee3-b582-a388908d3ecd,2018-03-31,https://www.dspim.com/media/pages/mandatory-disclosures/portfolio-disclosures/9674a565b8-1757771556/month_end_portfolio_disclosure_mar2018.zip,xlsx,,{},2026-08-20 22:41:18.235961+00:00
ce06bd09-4744-49c8-b338-26ec0e3530d7,,portfolio_disclosure,,8631e126-f588-41b2-97b9-1a3eb7b71903,2018-03-31,https://www.dspim.com/media/pages/mandatory-disclosures/portfolio-disclosures/9674a565b8-1757771556/month_end_portfolio_disclosure_mar2018.zip,xlsx,,{},2026-08-20 22:41:18.235961+00:00
16d864ed-9a26-469f-811f-590398dd86d0,,portfolio_disclosure,,99ab73b5-ef61-4b96-8f47-f63ef2c55fe5,2026-04-15,https://www.dspim.com/media/pages/mandatory-disclosures/portfolio-disclosures/32dad9bfe6-1776709859/dsp-isin-debt-fortnightly-portfolio-as-on-15-apr-2026.zip,xlsx,,{},2026-08-20 22:41:29.418591+00:00
76fff470-4089-4829-a164-f56e7297599e,,portfolio_disclosure,,239627f0-4578-490c-b86a-5491c19ebda7,2026-04-15,https://www.dspim.com/media/pages/mandatory-disclosures/portfolio-disclosures/32dad9bfe6-1776709859/dsp-isin-debt-fortnightly-portfolio-as-on-15-apr-2026.zip,xlsx,,{},2026-08-20 22:41:29.418591+00:00
978680f5-2749-4308-a268-8569e60d6621,,portfolio_disclosure,,ae1b0277-2af5-45b0-9505-cb7832bc586f,2026-04-15,https://www.dspim.com/media/pages/mandatory-disclosures/portfolio-disclosures/32dad9bfe6-1776709859/dsp-isin-debt-fortnightly-portfolio-as-on-15-apr-2026.zip,xlsx,,{},2026-08-20 22:41:29.418591+00:00
08005549-1362-4ca8-8bc0-ff834993c379,b73a4e1b-d7e7-423d-80e2-819720475863,portfolio_disclosure,,b07f8708-4204-4414-a941-295f966896d7,2026-04-30,https://www.icicipruamc.com/blob/downloads/Files/Fortnightly%20Portfolio%20Disclosures/2026/Fortnightly%20Debt%20Scheme%20Portfolio%20-%2030th%20April%202026.zip,xlsx,,{},2026-08-20 18:28:16.178465+00:00
492a05dc-b57a-4a1c-864b-8eddadf5f3eb,b73a4e1b-d7e7-423d-80e2-819720475863,portfolio_disclosure,,4925effe-8563-4ee5-8c7c-71d0f96b9433,2026-04-30,https://www.icicipruamc.com/blob/downloads/Files/Fortnightly%20Portfolio%20Disclosures/2026/Fortnightly%20Debt%20Scheme%20Portfolio%20-%2030th%20April%202026.zip,xlsx,,{},2026-08-20 18:28:16.178465+00:00
170ff2d3-41e8-490b-9379-5d0b39db3396,b73a4e1b-d7e7-423d-80e2-819720475863,portfolio_disclosure,,9daff2f0-95a8-40f0-9f0d-a3ec3abc3e14,2026-04-30,https://www.icicipruamc.com/blob/downloads/Files/Fortnightly%20Portfolio%20Disclosures/2026/Fortnightly%20Debt%20Scheme%20Portfolio%20-%2030th%20April%202026.zip,xlsx,,{},2026-08-20 18:28:16.178465+00:00
230b2317-9311-493c-bffa-a4adac10cb19,b73a4e1b-d7e7-423d-80e2-819720475863,portfolio_disclosure,,c7b7d6fe-e23f-4b85-9771-5800ccc1ea98,2026-04-30,https://www.icicipruamc.com/blob/downloads/Files/Fortnightly%20Portfolio%20Disclosures/2026/Fortnightly%20Debt%20Scheme%20Portfolio%20-%2030th%20April%202026.zip,xlsx,,{},2026-08-20 18:28:16.178465+00:00
a1f372bd-65f6-4008-a820-8f599acd2bf0,b73a4e1b-d7e7-423d-80e2-819720475863,portfolio_disclosure,,d38c0aa5-ac53-4d03-b799-3e3835297750,2026-04-30,https://www.icicipruamc.com/blob/downloads/Files/Fortnightly%20Portfolio%20Disclosures/2026/Fortnightly%20Debt%20Scheme%20Portfolio%20-%2030th%20April%202026.zip,xlsx,,{},2026-08-20 18:28:16.178465+00:00
5cd328d0-2dec-478c-a574-b3c9a39b54fb,b73a4e1b-d7e7-423d-80e2-819720475863,portfolio_disclosure,,63e0372c-6dd1-4f45-8dde-5c7017fe5d76,2026-04-30,https://www.icicipruamc.com/blob/downloads/Files/Fortnightly%20Portfolio%20Disclosures/2026/Fortnightly%20Debt%20Scheme%20Portfolio%20-%2030th%20April%202026.zip,xlsx,,{},2026-08-20 18:28:16.178465+00:00
26865f61-c78e-4473-8c9d-cc3239c4f5f5,,portfolio_disclosure,,20e22757-6a93-4e58-8102-396ba968f1ba,2025-10-31,https://www.icicipruamc.com/blob/downloads/Files/Fortnightly%20Portfolio%20Disclosures/2025/Fortnightly%20Debt%20Scheme%20Portfolio%20-%2031st%20October%202025.zip,xlsx,,{},2026-08-20 18:56:29.884496+00:00
db8192fe-bc66-4475-a4ef-78e784c2a9f5,,portfolio_disclosure,,98066e78-446d-4158-912d-b4978e253dc7,2025-10-31,https://www.icicipruamc.com/blob/downloads/Files/Fortnightly%20Portfolio%20Disclosures/2025/Fortnightly%20Debt%20Scheme%20Portfolio%20-%2031st%20October%202025.zip,xlsx,,{},2026-08-20 18:56:29.884496+00:00
9207da00-72ab-4e54-a23a-a6066c75d0aa,5c4f1aa7-1ea6-4a33-9678-831ccfd6a891,portfolio_disclosure,,ee48130b-8fca-4ed0-afd2-00a220026270,2026-07-31,https://www.icicipruamc.com/blob/downloads/Files/Fortnightly%20Portfolio%20Disclosures/2026/Fortnightly%20Debt%20Scheme%20Portfolio%20-%2031st%20July%202026.zip,xlsx,,{},2026-08-20 18:27:34.254386+00:00
ec7986c5-513d-40ea-9ec7-512ac8ef910a,5c4f1aa7-1ea6-4a33-9678-831ccfd6a891,portfolio_disclosure,,a61ed046-fa42-4c77-b058-189a2d78ff97,2026-07-31,https://www.icicipruamc.com/blob/downloads/Files/Fortnightly%20Portfolio%20Disclosures/2026/Fortnightly%20Debt%20Scheme%20Portfolio%20-%2031st%20July%202026.zip,xlsx,,{},2026-08-20 18:27:34.254386+00:00
9a3d133b-68d7-48a0-afc8-2510d397d537,,portfolio_disclosure,,71eec18c-a00b-4a68-ba82-7f5366df2a07,2026-04-15,https://www.dspim.com/media/pages/mandatory-disclosures/portfolio-disclosures/32dad9bfe6-1776709859/dsp-isin-debt-fortnightly-portfolio-as-on-15-apr-2026.zip,xlsx,,{},2026-08-20 22:41:29.418591+00:00
fb898d59-4485-45c7-ab26-5e116012e641,5c4f1aa7-1ea6-4a33-9678-831ccfd6a891,portfolio_disclosure,,c66d488f-708e-4be7-920b-e553973ff0c3,2026-07-31,https://www.icicipruamc.com/blob/downloads/Files/Fortnightly%20Portfolio%20Disclosures/2026/Fortnightly%20Debt%20Scheme%20Portfolio%20-%2031st%20July%202026.zip,xlsx,,{},2026-08-20 18:27:34.254386+00:00
690946b0-9fe1-47f0-bd52-37b2d6fbb0dc,5c4f1aa7-1ea6-4a33-9678-831ccfd6a891,portfolio_disclosure,,fad97361-7dd4-49f1-9ac6-804f4baec973,2026-07-31,https://www.icicipruamc.com/blob/downloads/Files/Fortnightly%20Portfolio%20Disclosures/2026/Fortnightly%20Debt%20Scheme%20Portfolio%20-%2031st%20July%202026.zip,xlsx,,{},2026-08-20 18:27:34.254386+00:00
b21a2539-09ba-4f4e-8e34-55ea7a794e20,5c4f1aa7-1ea6-4a33-9678-831ccfd6a891,portfolio_disclosure,,e26a0e39-ae1a-4875-8429-3f73c5109441,2026-07-31,https://www.icicipruamc.com/blob/downloads/Files/Fortnightly%20Portfolio%20Disclosures/2026/Fortnightly%20Debt%20Scheme%20Portfolio%20-%2031st%20July%202026.zip,xlsx,,{},2026-08-20 18:27:34.254386+00:00
d9d70f33-f632-4297-91ca-5725eeccdc08,bd5bc4ee-ec80-4cb7-9fac-1576743014bd,portfolio_disclosure,,622ebaa0-c98a-4bdf-86fa-8f6caca4f48f,2026-07-15,https://www.icicipruamc.com/blob/downloads/Files/Fortnightly%20Portfolio%20Disclosures/2026/Fortnightly%20Debt%20Scheme%20Portfolio%20-%2015th%20July%202026.zip,xlsx,,{},2026-08-20 18:27:41.066956+00:00
58710e3a-04a8-4edf-8eb3-3382722118f0,bd5bc4ee-ec80-4cb7-9fac-1576743014bd,portfolio_disclosure,,d40c7d98-358f-4511-8875-0d598556dba5,2026-07-15,https://www.icicipruamc.com/blob/downloads/Files/Fortnightly%20Portfolio%20Disclosures/2026/Fortnightly%20Debt%20Scheme%20Portfolio%20-%2015th%20July%202026.zip,xlsx,,{},2026-08-20 18:27:41.066956+00:00
326715fb-07c9-4931-8e76-7f144fa2c345,,portfolio_disclosure,,7a3a92b3-cc50-4591-8a43-29c39a22c4f9,2026-04-15,https://www.dspim.com/media/pages/mandatory-disclosures/portfolio-disclosures/32dad9bfe6-1776709859/dsp-isin-debt-fortnightly-portfolio-as-on-15-apr-2026.zip,xlsx,,{},2026-08-20 22:41:29.418591+00:00
b589427f-69fd-42f9-953b-72c393be7909,,portfolio_disclosure,,ca0ed022-d06b-4991-b51a-01ae3478563c,2026-04-15,https://www.dspim.com/media/pages/mandatory-disclosures/portfolio-disclosures/32dad9bfe6-1776709859/dsp-isin-debt-fortnightly-portfolio-as-on-15-apr-2026.zip,xlsx,,{},2026-08-20 22:41:29.418591+00:00
28bfd549-aa21-43ce-83cd-a7b48e582301,,portfolio_disclosure,,51e974fb-9d32-4388-875e-74dce7a54e61,2026-04-15,https://www.dspim.com/media/pages/mandatory-disclosures/portfolio-disclosures/32dad9bfe6-1776709859/dsp-isin-debt-fortnightly-portfolio-as-on-15-apr-2026.zip,xlsx,,{},2026-08-20 22:41:29.418591+00:00
500c3517-9e40-4e12-a213-233d21f59167,,portfolio_disclosure,,13551233-e444-42f9-bd29-fb4516962636,2026-04-15,https://www.dspim.com/media/pages/mandatory-disclosures/portfolio-disclosures/32dad9bfe6-1776709859/dsp-isin-debt-fortnightly-portfolio-as-on-15-apr-2026.zip,xlsx,,{},2026-08-20 22:41:29.418591+00:00
e654a950-526b-47dc-9b3a-18907cd526fd,,portfolio_disclosure,,f4e1e292-a37c-4f3e-a13f-f09314e76d01,2026-04-15,https://www.dspim.com/media/pages/mandatory-disclosures/portfolio-disclosures/32dad9bfe6-1776709859/dsp-isin-debt-fortnightly-portfolio-as-on-15-apr-2026.zip,xlsx,,{},2026-08-20 22:41:29.418591+00:00
a05078df-d785-45a9-9f90-f370f478c055,,portfolio_disclosure,,f4e1e292-a37c-4f3e-a13f-f09314e76d01,2026-08-21,https://www.dspim.com/media/pages/mandatory-disclosures/portfolio-disclosures/32dad9bfe6-1776709859/dsp-isin-debt-fortnightly-portfolio-as-on-15-apr-2026.zip,xlsx,,{},2026-08-20 22:41:29.418591+00:00
751fd686-b8f8-489f-afcf-25ae4fff6a25,,portfolio_disclosure,,8f579104-f724-40ea-9cc8-4f067600065b,2026-04-15,https://www.dspim.com/media/pages/mandatory-disclosures/portfolio-disclosures/32dad9bfe6-1776709859/dsp-isin-debt-fortnightly-portfolio-as-on-15-apr-2026.zip,xlsx,,{},2026-08-20 22:41:29.418591+00:00
d2205ecb-ac87-4e2b-b1a3-1a0550a61aa2,,portfolio_disclosure,,20eda91b-7913-4913-ab03-ffb261092427,2026-04-15,https://www.dspim.com/media/pages/mandatory-disclosures/portfolio-disclosures/32dad9bfe6-1776709859/dsp-isin-debt-fortnightly-portfolio-as-on-15-apr-2026.zip,xlsx,,{},2026-08-20 22:41:29.418591+00:00
37f36961-8bb1-482e-8e89-2e203746d8d3,,portfolio_disclosure,,cc01123f-a146-4fdb-a8c1-8b9e38e7ada0,2026-04-15,https://www.dspim.com/media/pages/mandatory-disclosures/portfolio-disclosures/32dad9bfe6-1776709859/dsp-isin-debt-fortnightly-portfolio-as-on-15-apr-2026.zip,xlsx,,{},2026-08-20 22:41:29.418591+00:00
bc2630b8-8fc7-426d-b430-27d24ea8eb84,,portfolio_disclosure,,39142565-7a6d-4363-8ea0-ae9c51c8aed0,2026-04-15,https://www.dspim.com/media/pages/mandatory-disclosures/portfolio-disclosures/32dad9bfe6-1776709859/dsp-isin-debt-fortnightly-portfolio-as-on-15-apr-2026.zip,xlsx,,{},2026-08-20 22:41:29.418591+00:00
a559786c-731c-4815-9860-d31c9aa688c0,,portfolio_disclosure,,0b72eadb-6a8a-4210-9ee4-8621a547b832,2026-04-15,https://www.dspim.com/media/pages/mandatory-disclosures/portfolio-disclosures/32dad9bfe6-1776709859/dsp-isin-debt-fortnightly-portfolio-as-on-15-apr-2026.zip,xlsx,,{},2026-08-20 22:41:29.418591+00:00
c658dedd-26c6-4934-a798-4005a1a777cf,,portfolio_disclosure,,d91b6bd1-73eb-4670-8523-61758ee33d1c,2026-04-15,https://www.dspim.com/media/pages/mandatory-disclosures/portfolio-disclosures/32dad9bfe6-1776709859/dsp-isin-debt-fortnightly-portfolio-as-on-15-apr-2026.zip,xlsx,,{},2026-08-20 22:41:29.418591+00:00
69cd7f52-574f-4f48-8b6a-9965c232ee56,,portfolio_disclosure,,060424ab-98af-4691-83a2-0aa90f6101e1,2026-04-15,https://www.dspim.com/media/pages/mandatory-disclosures/portfolio-disclosures/32dad9bfe6-1776709859/dsp-isin-debt-fortnightly-portfolio-as-on-15-apr-2026.zip,xlsx,,{},2026-08-20 22:41:29.418591+00:00
58ab30d6-12df-4596-aedf-336c2d390706,b73a4e1b-d7e7-423d-80e2-819720475863,portfolio_disclosure,,dbb80926-5e14-4d67-afcb-1a0ff44a202a,2026-04-30,https://www.icicipruamc.com/blob/downloads/Files/Fortnightly%20Portfolio%20Disclosures/2026/Fortnightly%20Debt%20Scheme%20Portfolio%20-%2030th%20April%202026.zip,xlsx,,{},2026-08-20 18:28:16.178465+00:00
111113c2-3151-4d1f-91c2-f0c864261d8a,b73a4e1b-d7e7-423d-80e2-819720475863,portfolio_disclosure,,c31725e1-a968-4aff-b6ee-ec22399e1545,2026-04-30,https://www.icicipruamc.com/blob/downloads/Files/Fortnightly%20Portfolio%20Disclosures/2026/Fortnightly%20Debt%20Scheme%20Portfolio%20-%2030th%20April%202026.zip,xlsx,,{},2026-08-20 18:28:16.178465+00:00
3902917d-df4e-4daf-9ac7-82a4d2a8ca08,,portfolio_disclosure,,e99a804e-a9b1-435f-adb8-ff0a4279e719,2026-08-21,https://mutualfund.adityabirlacapital.com/-/media/bsl/files/resources/portfolio/portfolio-as-of-28-nov-2022-nsdapr27.zip,xlsx,,{},2026-08-20 22:55:51.204647+00:00
6959775f-560f-43a3-9a92-aab96921b56d,,portfolio_disclosure,,9296b50a-f411-4486-9740-677aae0f456d,2026-08-21,https://mutualfund.adityabirlacapital.com/-/media/bsl/files/resources/portfolio/portfolio-as-of-27-may-2021-cash.zip,xlsx,,{},2026-08-20 22:55:52.716627+00:00
f52d766f-6501-439a-87dc-fb2b961f6ff5,b73a4e1b-d7e7-423d-80e2-819720475863,portfolio_disclosure,,622ebaa0-c98a-4bdf-86fa-8f6caca4f48f,2026-04-30,https://www.icicipruamc.com/blob/downloads/Files/Fortnightly%20Portfolio%20Disclosures/2026/Fortnightly%20Debt%20Scheme%20Portfolio%20-%2030th%20April%202026.zip,xlsx,,{},2026-08-20 18:28:16.178465+00:00
7cb182cf-2cd4-4676-a3de-4c220384ad87,b73a4e1b-d7e7-423d-80e2-819720475863,portfolio_disclosure,,d40c7d98-358f-4511-8875-0d598556dba5,2026-04-30,https://www.icicipruamc.com/blob/downloads/Files/Fortnightly%20Portfolio%20Disclosures/2026/Fortnightly%20Debt%20Scheme%20Portfolio%20-%2030th%20April%202026.zip,xlsx,,{},2026-08-20 18:28:16.178465+00:00
b41ec4a8-26fb-47c9-9444-560985216392,,portfolio_disclosure,,a49cb0d1-ae59-443e-9cbc-db440e438249,2026-08-21,https://mutualfund.adityabirlacapital.com/-/media/bsl/files/resources/portfolio/portfolio-as-of--11-july-2024-debt.zip,xlsx,,{},2026-08-20 22:55:54.711358+00:00
fb0d17b1-9776-4228-8a13-cc53dd371e55,,portfolio_disclosure,,6232e589-7f3d-4b5e-9aca-69d58ef54da3,2026-08-21,https://mutualfund.adityabirlacapital.com/-/media/bsl/files/resources/portfolio/portfolio-as-of-17-october-2021-debt.zip,xlsx,,{},2026-08-20 22:55:56.577844+00:00
8d19539b-8bb5-4435-ba9d-507c23d42e8b,b73a4e1b-d7e7-423d-80e2-819720475863,portfolio_disclosure,,53124c6a-8134-4ae7-a1c4-7f431cd78c02,2026-04-30,https://www.icicipruamc.com/blob/downloads/Files/Fortnightly%20Portfolio%20Disclosures/2026/Fortnightly%20Debt%20Scheme%20Portfolio%20-%2030th%20April%202026.zip,xlsx,,{},2026-08-20 18:28:16.178465+00:00
c6501574-d787-4bff-a917-742e4796398e,b73a4e1b-d7e7-423d-80e2-819720475863,portfolio_disclosure,,ee48130b-8fca-4ed0-afd2-00a220026270,2026-04-30,https://www.icicipruamc.com/blob/downloads/Files/Fortnightly%20Portfolio%20Disclosures/2026/Fortnightly%20Debt%20Scheme%20Portfolio%20-%2030th%20April%202026.zip,xlsx,,{},2026-08-20 18:28:16.178465+00:00
c7a7d0a9-7d07-4efe-8be6-bb489cf29d12,,portfolio_disclosure,,5cca1ac0-ce1c-42e2-aa90-5e323b2c72ae,2026-04-15,https://www.dspim.com/media/pages/mandatory-disclosures/portfolio-disclosures/32dad9bfe6-1776709859/dsp-isin-debt-fortnightly-portfolio-as-on-15-apr-2026.zip,xlsx,,{},2026-08-20 22:41:29.418591+00:00
a20ac2fb-04bb-418f-9c44-a0c43dcd25b2,,portfolio_disclosure,,4925effe-8563-4ee5-8c7c-71d0f96b9433,2026-01-31,https://www.icicipruamc.com/blob/downloads/Files/Fortnightly%20Portfolio%20Disclosures/2026/Fortnightly%20Debt%20Scheme%20Portfolio%20-%2031st%20January%202026.zip,xlsx,,{},2026-08-20 18:55:39.780637+00:00
fad6cf26-e02d-4c92-b900-f15cd1efc5a0,,portfolio_disclosure,,9daff2f0-95a8-40f0-9f0d-a3ec3abc3e14,2026-01-31,https://www.icicipruamc.com/blob/downloads/Files/Fortnightly%20Portfolio%20Disclosures/2026/Fortnightly%20Debt%20Scheme%20Portfolio%20-%2031st%20January%202026.zip,xlsx,,{},2026-08-20 18:55:39.780637+00:00
de8a2124-3441-4c71-8cba-9ed7f9a1b4c4,,portfolio_disclosure,,53124c6a-8134-4ae7-a1c4-7f431cd78c02,2026-01-15,https://www.icicipruamc.com/blob/downloads/Files/Fortnightly%20Portfolio%20Disclosures/2026/Fortnightly%20Debt%20Scheme%20Portfolio%20-%2015th%20January%202026.zip,xlsx,,{},2026-08-20 18:55:47.706970+00:00
6ce7d3c1-381e-4d98-ab78-f30ff52728f1,,portfolio_disclosure,,ee48130b-8fca-4ed0-afd2-00a220026270,2026-01-15,https://www.icicipruamc.com/blob/downloads/Files/Fortnightly%20Portfolio%20Disclosures/2026/Fortnightly%20Debt%20Scheme%20Portfolio%20-%2015th%20January%202026.zip,xlsx,,{},2026-08-20 18:55:47.706970+00:00
6ab7a10e-0ab8-49fc-a086-a8f525f6df13,,portfolio_disclosure,,c661cefd-0639-46a1-9e98-914e6c08254a,2026-08-21,https://mutualfund.adityabirlacapital.com/-/media/bsl/files/resources/portfolio/portfolio-as-of-31-oct-2024-debt.zip,xlsx,,{},2026-08-20 22:56:00.894877+00:00
670a5ea0-808f-4a1c-ba99-ecba035bfd6e,,portfolio_disclosure,,c5b9bdc1-a422-4664-ad14-984abd299ec6,2026-04-15,https://www.dspim.com/media/pages/mandatory-disclosures/portfolio-disclosures/32dad9bfe6-1776709859/dsp-isin-debt-fortnightly-portfolio-as-on-15-apr-2026.zip,xlsx,,{},2026-08-20 22:41:29.418591+00:00
6fc99fc3-55f1-45c5-a136-6dd36fcaf24a,,portfolio_disclosure,,c6d0bdb0-de2c-4924-87d3-2d553a926e38,2026-04-15,https://www.dspim.com/media/pages/mandatory-disclosures/portfolio-disclosures/32dad9bfe6-1776709859/dsp-isin-debt-fortnightly-portfolio-as-on-15-apr-2026.zip,xlsx,,{},2026-08-20 22:41:29.418591+00:00
2a08fa4b-9281-4599-a167-687d1fa34d87,,portfolio_disclosure,,427717a6-6f69-4aa3-bade-6042985f37bd,2026-04-15,https://www.dspim.com/media/pages/mandatory-disclosures/portfolio-disclosures/32dad9bfe6-1776709859/dsp-isin-debt-fortnightly-portfolio-as-on-15-apr-2026.zip,xlsx,,{},2026-08-20 22:41:29.418591+00:00
437ba253-90bc-41ae-98a3-f0a69caaef2a,,portfolio_disclosure,,c3a4623f-fa2f-4444-b235-fb1f928bd2c4,2026-04-15,https://www.dspim.com/media/pages/mandatory-disclosures/portfolio-disclosures/32dad9bfe6-1776709859/dsp-isin-debt-fortnightly-portfolio-as-on-15-apr-2026.zip,xlsx,,{},2026-08-20 22:41:29.418591+00:00
093eab37-2023-4ece-b211-0637148f3fdc,,portfolio_disclosure,,0c09120c-9faf-4e1a-838b-49dd11be70be,2026-08-21,https://mutualfund.adityabirlacapital.com/-/media/bsl/files/resources/portfolio/portfolio-as-of--31-mar-2026-debt.zip,xlsx,,{},2026-08-20 22:56:05.980589+00:00
59c40f69-6831-467e-ad19-d75464ba19a8,,portfolio_disclosure,,f4587715-5df5-445b-a2c8-c037e5ed6083,2026-04-15,https://www.dspim.com/media/pages/mandatory-disclosures/portfolio-disclosures/32dad9bfe6-1776709859/dsp-isin-debt-fortnightly-portfolio-as-on-15-apr-2026.zip,xlsx,,{},2026-08-20 22:41:29.418591+00:00
821021e8-eadc-4920-b628-8da08772fa44,,portfolio_disclosure,,963e21ed-9c7e-4214-8ffc-3c0d3764c97d,2026-04-15,https://www.dspim.com/media/pages/mandatory-disclosures/portfolio-disclosures/32dad9bfe6-1776709859/dsp-isin-debt-fortnightly-portfolio-as-on-15-apr-2026.zip,xlsx,,{},2026-08-20 22:41:29.418591+00:00
81578b1a-1851-4852-8633-6f32b3c81a08,,portfolio_disclosure,,809ab198-7289-43e4-82e6-3993e363ab47,2026-04-15,https://www.dspim.com/media/pages/mandatory-disclosures/portfolio-disclosures/32dad9bfe6-1776709859/dsp-isin-debt-fortnightly-portfolio-as-on-15-apr-2026.zip,xlsx,,{},2026-08-20 22:41:29.418591+00:00
f751ff45-80fa-484b-bf50-8db761cf1ca3,,portfolio_disclosure,,03f15400-70a2-4b6b-af9a-60e870ee0a20,2026-04-15,https://www.dspim.com/media/pages/mandatory-disclosures/portfolio-disclosures/32dad9bfe6-1776709859/dsp-isin-debt-fortnightly-portfolio-as-on-15-apr-2026.zip,xlsx,,{},2026-08-20 22:41:29.418591+00:00
5cba694e-7d63-4e42-a7d6-b42a0cae9282,,portfolio_disclosure,,0bb007af-74b7-4030-b34f-790f72336d3a,2026-04-15,https://www.dspim.com/media/pages/mandatory-disclosures/portfolio-disclosures/32dad9bfe6-1776709859/dsp-isin-debt-fortnightly-portfolio-as-on-15-apr-2026.zip,xlsx,,{},2026-08-20 22:41:29.418591+00:00
4993c55a-25c6-4a36-9e64-6ff324360936,,portfolio_disclosure,,2c0b1d38-1966-4775-b957-ccd690c20fb5,2013-04-30,https://www.dspim.com/media/pages/mandatory-disclosures/portfolio-disclosures/e8ffa40c02-1757771555/month_end_portfolio_disclosure_april2013.zip,xlsx,,{},2026-08-20 22:41:37.221554+00:00
b361a45c-bfd4-43b8-a27e-acde7add9ad7,,portfolio_disclosure,,0847cae2-05c6-402d-a0df-de5967493b30,2013-04-30,https://www.dspim.com/media/pages/mandatory-disclosures/portfolio-disclosures/e8ffa40c02-1757771555/month_end_portfolio_disclosure_april2013.zip,xlsx,,{},2026-08-20 22:41:37.221554+00:00
e6ec5198-8d02-49d9-b255-85ccd4832663,,portfolio_disclosure,,4925effe-8563-4ee5-8c7c-71d0f96b9433,2026-03-31,https://www.icicipruamc.com/blob/downloads/Files/Fortnightly%20Portfolio%20Disclosures/2026/Fortnightly%20Debt%20Scheme%20Portfolio%20-%2031st%20March%202026.zip,xlsx,,{},2026-08-20 18:28:31.456959+00:00
0a2eaf5e-b48b-4352-9412-c3766280f2b1,,portfolio_disclosure,,9daff2f0-95a8-40f0-9f0d-a3ec3abc3e14,2026-03-31,https://www.icicipruamc.com/blob/downloads/Files/Fortnightly%20Portfolio%20Disclosures/2026/Fortnightly%20Debt%20Scheme%20Portfolio%20-%2031st%20March%202026.zip,xlsx,,{},2026-08-20 18:28:31.456959+00:00
5ee70a1d-a457-4b81-af81-36a62a85c3d8,,portfolio_disclosure,,c7b7d6fe-e23f-4b85-9771-5800ccc1ea98,2026-03-31,https://www.icicipruamc.com/blob/downloads/Files/Fortnightly%20Portfolio%20Disclosures/2026/Fortnightly%20Debt%20Scheme%20Portfolio%20-%2031st%20March%202026.zip,xlsx,,{},2026-08-20 18:28:31.456959+00:00
a9215b05-d640-472c-8cad-9f6c325c14e3,,portfolio_disclosure,,20e22757-6a93-4e58-8102-396ba968f1ba,2026-03-15,https://www.icicipruamc.com/blob/downloads/Files/Fortnightly%20Portfolio%20Disclosures/2026/Fortnightly%20Debt%20Scheme%20Portfolio%20-%2015th%20March%202026.zip,xlsx,,{},2026-08-20 18:55:15.970120+00:00
29e7e5ff-c394-4be5-a431-b2e97904da6f,,portfolio_disclosure,,98066e78-446d-4158-912d-b4978e253dc7,2026-03-15,https://www.icicipruamc.com/blob/downloads/Files/Fortnightly%20Portfolio%20Disclosures/2026/Fortnightly%20Debt%20Scheme%20Portfolio%20-%2015th%20March%202026.zip,xlsx,,{},2026-08-20 18:55:15.970120+00:00
96372b58-30cb-4458-86ad-35e76d483a7e,,portfolio_disclosure,,3912b974-ea04-47af-b408-177699089230,2026-03-15,https://www.icicipruamc.com/blob/downloads/Files/Fortnightly%20Portfolio%20Disclosures/2026/Fortnightly%20Debt%20Scheme%20Portfolio%20-%2015th%20March%202026.zip,xlsx,,{},2026-08-20 18:55:15.970120+00:00
cc2644ab-00d0-44e0-81bb-cc7d8ab9c356,,portfolio_disclosure,,3afd40d6-ebdb-41dd-9f3d-8e9913c30c81,2026-03-15,https://www.icicipruamc.com/blob/downloads/Files/Fortnightly%20Portfolio%20Disclosures/2026/Fortnightly%20Debt%20Scheme%20Portfolio%20-%2015th%20March%202026.zip,xlsx,,{},2026-08-20 18:55:15.970120+00:00
bf8a3e59-701c-4d71-b0e0-7c5a54fd5cc4,b73a4e1b-d7e7-423d-80e2-819720475863,portfolio_disclosure,,a61ed046-fa42-4c77-b058-189a2d78ff97,2026-04-30,https://www.icicipruamc.com/blob/downloads/Files/Fortnightly%20Portfolio%20Disclosures/2026/Fortnightly%20Debt%20Scheme%20Portfolio%20-%2030th%20April%202026.zip,xlsx,,{},2026-08-20 18:28:16.178465+00:00
145bacd6-24d9-4372-8eea-db88ad171668,b73a4e1b-d7e7-423d-80e2-819720475863,portfolio_disclosure,,c66d488f-708e-4be7-920b-e553973ff0c3,2026-04-30,https://www.icicipruamc.com/blob/downloads/Files/Fortnightly%20Portfolio%20Disclosures/2026/Fortnightly%20Debt%20Scheme%20Portfolio%20-%2030th%20April%202026.zip,xlsx,,{},2026-08-20 18:28:16.178465+00:00
c0ec0557-7bed-44f6-abe4-0a85d8c95aed,b73a4e1b-d7e7-423d-80e2-819720475863,portfolio_disclosure,,fad97361-7dd4-49f1-9ac6-804f4baec973,2026-04-30,https://www.icicipruamc.com/blob/downloads/Files/Fortnightly%20Portfolio%20Disclosures/2026/Fortnightly%20Debt%20Scheme%20Portfolio%20-%2030th%20April%202026.zip,xlsx,,{},2026-08-20 18:28:16.178465+00:00
c3bd367c-7cce-4f22-97c2-07d0339720a9,,portfolio_disclosure,,f76202bd-c6fb-4def-b33b-f12df06ee863,2026-08-21,https://mutualfund.adityabirlacapital.com/-/media/bsl/files/resources/portfolio/portfolio-as-of-31-july-2023-debt.zip,xlsx,,{},2026-08-20 22:56:10.713989+00:00
99d0f450-8657-40a6-9302-f2e2e7540672,,portfolio_disclosure,,b8bca89c-8862-4c47-a26a-2a219959a572,2026-08-21,https://mutualfund.adityabirlacapital.com/-/media/bsl/files/resources/portfolio/portfolio-as-of-24-june-2022r-nsdapr27.zip,xlsx,,{},2026-08-20 22:56:14.766183+00:00
26057948-1847-41ec-8ea9-0360a3ad03f3,,portfolio_disclosure,,1436fa7e-38d2-4980-808e-3de6fc7b5b63,2026-08-21,https://mutualfund.adityabirlacapital.com/-/media/bsl/files/resources/portfolio/portfolio-as-of-07-aug-2026.zip,xlsx,,{},2026-08-20 22:56:15.551982+00:00
a5e30a03-4e04-40d0-a693-c978bb6eb4d3,,portfolio_disclosure,,30bc36ae-ecc2-45db-8412-26a2c07011f3,2026-08-21,https://mutualfund.adityabirlacapital.com/-/media/bsl/files/resources/portfolio/portfolio-as-of-31-oct-2023-debt.zip,xlsx,,{},2026-08-20 22:56:17.157173+00:00
ae95f743-f174-453d-958e-fdfb1dfe867a,,portfolio_disclosure,,ce5d9644-a9ed-49ed-b3e3-cd0c12c79a9e,2026-08-21,https://mutualfund.adityabirlacapital.com/-/media/bsl/files/resources/portfolio/portfolio-as-of-31-aug-2022-debt.zip,xlsx,,{},2026-08-20 22:56:21.652933+00:00
e36523d7-3ae4-4356-93da-ff23e4a4af6b,bd5bc4ee-ec80-4cb7-9fac-1576743014bd,portfolio_disclosure,,b07f8708-4204-4414-a941-295f966896d7,2026-07-15,https://www.icicipruamc.com/blob/downloads/Files/Fortnightly%20Portfolio%20Disclosures/2026/Fortnightly%20Debt%20Scheme%20Portfolio%20-%2015th%20July%202026.zip,xlsx,,{},2026-08-20 18:27:41.066956+00:00
68fec3a8-25fa-4eb1-875c-bcaa709d13c0,bd5bc4ee-ec80-4cb7-9fac-1576743014bd,portfolio_disclosure,,4925effe-8563-4ee5-8c7c-71d0f96b9433,2026-07-15,https://www.icicipruamc.com/blob/downloads/Files/Fortnightly%20Portfolio%20Disclosures/2026/Fortnightly%20Debt%20Scheme%20Portfolio%20-%2015th%20July%202026.zip,xlsx,,{},2026-08-20 18:27:41.066956+00:00
124c3146-ec1c-4f16-9a56-fcf9311cd435,,portfolio_disclosure,,f41affba-be93-478d-8591-0d5de89bafb0,2013-11-30,https://www.dspim.com/media/pages/mandatory-disclosures/portfolio-disclosures/b36b402ef9-1757771556/month_end_portfolio_disclosure_november-2013.zip,xlsx,,{},2026-08-20 22:41:46.119427+00:00
499c57f2-916b-4935-a10e-e7b1c53a441a,,portfolio_disclosure,,645dc13b-118d-42cd-8ccb-fe981483152b,2013-11-30,https://www.dspim.com/media/pages/mandatory-disclosures/portfolio-disclosures/b36b402ef9-1757771556/month_end_portfolio_disclosure_november-2013.zip,xlsx,,{},2026-08-20 22:41:46.119427+00:00
b614ed35-a05c-40d8-aec8-bb210210002d,,portfolio_disclosure,,39bd5974-4c82-4457-bfd8-bfead40cd71f,2023-05-15,https://www.dspim.com/media/pages/mandatory-disclosures/portfolio-disclosures/3de9cec4d0-1757771554/dsp-isin-debt-portfolio-as-on-may-15-2023.xlsx,xlsx,,{},2026-08-20 22:41:55.169993+00:00
55529acb-09e7-4096-a2c0-356284a86107,,portfolio_disclosure,,4c0b62ae-5310-4f78-9daf-9dc2c317b347,2023-05-15,https://www.dspim.com/media/pages/mandatory-disclosures/portfolio-disclosures/3de9cec4d0-1757771554/dsp-isin-debt-portfolio-as-on-may-15-2023.xlsx,xlsx,,{},2026-08-20 22:41:55.169993+00:00
2f40193c-0f28-49c4-bcef-1853694f2e58,,portfolio_disclosure,,39bd5974-4c82-4457-bfd8-bfead40cd71f,2023-01-31,https://www.dspim.com/media/pages/mandatory-disclosures/portfolio-disclosures/0143dbb0cc-1757771553/dsp-isin-debt-portfolio-as-on-31st-january-2023.xlsx,xlsx,,{},2026-08-20 22:41:56.267597+00:00
f55e3f8c-303a-4c43-9764-b437710f2617,,portfolio_disclosure,,4c0b62ae-5310-4f78-9daf-9dc2c317b347,2023-01-31,https://www.dspim.com/media/pages/mandatory-disclosures/portfolio-disclosures/0143dbb0cc-1757771553/dsp-isin-debt-portfolio-as-on-31st-january-2023.xlsx,xlsx,,{},2026-08-20 22:41:56.267597+00:00
ab6bb7bb-ed3b-4b58-9c66-fb90580252a6,,portfolio_disclosure,,39bd5974-4c82-4457-bfd8-bfead40cd71f,2021-03-15,https://www.dspim.com/media/pages/mandatory-disclosures/portfolio-disclosures/28214812f4-1757771552/dsp-debt-isin-portfolio-15th-mar-2021.xlsx,xlsx,,{},2026-08-20 22:42:00.725002+00:00
4b08ca77-a4e8-44ed-ad19-c3d6342f7459,,portfolio_disclosure,,047e718c-b972-47f8-9513-91b87c5cabef,2025-12-31,https://www.icicipruamc.com/blob/downloads/Files/Fortnightly%20Portfolio%20Disclosures/2025/Fortnightly%20Debt%20Scheme%20Portfolio%20-%2031st%20December%202025.zip,xlsx,,{},2026-08-20 18:55:55.550501+00:00
3aea20cc-4cc6-4439-9085-cecde6bbd7e7,,portfolio_disclosure,,bd87bcf7-b74d-4dab-a361-5588faa94e8e,2025-12-31,https://www.icicipruamc.com/blob/downloads/Files/Fortnightly%20Portfolio%20Disclosures/2025/Fortnightly%20Debt%20Scheme%20Portfolio%20-%2031st%20December%202025.zip,xlsx,,{},2026-08-20 18:55:55.550501+00:00
595fa1bb-be01-467b-9c30-350e27fd0e44,,portfolio_disclosure,,a8a76a2e-8f67-49e4-aeb1-7366d2a7b1f7,2025-12-31,https://www.icicipruamc.com/blob/downloads/Files/Fortnightly%20Portfolio%20Disclosures/2025/Fortnightly%20Debt%20Scheme%20Portfolio%20-%2031st%20December%202025.zip,xlsx,,{},2026-08-20 18:55:55.550501+00:00
352dbd24-85cb-4603-9b17-194b3b5b6066,,portfolio_disclosure,,56c7a4bb-eb51-49cc-b39c-f0641d5d748e,2025-12-31,https://www.icicipruamc.com/blob/downloads/Files/Fortnightly%20Portfolio%20Disclosures/2025/Fortnightly%20Debt%20Scheme%20Portfolio%20-%2031st%20December%202025.zip,xlsx,,{},2026-08-20 18:55:55.550501+00:00
2ce9f184-c3eb-41be-a47b-e3d05db7ce0e,,portfolio_disclosure,,e915ea7a-9d17-4202-8af5-1af30c0db33b,2026-08-21,https://mutualfund.adityabirlacapital.com/-/media/bsl/files/resources/portfolio/portfolio-as-of-16-oct-2022-debt.xlsx,xlsx,,{},2026-08-20 22:56:26.099612+00:00
2f8441a3-d688-4c76-be47-7283a355dd53,,portfolio_disclosure,,4e6f7d54-1b55-44a0-b9e9-1b0e3247dff3,2026-08-21,https://mutualfund.adityabirlacapital.com/-/media/bsl/files/resources/portfolio/portfolio-as-of-16-oct-2022-debt.xlsx,xlsx,,{},2026-08-20 22:56:26.099612+00:00
68613cae-35f5-4c20-8c7d-121b39e8999b,,portfolio_disclosure,,12849918-c67f-4345-8bf8-290eacf8a7d2,2026-08-21,https://mutualfund.adityabirlacapital.com/-/media/bsl/files/resources/portfolio/portfolio-as-of-16-oct-2022-debt.xlsx,xlsx,,{},2026-08-20 22:56:26.099612+00:00
e6f039f9-fd2a-4395-a7a9-ec37eac5c6ac,,portfolio_disclosure,,fb0a8711-6c29-4de0-a1ff-3bc3c484facc,2026-08-21,https://mutualfund.adityabirlacapital.com/-/media/bsl/files/resources/portfolio/portfolio-as-of-16-oct-2022-debt.xlsx,xlsx,,{},2026-08-20 22:56:26.099612+00:00
e51f2ffc-04e7-45cb-b064-3f46ecdd10f5,b73a4e1b-d7e7-423d-80e2-819720475863,portfolio_disclosure,,e26a0e39-ae1a-4875-8429-3f73c5109441,2026-04-30,https://www.icicipruamc.com/blob/downloads/Files/Fortnightly%20Portfolio%20Disclosures/2026/Fortnightly%20Debt%20Scheme%20Portfolio%20-%2030th%20April%202026.zip,xlsx,,{},2026-08-20 18:28:16.178465+00:00
f176db91-f38b-4875-bf00-be41cdc90349,b73a4e1b-d7e7-423d-80e2-819720475863,portfolio_disclosure,,148fda89-05a6-4d1d-bad1-a16ea5a774a7,2026-04-30,https://www.icicipruamc.com/blob/downloads/Files/Fortnightly%20Portfolio%20Disclosures/2026/Fortnightly%20Debt%20Scheme%20Portfolio%20-%2030th%20April%202026.zip,xlsx,,{},2026-08-20 18:28:16.178465+00:00
5a833c9d-bbea-4684-953b-5c6ca9395a55,b73a4e1b-d7e7-423d-80e2-819720475863,portfolio_disclosure,,375378d3-7e30-4ab5-87da-0dbd54bf8388,2026-04-30,https://www.icicipruamc.com/blob/downloads/Files/Fortnightly%20Portfolio%20Disclosures/2026/Fortnightly%20Debt%20Scheme%20Portfolio%20-%2030th%20April%202026.zip,xlsx,,{},2026-08-20 18:28:16.178465+00:00
04cf09c0-8ed9-4d7d-9306-a0f9be42a19f,,portfolio_disclosure,,4dcef8d6-64f4-47fa-a84a-f07641eb32d5,2026-08-21,https://mutualfund.adityabirlacapital.com/-/media/bsl/files/resources/portfolio/portfolio-as-of-16-oct-2022-debt.xlsx,xlsx,,{},2026-08-20 22:56:26.099612+00:00
030ec198-e007-4446-b972-d55fdee86eb7,58267e93-36a1-42a0-92bb-3a7f099508de,portfolio_disclosure,,e8484527-9d2f-4fbe-8d3c-a2d185b241d1,2025-04-30,https://www.dspim.com/media/pages/mandatory-disclosures/portfolio-disclosures/d68a67cdea-1757771557/monthend-portfolio-april-30-2025.zip,xlsx,,{},2026-08-20 22:41:58.786864+00:00
5e0c4780-b22b-4e71-8c32-4642b68bfaf6,58267e93-36a1-42a0-92bb-3a7f099508de,portfolio_disclosure,,88894471-860a-4da0-8488-d1add8f42917,2025-04-30,https://www.dspim.com/media/pages/mandatory-disclosures/portfolio-disclosures/d68a67cdea-1757771557/monthend-portfolio-april-30-2025.zip,xlsx,,{},2026-08-20 22:41:58.786864+00:00
498a8380-c3f0-4176-bb23-5a36f92458bf,85ab84f7-da0c-414f-8f21-d760b845d0c1,portfolio_disclosure,,fad97361-7dd4-49f1-9ac6-804f4baec973,2026-06-30,https://www.icicipruamc.com/blob/downloads/Files/Fortnightly%20Portfolio%20Disclosures/2026/Fortnightly%20Debt%20Scheme%20Portfolio%20-%2030th%20June%202026.zip,xlsx,,{},2026-08-20 18:27:48.142150+00:00
c87589f7-f539-4349-88ad-7af710289795,4325e98b-810f-4a9f-b510-0d18201e9709,portfolio_disclosure,,4c0b62ae-5310-4f78-9daf-9dc2c317b347,2022-02-15,https://www.dspim.com/media/pages/mandatory-disclosures/portfolio-disclosures/200a705eaf-1757771553/dsp-isin-debt-portfolio-as-on-15th-feb-2022.xlsx,xlsx,,{},2026-08-21 22:10:06.392200+00:00
8a01e350-2153-41f0-a577-d6ee81512806,4325e98b-810f-4a9f-b510-0d18201e9709,portfolio_disclosure,,4b79d7b6-ca96-4225-965f-f0e1a7993d18,2022-02-15,https://www.dspim.com/media/pages/mandatory-disclosures/portfolio-disclosures/200a705eaf-1757771553/dsp-isin-debt-portfolio-as-on-15th-feb-2022.xlsx,xlsx,,{},2026-08-21 22:10:06.392200+00:00
d9820de1-596c-4604-bf90-a4c793ba6bf0,4325e98b-810f-4a9f-b510-0d18201e9709,portfolio_disclosure,,d7d97876-3f48-4125-a93c-5fadd10b4402,2022-02-15,https://www.dspim.com/media/pages/mandatory-disclosures/portfolio-disclosures/200a705eaf-1757771553/dsp-isin-debt-portfolio-as-on-15th-feb-2022.xlsx,xlsx,,{},2026-08-21 22:10:06.392200+00:00
b18e4aaa-459b-4445-bf6e-d26d078081dd,85ab84f7-da0c-414f-8f21-d760b845d0c1,portfolio_disclosure,,e26a0e39-ae1a-4875-8429-3f73c5109441,2026-06-30,https://www.icicipruamc.com/blob/downloads/Files/Fortnightly%20Portfolio%20Disclosures/2026/Fortnightly%20Debt%20Scheme%20Portfolio%20-%2030th%20June%202026.zip,xlsx,,{},2026-08-20 18:27:48.142150+00:00
59f6b751-7e57-4250-8c85-4ce3439fa2f2,85ab84f7-da0c-414f-8f21-d760b845d0c1,portfolio_disclosure,,148fda89-05a6-4d1d-bad1-a16ea5a774a7,2026-06-30,https://www.icicipruamc.com/blob/downloads/Files/Fortnightly%20Portfolio%20Disclosures/2026/Fortnightly%20Debt%20Scheme%20Portfolio%20-%2030th%20June%202026.zip,xlsx,,{},2026-08-20 18:27:48.142150+00:00
118f7c2d-ce8b-43b2-9a67-07d2931ec169,8ace8a0b-582c-45ec-8f9a-d036e00869f6,portfolio_disclosure,,7eab5f48-0f0f-48f8-87c3-4a9455454708,2024-10-15,https://amc.ppfas.com/downloads/portfolio-disclosure/fortnightly-debt-portfolio-disclosure/2024/PPLF_Fortnightly_Portfolio_Report_15-october-2024.xlsx?18102024_2,xlsx,,{},2026-08-21 21:53:34.882872+00:00
106ff9eb-0cc0-4737-a315-2ebaba86872a,98f56376-6637-4baf-a265-bac40d8f3819,portfolio_disclosure,,ff7b16fe-a92e-4481-b4db-5e149a054324,2025-02-15,https://amc.ppfas.com/downloads/portfolio-disclosure/fortnightly-debt-portfolio-disclosure/2025/PPCHF_Fortnightly_Portfolio_Report_15-february-2025.xlsx?19022025,xlsx,,{},2026-08-21 21:53:38.364677+00:00
749dabd3-fc97-48c3-8357-ec5440e70865,9da91e26-6e2c-45b3-9df0-6a02c42e7ccf,portfolio_disclosure,,b0abf000-eda9-4e20-b907-2b6e66f7f252,2026-03-31,https://amc.ppfas.com/downloads/portfolio-disclosure/2026/PPAF_PPFAS_Monthly_Portfolio_Report_March_31_2026.xlsx?08042026_3,xlsx,,{},2026-08-21 21:53:42.720113+00:00
eef8632c-1085-45d5-b7ac-4c5d75b06d83,b7ef1a7a-9de4-4f87-823f-76dbd6ca11d1,portfolio_disclosure,,7eab5f48-0f0f-48f8-87c3-4a9455454708,2024-04-15,https://amc.ppfas.com/downloads/portfolio-disclosure/fortnightly-debt-portfolio-disclosure/2024/PPLF_Fortnightly_Portfolio_Report_15-april-2024.xlsx?10042024,xlsx,,{},2026-08-21 21:53:44.661726+00:00
b3bbb6e1-80d0-4309-91cc-f560a1f18455,23dd62f5-df1c-46c4-b154-1e66e09a11d9,portfolio_disclosure,,39bd5974-4c82-4457-bfd8-bfead40cd71f,2022-05-15,https://www.dspim.com/media/pages/mandatory-disclosures/portfolio-disclosures/2c50f58541-1757771553/dsp-isin-debt-portfolio-as-on-15th-may-2022.xlsx,xlsx,,{},2026-08-21 21:53:51.679538+00:00
02b05a0b-74a9-40b8-b5a4-f7e22c8d2a34,23dd62f5-df1c-46c4-b154-1e66e09a11d9,portfolio_disclosure,,4c0b62ae-5310-4f78-9daf-9dc2c317b347,2022-05-15,https://www.dspim.com/media/pages/mandatory-disclosures/portfolio-disclosures/2c50f58541-1757771553/dsp-isin-debt-portfolio-as-on-15th-may-2022.xlsx,xlsx,,{},2026-08-21 21:53:51.679538+00:00
8afa73b6-1f27-4305-a1f9-e2d921560afa,23dd62f5-df1c-46c4-b154-1e66e09a11d9,portfolio_disclosure,,4b79d7b6-ca96-4225-965f-f0e1a7993d18,2022-05-15,https://www.dspim.com/media/pages/mandatory-disclosures/portfolio-disclosures/2c50f58541-1757771553/dsp-isin-debt-portfolio-as-on-15th-may-2022.xlsx,xlsx,,{},2026-08-21 21:53:51.679538+00:00
ce78e01f-123c-4741-a2fd-2e7771fd1945,,portfolio_disclosure,,07b95131-04cb-4999-88ae-fa505fc5638c,2026-08-21,https://mutualfund.adityabirlacapital.com/-/media/bsl/files/resources/portfolio/portfolio-as-of-16-oct-2022-debt.xlsx,xlsx,,{},2026-08-20 22:56:26.099612+00:00
2024832e-9c34-47a5-826c-e16f34419e20,,portfolio_disclosure,,93e8c737-4e16-443d-ab17-fe6fb47e9bb8,2026-08-21,https://mutualfund.adityabirlacapital.com/-/media/bsl/files/resources/portfolio/portfolio-as-of-16-oct-2022-debt.xlsx,xlsx,,{},2026-08-20 22:56:26.099612+00:00
13e80b5c-e98f-42be-8b4f-30778e9d3ee1,,portfolio_disclosure,,b68a3748-3e94-4b91-99e3-80c273548326,2025-12-31,https://www.icicipruamc.com/blob/downloads/Files/Fortnightly%20Portfolio%20Disclosures/2025/Fortnightly%20Debt%20Scheme%20Portfolio%20-%2031st%20December%202025.zip,xlsx,,{},2026-08-20 18:55:55.550501+00:00
0775ea37-9363-4a6c-b1f7-e937b3c9081e,,portfolio_disclosure,,965baf1f-07d2-44f6-9730-bbcfbc0f8ddb,2025-12-31,https://www.icicipruamc.com/blob/downloads/Files/Fortnightly%20Portfolio%20Disclosures/2025/Fortnightly%20Debt%20Scheme%20Portfolio%20-%2031st%20December%202025.zip,xlsx,,{},2026-08-20 18:55:55.550501+00:00
caffbad5-8ad5-485e-96ca-7c5e339cea5d,,portfolio_disclosure,,8d0575fc-07bc-4f96-b226-e812f020aca4,2026-08-21,https://mutualfund.adityabirlacapital.com/-/media/bsl/files/resources/portfolio/portfolio-as-of-16-oct-2022-debt.xlsx,xlsx,,{},2026-08-20 22:56:26.099612+00:00
98431cca-3299-40e7-8638-1756b1ed5d14,,portfolio_disclosure,,c25f5a3a-d980-48b5-8893-bea3b60ab023,2026-08-21,https://mutualfund.adityabirlacapital.com/-/media/bsl/files/resources/portfolio/portfolio-as-of-16-oct-2022-debt.xlsx,xlsx,,{},2026-08-20 22:56:26.099612+00:00
210cff00-f357-40c7-8cf4-d85baab3b8b0,,portfolio_disclosure,,38529db5-2963-43ff-a598-7442078e8ae4,2026-08-21,https://mutualfund.adityabirlacapital.com/-/media/bsl/files/resources/portfolio/portfolio-as-of-16-oct-2022-debt.xlsx,xlsx,,{},2026-08-20 22:56:26.099612+00:00
2bb73a1c-bb5d-4acd-b6f9-23eb39f9f089,,portfolio_disclosure,,bbc5e475-5d50-45be-b81e-7f3c276a92d5,2026-08-21,https://mutualfund.adityabirlacapital.com/-/media/bsl/files/resources/portfolio/portfolio-as-of-16-oct-2022-debt.xlsx,xlsx,,{},2026-08-20 22:56:26.099612+00:00
203225ce-e186-472a-bda3-82cddb338134,,portfolio_disclosure,,b1db9b5b-8537-4540-8a66-1e00c3d2b375,2026-08-21,https://mutualfund.adityabirlacapital.com/-/media/bsl/files/resources/portfolio/portfolio-as-of-16-oct-2022-debt.xlsx,xlsx,,{},2026-08-20 22:56:26.099612+00:00
f97f2d00-3cb2-4545-ac79-af716b47b19e,,portfolio_disclosure,,eb5d7a9b-b12c-4ce5-b85d-a5b283bcf604,2026-08-21,https://mutualfund.adityabirlacapital.com/-/media/bsl/files/resources/portfolio/portfolio-as-of-16-oct-2022-debt.xlsx,xlsx,,{},2026-08-20 22:56:26.099612+00:00
db14c694-58c7-49e2-b4d5-4781a846acdf,,portfolio_disclosure,,1a6dcae3-b17a-4d21-b4a3-a255ba751eaf,2026-08-21,https://mutualfund.adityabirlacapital.com/-/media/bsl/files/resources/portfolio/portfolio-as-of-16-oct-2022-debt.xlsx,xlsx,,{},2026-08-20 22:56:26.099612+00:00
b1ed2718-1f21-42d0-b698-bf5d4af79423,,portfolio_disclosure,,46b73b04-6296-4b20-8bb8-2675816d34ef,2026-08-21,https://mutualfund.adityabirlacapital.com/-/media/bsl/files/resources/portfolio/portfolio-as-of-16-oct-2022-debt.xlsx,xlsx,,{},2026-08-20 22:56:26.099612+00:00
9d89e95a-40cc-4490-9759-ab96f093b622,,portfolio_disclosure,,e677c693-3811-49af-94da-9566e60ffe15,2026-08-21,https://mutualfund.adityabirlacapital.com/-/media/bsl/files/resources/portfolio/portfolio-as-of-16-oct-2022-debt.xlsx,xlsx,,{},2026-08-20 22:56:26.099612+00:00
da6f89ad-7b3b-4ee8-aed3-55c9d3abc7e8,,portfolio_disclosure,,c8ce5108-7bef-4a3a-a1c0-36d541353800,2026-08-21,https://mutualfund.adityabirlacapital.com/-/media/bsl/files/resources/portfolio/portfolio-as-of-22-jun-2026-debt.zip,xlsx,,{},2026-08-20 22:56:30.145317+00:00
4a9498ba-7f11-4d82-a4a6-6a21e79c7aec,,portfolio_disclosure,,e6364442-07c5-4dae-9521-99cac26d92e8,2026-08-21,https://mutualfund.adityabirlacapital.com/-/media/bsl/files/resources/portfolio/portfolio-as-of-21-december-2021-liquid.zip,xlsx,,{},2026-08-20 22:56:31.509000+00:00
1b7adf54-9a90-46b1-8e46-344a1b2c8f30,,portfolio_disclosure,,40db3f88-9865-487f-8ffd-79dfa31c3b61,2026-08-21,https://mutualfund.adityabirlacapital.com/-/media/bsl/files/resources/portfolio/portfolio-as-of-15-dec-2020-7-debt.zip,xlsx,,{},2026-08-20 22:56:34.148187+00:00
0390eb6f-dcda-4ebd-8a82-111356e796fe,,portfolio_disclosure,,2af4adf3-ac75-49b5-9eda-0402727da290,2026-08-21,https://mutualfund.adityabirlacapital.com/-/media/bsl/files/resources/portfolio/portfolio-as-of-30-apr-2024-debt.zip,xlsx,,{},2026-08-20 22:56:38.095739+00:00
6270ae57-1950-4f56-bc1c-cc31acf2457b,,portfolio_disclosure,,e915ea7a-9d17-4202-8af5-1af30c0db33b,2026-08-21,https://mutualfund.adityabirlacapital.com/-/media/bsl/files/resources/portfolio/portfolio-as-of-15-jul-2026---debt.xlsx,xlsx,,{},2026-08-20 22:56:43.413905+00:00
3f7ffa07-8ac8-4880-8637-92745c185667,3f59ec4e-1f8f-4bba-8332-26e3dcd6f8d9,portfolio_disclosure,,20e22757-6a93-4e58-8102-396ba968f1ba,2026-06-15,https://www.icicipruamc.com/blob/downloads/Files/Fortnightly%20Portfolio%20Disclosures/2026/Fortnightly%20Debt%20Scheme%20Portfolio%20-%2015th%20June%202026.zip,xlsx,,{},2026-08-20 18:27:54.874626+00:00
23a01441-ce57-40c6-9809-f333e8422aa8,3f59ec4e-1f8f-4bba-8332-26e3dcd6f8d9,portfolio_disclosure,,98066e78-446d-4158-912d-b4978e253dc7,2026-06-15,https://www.icicipruamc.com/blob/downloads/Files/Fortnightly%20Portfolio%20Disclosures/2026/Fortnightly%20Debt%20Scheme%20Portfolio%20-%2015th%20June%202026.zip,xlsx,,{},2026-08-20 18:27:54.874626+00:00
c51448d1-6db2-4eaf-8379-3e766053514c,3f59ec4e-1f8f-4bba-8332-26e3dcd6f8d9,portfolio_disclosure,,26c2b3d7-2605-4d94-b305-1f1fd1ee2e2a,2026-06-15,https://www.icicipruamc.com/blob/downloads/Files/Fortnightly%20Portfolio%20Disclosures/2026/Fortnightly%20Debt%20Scheme%20Portfolio%20-%2015th%20June%202026.zip,xlsx,,{},2026-08-20 18:27:54.874626+00:00
6e465577-19c8-463d-a2df-c04162793a1a,3f59ec4e-1f8f-4bba-8332-26e3dcd6f8d9,portfolio_disclosure,,3912b974-ea04-47af-b408-177699089230,2026-06-15,https://www.icicipruamc.com/blob/downloads/Files/Fortnightly%20Portfolio%20Disclosures/2026/Fortnightly%20Debt%20Scheme%20Portfolio%20-%2015th%20June%202026.zip,xlsx,,{},2026-08-20 18:27:54.874626+00:00
5edc9a12-b154-4bd9-a2f6-e78a884a9543,3f59ec4e-1f8f-4bba-8332-26e3dcd6f8d9,portfolio_disclosure,,3afd40d6-ebdb-41dd-9f3d-8e9913c30c81,2026-06-15,https://www.icicipruamc.com/blob/downloads/Files/Fortnightly%20Portfolio%20Disclosures/2026/Fortnightly%20Debt%20Scheme%20Portfolio%20-%2015th%20June%202026.zip,xlsx,,{},2026-08-20 18:27:54.874626+00:00
25ed114a-f60d-4d3f-b29c-8082e16b5cae,3f59ec4e-1f8f-4bba-8332-26e3dcd6f8d9,portfolio_disclosure,,bd87bcf7-b74d-4dab-a361-5588faa94e8e,2026-06-15,https://www.icicipruamc.com/blob/downloads/Files/Fortnightly%20Portfolio%20Disclosures/2026/Fortnightly%20Debt%20Scheme%20Portfolio%20-%2015th%20June%202026.zip,xlsx,,{},2026-08-20 18:27:54.874626+00:00
00a6437f-7778-48e3-988d-a48d49f0410e,3f59ec4e-1f8f-4bba-8332-26e3dcd6f8d9,portfolio_disclosure,,a8a76a2e-8f67-49e4-aeb1-7366d2a7b1f7,2026-06-15,https://www.icicipruamc.com/blob/downloads/Files/Fortnightly%20Portfolio%20Disclosures/2026/Fortnightly%20Debt%20Scheme%20Portfolio%20-%2015th%20June%202026.zip,xlsx,,{},2026-08-20 18:27:54.874626+00:00
3aea4da3-361e-4d59-9449-c4717ec87c9b,23dd62f5-df1c-46c4-b154-1e66e09a11d9,portfolio_disclosure,,d7d97876-3f48-4125-a93c-5fadd10b4402,2022-05-15,https://www.dspim.com/media/pages/mandatory-disclosures/portfolio-disclosures/2c50f58541-1757771553/dsp-isin-debt-portfolio-as-on-15th-may-2022.xlsx,xlsx,,{},2026-08-21 21:53:51.679538+00:00
c6ea8694-f99d-4426-aba2-3d5f56792bbf,23dd62f5-df1c-46c4-b154-1e66e09a11d9,portfolio_disclosure,,a5cbc07f-1e64-4817-8efe-bca3d4a64f5c,2022-05-15,https://www.dspim.com/media/pages/mandatory-disclosures/portfolio-disclosures/2c50f58541-1757771553/dsp-isin-debt-portfolio-as-on-15th-may-2022.xlsx,xlsx,,{},2026-08-21 21:53:51.679538+00:00
d381b0b0-444c-4681-93f4-2227cc50c353,23dd62f5-df1c-46c4-b154-1e66e09a11d9,portfolio_disclosure,,711bb119-31de-44af-bb63-de60d060214f,2022-05-15,https://www.dspim.com/media/pages/mandatory-disclosures/portfolio-disclosures/2c50f58541-1757771553/dsp-isin-debt-portfolio-as-on-15th-may-2022.xlsx,xlsx,,{},2026-08-21 21:53:51.679538+00:00
81a0ffdf-f937-4e62-93ea-419ae56ce06c,23dd62f5-df1c-46c4-b154-1e66e09a11d9,portfolio_disclosure,,aa38dd68-4660-4a1b-b174-fd59e0c778fd,2022-05-15,https://www.dspim.com/media/pages/mandatory-disclosures/portfolio-disclosures/2c50f58541-1757771553/dsp-isin-debt-portfolio-as-on-15th-may-2022.xlsx,xlsx,,{},2026-08-21 21:53:51.679538+00:00
4f49cee2-2006-491c-a06f-0c2ca704c6fa,23dd62f5-df1c-46c4-b154-1e66e09a11d9,portfolio_disclosure,,646d8ef3-03fa-43e8-8dec-4f4eb638210c,2022-05-15,https://www.dspim.com/media/pages/mandatory-disclosures/portfolio-disclosures/2c50f58541-1757771553/dsp-isin-debt-portfolio-as-on-15th-may-2022.xlsx,xlsx,,{},2026-08-21 21:53:51.679538+00:00
650c7ab5-29b1-4315-a792-db49557298ab,23dd62f5-df1c-46c4-b154-1e66e09a11d9,portfolio_disclosure,,d63d2a0d-4ec8-49c9-8151-f219e714445f,2022-05-15,https://www.dspim.com/media/pages/mandatory-disclosures/portfolio-disclosures/2c50f58541-1757771553/dsp-isin-debt-portfolio-as-on-15th-may-2022.xlsx,xlsx,,{},2026-08-21 21:53:51.679538+00:00
04305bb9-3851-4a21-9bef-a9946a4304b1,,portfolio_disclosure,,d40c7d98-358f-4511-8875-0d598556dba5,2026-03-15,https://www.icicipruamc.com/blob/downloads/Files/Fortnightly%20Portfolio%20Disclosures/2026/Fortnightly%20Debt%20Scheme%20Portfolio%20-%2015th%20March%202026.zip,xlsx,,{},2026-08-20 18:55:15.970120+00:00
d3c42ce2-6ba2-4642-a124-f9d916094106,,portfolio_disclosure,,53124c6a-8134-4ae7-a1c4-7f431cd78c02,2026-03-15,https://www.icicipruamc.com/blob/downloads/Files/Fortnightly%20Portfolio%20Disclosures/2026/Fortnightly%20Debt%20Scheme%20Portfolio%20-%2015th%20March%202026.zip,xlsx,,{},2026-08-20 18:55:15.970120+00:00
6be1085c-05ff-42d7-95d9-ad48a25a6f96,,portfolio_disclosure,,ee48130b-8fca-4ed0-afd2-00a220026270,2026-03-15,https://www.icicipruamc.com/blob/downloads/Files/Fortnightly%20Portfolio%20Disclosures/2026/Fortnightly%20Debt%20Scheme%20Portfolio%20-%2015th%20March%202026.zip,xlsx,,{},2026-08-20 18:55:15.970120+00:00
4abe72eb-9180-4ded-b955-f011778ce23d,,portfolio_disclosure,,a61ed046-fa42-4c77-b058-189a2d78ff97,2026-03-15,https://www.icicipruamc.com/blob/downloads/Files/Fortnightly%20Portfolio%20Disclosures/2026/Fortnightly%20Debt%20Scheme%20Portfolio%20-%2015th%20March%202026.zip,xlsx,,{},2026-08-20 18:55:15.970120+00:00
66a51756-6e37-4ed3-9480-ec41fa923888,,portfolio_disclosure,,c66d488f-708e-4be7-920b-e553973ff0c3,2026-03-15,https://www.icicipruamc.com/blob/downloads/Files/Fortnightly%20Portfolio%20Disclosures/2026/Fortnightly%20Debt%20Scheme%20Portfolio%20-%2015th%20March%202026.zip,xlsx,,{},2026-08-20 18:55:15.970120+00:00
6c51dc86-cec5-4313-82de-0dee2cd39ef9,,portfolio_disclosure,,fad97361-7dd4-49f1-9ac6-804f4baec973,2026-03-15,https://www.icicipruamc.com/blob/downloads/Files/Fortnightly%20Portfolio%20Disclosures/2026/Fortnightly%20Debt%20Scheme%20Portfolio%20-%2015th%20March%202026.zip,xlsx,,{},2026-08-20 18:55:15.970120+00:00
09fb1300-09be-4b1c-8f21-3924019db5a2,,portfolio_disclosure,,e26a0e39-ae1a-4875-8429-3f73c5109441,2026-03-15,https://www.icicipruamc.com/blob/downloads/Files/Fortnightly%20Portfolio%20Disclosures/2026/Fortnightly%20Debt%20Scheme%20Portfolio%20-%2015th%20March%202026.zip,xlsx,,{},2026-08-20 18:55:15.970120+00:00
1f9b2402-3b61-4c0c-bcb8-947e9b7114b0,,portfolio_disclosure,,56c7a4bb-eb51-49cc-b39c-f0641d5d748e,2026-02-28,https://www.icicipruamc.com/blob/downloads/Files/Fortnightly%20Portfolio%20Disclosures/2026/Fortnightly%20Debt%20Scheme%20Portfolio%20-%2028th%20February%202026.zip,xlsx,,{},2026-08-20 18:55:23.777155+00:00
95f54b09-e1db-4e6c-8665-82e124e11c76,,portfolio_disclosure,,b68a3748-3e94-4b91-99e3-80c273548326,2026-02-28,https://www.icicipruamc.com/blob/downloads/Files/Fortnightly%20Portfolio%20Disclosures/2026/Fortnightly%20Debt%20Scheme%20Portfolio%20-%2028th%20February%202026.zip,xlsx,,{},2026-08-20 18:55:23.777155+00:00
c2e19b86-d4ed-4823-9ff1-7b5c3aa1488e,,portfolio_disclosure,,9daff2f0-95a8-40f0-9f0d-a3ec3abc3e14,2026-02-28,https://www.icicipruamc.com/blob/downloads/Files/Fortnightly%20Portfolio%20Disclosures/2026/Fortnightly%20Debt%20Scheme%20Portfolio%20-%2028th%20February%202026.zip,xlsx,,{},2026-08-20 18:55:23.777155+00:00
0d733863-754c-41d1-bbd2-cd42e99db413,,portfolio_disclosure,,c7b7d6fe-e23f-4b85-9771-5800ccc1ea98,2026-02-28,https://www.icicipruamc.com/blob/downloads/Files/Fortnightly%20Portfolio%20Disclosures/2026/Fortnightly%20Debt%20Scheme%20Portfolio%20-%2028th%20February%202026.zip,xlsx,,{},2026-08-20 18:55:23.777155+00:00
477b080c-f52d-4ad7-abfc-1fed75b682dd,,portfolio_disclosure,,d38c0aa5-ac53-4d03-b799-3e3835297750,2026-02-28,https://www.icicipruamc.com/blob/downloads/Files/Fortnightly%20Portfolio%20Disclosures/2026/Fortnightly%20Debt%20Scheme%20Portfolio%20-%2028th%20February%202026.zip,xlsx,,{},2026-08-20 18:55:23.777155+00:00
5b1f154f-9e4e-4678-bddd-71b0af31cc2e,,portfolio_disclosure,,63e0372c-6dd1-4f45-8dde-5c7017fe5d76,2026-02-28,https://www.icicipruamc.com/blob/downloads/Files/Fortnightly%20Portfolio%20Disclosures/2026/Fortnightly%20Debt%20Scheme%20Portfolio%20-%2028th%20February%202026.zip,xlsx,,{},2026-08-20 18:55:23.777155+00:00
4d9cb0eb-d71d-4e98-be98-77d79dc0b512,,portfolio_disclosure,,dbb80926-5e14-4d67-afcb-1a0ff44a202a,2026-02-28,https://www.icicipruamc.com/blob/downloads/Files/Fortnightly%20Portfolio%20Disclosures/2026/Fortnightly%20Debt%20Scheme%20Portfolio%20-%2028th%20February%202026.zip,xlsx,,{},2026-08-20 18:55:23.777155+00:00
4668d5fd-6e74-4bb1-b073-6e139f4ae777,,portfolio_disclosure,,c31725e1-a968-4aff-b6ee-ec22399e1545,2026-02-28,https://www.icicipruamc.com/blob/downloads/Files/Fortnightly%20Portfolio%20Disclosures/2026/Fortnightly%20Debt%20Scheme%20Portfolio%20-%2028th%20February%202026.zip,xlsx,,{},2026-08-20 18:55:23.777155+00:00
b49814d2-d811-427f-9e1a-f550e732f699,,portfolio_disclosure,,622ebaa0-c98a-4bdf-86fa-8f6caca4f48f,2026-02-28,https://www.icicipruamc.com/blob/downloads/Files/Fortnightly%20Portfolio%20Disclosures/2026/Fortnightly%20Debt%20Scheme%20Portfolio%20-%2028th%20February%202026.zip,xlsx,,{},2026-08-20 18:55:23.777155+00:00
f777b28b-fa2c-4c95-9a5c-50948805543c,,portfolio_disclosure,,20e22757-6a93-4e58-8102-396ba968f1ba,2026-02-15,https://www.icicipruamc.com/blob/downloads/Files/Fortnightly%20Portfolio%20Disclosures/2026/Fortnightly%20Debt%20Scheme%20Portfolio%20-%2015th%20February%202026.zip,xlsx,,{},2026-08-20 18:55:31.904182+00:00
ddb3f815-478a-4a06-aecc-a3a7ec1c579c,23dd62f5-df1c-46c4-b154-1e66e09a11d9,portfolio_disclosure,,8b8a7181-1a62-463c-9637-38515e3a4973,2022-05-15,https://www.dspim.com/media/pages/mandatory-disclosures/portfolio-disclosures/2c50f58541-1757771553/dsp-isin-debt-portfolio-as-on-15th-may-2022.xlsx,xlsx,,{},2026-08-21 21:53:51.679538+00:00
70220375-8741-4a9b-bbb7-700a9cd7f1fb,,portfolio_disclosure,,98066e78-446d-4158-912d-b4978e253dc7,2026-02-15,https://www.icicipruamc.com/blob/downloads/Files/Fortnightly%20Portfolio%20Disclosures/2026/Fortnightly%20Debt%20Scheme%20Portfolio%20-%2015th%20February%202026.zip,xlsx,,{},2026-08-20 18:55:31.904182+00:00
aba153c2-e94d-46ff-a007-8aefbd71fef9,,portfolio_disclosure,,26c2b3d7-2605-4d94-b305-1f1fd1ee2e2a,2026-02-15,https://www.icicipruamc.com/blob/downloads/Files/Fortnightly%20Portfolio%20Disclosures/2026/Fortnightly%20Debt%20Scheme%20Portfolio%20-%2015th%20February%202026.zip,xlsx,,{},2026-08-20 18:55:31.904182+00:00
80b30cc5-f0c6-4c2c-aa6a-74c5ffd7617d,,portfolio_disclosure,,3912b974-ea04-47af-b408-177699089230,2026-02-15,https://www.icicipruamc.com/blob/downloads/Files/Fortnightly%20Portfolio%20Disclosures/2026/Fortnightly%20Debt%20Scheme%20Portfolio%20-%2015th%20February%202026.zip,xlsx,,{},2026-08-20 18:55:31.904182+00:00
edbd28c1-1a58-4622-85b2-3c21cde04056,23dd62f5-df1c-46c4-b154-1e66e09a11d9,portfolio_disclosure,,aa29e284-5e02-4951-ae02-ed98535dc61e,2022-05-15,https://www.dspim.com/media/pages/mandatory-disclosures/portfolio-disclosures/2c50f58541-1757771553/dsp-isin-debt-portfolio-as-on-15th-may-2022.xlsx,xlsx,,{},2026-08-21 21:53:51.679538+00:00
001b6b71-8764-4952-9bb0-1c8ecdffc141,23dd62f5-df1c-46c4-b154-1e66e09a11d9,portfolio_disclosure,,81fe35a5-74ea-4bf9-8e50-d1961c83f0b2,2022-05-15,https://www.dspim.com/media/pages/mandatory-disclosures/portfolio-disclosures/2c50f58541-1757771553/dsp-isin-debt-portfolio-as-on-15th-may-2022.xlsx,xlsx,,{},2026-08-21 21:53:51.679538+00:00
d1de5093-c906-4595-aba9-57a1ce658b47,23dd62f5-df1c-46c4-b154-1e66e09a11d9,portfolio_disclosure,,e3c71b64-92f1-4db4-a6f7-1c0008e69c4c,2022-05-15,https://www.dspim.com/media/pages/mandatory-disclosures/portfolio-disclosures/2c50f58541-1757771553/dsp-isin-debt-portfolio-as-on-15th-may-2022.xlsx,xlsx,,{},2026-08-21 21:53:51.679538+00:00
35b14223-f7c4-467f-8eef-bb6136d77dd2,23dd62f5-df1c-46c4-b154-1e66e09a11d9,portfolio_disclosure,,bc6afebe-de89-4d43-a319-3a0352ead9be,2022-05-15,https://www.dspim.com/media/pages/mandatory-disclosures/portfolio-disclosures/2c50f58541-1757771553/dsp-isin-debt-portfolio-as-on-15th-may-2022.xlsx,xlsx,,{},2026-08-21 21:53:51.679538+00:00
b8ba665f-8f04-4ad1-8a84-7b2c6a27100d,23dd62f5-df1c-46c4-b154-1e66e09a11d9,portfolio_disclosure,,7acbdaac-6b00-42f0-8aa5-b4ef1d6b484d,2022-05-15,https://www.dspim.com/media/pages/mandatory-disclosures/portfolio-disclosures/2c50f58541-1757771553/dsp-isin-debt-portfolio-as-on-15th-may-2022.xlsx,xlsx,,{},2026-08-21 21:53:51.679538+00:00
8d55b786-89f0-43fd-840e-736894012f8e,23dd62f5-df1c-46c4-b154-1e66e09a11d9,portfolio_disclosure,,75700a69-71bb-4ab4-b736-12846754c6fa,2022-05-15,https://www.dspim.com/media/pages/mandatory-disclosures/portfolio-disclosures/2c50f58541-1757771553/dsp-isin-debt-portfolio-as-on-15th-may-2022.xlsx,xlsx,,{},2026-08-21 21:53:51.679538+00:00
156b2acc-ad08-4466-a02c-8940a136b9f0,23dd62f5-df1c-46c4-b154-1e66e09a11d9,portfolio_disclosure,,9c2c7293-3cb9-4dde-b834-220990d0fc56,2022-05-15,https://www.dspim.com/media/pages/mandatory-disclosures/portfolio-disclosures/2c50f58541-1757771553/dsp-isin-debt-portfolio-as-on-15th-may-2022.xlsx,xlsx,,{},2026-08-21 21:53:51.679538+00:00
d239c8f9-cc2d-4615-9c29-180237cf2dd0,5422f169-ab01-4395-b937-a464f776aeb2,portfolio_disclosure,,4c0b62ae-5310-4f78-9daf-9dc2c317b347,2025-10-15,https://www.dspim.com/media/pages/mandatory-disclosures/portfolio-disclosures/608ad706b4-1760787868/dsp-isin-debt-fortnightly-portfolio-as-on-15-oct-2025.xlsx,xlsx,,{},2026-08-20 18:52:25.902358+00:00
99797a6d-0871-40a7-9add-bd2eadad2487,5422f169-ab01-4395-b937-a464f776aeb2,portfolio_disclosure,,4b79d7b6-ca96-4225-965f-f0e1a7993d18,2025-10-15,https://www.dspim.com/media/pages/mandatory-disclosures/portfolio-disclosures/608ad706b4-1760787868/dsp-isin-debt-fortnightly-portfolio-as-on-15-oct-2025.xlsx,xlsx,,{},2026-08-21 21:53:56.898402+00:00
4aac28a9-5d06-4197-b4f3-e4c7b974cf7a,5422f169-ab01-4395-b937-a464f776aeb2,portfolio_disclosure,,d7d97876-3f48-4125-a93c-5fadd10b4402,2025-10-15,https://www.dspim.com/media/pages/mandatory-disclosures/portfolio-disclosures/608ad706b4-1760787868/dsp-isin-debt-fortnightly-portfolio-as-on-15-oct-2025.xlsx,xlsx,,{},2026-08-21 21:53:56.898402+00:00
3919e862-725f-428c-9611-bda02cf69c01,,portfolio_disclosure,,4e6f7d54-1b55-44a0-b9e9-1b0e3247dff3,2026-08-21,https://mutualfund.adityabirlacapital.com/-/media/bsl/files/resources/portfolio/portfolio-as-of-15-jul-2026---debt.xlsx,xlsx,,{},2026-08-20 22:56:43.413905+00:00
ff1c0bbb-2493-42b7-9044-3b5241646390,,portfolio_disclosure,,12849918-c67f-4345-8bf8-290eacf8a7d2,2026-08-21,https://mutualfund.adityabirlacapital.com/-/media/bsl/files/resources/portfolio/portfolio-as-of-15-jul-2026---debt.xlsx,xlsx,,{},2026-08-20 22:56:43.413905+00:00
bc5bb0e5-8df9-4b1e-835a-c6cf656f2f63,,portfolio_disclosure,,fb0a8711-6c29-4de0-a1ff-3bc3c484facc,2026-08-21,https://mutualfund.adityabirlacapital.com/-/media/bsl/files/resources/portfolio/portfolio-as-of-15-jul-2026---debt.xlsx,xlsx,,{},2026-08-20 22:56:43.413905+00:00
e86e9dd6-5591-4ee0-9223-1a6901ee2ffd,,portfolio_disclosure,,fad97361-7dd4-49f1-9ac6-804f4baec973,2025-12-31,https://www.icicipruamc.com/blob/downloads/Files/Fortnightly%20Portfolio%20Disclosures/2025/Fortnightly%20Debt%20Scheme%20Portfolio%20-%2031st%20December%202025.zip,xlsx,,{},2026-08-20 18:55:55.550501+00:00
5b167883-2c75-46cf-a6eb-185b36f64ef3,,portfolio_disclosure,,e26a0e39-ae1a-4875-8429-3f73c5109441,2025-12-31,https://www.icicipruamc.com/blob/downloads/Files/Fortnightly%20Portfolio%20Disclosures/2025/Fortnightly%20Debt%20Scheme%20Portfolio%20-%2031st%20December%202025.zip,xlsx,,{},2026-08-20 18:55:55.550501+00:00
87e63f47-824d-4667-911a-242182b4f10e,,portfolio_disclosure,,148fda89-05a6-4d1d-bad1-a16ea5a774a7,2025-12-31,https://www.icicipruamc.com/blob/downloads/Files/Fortnightly%20Portfolio%20Disclosures/2025/Fortnightly%20Debt%20Scheme%20Portfolio%20-%2031st%20December%202025.zip,xlsx,,{},2026-08-20 18:55:55.550501+00:00
b3155e2b-c5aa-486f-8295-2c3c8c72a49b,,portfolio_disclosure,,375378d3-7e30-4ab5-87da-0dbd54bf8388,2025-12-31,https://www.icicipruamc.com/blob/downloads/Files/Fortnightly%20Portfolio%20Disclosures/2025/Fortnightly%20Debt%20Scheme%20Portfolio%20-%2031st%20December%202025.zip,xlsx,,{},2026-08-20 18:55:55.550501+00:00
d5791052-0deb-4f17-aa71-21eefb316b12,,portfolio_disclosure,,4dcef8d6-64f4-47fa-a84a-f07641eb32d5,2026-08-21,https://mutualfund.adityabirlacapital.com/-/media/bsl/files/resources/portfolio/portfolio-as-of-15-jul-2026---debt.xlsx,xlsx,,{},2026-08-20 22:56:43.413905+00:00
54d0d1cb-c8d7-4bf5-a2fa-91c5519b6599,,portfolio_disclosure,,07b95131-04cb-4999-88ae-fa505fc5638c,2026-08-21,https://mutualfund.adityabirlacapital.com/-/media/bsl/files/resources/portfolio/portfolio-as-of-15-jul-2026---debt.xlsx,xlsx,,{},2026-08-20 22:56:43.413905+00:00
d9d80e1c-2e7f-40b8-965d-acb88a6ee641,,portfolio_disclosure,,93e8c737-4e16-443d-ab17-fe6fb47e9bb8,2026-08-21,https://mutualfund.adityabirlacapital.com/-/media/bsl/files/resources/portfolio/portfolio-as-of-15-jul-2026---debt.xlsx,xlsx,,{},2026-08-20 22:56:43.413905+00:00
1fed2020-ddc6-41e7-b8cf-d6deb90724b9,,portfolio_disclosure,,8d0575fc-07bc-4f96-b226-e812f020aca4,2026-08-21,https://mutualfund.adityabirlacapital.com/-/media/bsl/files/resources/portfolio/portfolio-as-of-15-jul-2026---debt.xlsx,xlsx,,{},2026-08-20 22:56:43.413905+00:00
5e2b71bf-d0c5-4424-b5d0-6de7450f1f2f,,portfolio_disclosure,,c25f5a3a-d980-48b5-8893-bea3b60ab023,2026-08-21,https://mutualfund.adityabirlacapital.com/-/media/bsl/files/resources/portfolio/portfolio-as-of-15-jul-2026---debt.xlsx,xlsx,,{},2026-08-20 22:56:43.413905+00:00
1f8c2ef7-c007-4421-8e50-b4c5e49ea268,,portfolio_disclosure,,38529db5-2963-43ff-a598-7442078e8ae4,2026-08-21,https://mutualfund.adityabirlacapital.com/-/media/bsl/files/resources/portfolio/portfolio-as-of-15-jul-2026---debt.xlsx,xlsx,,{},2026-08-20 22:56:43.413905+00:00
86184d5d-5c07-4463-a25a-868dddba22f5,,portfolio_disclosure,,d8edc81e-2fad-46a1-9146-8b6b50825cf9,2026-01-15,https://www.icicipruamc.com/blob/downloads/Files/Fortnightly%20Portfolio%20Disclosures/2026/Fortnightly%20Debt%20Scheme%20Portfolio%20-%2015th%20January%202026.zip,xlsx,,{},2026-08-20 18:55:47.706970+00:00
25fc06ca-6c2c-4849-acf5-d860c4fc86e9,,portfolio_disclosure,,aa5cecc8-e924-4c4c-81b7-3fb389e01179,2026-01-15,https://www.icicipruamc.com/blob/downloads/Files/Fortnightly%20Portfolio%20Disclosures/2026/Fortnightly%20Debt%20Scheme%20Portfolio%20-%2015th%20January%202026.zip,xlsx,,{},2026-08-20 18:55:47.706970+00:00
318186c6-0727-4855-aa99-b99619bfa47d,,portfolio_disclosure,,b07f8708-4204-4414-a941-295f966896d7,2026-01-15,https://www.icicipruamc.com/blob/downloads/Files/Fortnightly%20Portfolio%20Disclosures/2026/Fortnightly%20Debt%20Scheme%20Portfolio%20-%2015th%20January%202026.zip,xlsx,,{},2026-08-20 18:55:47.706970+00:00
aa3156e5-f079-4380-a081-c18ebeae73b0,,portfolio_disclosure,,4925effe-8563-4ee5-8c7c-71d0f96b9433,2026-01-15,https://www.icicipruamc.com/blob/downloads/Files/Fortnightly%20Portfolio%20Disclosures/2026/Fortnightly%20Debt%20Scheme%20Portfolio%20-%2015th%20January%202026.zip,xlsx,,{},2026-08-20 18:55:47.706970+00:00
18da063e-459d-441b-977c-505485fc756b,,portfolio_disclosure,,9daff2f0-95a8-40f0-9f0d-a3ec3abc3e14,2026-01-15,https://www.icicipruamc.com/blob/downloads/Files/Fortnightly%20Portfolio%20Disclosures/2026/Fortnightly%20Debt%20Scheme%20Portfolio%20-%2015th%20January%202026.zip,xlsx,,{},2026-08-20 18:55:47.706970+00:00
f6ed83c3-ecc3-4486-a634-5f7afb63f005,,portfolio_disclosure,,bbc5e475-5d50-45be-b81e-7f3c276a92d5,2026-08-21,https://mutualfund.adityabirlacapital.com/-/media/bsl/files/resources/portfolio/portfolio-as-of-15-jul-2026---debt.xlsx,xlsx,,{},2026-08-20 22:56:43.413905+00:00
e83638c4-cbc9-41f6-bcde-5d116f93861e,,portfolio_disclosure,,c66d488f-708e-4be7-920b-e553973ff0c3,2025-12-31,https://www.icicipruamc.com/blob/downloads/Files/Fortnightly%20Portfolio%20Disclosures/2025/Fortnightly%20Debt%20Scheme%20Portfolio%20-%2031st%20December%202025.zip,xlsx,,{},2026-08-20 18:55:55.550501+00:00
98e2d3c8-907a-4909-968f-df8851b301f3,5422f169-ab01-4395-b937-a464f776aeb2,portfolio_disclosure,,a5cbc07f-1e64-4817-8efe-bca3d4a64f5c,2025-10-15,https://www.dspim.com/media/pages/mandatory-disclosures/portfolio-disclosures/608ad706b4-1760787868/dsp-isin-debt-fortnightly-portfolio-as-on-15-oct-2025.xlsx,xlsx,,{},2026-08-21 21:53:56.898402+00:00
a6e2842d-b37a-4a73-bbd5-96fe15e71894,5422f169-ab01-4395-b937-a464f776aeb2,portfolio_disclosure,,711bb119-31de-44af-bb63-de60d060214f,2025-10-15,https://www.dspim.com/media/pages/mandatory-disclosures/portfolio-disclosures/608ad706b4-1760787868/dsp-isin-debt-fortnightly-portfolio-as-on-15-oct-2025.xlsx,xlsx,,{},2026-08-21 21:53:56.898402+00:00
dee31f3f-e109-4e1b-ac44-726aa265243a,5422f169-ab01-4395-b937-a464f776aeb2,portfolio_disclosure,,aa38dd68-4660-4a1b-b174-fd59e0c778fd,2025-10-15,https://www.dspim.com/media/pages/mandatory-disclosures/portfolio-disclosures/608ad706b4-1760787868/dsp-isin-debt-fortnightly-portfolio-as-on-15-oct-2025.xlsx,xlsx,,{},2026-08-21 21:53:56.898402+00:00
17f7cceb-9c45-4eb2-9e86-0dca91e81f57,5422f169-ab01-4395-b937-a464f776aeb2,portfolio_disclosure,,c280dee4-2813-4e8b-8f66-240ebce126ab,2025-10-15,https://www.dspim.com/media/pages/mandatory-disclosures/portfolio-disclosures/608ad706b4-1760787868/dsp-isin-debt-fortnightly-portfolio-as-on-15-oct-2025.xlsx,xlsx,,{},2026-08-21 21:53:56.898402+00:00
86f2afac-b103-4995-9a4b-0e249211df19,5422f169-ab01-4395-b937-a464f776aeb2,portfolio_disclosure,,1de88c3b-aa99-4154-b02c-c4f9360aca01,2025-10-15,https://www.dspim.com/media/pages/mandatory-disclosures/portfolio-disclosures/608ad706b4-1760787868/dsp-isin-debt-fortnightly-portfolio-as-on-15-oct-2025.xlsx,xlsx,,{},2026-08-21 21:53:56.898402+00:00
15abe96a-71eb-4dc6-9ba0-edc649cab671,5422f169-ab01-4395-b937-a464f776aeb2,portfolio_disclosure,,d63d2a0d-4ec8-49c9-8151-f219e714445f,2025-10-15,https://www.dspim.com/media/pages/mandatory-disclosures/portfolio-disclosures/608ad706b4-1760787868/dsp-isin-debt-fortnightly-portfolio-as-on-15-oct-2025.xlsx,xlsx,,{},2026-08-21 21:53:56.898402+00:00
a1915684-51f6-4d51-b650-2c7f56871206,5422f169-ab01-4395-b937-a464f776aeb2,portfolio_disclosure,,8b8a7181-1a62-463c-9637-38515e3a4973,2025-10-15,https://www.dspim.com/media/pages/mandatory-disclosures/portfolio-disclosures/608ad706b4-1760787868/dsp-isin-debt-fortnightly-portfolio-as-on-15-oct-2025.xlsx,xlsx,,{},2026-08-21 21:53:56.898402+00:00
dd02637f-f7fa-4205-84e5-5b9aac487b64,,portfolio_disclosure,,46b73b04-6296-4b20-8bb8-2675816d34ef,2026-08-21,https://mutualfund.adityabirlacapital.com/-/media/bsl/files/resources/portfolio/portfolio-as-of-15-jul-2026---debt.xlsx,xlsx,,{},2026-08-20 22:56:43.413905+00:00
ed9886b4-c315-46e8-8d55-40d5aef28da5,,portfolio_disclosure,,b1db9b5b-8537-4540-8a66-1e00c3d2b375,2026-08-21,https://mutualfund.adityabirlacapital.com/-/media/bsl/files/resources/portfolio/portfolio-as-of-15-jul-2026---debt.xlsx,xlsx,,{},2026-08-20 22:56:43.413905+00:00
9bdedb27-bc5b-470e-a0e3-737776fbaa6b,4b63dce3-d9e1-4e5b-a94c-4a9aa6ca3ff7,portfolio_disclosure,,16c7eb6a-a1d2-4f79-a2ce-10921ccb25a3,2024-10-31,https://amc.ppfas.com/downloads/portfolio-disclosure/2024/PPFAS_Monthly_Portfolio_Report_October_31_2024.xlsx?08112024,xlsx,,{},2026-08-21 22:27:33.755328+00:00
e55ecb82-2749-4ef7-8a1c-28a5f8b94fb7,,portfolio_disclosure,,d40c7d98-358f-4511-8875-0d598556dba5,2026-02-28,https://www.icicipruamc.com/blob/downloads/Files/Fortnightly%20Portfolio%20Disclosures/2026/Fortnightly%20Debt%20Scheme%20Portfolio%20-%2028th%20February%202026.zip,xlsx,,{},2026-08-20 18:55:23.777155+00:00
32233ef3-c2db-45ae-9562-aef2f9e01825,,portfolio_disclosure,,53124c6a-8134-4ae7-a1c4-7f431cd78c02,2026-02-28,https://www.icicipruamc.com/blob/downloads/Files/Fortnightly%20Portfolio%20Disclosures/2026/Fortnightly%20Debt%20Scheme%20Portfolio%20-%2028th%20February%202026.zip,xlsx,,{},2026-08-20 18:55:23.777155+00:00
79acef62-9e52-4d91-898e-da0dad40a28b,,portfolio_disclosure,,eb5d7a9b-b12c-4ce5-b85d-a5b283bcf604,2026-08-21,https://mutualfund.adityabirlacapital.com/-/media/bsl/files/resources/portfolio/portfolio-as-of-15-jul-2026---debt.xlsx,xlsx,,{},2026-08-20 22:56:43.413905+00:00
72ed13b7-d62e-4e69-ac62-cdde4d7c2b01,,portfolio_disclosure,,ee48130b-8fca-4ed0-afd2-00a220026270,2026-02-28,https://www.icicipruamc.com/blob/downloads/Files/Fortnightly%20Portfolio%20Disclosures/2026/Fortnightly%20Debt%20Scheme%20Portfolio%20-%2028th%20February%202026.zip,xlsx,,{},2026-08-20 18:55:23.777155+00:00
6fbd907c-4d9c-4f04-95ad-4f253bdf0376,,portfolio_disclosure,,a61ed046-fa42-4c77-b058-189a2d78ff97,2026-02-28,https://www.icicipruamc.com/blob/downloads/Files/Fortnightly%20Portfolio%20Disclosures/2026/Fortnightly%20Debt%20Scheme%20Portfolio%20-%2028th%20February%202026.zip,xlsx,,{},2026-08-20 18:55:23.777155+00:00
c57513b8-6b56-436f-ba92-cd1a968fb236,,portfolio_disclosure,,c66d488f-708e-4be7-920b-e553973ff0c3,2026-02-28,https://www.icicipruamc.com/blob/downloads/Files/Fortnightly%20Portfolio%20Disclosures/2026/Fortnightly%20Debt%20Scheme%20Portfolio%20-%2028th%20February%202026.zip,xlsx,,{},2026-08-20 18:55:23.777155+00:00
3c47076e-d411-4b83-8f9b-55304066ca96,,portfolio_disclosure,,fad97361-7dd4-49f1-9ac6-804f4baec973,2026-02-28,https://www.icicipruamc.com/blob/downloads/Files/Fortnightly%20Portfolio%20Disclosures/2026/Fortnightly%20Debt%20Scheme%20Portfolio%20-%2028th%20February%202026.zip,xlsx,,{},2026-08-20 18:55:23.777155+00:00
c0b228d3-6df4-4131-9c91-6577e74bfca8,,portfolio_disclosure,,e26a0e39-ae1a-4875-8429-3f73c5109441,2026-02-28,https://www.icicipruamc.com/blob/downloads/Files/Fortnightly%20Portfolio%20Disclosures/2026/Fortnightly%20Debt%20Scheme%20Portfolio%20-%2028th%20February%202026.zip,xlsx,,{},2026-08-20 18:55:23.777155+00:00
f790611f-e5bf-4c80-9906-91e3ed2acb37,,portfolio_disclosure,,148fda89-05a6-4d1d-bad1-a16ea5a774a7,2026-02-28,https://www.icicipruamc.com/blob/downloads/Files/Fortnightly%20Portfolio%20Disclosures/2026/Fortnightly%20Debt%20Scheme%20Portfolio%20-%2028th%20February%202026.zip,xlsx,,{},2026-08-20 18:55:23.777155+00:00
cc17e94b-1e28-47f5-a65d-001e765a9d60,,portfolio_disclosure,,3afd40d6-ebdb-41dd-9f3d-8e9913c30c81,2026-02-15,https://www.icicipruamc.com/blob/downloads/Files/Fortnightly%20Portfolio%20Disclosures/2026/Fortnightly%20Debt%20Scheme%20Portfolio%20-%2015th%20February%202026.zip,xlsx,,{},2026-08-20 18:55:31.904182+00:00
23efaa6c-30ef-4b6a-b65d-d92fe5ad6272,,portfolio_disclosure,,047e718c-b972-47f8-9513-91b87c5cabef,2026-02-15,https://www.icicipruamc.com/blob/downloads/Files/Fortnightly%20Portfolio%20Disclosures/2026/Fortnightly%20Debt%20Scheme%20Portfolio%20-%2015th%20February%202026.zip,xlsx,,{},2026-08-20 18:55:31.904182+00:00
b97b23ff-a581-4692-975f-5e4316a3b6e5,,portfolio_disclosure,,bd87bcf7-b74d-4dab-a361-5588faa94e8e,2026-02-15,https://www.icicipruamc.com/blob/downloads/Files/Fortnightly%20Portfolio%20Disclosures/2026/Fortnightly%20Debt%20Scheme%20Portfolio%20-%2015th%20February%202026.zip,xlsx,,{},2026-08-20 18:55:31.904182+00:00
5060699d-f987-41db-af03-b0a108cfe236,,portfolio_disclosure,,a8a76a2e-8f67-49e4-aeb1-7366d2a7b1f7,2026-02-15,https://www.icicipruamc.com/blob/downloads/Files/Fortnightly%20Portfolio%20Disclosures/2026/Fortnightly%20Debt%20Scheme%20Portfolio%20-%2015th%20February%202026.zip,xlsx,,{},2026-08-20 18:55:31.904182+00:00
acc8dda0-a63b-4d84-adbd-78a64f2dae56,,portfolio_disclosure,,56c7a4bb-eb51-49cc-b39c-f0641d5d748e,2026-02-15,https://www.icicipruamc.com/blob/downloads/Files/Fortnightly%20Portfolio%20Disclosures/2026/Fortnightly%20Debt%20Scheme%20Portfolio%20-%2015th%20February%202026.zip,xlsx,,{},2026-08-20 18:55:31.904182+00:00
4ed6f47e-a799-43f0-9b3e-b86723f1d9b4,,portfolio_disclosure,,b68a3748-3e94-4b91-99e3-80c273548326,2026-02-15,https://www.icicipruamc.com/blob/downloads/Files/Fortnightly%20Portfolio%20Disclosures/2026/Fortnightly%20Debt%20Scheme%20Portfolio%20-%2015th%20February%202026.zip,xlsx,,{},2026-08-20 18:55:31.904182+00:00
9ed1387c-a863-45cd-b187-6e864c9bbcf0,,portfolio_disclosure,,965baf1f-07d2-44f6-9730-bbcfbc0f8ddb,2026-02-15,https://www.icicipruamc.com/blob/downloads/Files/Fortnightly%20Portfolio%20Disclosures/2026/Fortnightly%20Debt%20Scheme%20Portfolio%20-%2015th%20February%202026.zip,xlsx,,{},2026-08-20 18:55:31.904182+00:00
57311169-bea3-412e-9fd3-28c2ad95435a,,portfolio_disclosure,,d8edc81e-2fad-46a1-9146-8b6b50825cf9,2026-02-15,https://www.icicipruamc.com/blob/downloads/Files/Fortnightly%20Portfolio%20Disclosures/2026/Fortnightly%20Debt%20Scheme%20Portfolio%20-%2015th%20February%202026.zip,xlsx,,{},2026-08-20 18:55:31.904182+00:00
20abb9bd-5d33-459e-b2ec-78025599b4db,,portfolio_disclosure,,aa5cecc8-e924-4c4c-81b7-3fb389e01179,2026-02-15,https://www.icicipruamc.com/blob/downloads/Files/Fortnightly%20Portfolio%20Disclosures/2026/Fortnightly%20Debt%20Scheme%20Portfolio%20-%2015th%20February%202026.zip,xlsx,,{},2026-08-20 18:55:31.904182+00:00
8f80b2b3-29ad-4939-ace6-44b70262d345,,portfolio_disclosure,,4774da53-e6f5-4afb-a9e8-ef0a10ab9cec,2026-08-21,https://mutualfund.adityabirlacapital.com/-/media/bsl/files/resources/portfolio/portfolio-as-of-15-jul-2026---debt.xlsx,xlsx,,{},2026-08-20 22:56:43.413905+00:00
68bdb50a-f14e-4783-8764-0c6c01964cb0,,portfolio_disclosure,,5fa323c7-258f-4d2b-93b7-600f1ee669d7,2026-08-21,https://mutualfund.adityabirlacapital.com/-/media/bsl/files/resources/portfolio/portfolio-as-of-15-jul-2026---debt.xlsx,xlsx,,{},2026-08-20 22:56:43.413905+00:00
43eaf59f-5d46-4f3c-a56c-22900c265663,,portfolio_disclosure,,87cc6729-ccce-4191-b2af-4c4c270a0512,2026-08-21,https://mutualfund.adityabirlacapital.com/-/media/bsl/files/resources/portfolio/portfolio-as-of-15-jul-2026---debt.xlsx,xlsx,,{},2026-08-20 22:56:43.413905+00:00
043c66a5-1f4b-4f7b-aa35-fcbfd90be575,,portfolio_disclosure,,83f23b8e-9bd9-4390-8fc0-889d093abc75,2026-08-21,https://mutualfund.adityabirlacapital.com/-/media/bsl/files/resources/portfolio/portfolio-as-of-15-jul-2026---debt.xlsx,xlsx,,{},2026-08-20 22:56:43.413905+00:00
02e1d38d-84ca-46bd-9c24-4c2a7e0ea950,,portfolio_disclosure,,6158c84a-ae9d-4549-af4f-6e104ba6dd36,2026-08-21,https://mutualfund.adityabirlacapital.com/-/media/bsl/files/resources/portfolio/portfolio-as-of-15-jul-2026---debt.xlsx,xlsx,,{},2026-08-20 22:56:43.413905+00:00
7c9414fa-583a-4b15-8a78-017ef5989478,5422f169-ab01-4395-b937-a464f776aeb2,portfolio_disclosure,,aa29e284-5e02-4951-ae02-ed98535dc61e,2025-10-15,https://www.dspim.com/media/pages/mandatory-disclosures/portfolio-disclosures/608ad706b4-1760787868/dsp-isin-debt-fortnightly-portfolio-as-on-15-oct-2025.xlsx,xlsx,,{},2026-08-21 21:53:56.898402+00:00
270783b3-56a4-4f60-83d7-60509a26da65,5422f169-ab01-4395-b937-a464f776aeb2,portfolio_disclosure,,f1c6f3aa-b829-4406-a6f8-03734bf4a16f,2025-10-15,https://www.dspim.com/media/pages/mandatory-disclosures/portfolio-disclosures/608ad706b4-1760787868/dsp-isin-debt-fortnightly-portfolio-as-on-15-oct-2025.xlsx,xlsx,,{},2026-08-21 21:53:56.898402+00:00
e112ffac-e053-4a54-b4cb-890bc8e98460,5422f169-ab01-4395-b937-a464f776aeb2,portfolio_disclosure,,e3c71b64-92f1-4db4-a6f7-1c0008e69c4c,2025-10-15,https://www.dspim.com/media/pages/mandatory-disclosures/portfolio-disclosures/608ad706b4-1760787868/dsp-isin-debt-fortnightly-portfolio-as-on-15-oct-2025.xlsx,xlsx,,{},2026-08-21 21:53:56.898402+00:00
5b744794-966a-4f35-9371-7d8e4b69688f,,portfolio_disclosure,,0fc05851-16d4-4a2f-8cc7-219d541bdb69,2026-08-21,https://mutualfund.adityabirlacapital.com/-/media/bsl/files/resources/portfolio/portfolio-as-of-15-jul-2026---debt.xlsx,xlsx,,{},2026-08-20 22:56:43.413905+00:00
99564284-c7ee-4ffc-b36e-bc9eef8c2882,5422f169-ab01-4395-b937-a464f776aeb2,portfolio_disclosure,,bcdfc686-5907-43dd-8412-1158d4f21d83,2025-10-15,https://www.dspim.com/media/pages/mandatory-disclosures/portfolio-disclosures/608ad706b4-1760787868/dsp-isin-debt-fortnightly-portfolio-as-on-15-oct-2025.xlsx,xlsx,,{},2026-08-21 21:53:56.898402+00:00
67c20a05-aa5c-4deb-b058-0e5a30a27b5a,,portfolio_disclosure,,b07f8708-4204-4414-a941-295f966896d7,2026-02-15,https://www.icicipruamc.com/blob/downloads/Files/Fortnightly%20Portfolio%20Disclosures/2026/Fortnightly%20Debt%20Scheme%20Portfolio%20-%2015th%20February%202026.zip,xlsx,,{},2026-08-20 18:55:31.904182+00:00
332efcd1-5d4c-4088-ad21-d5742b2c22d1,,portfolio_disclosure,,4925effe-8563-4ee5-8c7c-71d0f96b9433,2026-02-15,https://www.icicipruamc.com/blob/downloads/Files/Fortnightly%20Portfolio%20Disclosures/2026/Fortnightly%20Debt%20Scheme%20Portfolio%20-%2015th%20February%202026.zip,xlsx,,{},2026-08-20 18:55:31.904182+00:00
5eae17ec-211a-4f93-b191-fde2240db18c,,portfolio_disclosure,,9daff2f0-95a8-40f0-9f0d-a3ec3abc3e14,2026-02-15,https://www.icicipruamc.com/blob/downloads/Files/Fortnightly%20Portfolio%20Disclosures/2026/Fortnightly%20Debt%20Scheme%20Portfolio%20-%2015th%20February%202026.zip,xlsx,,{},2026-08-20 18:55:31.904182+00:00
08f99dc8-5523-4765-8d90-7816583def15,,portfolio_disclosure,,c7b7d6fe-e23f-4b85-9771-5800ccc1ea98,2026-02-15,https://www.icicipruamc.com/blob/downloads/Files/Fortnightly%20Portfolio%20Disclosures/2026/Fortnightly%20Debt%20Scheme%20Portfolio%20-%2015th%20February%202026.zip,xlsx,,{},2026-08-20 18:55:31.904182+00:00
206b0d22-d3e4-4382-ae0b-e37bbf39cc18,,portfolio_disclosure,,d38c0aa5-ac53-4d03-b799-3e3835297750,2026-02-15,https://www.icicipruamc.com/blob/downloads/Files/Fortnightly%20Portfolio%20Disclosures/2026/Fortnightly%20Debt%20Scheme%20Portfolio%20-%2015th%20February%202026.zip,xlsx,,{},2026-08-20 18:55:31.904182+00:00
502444ae-6a2d-4323-9a5c-9c224d5692c6,,portfolio_disclosure,,cff3f19e-610e-4070-9726-992cfcce2c2f,2026-08-21,https://mutualfund.adityabirlacapital.com/-/media/bsl/files/resources/portfolio/portfolio-as-of-15-jul-2026---debt.xlsx,xlsx,,{},2026-08-20 22:56:43.413905+00:00
454ab357-6bd1-4c1e-a703-0adea2a93fba,,portfolio_disclosure,,59417866-3ffe-4302-8cbc-1fbb917d8ce9,2026-08-21,https://mutualfund.adityabirlacapital.com/-/media/bsl/files/resources/portfolio/portfolio-as-of-15-jul-2026---debt.xlsx,xlsx,,{},2026-08-20 22:56:43.413905+00:00
3b10f547-eb7d-48c0-a94e-0dc5c039195c,,portfolio_disclosure,,f3afffdc-4ef7-4a9c-aedb-48b9f9c7dc5b,2026-08-21,https://mutualfund.adityabirlacapital.com/-/media/bsl/files/resources/portfolio/portfolio-as-of-15-jul-2026---debt.xlsx,xlsx,,{},2026-08-20 22:56:43.413905+00:00
09988735-06e6-4c52-8794-e5217dbdfdce,,portfolio_disclosure,,339b90ed-0ecc-4fc0-8181-80e6675d7689,2026-08-21,https://mutualfund.adityabirlacapital.com/-/media/bsl/files/resources/portfolio/portfolio-as-of-15-jul-2026---debt.xlsx,xlsx,,{},2026-08-20 22:56:43.413905+00:00
1fe63252-1703-4037-862c-c7f5552e71ef,,portfolio_disclosure,,e915ea7a-9d17-4202-8af5-1af30c0db33b,2026-08-21,https://mutualfund.adityabirlacapital.com/-/media/bsl/files/resources/portfolio/portfolio-as-of-15-aug-2022-debt.xlsx,xlsx,,{},2026-08-20 22:56:48.598619+00:00
8206ca3b-944d-4f78-880f-6495d50d7d3f,,portfolio_disclosure,,4e6f7d54-1b55-44a0-b9e9-1b0e3247dff3,2026-08-21,https://mutualfund.adityabirlacapital.com/-/media/bsl/files/resources/portfolio/portfolio-as-of-15-aug-2022-debt.xlsx,xlsx,,{},2026-08-20 22:56:48.598619+00:00
7b5adfaa-b9cb-4679-a78d-c954961df4bb,,portfolio_disclosure,,12849918-c67f-4345-8bf8-290eacf8a7d2,2026-08-21,https://mutualfund.adityabirlacapital.com/-/media/bsl/files/resources/portfolio/portfolio-as-of-15-aug-2022-debt.xlsx,xlsx,,{},2026-08-20 22:56:48.598619+00:00
08bbc11b-9c9e-4d7b-b158-64d97d4efe4b,,portfolio_disclosure,,fb0a8711-6c29-4de0-a1ff-3bc3c484facc,2026-08-21,https://mutualfund.adityabirlacapital.com/-/media/bsl/files/resources/portfolio/portfolio-as-of-15-aug-2022-debt.xlsx,xlsx,,{},2026-08-20 22:56:48.598619+00:00
9fb84819-52aa-4693-9231-0e36b786b898,,portfolio_disclosure,,4dcef8d6-64f4-47fa-a84a-f07641eb32d5,2026-08-21,https://mutualfund.adityabirlacapital.com/-/media/bsl/files/resources/portfolio/portfolio-as-of-15-aug-2022-debt.xlsx,xlsx,,{},2026-08-20 22:56:48.598619+00:00
9eb73433-c634-434c-b16d-40ce2dd7d00b,,portfolio_disclosure,,07b95131-04cb-4999-88ae-fa505fc5638c,2026-08-21,https://mutualfund.adityabirlacapital.com/-/media/bsl/files/resources/portfolio/portfolio-as-of-15-aug-2022-debt.xlsx,xlsx,,{},2026-08-20 22:56:48.598619+00:00
277dad39-afe2-468a-88df-f06197c77c4d,a283ff4f-f7d7-4458-abf1-db3e76e45d2f,portfolio_disclosure,,c7b7d6fe-e23f-4b85-9771-5800ccc1ea98,2026-05-31,https://www.icicipruamc.com/blob/downloads/Files/Fortnightly%20Portfolio%20Disclosures/2026/Fortnightly%20Debt%20Scheme%20Portfolio%20-%2031st%20May%202026.zip,xlsx,,{},2026-08-20 18:28:01.799828+00:00
63de1223-8216-4a80-ab89-0cc0b171cc97,,portfolio_disclosure,,26c2b3d7-2605-4d94-b305-1f1fd1ee2e2a,2026-01-31,https://www.icicipruamc.com/blob/downloads/Files/Fortnightly%20Portfolio%20Disclosures/2026/Fortnightly%20Debt%20Scheme%20Portfolio%20-%2031st%20January%202026.zip,xlsx,,{},2026-08-20 18:55:39.780637+00:00
256b34e7-f296-4714-ae1a-54a13e27a5bd,,portfolio_disclosure,,3912b974-ea04-47af-b408-177699089230,2026-01-31,https://www.icicipruamc.com/blob/downloads/Files/Fortnightly%20Portfolio%20Disclosures/2026/Fortnightly%20Debt%20Scheme%20Portfolio%20-%2031st%20January%202026.zip,xlsx,,{},2026-08-20 18:55:39.780637+00:00
965bfe57-fda0-41f0-8551-fb4b0fbbc67f,,portfolio_disclosure,,20e22757-6a93-4e58-8102-396ba968f1ba,2025-12-31,https://www.icicipruamc.com/blob/downloads/Files/Fortnightly%20Portfolio%20Disclosures/2025/Fortnightly%20Debt%20Scheme%20Portfolio%20-%2031st%20December%202025.zip,xlsx,,{},2026-08-20 18:55:55.550501+00:00
d8ffcd4a-ee3f-4a7f-bbc1-e24900048ca4,,portfolio_disclosure,,98066e78-446d-4158-912d-b4978e253dc7,2025-12-31,https://www.icicipruamc.com/blob/downloads/Files/Fortnightly%20Portfolio%20Disclosures/2025/Fortnightly%20Debt%20Scheme%20Portfolio%20-%2031st%20December%202025.zip,xlsx,,{},2026-08-20 18:55:55.550501+00:00
540ab35b-381a-4717-bfac-5a65382245c6,,portfolio_disclosure,,26c2b3d7-2605-4d94-b305-1f1fd1ee2e2a,2025-12-31,https://www.icicipruamc.com/blob/downloads/Files/Fortnightly%20Portfolio%20Disclosures/2025/Fortnightly%20Debt%20Scheme%20Portfolio%20-%2031st%20December%202025.zip,xlsx,,{},2026-08-20 18:55:55.550501+00:00
de623dd2-6ef6-4e57-b2fb-603404f78805,,portfolio_disclosure,,3912b974-ea04-47af-b408-177699089230,2025-12-31,https://www.icicipruamc.com/blob/downloads/Files/Fortnightly%20Portfolio%20Disclosures/2025/Fortnightly%20Debt%20Scheme%20Portfolio%20-%2031st%20December%202025.zip,xlsx,,{},2026-08-20 18:55:55.550501+00:00
99879fd4-5146-4e7b-8ef8-3964c381d542,1d84023f-d1d7-4c65-8f0f-c7893de5a2ca,portfolio_disclosure,,56c2aa6a-07f7-44ea-af7c-1edb48b98901,2026-08-15,https://www.miraeassetmf.co.in/docs/default-source/portfolios/mausf_15082026.xlsx,xlsx,,{},2026-08-20 18:51:14.758645+00:00
8be12267-1380-4cf1-89ee-54cf7612ee81,38b9fd5c-8d08-4e20-b5af-02022d58990a,portfolio_disclosure,,c7b7d6fe-e23f-4b85-9771-5800ccc1ea98,2026-05-15,https://www.icicipruamc.com/blob/downloads/Files/Fortnightly%20Portfolio%20Disclosures/2026/Fortnightly%20Debt%20Scheme%20Portfolio%20-%2015th%20May%202026.zip,xlsx,,{},2026-08-20 18:28:08.948945+00:00
c03ec621-7ec4-445b-9a0b-7e4dd144801d,,portfolio_disclosure,,39bd5974-4c82-4457-bfd8-bfead40cd71f,2024-02-29,https://www.dspim.com/media/pages/mandatory-disclosures/portfolio-disclosures/af520081bc-1757771554/dsp-isin-debt-portfolio-as-on-feb-2024.xlsx,xlsx,,{},2026-08-20 18:51:19.422951+00:00
1a1f93d5-6e14-4cdd-b2fc-726f1f04e3fc,,portfolio_disclosure,,4c0b62ae-5310-4f78-9daf-9dc2c317b347,2024-02-29,https://www.dspim.com/media/pages/mandatory-disclosures/portfolio-disclosures/af520081bc-1757771554/dsp-isin-debt-portfolio-as-on-feb-2024.xlsx,xlsx,,{},2026-08-20 18:51:19.422951+00:00
170e1d97-dffe-41e0-971b-d624980eec76,,portfolio_disclosure,,4c0b62ae-5310-4f78-9daf-9dc2c317b347,2025-08-31,https://www.dspim.com/media/pages/mandatory-disclosures/portfolio-disclosures/4e4c40fc52-1757771553/dsp-isin-debt-portfolio-as-on-31-aug-2025.xlsx,xlsx,,{},2026-08-20 18:51:21.098033+00:00
27c86e5b-ddfb-43c7-80ed-129723aa4785,,portfolio_disclosure,,39bd5974-4c82-4457-bfd8-bfead40cd71f,2022-12-15,https://www.dspim.com/media/pages/mandatory-disclosures/portfolio-disclosures/90d4212046-1757771553/dsp-isin-debt-portfolio-as-on-15th-december-2022.xlsx,xlsx,,{},2026-08-20 18:51:21.500383+00:00
9ddd145c-8af1-492c-8c0d-68a447b3be77,,portfolio_disclosure,,4c0b62ae-5310-4f78-9daf-9dc2c317b347,2022-12-15,https://www.dspim.com/media/pages/mandatory-disclosures/portfolio-disclosures/90d4212046-1757771553/dsp-isin-debt-portfolio-as-on-15th-december-2022.xlsx,xlsx,,{},2026-08-20 18:51:21.500383+00:00
7128c01e-4f66-4821-bdf8-15873c6a711f,,portfolio_disclosure,,39bd5974-4c82-4457-bfd8-bfead40cd71f,2025-09-15,https://www.dspim.com/media/pages/mandatory-disclosures/portfolio-disclosures/2b1bc9a176-1758392441/dsp-isin-debt-fortnightly-portfolio-as-on-15-sep-2025.xlsx,xlsx,,{},2026-08-20 18:51:21.966574+00:00
2f348629-784a-454e-b115-2d61a2037102,,portfolio_disclosure,,4b79d7b6-ca96-4225-965f-f0e1a7993d18,2025-09-15,https://www.dspim.com/media/pages/mandatory-disclosures/portfolio-disclosures/2b1bc9a176-1758392441/dsp-isin-debt-fortnightly-portfolio-as-on-15-sep-2025.xlsx,xlsx,,{},2026-08-20 18:51:21.966574+00:00
eac04f54-3b11-4f01-80b0-26d3345cc866,956337ed-2324-4eae-85b9-2ee2b6573be2,portfolio_disclosure,,04185d3a-9e08-42c8-900c-85be6a97f84e,2026-07-31,https://www.miraeassetmf.co.in/docs/default-source/portfolios/alpha-july2026.xlsx,xlsx,,{},2026-08-20 18:51:12.241650+00:00
cb8e41e0-8c74-4800-9227-3b55f043c5a5,,portfolio_disclosure,,39bd5974-4c82-4457-bfd8-bfead40cd71f,2022-01-31,https://www.dspim.com/media/pages/mandatory-disclosures/portfolio-disclosures/7edbda1ebd-1757771553/dsp-isin-debt-portfolio-as-on-31st-jan-2022.xlsx,xlsx,,{},2026-08-20 18:51:24.321309+00:00
eaed7379-4720-4965-a9f1-9e8d0f4f78b9,,portfolio_disclosure,,4c0b62ae-5310-4f78-9daf-9dc2c317b347,2022-01-31,https://www.dspim.com/media/pages/mandatory-disclosures/portfolio-disclosures/7edbda1ebd-1757771553/dsp-isin-debt-portfolio-as-on-31st-jan-2022.xlsx,xlsx,,{},2026-08-20 18:51:24.321309+00:00
bd2b3121-9cdb-4a60-90ae-a7e0bf49cd77,143f21b1-3790-4efa-925c-17206e9aa651,portfolio_disclosure,,39bd5974-4c82-4457-bfd8-bfead40cd71f,2025-11-15,https://www.dspim.com/media/pages/mandatory-disclosures/portfolio-disclosures/229cf95af7-1763653792/dsp-isin-debt-fortnightly-portfolio-as-on-15-nov-2025.xlsx,xlsx,,{},2026-08-20 18:51:23.601545+00:00
339cf275-3c72-46e5-93e9-bbadcf49ea3c,d4d34b86-8e12-49a2-afa8-e372b2806eaf,portfolio_disclosure,,f7386d56-25fd-41d0-b1d9-65a0e7ed1d71,2026-07-31,https://www.miraeassetmf.co.in/docs/default-source/portfolios/evetf-july2026.xlsx,xlsx,,{},2026-08-20 18:51:08.806889+00:00
fa1d9f75-9197-48af-b9cd-b2709a43dd40,0b524149-097b-4cdf-be2a-d83033f9daf5,portfolio_disclosure,,8534eaa3-27bb-4334-b299-55682597fd70,2026-08-15,https://www.miraeassetmf.co.in/docs/default-source/portfolios/macif_15082026.xlsx,xlsx,,{},2026-08-20 18:51:04.150641+00:00
92297752-c46a-4073-84f1-28e637bbba98,cfc4b4a9-bc32-4ce4-b11b-a318092dbc71,portfolio_disclosure,,d849e5ef-f534-4669-bd1d-bf016be402cf,2026-08-15,https://www.miraeassetmf.co.in/docs/default-source/portfolios/mdbf_15082026.xlsx,xlsx,,{},2026-08-20 18:51:10.843303+00:00
fc4d63fd-ad12-4487-9bff-48087f8f487f,c3cbeb23-e9eb-4905-b83b-114f8ea1d33b,portfolio_disclosure,,8c0e4be5-7c6b-43df-a1d9-8c35ea039424,2026-07-31,https://www.miraeassetmf.co.in/docs/default-source/portfolios/multietf-july2026.xlsx,xlsx,,{},2026-08-20 18:51:16.802006+00:00
26cc0d87-f0a9-447b-93a3-6a61daf37ff6,ba37beb4-00af-4198-afd7-ddcc91406321,portfolio_disclosure,,c6630df7-c2ba-4a40-ad38-33c94530772e,2026-08-15,https://www.miraeassetmf.co.in/docs/default-source/portfolios/maonf_15082026.xlsx,xlsx,,{},2026-08-20 18:51:11.829443+00:00
d3aaa8f9-a2c2-49e1-ad7c-b5d48f6e6858,31c5b5d1-f520-4888-8030-8dbeb4e6ea80,portfolio_disclosure,,39bd5974-4c82-4457-bfd8-bfead40cd71f,2023-07-15,https://www.dspim.com/media/pages/mandatory-disclosures/portfolio-disclosures/3e2251296a-1757771552/dsp-isin-debt-portfolio-as-on-15-jul-2023.xlsx,xlsx,,{},2026-08-20 18:51:23.092496+00:00
de952ac5-06de-45d1-ae9a-4ef0013ab374,756bc82d-43f2-40e0-aa62-25d61b4f05ca,portfolio_disclosure,,be33a7e3-57da-4e55-90c7-9b0d689352c4,2026-07-31,https://www.miraeassetmf.co.in/docs/default-source/portfolios/mabpf-july2026.xlsx,xlsx,,{},2026-08-20 18:51:12.728559+00:00
a9cf7530-0e11-41b0-8a09-0fd3e8cfb94c,34272715-5829-4a8b-bf6f-a7d2b0e3c16e,portfolio_disclosure,,d849e5ef-f534-4669-bd1d-bf016be402cf,2026-07-31,https://www.miraeassetmf.co.in/docs/default-source/portfolios/mdbf-july2026.xlsx,xlsx,,{},2026-08-20 18:51:15.413611+00:00
5dc3c3a0-7da2-40cf-81fe-a933212bf3e1,,portfolio_disclosure,,54a1abea-6b54-49ad-b2a3-3612ff754e3f,2026-08-15,https://www.miraeassetmf.co.in/docs/default-source/portfolios/ipafof_15082026.xlsx,xlsx,,{},2026-08-20 18:51:05.957934+00:00
a5fdf739-f4a8-47e8-b471-5bc833fb3398,1b035fad-9207-4c45-ba13-5cf403588b76,portfolio_disclosure,,39bd5974-4c82-4457-bfd8-bfead40cd71f,2025-08-15,https://www.dspim.com/media/pages/mandatory-disclosures/portfolio-disclosures/b8d9b51037-1757771552/dsp-debt-fortnightly-portfolio-as-on-15-aug-2025.xlsx,xlsx,,{},2026-08-20 18:51:22.472516+00:00
59b17be2-dcf7-4a5b-8038-818e8f569429,a283ff4f-f7d7-4458-abf1-db3e76e45d2f,portfolio_disclosure,,aa5cecc8-e924-4c4c-81b7-3fb389e01179,2026-05-31,https://www.icicipruamc.com/blob/downloads/Files/Fortnightly%20Portfolio%20Disclosures/2026/Fortnightly%20Debt%20Scheme%20Portfolio%20-%2031st%20May%202026.zip,xlsx,,{},2026-08-20 18:28:01.799828+00:00
13bab465-cc12-4161-967f-5feb8f7b905b,,portfolio_disclosure,,39bd5974-4c82-4457-bfd8-bfead40cd71f,2022-11-15,https://www.dspim.com/media/pages/mandatory-disclosures/portfolio-disclosures/781ca66c7f-1757771553/dsp-isin-debt-portfolio-as-on-15th-november-2022.xlsx,xlsx,,{},2026-08-20 18:51:20.079784+00:00
3d4e6f6f-9d3c-464d-a873-5f86ef2cb911,,portfolio_disclosure,,39bd5974-4c82-4457-bfd8-bfead40cd71f,2023-02-15,https://www.dspim.com/media/pages/mandatory-disclosures/portfolio-disclosures/fe4d6f9fff-1757771553/dsp-isin-debt-portfolio-as-on-15th-february-2023.xlsx,xlsx,,{},2026-08-20 18:51:20.558794+00:00
b4c5e54f-b823-4575-bfd6-b77489d65366,,portfolio_disclosure,,4c0b62ae-5310-4f78-9daf-9dc2c317b347,2023-02-15,https://www.dspim.com/media/pages/mandatory-disclosures/portfolio-disclosures/fe4d6f9fff-1757771553/dsp-isin-debt-portfolio-as-on-15th-february-2023.xlsx,xlsx,,{},2026-08-20 18:51:20.558794+00:00
f04c8626-4093-4d18-95fc-62c8e9a0326e,,portfolio_disclosure,,93e8c737-4e16-443d-ab17-fe6fb47e9bb8,2026-08-21,https://mutualfund.adityabirlacapital.com/-/media/bsl/files/resources/portfolio/portfolio-as-of-15-aug-2022-debt.xlsx,xlsx,,{},2026-08-20 22:56:48.598619+00:00
b6de9b1f-97a9-42a5-9010-e35cee7c75b3,1b035fad-9207-4c45-ba13-5cf403588b76,portfolio_disclosure,,4c0b62ae-5310-4f78-9daf-9dc2c317b347,2025-08-15,https://www.dspim.com/media/pages/mandatory-disclosures/portfolio-disclosures/b8d9b51037-1757771552/dsp-debt-fortnightly-portfolio-as-on-15-aug-2025.xlsx,xlsx,,{},2026-08-20 18:51:22.472516+00:00
c7f81265-b2cf-4aec-bc27-e018127ba5a3,,portfolio_disclosure,,39bd5974-4c82-4457-bfd8-bfead40cd71f,2021-11-15,https://www.dspim.com/media/pages/mandatory-disclosures/portfolio-disclosures/6fef74aa1a-1757771552/dsp-debt-isin-portfolio-15th-november-2021.xlsx,xlsx,,{},2026-08-20 18:51:24.747292+00:00
5d5e7b76-adbc-4049-b6a0-481a26181108,,portfolio_disclosure,,81fe35a5-74ea-4bf9-8e50-d1961c83f0b2,2021-11-15,https://www.dspim.com/media/pages/mandatory-disclosures/portfolio-disclosures/6fef74aa1a-1757771552/dsp-debt-isin-portfolio-15th-november-2021.xlsx,xlsx,,{},2026-08-20 18:51:24.747292+00:00
834efd12-f4a7-453b-845c-21bed8f3b0ee,,portfolio_disclosure,,4c0b62ae-5310-4f78-9daf-9dc2c317b347,2021-11-15,https://www.dspim.com/media/pages/mandatory-disclosures/portfolio-disclosures/6fef74aa1a-1757771552/dsp-debt-isin-portfolio-15th-november-2021.xlsx,xlsx,,{},2026-08-20 18:51:24.747292+00:00
b290bd80-994c-4768-983b-049718b38b6a,,portfolio_disclosure,,39bd5974-4c82-4457-bfd8-bfead40cd71f,2023-04-15,https://www.dspim.com/media/pages/mandatory-disclosures/portfolio-disclosures/9dff6cec62-1757771553/dsp-isin-debt-portfolio-as-on-15th-april-2023.xlsx,xlsx,,{},2026-08-20 18:51:25.813253+00:00
e06571f0-4b01-4988-be43-ab762fe40a07,,portfolio_disclosure,,4c0b62ae-5310-4f78-9daf-9dc2c317b347,2023-04-15,https://www.dspim.com/media/pages/mandatory-disclosures/portfolio-disclosures/9dff6cec62-1757771553/dsp-isin-debt-portfolio-as-on-15th-april-2023.xlsx,xlsx,,{},2026-08-20 18:51:25.813253+00:00
b71a3d19-339f-4694-8272-16ec0e239705,,portfolio_disclosure,,39bd5974-4c82-4457-bfd8-bfead40cd71f,2026-06-30,https://www.dspim.com/media/pages/mandatory-disclosures/portfolio-disclosures/6aa16cc3eb-1783255224/dsp-isin-debt-portfolio-as-on-30-jun-2026.xlsx,xlsx,,{},2026-08-20 18:51:26.396387+00:00
f36090f8-5a2a-430d-9bd5-bad57642e054,,portfolio_disclosure,,4c0b62ae-5310-4f78-9daf-9dc2c317b347,2026-06-30,https://www.dspim.com/media/pages/mandatory-disclosures/portfolio-disclosures/6aa16cc3eb-1783255224/dsp-isin-debt-portfolio-as-on-30-jun-2026.xlsx,xlsx,,{},2026-08-20 18:51:26.396387+00:00
1543c4ab-e51a-4bda-98a7-758f24746ee7,,portfolio_disclosure,,39bd5974-4c82-4457-bfd8-bfead40cd71f,2023-06-30,https://www.dspim.com/media/pages/mandatory-disclosures/portfolio-disclosures/0e91cd2668-1757771553/dsp-isin-debt-portfolio-as-on-30th-jun-2023.xlsx,xlsx,,{},2026-08-20 18:51:27.180392+00:00
ed9bae89-13d2-4ee2-82fd-107bc768948f,,portfolio_disclosure,,4c0b62ae-5310-4f78-9daf-9dc2c317b347,2023-06-30,https://www.dspim.com/media/pages/mandatory-disclosures/portfolio-disclosures/0e91cd2668-1757771553/dsp-isin-debt-portfolio-as-on-30th-jun-2023.xlsx,xlsx,,{},2026-08-20 18:51:27.180392+00:00
a46ab39f-e4b5-42f6-9507-3098515415f6,5422f169-ab01-4395-b937-a464f776aeb2,portfolio_disclosure,,bc6afebe-de89-4d43-a319-3a0352ead9be,2025-10-15,https://www.dspim.com/media/pages/mandatory-disclosures/portfolio-disclosures/608ad706b4-1760787868/dsp-isin-debt-fortnightly-portfolio-as-on-15-oct-2025.xlsx,xlsx,,{},2026-08-21 21:53:56.898402+00:00
495ad50d-e8f2-4a22-b61d-923fa169d890,70eb4cb1-c010-4124-bc64-1b40245afad0,portfolio_disclosure,,13bb9a6f-ee2b-49ae-a589-0ed7d2695384,2026-07-31,https://www.miraeassetmf.co.in/docs/default-source/portfolios/mascf-july2026.xlsx,xlsx,,{},2026-08-20 18:51:02.214931+00:00
035d1370-4183-468f-9cf9-b02f0dae6703,,portfolio_disclosure,,63e0372c-6dd1-4f45-8dde-5c7017fe5d76,2026-02-15,https://www.icicipruamc.com/blob/downloads/Files/Fortnightly%20Portfolio%20Disclosures/2026/Fortnightly%20Debt%20Scheme%20Portfolio%20-%2015th%20February%202026.zip,xlsx,,{},2026-08-20 18:55:31.904182+00:00
d7800f0a-d599-440d-9242-50272c801c8e,,portfolio_disclosure,,8d0575fc-07bc-4f96-b226-e812f020aca4,2026-08-21,https://mutualfund.adityabirlacapital.com/-/media/bsl/files/resources/portfolio/portfolio-as-of-15-aug-2022-debt.xlsx,xlsx,,{},2026-08-20 22:56:48.598619+00:00
f82d139e-6605-4bc5-8cd0-5f7e6d148270,,portfolio_disclosure,,39bd5974-4c82-4457-bfd8-bfead40cd71f,2025-06-15,https://www.dspim.com/media/pages/mandatory-disclosures/portfolio-disclosures/7123833275-1757771552/dsp-isin-debt-fortnightly-portfolio-as-on-15-jun-2025.xlsx,xlsx,,{},2026-08-20 18:51:28.729853+00:00
023390d7-4c93-42d3-adc0-0475950bd5bc,,portfolio_disclosure,,4c0b62ae-5310-4f78-9daf-9dc2c317b347,2025-06-15,https://www.dspim.com/media/pages/mandatory-disclosures/portfolio-disclosures/7123833275-1757771552/dsp-isin-debt-fortnightly-portfolio-as-on-15-jun-2025.xlsx,xlsx,,{},2026-08-20 18:51:28.729853+00:00
caf63c1f-f354-4f37-b415-ee154d6ce4e2,,portfolio_disclosure,,505e3fb9-ea3a-44a1-9627-1e905725a324,2026-05-15,https://www.dspim.com/media/pages/mandatory-disclosures/portfolio-disclosures/e89133ab20-1779284364/dsp-isin-debt-fortnightly-portfolio-as-on-15-may-2026.zip,xlsx,,{},2026-08-20 18:51:29.476890+00:00
43fcedd8-a28e-4d88-ac8f-07f2b06caf3a,,portfolio_disclosure,,60991f70-eb09-4a8a-8cdd-04eec3af336f,2026-05-15,https://www.dspim.com/media/pages/mandatory-disclosures/portfolio-disclosures/e89133ab20-1779284364/dsp-isin-debt-fortnightly-portfolio-as-on-15-may-2026.zip,xlsx,,{},2026-08-20 18:51:29.476890+00:00
60cf4fde-8df9-44a6-9ab8-186ae89e5ccc,,portfolio_disclosure,,39bd5974-4c82-4457-bfd8-bfead40cd71f,2025-10-31,https://www.dspim.com/media/pages/mandatory-disclosures/portfolio-disclosures/110097a835-1762344389/dsp-isin-debt-portfolio-as-on-31-oct-2025.xlsx,xlsx,,{},2026-08-20 18:51:30.253922+00:00
aee39ec7-9f97-48de-8f12-41160b371489,,portfolio_disclosure,,4c0b62ae-5310-4f78-9daf-9dc2c317b347,2025-10-31,https://www.dspim.com/media/pages/mandatory-disclosures/portfolio-disclosures/110097a835-1762344389/dsp-isin-debt-portfolio-as-on-31-oct-2025.xlsx,xlsx,,{},2026-08-20 18:51:30.253922+00:00
d37bc359-c13c-4df1-9572-18ddb60ea19f,,portfolio_disclosure,,c25f5a3a-d980-48b5-8893-bea3b60ab023,2026-08-21,https://mutualfund.adityabirlacapital.com/-/media/bsl/files/resources/portfolio/portfolio-as-of-15-aug-2022-debt.xlsx,xlsx,,{},2026-08-20 22:56:48.598619+00:00
6e2e1a34-bee2-41d6-bff4-57fe43daf006,,portfolio_disclosure,,38529db5-2963-43ff-a598-7442078e8ae4,2026-08-21,https://mutualfund.adityabirlacapital.com/-/media/bsl/files/resources/portfolio/portfolio-as-of-15-aug-2022-debt.xlsx,xlsx,,{},2026-08-20 22:56:48.598619+00:00
496c08d8-7c26-4b74-b1d6-4d9d8a99de2a,,portfolio_disclosure,,39bd5974-4c82-4457-bfd8-bfead40cd71f,2022-07-31,https://www.dspim.com/media/pages/mandatory-disclosures/portfolio-disclosures/e881e111e6-1757771553/dsp-isin-debt-portfolio-as-on-31st-july-2022.xlsx,xlsx,,{},2026-08-20 18:51:25.311125+00:00
e0f224fd-c29d-493e-9584-60082a1a119e,,portfolio_disclosure,,4c0b62ae-5310-4f78-9daf-9dc2c317b347,2022-07-31,https://www.dspim.com/media/pages/mandatory-disclosures/portfolio-disclosures/e881e111e6-1757771553/dsp-isin-debt-portfolio-as-on-31st-july-2022.xlsx,xlsx,,{},2026-08-20 18:51:25.311125+00:00
8afe7b3a-e2dd-4a0f-86c5-793cf5c677ac,a54f8fc2-fc0a-4cc6-8f92-5a760a83dd85,portfolio_disclosure,,b4f4416b-5946-4375-9ef6-95929019c924,2026-08-15,https://www.invescomutualfund.com/docs/default-source/fortnightly-holdings/nifty-g-sec-jul-20279f3efe07eee8616aaa28ff00007d74af.xlsx?sfvrsn=88d69fc2_0,xlsx,,{},2026-08-20 18:51:37.379711+00:00
3bee2631-c177-4d9e-ad2c-fbd60636f67f,,portfolio_disclosure,,b4f4416b-5946-4375-9ef6-95929019c924,2026-08-15,https://www.invescomutualfund.com/docs/default-source/fortnightly-holdings/banking-and-psue53efe07eee8616aaa28ff00007d74af.xlsx?sfvrsn=ced69fc2_0,xlsx,,{},2026-08-20 18:51:37.920524+00:00
d92361fc-bea7-4920-a6ca-3f5d5c4d21df,0524bc58-c856-49fd-b8d7-d1c879072ae8,portfolio_disclosure,,b4f4416b-5946-4375-9ef6-95929019c924,2026-08-15,https://www.invescomutualfund.com/docs/default-source/fortnightly-holdings/gilt-fund4e3ffe07eee8616aaa28ff00007d74af.xlsx?sfvrsn=59d79fc2_0,xlsx,,{},2026-08-20 18:51:40.652819+00:00
9f50f2c3-bfc1-4f93-baaa-47ca1839cf4d,,portfolio_disclosure,,b4f4416b-5946-4375-9ef6-95929019c924,2026-08-15,https://www.invescomutualfund.com/docs/default-source/fortnightly-holdings/credit-risk083ffe07eee8616aaa28ff00007d74af.xlsx?sfvrsn=13d79fc2_0,xlsx,,{},2026-08-20 18:51:38.611315+00:00
060a0372-8e3e-44c3-8b7b-3d58ad8f2e4c,,portfolio_disclosure,,b4f4416b-5946-4375-9ef6-95929019c924,2026-08-15,https://www.invescomutualfund.com/docs/default-source/fortnightly-holdings/short-duration1340fe07eee8616aaa28ff00007d74af.xlsx?sfvrsn=1ca89fc2_0,xlsx,,{},2026-08-20 18:51:36.063552+00:00
2029a984-d990-482b-8551-f29f81c01601,,portfolio_disclosure,,4694344f-3d8d-44ed-b9c7-5c550b9de052,2026-07-31,https://www.miraeassetmf.co.in/docs/default-source/portfolios/masef-july2026.xlsx,xlsx,,{},2026-08-20 18:24:41.708752+00:00
29522578-1347-42ce-8165-a4c385783604,,portfolio_disclosure,,b4f4416b-5946-4375-9ef6-95929019c924,2026-08-15,https://www.invescomutualfund.com/docs/default-source/fortnightly-holdings/ultra-short-durationcd3ffe07eee8616aaa28ff00007d74af.xlsx?sfvrsn=d6d79fc2_0,xlsx,,{},2026-08-20 18:51:42.054322+00:00
0bfe813d-912f-4793-9bf9-7eb14b4a310c,,portfolio_disclosure,,39bd5974-4c82-4457-bfd8-bfead40cd71f,2022-04-30,https://www.dspim.com/media/pages/mandatory-disclosures/portfolio-disclosures/f4d226a157-1757771553/dsp-isin-debt-portfolio-as-on-30th-april-2022.xlsx,xlsx,,{},2026-08-20 18:51:28.284826+00:00
823f4857-c792-474c-903c-adbf7b21c097,,portfolio_disclosure,,4c0b62ae-5310-4f78-9daf-9dc2c317b347,2022-04-30,https://www.dspim.com/media/pages/mandatory-disclosures/portfolio-disclosures/f4d226a157-1757771553/dsp-isin-debt-portfolio-as-on-30th-april-2022.xlsx,xlsx,,{},2026-08-20 18:51:28.284826+00:00
bcc3a533-71a7-4a24-8a98-54e7f2bddb24,,portfolio_disclosure,,4c0b62ae-5310-4f78-9daf-9dc2c317b347,2022-11-15,https://www.dspim.com/media/pages/mandatory-disclosures/portfolio-disclosures/781ca66c7f-1757771553/dsp-isin-debt-portfolio-as-on-15th-november-2022.xlsx,xlsx,,{},2026-08-20 18:51:20.079784+00:00
58dbc15c-8f9b-4c8a-95b2-27a1cf55c2fc,,portfolio_disclosure,,39bd5974-4c82-4457-bfd8-bfead40cd71f,2020-09-30,https://www.dspim.com/media/pages/mandatory-disclosures/portfolio-disclosures/83ca0f52f4-1757771554/dsp-isin-portfolio-all-debt.xlsx,xlsx,,{},2026-08-20 18:52:24.417705+00:00
c759770b-3a16-4c5d-8b50-d19cda6835a7,,portfolio_disclosure,,4c0b62ae-5310-4f78-9daf-9dc2c317b347,2020-09-30,https://www.dspim.com/media/pages/mandatory-disclosures/portfolio-disclosures/83ca0f52f4-1757771554/dsp-isin-portfolio-all-debt.xlsx,xlsx,,{},2026-08-20 18:52:24.417705+00:00
400ca462-b0a4-4d34-a9cc-4e0987658d4f,5422f169-ab01-4395-b937-a464f776aeb2,portfolio_disclosure,,39bd5974-4c82-4457-bfd8-bfead40cd71f,2025-10-15,https://www.dspim.com/media/pages/mandatory-disclosures/portfolio-disclosures/608ad706b4-1760787868/dsp-isin-debt-fortnightly-portfolio-as-on-15-oct-2025.xlsx,xlsx,,{},2026-08-20 18:52:25.902358+00:00
f73d47f1-a1d3-4c75-8d5d-857d6f227805,,portfolio_disclosure,,92e76479-6708-49e9-9842-dd8d4a578965,2026-05-31,https://www.dspim.com/media/pages/mandatory-disclosures/portfolio-disclosures/194377cdad-1781093278/dsp-isin-debt-portfolio-as-on-31-may-2026.zip,xlsx,,{},2026-08-20 18:52:33.530387+00:00
7dbf8896-0fbf-46dc-9cce-a099d047a092,,portfolio_disclosure,,39bd5974-4c82-4457-bfd8-bfead40cd71f,2024-07-15,https://www.dspim.com/media/pages/mandatory-disclosures/portfolio-disclosures/74fa813248-1757771552/dsp-isin-debt-fortnightly-portfolio-as-on-15-jul-2024.xlsx,xlsx,,{},2026-08-20 18:52:34.311630+00:00
7a6ec3a4-32df-4cfd-8582-8126513ea306,,portfolio_disclosure,,4c0b62ae-5310-4f78-9daf-9dc2c317b347,2024-07-15,https://www.dspim.com/media/pages/mandatory-disclosures/portfolio-disclosures/74fa813248-1757771552/dsp-isin-debt-fortnightly-portfolio-as-on-15-jul-2024.xlsx,xlsx,,{},2026-08-20 18:52:34.311630+00:00
25be5e1f-e724-475e-b7ab-14de6c06e54d,,portfolio_disclosure,,39bd5974-4c82-4457-bfd8-bfead40cd71f,2021-08-15,https://www.dspim.com/media/pages/mandatory-disclosures/portfolio-disclosures/c9cc1ba060-1757771552/dsp-debt-isin-portfolio-15th-august-2021.xlsx,xlsx,,{},2026-08-20 18:52:34.944840+00:00
d866d7ef-4c3b-41af-a328-70fdcb6276d5,,portfolio_disclosure,,4b79d7b6-ca96-4225-965f-f0e1a7993d18,2021-08-15,https://www.dspim.com/media/pages/mandatory-disclosures/portfolio-disclosures/c9cc1ba060-1757771552/dsp-debt-isin-portfolio-15th-august-2021.xlsx,xlsx,,{},2026-08-20 18:52:34.944840+00:00
48a3eb61-0a15-44d9-87d5-c5e6dcccfacb,,portfolio_disclosure,,39bd5974-4c82-4457-bfd8-bfead40cd71f,2021-12-15,https://www.dspim.com/media/pages/mandatory-disclosures/portfolio-disclosures/ebb47fd11b-1757771552/dsp-debt-isin-portfolio-15th-december-2021.xlsx,xlsx,,{},2026-08-20 18:24:51.745630+00:00
9771ebed-eb9b-493a-b191-e2005d3be2d7,,portfolio_disclosure,,4c0b62ae-5310-4f78-9daf-9dc2c317b347,2021-12-15,https://www.dspim.com/media/pages/mandatory-disclosures/portfolio-disclosures/ebb47fd11b-1757771552/dsp-debt-isin-portfolio-15th-december-2021.xlsx,xlsx,,{},2026-08-20 18:24:51.745630+00:00
35c3eef6-a9ae-48e8-b058-12a6b914bc99,,portfolio_disclosure,,39bd5974-4c82-4457-bfd8-bfead40cd71f,2022-02-28,https://www.dspim.com/media/pages/mandatory-disclosures/portfolio-disclosures/b9e89cc6b5-1757771552/dsp-isin-debt-portfolio-28th-feb-2022.xlsx,xlsx,,{},2026-08-20 18:52:37.066950+00:00
6e8a9a91-3371-4d8b-9e01-9484638faf5d,,portfolio_disclosure,,4c0b62ae-5310-4f78-9daf-9dc2c317b347,2022-02-28,https://www.dspim.com/media/pages/mandatory-disclosures/portfolio-disclosures/b9e89cc6b5-1757771552/dsp-isin-debt-portfolio-28th-feb-2022.xlsx,xlsx,,{},2026-08-20 18:52:37.066950+00:00
2dc5927b-7aba-4c74-8554-68a692ea7555,,portfolio_disclosure,,39bd5974-4c82-4457-bfd8-bfead40cd71f,2021-07-31,https://www.dspim.com/media/pages/mandatory-disclosures/portfolio-disclosures/a86aff42fd-1757771552/dsp-debt-isin-portfolio-31st-july-2021.xlsx,xlsx,,{},2026-08-20 18:52:37.420247+00:00
9f4b6d4d-db23-4aca-b2e9-bbc047fcd3d0,,portfolio_disclosure,,4c0b62ae-5310-4f78-9daf-9dc2c317b347,2021-07-31,https://www.dspim.com/media/pages/mandatory-disclosures/portfolio-disclosures/a86aff42fd-1757771552/dsp-debt-isin-portfolio-31st-july-2021.xlsx,xlsx,,{},2026-08-20 18:52:37.420247+00:00
df27eb9a-77a8-4660-a04a-fbf18a329fe7,,portfolio_disclosure,,39bd5974-4c82-4457-bfd8-bfead40cd71f,2022-03-15,https://www.dspim.com/media/pages/mandatory-disclosures/portfolio-disclosures/6cb547261f-1757771553/dsp-isin-debt-portfolio-15th-march-2022.xlsx,xlsx,,{},2026-08-20 18:52:37.932877+00:00
18b335a3-4296-44a7-a2b4-eb435d45bcd0,,portfolio_disclosure,,4c0b62ae-5310-4f78-9daf-9dc2c317b347,2022-03-15,https://www.dspim.com/media/pages/mandatory-disclosures/portfolio-disclosures/6cb547261f-1757771553/dsp-isin-debt-portfolio-15th-march-2022.xlsx,xlsx,,{},2026-08-20 18:52:37.932877+00:00
2c76e870-f6dc-4eb2-bf1a-a7840fef82af,,portfolio_disclosure,,39bd5974-4c82-4457-bfd8-bfead40cd71f,2025-07-31,https://www.dspim.com/media/pages/mandatory-disclosures/portfolio-disclosures/a7c51fe7a2-1757771553/dsp-isin-debt-portfolio-as-on-31-jul-2025.xlsx,xlsx,,{},2026-08-20 18:52:38.453423+00:00
30e3329f-26c7-4071-a129-d5bbbbff6589,,portfolio_disclosure,,4c0b62ae-5310-4f78-9daf-9dc2c317b347,2025-07-31,https://www.dspim.com/media/pages/mandatory-disclosures/portfolio-disclosures/a7c51fe7a2-1757771553/dsp-isin-debt-portfolio-as-on-31-jul-2025.xlsx,xlsx,,{},2026-08-20 18:52:38.453423+00:00
d696b18c-6455-47b3-9ab6-b555a9459748,,portfolio_disclosure,,bbc5e475-5d50-45be-b81e-7f3c276a92d5,2026-08-21,https://mutualfund.adityabirlacapital.com/-/media/bsl/files/resources/portfolio/portfolio-as-of-15-aug-2022-debt.xlsx,xlsx,,{},2026-08-20 22:56:48.598619+00:00
72ed5d68-d9f2-4df5-b1d2-eed830c7987b,796356cf-b327-4df7-bd60-c715127b2f30,portfolio_disclosure,,39bd5974-4c82-4457-bfd8-bfead40cd71f,2025-05-31,https://www.dspim.com/media/pages/mandatory-disclosures/portfolio-disclosures/43b253e246-1757771552/dsp-isin-debt-fortnightly-portfolio-as-on-31-may-2025.xlsx,xlsx,,{},2026-08-20 18:52:36.355524+00:00
f540d7d8-e1ce-439f-98e3-f42a760cb52c,,portfolio_disclosure,,b1db9b5b-8537-4540-8a66-1e00c3d2b375,2026-08-21,https://mutualfund.adityabirlacapital.com/-/media/bsl/files/resources/portfolio/portfolio-as-of-15-aug-2022-debt.xlsx,xlsx,,{},2026-08-20 22:56:48.598619+00:00
5ed068cb-0e60-45cf-91e8-b108b2eac6dd,796356cf-b327-4df7-bd60-c715127b2f30,portfolio_disclosure,,4c0b62ae-5310-4f78-9daf-9dc2c317b347,2025-05-31,https://www.dspim.com/media/pages/mandatory-disclosures/portfolio-disclosures/43b253e246-1757771552/dsp-isin-debt-fortnightly-portfolio-as-on-31-may-2025.xlsx,xlsx,,{},2026-08-20 18:52:36.355524+00:00
c327d666-1a0b-41b3-9ac8-1ce80d62c2ac,e9498c3d-3fec-4d1c-a303-a63bca14ec8f,portfolio_disclosure,,39bd5974-4c82-4457-bfd8-bfead40cd71f,2021-09-15,https://www.dspim.com/media/pages/mandatory-disclosures/portfolio-disclosures/ff3acb2cc7-1757771552/dsp-debt-isin-portfolio-15th-september-2021.xlsx,xlsx,,{},2026-08-20 18:52:24.847323+00:00
4de36503-07ed-423a-ac56-a7f07ce38859,e9498c3d-3fec-4d1c-a303-a63bca14ec8f,portfolio_disclosure,,4c0b62ae-5310-4f78-9daf-9dc2c317b347,2021-09-15,https://www.dspim.com/media/pages/mandatory-disclosures/portfolio-disclosures/ff3acb2cc7-1757771552/dsp-debt-isin-portfolio-15th-september-2021.xlsx,xlsx,,{},2026-08-20 18:52:24.847323+00:00
6529a416-2fe6-4a49-8633-2cf4d74f405d,f575edb5-985e-4c7a-bcdb-5fbc7bb82a45,portfolio_disclosure,,65a300f7-9dd5-4c4f-812d-e9b4475a6bea,2026-08-15,https://www.miraeassetmf.co.in/docs/default-source/portfolios/1dgrowth_15082026.xlsx,xlsx,,{},2026-08-20 18:24:43.001940+00:00
aacd28ce-9a64-4fd4-beee-f35651a8f5d2,,portfolio_disclosure,,39bd5974-4c82-4457-bfd8-bfead40cd71f,2024-03-15,https://www.dspim.com/media/pages/mandatory-disclosures/portfolio-disclosures/0b4fcbd151-1757771554/dsp-isin-debt-portfolio-fortnightly-as-on-mar-2024.xlsx,xlsx,,{},2026-08-20 18:52:39.593733+00:00
4541addc-ec44-46fb-8d6a-5274df09b1a1,,portfolio_disclosure,,4c0b62ae-5310-4f78-9daf-9dc2c317b347,2024-03-15,https://www.dspim.com/media/pages/mandatory-disclosures/portfolio-disclosures/0b4fcbd151-1757771554/dsp-isin-debt-portfolio-fortnightly-as-on-mar-2024.xlsx,xlsx,,{},2026-08-20 18:52:39.593733+00:00
450d547a-4937-484a-a10a-2d03ad63a289,,portfolio_disclosure,,1a6dcae3-b17a-4d21-b4a3-a255ba751eaf,2026-08-21,https://mutualfund.adityabirlacapital.com/-/media/bsl/files/resources/portfolio/portfolio-as-of-15-aug-2022-debt.xlsx,xlsx,,{},2026-08-20 22:56:48.598619+00:00
b4bc5a11-de76-4825-a3a8-b7f2982f71f8,,portfolio_disclosure,,eb5d7a9b-b12c-4ce5-b85d-a5b283bcf604,2026-08-21,https://mutualfund.adityabirlacapital.com/-/media/bsl/files/resources/portfolio/portfolio-as-of-15-aug-2022-debt.xlsx,xlsx,,{},2026-08-20 22:56:48.598619+00:00
5331501a-df95-49c6-93c2-f468537b8605,537e6e12-20b3-486c-bf22-5775d59b5bda,portfolio_disclosure,,39bd5974-4c82-4457-bfd8-bfead40cd71f,2025-09-30,https://www.dspim.com/media/pages/mandatory-disclosures/portfolio-disclosures/094df8a29c-1759679519/dsp-isin-debt-portfolio-as-on-30-sep-2025.xlsx,xlsx,,{},2026-08-20 18:52:40.162890+00:00
8441ffbc-8fd4-43b5-aaf8-302a5aecee0c,537e6e12-20b3-486c-bf22-5775d59b5bda,portfolio_disclosure,,4c0b62ae-5310-4f78-9daf-9dc2c317b347,2025-09-30,https://www.dspim.com/media/pages/mandatory-disclosures/portfolio-disclosures/094df8a29c-1759679519/dsp-isin-debt-portfolio-as-on-30-sep-2025.xlsx,xlsx,,{},2026-08-20 18:52:40.162890+00:00
d6d9599a-ac17-48da-be35-f8af28622e9d,,portfolio_disclosure,,4c0b62ae-5310-4f78-9daf-9dc2c317b347,2022-03-31,https://www.dspim.com/media/pages/mandatory-disclosures/portfolio-disclosures/6135f65526-1757771554/dsp-isin-debt-portfolio-as-on-31st-march-2022.xlsx,xlsx,,{},2026-08-20 18:52:39.137753+00:00
b8264cb5-edb9-40cb-99b9-fe674f72e57b,,portfolio_disclosure,,4c0b62ae-5310-4f78-9daf-9dc2c317b347,2021-03-15,https://www.dspim.com/media/pages/mandatory-disclosures/portfolio-disclosures/28214812f4-1757771552/dsp-debt-isin-portfolio-15th-mar-2021.xlsx,xlsx,,{},2026-08-20 22:42:00.725002+00:00
d8c7173c-d8a3-4d23-b16c-fd8b36a461a9,,portfolio_disclosure,,b4f4416b-5946-4375-9ef6-95929019c924,2026-08-15,https://www.invescomutualfund.com/docs/default-source/fortnightly-holdings/low-duration3640fe07eee8616aaa28ff00007d74af.xlsx?sfvrsn=21a89fc2_0,xlsx,,{},2026-08-20 18:51:41.257033+00:00
af96c83f-6f16-4258-9132-eb7c4ac2e642,38b9fd5c-8d08-4e20-b5af-02022d58990a,portfolio_disclosure,,3912b974-ea04-47af-b408-177699089230,2026-05-15,https://www.icicipruamc.com/blob/downloads/Files/Fortnightly%20Portfolio%20Disclosures/2026/Fortnightly%20Debt%20Scheme%20Portfolio%20-%2015th%20May%202026.zip,xlsx,,{},2026-08-20 18:28:08.948945+00:00
f331b7b8-3cdc-484f-b7bd-1078ef1fb0bb,38b9fd5c-8d08-4e20-b5af-02022d58990a,portfolio_disclosure,,3afd40d6-ebdb-41dd-9f3d-8e9913c30c81,2026-05-15,https://www.icicipruamc.com/blob/downloads/Files/Fortnightly%20Portfolio%20Disclosures/2026/Fortnightly%20Debt%20Scheme%20Portfolio%20-%2015th%20May%202026.zip,xlsx,,{},2026-08-20 18:28:08.948945+00:00
d75b4809-d673-499b-8332-a4db207308c6,,portfolio_disclosure,,dbb80926-5e14-4d67-afcb-1a0ff44a202a,2026-02-15,https://www.icicipruamc.com/blob/downloads/Files/Fortnightly%20Portfolio%20Disclosures/2026/Fortnightly%20Debt%20Scheme%20Portfolio%20-%2015th%20February%202026.zip,xlsx,,{},2026-08-20 18:55:31.904182+00:00
6abd0e2f-d348-4e9f-9897-8002db9e44f7,,portfolio_disclosure,,c31725e1-a968-4aff-b6ee-ec22399e1545,2026-02-15,https://www.icicipruamc.com/blob/downloads/Files/Fortnightly%20Portfolio%20Disclosures/2026/Fortnightly%20Debt%20Scheme%20Portfolio%20-%2015th%20February%202026.zip,xlsx,,{},2026-08-20 18:55:31.904182+00:00
7aca4023-d0b2-4620-9d0d-de1e88127bfb,,portfolio_disclosure,,622ebaa0-c98a-4bdf-86fa-8f6caca4f48f,2026-02-15,https://www.icicipruamc.com/blob/downloads/Files/Fortnightly%20Portfolio%20Disclosures/2026/Fortnightly%20Debt%20Scheme%20Portfolio%20-%2015th%20February%202026.zip,xlsx,,{},2026-08-20 18:55:31.904182+00:00
d88ad401-4f78-4396-ae7a-674420394c37,,portfolio_disclosure,,d40c7d98-358f-4511-8875-0d598556dba5,2026-02-15,https://www.icicipruamc.com/blob/downloads/Files/Fortnightly%20Portfolio%20Disclosures/2026/Fortnightly%20Debt%20Scheme%20Portfolio%20-%2015th%20February%202026.zip,xlsx,,{},2026-08-20 18:55:31.904182+00:00
ae0dfa0f-01d9-4552-8df0-361bbc5bfd90,,portfolio_disclosure,,53124c6a-8134-4ae7-a1c4-7f431cd78c02,2026-02-15,https://www.icicipruamc.com/blob/downloads/Files/Fortnightly%20Portfolio%20Disclosures/2026/Fortnightly%20Debt%20Scheme%20Portfolio%20-%2015th%20February%202026.zip,xlsx,,{},2026-08-20 18:55:31.904182+00:00
db88305d-42b5-4e77-a475-f58a4a549fd6,,portfolio_disclosure,,ee48130b-8fca-4ed0-afd2-00a220026270,2026-02-15,https://www.icicipruamc.com/blob/downloads/Files/Fortnightly%20Portfolio%20Disclosures/2026/Fortnightly%20Debt%20Scheme%20Portfolio%20-%2015th%20February%202026.zip,xlsx,,{},2026-08-20 18:55:31.904182+00:00
9bac07fc-8707-4408-8bf1-cae1016ac2d7,,portfolio_disclosure,,a61ed046-fa42-4c77-b058-189a2d78ff97,2026-02-15,https://www.icicipruamc.com/blob/downloads/Files/Fortnightly%20Portfolio%20Disclosures/2026/Fortnightly%20Debt%20Scheme%20Portfolio%20-%2015th%20February%202026.zip,xlsx,,{},2026-08-20 18:55:31.904182+00:00
1124e63a-2862-471b-926e-e902e28862a7,,portfolio_disclosure,,c66d488f-708e-4be7-920b-e553973ff0c3,2026-02-15,https://www.icicipruamc.com/blob/downloads/Files/Fortnightly%20Portfolio%20Disclosures/2026/Fortnightly%20Debt%20Scheme%20Portfolio%20-%2015th%20February%202026.zip,xlsx,,{},2026-08-20 18:55:31.904182+00:00
dccc7cae-4fb2-4eb0-a73c-2691feca8077,a283ff4f-f7d7-4458-abf1-db3e76e45d2f,portfolio_disclosure,,965baf1f-07d2-44f6-9730-bbcfbc0f8ddb,2026-05-31,https://www.icicipruamc.com/blob/downloads/Files/Fortnightly%20Portfolio%20Disclosures/2026/Fortnightly%20Debt%20Scheme%20Portfolio%20-%2031st%20May%202026.zip,xlsx,,{},2026-08-20 18:28:01.799828+00:00
9297e25f-dddf-449c-ba5b-cdc121c4bfd2,a283ff4f-f7d7-4458-abf1-db3e76e45d2f,portfolio_disclosure,,d8edc81e-2fad-46a1-9146-8b6b50825cf9,2026-05-31,https://www.icicipruamc.com/blob/downloads/Files/Fortnightly%20Portfolio%20Disclosures/2026/Fortnightly%20Debt%20Scheme%20Portfolio%20-%2031st%20May%202026.zip,xlsx,,{},2026-08-20 18:28:01.799828+00:00
5cc96edf-2db4-4790-92d1-37885f6f30e7,38b9fd5c-8d08-4e20-b5af-02022d58990a,portfolio_disclosure,,bd87bcf7-b74d-4dab-a361-5588faa94e8e,2026-05-15,https://www.icicipruamc.com/blob/downloads/Files/Fortnightly%20Portfolio%20Disclosures/2026/Fortnightly%20Debt%20Scheme%20Portfolio%20-%2015th%20May%202026.zip,xlsx,,{},2026-08-20 18:28:08.948945+00:00
0a57c6c6-a711-4178-b6c5-f7691174c891,,portfolio_disclosure,,fad97361-7dd4-49f1-9ac6-804f4baec973,2026-02-15,https://www.icicipruamc.com/blob/downloads/Files/Fortnightly%20Portfolio%20Disclosures/2026/Fortnightly%20Debt%20Scheme%20Portfolio%20-%2015th%20February%202026.zip,xlsx,,{},2026-08-20 18:55:31.904182+00:00
f208714f-bee8-4ba3-afd1-82d779f37ec6,,portfolio_disclosure,,e26a0e39-ae1a-4875-8429-3f73c5109441,2026-02-15,https://www.icicipruamc.com/blob/downloads/Files/Fortnightly%20Portfolio%20Disclosures/2026/Fortnightly%20Debt%20Scheme%20Portfolio%20-%2015th%20February%202026.zip,xlsx,,{},2026-08-20 18:55:31.904182+00:00
3cb82975-0833-473f-946c-8a80a12d9143,,portfolio_disclosure,,148fda89-05a6-4d1d-bad1-a16ea5a774a7,2026-02-15,https://www.icicipruamc.com/blob/downloads/Files/Fortnightly%20Portfolio%20Disclosures/2026/Fortnightly%20Debt%20Scheme%20Portfolio%20-%2015th%20February%202026.zip,xlsx,,{},2026-08-20 18:55:31.904182+00:00
75f89a38-92b8-4e4d-905c-b2ce582af64e,,portfolio_disclosure,,375378d3-7e30-4ab5-87da-0dbd54bf8388,2026-02-15,https://www.icicipruamc.com/blob/downloads/Files/Fortnightly%20Portfolio%20Disclosures/2026/Fortnightly%20Debt%20Scheme%20Portfolio%20-%2015th%20February%202026.zip,xlsx,,{},2026-08-20 18:55:31.904182+00:00
44c948c1-fc06-408b-b4d5-21c851be6065,5422f169-ab01-4395-b937-a464f776aeb2,portfolio_disclosure,,7acbdaac-6b00-42f0-8aa5-b4ef1d6b484d,2025-10-15,https://www.dspim.com/media/pages/mandatory-disclosures/portfolio-disclosures/608ad706b4-1760787868/dsp-isin-debt-fortnightly-portfolio-as-on-15-oct-2025.xlsx,xlsx,,{},2026-08-21 21:53:56.898402+00:00
13918e94-dfed-4b25-b914-c1c9ed174224,5422f169-ab01-4395-b937-a464f776aeb2,portfolio_disclosure,,75700a69-71bb-4ab4-b736-12846754c6fa,2025-10-15,https://www.dspim.com/media/pages/mandatory-disclosures/portfolio-disclosures/608ad706b4-1760787868/dsp-isin-debt-fortnightly-portfolio-as-on-15-oct-2025.xlsx,xlsx,,{},2026-08-21 21:53:56.898402+00:00
d9c2b063-e8ed-4195-a091-8fc005ca7bba,5422f169-ab01-4395-b937-a464f776aeb2,portfolio_disclosure,,28e08d4a-750c-44a8-b878-507862a40769,2025-10-15,https://www.dspim.com/media/pages/mandatory-disclosures/portfolio-disclosures/608ad706b4-1760787868/dsp-isin-debt-fortnightly-portfolio-as-on-15-oct-2025.xlsx,xlsx,,{},2026-08-21 21:53:56.898402+00:00
ae1d2437-9080-496c-aa4d-041c16c31bbb,5422f169-ab01-4395-b937-a464f776aeb2,portfolio_disclosure,,9f75a983-484e-45e0-9905-bf47dbfc8900,2025-10-15,https://www.dspim.com/media/pages/mandatory-disclosures/portfolio-disclosures/608ad706b4-1760787868/dsp-isin-debt-fortnightly-portfolio-as-on-15-oct-2025.xlsx,xlsx,,{},2026-08-21 21:53:56.898402+00:00
5eaf2630-c008-41e2-9158-06838a2c88e7,,portfolio_disclosure,,20e22757-6a93-4e58-8102-396ba968f1ba,2026-01-31,https://www.icicipruamc.com/blob/downloads/Files/Fortnightly%20Portfolio%20Disclosures/2026/Fortnightly%20Debt%20Scheme%20Portfolio%20-%2031st%20January%202026.zip,xlsx,,{},2026-08-20 18:55:39.780637+00:00
f697d083-e07c-409f-b2ff-1a7a1a55dc1a,,portfolio_disclosure,,98066e78-446d-4158-912d-b4978e253dc7,2026-01-31,https://www.icicipruamc.com/blob/downloads/Files/Fortnightly%20Portfolio%20Disclosures/2026/Fortnightly%20Debt%20Scheme%20Portfolio%20-%2031st%20January%202026.zip,xlsx,,{},2026-08-20 18:55:39.780637+00:00
d0c94b3d-e803-437f-ad36-699f3c461945,,portfolio_disclosure,,39bd5974-4c82-4457-bfd8-bfead40cd71f,2026-07-15,https://www.dspim.com/media/pages/mandatory-disclosures/portfolio-disclosures/0448906466-1784552387/dsp-isin-debt-fortnightly-portfolio-as-on-15-jul-2026.xlsx,xlsx,,{},2026-08-20 22:59:17.043485+00:00
1cd06da0-cb0e-4559-afef-4f540711731a,,portfolio_disclosure,,4c0b62ae-5310-4f78-9daf-9dc2c317b347,2026-07-15,https://www.dspim.com/media/pages/mandatory-disclosures/portfolio-disclosures/0448906466-1784552387/dsp-isin-debt-fortnightly-portfolio-as-on-15-jul-2026.xlsx,xlsx,,{},2026-08-20 22:59:17.043485+00:00
f8c55f17-2003-4cb8-84bc-89a2dcb6970f,,portfolio_disclosure,,39bd5974-4c82-4457-bfd8-bfead40cd71f,2024-06-15,https://www.dspim.com/media/pages/mandatory-disclosures/portfolio-disclosures/c5b90e2240-1757771552/dsp-isin-debt-fortnightly-portfolio-as-on-15-jun-2024.xlsx,xlsx,,{},2026-08-20 18:51:27.688051+00:00
2a38a77b-2624-4906-ae2c-9991ed3a7267,,portfolio_disclosure,,4c0b62ae-5310-4f78-9daf-9dc2c317b347,2024-06-15,https://www.dspim.com/media/pages/mandatory-disclosures/portfolio-disclosures/c5b90e2240-1757771552/dsp-isin-debt-fortnightly-portfolio-as-on-15-jun-2024.xlsx,xlsx,,{},2026-08-20 18:51:27.688051+00:00
3f103685-0852-4cef-bca4-013b21f7f5ab,,portfolio_disclosure,,39bd5974-4c82-4457-bfd8-bfead40cd71f,2020-10-31,https://www.dspim.com/media/pages/mandatory-disclosures/portfolio-disclosures/0c4360bebf-1757771554/dsp-isin-debt-portfolio-oct-31.xlsx,xlsx,,{},2026-08-20 22:59:21.640354+00:00
d3237d18-15b6-4d35-b991-70d2056da7b1,,portfolio_disclosure,,4c0b62ae-5310-4f78-9daf-9dc2c317b347,2020-10-31,https://www.dspim.com/media/pages/mandatory-disclosures/portfolio-disclosures/0c4360bebf-1757771554/dsp-isin-debt-portfolio-oct-31.xlsx,xlsx,,{},2026-08-20 22:59:21.640354+00:00
a1245acf-861a-4ba4-b230-a52f820e28bf,5422f169-ab01-4395-b937-a464f776aeb2,portfolio_disclosure,,b3236eec-7dcc-4192-8025-4d413fbde918,2025-10-15,https://www.dspim.com/media/pages/mandatory-disclosures/portfolio-disclosures/608ad706b4-1760787868/dsp-isin-debt-fortnightly-portfolio-as-on-15-oct-2025.xlsx,xlsx,,{},2026-08-21 21:53:56.898402+00:00
df4536ca-05bf-4b28-a9ff-120d298fec81,5422f169-ab01-4395-b937-a464f776aeb2,portfolio_disclosure,,e0a672f6-40f3-453f-ab57-9c3633fa4d5a,2025-10-15,https://www.dspim.com/media/pages/mandatory-disclosures/portfolio-disclosures/608ad706b4-1760787868/dsp-isin-debt-fortnightly-portfolio-as-on-15-oct-2025.xlsx,xlsx,,{},2026-08-21 21:53:56.898402+00:00
d7a4e819-1af5-4649-9988-f3d2ca5db1f8,5422f169-ab01-4395-b937-a464f776aeb2,portfolio_disclosure,,f3839e55-9dd9-4e5a-815f-b9125c1200e8,2025-10-15,https://www.dspim.com/media/pages/mandatory-disclosures/portfolio-disclosures/608ad706b4-1760787868/dsp-isin-debt-fortnightly-portfolio-as-on-15-oct-2025.xlsx,xlsx,,{},2026-08-21 21:53:56.898402+00:00
011a625f-5f4c-4858-b2d2-03cdd5ecc8f3,3241a65a-56e3-4693-a6b0-8fa99dd577de,portfolio_disclosure,,41296c7a-695c-4eea-adf7-52af405cd975,2026-08-15,https://www.miraeassetmf.co.in/docs/default-source/portfolios/manjf_15082026.xlsx,xlsx,,{},2026-08-20 18:51:13.547946+00:00
8a280348-4454-42f1-af3f-bcef17e50cbb,,portfolio_disclosure,,c7b7d6fe-e23f-4b85-9771-5800ccc1ea98,2026-01-15,https://www.icicipruamc.com/blob/downloads/Files/Fortnightly%20Portfolio%20Disclosures/2026/Fortnightly%20Debt%20Scheme%20Portfolio%20-%2015th%20January%202026.zip,xlsx,,{},2026-08-20 18:55:47.706970+00:00
690f4d94-22ed-4ad6-8c6a-7f23d0e64d86,,portfolio_disclosure,,d38c0aa5-ac53-4d03-b799-3e3835297750,2026-01-15,https://www.icicipruamc.com/blob/downloads/Files/Fortnightly%20Portfolio%20Disclosures/2026/Fortnightly%20Debt%20Scheme%20Portfolio%20-%2015th%20January%202026.zip,xlsx,,{},2026-08-20 18:55:47.706970+00:00
5613dff4-20cf-4fc5-8570-890ccafc35c3,,portfolio_disclosure,,63e0372c-6dd1-4f45-8dde-5c7017fe5d76,2026-01-15,https://www.icicipruamc.com/blob/downloads/Files/Fortnightly%20Portfolio%20Disclosures/2026/Fortnightly%20Debt%20Scheme%20Portfolio%20-%2015th%20January%202026.zip,xlsx,,{},2026-08-20 18:55:47.706970+00:00
b815a41d-a6fe-4dd5-a5e8-1ba3dbd56b93,240e0388-1555-46e3-b987-3873db45e697,portfolio_disclosure,,b4f4416b-5946-4375-9ef6-95929019c924,2026-08-15,https://www.invescomutualfund.com/docs/default-source/fortnightly-holdings/corp-bondc23efe07eee8616aaa28ff00007d74af.xlsx?sfvrsn=add69fc2_0,xlsx,,{},2026-08-20 18:26:19.049532+00:00
4cba6927-aef1-4061-8a97-81fd514d71d6,e91abfcf-9957-43ae-ba4d-0c84bba6f3b9,portfolio_disclosure,,3afd40d6-ebdb-41dd-9f3d-8e9913c30c81,2026-08-15,https://www.icicipruamc.com/blob/downloads/Files/Fortnightly%20Portfolio%20Disclosures/2026/Fortnightly%20Debt%20Scheme%20Portfolio%20-%2015th%20August%202026.zip,xlsx,,{},2026-08-20 18:27:27.381838+00:00
25a2d966-067c-4951-88ab-b7cd9b43030a,e91abfcf-9957-43ae-ba4d-0c84bba6f3b9,portfolio_disclosure,,bd87bcf7-b74d-4dab-a361-5588faa94e8e,2026-08-15,https://www.icicipruamc.com/blob/downloads/Files/Fortnightly%20Portfolio%20Disclosures/2026/Fortnightly%20Debt%20Scheme%20Portfolio%20-%2015th%20August%202026.zip,xlsx,,{},2026-08-20 18:27:27.381838+00:00
c66b75dc-765f-49fb-b8ab-ed5dc4bc6ab0,e91abfcf-9957-43ae-ba4d-0c84bba6f3b9,portfolio_disclosure,,a8a76a2e-8f67-49e4-aeb1-7366d2a7b1f7,2026-08-15,https://www.icicipruamc.com/blob/downloads/Files/Fortnightly%20Portfolio%20Disclosures/2026/Fortnightly%20Debt%20Scheme%20Portfolio%20-%2015th%20August%202026.zip,xlsx,,{},2026-08-20 18:27:27.381838+00:00
c8a2e535-8cf3-4317-9481-5e83161f5fc0,e91abfcf-9957-43ae-ba4d-0c84bba6f3b9,portfolio_disclosure,,56c7a4bb-eb51-49cc-b39c-f0641d5d748e,2026-08-15,https://www.icicipruamc.com/blob/downloads/Files/Fortnightly%20Portfolio%20Disclosures/2026/Fortnightly%20Debt%20Scheme%20Portfolio%20-%2015th%20August%202026.zip,xlsx,,{},2026-08-20 18:27:27.381838+00:00
937bcf85-9f16-4425-a710-a5b5b2855fab,5422f169-ab01-4395-b937-a464f776aeb2,portfolio_disclosure,,6bf4afad-27c9-430a-9ddf-7f738f44369d,2025-10-15,https://www.dspim.com/media/pages/mandatory-disclosures/portfolio-disclosures/608ad706b4-1760787868/dsp-isin-debt-fortnightly-portfolio-as-on-15-oct-2025.xlsx,xlsx,,{},2026-08-21 21:53:56.898402+00:00
68646cde-3f35-4b89-a77a-f6c3ef8e9f42,5422f169-ab01-4395-b937-a464f776aeb2,portfolio_disclosure,,d3054566-387e-4c09-ae37-8f6734e2b928,2025-10-15,https://www.dspim.com/media/pages/mandatory-disclosures/portfolio-disclosures/608ad706b4-1760787868/dsp-isin-debt-fortnightly-portfolio-as-on-15-oct-2025.xlsx,xlsx,,{},2026-08-21 21:53:56.898402+00:00
40cf5d0a-3a2d-4103-919c-6f339bce8627,5422f169-ab01-4395-b937-a464f776aeb2,portfolio_disclosure,,9c2c7293-3cb9-4dde-b834-220990d0fc56,2025-10-15,https://www.dspim.com/media/pages/mandatory-disclosures/portfolio-disclosures/608ad706b4-1760787868/dsp-isin-debt-fortnightly-portfolio-as-on-15-oct-2025.xlsx,xlsx,,{},2026-08-21 21:53:56.898402+00:00
a6f0ee5e-9d18-4b6c-9573-e6c051d38be6,fa9d394c-419e-4708-9696-425ac1b620cd,portfolio_disclosure,,39bd5974-4c82-4457-bfd8-bfead40cd71f,2023-02-28,https://www.dspim.com/media/pages/mandatory-disclosures/portfolio-disclosures/c5459a006d-1757771553/dsp-isin-debt-portfolio-as-on-28th-february-2023.xlsx,xlsx,,{},2026-08-21 21:54:08.150261+00:00
60b34304-c406-450e-909e-6fb67285cd25,fa9d394c-419e-4708-9696-425ac1b620cd,portfolio_disclosure,,4c0b62ae-5310-4f78-9daf-9dc2c317b347,2023-02-28,https://www.dspim.com/media/pages/mandatory-disclosures/portfolio-disclosures/c5459a006d-1757771553/dsp-isin-debt-portfolio-as-on-28th-february-2023.xlsx,xlsx,,{},2026-08-21 21:54:08.150261+00:00
70ccc6f2-2fe1-4412-a96f-305e1ff133a2,fa9d394c-419e-4708-9696-425ac1b620cd,portfolio_disclosure,,4b79d7b6-ca96-4225-965f-f0e1a7993d18,2023-02-28,https://www.dspim.com/media/pages/mandatory-disclosures/portfolio-disclosures/c5459a006d-1757771553/dsp-isin-debt-portfolio-as-on-28th-february-2023.xlsx,xlsx,,{},2026-08-21 21:54:08.150261+00:00
40fd01a1-3fda-46d2-9c5b-dec9e846bd0c,fa9d394c-419e-4708-9696-425ac1b620cd,portfolio_disclosure,,d7d97876-3f48-4125-a93c-5fadd10b4402,2023-02-28,https://www.dspim.com/media/pages/mandatory-disclosures/portfolio-disclosures/c5459a006d-1757771553/dsp-isin-debt-portfolio-as-on-28th-february-2023.xlsx,xlsx,,{},2026-08-21 21:54:08.150261+00:00
9255d49c-363c-41b3-a7bc-f72a680fe2de,,portfolio_disclosure,,3afd40d6-ebdb-41dd-9f3d-8e9913c30c81,2026-01-31,https://www.icicipruamc.com/blob/downloads/Files/Fortnightly%20Portfolio%20Disclosures/2026/Fortnightly%20Debt%20Scheme%20Portfolio%20-%2031st%20January%202026.zip,xlsx,,{},2026-08-20 18:55:39.780637+00:00
fe72eb2d-c4db-47c7-a57a-a85d31e8b1c2,,portfolio_disclosure,,047e718c-b972-47f8-9513-91b87c5cabef,2026-01-31,https://www.icicipruamc.com/blob/downloads/Files/Fortnightly%20Portfolio%20Disclosures/2026/Fortnightly%20Debt%20Scheme%20Portfolio%20-%2031st%20January%202026.zip,xlsx,,{},2026-08-20 18:55:39.780637+00:00
f3a8ba47-483b-4c63-95c4-4fb947474068,,portfolio_disclosure,,bd87bcf7-b74d-4dab-a361-5588faa94e8e,2026-01-31,https://www.icicipruamc.com/blob/downloads/Files/Fortnightly%20Portfolio%20Disclosures/2026/Fortnightly%20Debt%20Scheme%20Portfolio%20-%2031st%20January%202026.zip,xlsx,,{},2026-08-20 18:55:39.780637+00:00
f5e0a132-6536-4c4b-8625-27e4fff77c3b,,portfolio_disclosure,,a8a76a2e-8f67-49e4-aeb1-7366d2a7b1f7,2026-01-31,https://www.icicipruamc.com/blob/downloads/Files/Fortnightly%20Portfolio%20Disclosures/2026/Fortnightly%20Debt%20Scheme%20Portfolio%20-%2031st%20January%202026.zip,xlsx,,{},2026-08-20 18:55:39.780637+00:00
6b289a4b-b8a4-4652-914d-e9951a25b996,,portfolio_disclosure,,56c7a4bb-eb51-49cc-b39c-f0641d5d748e,2026-01-31,https://www.icicipruamc.com/blob/downloads/Files/Fortnightly%20Portfolio%20Disclosures/2026/Fortnightly%20Debt%20Scheme%20Portfolio%20-%2031st%20January%202026.zip,xlsx,,{},2026-08-20 18:55:39.780637+00:00
0df8e12d-48b1-4cde-90a2-62f314fccf36,,portfolio_disclosure,,b68a3748-3e94-4b91-99e3-80c273548326,2026-01-31,https://www.icicipruamc.com/blob/downloads/Files/Fortnightly%20Portfolio%20Disclosures/2026/Fortnightly%20Debt%20Scheme%20Portfolio%20-%2031st%20January%202026.zip,xlsx,,{},2026-08-20 18:55:39.780637+00:00
aee40b90-9226-4db2-8d8e-2c8bfd66b8e5,,portfolio_disclosure,,965baf1f-07d2-44f6-9730-bbcfbc0f8ddb,2026-01-31,https://www.icicipruamc.com/blob/downloads/Files/Fortnightly%20Portfolio%20Disclosures/2026/Fortnightly%20Debt%20Scheme%20Portfolio%20-%2031st%20January%202026.zip,xlsx,,{},2026-08-20 18:55:39.780637+00:00
199ab3b7-43f1-44b9-a7b1-b3258190c431,,portfolio_disclosure,,d8edc81e-2fad-46a1-9146-8b6b50825cf9,2026-01-31,https://www.icicipruamc.com/blob/downloads/Files/Fortnightly%20Portfolio%20Disclosures/2026/Fortnightly%20Debt%20Scheme%20Portfolio%20-%2031st%20January%202026.zip,xlsx,,{},2026-08-20 18:55:39.780637+00:00
981c5974-98f5-46a6-9151-8ad05b58ae23,,portfolio_disclosure,,aa5cecc8-e924-4c4c-81b7-3fb389e01179,2026-01-31,https://www.icicipruamc.com/blob/downloads/Files/Fortnightly%20Portfolio%20Disclosures/2026/Fortnightly%20Debt%20Scheme%20Portfolio%20-%2031st%20January%202026.zip,xlsx,,{},2026-08-20 18:55:39.780637+00:00
1714f2fb-b88f-42de-8fc7-955ba8a716fc,,portfolio_disclosure,,b07f8708-4204-4414-a941-295f966896d7,2026-01-31,https://www.icicipruamc.com/blob/downloads/Files/Fortnightly%20Portfolio%20Disclosures/2026/Fortnightly%20Debt%20Scheme%20Portfolio%20-%2031st%20January%202026.zip,xlsx,,{},2026-08-20 18:55:39.780637+00:00
58e3e263-aae8-489f-8bff-726e402fadb5,,portfolio_disclosure,,c7b7d6fe-e23f-4b85-9771-5800ccc1ea98,2026-01-31,https://www.icicipruamc.com/blob/downloads/Files/Fortnightly%20Portfolio%20Disclosures/2026/Fortnightly%20Debt%20Scheme%20Portfolio%20-%2031st%20January%202026.zip,xlsx,,{},2026-08-20 18:55:39.780637+00:00
0ca71b6f-02b2-4223-a50d-f185820b7495,fa9d394c-419e-4708-9696-425ac1b620cd,portfolio_disclosure,,a5cbc07f-1e64-4817-8efe-bca3d4a64f5c,2023-02-28,https://www.dspim.com/media/pages/mandatory-disclosures/portfolio-disclosures/c5459a006d-1757771553/dsp-isin-debt-portfolio-as-on-28th-february-2023.xlsx,xlsx,,{},2026-08-21 21:54:08.150261+00:00
0c7d2033-8423-4148-a669-1806479a7131,fa9d394c-419e-4708-9696-425ac1b620cd,portfolio_disclosure,,711bb119-31de-44af-bb63-de60d060214f,2023-02-28,https://www.dspim.com/media/pages/mandatory-disclosures/portfolio-disclosures/c5459a006d-1757771553/dsp-isin-debt-portfolio-as-on-28th-february-2023.xlsx,xlsx,,{},2026-08-21 21:54:08.150261+00:00
66973e9b-e191-488c-a381-0ee5ca82d5a9,fa9d394c-419e-4708-9696-425ac1b620cd,portfolio_disclosure,,aa38dd68-4660-4a1b-b174-fd59e0c778fd,2023-02-28,https://www.dspim.com/media/pages/mandatory-disclosures/portfolio-disclosures/c5459a006d-1757771553/dsp-isin-debt-portfolio-as-on-28th-february-2023.xlsx,xlsx,,{},2026-08-21 21:54:08.150261+00:00
4e4c6e68-11db-42f5-b99f-fcab420fe0aa,fa9d394c-419e-4708-9696-425ac1b620cd,portfolio_disclosure,,646d8ef3-03fa-43e8-8dec-4f4eb638210c,2023-02-28,https://www.dspim.com/media/pages/mandatory-disclosures/portfolio-disclosures/c5459a006d-1757771553/dsp-isin-debt-portfolio-as-on-28th-february-2023.xlsx,xlsx,,{},2026-08-21 21:54:08.150261+00:00
2843a1d2-b67b-436a-8cdf-778a41256378,4b63dce3-d9e1-4e5b-a94c-4a9aa6ca3ff7,portfolio_disclosure,,b2204408-1fe7-459f-8904-e8064d4a8f90,2024-10-31,https://amc.ppfas.com/downloads/portfolio-disclosure/2024/PPFAS_Monthly_Portfolio_Report_October_31_2024.xlsx?08112024,xlsx,,{},2026-08-21 22:27:33.755328+00:00
7a1cb535-6c6a-418d-8632-122c0f0c5946,e91abfcf-9957-43ae-ba4d-0c84bba6f3b9,portfolio_disclosure,,b07f8708-4204-4414-a941-295f966896d7,2026-08-15,https://www.icicipruamc.com/blob/downloads/Files/Fortnightly%20Portfolio%20Disclosures/2026/Fortnightly%20Debt%20Scheme%20Portfolio%20-%2015th%20August%202026.zip,xlsx,,{},2026-08-20 18:27:27.381838+00:00
08a7a8fb-c25c-4e7f-8a9f-e6c2cced1fc9,e91abfcf-9957-43ae-ba4d-0c84bba6f3b9,portfolio_disclosure,,4925effe-8563-4ee5-8c7c-71d0f96b9433,2026-08-15,https://www.icicipruamc.com/blob/downloads/Files/Fortnightly%20Portfolio%20Disclosures/2026/Fortnightly%20Debt%20Scheme%20Portfolio%20-%2015th%20August%202026.zip,xlsx,,{},2026-08-20 18:27:27.381838+00:00
0124cdfa-9fbc-44d7-b9f7-42e7af8a8f86,e91abfcf-9957-43ae-ba4d-0c84bba6f3b9,portfolio_disclosure,,9daff2f0-95a8-40f0-9f0d-a3ec3abc3e14,2026-08-15,https://www.icicipruamc.com/blob/downloads/Files/Fortnightly%20Portfolio%20Disclosures/2026/Fortnightly%20Debt%20Scheme%20Portfolio%20-%2015th%20August%202026.zip,xlsx,,{},2026-08-20 18:27:27.381838+00:00
c77c1c8f-88f1-4b64-b338-9951b0176388,e91abfcf-9957-43ae-ba4d-0c84bba6f3b9,portfolio_disclosure,,c7b7d6fe-e23f-4b85-9771-5800ccc1ea98,2026-08-15,https://www.icicipruamc.com/blob/downloads/Files/Fortnightly%20Portfolio%20Disclosures/2026/Fortnightly%20Debt%20Scheme%20Portfolio%20-%2015th%20August%202026.zip,xlsx,,{},2026-08-20 18:27:27.381838+00:00
2cddf6b3-4a80-4ba9-893e-6b8c84bbc596,e91abfcf-9957-43ae-ba4d-0c84bba6f3b9,portfolio_disclosure,,d38c0aa5-ac53-4d03-b799-3e3835297750,2026-08-15,https://www.icicipruamc.com/blob/downloads/Files/Fortnightly%20Portfolio%20Disclosures/2026/Fortnightly%20Debt%20Scheme%20Portfolio%20-%2015th%20August%202026.zip,xlsx,,{},2026-08-20 18:27:27.381838+00:00
1f82a372-a849-45f7-ac74-5f4d0e5a895f,,portfolio_disclosure,,bd87bcf7-b74d-4dab-a361-5588faa94e8e,2026-01-15,https://www.icicipruamc.com/blob/downloads/Files/Fortnightly%20Portfolio%20Disclosures/2026/Fortnightly%20Debt%20Scheme%20Portfolio%20-%2015th%20January%202026.zip,xlsx,,{},2026-08-20 18:55:47.706970+00:00
faa64c13-dc21-4a1b-a505-709f5e05f5a2,,portfolio_disclosure,,a8a76a2e-8f67-49e4-aeb1-7366d2a7b1f7,2026-01-15,https://www.icicipruamc.com/blob/downloads/Files/Fortnightly%20Portfolio%20Disclosures/2026/Fortnightly%20Debt%20Scheme%20Portfolio%20-%2015th%20January%202026.zip,xlsx,,{},2026-08-20 18:55:47.706970+00:00
ebd112af-3d06-4161-9875-2f5f516ebcd9,,portfolio_disclosure,,56c7a4bb-eb51-49cc-b39c-f0641d5d748e,2026-01-15,https://www.icicipruamc.com/blob/downloads/Files/Fortnightly%20Portfolio%20Disclosures/2026/Fortnightly%20Debt%20Scheme%20Portfolio%20-%2015th%20January%202026.zip,xlsx,,{},2026-08-20 18:55:47.706970+00:00
42be3b49-50b7-461a-b128-f6cb41b8588c,fa9d394c-419e-4708-9696-425ac1b620cd,portfolio_disclosure,,d63d2a0d-4ec8-49c9-8151-f219e714445f,2023-02-28,https://www.dspim.com/media/pages/mandatory-disclosures/portfolio-disclosures/c5459a006d-1757771553/dsp-isin-debt-portfolio-as-on-28th-february-2023.xlsx,xlsx,,{},2026-08-21 21:54:08.150261+00:00
cbac5136-bac5-44f2-ba55-1219a9f5baf3,fa9d394c-419e-4708-9696-425ac1b620cd,portfolio_disclosure,,8b8a7181-1a62-463c-9637-38515e3a4973,2023-02-28,https://www.dspim.com/media/pages/mandatory-disclosures/portfolio-disclosures/c5459a006d-1757771553/dsp-isin-debt-portfolio-as-on-28th-february-2023.xlsx,xlsx,,{},2026-08-21 21:54:08.150261+00:00
ce1d2055-188e-4a48-90bc-dba7359a3d50,fa9d394c-419e-4708-9696-425ac1b620cd,portfolio_disclosure,,aa29e284-5e02-4951-ae02-ed98535dc61e,2023-02-28,https://www.dspim.com/media/pages/mandatory-disclosures/portfolio-disclosures/c5459a006d-1757771553/dsp-isin-debt-portfolio-as-on-28th-february-2023.xlsx,xlsx,,{},2026-08-21 21:54:08.150261+00:00
23dbbcc5-fd5f-42ba-b8bd-555e02ae51af,fa9d394c-419e-4708-9696-425ac1b620cd,portfolio_disclosure,,81fe35a5-74ea-4bf9-8e50-d1961c83f0b2,2023-02-28,https://www.dspim.com/media/pages/mandatory-disclosures/portfolio-disclosures/c5459a006d-1757771553/dsp-isin-debt-portfolio-as-on-28th-february-2023.xlsx,xlsx,,{},2026-08-21 21:54:08.150261+00:00
948b1dd7-4366-420f-a549-4e3c0dde6850,fa9d394c-419e-4708-9696-425ac1b620cd,portfolio_disclosure,,e3c71b64-92f1-4db4-a6f7-1c0008e69c4c,2023-02-28,https://www.dspim.com/media/pages/mandatory-disclosures/portfolio-disclosures/c5459a006d-1757771553/dsp-isin-debt-portfolio-as-on-28th-february-2023.xlsx,xlsx,,{},2026-08-21 21:54:08.150261+00:00
526c4ca2-5830-4f9b-92ce-60d3a857e211,fa9d394c-419e-4708-9696-425ac1b620cd,portfolio_disclosure,,bc6afebe-de89-4d43-a319-3a0352ead9be,2023-02-28,https://www.dspim.com/media/pages/mandatory-disclosures/portfolio-disclosures/c5459a006d-1757771553/dsp-isin-debt-portfolio-as-on-28th-february-2023.xlsx,xlsx,,{},2026-08-21 21:54:08.150261+00:00
a70d60dd-c627-49dc-9f8e-2de1a8dd74df,fa9d394c-419e-4708-9696-425ac1b620cd,portfolio_disclosure,,7acbdaac-6b00-42f0-8aa5-b4ef1d6b484d,2023-02-28,https://www.dspim.com/media/pages/mandatory-disclosures/portfolio-disclosures/c5459a006d-1757771553/dsp-isin-debt-portfolio-as-on-28th-february-2023.xlsx,xlsx,,{},2026-08-21 21:54:08.150261+00:00
640fbb1e-9312-4bbc-a900-7f77bedd02f4,fa9d394c-419e-4708-9696-425ac1b620cd,portfolio_disclosure,,75700a69-71bb-4ab4-b736-12846754c6fa,2023-02-28,https://www.dspim.com/media/pages/mandatory-disclosures/portfolio-disclosures/c5459a006d-1757771553/dsp-isin-debt-portfolio-as-on-28th-february-2023.xlsx,xlsx,,{},2026-08-21 21:54:08.150261+00:00
bed0acf4-90c2-4458-8582-7ddbfef857c9,fa9d394c-419e-4708-9696-425ac1b620cd,portfolio_disclosure,,a1098ad6-91b7-4f2b-83c4-9adf731d7ed9,2023-02-28,https://www.dspim.com/media/pages/mandatory-disclosures/portfolio-disclosures/c5459a006d-1757771553/dsp-isin-debt-portfolio-as-on-28th-february-2023.xlsx,xlsx,,{},2026-08-21 21:54:08.150261+00:00
d00e7108-5dea-4210-a539-19828c56af2d,,portfolio_disclosure,,b68a3748-3e94-4b91-99e3-80c273548326,2026-01-15,https://www.icicipruamc.com/blob/downloads/Files/Fortnightly%20Portfolio%20Disclosures/2026/Fortnightly%20Debt%20Scheme%20Portfolio%20-%2015th%20January%202026.zip,xlsx,,{},2026-08-20 18:55:47.706970+00:00
31f0af8a-e441-4514-bd60-fafc7f00a51f,,portfolio_disclosure,,965baf1f-07d2-44f6-9730-bbcfbc0f8ddb,2026-01-15,https://www.icicipruamc.com/blob/downloads/Files/Fortnightly%20Portfolio%20Disclosures/2026/Fortnightly%20Debt%20Scheme%20Portfolio%20-%2015th%20January%202026.zip,xlsx,,{},2026-08-20 18:55:47.706970+00:00
b9364e52-9ae6-48d2-9eda-39b33e61327f,,portfolio_disclosure,,3afd40d6-ebdb-41dd-9f3d-8e9913c30c81,2025-12-31,https://www.icicipruamc.com/blob/downloads/Files/Fortnightly%20Portfolio%20Disclosures/2025/Fortnightly%20Debt%20Scheme%20Portfolio%20-%2031st%20December%202025.zip,xlsx,,{},2026-08-20 18:55:55.550501+00:00
9a827bcc-b409-4ef9-af28-fdfe1a2a75f6,,portfolio_disclosure,,b68a3748-3e94-4b91-99e3-80c273548326,2025-12-15,https://www.icicipruamc.com/blob/downloads/Files/Fortnightly%20Portfolio%20Disclosures/2025/Fortnightly%20Debt%20Scheme%20Portfolio%20-%2015th%20December%202025.zip,xlsx,,{},2026-08-20 18:56:03.840190+00:00
2b004a5e-b6da-477d-ae80-6e876f68248b,,portfolio_disclosure,,965baf1f-07d2-44f6-9730-bbcfbc0f8ddb,2025-12-15,https://www.icicipruamc.com/blob/downloads/Files/Fortnightly%20Portfolio%20Disclosures/2025/Fortnightly%20Debt%20Scheme%20Portfolio%20-%2015th%20December%202025.zip,xlsx,,{},2026-08-20 18:56:03.840190+00:00
f51a9ad0-232b-455f-9588-b72cfa634277,,portfolio_disclosure,,d8edc81e-2fad-46a1-9146-8b6b50825cf9,2025-12-15,https://www.icicipruamc.com/blob/downloads/Files/Fortnightly%20Portfolio%20Disclosures/2025/Fortnightly%20Debt%20Scheme%20Portfolio%20-%2015th%20December%202025.zip,xlsx,,{},2026-08-20 18:56:03.840190+00:00
001c1b92-70d7-430d-8c58-346092948b5d,,portfolio_disclosure,,aa5cecc8-e924-4c4c-81b7-3fb389e01179,2025-12-15,https://www.icicipruamc.com/blob/downloads/Files/Fortnightly%20Portfolio%20Disclosures/2025/Fortnightly%20Debt%20Scheme%20Portfolio%20-%2015th%20December%202025.zip,xlsx,,{},2026-08-20 18:56:03.840190+00:00
bdcc24b2-8c7f-4e98-a5e5-192ff5305135,,portfolio_disclosure,,b07f8708-4204-4414-a941-295f966896d7,2025-12-15,https://www.icicipruamc.com/blob/downloads/Files/Fortnightly%20Portfolio%20Disclosures/2025/Fortnightly%20Debt%20Scheme%20Portfolio%20-%2015th%20December%202025.zip,xlsx,,{},2026-08-20 18:56:03.840190+00:00
64fa36b5-9666-4a95-a40d-273e520b1fed,,portfolio_disclosure,,4925effe-8563-4ee5-8c7c-71d0f96b9433,2025-12-15,https://www.icicipruamc.com/blob/downloads/Files/Fortnightly%20Portfolio%20Disclosures/2025/Fortnightly%20Debt%20Scheme%20Portfolio%20-%2015th%20December%202025.zip,xlsx,,{},2026-08-20 18:56:03.840190+00:00
b6fb8395-30cd-4697-91d4-f35f9d4bf398,,portfolio_disclosure,,9daff2f0-95a8-40f0-9f0d-a3ec3abc3e14,2025-12-15,https://www.icicipruamc.com/blob/downloads/Files/Fortnightly%20Portfolio%20Disclosures/2025/Fortnightly%20Debt%20Scheme%20Portfolio%20-%2015th%20December%202025.zip,xlsx,,{},2026-08-20 18:56:03.840190+00:00
b090c7e6-4080-4840-9d71-65d0b3c49b24,,portfolio_disclosure,,c7b7d6fe-e23f-4b85-9771-5800ccc1ea98,2025-12-15,https://www.icicipruamc.com/blob/downloads/Files/Fortnightly%20Portfolio%20Disclosures/2025/Fortnightly%20Debt%20Scheme%20Portfolio%20-%2015th%20December%202025.zip,xlsx,,{},2026-08-20 18:56:03.840190+00:00
cc7a8691-e173-4fbb-8b6b-523bdd8aa7e8,,portfolio_disclosure,,d38c0aa5-ac53-4d03-b799-3e3835297750,2025-12-15,https://www.icicipruamc.com/blob/downloads/Files/Fortnightly%20Portfolio%20Disclosures/2025/Fortnightly%20Debt%20Scheme%20Portfolio%20-%2015th%20December%202025.zip,xlsx,,{},2026-08-20 18:56:03.840190+00:00
664794b8-f531-4324-84ad-fc55199a80a4,5c4f1aa7-1ea6-4a33-9678-831ccfd6a891,portfolio_disclosure,,26c2b3d7-2605-4d94-b305-1f1fd1ee2e2a,2026-07-31,https://www.icicipruamc.com/blob/downloads/Files/Fortnightly%20Portfolio%20Disclosures/2026/Fortnightly%20Debt%20Scheme%20Portfolio%20-%2031st%20July%202026.zip,xlsx,,{},2026-08-20 18:27:34.254386+00:00
88ac91e3-bd4c-4df8-b06a-0c60ce3b0e35,5c4f1aa7-1ea6-4a33-9678-831ccfd6a891,portfolio_disclosure,,3912b974-ea04-47af-b408-177699089230,2026-07-31,https://www.icicipruamc.com/blob/downloads/Files/Fortnightly%20Portfolio%20Disclosures/2026/Fortnightly%20Debt%20Scheme%20Portfolio%20-%2031st%20July%202026.zip,xlsx,,{},2026-08-20 18:27:34.254386+00:00
0cefdd0d-af1d-4ada-ab73-e62378fef760,5c4f1aa7-1ea6-4a33-9678-831ccfd6a891,portfolio_disclosure,,3afd40d6-ebdb-41dd-9f3d-8e9913c30c81,2026-07-31,https://www.icicipruamc.com/blob/downloads/Files/Fortnightly%20Portfolio%20Disclosures/2026/Fortnightly%20Debt%20Scheme%20Portfolio%20-%2031st%20July%202026.zip,xlsx,,{},2026-08-20 18:27:34.254386+00:00
3407feae-369d-4adc-816a-433c08239112,5c4f1aa7-1ea6-4a33-9678-831ccfd6a891,portfolio_disclosure,,bd87bcf7-b74d-4dab-a361-5588faa94e8e,2026-07-31,https://www.icicipruamc.com/blob/downloads/Files/Fortnightly%20Portfolio%20Disclosures/2026/Fortnightly%20Debt%20Scheme%20Portfolio%20-%2031st%20July%202026.zip,xlsx,,{},2026-08-20 18:27:34.254386+00:00
22400152-d7ee-4db3-b85b-5f4ba48b26c7,fa9d394c-419e-4708-9696-425ac1b620cd,portfolio_disclosure,,9f75a983-484e-45e0-9905-bf47dbfc8900,2023-02-28,https://www.dspim.com/media/pages/mandatory-disclosures/portfolio-disclosures/c5459a006d-1757771553/dsp-isin-debt-portfolio-as-on-28th-february-2023.xlsx,xlsx,,{},2026-08-21 21:54:08.150261+00:00
75d5cdc3-843a-4044-b23e-4a4895ae5de9,fa9d394c-419e-4708-9696-425ac1b620cd,portfolio_disclosure,,9c2c7293-3cb9-4dde-b834-220990d0fc56,2023-02-28,https://www.dspim.com/media/pages/mandatory-disclosures/portfolio-disclosures/c5459a006d-1757771553/dsp-isin-debt-portfolio-as-on-28th-february-2023.xlsx,xlsx,,{},2026-08-21 21:54:08.150261+00:00
5b4c8b5e-12b5-4539-a0e6-272dd0e98aa9,fa9d394c-419e-4708-9696-425ac1b620cd,portfolio_disclosure,,d3054566-387e-4c09-ae37-8f6734e2b928,2023-02-28,https://www.dspim.com/media/pages/mandatory-disclosures/portfolio-disclosures/c5459a006d-1757771553/dsp-isin-debt-portfolio-as-on-28th-february-2023.xlsx,xlsx,,{},2026-08-21 21:54:08.150261+00:00
6f8988d8-5a19-4f5e-9f86-4ddae6523086,fa9d394c-419e-4708-9696-425ac1b620cd,portfolio_disclosure,,6bf4afad-27c9-430a-9ddf-7f738f44369d,2023-02-28,https://www.dspim.com/media/pages/mandatory-disclosures/portfolio-disclosures/c5459a006d-1757771553/dsp-isin-debt-portfolio-as-on-28th-february-2023.xlsx,xlsx,,{},2026-08-21 21:54:08.150261+00:00
4bdcbc38-f21b-4e73-84c1-7ca1e3afd04c,fa9d394c-419e-4708-9696-425ac1b620cd,portfolio_disclosure,,1bd7a4cc-c18b-424e-82ee-462d6ec6a1c1,2023-02-28,https://www.dspim.com/media/pages/mandatory-disclosures/portfolio-disclosures/c5459a006d-1757771553/dsp-isin-debt-portfolio-as-on-28th-february-2023.xlsx,xlsx,,{},2026-08-21 21:54:08.150261+00:00
f2ea43e2-4e42-4995-afe9-b3e207f6600d,fa9d394c-419e-4708-9696-425ac1b620cd,portfolio_disclosure,,f3839e55-9dd9-4e5a-815f-b9125c1200e8,2023-02-28,https://www.dspim.com/media/pages/mandatory-disclosures/portfolio-disclosures/c5459a006d-1757771553/dsp-isin-debt-portfolio-as-on-28th-february-2023.xlsx,xlsx,,{},2026-08-21 21:54:08.150261+00:00
4baf1b61-821f-4404-ae5c-f1125836900b,4325e98b-810f-4a9f-b510-0d18201e9709,portfolio_disclosure,,a5cbc07f-1e64-4817-8efe-bca3d4a64f5c,2022-02-15,https://www.dspim.com/media/pages/mandatory-disclosures/portfolio-disclosures/200a705eaf-1757771553/dsp-isin-debt-portfolio-as-on-15th-feb-2022.xlsx,xlsx,,{},2026-08-21 22:10:06.392200+00:00
89f308e3-1fc3-43f7-9b89-55a2a4734f18,4325e98b-810f-4a9f-b510-0d18201e9709,portfolio_disclosure,,711bb119-31de-44af-bb63-de60d060214f,2022-02-15,https://www.dspim.com/media/pages/mandatory-disclosures/portfolio-disclosures/200a705eaf-1757771553/dsp-isin-debt-portfolio-as-on-15th-feb-2022.xlsx,xlsx,,{},2026-08-21 22:10:06.392200+00:00
ad09c651-94d0-4af4-adf2-c3ea6122038a,,portfolio_disclosure,,375378d3-7e30-4ab5-87da-0dbd54bf8388,2026-02-28,https://www.icicipruamc.com/blob/downloads/Files/Fortnightly%20Portfolio%20Disclosures/2026/Fortnightly%20Debt%20Scheme%20Portfolio%20-%2028th%20February%202026.zip,xlsx,,{},2026-08-20 18:55:23.777155+00:00
fe0fb213-74cf-439a-a1e4-2483461beee6,,portfolio_disclosure,,20e22757-6a93-4e58-8102-396ba968f1ba,2026-02-28,https://www.icicipruamc.com/blob/downloads/Files/Fortnightly%20Portfolio%20Disclosures/2026/Fortnightly%20Debt%20Scheme%20Portfolio%20-%2028th%20February%202026.zip,xlsx,,{},2026-08-20 18:55:23.777155+00:00
9f936443-a80a-420c-bf7b-2411b30272bc,,portfolio_disclosure,,98066e78-446d-4158-912d-b4978e253dc7,2026-02-28,https://www.icicipruamc.com/blob/downloads/Files/Fortnightly%20Portfolio%20Disclosures/2026/Fortnightly%20Debt%20Scheme%20Portfolio%20-%2028th%20February%202026.zip,xlsx,,{},2026-08-20 18:55:23.777155+00:00
5410e4c1-ff34-4658-85f9-1352d9714237,4325e98b-810f-4a9f-b510-0d18201e9709,portfolio_disclosure,,aa38dd68-4660-4a1b-b174-fd59e0c778fd,2022-02-15,https://www.dspim.com/media/pages/mandatory-disclosures/portfolio-disclosures/200a705eaf-1757771553/dsp-isin-debt-portfolio-as-on-15th-feb-2022.xlsx,xlsx,,{},2026-08-21 22:10:06.392200+00:00
5d73f769-a6eb-44f9-9302-6f1c484a114d,,portfolio_disclosure,,26c2b3d7-2605-4d94-b305-1f1fd1ee2e2a,2026-02-28,https://www.icicipruamc.com/blob/downloads/Files/Fortnightly%20Portfolio%20Disclosures/2026/Fortnightly%20Debt%20Scheme%20Portfolio%20-%2028th%20February%202026.zip,xlsx,,{},2026-08-20 18:55:23.777155+00:00
1e7ade53-4dfb-4aca-9071-837ac3c8a448,,portfolio_disclosure,,3912b974-ea04-47af-b408-177699089230,2026-02-28,https://www.icicipruamc.com/blob/downloads/Files/Fortnightly%20Portfolio%20Disclosures/2026/Fortnightly%20Debt%20Scheme%20Portfolio%20-%2028th%20February%202026.zip,xlsx,,{},2026-08-20 18:55:23.777155+00:00
fcdb3538-4e6c-489d-948e-280c32a2fb3c,,portfolio_disclosure,,3afd40d6-ebdb-41dd-9f3d-8e9913c30c81,2026-02-28,https://www.icicipruamc.com/blob/downloads/Files/Fortnightly%20Portfolio%20Disclosures/2026/Fortnightly%20Debt%20Scheme%20Portfolio%20-%2028th%20February%202026.zip,xlsx,,{},2026-08-20 18:55:23.777155+00:00
36158161-a1c8-4ed4-bac4-5b55eae48e2e,,portfolio_disclosure,,047e718c-b972-47f8-9513-91b87c5cabef,2026-02-28,https://www.icicipruamc.com/blob/downloads/Files/Fortnightly%20Portfolio%20Disclosures/2026/Fortnightly%20Debt%20Scheme%20Portfolio%20-%2028th%20February%202026.zip,xlsx,,{},2026-08-20 18:55:23.777155+00:00
7771f8e9-e33e-4810-9df9-71d86dd7db93,,portfolio_disclosure,,bd87bcf7-b74d-4dab-a361-5588faa94e8e,2026-02-28,https://www.icicipruamc.com/blob/downloads/Files/Fortnightly%20Portfolio%20Disclosures/2026/Fortnightly%20Debt%20Scheme%20Portfolio%20-%2028th%20February%202026.zip,xlsx,,{},2026-08-20 18:55:23.777155+00:00
cedca736-4d20-4794-8459-393675704e9a,4325e98b-810f-4a9f-b510-0d18201e9709,portfolio_disclosure,,646d8ef3-03fa-43e8-8dec-4f4eb638210c,2022-02-15,https://www.dspim.com/media/pages/mandatory-disclosures/portfolio-disclosures/200a705eaf-1757771553/dsp-isin-debt-portfolio-as-on-15th-feb-2022.xlsx,xlsx,,{},2026-08-21 22:10:06.392200+00:00
b55b440c-a7b8-447c-bb4a-f5970a9022a8,4325e98b-810f-4a9f-b510-0d18201e9709,portfolio_disclosure,,d63d2a0d-4ec8-49c9-8151-f219e714445f,2022-02-15,https://www.dspim.com/media/pages/mandatory-disclosures/portfolio-disclosures/200a705eaf-1757771553/dsp-isin-debt-portfolio-as-on-15th-feb-2022.xlsx,xlsx,,{},2026-08-21 22:10:06.392200+00:00
27f8c6f1-0d1d-4c03-9ae3-0ea7afffc454,a283ff4f-f7d7-4458-abf1-db3e76e45d2f,portfolio_disclosure,,c31725e1-a968-4aff-b6ee-ec22399e1545,2026-05-31,https://www.icicipruamc.com/blob/downloads/Files/Fortnightly%20Portfolio%20Disclosures/2026/Fortnightly%20Debt%20Scheme%20Portfolio%20-%2031st%20May%202026.zip,xlsx,,{},2026-08-20 18:28:01.799828+00:00
2e421d5f-df70-4e01-b032-9feb57190c30,a283ff4f-f7d7-4458-abf1-db3e76e45d2f,portfolio_disclosure,,622ebaa0-c98a-4bdf-86fa-8f6caca4f48f,2026-05-31,https://www.icicipruamc.com/blob/downloads/Files/Fortnightly%20Portfolio%20Disclosures/2026/Fortnightly%20Debt%20Scheme%20Portfolio%20-%2031st%20May%202026.zip,xlsx,,{},2026-08-20 18:28:01.799828+00:00
21f54fc7-762a-4bfd-8692-c14c2e735f69,a283ff4f-f7d7-4458-abf1-db3e76e45d2f,portfolio_disclosure,,d40c7d98-358f-4511-8875-0d598556dba5,2026-05-31,https://www.icicipruamc.com/blob/downloads/Files/Fortnightly%20Portfolio%20Disclosures/2026/Fortnightly%20Debt%20Scheme%20Portfolio%20-%2031st%20May%202026.zip,xlsx,,{},2026-08-20 18:28:01.799828+00:00
00cda4b8-15b0-43be-be81-33b45d8bd8f4,a283ff4f-f7d7-4458-abf1-db3e76e45d2f,portfolio_disclosure,,53124c6a-8134-4ae7-a1c4-7f431cd78c02,2026-05-31,https://www.icicipruamc.com/blob/downloads/Files/Fortnightly%20Portfolio%20Disclosures/2026/Fortnightly%20Debt%20Scheme%20Portfolio%20-%2031st%20May%202026.zip,xlsx,,{},2026-08-20 18:28:01.799828+00:00
bc0463c0-acf2-4217-8fe0-25720ccf6f19,a283ff4f-f7d7-4458-abf1-db3e76e45d2f,portfolio_disclosure,,ee48130b-8fca-4ed0-afd2-00a220026270,2026-05-31,https://www.icicipruamc.com/blob/downloads/Files/Fortnightly%20Portfolio%20Disclosures/2026/Fortnightly%20Debt%20Scheme%20Portfolio%20-%2031st%20May%202026.zip,xlsx,,{},2026-08-20 18:28:01.799828+00:00
fcbf7328-5b6b-43ea-b240-c5a5b83cac36,a283ff4f-f7d7-4458-abf1-db3e76e45d2f,portfolio_disclosure,,a61ed046-fa42-4c77-b058-189a2d78ff97,2026-05-31,https://www.icicipruamc.com/blob/downloads/Files/Fortnightly%20Portfolio%20Disclosures/2026/Fortnightly%20Debt%20Scheme%20Portfolio%20-%2031st%20May%202026.zip,xlsx,,{},2026-08-20 18:28:01.799828+00:00
ad9c54b6-b405-4cb8-b32e-7e5dc5acaa23,a283ff4f-f7d7-4458-abf1-db3e76e45d2f,portfolio_disclosure,,c66d488f-708e-4be7-920b-e553973ff0c3,2026-05-31,https://www.icicipruamc.com/blob/downloads/Files/Fortnightly%20Portfolio%20Disclosures/2026/Fortnightly%20Debt%20Scheme%20Portfolio%20-%2031st%20May%202026.zip,xlsx,,{},2026-08-20 18:28:01.799828+00:00
12dbcd6d-d12e-420a-8dc7-2dcd92e846b9,a283ff4f-f7d7-4458-abf1-db3e76e45d2f,portfolio_disclosure,,fad97361-7dd4-49f1-9ac6-804f4baec973,2026-05-31,https://www.icicipruamc.com/blob/downloads/Files/Fortnightly%20Portfolio%20Disclosures/2026/Fortnightly%20Debt%20Scheme%20Portfolio%20-%2031st%20May%202026.zip,xlsx,,{},2026-08-20 18:28:01.799828+00:00
b760b1ca-9f41-46e9-b1c0-015bb7423be0,a283ff4f-f7d7-4458-abf1-db3e76e45d2f,portfolio_disclosure,,e26a0e39-ae1a-4875-8429-3f73c5109441,2026-05-31,https://www.icicipruamc.com/blob/downloads/Files/Fortnightly%20Portfolio%20Disclosures/2026/Fortnightly%20Debt%20Scheme%20Portfolio%20-%2031st%20May%202026.zip,xlsx,,{},2026-08-20 18:28:01.799828+00:00
bd86fa85-3419-45b7-98bb-26fb7d9e98f1,537e6e12-20b3-486c-bf22-5775d59b5bda,portfolio_disclosure,,4b79d7b6-ca96-4225-965f-f0e1a7993d18,2025-09-30,https://www.dspim.com/media/pages/mandatory-disclosures/portfolio-disclosures/094df8a29c-1759679519/dsp-isin-debt-portfolio-as-on-30-sep-2025.xlsx,xlsx,,{},2026-08-21 21:54:14.891802+00:00
b7880e84-82a6-421c-a835-0b4abbb324fb,537e6e12-20b3-486c-bf22-5775d59b5bda,portfolio_disclosure,,d7d97876-3f48-4125-a93c-5fadd10b4402,2025-09-30,https://www.dspim.com/media/pages/mandatory-disclosures/portfolio-disclosures/094df8a29c-1759679519/dsp-isin-debt-portfolio-as-on-30-sep-2025.xlsx,xlsx,,{},2026-08-21 21:54:14.891802+00:00
4fc6f9a6-3b7f-40b8-9e74-9240327da962,537e6e12-20b3-486c-bf22-5775d59b5bda,portfolio_disclosure,,a5cbc07f-1e64-4817-8efe-bca3d4a64f5c,2025-09-30,https://www.dspim.com/media/pages/mandatory-disclosures/portfolio-disclosures/094df8a29c-1759679519/dsp-isin-debt-portfolio-as-on-30-sep-2025.xlsx,xlsx,,{},2026-08-21 21:54:14.891802+00:00
c3f3cbb5-b30e-4cbd-9ead-e5df26117b00,537e6e12-20b3-486c-bf22-5775d59b5bda,portfolio_disclosure,,711bb119-31de-44af-bb63-de60d060214f,2025-09-30,https://www.dspim.com/media/pages/mandatory-disclosures/portfolio-disclosures/094df8a29c-1759679519/dsp-isin-debt-portfolio-as-on-30-sep-2025.xlsx,xlsx,,{},2026-08-21 21:54:14.891802+00:00
c1536cb9-e8e5-42c7-a8da-ccaf25df858a,537e6e12-20b3-486c-bf22-5775d59b5bda,portfolio_disclosure,,aa38dd68-4660-4a1b-b174-fd59e0c778fd,2025-09-30,https://www.dspim.com/media/pages/mandatory-disclosures/portfolio-disclosures/094df8a29c-1759679519/dsp-isin-debt-portfolio-as-on-30-sep-2025.xlsx,xlsx,,{},2026-08-21 21:54:14.891802+00:00
1e24c5e0-c403-4d60-8bce-81cdc2b7ece6,537e6e12-20b3-486c-bf22-5775d59b5bda,portfolio_disclosure,,1de88c3b-aa99-4154-b02c-c4f9360aca01,2025-09-30,https://www.dspim.com/media/pages/mandatory-disclosures/portfolio-disclosures/094df8a29c-1759679519/dsp-isin-debt-portfolio-as-on-30-sep-2025.xlsx,xlsx,,{},2026-08-21 21:54:14.891802+00:00
beba042c-faab-4b43-aacc-84c64ff90118,537e6e12-20b3-486c-bf22-5775d59b5bda,portfolio_disclosure,,d63d2a0d-4ec8-49c9-8151-f219e714445f,2025-09-30,https://www.dspim.com/media/pages/mandatory-disclosures/portfolio-disclosures/094df8a29c-1759679519/dsp-isin-debt-portfolio-as-on-30-sep-2025.xlsx,xlsx,,{},2026-08-21 21:54:14.891802+00:00
b5fdf2a9-719d-47ee-a417-108ae88a9ddd,537e6e12-20b3-486c-bf22-5775d59b5bda,portfolio_disclosure,,8b8a7181-1a62-463c-9637-38515e3a4973,2025-09-30,https://www.dspim.com/media/pages/mandatory-disclosures/portfolio-disclosures/094df8a29c-1759679519/dsp-isin-debt-portfolio-as-on-30-sep-2025.xlsx,xlsx,,{},2026-08-21 21:54:14.891802+00:00
17cc9062-5936-4bad-b9e3-ce39d2b3560a,4b63dce3-d9e1-4e5b-a94c-4a9aa6ca3ff7,portfolio_disclosure,,f426c09b-b3ae-45dc-b6eb-b985cf99063b,2024-10-31,https://amc.ppfas.com/downloads/portfolio-disclosure/2024/PPFAS_Monthly_Portfolio_Report_October_31_2024.xlsx?08112024,xlsx,,{},2026-08-21 22:27:33.755328+00:00
8eab4691-06f5-4004-b630-237cdd03d744,a283ff4f-f7d7-4458-abf1-db3e76e45d2f,portfolio_disclosure,,26c2b3d7-2605-4d94-b305-1f1fd1ee2e2a,2026-05-31,https://www.icicipruamc.com/blob/downloads/Files/Fortnightly%20Portfolio%20Disclosures/2026/Fortnightly%20Debt%20Scheme%20Portfolio%20-%2031st%20May%202026.zip,xlsx,,{},2026-08-20 18:28:01.799828+00:00
b073db0e-aa03-439d-ac0f-0f60eb80e9b4,a283ff4f-f7d7-4458-abf1-db3e76e45d2f,portfolio_disclosure,,3912b974-ea04-47af-b408-177699089230,2026-05-31,https://www.icicipruamc.com/blob/downloads/Files/Fortnightly%20Portfolio%20Disclosures/2026/Fortnightly%20Debt%20Scheme%20Portfolio%20-%2031st%20May%202026.zip,xlsx,,{},2026-08-20 18:28:01.799828+00:00
8f428cc1-ece6-480c-8516-2dc7db111f7a,a283ff4f-f7d7-4458-abf1-db3e76e45d2f,portfolio_disclosure,,3afd40d6-ebdb-41dd-9f3d-8e9913c30c81,2026-05-31,https://www.icicipruamc.com/blob/downloads/Files/Fortnightly%20Portfolio%20Disclosures/2026/Fortnightly%20Debt%20Scheme%20Portfolio%20-%2031st%20May%202026.zip,xlsx,,{},2026-08-20 18:28:01.799828+00:00
f52f2736-973f-4340-a1ba-bbbe268992e3,a283ff4f-f7d7-4458-abf1-db3e76e45d2f,portfolio_disclosure,,bd87bcf7-b74d-4dab-a361-5588faa94e8e,2026-05-31,https://www.icicipruamc.com/blob/downloads/Files/Fortnightly%20Portfolio%20Disclosures/2026/Fortnightly%20Debt%20Scheme%20Portfolio%20-%2031st%20May%202026.zip,xlsx,,{},2026-08-20 18:28:01.799828+00:00
125bae71-7617-40f4-b4be-a37d50e69584,a283ff4f-f7d7-4458-abf1-db3e76e45d2f,portfolio_disclosure,,a8a76a2e-8f67-49e4-aeb1-7366d2a7b1f7,2026-05-31,https://www.icicipruamc.com/blob/downloads/Files/Fortnightly%20Portfolio%20Disclosures/2026/Fortnightly%20Debt%20Scheme%20Portfolio%20-%2031st%20May%202026.zip,xlsx,,{},2026-08-20 18:28:01.799828+00:00
49ef0dc5-cb93-4578-8f0a-fc304ea13042,bd5bc4ee-ec80-4cb7-9fac-1576743014bd,portfolio_disclosure,,c7b7d6fe-e23f-4b85-9771-5800ccc1ea98,2026-07-15,https://www.icicipruamc.com/blob/downloads/Files/Fortnightly%20Portfolio%20Disclosures/2026/Fortnightly%20Debt%20Scheme%20Portfolio%20-%2015th%20July%202026.zip,xlsx,,{},2026-08-20 18:27:41.066956+00:00
b60b30dd-2342-477f-9657-3ad5941ff535,bd5bc4ee-ec80-4cb7-9fac-1576743014bd,portfolio_disclosure,,d38c0aa5-ac53-4d03-b799-3e3835297750,2026-07-15,https://www.icicipruamc.com/blob/downloads/Files/Fortnightly%20Portfolio%20Disclosures/2026/Fortnightly%20Debt%20Scheme%20Portfolio%20-%2015th%20July%202026.zip,xlsx,,{},2026-08-20 18:27:41.066956+00:00
7167188d-fa18-4e13-9de9-54238b73226a,bd5bc4ee-ec80-4cb7-9fac-1576743014bd,portfolio_disclosure,,63e0372c-6dd1-4f45-8dde-5c7017fe5d76,2026-07-15,https://www.icicipruamc.com/blob/downloads/Files/Fortnightly%20Portfolio%20Disclosures/2026/Fortnightly%20Debt%20Scheme%20Portfolio%20-%2015th%20July%202026.zip,xlsx,,{},2026-08-20 18:27:41.066956+00:00
c44913fb-a1e2-42d8-ae39-54f85e91c53c,bd5bc4ee-ec80-4cb7-9fac-1576743014bd,portfolio_disclosure,,dbb80926-5e14-4d67-afcb-1a0ff44a202a,2026-07-15,https://www.icicipruamc.com/blob/downloads/Files/Fortnightly%20Portfolio%20Disclosures/2026/Fortnightly%20Debt%20Scheme%20Portfolio%20-%2015th%20July%202026.zip,xlsx,,{},2026-08-20 18:27:41.066956+00:00
c2c2b2e4-c0bf-4387-87e2-1330926d103e,bd5bc4ee-ec80-4cb7-9fac-1576743014bd,portfolio_disclosure,,c31725e1-a968-4aff-b6ee-ec22399e1545,2026-07-15,https://www.icicipruamc.com/blob/downloads/Files/Fortnightly%20Portfolio%20Disclosures/2026/Fortnightly%20Debt%20Scheme%20Portfolio%20-%2015th%20July%202026.zip,xlsx,,{},2026-08-20 18:27:41.066956+00:00
d797a46d-9a07-4ff0-9599-0e87ecd4e9e0,a283ff4f-f7d7-4458-abf1-db3e76e45d2f,portfolio_disclosure,,20e22757-6a93-4e58-8102-396ba968f1ba,2026-05-31,https://www.icicipruamc.com/blob/downloads/Files/Fortnightly%20Portfolio%20Disclosures/2026/Fortnightly%20Debt%20Scheme%20Portfolio%20-%2031st%20May%202026.zip,xlsx,,{},2026-08-20 18:28:01.799828+00:00
46a16660-30d7-4a28-a94c-0b07c7f66e14,a283ff4f-f7d7-4458-abf1-db3e76e45d2f,portfolio_disclosure,,98066e78-446d-4158-912d-b4978e253dc7,2026-05-31,https://www.icicipruamc.com/blob/downloads/Files/Fortnightly%20Portfolio%20Disclosures/2026/Fortnightly%20Debt%20Scheme%20Portfolio%20-%2031st%20May%202026.zip,xlsx,,{},2026-08-20 18:28:01.799828+00:00
9f67f133-0de1-447f-8050-f9b55734b728,a283ff4f-f7d7-4458-abf1-db3e76e45d2f,portfolio_disclosure,,56c7a4bb-eb51-49cc-b39c-f0641d5d748e,2026-05-31,https://www.icicipruamc.com/blob/downloads/Files/Fortnightly%20Portfolio%20Disclosures/2026/Fortnightly%20Debt%20Scheme%20Portfolio%20-%2031st%20May%202026.zip,xlsx,,{},2026-08-20 18:28:01.799828+00:00
b979c352-b071-420c-aafa-87e281f81474,a283ff4f-f7d7-4458-abf1-db3e76e45d2f,portfolio_disclosure,,b68a3748-3e94-4b91-99e3-80c273548326,2026-05-31,https://www.icicipruamc.com/blob/downloads/Files/Fortnightly%20Portfolio%20Disclosures/2026/Fortnightly%20Debt%20Scheme%20Portfolio%20-%2031st%20May%202026.zip,xlsx,,{},2026-08-20 18:28:01.799828+00:00
5adce3c0-d3b6-4b34-9cea-0377c77c0b88,38b9fd5c-8d08-4e20-b5af-02022d58990a,portfolio_disclosure,,d8edc81e-2fad-46a1-9146-8b6b50825cf9,2026-05-15,https://www.icicipruamc.com/blob/downloads/Files/Fortnightly%20Portfolio%20Disclosures/2026/Fortnightly%20Debt%20Scheme%20Portfolio%20-%2015th%20May%202026.zip,xlsx,,{},2026-08-20 18:28:08.948945+00:00
c3c72011-e123-4bc3-b8c9-c04011e56d47,38b9fd5c-8d08-4e20-b5af-02022d58990a,portfolio_disclosure,,aa5cecc8-e924-4c4c-81b7-3fb389e01179,2026-05-15,https://www.icicipruamc.com/blob/downloads/Files/Fortnightly%20Portfolio%20Disclosures/2026/Fortnightly%20Debt%20Scheme%20Portfolio%20-%2015th%20May%202026.zip,xlsx,,{},2026-08-20 18:28:08.948945+00:00
0fea0a7a-2b9e-48f0-abe2-9e326368c680,38b9fd5c-8d08-4e20-b5af-02022d58990a,portfolio_disclosure,,b07f8708-4204-4414-a941-295f966896d7,2026-05-15,https://www.icicipruamc.com/blob/downloads/Files/Fortnightly%20Portfolio%20Disclosures/2026/Fortnightly%20Debt%20Scheme%20Portfolio%20-%2015th%20May%202026.zip,xlsx,,{},2026-08-20 18:28:08.948945+00:00
abc361a7-fe67-4444-820d-198cd8c8ece8,38b9fd5c-8d08-4e20-b5af-02022d58990a,portfolio_disclosure,,4925effe-8563-4ee5-8c7c-71d0f96b9433,2026-05-15,https://www.icicipruamc.com/blob/downloads/Files/Fortnightly%20Portfolio%20Disclosures/2026/Fortnightly%20Debt%20Scheme%20Portfolio%20-%2015th%20May%202026.zip,xlsx,,{},2026-08-20 18:28:08.948945+00:00
40db6ed0-25f5-4650-a8f7-02d5c966d83a,38b9fd5c-8d08-4e20-b5af-02022d58990a,portfolio_disclosure,,9daff2f0-95a8-40f0-9f0d-a3ec3abc3e14,2026-05-15,https://www.icicipruamc.com/blob/downloads/Files/Fortnightly%20Portfolio%20Disclosures/2026/Fortnightly%20Debt%20Scheme%20Portfolio%20-%2015th%20May%202026.zip,xlsx,,{},2026-08-20 18:28:08.948945+00:00
db1301fd-e432-48ca-be3d-16836bce1d83,,portfolio_disclosure,,375378d3-7e30-4ab5-87da-0dbd54bf8388,2025-12-15,https://www.icicipruamc.com/blob/downloads/Files/Fortnightly%20Portfolio%20Disclosures/2025/Fortnightly%20Debt%20Scheme%20Portfolio%20-%2015th%20December%202025.zip,xlsx,,{},2026-08-20 18:56:03.840190+00:00
2b5cf33a-3452-4d9e-b70f-1ca42a206859,,portfolio_disclosure,,20e22757-6a93-4e58-8102-396ba968f1ba,2025-12-15,https://www.icicipruamc.com/blob/downloads/Files/Fortnightly%20Portfolio%20Disclosures/2025/Fortnightly%20Debt%20Scheme%20Portfolio%20-%2015th%20December%202025.zip,xlsx,,{},2026-08-20 18:56:03.840190+00:00
0e46920b-9a8d-421d-9a92-968474724fb4,,portfolio_disclosure,,d38c0aa5-ac53-4d03-b799-3e3835297750,2026-01-31,https://www.icicipruamc.com/blob/downloads/Files/Fortnightly%20Portfolio%20Disclosures/2026/Fortnightly%20Debt%20Scheme%20Portfolio%20-%2031st%20January%202026.zip,xlsx,,{},2026-08-20 18:55:39.780637+00:00
7428a16b-dbcf-43cc-9698-a40462046cc7,,portfolio_disclosure,,63e0372c-6dd1-4f45-8dde-5c7017fe5d76,2026-01-31,https://www.icicipruamc.com/blob/downloads/Files/Fortnightly%20Portfolio%20Disclosures/2026/Fortnightly%20Debt%20Scheme%20Portfolio%20-%2031st%20January%202026.zip,xlsx,,{},2026-08-20 18:55:39.780637+00:00
a26b57f7-2705-4202-bf23-f7b2cf882e60,,portfolio_disclosure,,98066e78-446d-4158-912d-b4978e253dc7,2025-12-15,https://www.icicipruamc.com/blob/downloads/Files/Fortnightly%20Portfolio%20Disclosures/2025/Fortnightly%20Debt%20Scheme%20Portfolio%20-%2015th%20December%202025.zip,xlsx,,{},2026-08-20 18:56:03.840190+00:00
28f9d395-ebee-4451-8a46-0aa7993285e1,,portfolio_disclosure,,26c2b3d7-2605-4d94-b305-1f1fd1ee2e2a,2025-12-15,https://www.icicipruamc.com/blob/downloads/Files/Fortnightly%20Portfolio%20Disclosures/2025/Fortnightly%20Debt%20Scheme%20Portfolio%20-%2015th%20December%202025.zip,xlsx,,{},2026-08-20 18:56:03.840190+00:00
f1419332-376d-49a4-912b-24367005eef0,38b9fd5c-8d08-4e20-b5af-02022d58990a,portfolio_disclosure,,d38c0aa5-ac53-4d03-b799-3e3835297750,2026-05-15,https://www.icicipruamc.com/blob/downloads/Files/Fortnightly%20Portfolio%20Disclosures/2026/Fortnightly%20Debt%20Scheme%20Portfolio%20-%2015th%20May%202026.zip,xlsx,,{},2026-08-20 18:28:08.948945+00:00
a8b87554-6b37-4866-9ad0-03f8d7a0e95d,38b9fd5c-8d08-4e20-b5af-02022d58990a,portfolio_disclosure,,63e0372c-6dd1-4f45-8dde-5c7017fe5d76,2026-05-15,https://www.icicipruamc.com/blob/downloads/Files/Fortnightly%20Portfolio%20Disclosures/2026/Fortnightly%20Debt%20Scheme%20Portfolio%20-%2015th%20May%202026.zip,xlsx,,{},2026-08-20 18:28:08.948945+00:00
c3917607-38fc-4f20-af54-83bb5161f78e,38b9fd5c-8d08-4e20-b5af-02022d58990a,portfolio_disclosure,,dbb80926-5e14-4d67-afcb-1a0ff44a202a,2026-05-15,https://www.icicipruamc.com/blob/downloads/Files/Fortnightly%20Portfolio%20Disclosures/2026/Fortnightly%20Debt%20Scheme%20Portfolio%20-%2015th%20May%202026.zip,xlsx,,{},2026-08-20 18:28:08.948945+00:00
a70187bf-e6f7-47af-bc60-002a225f0d92,38b9fd5c-8d08-4e20-b5af-02022d58990a,portfolio_disclosure,,c31725e1-a968-4aff-b6ee-ec22399e1545,2026-05-15,https://www.icicipruamc.com/blob/downloads/Files/Fortnightly%20Portfolio%20Disclosures/2026/Fortnightly%20Debt%20Scheme%20Portfolio%20-%2015th%20May%202026.zip,xlsx,,{},2026-08-20 18:28:08.948945+00:00
794ce5a1-c4ec-4e28-af23-4bfc4aabd0a8,38b9fd5c-8d08-4e20-b5af-02022d58990a,portfolio_disclosure,,622ebaa0-c98a-4bdf-86fa-8f6caca4f48f,2026-05-15,https://www.icicipruamc.com/blob/downloads/Files/Fortnightly%20Portfolio%20Disclosures/2026/Fortnightly%20Debt%20Scheme%20Portfolio%20-%2015th%20May%202026.zip,xlsx,,{},2026-08-20 18:28:08.948945+00:00
c8776bd7-62dc-404b-984b-7bdaa3e50555,38b9fd5c-8d08-4e20-b5af-02022d58990a,portfolio_disclosure,,d40c7d98-358f-4511-8875-0d598556dba5,2026-05-15,https://www.icicipruamc.com/blob/downloads/Files/Fortnightly%20Portfolio%20Disclosures/2026/Fortnightly%20Debt%20Scheme%20Portfolio%20-%2015th%20May%202026.zip,xlsx,,{},2026-08-20 18:28:08.948945+00:00
7cc1405b-28ea-484c-894a-c4e27533c6a1,38b9fd5c-8d08-4e20-b5af-02022d58990a,portfolio_disclosure,,53124c6a-8134-4ae7-a1c4-7f431cd78c02,2026-05-15,https://www.icicipruamc.com/blob/downloads/Files/Fortnightly%20Portfolio%20Disclosures/2026/Fortnightly%20Debt%20Scheme%20Portfolio%20-%2015th%20May%202026.zip,xlsx,,{},2026-08-20 18:28:08.948945+00:00
3d22505e-4f2b-44eb-a1df-4922fbdb35d8,38b9fd5c-8d08-4e20-b5af-02022d58990a,portfolio_disclosure,,ee48130b-8fca-4ed0-afd2-00a220026270,2026-05-15,https://www.icicipruamc.com/blob/downloads/Files/Fortnightly%20Portfolio%20Disclosures/2026/Fortnightly%20Debt%20Scheme%20Portfolio%20-%2015th%20May%202026.zip,xlsx,,{},2026-08-20 18:28:08.948945+00:00
71ef39e9-d80f-45ad-bb80-4ef99eb83a92,38b9fd5c-8d08-4e20-b5af-02022d58990a,portfolio_disclosure,,a61ed046-fa42-4c77-b058-189a2d78ff97,2026-05-15,https://www.icicipruamc.com/blob/downloads/Files/Fortnightly%20Portfolio%20Disclosures/2026/Fortnightly%20Debt%20Scheme%20Portfolio%20-%2015th%20May%202026.zip,xlsx,,{},2026-08-20 18:28:08.948945+00:00
11f53784-0124-4cc7-a822-6bd71aec86ac,38b9fd5c-8d08-4e20-b5af-02022d58990a,portfolio_disclosure,,c66d488f-708e-4be7-920b-e553973ff0c3,2026-05-15,https://www.icicipruamc.com/blob/downloads/Files/Fortnightly%20Portfolio%20Disclosures/2026/Fortnightly%20Debt%20Scheme%20Portfolio%20-%2015th%20May%202026.zip,xlsx,,{},2026-08-20 18:28:08.948945+00:00
9784e546-a6d1-4b16-a6a5-a57c4e74f8e2,3e7dc481-f71e-4502-a24e-d7471f1127f6,portfolio_disclosure,,9a9e24b1-1f5a-44a2-9a30-3bf8a6b94482,2026-08-22,https://www.licmf.com/assets/downloads/portfolio/monthly/2023/2/LDUSTF03-03-2023-14:08:07.xlsx,xlsx,,{},2026-08-21 20:35:58.389699+00:00
91aad94c-bc9d-4e0a-b956-e91ef950c740,015cb5ab-f25f-4a73-a603-e17e345afc87,portfolio_disclosure,,30ba6842-401c-42eb-9cc7-f117232ab290,2026-08-22,https://www.licmf.com/assets/downloads/portfolio/monthly/2022/3/LDBOND08-04-2022-21:23:53.xlsx,xlsx,,{},2026-08-21 20:35:58.871309+00:00
49c9b4f3-6ef5-4209-b5b7-8d38ef5535cf,9e8ebb85-2261-4ab8-85e9-96c18f52e49e,portfolio_disclosure,,2592e9ba-5390-4db1-9fb7-c28800c1e395,2026-08-22,https://www.licmf.com/assets/downloads/portfolio/monthly/2023/2/LDONTF03-03-2023-14:08:07.xlsx,xlsx,,{},2026-08-21 20:35:59.298170+00:00
c9565d25-1e6e-44bd-ba44-06106fac6d24,43821bce-8c8b-4f40-bb47-301e5d8f917c,portfolio_disclosure,,984577b3-7d64-4a0d-8736-ebfcb559ea1c,2026-08-22,https://www.licmf.com/assets/downloads/portfolio/fortnightly/2024/2/LDMNMF19-02-2024-11:48:36.xlsx,xlsx,,{},2026-08-21 20:35:59.673708+00:00
1b18a5c8-04a8-42a5-9008-89b153a50349,5573bd0c-32ac-45c6-913d-b7cf787d0904,portfolio_disclosure,,984577b3-7d64-4a0d-8736-ebfcb559ea1c,2026-08-22,https://www.licmf.com/assets/downloads/portfolio/monthly/2023/2/LDMNMF03-03-2023-14:08:07.xlsx,xlsx,,{},2026-08-21 20:36:00.038452+00:00
0d3fd579-de63-49d6-876c-431ffc912e59,1ee426c1-d506-4fc6-8cad-950c8bdfe08d,portfolio_disclosure,,2592e9ba-5390-4db1-9fb7-c28800c1e395,2026-08-22,https://www.licmf.com/assets/downloads/portfolio/fortnightly/2023/3/LDONTF17-03-2023-18:18:43.xlsx,xlsx,,{},2026-08-21 20:36:00.326570+00:00
7edccf02-46e5-4823-b63c-7d4d3787fa1b,1e944976-7e37-4460-9394-5c0f3e95f729,portfolio_disclosure,,984577b3-7d64-4a0d-8736-ebfcb559ea1c,2026-08-22,https://www.licmf.com/assets/downloads/portfolio/monthly/2024/2/LDMNMF04-03-2024-12:44:14.xlsx,xlsx,,{},2026-08-21 20:36:01.120239+00:00
59b345a9-f21f-40b4-82de-87e0d16c6fb5,baaa3634-b83d-4018-a67f-72b5fda07f8a,portfolio_disclosure,,6c2631e3-9db6-4e6e-b00c-b1a499dd1ed0,2026-08-22,https://www.licmf.com/assets/downloads/portfolio/monthly/2023/3/LDSTDF03-04-2023-22:27:28.xlsx,xlsx,,{},2026-08-21 20:36:01.801779+00:00
a4322191-c568-47b8-a40e-56f3460eba96,85903f43-2183-4672-9e9b-b4594d9f5da3,portfolio_disclosure,,2592e9ba-5390-4db1-9fb7-c28800c1e395,2026-08-22,https://www.licmf.com/assets/downloads/portfolio/monthly/2022/3/LDONTF08-04-2022-21:23:53.xlsx,xlsx,,{},2026-08-21 20:36:02.262519+00:00
aea7af7c-f279-4a18-ba45-1cde80e48fa6,16f67945-99d3-48f0-b032-795657b5e719,portfolio_disclosure,,9a9e24b1-1f5a-44a2-9a30-3bf8a6b94482,2026-08-22,https://www.licmf.com/assets/downloads/portfolio/monthly/2022/3/LDUSTF08-04-2022-21:23:54.xlsx,xlsx,,{},2026-08-21 20:36:02.665109+00:00
8f77c03d-6902-46e9-8cba-9baa64fd2760,c03353c8-b0a9-4dfe-8664-fb846bbc8350,portfolio_disclosure,,6c2631e3-9db6-4e6e-b00c-b1a499dd1ed0,2026-08-22,https://www.licmf.com/assets/downloads/portfolio/fortnightly/2023/3/LDSTDF17-03-2023-18:18:44.xlsx,xlsx,,{},2026-08-21 20:36:03.031584+00:00
1e643498-c84a-4740-a978-57d0258be60b,50f6b733-11d7-437d-8256-668b8910bc2f,portfolio_disclosure,,6c2631e3-9db6-4e6e-b00c-b1a499dd1ed0,2026-08-22,https://www.licmf.com/assets/downloads/portfolio/fortnightly/2022/2/LDSTDF17-02-2022-18:43:12.xlsx,xlsx,,{},2026-08-21 20:36:03.432528+00:00
c8754b0e-3241-4a3f-a0cb-8766163a7e2d,b73a4e1b-d7e7-423d-80e2-819720475863,portfolio_disclosure,,98066e78-446d-4158-912d-b4978e253dc7,2026-04-30,https://www.icicipruamc.com/blob/downloads/Files/Fortnightly%20Portfolio%20Disclosures/2026/Fortnightly%20Debt%20Scheme%20Portfolio%20-%2030th%20April%202026.zip,xlsx,,{},2026-08-20 18:28:16.178465+00:00
6a52f535-d78f-423c-b39f-2ec046079317,b73a4e1b-d7e7-423d-80e2-819720475863,portfolio_disclosure,,26c2b3d7-2605-4d94-b305-1f1fd1ee2e2a,2026-04-30,https://www.icicipruamc.com/blob/downloads/Files/Fortnightly%20Portfolio%20Disclosures/2026/Fortnightly%20Debt%20Scheme%20Portfolio%20-%2030th%20April%202026.zip,xlsx,,{},2026-08-20 18:28:16.178465+00:00
4cfa3a06-704d-4b79-8a55-1d902d7ad330,b73a4e1b-d7e7-423d-80e2-819720475863,portfolio_disclosure,,3912b974-ea04-47af-b408-177699089230,2026-04-30,https://www.icicipruamc.com/blob/downloads/Files/Fortnightly%20Portfolio%20Disclosures/2026/Fortnightly%20Debt%20Scheme%20Portfolio%20-%2030th%20April%202026.zip,xlsx,,{},2026-08-20 18:28:16.178465+00:00
4df2e317-b1a9-4370-8814-dd6b66248bfc,b73a4e1b-d7e7-423d-80e2-819720475863,portfolio_disclosure,,3afd40d6-ebdb-41dd-9f3d-8e9913c30c81,2026-04-30,https://www.icicipruamc.com/blob/downloads/Files/Fortnightly%20Portfolio%20Disclosures/2026/Fortnightly%20Debt%20Scheme%20Portfolio%20-%2030th%20April%202026.zip,xlsx,,{},2026-08-20 18:28:16.178465+00:00
e42d8b58-5909-4914-bffc-45d9641b5ec7,,portfolio_disclosure,,aa5cecc8-e924-4c4c-81b7-3fb389e01179,2026-04-15,https://www.icicipruamc.com/blob/downloads/Files/Fortnightly%20Portfolio%20Disclosures/2026/Fortnightly%20Debt%20Scheme%20Portfolio%20-%2015th%20April%202026.zip,xlsx,,{},2026-08-20 18:28:23.424754+00:00
bf0c54a6-5793-464b-bf93-4a6d244fd88b,,portfolio_disclosure,,b07f8708-4204-4414-a941-295f966896d7,2026-04-15,https://www.icicipruamc.com/blob/downloads/Files/Fortnightly%20Portfolio%20Disclosures/2026/Fortnightly%20Debt%20Scheme%20Portfolio%20-%2015th%20April%202026.zip,xlsx,,{},2026-08-20 18:28:23.424754+00:00
088e4b21-0334-41e4-a714-2adf68b33065,,portfolio_disclosure,,9daff2f0-95a8-40f0-9f0d-a3ec3abc3e14,2026-04-15,https://www.icicipruamc.com/blob/downloads/Files/Fortnightly%20Portfolio%20Disclosures/2026/Fortnightly%20Debt%20Scheme%20Portfolio%20-%2015th%20April%202026.zip,xlsx,,{},2026-08-20 18:28:23.424754+00:00
3dd4ff31-e9f6-4d2b-a0e4-7322b6c0ed2d,,portfolio_disclosure,,c7b7d6fe-e23f-4b85-9771-5800ccc1ea98,2026-04-15,https://www.icicipruamc.com/blob/downloads/Files/Fortnightly%20Portfolio%20Disclosures/2026/Fortnightly%20Debt%20Scheme%20Portfolio%20-%2015th%20April%202026.zip,xlsx,,{},2026-08-20 18:28:23.424754+00:00
4f9e09ca-5529-41d2-8025-38b1cdda2efe,,portfolio_disclosure,,d38c0aa5-ac53-4d03-b799-3e3835297750,2026-04-15,https://www.icicipruamc.com/blob/downloads/Files/Fortnightly%20Portfolio%20Disclosures/2026/Fortnightly%20Debt%20Scheme%20Portfolio%20-%2015th%20April%202026.zip,xlsx,,{},2026-08-20 18:28:23.424754+00:00
47c5f42f-25ed-496e-b05d-91f9afd533ae,,portfolio_disclosure,,63e0372c-6dd1-4f45-8dde-5c7017fe5d76,2026-04-15,https://www.icicipruamc.com/blob/downloads/Files/Fortnightly%20Portfolio%20Disclosures/2026/Fortnightly%20Debt%20Scheme%20Portfolio%20-%2015th%20April%202026.zip,xlsx,,{},2026-08-20 18:28:23.424754+00:00
34b80409-55d3-4bfc-9aa0-130d40fc9aaa,,portfolio_disclosure,,dbb80926-5e14-4d67-afcb-1a0ff44a202a,2026-04-15,https://www.icicipruamc.com/blob/downloads/Files/Fortnightly%20Portfolio%20Disclosures/2026/Fortnightly%20Debt%20Scheme%20Portfolio%20-%2015th%20April%202026.zip,xlsx,,{},2026-08-20 18:28:23.424754+00:00
2cb11221-8eee-4d2e-8a19-e2e14b722945,,portfolio_disclosure,,c31725e1-a968-4aff-b6ee-ec22399e1545,2026-04-15,https://www.icicipruamc.com/blob/downloads/Files/Fortnightly%20Portfolio%20Disclosures/2026/Fortnightly%20Debt%20Scheme%20Portfolio%20-%2015th%20April%202026.zip,xlsx,,{},2026-08-20 18:28:23.424754+00:00
ff48949b-3dd8-42aa-afc6-334d1fa07007,,portfolio_disclosure,,622ebaa0-c98a-4bdf-86fa-8f6caca4f48f,2026-04-15,https://www.icicipruamc.com/blob/downloads/Files/Fortnightly%20Portfolio%20Disclosures/2026/Fortnightly%20Debt%20Scheme%20Portfolio%20-%2015th%20April%202026.zip,xlsx,,{},2026-08-20 18:28:23.424754+00:00
e3e49d15-551f-441e-857d-552dbbc346cb,,portfolio_disclosure,,d40c7d98-358f-4511-8875-0d598556dba5,2026-04-15,https://www.icicipruamc.com/blob/downloads/Files/Fortnightly%20Portfolio%20Disclosures/2026/Fortnightly%20Debt%20Scheme%20Portfolio%20-%2015th%20April%202026.zip,xlsx,,{},2026-08-20 18:28:23.424754+00:00
e043ac2f-1fb5-4fef-9d89-a32017ad1950,,portfolio_disclosure,,53124c6a-8134-4ae7-a1c4-7f431cd78c02,2026-04-15,https://www.icicipruamc.com/blob/downloads/Files/Fortnightly%20Portfolio%20Disclosures/2026/Fortnightly%20Debt%20Scheme%20Portfolio%20-%2015th%20April%202026.zip,xlsx,,{},2026-08-20 18:28:23.424754+00:00
8453946f-2133-41ba-9a22-255a1c72a576,,portfolio_disclosure,,ee48130b-8fca-4ed0-afd2-00a220026270,2026-04-15,https://www.icicipruamc.com/blob/downloads/Files/Fortnightly%20Portfolio%20Disclosures/2026/Fortnightly%20Debt%20Scheme%20Portfolio%20-%2015th%20April%202026.zip,xlsx,,{},2026-08-20 18:28:23.424754+00:00
b8af3a5d-1031-4410-9b4b-d18921c7cc46,,portfolio_disclosure,,a61ed046-fa42-4c77-b058-189a2d78ff97,2026-04-15,https://www.icicipruamc.com/blob/downloads/Files/Fortnightly%20Portfolio%20Disclosures/2026/Fortnightly%20Debt%20Scheme%20Portfolio%20-%2015th%20April%202026.zip,xlsx,,{},2026-08-20 18:28:23.424754+00:00
946f10a5-0a47-4acf-9de9-cd0c0f5e48d6,,portfolio_disclosure,,c66d488f-708e-4be7-920b-e553973ff0c3,2026-04-15,https://www.icicipruamc.com/blob/downloads/Files/Fortnightly%20Portfolio%20Disclosures/2026/Fortnightly%20Debt%20Scheme%20Portfolio%20-%2015th%20April%202026.zip,xlsx,,{},2026-08-20 18:28:23.424754+00:00
4cb85600-d98c-434f-a823-6f1cd24a7cbd,,portfolio_disclosure,,fad97361-7dd4-49f1-9ac6-804f4baec973,2026-04-15,https://www.icicipruamc.com/blob/downloads/Files/Fortnightly%20Portfolio%20Disclosures/2026/Fortnightly%20Debt%20Scheme%20Portfolio%20-%2015th%20April%202026.zip,xlsx,,{},2026-08-20 18:28:23.424754+00:00
8e069d56-e926-4f85-a524-79f2ba6d833d,799e04d9-6b17-4276-ba6e-009c2cf3ef95,portfolio_disclosure,,984577b3-7d64-4a0d-8736-ebfcb559ea1c,2026-08-22,https://www.licmf.com/assets/downloads/portfolio/monthly/2024/3/LDMNMF17-04-2024-14:26:57.xlsx,xlsx,,{},2026-08-21 20:36:03.844912+00:00
49c10b45-e373-4c78-a1ce-25e7fd8ebe61,f1b74540-1aff-4875-aac2-7a0f975900ed,portfolio_disclosure,,6c2631e3-9db6-4e6e-b00c-b1a499dd1ed0,2026-08-22,https://www.licmf.com/assets/downloads/portfolio/monthly/2022/2/LDSTDF04-03-2022-16:01:55.xlsx,xlsx,,{},2026-08-21 20:36:04.242315+00:00
c3321041-85fc-4610-83ac-48f25327517f,eb5acf8c-6b3d-4db9-8013-ffb61a45d554,portfolio_disclosure,,6c2631e3-9db6-4e6e-b00c-b1a499dd1ed0,2026-08-22,https://www.licmf.com/assets/downloads/portfolio/monthly/2023/2/LDSTDF03-03-2023-14:08:07.xlsx,xlsx,,{},2026-08-21 20:36:04.749248+00:00
4b3a864f-3c69-4383-a342-67f32cf324f1,76f73490-2c6b-4c7d-b77f-d10995eae399,portfolio_disclosure,,6c2631e3-9db6-4e6e-b00c-b1a499dd1ed0,2026-08-22,https://www.licmf.com/assets/downloads/portfolio/fortnightly/2022/3/LDSTDF17-03-2022-16:28:21.xlsx,xlsx,,{},2026-08-21 20:36:05.224754+00:00
1e395fb0-8b10-482f-8bb8-27e5f59c27ca,f43226bb-a167-4c56-8eac-4844bf4758ce,portfolio_disclosure,,6c2631e3-9db6-4e6e-b00c-b1a499dd1ed0,2026-08-22,https://www.licmf.com/assets/downloads/portfolio/fortnightly/2023/2/LDSTDF17-02-2023-19:31:49.xlsx,xlsx,,{},2026-08-21 20:36:05.957774+00:00
5b119d60-3fe2-4121-af93-1daa370765dc,b3cf403c-b530-4779-aa72-8f621ed5cc56,portfolio_disclosure,,2592e9ba-5390-4db1-9fb7-c28800c1e395,2026-08-22,https://www.licmf.com/assets/downloads/portfolio/fortnightly/2022/3/LDONTF17-03-2022-16:28:21.xlsx,xlsx,,{},2026-08-21 20:36:06.800875+00:00
ab354463-09dd-4306-abca-d90af4597643,f2b7811e-a99d-48ed-a601-fbbada72e587,portfolio_disclosure,,2592e9ba-5390-4db1-9fb7-c28800c1e395,2026-08-22,https://www.licmf.com/assets/downloads/portfolio/monthly/2023/3/LDONTF03-04-2023-22:27:28.xlsx,xlsx,,{},2026-08-21 20:36:07.225354+00:00
505668ef-497a-4610-a2ea-c0d82ac7bfc6,af8f64ea-fd3f-401b-8178-64d26d041080,portfolio_disclosure,,984577b3-7d64-4a0d-8736-ebfcb559ea1c,2026-08-22,https://www.licmf.com/assets/downloads/portfolio/fortnightly/2023/2/LDMNMF17-02-2023-19:31:49.xlsx,xlsx,,{},2026-08-21 20:36:07.509618+00:00
955d2ce3-43de-4abc-a2ce-059f6779e25d,,portfolio_disclosure,,e26a0e39-ae1a-4875-8429-3f73c5109441,2026-04-15,https://www.icicipruamc.com/blob/downloads/Files/Fortnightly%20Portfolio%20Disclosures/2026/Fortnightly%20Debt%20Scheme%20Portfolio%20-%2015th%20April%202026.zip,xlsx,,{},2026-08-20 18:28:23.424754+00:00
8800c095-9659-4141-b2f2-503b69928064,,portfolio_disclosure,,148fda89-05a6-4d1d-bad1-a16ea5a774a7,2026-04-15,https://www.icicipruamc.com/blob/downloads/Files/Fortnightly%20Portfolio%20Disclosures/2026/Fortnightly%20Debt%20Scheme%20Portfolio%20-%2015th%20April%202026.zip,xlsx,,{},2026-08-20 18:28:23.424754+00:00
b64314ad-7324-443c-89fe-6f1272b43f2e,,portfolio_disclosure,,375378d3-7e30-4ab5-87da-0dbd54bf8388,2026-04-15,https://www.icicipruamc.com/blob/downloads/Files/Fortnightly%20Portfolio%20Disclosures/2026/Fortnightly%20Debt%20Scheme%20Portfolio%20-%2015th%20April%202026.zip,xlsx,,{},2026-08-20 18:28:23.424754+00:00
bfc257c9-17ff-4e05-bbc0-0298196d8f1a,,portfolio_disclosure,,d38c0aa5-ac53-4d03-b799-3e3835297750,2026-03-31,https://www.icicipruamc.com/blob/downloads/Files/Fortnightly%20Portfolio%20Disclosures/2026/Fortnightly%20Debt%20Scheme%20Portfolio%20-%2031st%20March%202026.zip,xlsx,,{},2026-08-20 18:28:31.456959+00:00
e86c3e86-c747-4ab3-b1d0-0b185626b398,,portfolio_disclosure,,a61ed046-fa42-4c77-b058-189a2d78ff97,2026-03-31,https://www.icicipruamc.com/blob/downloads/Files/Fortnightly%20Portfolio%20Disclosures/2026/Fortnightly%20Debt%20Scheme%20Portfolio%20-%2031st%20March%202026.zip,xlsx,,{},2026-08-20 18:28:31.456959+00:00
fa1a6a6d-f306-4cb8-b5ee-d1dfd3c11827,,portfolio_disclosure,,c66d488f-708e-4be7-920b-e553973ff0c3,2026-03-31,https://www.icicipruamc.com/blob/downloads/Files/Fortnightly%20Portfolio%20Disclosures/2026/Fortnightly%20Debt%20Scheme%20Portfolio%20-%2031st%20March%202026.zip,xlsx,,{},2026-08-20 18:28:31.456959+00:00
3505b9a2-b576-4215-a862-b5f56ffe736a,,portfolio_disclosure,,fad97361-7dd4-49f1-9ac6-804f4baec973,2026-03-31,https://www.icicipruamc.com/blob/downloads/Files/Fortnightly%20Portfolio%20Disclosures/2026/Fortnightly%20Debt%20Scheme%20Portfolio%20-%2031st%20March%202026.zip,xlsx,,{},2026-08-20 18:28:31.456959+00:00
ba3b0e85-df58-4bdd-9a81-4033f58cca6c,,portfolio_disclosure,,20e22757-6a93-4e58-8102-396ba968f1ba,2026-03-31,https://www.icicipruamc.com/blob/downloads/Files/Fortnightly%20Portfolio%20Disclosures/2026/Fortnightly%20Debt%20Scheme%20Portfolio%20-%2031st%20March%202026.zip,xlsx,,{},2026-08-20 18:28:31.456959+00:00
3dae8230-b708-44a2-853b-a9fad596db55,,portfolio_disclosure,,98066e78-446d-4158-912d-b4978e253dc7,2026-03-31,https://www.icicipruamc.com/blob/downloads/Files/Fortnightly%20Portfolio%20Disclosures/2026/Fortnightly%20Debt%20Scheme%20Portfolio%20-%2031st%20March%202026.zip,xlsx,,{},2026-08-20 18:28:31.456959+00:00
ef1acabf-cec3-4ccf-83af-ebc9fe6723df,,portfolio_disclosure,,26c2b3d7-2605-4d94-b305-1f1fd1ee2e2a,2026-03-31,https://www.icicipruamc.com/blob/downloads/Files/Fortnightly%20Portfolio%20Disclosures/2026/Fortnightly%20Debt%20Scheme%20Portfolio%20-%2031st%20March%202026.zip,xlsx,,{},2026-08-20 18:28:31.456959+00:00
b690e7c7-89b2-4ce4-ba1d-232d47b3aed1,,portfolio_disclosure,,148fda89-05a6-4d1d-bad1-a16ea5a774a7,2026-03-15,https://www.icicipruamc.com/blob/downloads/Files/Fortnightly%20Portfolio%20Disclosures/2026/Fortnightly%20Debt%20Scheme%20Portfolio%20-%2015th%20March%202026.zip,xlsx,,{},2026-08-20 18:55:15.970120+00:00
8e002b16-44af-4668-9f03-4b1e59bf28fa,,portfolio_disclosure,,375378d3-7e30-4ab5-87da-0dbd54bf8388,2026-03-15,https://www.icicipruamc.com/blob/downloads/Files/Fortnightly%20Portfolio%20Disclosures/2026/Fortnightly%20Debt%20Scheme%20Portfolio%20-%2015th%20March%202026.zip,xlsx,,{},2026-08-20 18:55:15.970120+00:00
19f8330a-c59e-458f-8133-e365159039e1,,portfolio_disclosure,,047e718c-b972-47f8-9513-91b87c5cabef,2026-03-15,https://www.icicipruamc.com/blob/downloads/Files/Fortnightly%20Portfolio%20Disclosures/2026/Fortnightly%20Debt%20Scheme%20Portfolio%20-%2015th%20March%202026.zip,xlsx,,{},2026-08-20 18:55:15.970120+00:00
dd3647f9-5799-458d-9a53-2ebd09522f72,,portfolio_disclosure,,bd87bcf7-b74d-4dab-a361-5588faa94e8e,2026-03-15,https://www.icicipruamc.com/blob/downloads/Files/Fortnightly%20Portfolio%20Disclosures/2026/Fortnightly%20Debt%20Scheme%20Portfolio%20-%2015th%20March%202026.zip,xlsx,,{},2026-08-20 18:55:15.970120+00:00
bb30f00e-7ec9-4184-8c27-a050e9b4d17b,,portfolio_disclosure,,a8a76a2e-8f67-49e4-aeb1-7366d2a7b1f7,2026-03-15,https://www.icicipruamc.com/blob/downloads/Files/Fortnightly%20Portfolio%20Disclosures/2026/Fortnightly%20Debt%20Scheme%20Portfolio%20-%2015th%20March%202026.zip,xlsx,,{},2026-08-20 18:55:15.970120+00:00
c9cf4080-da16-4f3a-80c2-81a971be9fab,,portfolio_disclosure,,56c7a4bb-eb51-49cc-b39c-f0641d5d748e,2026-03-15,https://www.icicipruamc.com/blob/downloads/Files/Fortnightly%20Portfolio%20Disclosures/2026/Fortnightly%20Debt%20Scheme%20Portfolio%20-%2015th%20March%202026.zip,xlsx,,{},2026-08-20 18:55:15.970120+00:00
58caadd6-bffa-4385-be23-c59d4554d167,,portfolio_disclosure,,b68a3748-3e94-4b91-99e3-80c273548326,2026-03-15,https://www.icicipruamc.com/blob/downloads/Files/Fortnightly%20Portfolio%20Disclosures/2026/Fortnightly%20Debt%20Scheme%20Portfolio%20-%2015th%20March%202026.zip,xlsx,,{},2026-08-20 18:55:15.970120+00:00
ada45125-05d6-4272-86fb-122eaa646bfc,,portfolio_disclosure,,965baf1f-07d2-44f6-9730-bbcfbc0f8ddb,2026-03-15,https://www.icicipruamc.com/blob/downloads/Files/Fortnightly%20Portfolio%20Disclosures/2026/Fortnightly%20Debt%20Scheme%20Portfolio%20-%2015th%20March%202026.zip,xlsx,,{},2026-08-20 18:55:15.970120+00:00
8824af31-5ccd-4521-9905-621f2eb3783e,,portfolio_disclosure,,d8edc81e-2fad-46a1-9146-8b6b50825cf9,2026-03-15,https://www.icicipruamc.com/blob/downloads/Files/Fortnightly%20Portfolio%20Disclosures/2026/Fortnightly%20Debt%20Scheme%20Portfolio%20-%2015th%20March%202026.zip,xlsx,,{},2026-08-20 18:55:15.970120+00:00
8ff77ebc-4504-48b3-bf56-ac01cbf248ef,,portfolio_disclosure,,aa5cecc8-e924-4c4c-81b7-3fb389e01179,2026-03-15,https://www.icicipruamc.com/blob/downloads/Files/Fortnightly%20Portfolio%20Disclosures/2026/Fortnightly%20Debt%20Scheme%20Portfolio%20-%2015th%20March%202026.zip,xlsx,,{},2026-08-20 18:55:15.970120+00:00
ac029c8e-f084-4cd9-9389-d4ae4192275a,,portfolio_disclosure,,dbb80926-5e14-4d67-afcb-1a0ff44a202a,2026-01-31,https://www.icicipruamc.com/blob/downloads/Files/Fortnightly%20Portfolio%20Disclosures/2026/Fortnightly%20Debt%20Scheme%20Portfolio%20-%2031st%20January%202026.zip,xlsx,,{},2026-08-20 18:55:39.780637+00:00
b782e3b5-3946-4740-b8f7-a2f8f5688cb5,,portfolio_disclosure,,c31725e1-a968-4aff-b6ee-ec22399e1545,2026-01-31,https://www.icicipruamc.com/blob/downloads/Files/Fortnightly%20Portfolio%20Disclosures/2026/Fortnightly%20Debt%20Scheme%20Portfolio%20-%2031st%20January%202026.zip,xlsx,,{},2026-08-20 18:55:39.780637+00:00
b6bf6d08-5c53-4c3e-8adc-6ab50457a131,,portfolio_disclosure,,622ebaa0-c98a-4bdf-86fa-8f6caca4f48f,2026-01-31,https://www.icicipruamc.com/blob/downloads/Files/Fortnightly%20Portfolio%20Disclosures/2026/Fortnightly%20Debt%20Scheme%20Portfolio%20-%2031st%20January%202026.zip,xlsx,,{},2026-08-20 18:55:39.780637+00:00
ea7b761b-ed13-49f8-8bfa-c1709ac95509,,portfolio_disclosure,,d40c7d98-358f-4511-8875-0d598556dba5,2026-01-31,https://www.icicipruamc.com/blob/downloads/Files/Fortnightly%20Portfolio%20Disclosures/2026/Fortnightly%20Debt%20Scheme%20Portfolio%20-%2031st%20January%202026.zip,xlsx,,{},2026-08-20 18:55:39.780637+00:00
6c05f334-887a-4635-8f8d-3e86c9bd1299,,portfolio_disclosure,,53124c6a-8134-4ae7-a1c4-7f431cd78c02,2026-01-31,https://www.icicipruamc.com/blob/downloads/Files/Fortnightly%20Portfolio%20Disclosures/2026/Fortnightly%20Debt%20Scheme%20Portfolio%20-%2031st%20January%202026.zip,xlsx,,{},2026-08-20 18:55:39.780637+00:00
ac81d8fe-34d5-40c8-ae2f-602a23114d70,537e6e12-20b3-486c-bf22-5775d59b5bda,portfolio_disclosure,,aa29e284-5e02-4951-ae02-ed98535dc61e,2025-09-30,https://www.dspim.com/media/pages/mandatory-disclosures/portfolio-disclosures/094df8a29c-1759679519/dsp-isin-debt-portfolio-as-on-30-sep-2025.xlsx,xlsx,,{},2026-08-21 21:54:14.891802+00:00
f5db6772-1a6d-420b-a6b3-a14e892cef0c,537e6e12-20b3-486c-bf22-5775d59b5bda,portfolio_disclosure,,f1c6f3aa-b829-4406-a6f8-03734bf4a16f,2025-09-30,https://www.dspim.com/media/pages/mandatory-disclosures/portfolio-disclosures/094df8a29c-1759679519/dsp-isin-debt-portfolio-as-on-30-sep-2025.xlsx,xlsx,,{},2026-08-21 21:54:14.891802+00:00
bf0639ef-00f4-4add-afb8-f9c1cd6f5455,537e6e12-20b3-486c-bf22-5775d59b5bda,portfolio_disclosure,,c280dee4-2813-4e8b-8f66-240ebce126ab,2025-09-30,https://www.dspim.com/media/pages/mandatory-disclosures/portfolio-disclosures/094df8a29c-1759679519/dsp-isin-debt-portfolio-as-on-30-sep-2025.xlsx,xlsx,,{},2026-08-21 21:54:14.891802+00:00
3dce39b9-53c8-4fd9-a6aa-fb96ee7dd5e5,,portfolio_disclosure,,ee48130b-8fca-4ed0-afd2-00a220026270,2026-01-31,https://www.icicipruamc.com/blob/downloads/Files/Fortnightly%20Portfolio%20Disclosures/2026/Fortnightly%20Debt%20Scheme%20Portfolio%20-%2031st%20January%202026.zip,xlsx,,{},2026-08-20 18:55:39.780637+00:00
626076e1-43fd-4dd1-96e7-04e7c8ca398f,,portfolio_disclosure,,a61ed046-fa42-4c77-b058-189a2d78ff97,2026-01-31,https://www.icicipruamc.com/blob/downloads/Files/Fortnightly%20Portfolio%20Disclosures/2026/Fortnightly%20Debt%20Scheme%20Portfolio%20-%2031st%20January%202026.zip,xlsx,,{},2026-08-20 18:55:39.780637+00:00
339ff51f-6aae-463a-b41b-725880f56dcd,,portfolio_disclosure,,c66d488f-708e-4be7-920b-e553973ff0c3,2026-01-31,https://www.icicipruamc.com/blob/downloads/Files/Fortnightly%20Portfolio%20Disclosures/2026/Fortnightly%20Debt%20Scheme%20Portfolio%20-%2031st%20January%202026.zip,xlsx,,{},2026-08-20 18:55:39.780637+00:00
ede12bac-747b-42d3-acbe-d6c7f028254b,,portfolio_disclosure,,fad97361-7dd4-49f1-9ac6-804f4baec973,2026-01-31,https://www.icicipruamc.com/blob/downloads/Files/Fortnightly%20Portfolio%20Disclosures/2026/Fortnightly%20Debt%20Scheme%20Portfolio%20-%2031st%20January%202026.zip,xlsx,,{},2026-08-20 18:55:39.780637+00:00
950a2c24-1f34-49eb-bbf2-3ec4633308c8,,portfolio_disclosure,,e26a0e39-ae1a-4875-8429-3f73c5109441,2026-01-31,https://www.icicipruamc.com/blob/downloads/Files/Fortnightly%20Portfolio%20Disclosures/2026/Fortnightly%20Debt%20Scheme%20Portfolio%20-%2031st%20January%202026.zip,xlsx,,{},2026-08-20 18:55:39.780637+00:00
665a19f6-8345-42e4-8675-af924a5b1f2d,,portfolio_disclosure,,148fda89-05a6-4d1d-bad1-a16ea5a774a7,2026-01-31,https://www.icicipruamc.com/blob/downloads/Files/Fortnightly%20Portfolio%20Disclosures/2026/Fortnightly%20Debt%20Scheme%20Portfolio%20-%2031st%20January%202026.zip,xlsx,,{},2026-08-20 18:55:39.780637+00:00
59aec0c4-12f9-4416-9542-520ed7efcaee,,portfolio_disclosure,,375378d3-7e30-4ab5-87da-0dbd54bf8388,2026-01-31,https://www.icicipruamc.com/blob/downloads/Files/Fortnightly%20Portfolio%20Disclosures/2026/Fortnightly%20Debt%20Scheme%20Portfolio%20-%2031st%20January%202026.zip,xlsx,,{},2026-08-20 18:55:39.780637+00:00
c87af9a8-219c-4cd1-b4ec-2488d3e35867,,portfolio_disclosure,,dbb80926-5e14-4d67-afcb-1a0ff44a202a,2026-01-15,https://www.icicipruamc.com/blob/downloads/Files/Fortnightly%20Portfolio%20Disclosures/2026/Fortnightly%20Debt%20Scheme%20Portfolio%20-%2015th%20January%202026.zip,xlsx,,{},2026-08-20 18:55:47.706970+00:00
3b0fd526-414b-4e9a-8cbc-e85b07f4ae78,,portfolio_disclosure,,c31725e1-a968-4aff-b6ee-ec22399e1545,2026-01-15,https://www.icicipruamc.com/blob/downloads/Files/Fortnightly%20Portfolio%20Disclosures/2026/Fortnightly%20Debt%20Scheme%20Portfolio%20-%2015th%20January%202026.zip,xlsx,,{},2026-08-20 18:55:47.706970+00:00
54a471cd-eea6-44a9-9d0f-c19d9dff986b,,portfolio_disclosure,,622ebaa0-c98a-4bdf-86fa-8f6caca4f48f,2026-01-15,https://www.icicipruamc.com/blob/downloads/Files/Fortnightly%20Portfolio%20Disclosures/2026/Fortnightly%20Debt%20Scheme%20Portfolio%20-%2015th%20January%202026.zip,xlsx,,{},2026-08-20 18:55:47.706970+00:00
7003a75c-26ed-4f62-b6a4-ca7171ab3dde,,portfolio_disclosure,,d40c7d98-358f-4511-8875-0d598556dba5,2026-01-15,https://www.icicipruamc.com/blob/downloads/Files/Fortnightly%20Portfolio%20Disclosures/2026/Fortnightly%20Debt%20Scheme%20Portfolio%20-%2015th%20January%202026.zip,xlsx,,{},2026-08-20 18:55:47.706970+00:00
42331f61-e155-4777-90f0-3fc9ffc38bbe,,portfolio_disclosure,,a61ed046-fa42-4c77-b058-189a2d78ff97,2026-01-15,https://www.icicipruamc.com/blob/downloads/Files/Fortnightly%20Portfolio%20Disclosures/2026/Fortnightly%20Debt%20Scheme%20Portfolio%20-%2015th%20January%202026.zip,xlsx,,{},2026-08-20 18:55:47.706970+00:00
f5ea0dff-d466-4115-a49e-cbed27aed009,,portfolio_disclosure,,c66d488f-708e-4be7-920b-e553973ff0c3,2026-01-15,https://www.icicipruamc.com/blob/downloads/Files/Fortnightly%20Portfolio%20Disclosures/2026/Fortnightly%20Debt%20Scheme%20Portfolio%20-%2015th%20January%202026.zip,xlsx,,{},2026-08-20 18:55:47.706970+00:00
423e32cc-19b0-46c6-978d-2484331ef55d,,portfolio_disclosure,,fad97361-7dd4-49f1-9ac6-804f4baec973,2026-01-15,https://www.icicipruamc.com/blob/downloads/Files/Fortnightly%20Portfolio%20Disclosures/2026/Fortnightly%20Debt%20Scheme%20Portfolio%20-%2015th%20January%202026.zip,xlsx,,{},2026-08-20 18:55:47.706970+00:00
183c65a3-7440-4320-8283-10627c2870a0,,portfolio_disclosure,,e26a0e39-ae1a-4875-8429-3f73c5109441,2026-01-15,https://www.icicipruamc.com/blob/downloads/Files/Fortnightly%20Portfolio%20Disclosures/2026/Fortnightly%20Debt%20Scheme%20Portfolio%20-%2015th%20January%202026.zip,xlsx,,{},2026-08-20 18:55:47.706970+00:00
2bc52aaf-b953-4eb3-8c3a-9b9d9265efbe,,portfolio_disclosure,,148fda89-05a6-4d1d-bad1-a16ea5a774a7,2026-01-15,https://www.icicipruamc.com/blob/downloads/Files/Fortnightly%20Portfolio%20Disclosures/2026/Fortnightly%20Debt%20Scheme%20Portfolio%20-%2015th%20January%202026.zip,xlsx,,{},2026-08-20 18:55:47.706970+00:00
d85c4d72-5882-44d3-9762-9242f6f13e5d,,portfolio_disclosure,,375378d3-7e30-4ab5-87da-0dbd54bf8388,2026-01-15,https://www.icicipruamc.com/blob/downloads/Files/Fortnightly%20Portfolio%20Disclosures/2026/Fortnightly%20Debt%20Scheme%20Portfolio%20-%2015th%20January%202026.zip,xlsx,,{},2026-08-20 18:55:47.706970+00:00
b9673db0-41db-4d81-8457-64a8b3a120e3,,portfolio_disclosure,,20e22757-6a93-4e58-8102-396ba968f1ba,2026-01-15,https://www.icicipruamc.com/blob/downloads/Files/Fortnightly%20Portfolio%20Disclosures/2026/Fortnightly%20Debt%20Scheme%20Portfolio%20-%2015th%20January%202026.zip,xlsx,,{},2026-08-20 18:55:47.706970+00:00
b2bf1ba6-0125-4dfc-8159-8c651f43e351,,portfolio_disclosure,,98066e78-446d-4158-912d-b4978e253dc7,2026-01-15,https://www.icicipruamc.com/blob/downloads/Files/Fortnightly%20Portfolio%20Disclosures/2026/Fortnightly%20Debt%20Scheme%20Portfolio%20-%2015th%20January%202026.zip,xlsx,,{},2026-08-20 18:55:47.706970+00:00
4b234bd2-3a64-445a-87f3-2e1b4bacfd36,,portfolio_disclosure,,26c2b3d7-2605-4d94-b305-1f1fd1ee2e2a,2026-01-15,https://www.icicipruamc.com/blob/downloads/Files/Fortnightly%20Portfolio%20Disclosures/2026/Fortnightly%20Debt%20Scheme%20Portfolio%20-%2015th%20January%202026.zip,xlsx,,{},2026-08-20 18:55:47.706970+00:00
067f5bbd-0eb8-4dcb-8372-eb9a949b1690,,portfolio_disclosure,,3912b974-ea04-47af-b408-177699089230,2026-01-15,https://www.icicipruamc.com/blob/downloads/Files/Fortnightly%20Portfolio%20Disclosures/2026/Fortnightly%20Debt%20Scheme%20Portfolio%20-%2015th%20January%202026.zip,xlsx,,{},2026-08-20 18:55:47.706970+00:00
051ca922-2dbd-4a8c-8d6d-bde17bd7d8f2,,portfolio_disclosure,,3afd40d6-ebdb-41dd-9f3d-8e9913c30c81,2026-01-15,https://www.icicipruamc.com/blob/downloads/Files/Fortnightly%20Portfolio%20Disclosures/2026/Fortnightly%20Debt%20Scheme%20Portfolio%20-%2015th%20January%202026.zip,xlsx,,{},2026-08-20 18:55:47.706970+00:00
e97d39c4-81d1-4d46-8d15-2e38e284d99e,,portfolio_disclosure,,047e718c-b972-47f8-9513-91b87c5cabef,2026-01-15,https://www.icicipruamc.com/blob/downloads/Files/Fortnightly%20Portfolio%20Disclosures/2026/Fortnightly%20Debt%20Scheme%20Portfolio%20-%2015th%20January%202026.zip,xlsx,,{},2026-08-20 18:55:47.706970+00:00
91839e7e-89e4-4b6d-bb10-45ff1133ae37,,portfolio_disclosure,,d8edc81e-2fad-46a1-9146-8b6b50825cf9,2025-12-31,https://www.icicipruamc.com/blob/downloads/Files/Fortnightly%20Portfolio%20Disclosures/2025/Fortnightly%20Debt%20Scheme%20Portfolio%20-%2031st%20December%202025.zip,xlsx,,{},2026-08-20 18:55:55.550501+00:00
cfe62a29-a04d-46b3-b6f2-a314efdf1372,,portfolio_disclosure,,aa5cecc8-e924-4c4c-81b7-3fb389e01179,2025-12-31,https://www.icicipruamc.com/blob/downloads/Files/Fortnightly%20Portfolio%20Disclosures/2025/Fortnightly%20Debt%20Scheme%20Portfolio%20-%2031st%20December%202025.zip,xlsx,,{},2026-08-20 18:55:55.550501+00:00
4fc53349-7b64-4bcd-b121-7d855ef82943,,portfolio_disclosure,,b07f8708-4204-4414-a941-295f966896d7,2025-12-31,https://www.icicipruamc.com/blob/downloads/Files/Fortnightly%20Portfolio%20Disclosures/2025/Fortnightly%20Debt%20Scheme%20Portfolio%20-%2031st%20December%202025.zip,xlsx,,{},2026-08-20 18:55:55.550501+00:00
0a6a7fa8-e88d-4d62-b776-ef1377fecbda,,portfolio_disclosure,,4925effe-8563-4ee5-8c7c-71d0f96b9433,2025-12-31,https://www.icicipruamc.com/blob/downloads/Files/Fortnightly%20Portfolio%20Disclosures/2025/Fortnightly%20Debt%20Scheme%20Portfolio%20-%2031st%20December%202025.zip,xlsx,,{},2026-08-20 18:55:55.550501+00:00
d91d67ae-8ed1-4934-acc3-e2c4dee17207,,portfolio_disclosure,,9daff2f0-95a8-40f0-9f0d-a3ec3abc3e14,2025-12-31,https://www.icicipruamc.com/blob/downloads/Files/Fortnightly%20Portfolio%20Disclosures/2025/Fortnightly%20Debt%20Scheme%20Portfolio%20-%2031st%20December%202025.zip,xlsx,,{},2026-08-20 18:55:55.550501+00:00
1ae20dd2-c68d-4bec-9a14-b632f254b478,cb354d39-1cf6-41c6-a9e7-5f6fcf10ccbb,portfolio_disclosure,,30ef029a-1a4b-473d-b853-c41853801009,2026-02-15,https://transact.axismf.com/cms/sites/default/files/Statutory/Fortnightly%20Portfolio%20-%20Axis%20Strategic%20Bond%20Fund%20-%2015%20Feb%202026.xlsx,xlsx,,{},2026-08-21 20:36:11.221503+00:00
10c06a15-c8d0-4d9f-b999-235dfd1830f5,,portfolio_disclosure,,3afd40d6-ebdb-41dd-9f3d-8e9913c30c81,2026-03-31,https://www.icicipruamc.com/blob/downloads/Files/Fortnightly%20Portfolio%20Disclosures/2026/Fortnightly%20Debt%20Scheme%20Portfolio%20-%2031st%20March%202026.zip,xlsx,,{},2026-08-20 18:28:31.456959+00:00
b0221d61-ca6f-4bcd-a660-46c1b7ae63a1,,portfolio_disclosure,,047e718c-b972-47f8-9513-91b87c5cabef,2026-03-31,https://www.icicipruamc.com/blob/downloads/Files/Fortnightly%20Portfolio%20Disclosures/2026/Fortnightly%20Debt%20Scheme%20Portfolio%20-%2031st%20March%202026.zip,xlsx,,{},2026-08-20 18:28:31.456959+00:00
8acee47a-22e1-4b0b-af1f-c632d1ae2782,,portfolio_disclosure,,bd87bcf7-b74d-4dab-a361-5588faa94e8e,2026-03-31,https://www.icicipruamc.com/blob/downloads/Files/Fortnightly%20Portfolio%20Disclosures/2026/Fortnightly%20Debt%20Scheme%20Portfolio%20-%2031st%20March%202026.zip,xlsx,,{},2026-08-20 18:28:31.456959+00:00
d1920311-19e5-4f41-9227-a04c5f6c1af1,,portfolio_disclosure,,a8a76a2e-8f67-49e4-aeb1-7366d2a7b1f7,2026-03-31,https://www.icicipruamc.com/blob/downloads/Files/Fortnightly%20Portfolio%20Disclosures/2026/Fortnightly%20Debt%20Scheme%20Portfolio%20-%2031st%20March%202026.zip,xlsx,,{},2026-08-20 18:28:31.456959+00:00
23a1c489-8fe5-4516-81a2-dc2511bbc225,,portfolio_disclosure,,56c7a4bb-eb51-49cc-b39c-f0641d5d748e,2026-03-31,https://www.icicipruamc.com/blob/downloads/Files/Fortnightly%20Portfolio%20Disclosures/2026/Fortnightly%20Debt%20Scheme%20Portfolio%20-%2031st%20March%202026.zip,xlsx,,{},2026-08-20 18:28:31.456959+00:00
2223d28c-1ea9-47cc-9c66-57764501801b,,portfolio_disclosure,,b68a3748-3e94-4b91-99e3-80c273548326,2026-03-31,https://www.icicipruamc.com/blob/downloads/Files/Fortnightly%20Portfolio%20Disclosures/2026/Fortnightly%20Debt%20Scheme%20Portfolio%20-%2031st%20March%202026.zip,xlsx,,{},2026-08-20 18:28:31.456959+00:00
7664ae88-0eae-4040-8f8c-f8dbcb589bed,,portfolio_disclosure,,965baf1f-07d2-44f6-9730-bbcfbc0f8ddb,2026-03-31,https://www.icicipruamc.com/blob/downloads/Files/Fortnightly%20Portfolio%20Disclosures/2026/Fortnightly%20Debt%20Scheme%20Portfolio%20-%2031st%20March%202026.zip,xlsx,,{},2026-08-20 18:28:31.456959+00:00
73e23dfc-9698-48b6-a4a0-211155e5eac6,,portfolio_disclosure,,c7b7d6fe-e23f-4b85-9771-5800ccc1ea98,2025-12-31,https://www.icicipruamc.com/blob/downloads/Files/Fortnightly%20Portfolio%20Disclosures/2025/Fortnightly%20Debt%20Scheme%20Portfolio%20-%2031st%20December%202025.zip,xlsx,,{},2026-08-20 18:55:55.550501+00:00
117dceeb-7c78-4cc4-ad08-e87bae89a8f3,,portfolio_disclosure,,d38c0aa5-ac53-4d03-b799-3e3835297750,2025-12-31,https://www.icicipruamc.com/blob/downloads/Files/Fortnightly%20Portfolio%20Disclosures/2025/Fortnightly%20Debt%20Scheme%20Portfolio%20-%2031st%20December%202025.zip,xlsx,,{},2026-08-20 18:55:55.550501+00:00
130e5111-ee2d-4af3-840a-a17cbf686e28,,portfolio_disclosure,,63e0372c-6dd1-4f45-8dde-5c7017fe5d76,2025-12-31,https://www.icicipruamc.com/blob/downloads/Files/Fortnightly%20Portfolio%20Disclosures/2025/Fortnightly%20Debt%20Scheme%20Portfolio%20-%2031st%20December%202025.zip,xlsx,,{},2026-08-20 18:55:55.550501+00:00
09b37d9e-68fc-449b-b222-ae93303d1d14,,portfolio_disclosure,,dbb80926-5e14-4d67-afcb-1a0ff44a202a,2025-12-31,https://www.icicipruamc.com/blob/downloads/Files/Fortnightly%20Portfolio%20Disclosures/2025/Fortnightly%20Debt%20Scheme%20Portfolio%20-%2031st%20December%202025.zip,xlsx,,{},2026-08-20 18:55:55.550501+00:00
6db1bc03-16db-4d8a-a1cb-9bbe3d47c7b1,,portfolio_disclosure,,c31725e1-a968-4aff-b6ee-ec22399e1545,2025-12-31,https://www.icicipruamc.com/blob/downloads/Files/Fortnightly%20Portfolio%20Disclosures/2025/Fortnightly%20Debt%20Scheme%20Portfolio%20-%2031st%20December%202025.zip,xlsx,,{},2026-08-20 18:55:55.550501+00:00
24a255e9-a1cc-45f2-a8ff-c9314e9bc226,,portfolio_disclosure,,622ebaa0-c98a-4bdf-86fa-8f6caca4f48f,2025-12-31,https://www.icicipruamc.com/blob/downloads/Files/Fortnightly%20Portfolio%20Disclosures/2025/Fortnightly%20Debt%20Scheme%20Portfolio%20-%2031st%20December%202025.zip,xlsx,,{},2026-08-20 18:55:55.550501+00:00
2b12f4a0-d720-4528-b758-dede641318dd,,portfolio_disclosure,,d40c7d98-358f-4511-8875-0d598556dba5,2025-12-31,https://www.icicipruamc.com/blob/downloads/Files/Fortnightly%20Portfolio%20Disclosures/2025/Fortnightly%20Debt%20Scheme%20Portfolio%20-%2031st%20December%202025.zip,xlsx,,{},2026-08-20 18:55:55.550501+00:00
176d583b-dddf-424d-848e-a3617c9be4ff,,portfolio_disclosure,,53124c6a-8134-4ae7-a1c4-7f431cd78c02,2025-12-31,https://www.icicipruamc.com/blob/downloads/Files/Fortnightly%20Portfolio%20Disclosures/2025/Fortnightly%20Debt%20Scheme%20Portfolio%20-%2031st%20December%202025.zip,xlsx,,{},2026-08-20 18:55:55.550501+00:00
781586bb-eff3-49c2-a800-650b6c08ab3b,,portfolio_disclosure,,ee48130b-8fca-4ed0-afd2-00a220026270,2025-12-31,https://www.icicipruamc.com/blob/downloads/Files/Fortnightly%20Portfolio%20Disclosures/2025/Fortnightly%20Debt%20Scheme%20Portfolio%20-%2031st%20December%202025.zip,xlsx,,{},2026-08-20 18:55:55.550501+00:00
0082d520-7e54-46e5-916c-29d6f9ce7bab,,portfolio_disclosure,,a61ed046-fa42-4c77-b058-189a2d78ff97,2025-12-31,https://www.icicipruamc.com/blob/downloads/Files/Fortnightly%20Portfolio%20Disclosures/2025/Fortnightly%20Debt%20Scheme%20Portfolio%20-%2031st%20December%202025.zip,xlsx,,{},2026-08-20 18:55:55.550501+00:00
20076c59-a9fb-4cf7-a2ec-4c40a8542b92,,portfolio_disclosure,,3912b974-ea04-47af-b408-177699089230,2025-12-15,https://www.icicipruamc.com/blob/downloads/Files/Fortnightly%20Portfolio%20Disclosures/2025/Fortnightly%20Debt%20Scheme%20Portfolio%20-%2015th%20December%202025.zip,xlsx,,{},2026-08-20 18:56:03.840190+00:00
cb2123f1-3eb7-42e5-a218-4edf3ec86a77,,portfolio_disclosure,,3afd40d6-ebdb-41dd-9f3d-8e9913c30c81,2025-12-15,https://www.icicipruamc.com/blob/downloads/Files/Fortnightly%20Portfolio%20Disclosures/2025/Fortnightly%20Debt%20Scheme%20Portfolio%20-%2015th%20December%202025.zip,xlsx,,{},2026-08-20 18:56:03.840190+00:00
e0c10b71-d5b9-48b9-90a8-5a4855a703d5,,portfolio_disclosure,,047e718c-b972-47f8-9513-91b87c5cabef,2025-12-15,https://www.icicipruamc.com/blob/downloads/Files/Fortnightly%20Portfolio%20Disclosures/2025/Fortnightly%20Debt%20Scheme%20Portfolio%20-%2015th%20December%202025.zip,xlsx,,{},2026-08-20 18:56:03.840190+00:00
bfbb07ac-6aa3-4f12-80b5-d3de4d867b2d,,portfolio_disclosure,,bd87bcf7-b74d-4dab-a361-5588faa94e8e,2025-12-15,https://www.icicipruamc.com/blob/downloads/Files/Fortnightly%20Portfolio%20Disclosures/2025/Fortnightly%20Debt%20Scheme%20Portfolio%20-%2015th%20December%202025.zip,xlsx,,{},2026-08-20 18:56:03.840190+00:00
17cf6bfe-1963-447b-9d4d-8a0869d8a2fa,,portfolio_disclosure,,a8a76a2e-8f67-49e4-aeb1-7366d2a7b1f7,2025-12-15,https://www.icicipruamc.com/blob/downloads/Files/Fortnightly%20Portfolio%20Disclosures/2025/Fortnightly%20Debt%20Scheme%20Portfolio%20-%2015th%20December%202025.zip,xlsx,,{},2026-08-20 18:56:03.840190+00:00
c0033ce9-27c6-4f19-8d1d-de125fa083ae,,portfolio_disclosure,,56c7a4bb-eb51-49cc-b39c-f0641d5d748e,2025-12-15,https://www.icicipruamc.com/blob/downloads/Files/Fortnightly%20Portfolio%20Disclosures/2025/Fortnightly%20Debt%20Scheme%20Portfolio%20-%2015th%20December%202025.zip,xlsx,,{},2026-08-20 18:56:03.840190+00:00
192868db-5951-4189-9951-4ae97d95bb1f,,portfolio_disclosure,,26c2b3d7-2605-4d94-b305-1f1fd1ee2e2a,2025-10-31,https://www.icicipruamc.com/blob/downloads/Files/Fortnightly%20Portfolio%20Disclosures/2025/Fortnightly%20Debt%20Scheme%20Portfolio%20-%2031st%20October%202025.zip,xlsx,,{},2026-08-20 18:56:29.884496+00:00
42257bb4-5034-42f3-86dc-3ae752c34560,9cb6c143-98a4-488b-a1c0-e393d774caa0,portfolio_disclosure,,9d67803d-bb5e-4e5e-a917-3e50ac2e4a3c,2026-02-15,https://transact.axismf.com/cms/sites/default/files/Statutory/Fortnightly%20Portfolio%20-%20Axis%20Treasury%20Advantage%20Fund%20-%2015%20Feb%202026.xlsx,xlsx,,{},2026-08-21 20:36:09.958125+00:00
3b4dcce0-8471-4207-80f4-15ee51e603cc,9d70e31c-154c-4285-9f9f-a5cb4338f2b3,portfolio_disclosure,,300ac5be-2d69-4342-9da3-eb96e59199e8,2026-02-15,https://transact.axismf.com/cms/sites/default/files/Statutory/Fortnightly%20Portfolio%20-%20Axis%20Short%20Duration%20Fund%20-%2015%20Feb%202026.xlsx,xlsx,,{},2026-08-21 20:36:12.107925+00:00
60887db7-1295-4ead-9738-6f899fea2f62,71cdae52-c99a-4e9e-b0ea-65a87a394f84,portfolio_disclosure,,23c48288-7d6f-4d06-ba5d-e234e166b4c5,2026-02-15,https://transact.axismf.com/cms/sites/default/files/Statutory/Fortnightly%20Portfolio%20-%20Axis%20Overnight%20Fund%20-%2015%20Feb%202026.xlsx,xlsx,,{},2026-08-21 20:36:13.952581+00:00
c98ce249-c20f-49f1-806a-5bdb9440b6dc,537e6e12-20b3-486c-bf22-5775d59b5bda,portfolio_disclosure,,e3c71b64-92f1-4db4-a6f7-1c0008e69c4c,2025-09-30,https://www.dspim.com/media/pages/mandatory-disclosures/portfolio-disclosures/094df8a29c-1759679519/dsp-isin-debt-portfolio-as-on-30-sep-2025.xlsx,xlsx,,{},2026-08-21 21:54:14.891802+00:00
36f0cad4-1191-476d-9c11-e741094d747e,537e6e12-20b3-486c-bf22-5775d59b5bda,portfolio_disclosure,,bcdfc686-5907-43dd-8412-1158d4f21d83,2025-09-30,https://www.dspim.com/media/pages/mandatory-disclosures/portfolio-disclosures/094df8a29c-1759679519/dsp-isin-debt-portfolio-as-on-30-sep-2025.xlsx,xlsx,,{},2026-08-21 21:54:14.891802+00:00
c9cbbc44-a0c5-4cfd-8d6b-522145be081a,537e6e12-20b3-486c-bf22-5775d59b5bda,portfolio_disclosure,,bc6afebe-de89-4d43-a319-3a0352ead9be,2025-09-30,https://www.dspim.com/media/pages/mandatory-disclosures/portfolio-disclosures/094df8a29c-1759679519/dsp-isin-debt-portfolio-as-on-30-sep-2025.xlsx,xlsx,,{},2026-08-21 21:54:14.891802+00:00
87a64cc9-5f8f-416c-9e0f-c47c0eeeefe5,537e6e12-20b3-486c-bf22-5775d59b5bda,portfolio_disclosure,,7acbdaac-6b00-42f0-8aa5-b4ef1d6b484d,2025-09-30,https://www.dspim.com/media/pages/mandatory-disclosures/portfolio-disclosures/094df8a29c-1759679519/dsp-isin-debt-portfolio-as-on-30-sep-2025.xlsx,xlsx,,{},2026-08-21 21:54:14.891802+00:00
4cdbf780-2415-41e3-b665-fece06864de7,537e6e12-20b3-486c-bf22-5775d59b5bda,portfolio_disclosure,,75700a69-71bb-4ab4-b736-12846754c6fa,2025-09-30,https://www.dspim.com/media/pages/mandatory-disclosures/portfolio-disclosures/094df8a29c-1759679519/dsp-isin-debt-portfolio-as-on-30-sep-2025.xlsx,xlsx,,{},2026-08-21 21:54:14.891802+00:00
918a25e2-6a73-415d-9d01-1f74bcc5d1b1,537e6e12-20b3-486c-bf22-5775d59b5bda,portfolio_disclosure,,28e08d4a-750c-44a8-b878-507862a40769,2025-09-30,https://www.dspim.com/media/pages/mandatory-disclosures/portfolio-disclosures/094df8a29c-1759679519/dsp-isin-debt-portfolio-as-on-30-sep-2025.xlsx,xlsx,,{},2026-08-21 21:54:14.891802+00:00
e386624b-1781-4f88-9b9f-5744827c5cac,,portfolio_disclosure,,375378d3-7e30-4ab5-87da-0dbd54bf8388,2025-11-30,https://www.icicipruamc.com/blob/downloads/Files/Fortnightly%20Portfolio%20Disclosures/2025/Fortnightly%20Debt%20Scheme%20Portfolio%20-%2030th%20November%202025.zip,xlsx,,{},2026-08-20 18:56:12.302251+00:00
d45bcf6c-691b-4a41-9d3f-3ffd9a1b6c80,,portfolio_disclosure,,20e22757-6a93-4e58-8102-396ba968f1ba,2025-11-30,https://www.icicipruamc.com/blob/downloads/Files/Fortnightly%20Portfolio%20Disclosures/2025/Fortnightly%20Debt%20Scheme%20Portfolio%20-%2030th%20November%202025.zip,xlsx,,{},2026-08-20 18:56:12.302251+00:00
0a1f9006-676d-4152-bb2a-3fdfd8733bc8,,portfolio_disclosure,,98066e78-446d-4158-912d-b4978e253dc7,2025-11-30,https://www.icicipruamc.com/blob/downloads/Files/Fortnightly%20Portfolio%20Disclosures/2025/Fortnightly%20Debt%20Scheme%20Portfolio%20-%2030th%20November%202025.zip,xlsx,,{},2026-08-20 18:56:12.302251+00:00
b508eb29-af95-46c0-ae08-f78035ba9f54,,portfolio_disclosure,,26c2b3d7-2605-4d94-b305-1f1fd1ee2e2a,2025-11-30,https://www.icicipruamc.com/blob/downloads/Files/Fortnightly%20Portfolio%20Disclosures/2025/Fortnightly%20Debt%20Scheme%20Portfolio%20-%2030th%20November%202025.zip,xlsx,,{},2026-08-20 18:56:12.302251+00:00
5ed5610b-ad06-42f8-8533-a032e11ead78,,portfolio_disclosure,,3912b974-ea04-47af-b408-177699089230,2025-11-30,https://www.icicipruamc.com/blob/downloads/Files/Fortnightly%20Portfolio%20Disclosures/2025/Fortnightly%20Debt%20Scheme%20Portfolio%20-%2030th%20November%202025.zip,xlsx,,{},2026-08-20 18:56:12.302251+00:00
510a1464-c3c1-45b9-b8fe-6f05dae19281,,portfolio_disclosure,,3afd40d6-ebdb-41dd-9f3d-8e9913c30c81,2025-11-30,https://www.icicipruamc.com/blob/downloads/Files/Fortnightly%20Portfolio%20Disclosures/2025/Fortnightly%20Debt%20Scheme%20Portfolio%20-%2030th%20November%202025.zip,xlsx,,{},2026-08-20 18:56:12.302251+00:00
e8f5a384-6ce5-4967-afce-7df3e267668c,,portfolio_disclosure,,047e718c-b972-47f8-9513-91b87c5cabef,2025-11-30,https://www.icicipruamc.com/blob/downloads/Files/Fortnightly%20Portfolio%20Disclosures/2025/Fortnightly%20Debt%20Scheme%20Portfolio%20-%2030th%20November%202025.zip,xlsx,,{},2026-08-20 18:56:12.302251+00:00
f1fdc59e-1b98-4796-8808-369cd0db4c74,,portfolio_disclosure,,bd87bcf7-b74d-4dab-a361-5588faa94e8e,2025-11-30,https://www.icicipruamc.com/blob/downloads/Files/Fortnightly%20Portfolio%20Disclosures/2025/Fortnightly%20Debt%20Scheme%20Portfolio%20-%2030th%20November%202025.zip,xlsx,,{},2026-08-20 18:56:12.302251+00:00
2552d0a4-fbe7-477b-978a-e56914c48020,,portfolio_disclosure,,a8a76a2e-8f67-49e4-aeb1-7366d2a7b1f7,2025-11-30,https://www.icicipruamc.com/blob/downloads/Files/Fortnightly%20Portfolio%20Disclosures/2025/Fortnightly%20Debt%20Scheme%20Portfolio%20-%2030th%20November%202025.zip,xlsx,,{},2026-08-20 18:56:12.302251+00:00
0de28c40-164b-41e7-a3e5-6059cf667523,,portfolio_disclosure,,622ebaa0-c98a-4bdf-86fa-8f6caca4f48f,2025-11-30,https://www.icicipruamc.com/blob/downloads/Files/Fortnightly%20Portfolio%20Disclosures/2025/Fortnightly%20Debt%20Scheme%20Portfolio%20-%2030th%20November%202025.zip,xlsx,,{},2026-08-20 18:56:12.302251+00:00
078df79b-59f5-44c9-b483-6a68bed44275,,portfolio_disclosure,,20e22757-6a93-4e58-8102-396ba968f1ba,2025-11-15,https://www.icicipruamc.com/blob/downloads/Files/Fortnightly%20Portfolio%20Disclosures/2025/Fortnightly%20Debt%20Scheme%20Portfolio%20-%2015th%20November%202025.zip,xlsx,,{},2026-08-20 18:56:20.966368+00:00
6761fac0-b921-48d9-85f4-b7ade9131c24,,portfolio_disclosure,,98066e78-446d-4158-912d-b4978e253dc7,2025-11-15,https://www.icicipruamc.com/blob/downloads/Files/Fortnightly%20Portfolio%20Disclosures/2025/Fortnightly%20Debt%20Scheme%20Portfolio%20-%2015th%20November%202025.zip,xlsx,,{},2026-08-20 18:56:20.966368+00:00
0aaa3ea0-d71e-46f4-b3fd-a9c793958014,,portfolio_disclosure,,26c2b3d7-2605-4d94-b305-1f1fd1ee2e2a,2025-11-15,https://www.icicipruamc.com/blob/downloads/Files/Fortnightly%20Portfolio%20Disclosures/2025/Fortnightly%20Debt%20Scheme%20Portfolio%20-%2015th%20November%202025.zip,xlsx,,{},2026-08-20 18:56:20.966368+00:00
22ba8095-7f92-450f-a58d-8531ba3824f2,5c4f1aa7-1ea6-4a33-9678-831ccfd6a891,portfolio_disclosure,,375378d3-7e30-4ab5-87da-0dbd54bf8388,2026-07-31,https://www.icicipruamc.com/blob/downloads/Files/Fortnightly%20Portfolio%20Disclosures/2026/Fortnightly%20Debt%20Scheme%20Portfolio%20-%2031st%20July%202026.zip,xlsx,,{},2026-08-20 18:27:34.254386+00:00
5b850f69-2e28-457a-9373-a0637d5242ad,5c4f1aa7-1ea6-4a33-9678-831ccfd6a891,portfolio_disclosure,,20e22757-6a93-4e58-8102-396ba968f1ba,2026-07-31,https://www.icicipruamc.com/blob/downloads/Files/Fortnightly%20Portfolio%20Disclosures/2026/Fortnightly%20Debt%20Scheme%20Portfolio%20-%2031st%20July%202026.zip,xlsx,,{},2026-08-20 18:27:34.254386+00:00
cd31a749-c0e5-4d54-9c6f-918288879113,5c4f1aa7-1ea6-4a33-9678-831ccfd6a891,portfolio_disclosure,,98066e78-446d-4158-912d-b4978e253dc7,2026-07-31,https://www.icicipruamc.com/blob/downloads/Files/Fortnightly%20Portfolio%20Disclosures/2026/Fortnightly%20Debt%20Scheme%20Portfolio%20-%2031st%20July%202026.zip,xlsx,,{},2026-08-20 18:27:34.254386+00:00
47426336-fd5a-4ddc-8648-df5c7408b582,5c4f1aa7-1ea6-4a33-9678-831ccfd6a891,portfolio_disclosure,,56c7a4bb-eb51-49cc-b39c-f0641d5d748e,2026-07-31,https://www.icicipruamc.com/blob/downloads/Files/Fortnightly%20Portfolio%20Disclosures/2026/Fortnightly%20Debt%20Scheme%20Portfolio%20-%2031st%20July%202026.zip,xlsx,,{},2026-08-20 18:27:34.254386+00:00
d3f7ead2-22b5-4cb0-8984-05ff1853051e,5c4f1aa7-1ea6-4a33-9678-831ccfd6a891,portfolio_disclosure,,b68a3748-3e94-4b91-99e3-80c273548326,2026-07-31,https://www.icicipruamc.com/blob/downloads/Files/Fortnightly%20Portfolio%20Disclosures/2026/Fortnightly%20Debt%20Scheme%20Portfolio%20-%2031st%20July%202026.zip,xlsx,,{},2026-08-20 18:27:34.254386+00:00
7bd2fd9d-51bb-4361-89f1-437fcb8988b1,5c4f1aa7-1ea6-4a33-9678-831ccfd6a891,portfolio_disclosure,,965baf1f-07d2-44f6-9730-bbcfbc0f8ddb,2026-07-31,https://www.icicipruamc.com/blob/downloads/Files/Fortnightly%20Portfolio%20Disclosures/2026/Fortnightly%20Debt%20Scheme%20Portfolio%20-%2031st%20July%202026.zip,xlsx,,{},2026-08-20 18:27:34.254386+00:00
ffd007b7-4222-4134-b226-49611f33340f,,portfolio_disclosure,,e26a0e39-ae1a-4875-8429-3f73c5109441,2026-03-31,https://www.icicipruamc.com/blob/downloads/Files/Fortnightly%20Portfolio%20Disclosures/2026/Fortnightly%20Debt%20Scheme%20Portfolio%20-%2031st%20March%202026.zip,xlsx,,{},2026-08-20 18:28:31.456959+00:00
c44b5aec-f946-4907-b9ea-25a3e4721445,,portfolio_disclosure,,148fda89-05a6-4d1d-bad1-a16ea5a774a7,2026-03-31,https://www.icicipruamc.com/blob/downloads/Files/Fortnightly%20Portfolio%20Disclosures/2026/Fortnightly%20Debt%20Scheme%20Portfolio%20-%2031st%20March%202026.zip,xlsx,,{},2026-08-20 18:28:31.456959+00:00
ceaa2cb2-c57a-405e-a048-41d713fa8931,,portfolio_disclosure,,375378d3-7e30-4ab5-87da-0dbd54bf8388,2026-03-31,https://www.icicipruamc.com/blob/downloads/Files/Fortnightly%20Portfolio%20Disclosures/2026/Fortnightly%20Debt%20Scheme%20Portfolio%20-%2031st%20March%202026.zip,xlsx,,{},2026-08-20 18:28:31.456959+00:00
8ef52a9c-77f1-454b-bde9-6b98e0cf13cc,,portfolio_disclosure,,63e0372c-6dd1-4f45-8dde-5c7017fe5d76,2025-12-15,https://www.icicipruamc.com/blob/downloads/Files/Fortnightly%20Portfolio%20Disclosures/2025/Fortnightly%20Debt%20Scheme%20Portfolio%20-%2015th%20December%202025.zip,xlsx,,{},2026-08-20 18:56:03.840190+00:00
e350869d-48da-4789-ac44-60436d7e1878,,portfolio_disclosure,,dbb80926-5e14-4d67-afcb-1a0ff44a202a,2025-12-15,https://www.icicipruamc.com/blob/downloads/Files/Fortnightly%20Portfolio%20Disclosures/2025/Fortnightly%20Debt%20Scheme%20Portfolio%20-%2015th%20December%202025.zip,xlsx,,{},2026-08-20 18:56:03.840190+00:00
d918a2f6-2430-4e1f-94d2-85039b61464c,,portfolio_disclosure,,c31725e1-a968-4aff-b6ee-ec22399e1545,2025-12-15,https://www.icicipruamc.com/blob/downloads/Files/Fortnightly%20Portfolio%20Disclosures/2025/Fortnightly%20Debt%20Scheme%20Portfolio%20-%2015th%20December%202025.zip,xlsx,,{},2026-08-20 18:56:03.840190+00:00
af9eeb65-48d0-4738-ad15-493318744a28,,portfolio_disclosure,,622ebaa0-c98a-4bdf-86fa-8f6caca4f48f,2025-12-15,https://www.icicipruamc.com/blob/downloads/Files/Fortnightly%20Portfolio%20Disclosures/2025/Fortnightly%20Debt%20Scheme%20Portfolio%20-%2015th%20December%202025.zip,xlsx,,{},2026-08-20 18:56:03.840190+00:00
eb9e9746-6aed-486d-9bf5-ad4e3bd02b87,,portfolio_disclosure,,d40c7d98-358f-4511-8875-0d598556dba5,2025-12-15,https://www.icicipruamc.com/blob/downloads/Files/Fortnightly%20Portfolio%20Disclosures/2025/Fortnightly%20Debt%20Scheme%20Portfolio%20-%2015th%20December%202025.zip,xlsx,,{},2026-08-20 18:56:03.840190+00:00
af864ec6-5686-41c9-bcf4-b33dc6ae66ea,,portfolio_disclosure,,3912b974-ea04-47af-b408-177699089230,2025-11-15,https://www.icicipruamc.com/blob/downloads/Files/Fortnightly%20Portfolio%20Disclosures/2025/Fortnightly%20Debt%20Scheme%20Portfolio%20-%2015th%20November%202025.zip,xlsx,,{},2026-08-20 18:56:20.966368+00:00
5ed369e4-3cad-4cb5-ba03-7e9b935edd2e,,portfolio_disclosure,,3afd40d6-ebdb-41dd-9f3d-8e9913c30c81,2025-11-15,https://www.icicipruamc.com/blob/downloads/Files/Fortnightly%20Portfolio%20Disclosures/2025/Fortnightly%20Debt%20Scheme%20Portfolio%20-%2015th%20November%202025.zip,xlsx,,{},2026-08-20 18:56:20.966368+00:00
70c2df1b-8975-411f-ba7b-ce93752ea5ab,,portfolio_disclosure,,047e718c-b972-47f8-9513-91b87c5cabef,2025-11-15,https://www.icicipruamc.com/blob/downloads/Files/Fortnightly%20Portfolio%20Disclosures/2025/Fortnightly%20Debt%20Scheme%20Portfolio%20-%2015th%20November%202025.zip,xlsx,,{},2026-08-20 18:56:20.966368+00:00
d0ce6504-9ec1-49a6-a858-5e47183001c6,,portfolio_disclosure,,c31725e1-a968-4aff-b6ee-ec22399e1545,2025-11-15,https://www.icicipruamc.com/blob/downloads/Files/Fortnightly%20Portfolio%20Disclosures/2025/Fortnightly%20Debt%20Scheme%20Portfolio%20-%2015th%20November%202025.zip,xlsx,,{},2026-08-20 18:56:20.966368+00:00
a69b538d-a8d9-402d-bc4d-3f9109a853dc,,portfolio_disclosure,,622ebaa0-c98a-4bdf-86fa-8f6caca4f48f,2025-11-15,https://www.icicipruamc.com/blob/downloads/Files/Fortnightly%20Portfolio%20Disclosures/2025/Fortnightly%20Debt%20Scheme%20Portfolio%20-%2015th%20November%202025.zip,xlsx,,{},2026-08-20 18:56:20.966368+00:00
1c017494-088f-4f09-9580-8559e606c351,,portfolio_disclosure,,3cbcddd7-1ee6-44b6-87bc-80878ccbed57,2025-10-31,https://www.icicipruamc.com/blob/downloads/Files/Fortnightly%20Portfolio%20Disclosures/2025/Fortnightly%20Debt%20Scheme%20Portfolio%20-%2031st%20October%202025.zip,xlsx,,{},2026-08-20 18:56:29.884496+00:00
40f6dfd3-ab77-4a9e-80cf-4935dfbd99ac,,portfolio_disclosure,,3912b974-ea04-47af-b408-177699089230,2025-10-31,https://www.icicipruamc.com/blob/downloads/Files/Fortnightly%20Portfolio%20Disclosures/2025/Fortnightly%20Debt%20Scheme%20Portfolio%20-%2031st%20October%202025.zip,xlsx,,{},2026-08-20 18:56:29.884496+00:00
56e5206a-56ab-421a-bdb8-693816c968bb,,portfolio_disclosure,,3afd40d6-ebdb-41dd-9f3d-8e9913c30c81,2025-10-31,https://www.icicipruamc.com/blob/downloads/Files/Fortnightly%20Portfolio%20Disclosures/2025/Fortnightly%20Debt%20Scheme%20Portfolio%20-%2031st%20October%202025.zip,xlsx,,{},2026-08-20 18:56:29.884496+00:00
92c1cd55-e495-410c-929a-250d650c70d3,,portfolio_disclosure,,047e718c-b972-47f8-9513-91b87c5cabef,2025-10-31,https://www.icicipruamc.com/blob/downloads/Files/Fortnightly%20Portfolio%20Disclosures/2025/Fortnightly%20Debt%20Scheme%20Portfolio%20-%2031st%20October%202025.zip,xlsx,,{},2026-08-20 18:56:29.884496+00:00
55014c40-75a2-4597-b09a-1eed794fb71c,,portfolio_disclosure,,bd87bcf7-b74d-4dab-a361-5588faa94e8e,2025-10-31,https://www.icicipruamc.com/blob/downloads/Files/Fortnightly%20Portfolio%20Disclosures/2025/Fortnightly%20Debt%20Scheme%20Portfolio%20-%2031st%20October%202025.zip,xlsx,,{},2026-08-20 18:56:29.884496+00:00
cd6882bd-2351-4498-9625-0696f46b8a87,,portfolio_disclosure,,a8a76a2e-8f67-49e4-aeb1-7366d2a7b1f7,2025-10-31,https://www.icicipruamc.com/blob/downloads/Files/Fortnightly%20Portfolio%20Disclosures/2025/Fortnightly%20Debt%20Scheme%20Portfolio%20-%2031st%20October%202025.zip,xlsx,,{},2026-08-20 18:56:29.884496+00:00
3f872d34-27f1-49c5-a6cc-ad7e14d2a70f,537e6e12-20b3-486c-bf22-5775d59b5bda,portfolio_disclosure,,9f75a983-484e-45e0-9905-bf47dbfc8900,2025-09-30,https://www.dspim.com/media/pages/mandatory-disclosures/portfolio-disclosures/094df8a29c-1759679519/dsp-isin-debt-portfolio-as-on-30-sep-2025.xlsx,xlsx,,{},2026-08-21 21:54:14.891802+00:00
d7e1d082-c58e-44d1-9fb8-3b5c1094057e,537e6e12-20b3-486c-bf22-5775d59b5bda,portfolio_disclosure,,b3236eec-7dcc-4192-8025-4d413fbde918,2025-09-30,https://www.dspim.com/media/pages/mandatory-disclosures/portfolio-disclosures/094df8a29c-1759679519/dsp-isin-debt-portfolio-as-on-30-sep-2025.xlsx,xlsx,,{},2026-08-21 21:54:14.891802+00:00
ebc7ada9-08d3-42e0-b7eb-47153d5b1d88,537e6e12-20b3-486c-bf22-5775d59b5bda,portfolio_disclosure,,e0a672f6-40f3-453f-ab57-9c3633fa4d5a,2025-09-30,https://www.dspim.com/media/pages/mandatory-disclosures/portfolio-disclosures/094df8a29c-1759679519/dsp-isin-debt-portfolio-as-on-30-sep-2025.xlsx,xlsx,,{},2026-08-21 21:54:14.891802+00:00
a8eab7a1-b3ac-49ea-a84d-9f71246fea8a,537e6e12-20b3-486c-bf22-5775d59b5bda,portfolio_disclosure,,f3839e55-9dd9-4e5a-815f-b9125c1200e8,2025-09-30,https://www.dspim.com/media/pages/mandatory-disclosures/portfolio-disclosures/094df8a29c-1759679519/dsp-isin-debt-portfolio-as-on-30-sep-2025.xlsx,xlsx,,{},2026-08-21 21:54:14.891802+00:00
20c7e8cd-abc5-4bf3-a140-d98feeb35fe7,537e6e12-20b3-486c-bf22-5775d59b5bda,portfolio_disclosure,,d3054566-387e-4c09-ae37-8f6734e2b928,2025-09-30,https://www.dspim.com/media/pages/mandatory-disclosures/portfolio-disclosures/094df8a29c-1759679519/dsp-isin-debt-portfolio-as-on-30-sep-2025.xlsx,xlsx,,{},2026-08-21 21:54:14.891802+00:00
c8fbce23-41aa-42f7-a009-bc0770c4b5f0,,portfolio_disclosure,,56c7a4bb-eb51-49cc-b39c-f0641d5d748e,2025-10-31,https://www.icicipruamc.com/blob/downloads/Files/Fortnightly%20Portfolio%20Disclosures/2025/Fortnightly%20Debt%20Scheme%20Portfolio%20-%2031st%20October%202025.zip,xlsx,,{},2026-08-20 18:56:29.884496+00:00
6e384c2c-e1cc-4fa1-b3f9-90ba3e1c4714,,portfolio_disclosure,,b68a3748-3e94-4b91-99e3-80c273548326,2025-10-31,https://www.icicipruamc.com/blob/downloads/Files/Fortnightly%20Portfolio%20Disclosures/2025/Fortnightly%20Debt%20Scheme%20Portfolio%20-%2031st%20October%202025.zip,xlsx,,{},2026-08-20 18:56:29.884496+00:00
eb063747-5137-4e97-a88d-035aa1b2491e,,portfolio_disclosure,,965baf1f-07d2-44f6-9730-bbcfbc0f8ddb,2025-10-31,https://www.icicipruamc.com/blob/downloads/Files/Fortnightly%20Portfolio%20Disclosures/2025/Fortnightly%20Debt%20Scheme%20Portfolio%20-%2031st%20October%202025.zip,xlsx,,{},2026-08-20 18:56:29.884496+00:00
826eea76-c11d-4a2e-ab4c-8590796255ac,85ab84f7-da0c-414f-8f21-d760b845d0c1,portfolio_disclosure,,d8edc81e-2fad-46a1-9146-8b6b50825cf9,2026-06-30,https://www.icicipruamc.com/blob/downloads/Files/Fortnightly%20Portfolio%20Disclosures/2026/Fortnightly%20Debt%20Scheme%20Portfolio%20-%2030th%20June%202026.zip,xlsx,,{},2026-08-20 18:27:48.142150+00:00
d49bb526-087f-4d7a-8a56-92bd67e62126,85ab84f7-da0c-414f-8f21-d760b845d0c1,portfolio_disclosure,,aa5cecc8-e924-4c4c-81b7-3fb389e01179,2026-06-30,https://www.icicipruamc.com/blob/downloads/Files/Fortnightly%20Portfolio%20Disclosures/2026/Fortnightly%20Debt%20Scheme%20Portfolio%20-%2030th%20June%202026.zip,xlsx,,{},2026-08-20 18:27:48.142150+00:00
c71a583f-084c-458f-8e4c-2948217c264d,85ab84f7-da0c-414f-8f21-d760b845d0c1,portfolio_disclosure,,b07f8708-4204-4414-a941-295f966896d7,2026-06-30,https://www.icicipruamc.com/blob/downloads/Files/Fortnightly%20Portfolio%20Disclosures/2026/Fortnightly%20Debt%20Scheme%20Portfolio%20-%2030th%20June%202026.zip,xlsx,,{},2026-08-20 18:27:48.142150+00:00
bfb16dd4-21be-43c6-ba41-4f026b5934c4,,portfolio_disclosure,,d8edc81e-2fad-46a1-9146-8b6b50825cf9,2025-10-31,https://www.icicipruamc.com/blob/downloads/Files/Fortnightly%20Portfolio%20Disclosures/2025/Fortnightly%20Debt%20Scheme%20Portfolio%20-%2031st%20October%202025.zip,xlsx,,{},2026-08-20 18:56:29.884496+00:00
554392a6-fc8d-4560-8f8a-0b9684c36216,,portfolio_disclosure,,53124c6a-8134-4ae7-a1c4-7f431cd78c02,2025-12-15,https://www.icicipruamc.com/blob/downloads/Files/Fortnightly%20Portfolio%20Disclosures/2025/Fortnightly%20Debt%20Scheme%20Portfolio%20-%2015th%20December%202025.zip,xlsx,,{},2026-08-20 18:56:03.840190+00:00
3e124e96-50d8-49ac-b8c0-74c2f6544074,,portfolio_disclosure,,ee48130b-8fca-4ed0-afd2-00a220026270,2025-12-15,https://www.icicipruamc.com/blob/downloads/Files/Fortnightly%20Portfolio%20Disclosures/2025/Fortnightly%20Debt%20Scheme%20Portfolio%20-%2015th%20December%202025.zip,xlsx,,{},2026-08-20 18:56:03.840190+00:00
23c196a9-4526-422c-af6c-3fbb85cee8fc,,portfolio_disclosure,,a61ed046-fa42-4c77-b058-189a2d78ff97,2025-12-15,https://www.icicipruamc.com/blob/downloads/Files/Fortnightly%20Portfolio%20Disclosures/2025/Fortnightly%20Debt%20Scheme%20Portfolio%20-%2015th%20December%202025.zip,xlsx,,{},2026-08-20 18:56:03.840190+00:00
81c0a295-f45e-4c47-abfd-63e320979a94,,portfolio_disclosure,,c66d488f-708e-4be7-920b-e553973ff0c3,2025-12-15,https://www.icicipruamc.com/blob/downloads/Files/Fortnightly%20Portfolio%20Disclosures/2025/Fortnightly%20Debt%20Scheme%20Portfolio%20-%2015th%20December%202025.zip,xlsx,,{},2026-08-20 18:56:03.840190+00:00
9cdd340e-42af-4ceb-ade7-bfeb5aa5a357,,portfolio_disclosure,,fad97361-7dd4-49f1-9ac6-804f4baec973,2025-12-15,https://www.icicipruamc.com/blob/downloads/Files/Fortnightly%20Portfolio%20Disclosures/2025/Fortnightly%20Debt%20Scheme%20Portfolio%20-%2015th%20December%202025.zip,xlsx,,{},2026-08-20 18:56:03.840190+00:00
e9926b56-d38f-444b-869e-4f7eff02ffb3,,portfolio_disclosure,,e26a0e39-ae1a-4875-8429-3f73c5109441,2025-12-15,https://www.icicipruamc.com/blob/downloads/Files/Fortnightly%20Portfolio%20Disclosures/2025/Fortnightly%20Debt%20Scheme%20Portfolio%20-%2015th%20December%202025.zip,xlsx,,{},2026-08-20 18:56:03.840190+00:00
37c97b3e-abaa-444a-aa27-9b4e6123d765,,portfolio_disclosure,,148fda89-05a6-4d1d-bad1-a16ea5a774a7,2025-12-15,https://www.icicipruamc.com/blob/downloads/Files/Fortnightly%20Portfolio%20Disclosures/2025/Fortnightly%20Debt%20Scheme%20Portfolio%20-%2015th%20December%202025.zip,xlsx,,{},2026-08-20 18:56:03.840190+00:00
ee349bb5-a157-4209-9983-a7a5bbd1832d,,portfolio_disclosure,,a61ed046-fa42-4c77-b058-189a2d78ff97,2025-11-15,https://www.icicipruamc.com/blob/downloads/Files/Fortnightly%20Portfolio%20Disclosures/2025/Fortnightly%20Debt%20Scheme%20Portfolio%20-%2015th%20November%202025.zip,xlsx,,{},2026-08-20 18:56:20.966368+00:00
99632880-894b-4a17-be92-90289cbf733a,,portfolio_disclosure,,c66d488f-708e-4be7-920b-e553973ff0c3,2025-11-15,https://www.icicipruamc.com/blob/downloads/Files/Fortnightly%20Portfolio%20Disclosures/2025/Fortnightly%20Debt%20Scheme%20Portfolio%20-%2015th%20November%202025.zip,xlsx,,{},2026-08-20 18:56:20.966368+00:00
42d98895-bd46-4296-98d1-3d97cecbb2d2,,portfolio_disclosure,,fad97361-7dd4-49f1-9ac6-804f4baec973,2025-11-15,https://www.icicipruamc.com/blob/downloads/Files/Fortnightly%20Portfolio%20Disclosures/2025/Fortnightly%20Debt%20Scheme%20Portfolio%20-%2015th%20November%202025.zip,xlsx,,{},2026-08-20 18:56:20.966368+00:00
061b7be0-70e6-4571-b8a2-836f6a98679f,537e6e12-20b3-486c-bf22-5775d59b5bda,portfolio_disclosure,,6bf4afad-27c9-430a-9ddf-7f738f44369d,2025-09-30,https://www.dspim.com/media/pages/mandatory-disclosures/portfolio-disclosures/094df8a29c-1759679519/dsp-isin-debt-portfolio-as-on-30-sep-2025.xlsx,xlsx,,{},2026-08-21 21:54:14.891802+00:00
ff820785-42a8-4aa7-9f0f-afb74243fc26,537e6e12-20b3-486c-bf22-5775d59b5bda,portfolio_disclosure,,9c2c7293-3cb9-4dde-b834-220990d0fc56,2025-09-30,https://www.dspim.com/media/pages/mandatory-disclosures/portfolio-disclosures/094df8a29c-1759679519/dsp-isin-debt-portfolio-as-on-30-sep-2025.xlsx,xlsx,,{},2026-08-21 21:54:14.891802+00:00
ceca64bf-fc11-4888-a04c-2566c1abc342,9d170cca-d318-499a-95b8-4986d052b13f,portfolio_disclosure,,1aafd1b9-116f-4ef0-8b36-56675437f027,2026-07-31,https://www.miraeassetmf.co.in/docs/default-source/portfolios/maff-july2026.xlsx,xlsx,,{},2026-08-20 18:24:42.325176+00:00
f6e082d3-742e-4074-9c37-108818b2880e,2876b556-e4f7-406b-b185-59826f70e72c,portfolio_disclosure,,c31725e1-a968-4aff-b6ee-ec22399e1545,2026-08-15,https://www.invescomutualfund.com/docs/default-source/fortnightly-holdings/overnight-fundf03ffe07eee8616aaa28ff00007d74af.xlsx?sfvrsn=fbd79fc2_0,xlsx,,{},2026-08-21 21:30:39.546150+00:00
ab2901af-0799-4eab-a2b6-4aecc412c915,42fb55c6-1e0f-41c7-9a62-4c03e98d560b,portfolio_disclosure,,06326a46-125d-496c-a9d7-8c6c5f368df6,2026-08-15,https://www.invescomutualfund.com/docs/default-source/fortnightly-holdings/medium-durationaa3ffe07eee8616aaa28ff00007d74af.xlsx?sfvrsn=b5d79fc2_0,xlsx,,{},2026-08-21 21:55:25.579284+00:00
905c673f-d95e-44cf-8f61-a7fa8fc700af,,portfolio_disclosure,,e26a0e39-ae1a-4875-8429-3f73c5109441,2025-11-15,https://www.icicipruamc.com/blob/downloads/Files/Fortnightly%20Portfolio%20Disclosures/2025/Fortnightly%20Debt%20Scheme%20Portfolio%20-%2015th%20November%202025.zip,xlsx,,{},2026-08-20 18:56:20.966368+00:00
1951ebc9-92c8-4f78-96ed-8bfd77a73ffb,,portfolio_disclosure,,148fda89-05a6-4d1d-bad1-a16ea5a774a7,2025-11-15,https://www.icicipruamc.com/blob/downloads/Files/Fortnightly%20Portfolio%20Disclosures/2025/Fortnightly%20Debt%20Scheme%20Portfolio%20-%2015th%20November%202025.zip,xlsx,,{},2026-08-20 18:56:20.966368+00:00
5f4eeaca-2a3d-4292-b336-2f46d30b0192,,portfolio_disclosure,,375378d3-7e30-4ab5-87da-0dbd54bf8388,2025-11-15,https://www.icicipruamc.com/blob/downloads/Files/Fortnightly%20Portfolio%20Disclosures/2025/Fortnightly%20Debt%20Scheme%20Portfolio%20-%2015th%20November%202025.zip,xlsx,,{},2026-08-20 18:56:20.966368+00:00
684b106c-c2d5-4e73-b756-da4bcc6c7637,,portfolio_disclosure,,aa5cecc8-e924-4c4c-81b7-3fb389e01179,2025-10-31,https://www.icicipruamc.com/blob/downloads/Files/Fortnightly%20Portfolio%20Disclosures/2025/Fortnightly%20Debt%20Scheme%20Portfolio%20-%2031st%20October%202025.zip,xlsx,,{},2026-08-20 18:56:29.884496+00:00
9fb31471-c800-41b2-b1ca-c01a0de3456c,,portfolio_disclosure,,b07f8708-4204-4414-a941-295f966896d7,2025-10-31,https://www.icicipruamc.com/blob/downloads/Files/Fortnightly%20Portfolio%20Disclosures/2025/Fortnightly%20Debt%20Scheme%20Portfolio%20-%2031st%20October%202025.zip,xlsx,,{},2026-08-20 18:56:29.884496+00:00
06990cab-5ff7-4f4a-89c1-ef7e212221a5,,portfolio_disclosure,,4925effe-8563-4ee5-8c7c-71d0f96b9433,2025-10-31,https://www.icicipruamc.com/blob/downloads/Files/Fortnightly%20Portfolio%20Disclosures/2025/Fortnightly%20Debt%20Scheme%20Portfolio%20-%2031st%20October%202025.zip,xlsx,,{},2026-08-20 18:56:29.884496+00:00
4f14b144-74e3-4bd2-9392-fd11689d5186,,portfolio_disclosure,,9daff2f0-95a8-40f0-9f0d-a3ec3abc3e14,2025-10-31,https://www.icicipruamc.com/blob/downloads/Files/Fortnightly%20Portfolio%20Disclosures/2025/Fortnightly%20Debt%20Scheme%20Portfolio%20-%2031st%20October%202025.zip,xlsx,,{},2026-08-20 18:56:29.884496+00:00
60d65f07-bce2-45cc-800e-53529af76b47,,portfolio_disclosure,,c7b7d6fe-e23f-4b85-9771-5800ccc1ea98,2025-10-31,https://www.icicipruamc.com/blob/downloads/Files/Fortnightly%20Portfolio%20Disclosures/2025/Fortnightly%20Debt%20Scheme%20Portfolio%20-%2031st%20October%202025.zip,xlsx,,{},2026-08-20 18:56:29.884496+00:00
efef26d7-a8c1-43ea-a639-d9c594b484ae,,portfolio_disclosure,,d38c0aa5-ac53-4d03-b799-3e3835297750,2025-10-31,https://www.icicipruamc.com/blob/downloads/Files/Fortnightly%20Portfolio%20Disclosures/2025/Fortnightly%20Debt%20Scheme%20Portfolio%20-%2031st%20October%202025.zip,xlsx,,{},2026-08-20 18:56:29.884496+00:00
d3f4b194-b2bc-4870-b946-317b942a4462,,portfolio_disclosure,,63e0372c-6dd1-4f45-8dde-5c7017fe5d76,2025-10-31,https://www.icicipruamc.com/blob/downloads/Files/Fortnightly%20Portfolio%20Disclosures/2025/Fortnightly%20Debt%20Scheme%20Portfolio%20-%2031st%20October%202025.zip,xlsx,,{},2026-08-20 18:56:29.884496+00:00
12b8349f-d0c7-44e9-b751-6b10d2dae36e,,portfolio_disclosure,,dbb80926-5e14-4d67-afcb-1a0ff44a202a,2025-10-31,https://www.icicipruamc.com/blob/downloads/Files/Fortnightly%20Portfolio%20Disclosures/2025/Fortnightly%20Debt%20Scheme%20Portfolio%20-%2031st%20October%202025.zip,xlsx,,{},2026-08-20 18:56:29.884496+00:00
a91b2d70-a422-4e20-88d5-f64601d0fae1,,portfolio_disclosure,,c31725e1-a968-4aff-b6ee-ec22399e1545,2025-10-31,https://www.icicipruamc.com/blob/downloads/Files/Fortnightly%20Portfolio%20Disclosures/2025/Fortnightly%20Debt%20Scheme%20Portfolio%20-%2031st%20October%202025.zip,xlsx,,{},2026-08-20 18:56:29.884496+00:00
c93faaff-6976-4206-93fc-82984f06db3c,,portfolio_disclosure,,56c7a4bb-eb51-49cc-b39c-f0641d5d748e,2025-11-30,https://www.icicipruamc.com/blob/downloads/Files/Fortnightly%20Portfolio%20Disclosures/2025/Fortnightly%20Debt%20Scheme%20Portfolio%20-%2030th%20November%202025.zip,xlsx,,{},2026-08-20 18:56:12.302251+00:00
c1686662-a964-4802-ab7d-d2ffcfb828a5,,portfolio_disclosure,,b68a3748-3e94-4b91-99e3-80c273548326,2025-11-30,https://www.icicipruamc.com/blob/downloads/Files/Fortnightly%20Portfolio%20Disclosures/2025/Fortnightly%20Debt%20Scheme%20Portfolio%20-%2030th%20November%202025.zip,xlsx,,{},2026-08-20 18:56:12.302251+00:00
4289e970-e71a-47d2-8cce-075c8a3f2cb3,,portfolio_disclosure,,965baf1f-07d2-44f6-9730-bbcfbc0f8ddb,2025-11-30,https://www.icicipruamc.com/blob/downloads/Files/Fortnightly%20Portfolio%20Disclosures/2025/Fortnightly%20Debt%20Scheme%20Portfolio%20-%2030th%20November%202025.zip,xlsx,,{},2026-08-20 18:56:12.302251+00:00
2a9f7b7c-ffc2-46ed-85c4-88979444e2ae,,portfolio_disclosure,,d8edc81e-2fad-46a1-9146-8b6b50825cf9,2025-11-30,https://www.icicipruamc.com/blob/downloads/Files/Fortnightly%20Portfolio%20Disclosures/2025/Fortnightly%20Debt%20Scheme%20Portfolio%20-%2030th%20November%202025.zip,xlsx,,{},2026-08-20 18:56:12.302251+00:00
06db3fbf-3178-4364-af85-20cb386bc14d,,portfolio_disclosure,,aa5cecc8-e924-4c4c-81b7-3fb389e01179,2025-11-30,https://www.icicipruamc.com/blob/downloads/Files/Fortnightly%20Portfolio%20Disclosures/2025/Fortnightly%20Debt%20Scheme%20Portfolio%20-%2030th%20November%202025.zip,xlsx,,{},2026-08-20 18:56:12.302251+00:00
a90fe864-f792-4fa4-a89c-fa5bb8d703f9,,portfolio_disclosure,,b07f8708-4204-4414-a941-295f966896d7,2025-11-30,https://www.icicipruamc.com/blob/downloads/Files/Fortnightly%20Portfolio%20Disclosures/2025/Fortnightly%20Debt%20Scheme%20Portfolio%20-%2030th%20November%202025.zip,xlsx,,{},2026-08-20 18:56:12.302251+00:00
de4e7913-cd0d-4f05-9d7c-f417ff1df870,,portfolio_disclosure,,4925effe-8563-4ee5-8c7c-71d0f96b9433,2025-11-30,https://www.icicipruamc.com/blob/downloads/Files/Fortnightly%20Portfolio%20Disclosures/2025/Fortnightly%20Debt%20Scheme%20Portfolio%20-%2030th%20November%202025.zip,xlsx,,{},2026-08-20 18:56:12.302251+00:00
3f30c43c-bc77-480a-8f73-acc6dc4ff9d5,,portfolio_disclosure,,9daff2f0-95a8-40f0-9f0d-a3ec3abc3e14,2025-11-30,https://www.icicipruamc.com/blob/downloads/Files/Fortnightly%20Portfolio%20Disclosures/2025/Fortnightly%20Debt%20Scheme%20Portfolio%20-%2030th%20November%202025.zip,xlsx,,{},2026-08-20 18:56:12.302251+00:00
2c28f4f9-263c-4013-a947-8923dceccadd,,portfolio_disclosure,,c7b7d6fe-e23f-4b85-9771-5800ccc1ea98,2025-11-30,https://www.icicipruamc.com/blob/downloads/Files/Fortnightly%20Portfolio%20Disclosures/2025/Fortnightly%20Debt%20Scheme%20Portfolio%20-%2030th%20November%202025.zip,xlsx,,{},2026-08-20 18:56:12.302251+00:00
5a860038-50c6-409d-a3fb-e626f3f5e303,,portfolio_disclosure,,d38c0aa5-ac53-4d03-b799-3e3835297750,2025-11-30,https://www.icicipruamc.com/blob/downloads/Files/Fortnightly%20Portfolio%20Disclosures/2025/Fortnightly%20Debt%20Scheme%20Portfolio%20-%2030th%20November%202025.zip,xlsx,,{},2026-08-20 18:56:12.302251+00:00
4b4495f1-d981-4886-806f-b920e6b192ef,,portfolio_disclosure,,63e0372c-6dd1-4f45-8dde-5c7017fe5d76,2025-11-30,https://www.icicipruamc.com/blob/downloads/Files/Fortnightly%20Portfolio%20Disclosures/2025/Fortnightly%20Debt%20Scheme%20Portfolio%20-%2030th%20November%202025.zip,xlsx,,{},2026-08-20 18:56:12.302251+00:00
08bd22e5-be2f-425b-806b-02ebb9763dc9,,portfolio_disclosure,,dbb80926-5e14-4d67-afcb-1a0ff44a202a,2025-11-30,https://www.icicipruamc.com/blob/downloads/Files/Fortnightly%20Portfolio%20Disclosures/2025/Fortnightly%20Debt%20Scheme%20Portfolio%20-%2030th%20November%202025.zip,xlsx,,{},2026-08-20 18:56:12.302251+00:00
76a13a50-d831-4135-96e7-744ba387143a,,portfolio_disclosure,,c31725e1-a968-4aff-b6ee-ec22399e1545,2025-11-30,https://www.icicipruamc.com/blob/downloads/Files/Fortnightly%20Portfolio%20Disclosures/2025/Fortnightly%20Debt%20Scheme%20Portfolio%20-%2030th%20November%202025.zip,xlsx,,{},2026-08-20 18:56:12.302251+00:00
692acda2-6724-48e8-83dc-bfff717f30db,221ffc62-ab80-41ac-b84d-699b931b924d,portfolio_disclosure,,cb2adc87-f833-48d3-aa73-abcadd22379f,2026-02-15,https://transact.axismf.com/cms/sites/default/files/Statutory/Fortnightly%20Portfolio%20-%20Axis%20Retirement%20Fund%20-%20Conservative%20Plan%20-%2015%20Feb%202026.xlsx,xlsx,,{},2026-08-21 20:36:14.257369+00:00
63062d39-4c42-44cb-bd57-862dd0327f7a,0dc6391a-fe97-4ff9-b380-ad8c1e73b289,portfolio_disclosure,,b3e99b5b-4c63-42a7-bd75-a3133ea26625,2026-02-15,https://transact.axismf.com/cms/sites/default/files/Statutory/Fortnightly%20Portfolio%20-%20Axis%20Fixed%20Term%20Plan%20-%20Series%20113%20%201228%20Days%20%20-%2015%20Feb%202026.xlsx,xlsx,,{},2026-08-21 20:36:14.710434+00:00
fa85139a-5c13-4641-8155-606d3346d305,8debac77-b45f-4692-bb2a-b31dd66436ed,portfolio_disclosure,,7eab5f48-0f0f-48f8-87c3-4a9455454708,2024-08-15,https://amc.ppfas.com/downloads/portfolio-disclosure/fortnightly-debt-portfolio-disclosure/2024/PPLF_Fortnightly_Portfolio_Report_15-august-2024.xlsx?18072024,xlsx,,{},2026-08-21 22:09:27.197093+00:00
a429e97d-7850-40bf-b3de-c192fc1b88ec,bc7d8dea-c39b-404d-95db-9711d10c484d,portfolio_disclosure,,38197fff-4221-443a-b134-7d15bd159df7,2026-08-22,https://transact.axismf.com/cms/sites/default/files/Statutory/Fortnightly%20Portfolio%20-%2015-02-2026.xlsx,xlsx,,{},2026-08-21 20:36:15.276744+00:00
a9911c3f-de7e-4d66-beea-8ec9f2de6e7e,bc7d8dea-c39b-404d-95db-9711d10c484d,portfolio_disclosure,,b3e99b5b-4c63-42a7-bd75-a3133ea26625,2026-02-15,https://transact.axismf.com/cms/sites/default/files/Statutory/Fortnightly%20Portfolio%20-%2015-02-2026.xlsx,xlsx,,{},2026-08-21 20:36:15.276744+00:00
488c97c9-a2f5-4e39-8a58-0f1bdc15625b,bc7d8dea-c39b-404d-95db-9711d10c484d,portfolio_disclosure,,c58bf1b0-e924-4ee2-921f-e0b9927065ff,2026-02-15,https://transact.axismf.com/cms/sites/default/files/Statutory/Fortnightly%20Portfolio%20-%2015-02-2026.xlsx,xlsx,,{},2026-08-21 20:36:15.276744+00:00
9dbdc98d-779f-42ca-a318-0f8cff562cee,bc7d8dea-c39b-404d-95db-9711d10c484d,portfolio_disclosure,,b733d4c4-701b-4df7-a6ea-8d6cb67e4e04,2026-02-15,https://transact.axismf.com/cms/sites/default/files/Statutory/Fortnightly%20Portfolio%20-%2015-02-2026.xlsx,xlsx,,{},2026-08-21 20:36:15.276744+00:00
ae26a457-f13a-4e3c-b2f4-91b86c95abe0,bc7d8dea-c39b-404d-95db-9711d10c484d,portfolio_disclosure,,8ea5e11c-a447-4dda-bbbe-0c9be061d5df,2026-02-15,https://transact.axismf.com/cms/sites/default/files/Statutory/Fortnightly%20Portfolio%20-%2015-02-2026.xlsx,xlsx,,{},2026-08-21 20:36:15.276744+00:00
4791c88c-8f5f-48a1-82e1-556c454f67c5,bc7d8dea-c39b-404d-95db-9711d10c484d,portfolio_disclosure,,536c5e64-e6fb-4d31-9df7-ae68a5b3579e,2026-02-15,https://transact.axismf.com/cms/sites/default/files/Statutory/Fortnightly%20Portfolio%20-%2015-02-2026.xlsx,xlsx,,{},2026-08-21 20:36:15.276744+00:00
59d18146-9aaf-4c04-b419-aab830052d56,bc7d8dea-c39b-404d-95db-9711d10c484d,portfolio_disclosure,,04ddd80b-65eb-4f85-a8eb-c6566d2900c3,2026-02-15,https://transact.axismf.com/cms/sites/default/files/Statutory/Fortnightly%20Portfolio%20-%2015-02-2026.xlsx,xlsx,,{},2026-08-21 20:36:15.276744+00:00
9dd30dd6-e8cd-493c-8b1b-57f182f3b015,bc7d8dea-c39b-404d-95db-9711d10c484d,portfolio_disclosure,,95db7fd3-1a34-4a3b-83dc-e94be615c86a,2026-02-15,https://transact.axismf.com/cms/sites/default/files/Statutory/Fortnightly%20Portfolio%20-%2015-02-2026.xlsx,xlsx,,{},2026-08-21 20:36:15.276744+00:00
fc98542f-1744-4e8b-b6b1-72a12c92f1d2,bc7d8dea-c39b-404d-95db-9711d10c484d,portfolio_disclosure,,623ae26c-f6c6-4a5b-8e59-6dc186f8e7f8,2026-02-15,https://transact.axismf.com/cms/sites/default/files/Statutory/Fortnightly%20Portfolio%20-%2015-02-2026.xlsx,xlsx,,{},2026-08-21 20:36:15.276744+00:00
608d624c-4c27-4da0-8dfc-63524f638f29,bc7d8dea-c39b-404d-95db-9711d10c484d,portfolio_disclosure,,fee41312-9175-4637-a20a-33c1975ebac9,2026-02-15,https://transact.axismf.com/cms/sites/default/files/Statutory/Fortnightly%20Portfolio%20-%2015-02-2026.xlsx,xlsx,,{},2026-08-21 20:36:15.276744+00:00
422bf8ed-21b4-409f-a108-766fcbf6b0e3,bc7d8dea-c39b-404d-95db-9711d10c484d,portfolio_disclosure,,f34fa056-5b2e-4047-8cca-0563837d6554,2026-02-15,https://transact.axismf.com/cms/sites/default/files/Statutory/Fortnightly%20Portfolio%20-%2015-02-2026.xlsx,xlsx,,{},2026-08-21 20:36:15.276744+00:00
300ebdc1-2898-41cf-8ea5-d5e2d61ab67b,bc7d8dea-c39b-404d-95db-9711d10c484d,portfolio_disclosure,,fada9c75-944b-433f-b9ea-5465b07a8a39,2026-02-15,https://transact.axismf.com/cms/sites/default/files/Statutory/Fortnightly%20Portfolio%20-%2015-02-2026.xlsx,xlsx,,{},2026-08-21 20:36:15.276744+00:00
ef3d6f59-e841-4d35-b510-292ff722f2c4,bc7d8dea-c39b-404d-95db-9711d10c484d,portfolio_disclosure,,30ef029a-1a4b-473d-b853-c41853801009,2026-02-15,https://transact.axismf.com/cms/sites/default/files/Statutory/Fortnightly%20Portfolio%20-%2015-02-2026.xlsx,xlsx,,{},2026-08-21 20:36:15.276744+00:00
e9ebde62-25ad-4462-b715-5419476dc7cd,bc7d8dea-c39b-404d-95db-9711d10c484d,portfolio_disclosure,,c662c6dd-b13b-4b15-ad86-c5454f900aa3,2026-02-15,https://transact.axismf.com/cms/sites/default/files/Statutory/Fortnightly%20Portfolio%20-%2015-02-2026.xlsx,xlsx,,{},2026-08-21 20:36:15.276744+00:00
5d1e0edb-6cb4-4936-9c47-26b71e3af3bf,,portfolio_disclosure,,d40c7d98-358f-4511-8875-0d598556dba5,2025-11-30,https://www.icicipruamc.com/blob/downloads/Files/Fortnightly%20Portfolio%20Disclosures/2025/Fortnightly%20Debt%20Scheme%20Portfolio%20-%2030th%20November%202025.zip,xlsx,,{},2026-08-20 18:56:12.302251+00:00
e10cc456-c637-4991-80e5-ab013f573157,,portfolio_disclosure,,53124c6a-8134-4ae7-a1c4-7f431cd78c02,2025-11-30,https://www.icicipruamc.com/blob/downloads/Files/Fortnightly%20Portfolio%20Disclosures/2025/Fortnightly%20Debt%20Scheme%20Portfolio%20-%2030th%20November%202025.zip,xlsx,,{},2026-08-20 18:56:12.302251+00:00
99cc1b42-b227-4222-a8a6-6d19cbf47839,,portfolio_disclosure,,ee48130b-8fca-4ed0-afd2-00a220026270,2025-11-30,https://www.icicipruamc.com/blob/downloads/Files/Fortnightly%20Portfolio%20Disclosures/2025/Fortnightly%20Debt%20Scheme%20Portfolio%20-%2030th%20November%202025.zip,xlsx,,{},2026-08-20 18:56:12.302251+00:00
d8579e6e-0d3e-4f77-beff-123454f9b99b,,portfolio_disclosure,,a61ed046-fa42-4c77-b058-189a2d78ff97,2025-11-30,https://www.icicipruamc.com/blob/downloads/Files/Fortnightly%20Portfolio%20Disclosures/2025/Fortnightly%20Debt%20Scheme%20Portfolio%20-%2030th%20November%202025.zip,xlsx,,{},2026-08-20 18:56:12.302251+00:00
b9dae60c-2929-4199-b196-00d8a5303e40,,portfolio_disclosure,,c66d488f-708e-4be7-920b-e553973ff0c3,2025-11-30,https://www.icicipruamc.com/blob/downloads/Files/Fortnightly%20Portfolio%20Disclosures/2025/Fortnightly%20Debt%20Scheme%20Portfolio%20-%2030th%20November%202025.zip,xlsx,,{},2026-08-20 18:56:12.302251+00:00
b5f1315b-f58c-4cbe-b263-258d4786e86d,,portfolio_disclosure,,fad97361-7dd4-49f1-9ac6-804f4baec973,2025-11-30,https://www.icicipruamc.com/blob/downloads/Files/Fortnightly%20Portfolio%20Disclosures/2025/Fortnightly%20Debt%20Scheme%20Portfolio%20-%2030th%20November%202025.zip,xlsx,,{},2026-08-20 18:56:12.302251+00:00
aefbe3b1-16f5-404d-bc5b-9c9cd1ccbd0a,,portfolio_disclosure,,e26a0e39-ae1a-4875-8429-3f73c5109441,2025-11-30,https://www.icicipruamc.com/blob/downloads/Files/Fortnightly%20Portfolio%20Disclosures/2025/Fortnightly%20Debt%20Scheme%20Portfolio%20-%2030th%20November%202025.zip,xlsx,,{},2026-08-20 18:56:12.302251+00:00
14cd1953-86c9-4487-ab3b-cd6f66242131,,portfolio_disclosure,,148fda89-05a6-4d1d-bad1-a16ea5a774a7,2025-11-30,https://www.icicipruamc.com/blob/downloads/Files/Fortnightly%20Portfolio%20Disclosures/2025/Fortnightly%20Debt%20Scheme%20Portfolio%20-%2030th%20November%202025.zip,xlsx,,{},2026-08-20 18:56:12.302251+00:00
6a67b993-45eb-4966-8fc5-1a92c727de87,,portfolio_disclosure,,bd87bcf7-b74d-4dab-a361-5588faa94e8e,2025-11-15,https://www.icicipruamc.com/blob/downloads/Files/Fortnightly%20Portfolio%20Disclosures/2025/Fortnightly%20Debt%20Scheme%20Portfolio%20-%2015th%20November%202025.zip,xlsx,,{},2026-08-20 18:56:20.966368+00:00
2f18c7f2-6177-4210-9139-97e2deeb9030,,portfolio_disclosure,,a8a76a2e-8f67-49e4-aeb1-7366d2a7b1f7,2025-11-15,https://www.icicipruamc.com/blob/downloads/Files/Fortnightly%20Portfolio%20Disclosures/2025/Fortnightly%20Debt%20Scheme%20Portfolio%20-%2015th%20November%202025.zip,xlsx,,{},2026-08-20 18:56:20.966368+00:00
8e06d6d1-2e20-4a88-8e5b-fdb3ed0a4f29,,portfolio_disclosure,,56c7a4bb-eb51-49cc-b39c-f0641d5d748e,2025-11-15,https://www.icicipruamc.com/blob/downloads/Files/Fortnightly%20Portfolio%20Disclosures/2025/Fortnightly%20Debt%20Scheme%20Portfolio%20-%2015th%20November%202025.zip,xlsx,,{},2026-08-20 18:56:20.966368+00:00
95c2267e-3bef-4d02-8f56-059437f75e8f,,portfolio_disclosure,,b68a3748-3e94-4b91-99e3-80c273548326,2025-11-15,https://www.icicipruamc.com/blob/downloads/Files/Fortnightly%20Portfolio%20Disclosures/2025/Fortnightly%20Debt%20Scheme%20Portfolio%20-%2015th%20November%202025.zip,xlsx,,{},2026-08-20 18:56:20.966368+00:00
b1980fd9-c454-42dc-89a4-b5ef54f45c12,,portfolio_disclosure,,622ebaa0-c98a-4bdf-86fa-8f6caca4f48f,2025-10-31,https://www.icicipruamc.com/blob/downloads/Files/Fortnightly%20Portfolio%20Disclosures/2025/Fortnightly%20Debt%20Scheme%20Portfolio%20-%2031st%20October%202025.zip,xlsx,,{},2026-08-20 18:56:29.884496+00:00
805c3f60-7393-416a-8173-d875600dacba,,portfolio_disclosure,,d40c7d98-358f-4511-8875-0d598556dba5,2025-10-31,https://www.icicipruamc.com/blob/downloads/Files/Fortnightly%20Portfolio%20Disclosures/2025/Fortnightly%20Debt%20Scheme%20Portfolio%20-%2031st%20October%202025.zip,xlsx,,{},2026-08-20 18:56:29.884496+00:00
67918259-290c-4c65-a144-e0022a8be35a,,portfolio_disclosure,,53124c6a-8134-4ae7-a1c4-7f431cd78c02,2025-10-31,https://www.icicipruamc.com/blob/downloads/Files/Fortnightly%20Portfolio%20Disclosures/2025/Fortnightly%20Debt%20Scheme%20Portfolio%20-%2031st%20October%202025.zip,xlsx,,{},2026-08-20 18:56:29.884496+00:00
7151807d-5307-47fc-ad40-263c437dfa3a,,portfolio_disclosure,,ee48130b-8fca-4ed0-afd2-00a220026270,2025-10-31,https://www.icicipruamc.com/blob/downloads/Files/Fortnightly%20Portfolio%20Disclosures/2025/Fortnightly%20Debt%20Scheme%20Portfolio%20-%2031st%20October%202025.zip,xlsx,,{},2026-08-20 18:56:29.884496+00:00
0766ebc7-53cf-40c5-b940-14716174920f,,portfolio_disclosure,,a61ed046-fa42-4c77-b058-189a2d78ff97,2025-10-31,https://www.icicipruamc.com/blob/downloads/Files/Fortnightly%20Portfolio%20Disclosures/2025/Fortnightly%20Debt%20Scheme%20Portfolio%20-%2031st%20October%202025.zip,xlsx,,{},2026-08-20 18:56:29.884496+00:00
2f028dca-37c9-44cc-bd52-aa1fdee80deb,bc7d8dea-c39b-404d-95db-9711d10c484d,portfolio_disclosure,,c8d37192-2da2-487a-bc5a-8aae7887855f,2026-02-15,https://transact.axismf.com/cms/sites/default/files/Statutory/Fortnightly%20Portfolio%20-%2015-02-2026.xlsx,xlsx,,{},2026-08-21 20:36:15.276744+00:00
c3ca4b9d-422d-47c4-ac9c-c171e46a7181,bc7d8dea-c39b-404d-95db-9711d10c484d,portfolio_disclosure,,746f5fb1-9fb2-4a18-9879-b7100ec6bffa,2026-02-15,https://transact.axismf.com/cms/sites/default/files/Statutory/Fortnightly%20Portfolio%20-%2015-02-2026.xlsx,xlsx,,{},2026-08-21 20:36:15.276744+00:00
5aae7466-b649-47dc-b5a5-c49b445e8b65,bc7d8dea-c39b-404d-95db-9711d10c484d,portfolio_disclosure,,5090a28b-2738-4f4d-8cf9-7a99c0997932,2026-02-15,https://transact.axismf.com/cms/sites/default/files/Statutory/Fortnightly%20Portfolio%20-%2015-02-2026.xlsx,xlsx,,{},2026-08-21 20:36:15.276744+00:00
87a6dd2f-109d-4469-9b08-1955da13e174,bc7d8dea-c39b-404d-95db-9711d10c484d,portfolio_disclosure,,74caf86b-ff20-412d-b5a2-e2b88e5a5fa8,2026-02-15,https://transact.axismf.com/cms/sites/default/files/Statutory/Fortnightly%20Portfolio%20-%2015-02-2026.xlsx,xlsx,,{},2026-08-21 20:36:15.276744+00:00
9b97e04c-1263-46e3-9d01-ad59949e9c0d,bc7d8dea-c39b-404d-95db-9711d10c484d,portfolio_disclosure,,3af21aac-4589-499c-9075-e0706c9472df,2026-02-15,https://transact.axismf.com/cms/sites/default/files/Statutory/Fortnightly%20Portfolio%20-%2015-02-2026.xlsx,xlsx,,{},2026-08-21 20:36:15.276744+00:00
bb352f95-b1bb-414e-a3d5-f0fa341cafd3,bc7d8dea-c39b-404d-95db-9711d10c484d,portfolio_disclosure,,6e544d4d-77d0-4dcb-b0ac-bf67520ec005,2026-02-15,https://transact.axismf.com/cms/sites/default/files/Statutory/Fortnightly%20Portfolio%20-%2015-02-2026.xlsx,xlsx,,{},2026-08-21 20:36:15.276744+00:00
ffacf747-8dda-4fcd-b7c7-83528d79734d,bc7d8dea-c39b-404d-95db-9711d10c484d,portfolio_disclosure,,23c48288-7d6f-4d06-ba5d-e234e166b4c5,2026-02-15,https://transact.axismf.com/cms/sites/default/files/Statutory/Fortnightly%20Portfolio%20-%2015-02-2026.xlsx,xlsx,,{},2026-08-21 20:36:15.276744+00:00
5a107972-8ce9-4729-94b4-2e1fc21f1c94,bc7d8dea-c39b-404d-95db-9711d10c484d,portfolio_disclosure,,cb2adc87-f833-48d3-aa73-abcadd22379f,2026-02-15,https://transact.axismf.com/cms/sites/default/files/Statutory/Fortnightly%20Portfolio%20-%2015-02-2026.xlsx,xlsx,,{},2026-08-21 20:36:15.276744+00:00
041fde0e-c610-4e02-95c3-ba9d9b39ceea,bc7d8dea-c39b-404d-95db-9711d10c484d,portfolio_disclosure,,b2338021-99ed-411e-892c-181a371a1db3,2026-02-15,https://transact.axismf.com/cms/sites/default/files/Statutory/Fortnightly%20Portfolio%20-%2015-02-2026.xlsx,xlsx,,{},2026-08-21 20:36:15.276744+00:00
4dc50f6b-6dbb-429d-b6bd-dcc0f732d243,bc7d8dea-c39b-404d-95db-9711d10c484d,portfolio_disclosure,,07fc3a60-e81d-4181-a1d8-7159c17eb366,2026-02-15,https://transact.axismf.com/cms/sites/default/files/Statutory/Fortnightly%20Portfolio%20-%2015-02-2026.xlsx,xlsx,,{},2026-08-21 20:36:15.276744+00:00
75e770cd-9154-4813-8fab-c16238e30df3,bc7d8dea-c39b-404d-95db-9711d10c484d,portfolio_disclosure,,63002069-ebb6-4a99-9000-82d5d8d00c7e,2026-02-15,https://transact.axismf.com/cms/sites/default/files/Statutory/Fortnightly%20Portfolio%20-%2015-02-2026.xlsx,xlsx,,{},2026-08-21 20:36:15.276744+00:00
cf909387-d1ce-4385-af60-d3f4c61a3052,bc7d8dea-c39b-404d-95db-9711d10c484d,portfolio_disclosure,,300ac5be-2d69-4342-9da3-eb96e59199e8,2026-02-15,https://transact.axismf.com/cms/sites/default/files/Statutory/Fortnightly%20Portfolio%20-%2015-02-2026.xlsx,xlsx,,{},2026-08-21 20:36:15.276744+00:00
0ad28909-2776-4e7b-b674-9864a88e20b5,a283ff4f-f7d7-4458-abf1-db3e76e45d2f,portfolio_disclosure,,b07f8708-4204-4414-a941-295f966896d7,2026-05-31,https://www.icicipruamc.com/blob/downloads/Files/Fortnightly%20Portfolio%20Disclosures/2026/Fortnightly%20Debt%20Scheme%20Portfolio%20-%2031st%20May%202026.zip,xlsx,,{},2026-08-20 18:28:01.799828+00:00
f1cd205b-60a4-4028-bd75-21630db6c3bc,a283ff4f-f7d7-4458-abf1-db3e76e45d2f,portfolio_disclosure,,4925effe-8563-4ee5-8c7c-71d0f96b9433,2026-05-31,https://www.icicipruamc.com/blob/downloads/Files/Fortnightly%20Portfolio%20Disclosures/2026/Fortnightly%20Debt%20Scheme%20Portfolio%20-%2031st%20May%202026.zip,xlsx,,{},2026-08-20 18:28:01.799828+00:00
03c7a5e0-0205-45d7-b2c1-6dbba0deb1e7,a283ff4f-f7d7-4458-abf1-db3e76e45d2f,portfolio_disclosure,,9daff2f0-95a8-40f0-9f0d-a3ec3abc3e14,2026-05-31,https://www.icicipruamc.com/blob/downloads/Files/Fortnightly%20Portfolio%20Disclosures/2026/Fortnightly%20Debt%20Scheme%20Portfolio%20-%2031st%20May%202026.zip,xlsx,,{},2026-08-20 18:28:01.799828+00:00
2271cd5f-f10a-41c1-938b-ca8c9beaf58d,1a7bc571-4fe4-4ad8-9cd8-571304b09e3e,portfolio_disclosure,,38197fff-4221-443a-b134-7d15bd159df7,2026-08-22,https://amc.ppfas.com/downloads/portfolio-disclosure/fortnightly-debt-portfolio-disclosure/2022/PPLF_Fortnightly_Portfolio_Report_15-jul-2022.xlsx?19072022,xlsx,,{},2026-08-21 22:09:28.116174+00:00
e13dc076-8a37-46d2-b136-c363cecc75c1,d6508e54-a06c-4e30-848f-4708b5af0ead,portfolio_disclosure,,ff7b16fe-a92e-4481-b4db-5e149a054324,2024-11-15,https://amc.ppfas.com/downloads/portfolio-disclosure/fortnightly-debt-portfolio-disclosure/2024/PPCHF_Fortnightly_Portfolio_Report_15-november-2024.xlsx?19112024,xlsx,,{},2026-08-21 22:09:29.062511+00:00
2acdc51e-0715-47d8-8234-17739ec2be96,2ef4f3d7-1257-4598-809e-e99c6fcc3cd9,portfolio_disclosure,,2c1c7ca0-53cc-493f-b91e-3db1342a2475,2022-11-30,https://amc.ppfas.com/downloads/portfolio-disclosure/2022/PPFCF_PPFAS_Monthly_Portfolio_Report_November_30_2022.xlsx?09122022_2,xlsx,,{},2026-08-21 22:09:33.493778+00:00
263b833e-2292-404c-bd7c-0782b96cce7a,,portfolio_disclosure,,965baf1f-07d2-44f6-9730-bbcfbc0f8ddb,2025-11-15,https://www.icicipruamc.com/blob/downloads/Files/Fortnightly%20Portfolio%20Disclosures/2025/Fortnightly%20Debt%20Scheme%20Portfolio%20-%2015th%20November%202025.zip,xlsx,,{},2026-08-20 18:56:20.966368+00:00
ace576d9-f4d7-4c64-acf8-b6d362345e3f,,portfolio_disclosure,,d8edc81e-2fad-46a1-9146-8b6b50825cf9,2025-11-15,https://www.icicipruamc.com/blob/downloads/Files/Fortnightly%20Portfolio%20Disclosures/2025/Fortnightly%20Debt%20Scheme%20Portfolio%20-%2015th%20November%202025.zip,xlsx,,{},2026-08-20 18:56:20.966368+00:00
d6b34c2b-3f31-4a38-be54-ab7309bf5dec,,portfolio_disclosure,,aa5cecc8-e924-4c4c-81b7-3fb389e01179,2025-11-15,https://www.icicipruamc.com/blob/downloads/Files/Fortnightly%20Portfolio%20Disclosures/2025/Fortnightly%20Debt%20Scheme%20Portfolio%20-%2015th%20November%202025.zip,xlsx,,{},2026-08-20 18:56:20.966368+00:00
093b78cf-badd-45de-8c22-49f8edee8738,,portfolio_disclosure,,b07f8708-4204-4414-a941-295f966896d7,2025-11-15,https://www.icicipruamc.com/blob/downloads/Files/Fortnightly%20Portfolio%20Disclosures/2025/Fortnightly%20Debt%20Scheme%20Portfolio%20-%2015th%20November%202025.zip,xlsx,,{},2026-08-20 18:56:20.966368+00:00
50d6fa8b-41d3-46d5-9a8b-ea8c0def5f63,bc7d8dea-c39b-404d-95db-9711d10c484d,portfolio_disclosure,,9d67803d-bb5e-4e5e-a917-3e50ac2e4a3c,2026-02-15,https://transact.axismf.com/cms/sites/default/files/Statutory/Fortnightly%20Portfolio%20-%2015-02-2026.xlsx,xlsx,,{},2026-08-21 20:36:15.276744+00:00
f5a2d432-ecbd-4df7-bb3a-b1606bde89b5,bc7d8dea-c39b-404d-95db-9711d10c484d,portfolio_disclosure,,ab105ad8-7c7b-4f96-8649-b315502e13f4,2026-02-15,https://transact.axismf.com/cms/sites/default/files/Statutory/Fortnightly%20Portfolio%20-%2015-02-2026.xlsx,xlsx,,{},2026-08-21 20:36:15.276744+00:00
8943883f-2957-4ae8-9532-0c687184ea8a,,portfolio_disclosure,,4925effe-8563-4ee5-8c7c-71d0f96b9433,2025-11-15,https://www.icicipruamc.com/blob/downloads/Files/Fortnightly%20Portfolio%20Disclosures/2025/Fortnightly%20Debt%20Scheme%20Portfolio%20-%2015th%20November%202025.zip,xlsx,,{},2026-08-20 18:56:20.966368+00:00
f3d9f76d-fbd1-4475-b992-ea2e99155aff,,portfolio_disclosure,,9daff2f0-95a8-40f0-9f0d-a3ec3abc3e14,2025-11-15,https://www.icicipruamc.com/blob/downloads/Files/Fortnightly%20Portfolio%20Disclosures/2025/Fortnightly%20Debt%20Scheme%20Portfolio%20-%2015th%20November%202025.zip,xlsx,,{},2026-08-20 18:56:20.966368+00:00
9623dc06-fc5d-421d-9671-76e1ca41af9d,,portfolio_disclosure,,c7b7d6fe-e23f-4b85-9771-5800ccc1ea98,2025-11-15,https://www.icicipruamc.com/blob/downloads/Files/Fortnightly%20Portfolio%20Disclosures/2025/Fortnightly%20Debt%20Scheme%20Portfolio%20-%2015th%20November%202025.zip,xlsx,,{},2026-08-20 18:56:20.966368+00:00
d08f920d-bc16-48a2-8740-4f85cbc6d009,,portfolio_disclosure,,d38c0aa5-ac53-4d03-b799-3e3835297750,2025-11-15,https://www.icicipruamc.com/blob/downloads/Files/Fortnightly%20Portfolio%20Disclosures/2025/Fortnightly%20Debt%20Scheme%20Portfolio%20-%2015th%20November%202025.zip,xlsx,,{},2026-08-20 18:56:20.966368+00:00
62563fe5-01d6-4a3d-a338-c5d823e38cf8,,portfolio_disclosure,,63e0372c-6dd1-4f45-8dde-5c7017fe5d76,2025-11-15,https://www.icicipruamc.com/blob/downloads/Files/Fortnightly%20Portfolio%20Disclosures/2025/Fortnightly%20Debt%20Scheme%20Portfolio%20-%2015th%20November%202025.zip,xlsx,,{},2026-08-20 18:56:20.966368+00:00
8857bec7-2a5c-45b6-8f2f-89b51652ec60,,portfolio_disclosure,,dbb80926-5e14-4d67-afcb-1a0ff44a202a,2025-11-15,https://www.icicipruamc.com/blob/downloads/Files/Fortnightly%20Portfolio%20Disclosures/2025/Fortnightly%20Debt%20Scheme%20Portfolio%20-%2015th%20November%202025.zip,xlsx,,{},2026-08-20 18:56:20.966368+00:00
34c4974f-fcc0-4b26-9c07-64b6bd99f0ff,f05e1a90-7710-42f7-b17d-6a864770d660,portfolio_disclosure,,b2338021-99ed-411e-892c-181a371a1db3,2026-02-15,https://transact.axismf.com/cms/sites/default/files/Statutory/Fortnightly%20Portfolio%20-%20Axis%20Nifty%20SDL%20September%202026%20Debt%20Index%20Fund%20-%2015%20Feb%202026.xlsx,xlsx,,{},2026-08-21 20:36:27.753890+00:00
c287fbd5-2a55-44d5-9989-91e44d4069e6,67737a6a-a2b3-4598-9b62-9cf51dcd792f,portfolio_disclosure,,07fc3a60-e81d-4181-a1d8-7159c17eb366,2026-02-15,https://transact.axismf.com/cms/sites/default/files/Statutory/Fortnightly%20Portfolio%20-%20Axis%20Nifty%20AAA%20Bond%20Plus%20SDL%20Apr%202026%2050%2050%20ETF%20FOF%20-%2015%20Feb%202026.xlsx,xlsx,,{},2026-08-21 20:36:27.992244+00:00
59aa9472-a088-4960-b76a-04dcabbe8c24,1c7aac91-7ff9-40a8-a347-9529e4a9fd71,portfolio_disclosure,,38197fff-4221-443a-b134-7d15bd159df7,2026-08-22,https://transact.axismf.com/cms/sites/default/files/Statutory/IN_MF_FORTNIGHTLY_PORTFOLIO_AXISMF.xls,xlsx,,{},2026-08-21 20:36:28.494165+00:00
9ecc0747-6683-4451-bd85-e8d6c15971f3,1c7aac91-7ff9-40a8-a347-9529e4a9fd71,portfolio_disclosure,,414037a8-39c6-4c62-929f-fd75101afeb1,2021-10-31,https://transact.axismf.com/cms/sites/default/files/Statutory/IN_MF_FORTNIGHTLY_PORTFOLIO_AXISMF.xls,xlsx,,{},2026-08-21 20:36:28.494165+00:00
30603ab2-702e-414b-8d5f-90058a56b5a7,1c7aac91-7ff9-40a8-a347-9529e4a9fd71,portfolio_disclosure,,493a0538-8cc6-4e58-96d2-310b16af5437,2021-10-31,https://transact.axismf.com/cms/sites/default/files/Statutory/IN_MF_FORTNIGHTLY_PORTFOLIO_AXISMF.xls,xlsx,,{},2026-08-21 20:36:28.494165+00:00
f9033011-a9f0-49f1-9f92-23d87a38f5d0,1c7aac91-7ff9-40a8-a347-9529e4a9fd71,portfolio_disclosure,,c58bf1b0-e924-4ee2-921f-e0b9927065ff,2021-10-31,https://transact.axismf.com/cms/sites/default/files/Statutory/IN_MF_FORTNIGHTLY_PORTFOLIO_AXISMF.xls,xlsx,,{},2026-08-21 20:36:28.494165+00:00
94a85b28-a3d8-4451-a16a-54360f472446,1c7aac91-7ff9-40a8-a347-9529e4a9fd71,portfolio_disclosure,,a88afb2a-4500-498c-8826-eb75a81007e4,2021-10-31,https://transact.axismf.com/cms/sites/default/files/Statutory/IN_MF_FORTNIGHTLY_PORTFOLIO_AXISMF.xls,xlsx,,{},2026-08-21 20:36:28.494165+00:00
050810ba-6a23-42c6-866d-41768124b24c,1c7aac91-7ff9-40a8-a347-9529e4a9fd71,portfolio_disclosure,,fee41312-9175-4637-a20a-33c1975ebac9,2021-10-31,https://transact.axismf.com/cms/sites/default/files/Statutory/IN_MF_FORTNIGHTLY_PORTFOLIO_AXISMF.xls,xlsx,,{},2026-08-21 20:36:28.494165+00:00
44c0e22b-6bca-4442-97d5-4d131102b405,1c7aac91-7ff9-40a8-a347-9529e4a9fd71,portfolio_disclosure,,f34fa056-5b2e-4047-8cca-0563837d6554,2021-10-31,https://transact.axismf.com/cms/sites/default/files/Statutory/IN_MF_FORTNIGHTLY_PORTFOLIO_AXISMF.xls,xlsx,,{},2026-08-21 20:36:28.494165+00:00
d7f83ccd-acab-4dc6-a497-f4553fe65197,1c7aac91-7ff9-40a8-a347-9529e4a9fd71,portfolio_disclosure,,30ef029a-1a4b-473d-b853-c41853801009,2021-10-31,https://transact.axismf.com/cms/sites/default/files/Statutory/IN_MF_FORTNIGHTLY_PORTFOLIO_AXISMF.xls,xlsx,,{},2026-08-21 20:36:28.494165+00:00
5b4fb7fc-b242-42c8-ad3c-2bd9712d2a9d,1c7aac91-7ff9-40a8-a347-9529e4a9fd71,portfolio_disclosure,,c662c6dd-b13b-4b15-ad86-c5454f900aa3,2021-10-31,https://transact.axismf.com/cms/sites/default/files/Statutory/IN_MF_FORTNIGHTLY_PORTFOLIO_AXISMF.xls,xlsx,,{},2026-08-21 20:36:28.494165+00:00
1b23dab3-b711-4d66-8ce3-a07e3388935f,1c7aac91-7ff9-40a8-a347-9529e4a9fd71,portfolio_disclosure,,5feecb60-f168-4921-82e0-2c75e51e6118,2021-10-31,https://transact.axismf.com/cms/sites/default/files/Statutory/IN_MF_FORTNIGHTLY_PORTFOLIO_AXISMF.xls,xlsx,,{},2026-08-21 20:36:28.494165+00:00
1fe9c1ee-5316-4097-84c3-39aaa31f0ab8,1c7aac91-7ff9-40a8-a347-9529e4a9fd71,portfolio_disclosure,,5090a28b-2738-4f4d-8cf9-7a99c0997932,2021-10-31,https://transact.axismf.com/cms/sites/default/files/Statutory/IN_MF_FORTNIGHTLY_PORTFOLIO_AXISMF.xls,xlsx,,{},2026-08-21 20:36:28.494165+00:00
047b5f22-fa61-4b2d-bab3-f4554e130d8c,1c7aac91-7ff9-40a8-a347-9529e4a9fd71,portfolio_disclosure,,74caf86b-ff20-412d-b5a2-e2b88e5a5fa8,2021-10-31,https://transact.axismf.com/cms/sites/default/files/Statutory/IN_MF_FORTNIGHTLY_PORTFOLIO_AXISMF.xls,xlsx,,{},2026-08-21 20:36:28.494165+00:00
a7a57a26-2c25-47b3-b8c3-f7b13e7e4bf7,1c7aac91-7ff9-40a8-a347-9529e4a9fd71,portfolio_disclosure,,3af21aac-4589-499c-9075-e0706c9472df,2021-10-31,https://transact.axismf.com/cms/sites/default/files/Statutory/IN_MF_FORTNIGHTLY_PORTFOLIO_AXISMF.xls,xlsx,,{},2026-08-21 20:36:28.494165+00:00
082dfdc6-3757-4de1-be2e-856ba03cbde6,1c7aac91-7ff9-40a8-a347-9529e4a9fd71,portfolio_disclosure,,23c48288-7d6f-4d06-ba5d-e234e166b4c5,2021-10-31,https://transact.axismf.com/cms/sites/default/files/Statutory/IN_MF_FORTNIGHTLY_PORTFOLIO_AXISMF.xls,xlsx,,{},2026-08-21 20:36:28.494165+00:00
8d2e3538-b14f-4aae-a9fb-ba6d28e2b74d,1c7aac91-7ff9-40a8-a347-9529e4a9fd71,portfolio_disclosure,,e2008567-1bfb-45c7-9d8d-ff079978eb9e,2021-10-31,https://transact.axismf.com/cms/sites/default/files/Statutory/IN_MF_FORTNIGHTLY_PORTFOLIO_AXISMF.xls,xlsx,,{},2026-08-21 20:36:28.494165+00:00
e0a420dd-3b0b-4c3b-955c-730ceb79f2ed,1c7aac91-7ff9-40a8-a347-9529e4a9fd71,portfolio_disclosure,,e4907242-58eb-4fd8-af89-3970302b48b9,2021-10-31,https://transact.axismf.com/cms/sites/default/files/Statutory/IN_MF_FORTNIGHTLY_PORTFOLIO_AXISMF.xls,xlsx,,{},2026-08-21 20:36:28.494165+00:00
1211e5f0-fba1-4f59-ac8f-6f543d30935f,1c7aac91-7ff9-40a8-a347-9529e4a9fd71,portfolio_disclosure,,63002069-ebb6-4a99-9000-82d5d8d00c7e,2021-10-31,https://transact.axismf.com/cms/sites/default/files/Statutory/IN_MF_FORTNIGHTLY_PORTFOLIO_AXISMF.xls,xlsx,,{},2026-08-21 20:36:28.494165+00:00
d5988c15-ee6d-4063-bb49-ef08d0bae369,1c7aac91-7ff9-40a8-a347-9529e4a9fd71,portfolio_disclosure,,d9d918c0-bd5a-4274-ab3f-81b1b442e0c6,2021-10-31,https://transact.axismf.com/cms/sites/default/files/Statutory/IN_MF_FORTNIGHTLY_PORTFOLIO_AXISMF.xls,xlsx,,{},2026-08-21 20:36:28.494165+00:00
ec039fd8-7916-4a1a-821c-32be83b58dbb,1c7aac91-7ff9-40a8-a347-9529e4a9fd71,portfolio_disclosure,,9d67803d-bb5e-4e5e-a917-3e50ac2e4a3c,2021-10-31,https://transact.axismf.com/cms/sites/default/files/Statutory/IN_MF_FORTNIGHTLY_PORTFOLIO_AXISMF.xls,xlsx,,{},2026-08-21 20:36:28.494165+00:00
ea75125e-3241-49b8-aa48-c65c95183f39,1c7aac91-7ff9-40a8-a347-9529e4a9fd71,portfolio_disclosure,,69de7940-31e5-477b-b325-14d7e553b1da,2021-10-31,https://transact.axismf.com/cms/sites/default/files/Statutory/IN_MF_FORTNIGHTLY_PORTFOLIO_AXISMF.xls,xlsx,,{},2026-08-21 20:36:28.494165+00:00
736b2133-e301-4fbd-8bbe-fbefa1f2d0d7,ff70af82-749b-4671-97dd-c5dfdc343b84,portfolio_disclosure,,63002069-ebb6-4a99-9000-82d5d8d00c7e,2026-02-15,https://transact.axismf.com/cms/sites/default/files/Statutory/Fortnightly%20Portfolio%20-%20Axis%20Nifty%20AAA%20Bond%20Plus%20SDL%20Apr%202026%2050%2050%20ETF%20-%2015%20Feb%202026.xlsx,xlsx,,{},2026-08-21 20:36:39.665483+00:00
9e87331b-ed9a-482d-b3b3-2633c3e2b443,91a29c70-465b-41a1-9aca-b7ff3b3f03c0,portfolio_disclosure,,3af21aac-4589-499c-9075-e0706c9472df,2026-02-15,https://transact.axismf.com/cms/sites/default/files/Statutory/Fortnightly%20Portfolio%20-%20Axis%20Money%20Market%20Fund%20-%2015%20Feb%202026.xlsx,xlsx,,{},2026-08-21 20:36:39.934071+00:00
06473bad-ce43-486d-830e-e797db991add,2d5532f9-06b0-41fa-93a2-fd173a496728,portfolio_disclosure,,38197fff-4221-443a-b134-7d15bd159df7,2026-08-22,https://transact.axismf.com/cms/sites/default/files/Statutory/IN_MF_FORTNIGHTLY_PORTFOLIO_AXISMF_15112021%20V1%20%283%29.xlsx,xlsx,,{},2026-08-21 20:36:41.397203+00:00
e0c97f35-5453-452f-853f-5e0e82e86160,2d5532f9-06b0-41fa-93a2-fd173a496728,portfolio_disclosure,,d7a75de1-57b2-49cd-8766-38285c939974,2021-11-15,https://transact.axismf.com/cms/sites/default/files/Statutory/IN_MF_FORTNIGHTLY_PORTFOLIO_AXISMF_15112021%20V1%20%283%29.xlsx,xlsx,,{},2026-08-21 20:36:41.397203+00:00
b79237f6-1fda-4664-96ba-cb2f1a459121,2d5532f9-06b0-41fa-93a2-fd173a496728,portfolio_disclosure,,493a0538-8cc6-4e58-96d2-310b16af5437,2021-11-15,https://transact.axismf.com/cms/sites/default/files/Statutory/IN_MF_FORTNIGHTLY_PORTFOLIO_AXISMF_15112021%20V1%20%283%29.xlsx,xlsx,,{},2026-08-21 20:36:41.397203+00:00
6db808dd-4ca7-4bd3-ac64-41615f4cdc8d,2d5532f9-06b0-41fa-93a2-fd173a496728,portfolio_disclosure,,c58bf1b0-e924-4ee2-921f-e0b9927065ff,2021-11-15,https://transact.axismf.com/cms/sites/default/files/Statutory/IN_MF_FORTNIGHTLY_PORTFOLIO_AXISMF_15112021%20V1%20%283%29.xlsx,xlsx,,{},2026-08-21 20:36:41.397203+00:00
d725e7af-d0f8-4a7d-98d5-b9ceae850a04,2d5532f9-06b0-41fa-93a2-fd173a496728,portfolio_disclosure,,a88afb2a-4500-498c-8826-eb75a81007e4,2021-11-15,https://transact.axismf.com/cms/sites/default/files/Statutory/IN_MF_FORTNIGHTLY_PORTFOLIO_AXISMF_15112021%20V1%20%283%29.xlsx,xlsx,,{},2026-08-21 20:36:41.397203+00:00
33ef25e3-47fb-4934-b622-b5d40e98c779,2d5532f9-06b0-41fa-93a2-fd173a496728,portfolio_disclosure,,fee41312-9175-4637-a20a-33c1975ebac9,2021-11-15,https://transact.axismf.com/cms/sites/default/files/Statutory/IN_MF_FORTNIGHTLY_PORTFOLIO_AXISMF_15112021%20V1%20%283%29.xlsx,xlsx,,{},2026-08-21 20:36:41.397203+00:00
d4e8b5a4-a7a4-46f8-beb0-9788055a4e28,2d5532f9-06b0-41fa-93a2-fd173a496728,portfolio_disclosure,,f34fa056-5b2e-4047-8cca-0563837d6554,2021-11-15,https://transact.axismf.com/cms/sites/default/files/Statutory/IN_MF_FORTNIGHTLY_PORTFOLIO_AXISMF_15112021%20V1%20%283%29.xlsx,xlsx,,{},2026-08-21 20:36:41.397203+00:00
438b7f6d-53e7-4464-ac71-a6560ac8e155,2d5532f9-06b0-41fa-93a2-fd173a496728,portfolio_disclosure,,30ef029a-1a4b-473d-b853-c41853801009,2021-11-15,https://transact.axismf.com/cms/sites/default/files/Statutory/IN_MF_FORTNIGHTLY_PORTFOLIO_AXISMF_15112021%20V1%20%283%29.xlsx,xlsx,,{},2026-08-21 20:36:41.397203+00:00
7a5b3f8b-84c8-42fa-bb8f-bde74458f17e,2d5532f9-06b0-41fa-93a2-fd173a496728,portfolio_disclosure,,c662c6dd-b13b-4b15-ad86-c5454f900aa3,2021-11-15,https://transact.axismf.com/cms/sites/default/files/Statutory/IN_MF_FORTNIGHTLY_PORTFOLIO_AXISMF_15112021%20V1%20%283%29.xlsx,xlsx,,{},2026-08-21 20:36:41.397203+00:00
e5acb93e-8a40-4200-bd13-ea00a236f618,2d5532f9-06b0-41fa-93a2-fd173a496728,portfolio_disclosure,,5feecb60-f168-4921-82e0-2c75e51e6118,2021-11-15,https://transact.axismf.com/cms/sites/default/files/Statutory/IN_MF_FORTNIGHTLY_PORTFOLIO_AXISMF_15112021%20V1%20%283%29.xlsx,xlsx,,{},2026-08-21 20:36:41.397203+00:00
9855b0e4-aa4a-496b-89b2-6855eaa72b29,2d5532f9-06b0-41fa-93a2-fd173a496728,portfolio_disclosure,,5090a28b-2738-4f4d-8cf9-7a99c0997932,2021-11-15,https://transact.axismf.com/cms/sites/default/files/Statutory/IN_MF_FORTNIGHTLY_PORTFOLIO_AXISMF_15112021%20V1%20%283%29.xlsx,xlsx,,{},2026-08-21 20:36:41.397203+00:00
bfd9f084-3636-496d-bea7-dc491620312b,2d5532f9-06b0-41fa-93a2-fd173a496728,portfolio_disclosure,,74caf86b-ff20-412d-b5a2-e2b88e5a5fa8,2021-11-15,https://transact.axismf.com/cms/sites/default/files/Statutory/IN_MF_FORTNIGHTLY_PORTFOLIO_AXISMF_15112021%20V1%20%283%29.xlsx,xlsx,,{},2026-08-21 20:36:41.397203+00:00
6a9f0003-d55e-465e-a46a-5c60a42e3c4e,2d5532f9-06b0-41fa-93a2-fd173a496728,portfolio_disclosure,,3af21aac-4589-499c-9075-e0706c9472df,2021-11-15,https://transact.axismf.com/cms/sites/default/files/Statutory/IN_MF_FORTNIGHTLY_PORTFOLIO_AXISMF_15112021%20V1%20%283%29.xlsx,xlsx,,{},2026-08-21 20:36:41.397203+00:00
4d250ccd-ff4b-4daf-8114-66c2a577621b,2d5532f9-06b0-41fa-93a2-fd173a496728,portfolio_disclosure,,23c48288-7d6f-4d06-ba5d-e234e166b4c5,2021-11-15,https://transact.axismf.com/cms/sites/default/files/Statutory/IN_MF_FORTNIGHTLY_PORTFOLIO_AXISMF_15112021%20V1%20%283%29.xlsx,xlsx,,{},2026-08-21 20:36:41.397203+00:00
8ccf71d4-6d1b-4ccf-b453-59224f80ebd5,2d5532f9-06b0-41fa-93a2-fd173a496728,portfolio_disclosure,,e2008567-1bfb-45c7-9d8d-ff079978eb9e,2021-11-15,https://transact.axismf.com/cms/sites/default/files/Statutory/IN_MF_FORTNIGHTLY_PORTFOLIO_AXISMF_15112021%20V1%20%283%29.xlsx,xlsx,,{},2026-08-21 20:36:41.397203+00:00
86ee0921-81d5-495e-a569-c437fe35ea63,2d5532f9-06b0-41fa-93a2-fd173a496728,portfolio_disclosure,,e4907242-58eb-4fd8-af89-3970302b48b9,2021-11-15,https://transact.axismf.com/cms/sites/default/files/Statutory/IN_MF_FORTNIGHTLY_PORTFOLIO_AXISMF_15112021%20V1%20%283%29.xlsx,xlsx,,{},2026-08-21 20:36:41.397203+00:00
68a8d900-2460-4d52-b494-82b2996e20d7,2d5532f9-06b0-41fa-93a2-fd173a496728,portfolio_disclosure,,63002069-ebb6-4a99-9000-82d5d8d00c7e,2021-11-15,https://transact.axismf.com/cms/sites/default/files/Statutory/IN_MF_FORTNIGHTLY_PORTFOLIO_AXISMF_15112021%20V1%20%283%29.xlsx,xlsx,,{},2026-08-21 20:36:41.397203+00:00
6ba33f8e-4490-4643-9500-1a9a092f5914,2d5532f9-06b0-41fa-93a2-fd173a496728,portfolio_disclosure,,d9d918c0-bd5a-4274-ab3f-81b1b442e0c6,2021-11-15,https://transact.axismf.com/cms/sites/default/files/Statutory/IN_MF_FORTNIGHTLY_PORTFOLIO_AXISMF_15112021%20V1%20%283%29.xlsx,xlsx,,{},2026-08-21 20:36:41.397203+00:00
682b9c75-ad8b-463c-ae84-b1211b662f5d,2d5532f9-06b0-41fa-93a2-fd173a496728,portfolio_disclosure,,9d67803d-bb5e-4e5e-a917-3e50ac2e4a3c,2021-11-15,https://transact.axismf.com/cms/sites/default/files/Statutory/IN_MF_FORTNIGHTLY_PORTFOLIO_AXISMF_15112021%20V1%20%283%29.xlsx,xlsx,,{},2026-08-21 20:36:41.397203+00:00
70178095-75d5-4183-9edb-b76784debc28,2d5532f9-06b0-41fa-93a2-fd173a496728,portfolio_disclosure,,69de7940-31e5-477b-b325-14d7e553b1da,2021-11-15,https://transact.axismf.com/cms/sites/default/files/Statutory/IN_MF_FORTNIGHTLY_PORTFOLIO_AXISMF_15112021%20V1%20%283%29.xlsx,xlsx,,{},2026-08-21 20:36:41.397203+00:00
838cc22c-3cae-42d6-8e59-70c687b59889,43742c9b-6084-49a6-ad70-f7cddc462659,portfolio_disclosure,,746f5fb1-9fb2-4a18-9879-b7100ec6bffa,2026-02-15,https://transact.axismf.com/cms/sites/default/files/Statutory/Fortnightly%20Portfolio%20-%20Axis%20Long%20Duration%20Fund%20-%2015%20Feb%202026.xlsx,xlsx,,{},2026-08-21 20:36:52.017320+00:00
ca3f22a5-fd51-4d8f-a480-1f41d4bafcc5,a97b2e79-1bd5-4f4d-a04c-d86a32a92dd8,portfolio_disclosure,,5090a28b-2738-4f4d-8cf9-7a99c0997932,2026-02-15,https://transact.axismf.com/cms/sites/default/files/Statutory/Fortnightly%20Portfolio%20-%20Axis%20Liquid%20Fund%20-%2015%20Feb%202026.xlsx,xlsx,,{},2026-08-21 20:36:52.273213+00:00
d5b53e2b-2d3c-4779-9833-a82f0e588776,,portfolio_disclosure,,20e22757-6a93-4e58-8102-396ba968f1ba,2026-04-15,https://www.icicipruamc.com/blob/downloads/Files/Fortnightly%20Portfolio%20Disclosures/2026/Fortnightly%20Debt%20Scheme%20Portfolio%20-%2015th%20April%202026.zip,xlsx,,{},2026-08-20 18:28:23.424754+00:00
cd7f9af9-1cd7-4930-a561-ad42707c8444,,portfolio_disclosure,,98066e78-446d-4158-912d-b4978e253dc7,2026-04-15,https://www.icicipruamc.com/blob/downloads/Files/Fortnightly%20Portfolio%20Disclosures/2026/Fortnightly%20Debt%20Scheme%20Portfolio%20-%2015th%20April%202026.zip,xlsx,,{},2026-08-20 18:28:23.424754+00:00
68cfa583-2e0b-475f-9d90-e24a62b343ff,,portfolio_disclosure,,26c2b3d7-2605-4d94-b305-1f1fd1ee2e2a,2026-04-15,https://www.icicipruamc.com/blob/downloads/Files/Fortnightly%20Portfolio%20Disclosures/2026/Fortnightly%20Debt%20Scheme%20Portfolio%20-%2015th%20April%202026.zip,xlsx,,{},2026-08-20 18:28:23.424754+00:00
d132883a-ec05-4333-b46c-763403a8ba90,,portfolio_disclosure,,3912b974-ea04-47af-b408-177699089230,2026-04-15,https://www.icicipruamc.com/blob/downloads/Files/Fortnightly%20Portfolio%20Disclosures/2026/Fortnightly%20Debt%20Scheme%20Portfolio%20-%2015th%20April%202026.zip,xlsx,,{},2026-08-20 18:28:23.424754+00:00
a5efa0e3-a9dd-417b-ba76-9434b6f36e6e,,portfolio_disclosure,,3afd40d6-ebdb-41dd-9f3d-8e9913c30c81,2026-04-15,https://www.icicipruamc.com/blob/downloads/Files/Fortnightly%20Portfolio%20Disclosures/2026/Fortnightly%20Debt%20Scheme%20Portfolio%20-%2015th%20April%202026.zip,xlsx,,{},2026-08-20 18:28:23.424754+00:00
80405a14-0f3a-4a34-8b26-d9eb7015768b,,portfolio_disclosure,,047e718c-b972-47f8-9513-91b87c5cabef,2026-04-15,https://www.icicipruamc.com/blob/downloads/Files/Fortnightly%20Portfolio%20Disclosures/2026/Fortnightly%20Debt%20Scheme%20Portfolio%20-%2015th%20April%202026.zip,xlsx,,{},2026-08-20 18:28:23.424754+00:00
12ff540f-f86c-484c-a602-3a616ec07733,,portfolio_disclosure,,bd87bcf7-b74d-4dab-a361-5588faa94e8e,2026-04-15,https://www.icicipruamc.com/blob/downloads/Files/Fortnightly%20Portfolio%20Disclosures/2026/Fortnightly%20Debt%20Scheme%20Portfolio%20-%2015th%20April%202026.zip,xlsx,,{},2026-08-20 18:28:23.424754+00:00
7c325ff1-d9af-4281-82c2-e7116d213992,,portfolio_disclosure,,a8a76a2e-8f67-49e4-aeb1-7366d2a7b1f7,2026-04-15,https://www.icicipruamc.com/blob/downloads/Files/Fortnightly%20Portfolio%20Disclosures/2026/Fortnightly%20Debt%20Scheme%20Portfolio%20-%2015th%20April%202026.zip,xlsx,,{},2026-08-20 18:28:23.424754+00:00
110c75cc-2d67-4ca4-9942-d63c03f15438,,portfolio_disclosure,,56c7a4bb-eb51-49cc-b39c-f0641d5d748e,2026-04-15,https://www.icicipruamc.com/blob/downloads/Files/Fortnightly%20Portfolio%20Disclosures/2026/Fortnightly%20Debt%20Scheme%20Portfolio%20-%2015th%20April%202026.zip,xlsx,,{},2026-08-20 18:28:23.424754+00:00
0bdc7c24-8de5-47f7-9191-820bbc898538,,portfolio_disclosure,,b68a3748-3e94-4b91-99e3-80c273548326,2026-04-15,https://www.icicipruamc.com/blob/downloads/Files/Fortnightly%20Portfolio%20Disclosures/2026/Fortnightly%20Debt%20Scheme%20Portfolio%20-%2015th%20April%202026.zip,xlsx,,{},2026-08-20 18:28:23.424754+00:00
736f668e-3b6c-4eef-8f53-f37bbd4feedf,,portfolio_disclosure,,965baf1f-07d2-44f6-9730-bbcfbc0f8ddb,2026-04-15,https://www.icicipruamc.com/blob/downloads/Files/Fortnightly%20Portfolio%20Disclosures/2026/Fortnightly%20Debt%20Scheme%20Portfolio%20-%2015th%20April%202026.zip,xlsx,,{},2026-08-20 18:28:23.424754+00:00
0c65fafc-04f2-4634-b9fd-3dece482b6f5,,portfolio_disclosure,,d8edc81e-2fad-46a1-9146-8b6b50825cf9,2026-04-15,https://www.icicipruamc.com/blob/downloads/Files/Fortnightly%20Portfolio%20Disclosures/2026/Fortnightly%20Debt%20Scheme%20Portfolio%20-%2015th%20April%202026.zip,xlsx,,{},2026-08-20 18:28:23.424754+00:00
259818d9-f449-4fd6-bdc0-e873c1821b95,,portfolio_disclosure,,4925effe-8563-4ee5-8c7c-71d0f96b9433,2026-04-15,https://www.icicipruamc.com/blob/downloads/Files/Fortnightly%20Portfolio%20Disclosures/2026/Fortnightly%20Debt%20Scheme%20Portfolio%20-%2015th%20April%202026.zip,xlsx,,{},2026-08-20 18:28:23.424754+00:00
73a17af8-8af8-4d1e-ae8f-8621dec323b8,,portfolio_disclosure,,d40c7d98-358f-4511-8875-0d598556dba5,2025-11-15,https://www.icicipruamc.com/blob/downloads/Files/Fortnightly%20Portfolio%20Disclosures/2025/Fortnightly%20Debt%20Scheme%20Portfolio%20-%2015th%20November%202025.zip,xlsx,,{},2026-08-20 18:56:20.966368+00:00
fd866dc7-e00c-471d-be3b-a53a35457b47,,portfolio_disclosure,,53124c6a-8134-4ae7-a1c4-7f431cd78c02,2025-11-15,https://www.icicipruamc.com/blob/downloads/Files/Fortnightly%20Portfolio%20Disclosures/2025/Fortnightly%20Debt%20Scheme%20Portfolio%20-%2015th%20November%202025.zip,xlsx,,{},2026-08-20 18:56:20.966368+00:00
e8c44fa1-f8e9-4ab4-801e-1dd71f57d049,,portfolio_disclosure,,ee48130b-8fca-4ed0-afd2-00a220026270,2025-11-15,https://www.icicipruamc.com/blob/downloads/Files/Fortnightly%20Portfolio%20Disclosures/2025/Fortnightly%20Debt%20Scheme%20Portfolio%20-%2015th%20November%202025.zip,xlsx,,{},2026-08-20 18:56:20.966368+00:00
cb5eca91-4d3a-4d65-9799-7df5105ae2b2,0306cd78-3f57-4ac0-bb25-a3d444f7fdc8,portfolio_disclosure,,39bd5974-4c82-4457-bfd8-bfead40cd71f,2025-01-31,https://www.dspim.com/media/pages/mandatory-disclosures/portfolio-disclosures/539b88d543-1757771553/dsp-isin-debt-portfolio-as-on-31-jan-2025.xlsx,xlsx,,{},2026-08-21 20:53:55.391635+00:00
6fbdc641-d28d-4c75-b106-7d4cd093dddb,0306cd78-3f57-4ac0-bb25-a3d444f7fdc8,portfolio_disclosure,,4c0b62ae-5310-4f78-9daf-9dc2c317b347,2025-01-31,https://www.dspim.com/media/pages/mandatory-disclosures/portfolio-disclosures/539b88d543-1757771553/dsp-isin-debt-portfolio-as-on-31-jan-2025.xlsx,xlsx,,{},2026-08-21 20:53:55.391635+00:00
43460eb6-6c0e-4623-903e-65a075fe05a6,130ade25-c6d9-4640-ae88-931ee6bcacd8,portfolio_disclosure,,c6f4d0b9-6fec-43df-9bc1-68e6054bba87,2016-11-30,https://www.dspim.com/media/pages/mandatory-disclosures/portfolio-disclosures/5e0abaa114-1757771556/month_end_portfolio_disclosure_nov2016.zip,xlsx,,{},2026-08-21 20:53:57.717156+00:00
823ef411-1b0d-4461-9796-9d084b1f4f2b,130ade25-c6d9-4640-ae88-931ee6bcacd8,portfolio_disclosure,,384f255f-0fa0-4c38-bcdb-a0234614058f,2016-11-30,https://www.dspim.com/media/pages/mandatory-disclosures/portfolio-disclosures/5e0abaa114-1757771556/month_end_portfolio_disclosure_nov2016.zip,xlsx,,{},2026-08-21 20:53:57.717156+00:00
8131d7de-3692-4579-b9ff-731e5718d2a9,de39767f-6835-457e-97b4-f3c729cdf3cd,portfolio_disclosure,,0abbfaff-7f2b-4aaa-8e32-f47dc0bf40c9,2018-11-30,https://www.dspim.com/media/pages/mandatory-disclosures/portfolio-disclosures/5dff79e93f-1757771557/month_end_portfolios_disclosure_nov2018.zip,xlsx,,{},2026-08-21 20:54:12.568408+00:00
6a1d265a-e054-427d-b39f-13b0d77b0f97,de39767f-6835-457e-97b4-f3c729cdf3cd,portfolio_disclosure,,a81f1a13-a4a7-4d7b-a19f-1500eb59d367,2018-11-30,https://www.dspim.com/media/pages/mandatory-disclosures/portfolio-disclosures/5dff79e93f-1757771557/month_end_portfolios_disclosure_nov2018.zip,xlsx,,{},2026-08-21 20:54:12.568408+00:00
e540f5fc-147b-4de3-ab24-5377aa22ff63,,portfolio_disclosure,,3912b974-ea04-47af-b408-177699089230,2026-03-31,https://www.icicipruamc.com/blob/downloads/Files/Fortnightly%20Portfolio%20Disclosures/2026/Fortnightly%20Debt%20Scheme%20Portfolio%20-%2031st%20March%202026.zip,xlsx,,{},2026-08-20 18:28:31.456959+00:00
dcaca267-c165-420e-bd5d-bdbdbecfb23b,,portfolio_disclosure,,d8edc81e-2fad-46a1-9146-8b6b50825cf9,2026-03-31,https://www.icicipruamc.com/blob/downloads/Files/Fortnightly%20Portfolio%20Disclosures/2026/Fortnightly%20Debt%20Scheme%20Portfolio%20-%2031st%20March%202026.zip,xlsx,,{},2026-08-20 18:28:31.456959+00:00
17b4e876-0abe-4007-ba70-c014ff9cd77b,,portfolio_disclosure,,aa5cecc8-e924-4c4c-81b7-3fb389e01179,2026-03-31,https://www.icicipruamc.com/blob/downloads/Files/Fortnightly%20Portfolio%20Disclosures/2026/Fortnightly%20Debt%20Scheme%20Portfolio%20-%2031st%20March%202026.zip,xlsx,,{},2026-08-20 18:28:31.456959+00:00
7a66b3b0-bef1-4b2d-bccd-e3587151628f,,portfolio_disclosure,,b07f8708-4204-4414-a941-295f966896d7,2026-03-31,https://www.icicipruamc.com/blob/downloads/Files/Fortnightly%20Portfolio%20Disclosures/2026/Fortnightly%20Debt%20Scheme%20Portfolio%20-%2031st%20March%202026.zip,xlsx,,{},2026-08-20 18:28:31.456959+00:00
af3f919e-edc1-4c35-829b-d669406b8fff,,portfolio_disclosure,,63e0372c-6dd1-4f45-8dde-5c7017fe5d76,2026-03-31,https://www.icicipruamc.com/blob/downloads/Files/Fortnightly%20Portfolio%20Disclosures/2026/Fortnightly%20Debt%20Scheme%20Portfolio%20-%2031st%20March%202026.zip,xlsx,,{},2026-08-20 18:28:31.456959+00:00
f458f8c4-011d-480b-bf5e-ea78a435f066,,portfolio_disclosure,,dbb80926-5e14-4d67-afcb-1a0ff44a202a,2026-03-31,https://www.icicipruamc.com/blob/downloads/Files/Fortnightly%20Portfolio%20Disclosures/2026/Fortnightly%20Debt%20Scheme%20Portfolio%20-%2031st%20March%202026.zip,xlsx,,{},2026-08-20 18:28:31.456959+00:00
1c3d534e-f113-46e2-ac04-3966197c04d8,,portfolio_disclosure,,c31725e1-a968-4aff-b6ee-ec22399e1545,2026-03-31,https://www.icicipruamc.com/blob/downloads/Files/Fortnightly%20Portfolio%20Disclosures/2026/Fortnightly%20Debt%20Scheme%20Portfolio%20-%2031st%20March%202026.zip,xlsx,,{},2026-08-20 18:28:31.456959+00:00
8fd809be-75cd-465d-9458-93a3b45975fd,,portfolio_disclosure,,622ebaa0-c98a-4bdf-86fa-8f6caca4f48f,2026-03-31,https://www.icicipruamc.com/blob/downloads/Files/Fortnightly%20Portfolio%20Disclosures/2026/Fortnightly%20Debt%20Scheme%20Portfolio%20-%2031st%20March%202026.zip,xlsx,,{},2026-08-20 18:28:31.456959+00:00
683a7293-5515-4d32-9003-7a8fb926cabe,,portfolio_disclosure,,d40c7d98-358f-4511-8875-0d598556dba5,2026-03-31,https://www.icicipruamc.com/blob/downloads/Files/Fortnightly%20Portfolio%20Disclosures/2026/Fortnightly%20Debt%20Scheme%20Portfolio%20-%2031st%20March%202026.zip,xlsx,,{},2026-08-20 18:28:31.456959+00:00
cd6f60af-c011-4ae3-b537-8c59cc52a752,,portfolio_disclosure,,53124c6a-8134-4ae7-a1c4-7f431cd78c02,2026-03-31,https://www.icicipruamc.com/blob/downloads/Files/Fortnightly%20Portfolio%20Disclosures/2026/Fortnightly%20Debt%20Scheme%20Portfolio%20-%2031st%20March%202026.zip,xlsx,,{},2026-08-20 18:28:31.456959+00:00
ca9ceeaa-0a2b-4990-b11d-a410a43772a7,,portfolio_disclosure,,ee48130b-8fca-4ed0-afd2-00a220026270,2026-03-31,https://www.icicipruamc.com/blob/downloads/Files/Fortnightly%20Portfolio%20Disclosures/2026/Fortnightly%20Debt%20Scheme%20Portfolio%20-%2031st%20March%202026.zip,xlsx,,{},2026-08-20 18:28:31.456959+00:00
cf82fcd0-df85-4bd4-80fe-1d7dd90e58c7,796356cf-b327-4df7-bd60-c715127b2f30,portfolio_disclosure,,1de88c3b-aa99-4154-b02c-c4f9360aca01,2025-05-31,https://www.dspim.com/media/pages/mandatory-disclosures/portfolio-disclosures/43b253e246-1757771552/dsp-isin-debt-fortnightly-portfolio-as-on-31-may-2025.xlsx,xlsx,,{},2026-08-21 22:09:40.736720+00:00
459500b9-c5cd-4971-9041-93368d8536c9,9b07e9f1-e010-4d8b-8640-c4be69750d0f,portfolio_disclosure,,39bd5974-4c82-4457-bfd8-bfead40cd71f,2024-11-30,https://www.dspim.com/media/pages/mandatory-disclosures/portfolio-disclosures/dfdef38dc6-1757771553/dsp-isin-debt-portfolio-as-on-30-nov-2024.xlsx,xlsx,,{},2026-08-21 22:09:48.931571+00:00
e7347862-2fb0-4472-965a-4a9b69c9a590,9b07e9f1-e010-4d8b-8640-c4be69750d0f,portfolio_disclosure,,4c0b62ae-5310-4f78-9daf-9dc2c317b347,2024-11-30,https://www.dspim.com/media/pages/mandatory-disclosures/portfolio-disclosures/dfdef38dc6-1757771553/dsp-isin-debt-portfolio-as-on-30-nov-2024.xlsx,xlsx,,{},2026-08-21 22:09:48.931571+00:00
f6a7cdfa-864f-435f-814e-d97a2b1b96ba,9b07e9f1-e010-4d8b-8640-c4be69750d0f,portfolio_disclosure,,4b79d7b6-ca96-4225-965f-f0e1a7993d18,2024-11-30,https://www.dspim.com/media/pages/mandatory-disclosures/portfolio-disclosures/dfdef38dc6-1757771553/dsp-isin-debt-portfolio-as-on-30-nov-2024.xlsx,xlsx,,{},2026-08-21 22:09:48.931571+00:00
757c3ff5-3206-41f6-852f-928f50d38731,9b07e9f1-e010-4d8b-8640-c4be69750d0f,portfolio_disclosure,,d7d97876-3f48-4125-a93c-5fadd10b4402,2024-11-30,https://www.dspim.com/media/pages/mandatory-disclosures/portfolio-disclosures/dfdef38dc6-1757771553/dsp-isin-debt-portfolio-as-on-30-nov-2024.xlsx,xlsx,,{},2026-08-21 22:09:48.931571+00:00
e656baae-d596-47c1-88ad-946cc9cfec95,9b07e9f1-e010-4d8b-8640-c4be69750d0f,portfolio_disclosure,,a5cbc07f-1e64-4817-8efe-bca3d4a64f5c,2024-11-30,https://www.dspim.com/media/pages/mandatory-disclosures/portfolio-disclosures/dfdef38dc6-1757771553/dsp-isin-debt-portfolio-as-on-30-nov-2024.xlsx,xlsx,,{},2026-08-21 22:09:48.931571+00:00
bbf77fe5-81d8-43b3-8247-e72047d65c63,9b07e9f1-e010-4d8b-8640-c4be69750d0f,portfolio_disclosure,,711bb119-31de-44af-bb63-de60d060214f,2024-11-30,https://www.dspim.com/media/pages/mandatory-disclosures/portfolio-disclosures/dfdef38dc6-1757771553/dsp-isin-debt-portfolio-as-on-30-nov-2024.xlsx,xlsx,,{},2026-08-21 22:09:48.931571+00:00
0e06962c-9d1d-41d3-9b43-3f8f44c518bd,9b07e9f1-e010-4d8b-8640-c4be69750d0f,portfolio_disclosure,,aa38dd68-4660-4a1b-b174-fd59e0c778fd,2024-11-30,https://www.dspim.com/media/pages/mandatory-disclosures/portfolio-disclosures/dfdef38dc6-1757771553/dsp-isin-debt-portfolio-as-on-30-nov-2024.xlsx,xlsx,,{},2026-08-21 22:09:48.931571+00:00
881e4630-0567-476d-8bb0-8de48d39aad7,9b07e9f1-e010-4d8b-8640-c4be69750d0f,portfolio_disclosure,,1de88c3b-aa99-4154-b02c-c4f9360aca01,2024-11-30,https://www.dspim.com/media/pages/mandatory-disclosures/portfolio-disclosures/dfdef38dc6-1757771553/dsp-isin-debt-portfolio-as-on-30-nov-2024.xlsx,xlsx,,{},2026-08-21 22:09:48.931571+00:00
cd8d47ea-9263-41ab-b680-936ecb700698,9b07e9f1-e010-4d8b-8640-c4be69750d0f,portfolio_disclosure,,d63d2a0d-4ec8-49c9-8151-f219e714445f,2024-11-30,https://www.dspim.com/media/pages/mandatory-disclosures/portfolio-disclosures/dfdef38dc6-1757771553/dsp-isin-debt-portfolio-as-on-30-nov-2024.xlsx,xlsx,,{},2026-08-21 22:09:48.931571+00:00
f8a3a2a7-f350-449d-b539-bc5dbc431b13,9b07e9f1-e010-4d8b-8640-c4be69750d0f,portfolio_disclosure,,8b8a7181-1a62-463c-9637-38515e3a4973,2024-11-30,https://www.dspim.com/media/pages/mandatory-disclosures/portfolio-disclosures/dfdef38dc6-1757771553/dsp-isin-debt-portfolio-as-on-30-nov-2024.xlsx,xlsx,,{},2026-08-21 22:09:48.931571+00:00
42965ef6-c55d-4d3f-a694-c6fde3828771,9b07e9f1-e010-4d8b-8640-c4be69750d0f,portfolio_disclosure,,aa29e284-5e02-4951-ae02-ed98535dc61e,2024-11-30,https://www.dspim.com/media/pages/mandatory-disclosures/portfolio-disclosures/dfdef38dc6-1757771553/dsp-isin-debt-portfolio-as-on-30-nov-2024.xlsx,xlsx,,{},2026-08-21 22:09:48.931571+00:00
8dacd7e4-ee1b-4d5f-bdbe-9fb5bdfb5acf,9b07e9f1-e010-4d8b-8640-c4be69750d0f,portfolio_disclosure,,f1c6f3aa-b829-4406-a6f8-03734bf4a16f,2024-11-30,https://www.dspim.com/media/pages/mandatory-disclosures/portfolio-disclosures/dfdef38dc6-1757771553/dsp-isin-debt-portfolio-as-on-30-nov-2024.xlsx,xlsx,,{},2026-08-21 22:09:48.931571+00:00
28644058-c456-4bd0-896a-1ff09305ee2c,9b07e9f1-e010-4d8b-8640-c4be69750d0f,portfolio_disclosure,,e3c71b64-92f1-4db4-a6f7-1c0008e69c4c,2024-11-30,https://www.dspim.com/media/pages/mandatory-disclosures/portfolio-disclosures/dfdef38dc6-1757771553/dsp-isin-debt-portfolio-as-on-30-nov-2024.xlsx,xlsx,,{},2026-08-21 22:09:48.931571+00:00
7a79a54c-e198-4aba-b212-5f36a1bc0b5e,9b07e9f1-e010-4d8b-8640-c4be69750d0f,portfolio_disclosure,,bcdfc686-5907-43dd-8412-1158d4f21d83,2024-11-30,https://www.dspim.com/media/pages/mandatory-disclosures/portfolio-disclosures/dfdef38dc6-1757771553/dsp-isin-debt-portfolio-as-on-30-nov-2024.xlsx,xlsx,,{},2026-08-21 22:09:48.931571+00:00
8837935f-b064-4783-be67-dcc37b15a0ec,9b07e9f1-e010-4d8b-8640-c4be69750d0f,portfolio_disclosure,,bc6afebe-de89-4d43-a319-3a0352ead9be,2024-11-30,https://www.dspim.com/media/pages/mandatory-disclosures/portfolio-disclosures/dfdef38dc6-1757771553/dsp-isin-debt-portfolio-as-on-30-nov-2024.xlsx,xlsx,,{},2026-08-21 22:09:48.931571+00:00
8a61c0ae-8b2f-437a-8fd6-7e5e948839e5,9b07e9f1-e010-4d8b-8640-c4be69750d0f,portfolio_disclosure,,7acbdaac-6b00-42f0-8aa5-b4ef1d6b484d,2024-11-30,https://www.dspim.com/media/pages/mandatory-disclosures/portfolio-disclosures/dfdef38dc6-1757771553/dsp-isin-debt-portfolio-as-on-30-nov-2024.xlsx,xlsx,,{},2026-08-21 22:09:48.931571+00:00
31cd5cfc-1511-42ef-8a22-64c5ab8f1195,9b07e9f1-e010-4d8b-8640-c4be69750d0f,portfolio_disclosure,,75700a69-71bb-4ab4-b736-12846754c6fa,2024-11-30,https://www.dspim.com/media/pages/mandatory-disclosures/portfolio-disclosures/dfdef38dc6-1757771553/dsp-isin-debt-portfolio-as-on-30-nov-2024.xlsx,xlsx,,{},2026-08-21 22:09:48.931571+00:00
fdd19817-f0de-4685-8c6e-d78ed20a40d7,9b07e9f1-e010-4d8b-8640-c4be69750d0f,portfolio_disclosure,,a1098ad6-91b7-4f2b-83c4-9adf731d7ed9,2024-11-30,https://www.dspim.com/media/pages/mandatory-disclosures/portfolio-disclosures/dfdef38dc6-1757771553/dsp-isin-debt-portfolio-as-on-30-nov-2024.xlsx,xlsx,,{},2026-08-21 22:09:48.931571+00:00
75c5c8cc-e327-4054-84ce-f8600292b412,9b07e9f1-e010-4d8b-8640-c4be69750d0f,portfolio_disclosure,,9f75a983-484e-45e0-9905-bf47dbfc8900,2024-11-30,https://www.dspim.com/media/pages/mandatory-disclosures/portfolio-disclosures/dfdef38dc6-1757771553/dsp-isin-debt-portfolio-as-on-30-nov-2024.xlsx,xlsx,,{},2026-08-21 22:09:48.931571+00:00
c533e8c1-1dd0-413d-a0d0-f3e1def9f657,9b07e9f1-e010-4d8b-8640-c4be69750d0f,portfolio_disclosure,,b3236eec-7dcc-4192-8025-4d413fbde918,2024-11-30,https://www.dspim.com/media/pages/mandatory-disclosures/portfolio-disclosures/dfdef38dc6-1757771553/dsp-isin-debt-portfolio-as-on-30-nov-2024.xlsx,xlsx,,{},2026-08-21 22:09:48.931571+00:00
11464f28-f161-4bc5-a93e-6f84329769ef,9b07e9f1-e010-4d8b-8640-c4be69750d0f,portfolio_disclosure,,e89a10e7-e991-45b2-8131-f5a40f497090,2024-11-30,https://www.dspim.com/media/pages/mandatory-disclosures/portfolio-disclosures/dfdef38dc6-1757771553/dsp-isin-debt-portfolio-as-on-30-nov-2024.xlsx,xlsx,,{},2026-08-21 22:09:48.931571+00:00
2342a45b-d605-442a-a873-52f1ada5d082,9b07e9f1-e010-4d8b-8640-c4be69750d0f,portfolio_disclosure,,f3839e55-9dd9-4e5a-815f-b9125c1200e8,2024-11-30,https://www.dspim.com/media/pages/mandatory-disclosures/portfolio-disclosures/dfdef38dc6-1757771553/dsp-isin-debt-portfolio-as-on-30-nov-2024.xlsx,xlsx,,{},2026-08-21 22:09:48.931571+00:00
8359b608-9b43-46e3-a123-e79ea5d5665b,9b07e9f1-e010-4d8b-8640-c4be69750d0f,portfolio_disclosure,,6bf4afad-27c9-430a-9ddf-7f738f44369d,2024-11-30,https://www.dspim.com/media/pages/mandatory-disclosures/portfolio-disclosures/dfdef38dc6-1757771553/dsp-isin-debt-portfolio-as-on-30-nov-2024.xlsx,xlsx,,{},2026-08-21 22:09:48.931571+00:00
4439c89e-5da8-4eb6-bbcc-1f5f6066beed,9b07e9f1-e010-4d8b-8640-c4be69750d0f,portfolio_disclosure,,d3054566-387e-4c09-ae37-8f6734e2b928,2024-11-30,https://www.dspim.com/media/pages/mandatory-disclosures/portfolio-disclosures/dfdef38dc6-1757771553/dsp-isin-debt-portfolio-as-on-30-nov-2024.xlsx,xlsx,,{},2026-08-21 22:09:48.931571+00:00
a8d6a57b-839a-47ec-b5f3-2c6122e2c68f,9b07e9f1-e010-4d8b-8640-c4be69750d0f,portfolio_disclosure,,9c2c7293-3cb9-4dde-b834-220990d0fc56,2024-11-30,https://www.dspim.com/media/pages/mandatory-disclosures/portfolio-disclosures/dfdef38dc6-1757771553/dsp-isin-debt-portfolio-as-on-30-nov-2024.xlsx,xlsx,,{},2026-08-21 22:09:48.931571+00:00
3c3aabd3-8554-4bf6-9d89-5aaa86012d44,d1291544-dbc3-4ea9-8a0d-5b093aa867e8,portfolio_disclosure,,39bd5974-4c82-4457-bfd8-bfead40cd71f,2021-02-28,https://www.dspim.com/media/pages/mandatory-disclosures/portfolio-disclosures/8ac7972f13-1757771552/dsp-debt-isin-portfolio-28th-feb-2021.xlsx,xlsx,,{},2026-08-21 22:09:57.953243+00:00
9088e825-3fdd-48cb-82c0-6fc8fab99b87,d1291544-dbc3-4ea9-8a0d-5b093aa867e8,portfolio_disclosure,,4c0b62ae-5310-4f78-9daf-9dc2c317b347,2021-02-28,https://www.dspim.com/media/pages/mandatory-disclosures/portfolio-disclosures/8ac7972f13-1757771552/dsp-debt-isin-portfolio-28th-feb-2021.xlsx,xlsx,,{},2026-08-21 22:09:57.953243+00:00
565599d7-5e74-44b8-9f2d-76919b257a51,d1291544-dbc3-4ea9-8a0d-5b093aa867e8,portfolio_disclosure,,4b79d7b6-ca96-4225-965f-f0e1a7993d18,2021-02-28,https://www.dspim.com/media/pages/mandatory-disclosures/portfolio-disclosures/8ac7972f13-1757771552/dsp-debt-isin-portfolio-28th-feb-2021.xlsx,xlsx,,{},2026-08-21 22:09:57.953243+00:00
9615a13c-1808-493a-bc8e-6a5193b028f0,d1291544-dbc3-4ea9-8a0d-5b093aa867e8,portfolio_disclosure,,d7d97876-3f48-4125-a93c-5fadd10b4402,2021-02-28,https://www.dspim.com/media/pages/mandatory-disclosures/portfolio-disclosures/8ac7972f13-1757771552/dsp-debt-isin-portfolio-28th-feb-2021.xlsx,xlsx,,{},2026-08-21 22:09:57.953243+00:00
0c17b059-be18-44f6-a951-420e6a8651af,d1291544-dbc3-4ea9-8a0d-5b093aa867e8,portfolio_disclosure,,a5cbc07f-1e64-4817-8efe-bca3d4a64f5c,2021-02-28,https://www.dspim.com/media/pages/mandatory-disclosures/portfolio-disclosures/8ac7972f13-1757771552/dsp-debt-isin-portfolio-28th-feb-2021.xlsx,xlsx,,{},2026-08-21 22:09:57.953243+00:00
c3f4e3c9-5a00-4056-88a3-36742647f9e1,d1291544-dbc3-4ea9-8a0d-5b093aa867e8,portfolio_disclosure,,711bb119-31de-44af-bb63-de60d060214f,2021-02-28,https://www.dspim.com/media/pages/mandatory-disclosures/portfolio-disclosures/8ac7972f13-1757771552/dsp-debt-isin-portfolio-28th-feb-2021.xlsx,xlsx,,{},2026-08-21 22:09:57.953243+00:00
5023248b-86e5-459a-b0e2-9a00052f040e,5c4f1aa7-1ea6-4a33-9678-831ccfd6a891,portfolio_disclosure,,a8a76a2e-8f67-49e4-aeb1-7366d2a7b1f7,2026-07-31,https://www.icicipruamc.com/blob/downloads/Files/Fortnightly%20Portfolio%20Disclosures/2026/Fortnightly%20Debt%20Scheme%20Portfolio%20-%2031st%20July%202026.zip,xlsx,,{},2026-08-20 18:27:34.254386+00:00
8bd88c12-ffec-49ed-bbdd-8fef7f59d2a4,5c4f1aa7-1ea6-4a33-9678-831ccfd6a891,portfolio_disclosure,,d8edc81e-2fad-46a1-9146-8b6b50825cf9,2026-07-31,https://www.icicipruamc.com/blob/downloads/Files/Fortnightly%20Portfolio%20Disclosures/2026/Fortnightly%20Debt%20Scheme%20Portfolio%20-%2031st%20July%202026.zip,xlsx,,{},2026-08-20 18:27:34.254386+00:00
7ca3908e-0ad1-401b-bcb3-59f582c4b9a1,5c4f1aa7-1ea6-4a33-9678-831ccfd6a891,portfolio_disclosure,,aa5cecc8-e924-4c4c-81b7-3fb389e01179,2026-07-31,https://www.icicipruamc.com/blob/downloads/Files/Fortnightly%20Portfolio%20Disclosures/2026/Fortnightly%20Debt%20Scheme%20Portfolio%20-%2031st%20July%202026.zip,xlsx,,{},2026-08-20 18:27:34.254386+00:00
db40ac0d-1d55-4c12-a65e-c10d9f94411b,5c4f1aa7-1ea6-4a33-9678-831ccfd6a891,portfolio_disclosure,,b07f8708-4204-4414-a941-295f966896d7,2026-07-31,https://www.icicipruamc.com/blob/downloads/Files/Fortnightly%20Portfolio%20Disclosures/2026/Fortnightly%20Debt%20Scheme%20Portfolio%20-%2031st%20July%202026.zip,xlsx,,{},2026-08-20 18:27:34.254386+00:00
c09eaa9a-15e2-46c0-a68e-dab9efd5d70d,5c4f1aa7-1ea6-4a33-9678-831ccfd6a891,portfolio_disclosure,,4925effe-8563-4ee5-8c7c-71d0f96b9433,2026-07-31,https://www.icicipruamc.com/blob/downloads/Files/Fortnightly%20Portfolio%20Disclosures/2026/Fortnightly%20Debt%20Scheme%20Portfolio%20-%2031st%20July%202026.zip,xlsx,,{},2026-08-20 18:27:34.254386+00:00
8157ad9c-8bc4-4a29-aec2-0fb161070ac1,5c4f1aa7-1ea6-4a33-9678-831ccfd6a891,portfolio_disclosure,,9daff2f0-95a8-40f0-9f0d-a3ec3abc3e14,2026-07-31,https://www.icicipruamc.com/blob/downloads/Files/Fortnightly%20Portfolio%20Disclosures/2026/Fortnightly%20Debt%20Scheme%20Portfolio%20-%2031st%20July%202026.zip,xlsx,,{},2026-08-20 18:27:34.254386+00:00
ee6c4c1f-2679-46b1-bc5f-1693f7fdcca2,5c4f1aa7-1ea6-4a33-9678-831ccfd6a891,portfolio_disclosure,,c7b7d6fe-e23f-4b85-9771-5800ccc1ea98,2026-07-31,https://www.icicipruamc.com/blob/downloads/Files/Fortnightly%20Portfolio%20Disclosures/2026/Fortnightly%20Debt%20Scheme%20Portfolio%20-%2031st%20July%202026.zip,xlsx,,{},2026-08-20 18:27:34.254386+00:00
af4aa3c3-f64b-4581-8ae5-5386d40db6a7,5c4f1aa7-1ea6-4a33-9678-831ccfd6a891,portfolio_disclosure,,d38c0aa5-ac53-4d03-b799-3e3835297750,2026-07-31,https://www.icicipruamc.com/blob/downloads/Files/Fortnightly%20Portfolio%20Disclosures/2026/Fortnightly%20Debt%20Scheme%20Portfolio%20-%2031st%20July%202026.zip,xlsx,,{},2026-08-20 18:27:34.254386+00:00
2f601a45-e34b-4dae-beec-8af1d5a9e5ff,5c4f1aa7-1ea6-4a33-9678-831ccfd6a891,portfolio_disclosure,,63e0372c-6dd1-4f45-8dde-5c7017fe5d76,2026-07-31,https://www.icicipruamc.com/blob/downloads/Files/Fortnightly%20Portfolio%20Disclosures/2026/Fortnightly%20Debt%20Scheme%20Portfolio%20-%2031st%20July%202026.zip,xlsx,,{},2026-08-20 18:27:34.254386+00:00
f1ca8c97-fe45-483e-9549-5b59aa74735c,5c4f1aa7-1ea6-4a33-9678-831ccfd6a891,portfolio_disclosure,,dbb80926-5e14-4d67-afcb-1a0ff44a202a,2026-07-31,https://www.icicipruamc.com/blob/downloads/Files/Fortnightly%20Portfolio%20Disclosures/2026/Fortnightly%20Debt%20Scheme%20Portfolio%20-%2031st%20July%202026.zip,xlsx,,{},2026-08-20 18:27:34.254386+00:00
fc6b1cba-6d58-47cf-81c7-3f35c5735c75,5c4f1aa7-1ea6-4a33-9678-831ccfd6a891,portfolio_disclosure,,c31725e1-a968-4aff-b6ee-ec22399e1545,2026-07-31,https://www.icicipruamc.com/blob/downloads/Files/Fortnightly%20Portfolio%20Disclosures/2026/Fortnightly%20Debt%20Scheme%20Portfolio%20-%2031st%20July%202026.zip,xlsx,,{},2026-08-20 18:27:34.254386+00:00
e99a75b5-b876-4960-9b5f-ea29b85cfcc4,5c4f1aa7-1ea6-4a33-9678-831ccfd6a891,portfolio_disclosure,,622ebaa0-c98a-4bdf-86fa-8f6caca4f48f,2026-07-31,https://www.icicipruamc.com/blob/downloads/Files/Fortnightly%20Portfolio%20Disclosures/2026/Fortnightly%20Debt%20Scheme%20Portfolio%20-%2031st%20July%202026.zip,xlsx,,{},2026-08-20 18:27:34.254386+00:00
91560148-3284-4a6f-896f-8974770e616d,5c4f1aa7-1ea6-4a33-9678-831ccfd6a891,portfolio_disclosure,,d40c7d98-358f-4511-8875-0d598556dba5,2026-07-31,https://www.icicipruamc.com/blob/downloads/Files/Fortnightly%20Portfolio%20Disclosures/2026/Fortnightly%20Debt%20Scheme%20Portfolio%20-%2031st%20July%202026.zip,xlsx,,{},2026-08-20 18:27:34.254386+00:00
86b6aa79-040d-4936-9dcc-f2f811c4861d,d1291544-dbc3-4ea9-8a0d-5b093aa867e8,portfolio_disclosure,,aa38dd68-4660-4a1b-b174-fd59e0c778fd,2021-02-28,https://www.dspim.com/media/pages/mandatory-disclosures/portfolio-disclosures/8ac7972f13-1757771552/dsp-debt-isin-portfolio-28th-feb-2021.xlsx,xlsx,,{},2026-08-21 22:09:57.953243+00:00
03dea92d-10fa-4437-94ec-8553a5bc7bfb,d1291544-dbc3-4ea9-8a0d-5b093aa867e8,portfolio_disclosure,,646d8ef3-03fa-43e8-8dec-4f4eb638210c,2021-02-28,https://www.dspim.com/media/pages/mandatory-disclosures/portfolio-disclosures/8ac7972f13-1757771552/dsp-debt-isin-portfolio-28th-feb-2021.xlsx,xlsx,,{},2026-08-21 22:09:57.953243+00:00
d0758781-fe01-488c-b182-459dbf6372ae,d1291544-dbc3-4ea9-8a0d-5b093aa867e8,portfolio_disclosure,,d63d2a0d-4ec8-49c9-8151-f219e714445f,2021-02-28,https://www.dspim.com/media/pages/mandatory-disclosures/portfolio-disclosures/8ac7972f13-1757771552/dsp-debt-isin-portfolio-28th-feb-2021.xlsx,xlsx,,{},2026-08-21 22:09:57.953243+00:00
df71ac02-ee8c-4fc1-9d8a-c4bde1d35e76,d1291544-dbc3-4ea9-8a0d-5b093aa867e8,portfolio_disclosure,,8b8a7181-1a62-463c-9637-38515e3a4973,2021-02-28,https://www.dspim.com/media/pages/mandatory-disclosures/portfolio-disclosures/8ac7972f13-1757771552/dsp-debt-isin-portfolio-28th-feb-2021.xlsx,xlsx,,{},2026-08-21 22:09:57.953243+00:00
1cdc058c-6065-45a6-9607-b93b92231062,d1291544-dbc3-4ea9-8a0d-5b093aa867e8,portfolio_disclosure,,aa29e284-5e02-4951-ae02-ed98535dc61e,2021-02-28,https://www.dspim.com/media/pages/mandatory-disclosures/portfolio-disclosures/8ac7972f13-1757771552/dsp-debt-isin-portfolio-28th-feb-2021.xlsx,xlsx,,{},2026-08-21 22:09:57.953243+00:00
50792452-fb48-404e-b606-38d4adfc65ba,d1291544-dbc3-4ea9-8a0d-5b093aa867e8,portfolio_disclosure,,81fe35a5-74ea-4bf9-8e50-d1961c83f0b2,2021-02-28,https://www.dspim.com/media/pages/mandatory-disclosures/portfolio-disclosures/8ac7972f13-1757771552/dsp-debt-isin-portfolio-28th-feb-2021.xlsx,xlsx,,{},2026-08-21 22:09:57.953243+00:00
c3a78644-3fd0-4b7f-b1a8-16187292c9b2,d1291544-dbc3-4ea9-8a0d-5b093aa867e8,portfolio_disclosure,,e3c71b64-92f1-4db4-a6f7-1c0008e69c4c,2021-02-28,https://www.dspim.com/media/pages/mandatory-disclosures/portfolio-disclosures/8ac7972f13-1757771552/dsp-debt-isin-portfolio-28th-feb-2021.xlsx,xlsx,,{},2026-08-21 22:09:57.953243+00:00
c2f9457e-1766-489f-8742-cf976b2cb865,d1291544-dbc3-4ea9-8a0d-5b093aa867e8,portfolio_disclosure,,bc6afebe-de89-4d43-a319-3a0352ead9be,2021-02-28,https://www.dspim.com/media/pages/mandatory-disclosures/portfolio-disclosures/8ac7972f13-1757771552/dsp-debt-isin-portfolio-28th-feb-2021.xlsx,xlsx,,{},2026-08-21 22:09:57.953243+00:00
7515ed2e-824b-458c-94d7-5b4f1b5c415e,d1291544-dbc3-4ea9-8a0d-5b093aa867e8,portfolio_disclosure,,be3d0090-6ce2-42d3-867b-cbc4169f1bd8,2021-02-28,https://www.dspim.com/media/pages/mandatory-disclosures/portfolio-disclosures/8ac7972f13-1757771552/dsp-debt-isin-portfolio-28th-feb-2021.xlsx,xlsx,,{},2026-08-21 22:09:57.953243+00:00
40355d40-f8cf-4b91-8870-dad819259458,d1291544-dbc3-4ea9-8a0d-5b093aa867e8,portfolio_disclosure,,2250b02f-3456-4a31-bd75-d1652ffcafe1,2021-02-28,https://www.dspim.com/media/pages/mandatory-disclosures/portfolio-disclosures/8ac7972f13-1757771552/dsp-debt-isin-portfolio-28th-feb-2021.xlsx,xlsx,,{},2026-08-21 22:09:57.953243+00:00
476fd373-7da0-4655-8f0a-bd7fea44b361,d1291544-dbc3-4ea9-8a0d-5b093aa867e8,portfolio_disclosure,,c2e525dc-59e0-4280-a933-f83575835e0b,2021-02-28,https://www.dspim.com/media/pages/mandatory-disclosures/portfolio-disclosures/8ac7972f13-1757771552/dsp-debt-isin-portfolio-28th-feb-2021.xlsx,xlsx,,{},2026-08-21 22:09:57.953243+00:00
c65fbf75-f0ee-4b77-bff4-e5c61cb37b1c,d1291544-dbc3-4ea9-8a0d-5b093aa867e8,portfolio_disclosure,,76edb5f1-8e40-46a5-849b-7f2125e7ab02,2021-02-28,https://www.dspim.com/media/pages/mandatory-disclosures/portfolio-disclosures/8ac7972f13-1757771552/dsp-debt-isin-portfolio-28th-feb-2021.xlsx,xlsx,,{},2026-08-21 22:09:57.953243+00:00
977033bd-2de4-4af2-b334-9a2ea1a85ce4,243eb530-0814-49ef-82e9-292c67d3e3e1,portfolio_disclosure,,e0613fb0-915b-48f5-b6fa-b8a886bd928a,2024-06-15,https://amc.ppfas.com/downloads/portfolio-disclosure/fortnightly-debt-portfolio-disclosure/2024/PPLF_Fortnightly_Portfolio_Report_15-june-2024.xlsx?19062024,xlsx,,{},2026-08-21 21:12:44.685290+00:00
4feaf07d-005e-4c83-bc71-4e4161aced8f,9866d7ce-1cab-4106-b8a3-a0649b4be59f,portfolio_disclosure,,e0613fb0-915b-48f5-b6fa-b8a886bd928a,2023-12-31,https://amc.ppfas.com/downloads/portfolio-disclosure/fortnightly-debt-portfolio-disclosure/2023/PPLF_Fortnightly_Portfolio_Report_31-december-2023.xlsx?04012024,xlsx,,{},2026-08-21 21:12:46.216603+00:00
2e86bffa-7723-4533-9c49-4530aa345919,5ba5281d-8dfb-4403-a116-a71e87b813bc,portfolio_disclosure,,2c1c7ca0-53cc-493f-b91e-3db1342a2475,2024-12-31,https://amc.ppfas.com/downloads/portfolio-disclosure/2024/PPFAS_Monthly_Portfolio_Report_December_31_2024.xlsx?09012025_1,xlsx,,{},2026-08-21 21:12:47.977247+00:00
243c5bf6-c11d-4316-b714-1ffb1513176d,e00fc171-9a8b-4569-86d3-8457e940f502,portfolio_disclosure,,38197fff-4221-443a-b134-7d15bd159df7,2026-08-22,https://amc.ppfas.com/downloads/portfolio-disclosure/fortnightly-debt-portfolio-disclosure/2022/PPLF_Fortnightly_Portfolio_Report_30-apr-2022.xlsx?04052022,xlsx,,{},2026-08-21 21:12:49.877982+00:00
fd6f3c18-c61e-46ba-92ce-746d6c84f5ff,90064f4d-03bb-4e87-b0ff-692a727a259d,portfolio_disclosure,,38197fff-4221-443a-b134-7d15bd159df7,2026-08-22,https://amc.ppfas.com/downloads/portfolio-disclosure/fortnightly-debt-portfolio-disclosure/2021/PPCHF_Fortnightly_Portfolio_Report_15-dec-2021.xlsx?15122021,xlsx,,{},2026-08-21 21:13:49.643643+00:00
21816aa8-0bb4-47bd-88b1-d976ecf120eb,19e33bf8-4d77-43a8-b161-dd14caf957e5,portfolio_disclosure,,ff7b16fe-a92e-4481-b4db-5e149a054324,2023-12-31,https://amc.ppfas.com/downloads/portfolio-disclosure/fortnightly-debt-portfolio-disclosure/2023/PPCHF_Fortnightly_Portfolio_Report_31-december-2023.xlsx?04012024,xlsx,,{},2026-08-21 21:13:50.582622+00:00
ae12cd4d-d890-43e4-a137-707609e1ff84,fdae30a6-808f-472a-a6f6-f190e66c1230,portfolio_disclosure,,e0613fb0-915b-48f5-b6fa-b8a886bd928a,2024-12-31,https://amc.ppfas.com/downloads/portfolio-disclosure/fortnightly-debt-portfolio-disclosure/2024/PPLF_Fortnightly_Portfolio_Report_31-december-2024.xlsx?04012025,xlsx,,{},2026-08-21 21:13:51.921610+00:00
7a57aba1-055a-46a5-b73b-a62bf4f9fa3a,c0bb0258-d42c-4842-bd83-8093a067f31c,portfolio_disclosure,,e0613fb0-915b-48f5-b6fa-b8a886bd928a,2023-09-30,https://amc.ppfas.com/downloads/portfolio-disclosure/fortnightly-debt-portfolio-disclosure/2023/PPLF_Fortnightly_Portfolio_Report_30-september-2023.xlsx?04102023,xlsx,,{},2026-08-21 21:13:52.503975+00:00
daffe4e7-4afc-4267-960c-2d8b7eac371a,c95f300a-e76d-4d93-a05e-6d1eb4fc9b98,portfolio_disclosure,,38197fff-4221-443a-b134-7d15bd159df7,2026-08-22,https://amc.ppfas.com/downloads/portfolio-disclosure/fortnightly-debt-portfolio-disclosure/2022/PPCHF_Fortnightly_Portfolio_Report_15-jul-2022.xlsx?19072022,xlsx,,{},2026-08-21 21:13:53.838945+00:00
dbd9bcb9-2bf5-403b-8bc1-81e9b7cec3c5,776a5897-fc9e-4010-a3d2-a1b7cc0c37a2,portfolio_disclosure,,38197fff-4221-443a-b134-7d15bd159df7,2026-08-22,https://amc.ppfas.com/downloads/portfolio-disclosure/fortnightly-debt-portfolio-disclosure/2022/PPLF_Fortnightly_Portfolio_Report_31-may-2022.xlsx?03062022,xlsx,,{},2026-08-21 21:13:55.025353+00:00
49721950-8841-4d22-8a0e-b82777cba130,d1838828-6a83-4d23-a87c-6cfbe9b9da1d,portfolio_disclosure,,e0613fb0-915b-48f5-b6fa-b8a886bd928a,2024-01-31,https://amc.ppfas.com/downloads/portfolio-disclosure/fortnightly-debt-portfolio-disclosure/2024/PPLF_Fortnightly_Portfolio_Report_31-january-2024.xlsx?02022024,xlsx,,{},2026-08-21 21:13:56.334720+00:00
b0b36d34-9566-4e51-a948-e3cf1cb08e54,47226d7e-ad68-48d2-94b8-972de5b86851,portfolio_disclosure,,39bd5974-4c82-4457-bfd8-bfead40cd71f,2023-03-31,https://www.dspim.com/media/pages/mandatory-disclosures/portfolio-disclosures/7324b1bb26-1757771553/dsp-isin-debt-portfolio-as-on-31st-march-2023.xlsx,xlsx,,{},2026-08-21 21:14:00.434758+00:00
839abda4-c6da-49e9-a863-e18d1681f63c,47226d7e-ad68-48d2-94b8-972de5b86851,portfolio_disclosure,,4c0b62ae-5310-4f78-9daf-9dc2c317b347,2023-03-31,https://www.dspim.com/media/pages/mandatory-disclosures/portfolio-disclosures/7324b1bb26-1757771553/dsp-isin-debt-portfolio-as-on-31st-march-2023.xlsx,xlsx,,{},2026-08-21 21:14:00.434758+00:00
eefd9c1f-2e6f-400e-84af-0073d5a9653f,79c73bdd-1211-4f6e-b49f-2e187485a8c0,portfolio_disclosure,,39bd5974-4c82-4457-bfd8-bfead40cd71f,2024-10-15,https://www.dspim.com/media/pages/mandatory-disclosures/portfolio-disclosures/07366c929e-1757771552/dsp-isin-debt-fortnightly-portfolio-as-on-15-oct-2024.xlsx,xlsx,,{},2026-08-21 21:14:02.340648+00:00
cd70f762-bd50-4eaa-b46b-f5946f9e3c62,79c73bdd-1211-4f6e-b49f-2e187485a8c0,portfolio_disclosure,,4c0b62ae-5310-4f78-9daf-9dc2c317b347,2024-10-15,https://www.dspim.com/media/pages/mandatory-disclosures/portfolio-disclosures/07366c929e-1757771552/dsp-isin-debt-fortnightly-portfolio-as-on-15-oct-2024.xlsx,xlsx,,{},2026-08-21 21:14:02.340648+00:00
f71f26ca-7f5e-4afb-ab2e-50c1543f3d39,f0ff6378-fed0-48b7-acca-cadfaa68d2d7,portfolio_disclosure,,39bd5974-4c82-4457-bfd8-bfead40cd71f,2023-08-15,https://www.dspim.com/media/pages/mandatory-disclosures/portfolio-disclosures/7229213a5d-1757771552/dsp-isin-debt-liquid-etf-portfolio-as-on-aug-15-2023.xlsx,xlsx,,{},2026-08-21 21:14:04.329665+00:00
0894ae83-9db4-433c-a372-2dc2b793ff4f,f0ff6378-fed0-48b7-acca-cadfaa68d2d7,portfolio_disclosure,,4c0b62ae-5310-4f78-9daf-9dc2c317b347,2023-08-15,https://www.dspim.com/media/pages/mandatory-disclosures/portfolio-disclosures/7229213a5d-1757771552/dsp-isin-debt-liquid-etf-portfolio-as-on-aug-15-2023.xlsx,xlsx,,{},2026-08-21 21:14:04.329665+00:00
93cd1572-2965-408c-bf0c-0e7081fdda31,31c5b5d1-f520-4888-8030-8dbeb4e6ea80,portfolio_disclosure,,4c0b62ae-5310-4f78-9daf-9dc2c317b347,2023-07-15,https://www.dspim.com/media/pages/mandatory-disclosures/portfolio-disclosures/3e2251296a-1757771552/dsp-isin-debt-portfolio-as-on-15-jul-2023.xlsx,xlsx,,{},2026-08-20 18:51:23.092496+00:00
2b738830-7b3b-40b4-999d-5c45111f5b38,295bfe5a-f73b-4fe1-bcce-1aa995af1fbc,portfolio_disclosure,,ffaefeac-3471-45d5-9b6f-afecb46d1594,2024-01-31,https://www.dspim.com/media/pages/mandatory-disclosures/portfolio-disclosures/6fd07c04dc-1757771557/monthend-portfolio-january-2024.zip,xlsx,,{},2026-08-21 21:14:08.114007+00:00
bcdf4911-02e5-44e5-8e50-ee3043247a87,295bfe5a-f73b-4fe1-bcce-1aa995af1fbc,portfolio_disclosure,,8e2309f6-64fc-45f0-87f8-52778c2d1c44,2024-01-31,https://www.dspim.com/media/pages/mandatory-disclosures/portfolio-disclosures/6fd07c04dc-1757771557/monthend-portfolio-january-2024.zip,xlsx,,{},2026-08-21 21:14:08.114007+00:00
28722912-41cb-4482-b77c-6ed432b21f19,80939982-eb03-4c1e-8ff1-08dda9f18efd,portfolio_disclosure,,ba387939-3110-433d-b6b9-c37b33929d6b,2023-05-31,https://www.dspim.com/media/pages/mandatory-disclosures/portfolio-disclosures/cd8dd02901-1757771554/dsp-monthend-portfolio-as-on-may-2023.zip,xlsx,,{},2026-08-21 21:14:11.807996+00:00
7e10252d-93ee-4cba-92ec-64c7426b3fa0,80939982-eb03-4c1e-8ff1-08dda9f18efd,portfolio_disclosure,,8165cdd5-5448-4051-bc90-a67f523731d5,2023-05-31,https://www.dspim.com/media/pages/mandatory-disclosures/portfolio-disclosures/cd8dd02901-1757771554/dsp-monthend-portfolio-as-on-may-2023.zip,xlsx,,{},2026-08-21 21:14:11.807996+00:00
d102e696-3b9e-4956-9e42-54221706561a,1544249d-67f4-4a5a-9c6d-869bf9dbf710,portfolio_disclosure,,d2873dad-e4f1-400d-b1af-6a584ca36850,2014-03-31,https://www.dspim.com/media/pages/mandatory-disclosures/portfolio-disclosures/7e88391847-1757771556/month_end_portfolio_disclosure_march-20144783ceb8a31c664285b8ff02003db0a3.zip,xlsx,,{},2026-08-21 21:14:14.563491+00:00
cafe6ce1-767c-4c88-bd46-5f3db008a6a9,1544249d-67f4-4a5a-9c6d-869bf9dbf710,portfolio_disclosure,,c3792802-13eb-4cef-9282-c8902cdf76c3,2014-03-31,https://www.dspim.com/media/pages/mandatory-disclosures/portfolio-disclosures/7e88391847-1757771556/month_end_portfolio_disclosure_march-20144783ceb8a31c664285b8ff02003db0a3.zip,xlsx,,{},2026-08-21 21:14:14.563491+00:00
daaf64fc-98f1-4537-862c-dd53d6d06e6a,919fa746-caa0-45a4-9a4c-22681a2bae8c,portfolio_disclosure,,39bd5974-4c82-4457-bfd8-bfead40cd71f,2022-04-15,https://www.dspim.com/media/pages/mandatory-disclosures/portfolio-disclosures/6c3816c53b-1757771552/dsp-isin-debt-portfolio-as-on-15th-april-2022.xlsx,xlsx,,{},2026-08-20 18:52:25.360644+00:00
dce2595a-9d00-4881-ae49-79b158052718,919fa746-caa0-45a4-9a4c-22681a2bae8c,portfolio_disclosure,,4c0b62ae-5310-4f78-9daf-9dc2c317b347,2022-04-15,https://www.dspim.com/media/pages/mandatory-disclosures/portfolio-disclosures/6c3816c53b-1757771552/dsp-isin-debt-portfolio-as-on-15th-april-2022.xlsx,xlsx,,{},2026-08-20 18:52:25.360644+00:00
1edf2d66-7d7b-4c57-9f8e-06531adfe9bc,ad07e1fe-3446-4841-a806-723f98c5a6bf,portfolio_disclosure,,39bd5974-4c82-4457-bfd8-bfead40cd71f,2021-02-15,https://www.dspim.com/media/pages/mandatory-disclosures/portfolio-disclosures/c7cbb32a06-1757771552/dsp-isin-debt-portfolio-15th-feb-2021.xlsx,xlsx,,{},2026-08-21 21:14:29.109757+00:00
f2ae619d-e122-403a-9e3d-9ed8564c7bd9,ad07e1fe-3446-4841-a806-723f98c5a6bf,portfolio_disclosure,,4c0b62ae-5310-4f78-9daf-9dc2c317b347,2021-02-15,https://www.dspim.com/media/pages/mandatory-disclosures/portfolio-disclosures/c7cbb32a06-1757771552/dsp-isin-debt-portfolio-15th-feb-2021.xlsx,xlsx,,{},2026-08-21 21:14:29.109757+00:00
f2d96b38-fcb6-4a15-8ce2-36f75fcb8b96,d27ebc00-f83a-4e96-bfb2-c89305b2d370,portfolio_disclosure,,854e7d7f-4d0e-4d3f-bea2-97ea713f7d8f,2019-11-30,https://www.dspim.com/media/pages/mandatory-disclosures/portfolio-disclosures/972df09a17-1757771556/month_end_portfolio_disclosure_november2019.zip,xlsx,,{},2026-08-21 21:14:32.952200+00:00
77755753-a081-4e06-ab74-81b9733cc641,d27ebc00-f83a-4e96-bfb2-c89305b2d370,portfolio_disclosure,,d4b41808-bdfc-4788-9b22-c4fac2909385,2019-11-30,https://www.dspim.com/media/pages/mandatory-disclosures/portfolio-disclosures/972df09a17-1757771556/month_end_portfolio_disclosure_november2019.zip,xlsx,,{},2026-08-21 21:14:32.952200+00:00
8f4500b9-0287-4d8b-9889-f6e1957c74b8,ddf94591-38ab-4764-aef1-cca826731434,portfolio_disclosure,,39bd5974-4c82-4457-bfd8-bfead40cd71f,2022-01-15,https://www.dspim.com/media/pages/mandatory-disclosures/portfolio-disclosures/698bc1aa33-1757771554/dsp-isin-debt-portfolio-as-on-january-15-2022.xlsx,xlsx,,{},2026-08-21 21:14:41.550315+00:00
75979b86-8ac1-491a-bdb7-906ad8c4b7e6,ddf94591-38ab-4764-aef1-cca826731434,portfolio_disclosure,,4c0b62ae-5310-4f78-9daf-9dc2c317b347,2022-01-15,https://www.dspim.com/media/pages/mandatory-disclosures/portfolio-disclosures/698bc1aa33-1757771554/dsp-isin-debt-portfolio-as-on-january-15-2022.xlsx,xlsx,,{},2026-08-21 21:14:41.550315+00:00
d2ce885b-b6cf-46f5-9a2d-c0c1af0cc4a9,b19ef5f0-b5a6-4c58-8109-bcef6ee2cea8,portfolio_disclosure,,39bd5974-4c82-4457-bfd8-bfead40cd71f,2022-10-31,https://www.dspim.com/media/pages/mandatory-disclosures/portfolio-disclosures/fb46ca7deb-1757771554/dsp-isin-debt-portfolio-as-on-31st-october-2022.xlsx,xlsx,,{},2026-08-21 21:14:43.161024+00:00
4cce3462-f95d-4a6f-8906-c5f90b068096,b19ef5f0-b5a6-4c58-8109-bcef6ee2cea8,portfolio_disclosure,,4c0b62ae-5310-4f78-9daf-9dc2c317b347,2022-10-31,https://www.dspim.com/media/pages/mandatory-disclosures/portfolio-disclosures/fb46ca7deb-1757771554/dsp-isin-debt-portfolio-as-on-31st-october-2022.xlsx,xlsx,,{},2026-08-21 21:14:43.161024+00:00
ac346f12-bf80-4e0c-a946-5c6e29876e6c,01f311e7-e8a4-44e3-a375-d28d5999a7ee,portfolio_disclosure,,f2d09f3b-9ce7-4876-a02a-20a5f6601174,2026-08-22,https://www.dspim.com/media/pages/mandatory-disclosures/portfolio-disclosures/c3dce6bab2-1757771554/half-yearly-portfolio_march-2025.zip,xlsx,,{},2026-08-21 21:14:46.293872+00:00
5bbfb76f-2318-4351-8b75-5c8f42a7975a,01f311e7-e8a4-44e3-a375-d28d5999a7ee,portfolio_disclosure,,2bc3f3f9-40f9-4977-9cea-b959758f42a2,2025-03-31,https://www.dspim.com/media/pages/mandatory-disclosures/portfolio-disclosures/c3dce6bab2-1757771554/half-yearly-portfolio_march-2025.zip,xlsx,,{},2026-08-21 21:14:46.293872+00:00
17289d9a-80f6-4d95-bc74-ce1606fe2314,fafe684c-a2c0-43ad-9949-012d2a74f058,portfolio_disclosure,,b89695c0-e56f-4b87-8df9-ac335da42f25,2015-01-31,https://www.dspim.com/media/pages/mandatory-disclosures/portfolio-disclosures/60959ad277-1757771555/month_end_portfolio_disclosure_january2015.zip,xlsx,,{},2026-08-21 21:14:48.601174+00:00
0975b681-16a5-4692-b60a-a5530ff639fd,fafe684c-a2c0-43ad-9949-012d2a74f058,portfolio_disclosure,,31bd699f-7350-4030-9476-8b3be39ed8fc,2015-01-31,https://www.dspim.com/media/pages/mandatory-disclosures/portfolio-disclosures/60959ad277-1757771555/month_end_portfolio_disclosure_january2015.zip,xlsx,,{},2026-08-21 21:14:48.601174+00:00
f7cc29e0-c9cb-4990-acad-35a1e9bc10d1,ff95c8f1-f157-4a45-a215-f692db1a1cac,portfolio_disclosure,,2c1c7ca0-53cc-493f-b91e-3db1342a2475,2023-06-30,https://amc.ppfas.com/downloads/portfolio-disclosure/2023/PPFAS_Monthly_Portfolio_Report_June_30_2023.xls?07072023,xlsx,,{},2026-08-21 21:29:05.831987+00:00
837e4846-ce07-40c0-abc1-0a3f8198ebb6,06189d86-b1ed-4b11-bdaf-561a0b9d6d95,portfolio_disclosure,,ff7b16fe-a92e-4481-b4db-5e149a054324,2023-05-31,https://amc.ppfas.com/downloads/portfolio-disclosure/fortnightly-debt-portfolio-disclosure/2023/PPCHF_Fortnightly_Portfolio_Report_31-may-2023.xlsx?05062023,xlsx,,{},2026-08-21 21:29:07.708844+00:00
57a8fb40-ea9d-4894-a367-ae56a7d10ab2,741f5302-e743-442c-82db-515b77fe7222,portfolio_disclosure,,e9785026-aae3-44e6-a5ac-b9dac3a6ef61,2018-02-28,https://www.dspim.com/media/pages/mandatory-disclosures/portfolio-disclosures/25d7c0c36a-1757771555/month_end_portfolio_disclosure_feb2018.zip,xlsx,,{},2026-08-21 21:29:09.797592+00:00
eadaeb97-64fb-41dd-ad54-029caf944df3,741f5302-e743-442c-82db-515b77fe7222,portfolio_disclosure,,b28ad741-174f-4780-8e97-3144fb5325fe,2018-02-28,https://www.dspim.com/media/pages/mandatory-disclosures/portfolio-disclosures/25d7c0c36a-1757771555/month_end_portfolio_disclosure_feb2018.zip,xlsx,,{},2026-08-21 21:29:09.797592+00:00
bd1f57ac-5c8b-45b5-b7b8-912845a89514,f27bfd62-9c6d-409a-8e31-77884b8702a1,portfolio_disclosure,,0f9e6e42-6c65-4d84-83cf-df45d8848418,2022-09-30,https://www.dspim.com/media/pages/mandatory-disclosures/portfolio-disclosures/54a242f8ef-1757771557/monthend-portfolio-september-30-2022.zip,xlsx,,{},2026-08-21 21:29:22.738176+00:00
7fd24089-c4db-4716-9c73-59d33ca01fa5,f27bfd62-9c6d-409a-8e31-77884b8702a1,portfolio_disclosure,,eb908a55-9b79-41dc-961f-8ae89fbeaa67,2022-09-30,https://www.dspim.com/media/pages/mandatory-disclosures/portfolio-disclosures/54a242f8ef-1757771557/monthend-portfolio-september-30-2022.zip,xlsx,,{},2026-08-21 21:29:22.738176+00:00
462f194c-364d-4315-9d75-9f25a6b246ac,2e7e6377-dbc4-41bb-92d9-2e3e301b8a5f,portfolio_disclosure,,a4dbe139-1452-4612-bea6-d5bd818912dd,2021-03-31,https://www.dspim.com/media/pages/mandatory-disclosures/portfolio-disclosures/abcec5bfdb-1757771556/month_end_portfolio_disclosure_march2021.zip,xlsx,,{},2026-08-21 21:29:24.728277+00:00
7a992e5b-d35b-4a93-8961-a3281dea0d7a,2e7e6377-dbc4-41bb-92d9-2e3e301b8a5f,portfolio_disclosure,,11f42d3b-4055-404b-8506-8bec540727c4,2021-03-31,https://www.dspim.com/media/pages/mandatory-disclosures/portfolio-disclosures/abcec5bfdb-1757771556/month_end_portfolio_disclosure_march2021.zip,xlsx,,{},2026-08-21 21:29:24.728277+00:00
6f2455be-85a3-496e-9b77-02e1829cb06c,c0f4336b-c18e-41dc-822b-03a13bfe46a7,portfolio_disclosure,,39bd5974-4c82-4457-bfd8-bfead40cd71f,2022-09-15,https://www.dspim.com/media/pages/mandatory-disclosures/portfolio-disclosures/9c42a2e4b4-1757771553/dsp-isin-debt-portfolio-as-on-15th-september-2022.xlsx,xlsx,,{},2026-08-21 21:29:29.262771+00:00
c4d59f32-2f19-4d33-b524-a84074439a61,c0f4336b-c18e-41dc-822b-03a13bfe46a7,portfolio_disclosure,,4c0b62ae-5310-4f78-9daf-9dc2c317b347,2022-09-15,https://www.dspim.com/media/pages/mandatory-disclosures/portfolio-disclosures/9c42a2e4b4-1757771553/dsp-isin-debt-portfolio-as-on-15th-september-2022.xlsx,xlsx,,{},2026-08-21 21:29:29.262771+00:00
712e28c1-fa8e-48d0-b970-ae9064471009,7cfdd03d-1932-4217-b441-9726db418646,portfolio_disclosure,,39bd5974-4c82-4457-bfd8-bfead40cd71f,2024-09-15,https://www.dspim.com/media/pages/mandatory-disclosures/portfolio-disclosures/323ea89ead-1757771552/dsp-isin-debt-fortnightly-portfolio-as-on-15-sep-2024.xlsx,xlsx,,{},2026-08-21 21:29:30.894326+00:00
272c73f1-a884-4eb8-9bf2-612fb73e383e,7cfdd03d-1932-4217-b441-9726db418646,portfolio_disclosure,,4c0b62ae-5310-4f78-9daf-9dc2c317b347,2024-09-15,https://www.dspim.com/media/pages/mandatory-disclosures/portfolio-disclosures/323ea89ead-1757771552/dsp-isin-debt-fortnightly-portfolio-as-on-15-sep-2024.xlsx,xlsx,,{},2026-08-21 21:29:30.894326+00:00
5ddf9e7e-4696-42c3-903c-803e501706ad,a88e3b77-f3b4-48ae-853d-058d87f674fa,portfolio_disclosure,,0ce352ca-e244-464f-a5e2-8b6cd8a5355b,2019-04-30,https://www.dspim.com/media/pages/mandatory-disclosures/portfolio-disclosures/dce0c21cfe-1757771555/month_end_portfolio_disclosure_apr2019.zip,xlsx,,{},2026-08-21 21:29:32.985713+00:00
ba8142e1-d618-4a3a-91d3-a8e6099a190b,a88e3b77-f3b4-48ae-853d-058d87f674fa,portfolio_disclosure,,a58607d5-d08b-4d28-ad8b-15c02d2c2669,2019-04-30,https://www.dspim.com/media/pages/mandatory-disclosures/portfolio-disclosures/dce0c21cfe-1757771555/month_end_portfolio_disclosure_apr2019.zip,xlsx,,{},2026-08-21 21:29:32.985713+00:00
ffe4ca8a-a988-45af-9b99-defd3bacad13,e5cde64e-f1d1-465c-8278-eaee2ab815d2,portfolio_disclosure,,12b4049b-34eb-4854-b69e-00a551a582b0,2015-09-30,https://www.dspim.com/media/pages/mandatory-disclosures/portfolio-disclosures/bd1117b16b-1757771557/month_end_portfolio_disclosure_sept2015.zip,xlsx,,{},2026-08-21 21:29:46.547498+00:00
7de1702e-b3da-44a3-ab56-d1b671ccbf37,e5cde64e-f1d1-465c-8278-eaee2ab815d2,portfolio_disclosure,,bbe3ac16-ab74-40b4-a1b1-f0fd2ca0ea2a,2015-09-30,https://www.dspim.com/media/pages/mandatory-disclosures/portfolio-disclosures/bd1117b16b-1757771557/month_end_portfolio_disclosure_sept2015.zip,xlsx,,{},2026-08-21 21:29:46.547498+00:00
06d6c756-84b5-458e-a0a2-6256de796940,e5cde64e-f1d1-465c-8278-eaee2ab815d2,portfolio_disclosure,,bbe3ac16-ab74-40b4-a1b1-f0fd2ca0ea2a,2026-08-22,https://www.dspim.com/media/pages/mandatory-disclosures/portfolio-disclosures/bd1117b16b-1757771557/month_end_portfolio_disclosure_sept2015.zip,xlsx,,{},2026-08-21 21:29:46.547498+00:00
8c5bef54-2484-42aa-b9f7-0dc31ecfa202,b91ec627-5c15-4d07-886f-af4ef488e449,portfolio_disclosure,,be33a7e3-57da-4e55-90c7-9b0d689352c4,2026-08-15,https://www.invescomutualfund.com/docs/default-source/fortnightly-holdings/banking-and-psue53efe07eee8616aaa28ff00007d74af.xlsx?sfvrsn=ced69fc2_0,xlsx,,{},2026-08-21 21:30:35.785817+00:00
652d26ac-6d4c-448d-93b8-dd6c68d99cca,e91abfcf-9957-43ae-ba4d-0c84bba6f3b9,portfolio_disclosure,,375378d3-7e30-4ab5-87da-0dbd54bf8388,2026-08-15,https://www.icicipruamc.com/blob/downloads/Files/Fortnightly%20Portfolio%20Disclosures/2026/Fortnightly%20Debt%20Scheme%20Portfolio%20-%2015th%20August%202026.zip,xlsx,,{},2026-08-20 18:27:27.381838+00:00
7dbca07c-36f5-4c0f-999c-55259291d35b,e91abfcf-9957-43ae-ba4d-0c84bba6f3b9,portfolio_disclosure,,20e22757-6a93-4e58-8102-396ba968f1ba,2026-08-15,https://www.icicipruamc.com/blob/downloads/Files/Fortnightly%20Portfolio%20Disclosures/2026/Fortnightly%20Debt%20Scheme%20Portfolio%20-%2015th%20August%202026.zip,xlsx,,{},2026-08-20 18:27:27.381838+00:00
a4fdb204-1413-480b-8258-96c685c5ad2f,e91abfcf-9957-43ae-ba4d-0c84bba6f3b9,portfolio_disclosure,,98066e78-446d-4158-912d-b4978e253dc7,2026-08-15,https://www.icicipruamc.com/blob/downloads/Files/Fortnightly%20Portfolio%20Disclosures/2026/Fortnightly%20Debt%20Scheme%20Portfolio%20-%2015th%20August%202026.zip,xlsx,,{},2026-08-20 18:27:27.381838+00:00
1ca6f47c-fa96-42ed-8c1f-63000422416c,e91abfcf-9957-43ae-ba4d-0c84bba6f3b9,portfolio_disclosure,,26c2b3d7-2605-4d94-b305-1f1fd1ee2e2a,2026-08-15,https://www.icicipruamc.com/blob/downloads/Files/Fortnightly%20Portfolio%20Disclosures/2026/Fortnightly%20Debt%20Scheme%20Portfolio%20-%2015th%20August%202026.zip,xlsx,,{},2026-08-20 18:27:27.381838+00:00
655d0c40-f674-4fa0-b874-43aef33824ab,e91abfcf-9957-43ae-ba4d-0c84bba6f3b9,portfolio_disclosure,,3912b974-ea04-47af-b408-177699089230,2026-08-15,https://www.icicipruamc.com/blob/downloads/Files/Fortnightly%20Portfolio%20Disclosures/2026/Fortnightly%20Debt%20Scheme%20Portfolio%20-%2015th%20August%202026.zip,xlsx,,{},2026-08-20 18:27:27.381838+00:00
584ca2f6-d6ac-4e86-8509-84cb319bc555,e91abfcf-9957-43ae-ba4d-0c84bba6f3b9,portfolio_disclosure,,b68a3748-3e94-4b91-99e3-80c273548326,2026-08-15,https://www.icicipruamc.com/blob/downloads/Files/Fortnightly%20Portfolio%20Disclosures/2026/Fortnightly%20Debt%20Scheme%20Portfolio%20-%2015th%20August%202026.zip,xlsx,,{},2026-08-20 18:27:27.381838+00:00
adaa4bb6-4b79-41b6-a9ba-802cce78f162,e91abfcf-9957-43ae-ba4d-0c84bba6f3b9,portfolio_disclosure,,965baf1f-07d2-44f6-9730-bbcfbc0f8ddb,2026-08-15,https://www.icicipruamc.com/blob/downloads/Files/Fortnightly%20Portfolio%20Disclosures/2026/Fortnightly%20Debt%20Scheme%20Portfolio%20-%2015th%20August%202026.zip,xlsx,,{},2026-08-20 18:27:27.381838+00:00
ce62039d-e0a0-4bb0-956d-c6a0dd07d992,e91abfcf-9957-43ae-ba4d-0c84bba6f3b9,portfolio_disclosure,,d8edc81e-2fad-46a1-9146-8b6b50825cf9,2026-08-15,https://www.icicipruamc.com/blob/downloads/Files/Fortnightly%20Portfolio%20Disclosures/2026/Fortnightly%20Debt%20Scheme%20Portfolio%20-%2015th%20August%202026.zip,xlsx,,{},2026-08-20 18:27:27.381838+00:00
ed3830c4-3831-4c2e-906f-721b8b63d57a,e91abfcf-9957-43ae-ba4d-0c84bba6f3b9,portfolio_disclosure,,aa5cecc8-e924-4c4c-81b7-3fb389e01179,2026-08-15,https://www.icicipruamc.com/blob/downloads/Files/Fortnightly%20Portfolio%20Disclosures/2026/Fortnightly%20Debt%20Scheme%20Portfolio%20-%2015th%20August%202026.zip,xlsx,,{},2026-08-20 18:27:27.381838+00:00
5db946c2-cfcd-464d-9ea6-d1f239e9d141,e91abfcf-9957-43ae-ba4d-0c84bba6f3b9,portfolio_disclosure,,63e0372c-6dd1-4f45-8dde-5c7017fe5d76,2026-08-15,https://www.icicipruamc.com/blob/downloads/Files/Fortnightly%20Portfolio%20Disclosures/2026/Fortnightly%20Debt%20Scheme%20Portfolio%20-%2015th%20August%202026.zip,xlsx,,{},2026-08-20 18:27:27.381838+00:00
8ab0fbf7-d3ba-4fba-bbe6-fd93559be929,2da1dcf0-4e26-4df6-a2f1-ef3bb0320305,portfolio_disclosure,,aa5cecc8-e924-4c4c-81b7-3fb389e01179,2026-08-15,https://www.invescomutualfund.com/docs/default-source/fortnightly-holdings/money-market2b3ffe07eee8616aaa28ff00007d74af.xlsx?sfvrsn=34d79fc2_0,xlsx,,{},2026-08-21 21:30:33.090558+00:00
79486553-8953-4d56-a07c-278e7efebaec,6266698a-da3e-4824-85f8-d7bd3d903e5a,portfolio_disclosure,,e0613fb0-915b-48f5-b6fa-b8a886bd928a,2026-08-15,https://www.invescomutualfund.com/docs/default-source/fortnightly-holdings/credit-risk083ffe07eee8616aaa28ff00007d74af.xlsx?sfvrsn=13d79fc2_0,xlsx,,{},2026-08-21 21:30:37.325340+00:00
1a2f8726-6dc4-4e09-a40d-32c952911f3f,61691530-9feb-4a0c-9dab-5a951dd5557f,portfolio_disclosure,,a4520012-3e38-4813-b74d-91e9e0c49554,2026-08-15,https://www.invescomutualfund.com/docs/default-source/fortnightly-holdings/nifty-g-sec-jul-20279f3efe07eee8616aaa28ff00007d74af.xlsx?sfvrsn=88d69fc2_0,xlsx,,{},2026-08-21 21:30:38.454628+00:00
823a0d17-dfd8-4bc5-9a90-530df705cf0b,984943e9-fced-4681-a784-8d3b59b4d8b6,portfolio_disclosure,,56c2aa6a-07f7-44ea-af7c-1edb48b98901,2026-08-15,https://www.invescomutualfund.com/docs/default-source/fortnightly-holdings/ultra-short-durationcd3ffe07eee8616aaa28ff00007d74af.xlsx?sfvrsn=d6d79fc2_0,xlsx,,{},2026-08-21 21:30:42.629679+00:00
0fb35990-2edf-4c82-acdf-67ed203bbfc3,04cf057a-5302-4ab1-8ffa-f23a9892ca3d,portfolio_disclosure,,56c2aa6a-07f7-44ea-af7c-1edb48b98901,2026-08-15,https://www.invescomutualfund.com/docs/default-source/fortnightly-holdings/short-duration1340fe07eee8616aaa28ff00007d74af.xlsx?sfvrsn=1ca89fc2_0,xlsx,,{},2026-08-21 21:30:44.711958+00:00
a69ae4b1-bb4d-455d-9636-6caf89ea1c4e,e5526ce5-5198-47e8-8ea8-c908f9dc867b,portfolio_disclosure,,e0613fb0-915b-48f5-b6fa-b8a886bd928a,2026-08-15,https://www.invescomutualfund.com/docs/default-source/fortnightly-holdings/liquid-fund763ffe07eee8616aaa28ff00007d74af.xlsx?sfvrsn=61d79fc2_0,xlsx,,{},2026-08-21 21:30:46.899330+00:00
b40cf58b-d2eb-436d-ab72-349c0d8d57c7,e91abfcf-9957-43ae-ba4d-0c84bba6f3b9,portfolio_disclosure,,dbb80926-5e14-4d67-afcb-1a0ff44a202a,2026-08-15,https://www.icicipruamc.com/blob/downloads/Files/Fortnightly%20Portfolio%20Disclosures/2026/Fortnightly%20Debt%20Scheme%20Portfolio%20-%2015th%20August%202026.zip,xlsx,,{},2026-08-20 18:27:27.381838+00:00
92aea0ea-7604-4dc9-8260-93a9c94afc25,e91abfcf-9957-43ae-ba4d-0c84bba6f3b9,portfolio_disclosure,,c31725e1-a968-4aff-b6ee-ec22399e1545,2026-08-15,https://www.icicipruamc.com/blob/downloads/Files/Fortnightly%20Portfolio%20Disclosures/2026/Fortnightly%20Debt%20Scheme%20Portfolio%20-%2015th%20August%202026.zip,xlsx,,{},2026-08-20 18:27:27.381838+00:00
b0b2757f-3df0-4709-815b-694fadfae7bd,e91abfcf-9957-43ae-ba4d-0c84bba6f3b9,portfolio_disclosure,,622ebaa0-c98a-4bdf-86fa-8f6caca4f48f,2026-08-15,https://www.icicipruamc.com/blob/downloads/Files/Fortnightly%20Portfolio%20Disclosures/2026/Fortnightly%20Debt%20Scheme%20Portfolio%20-%2015th%20August%202026.zip,xlsx,,{},2026-08-20 18:27:27.381838+00:00
25727823-644c-4cb9-bd59-29ca0b0fa125,e91abfcf-9957-43ae-ba4d-0c84bba6f3b9,portfolio_disclosure,,d40c7d98-358f-4511-8875-0d598556dba5,2026-08-15,https://www.icicipruamc.com/blob/downloads/Files/Fortnightly%20Portfolio%20Disclosures/2026/Fortnightly%20Debt%20Scheme%20Portfolio%20-%2015th%20August%202026.zip,xlsx,,{},2026-08-20 18:27:27.381838+00:00
48421fea-0990-44d2-8cd3-bc31fd405b1b,e91abfcf-9957-43ae-ba4d-0c84bba6f3b9,portfolio_disclosure,,53124c6a-8134-4ae7-a1c4-7f431cd78c02,2026-08-15,https://www.icicipruamc.com/blob/downloads/Files/Fortnightly%20Portfolio%20Disclosures/2026/Fortnightly%20Debt%20Scheme%20Portfolio%20-%2015th%20August%202026.zip,xlsx,,{},2026-08-20 18:27:27.381838+00:00
e7269de9-6717-4dac-a60b-27564543868b,e91abfcf-9957-43ae-ba4d-0c84bba6f3b9,portfolio_disclosure,,ee48130b-8fca-4ed0-afd2-00a220026270,2026-08-15,https://www.icicipruamc.com/blob/downloads/Files/Fortnightly%20Portfolio%20Disclosures/2026/Fortnightly%20Debt%20Scheme%20Portfolio%20-%2015th%20August%202026.zip,xlsx,,{},2026-08-20 18:27:27.381838+00:00
8589d619-9298-49c1-91a2-9936464b5078,e91abfcf-9957-43ae-ba4d-0c84bba6f3b9,portfolio_disclosure,,a61ed046-fa42-4c77-b058-189a2d78ff97,2026-08-15,https://www.icicipruamc.com/blob/downloads/Files/Fortnightly%20Portfolio%20Disclosures/2026/Fortnightly%20Debt%20Scheme%20Portfolio%20-%2015th%20August%202026.zip,xlsx,,{},2026-08-20 18:27:27.381838+00:00
9fd26d58-f7aa-482b-a823-b75791e37412,e91abfcf-9957-43ae-ba4d-0c84bba6f3b9,portfolio_disclosure,,c66d488f-708e-4be7-920b-e553973ff0c3,2026-08-15,https://www.icicipruamc.com/blob/downloads/Files/Fortnightly%20Portfolio%20Disclosures/2026/Fortnightly%20Debt%20Scheme%20Portfolio%20-%2015th%20August%202026.zip,xlsx,,{},2026-08-20 18:27:27.381838+00:00
650a2c4a-dca1-492d-990c-0cd977ef4917,e91abfcf-9957-43ae-ba4d-0c84bba6f3b9,portfolio_disclosure,,fad97361-7dd4-49f1-9ac6-804f4baec973,2026-08-15,https://www.icicipruamc.com/blob/downloads/Files/Fortnightly%20Portfolio%20Disclosures/2026/Fortnightly%20Debt%20Scheme%20Portfolio%20-%2015th%20August%202026.zip,xlsx,,{},2026-08-20 18:27:27.381838+00:00
d4999293-3c9d-4ff9-b812-7ed5597b972a,e91abfcf-9957-43ae-ba4d-0c84bba6f3b9,portfolio_disclosure,,e26a0e39-ae1a-4875-8429-3f73c5109441,2026-08-15,https://www.icicipruamc.com/blob/downloads/Files/Fortnightly%20Portfolio%20Disclosures/2026/Fortnightly%20Debt%20Scheme%20Portfolio%20-%2015th%20August%202026.zip,xlsx,,{},2026-08-20 18:27:27.381838+00:00
8cc281e0-a91e-43dd-883d-3786672e2811,5c4f1aa7-1ea6-4a33-9678-831ccfd6a891,portfolio_disclosure,,53124c6a-8134-4ae7-a1c4-7f431cd78c02,2026-07-31,https://www.icicipruamc.com/blob/downloads/Files/Fortnightly%20Portfolio%20Disclosures/2026/Fortnightly%20Debt%20Scheme%20Portfolio%20-%2031st%20July%202026.zip,xlsx,,{},2026-08-20 18:27:34.254386+00:00
55cb5caa-b4f9-403f-8f97-93172cc0d4eb,5c4f1aa7-1ea6-4a33-9678-831ccfd6a891,portfolio_disclosure,,148fda89-05a6-4d1d-bad1-a16ea5a774a7,2026-07-31,https://www.icicipruamc.com/blob/downloads/Files/Fortnightly%20Portfolio%20Disclosures/2026/Fortnightly%20Debt%20Scheme%20Portfolio%20-%2031st%20July%202026.zip,xlsx,,{},2026-08-20 18:27:34.254386+00:00
1d71c6fd-5175-4eba-9936-d0eea7be5709,bd5bc4ee-ec80-4cb7-9fac-1576743014bd,portfolio_disclosure,,9daff2f0-95a8-40f0-9f0d-a3ec3abc3e14,2026-07-15,https://www.icicipruamc.com/blob/downloads/Files/Fortnightly%20Portfolio%20Disclosures/2026/Fortnightly%20Debt%20Scheme%20Portfolio%20-%2015th%20July%202026.zip,xlsx,,{},2026-08-20 18:27:41.066956+00:00
a773d85f-8b12-4f79-a636-8c0684cd28b8,bd5bc4ee-ec80-4cb7-9fac-1576743014bd,portfolio_disclosure,,53124c6a-8134-4ae7-a1c4-7f431cd78c02,2026-07-15,https://www.icicipruamc.com/blob/downloads/Files/Fortnightly%20Portfolio%20Disclosures/2026/Fortnightly%20Debt%20Scheme%20Portfolio%20-%2015th%20July%202026.zip,xlsx,,{},2026-08-20 18:27:41.066956+00:00
471a1a11-f997-4b9f-94f4-3a1676bd5dd8,bd5bc4ee-ec80-4cb7-9fac-1576743014bd,portfolio_disclosure,,ee48130b-8fca-4ed0-afd2-00a220026270,2026-07-15,https://www.icicipruamc.com/blob/downloads/Files/Fortnightly%20Portfolio%20Disclosures/2026/Fortnightly%20Debt%20Scheme%20Portfolio%20-%2015th%20July%202026.zip,xlsx,,{},2026-08-20 18:27:41.066956+00:00
ed12c3c8-ddde-402c-8a83-5689c4e6d5c4,bd5bc4ee-ec80-4cb7-9fac-1576743014bd,portfolio_disclosure,,a61ed046-fa42-4c77-b058-189a2d78ff97,2026-07-15,https://www.icicipruamc.com/blob/downloads/Files/Fortnightly%20Portfolio%20Disclosures/2026/Fortnightly%20Debt%20Scheme%20Portfolio%20-%2015th%20July%202026.zip,xlsx,,{},2026-08-20 18:27:41.066956+00:00
4e0ded9f-0665-470d-a690-1456be108ea2,bd5bc4ee-ec80-4cb7-9fac-1576743014bd,portfolio_disclosure,,c66d488f-708e-4be7-920b-e553973ff0c3,2026-07-15,https://www.icicipruamc.com/blob/downloads/Files/Fortnightly%20Portfolio%20Disclosures/2026/Fortnightly%20Debt%20Scheme%20Portfolio%20-%2015th%20July%202026.zip,xlsx,,{},2026-08-20 18:27:41.066956+00:00
6d1f582a-ef72-4407-92fb-ba556ad7f2a2,bd5bc4ee-ec80-4cb7-9fac-1576743014bd,portfolio_disclosure,,fad97361-7dd4-49f1-9ac6-804f4baec973,2026-07-15,https://www.icicipruamc.com/blob/downloads/Files/Fortnightly%20Portfolio%20Disclosures/2026/Fortnightly%20Debt%20Scheme%20Portfolio%20-%2015th%20July%202026.zip,xlsx,,{},2026-08-20 18:27:41.066956+00:00
edf7c74d-99a9-4bd3-8456-d6ed0b5bf155,bd5bc4ee-ec80-4cb7-9fac-1576743014bd,portfolio_disclosure,,e26a0e39-ae1a-4875-8429-3f73c5109441,2026-07-15,https://www.icicipruamc.com/blob/downloads/Files/Fortnightly%20Portfolio%20Disclosures/2026/Fortnightly%20Debt%20Scheme%20Portfolio%20-%2015th%20July%202026.zip,xlsx,,{},2026-08-20 18:27:41.066956+00:00
0bdd7cc9-1e89-4c3c-bdf4-2d7d4a729b9c,bd5bc4ee-ec80-4cb7-9fac-1576743014bd,portfolio_disclosure,,148fda89-05a6-4d1d-bad1-a16ea5a774a7,2026-07-15,https://www.icicipruamc.com/blob/downloads/Files/Fortnightly%20Portfolio%20Disclosures/2026/Fortnightly%20Debt%20Scheme%20Portfolio%20-%2015th%20July%202026.zip,xlsx,,{},2026-08-20 18:27:41.066956+00:00
79f142c8-cfe0-4038-876f-8d8af8e4c564,bd5bc4ee-ec80-4cb7-9fac-1576743014bd,portfolio_disclosure,,375378d3-7e30-4ab5-87da-0dbd54bf8388,2026-07-15,https://www.icicipruamc.com/blob/downloads/Files/Fortnightly%20Portfolio%20Disclosures/2026/Fortnightly%20Debt%20Scheme%20Portfolio%20-%2015th%20July%202026.zip,xlsx,,{},2026-08-20 18:27:41.066956+00:00
2af57bdc-25f8-4793-9b33-25104baf440f,bd5bc4ee-ec80-4cb7-9fac-1576743014bd,portfolio_disclosure,,20e22757-6a93-4e58-8102-396ba968f1ba,2026-07-15,https://www.icicipruamc.com/blob/downloads/Files/Fortnightly%20Portfolio%20Disclosures/2026/Fortnightly%20Debt%20Scheme%20Portfolio%20-%2015th%20July%202026.zip,xlsx,,{},2026-08-20 18:27:41.066956+00:00
224dddc5-20b8-4055-99ec-29f0529b5e35,bd5bc4ee-ec80-4cb7-9fac-1576743014bd,portfolio_disclosure,,98066e78-446d-4158-912d-b4978e253dc7,2026-07-15,https://www.icicipruamc.com/blob/downloads/Files/Fortnightly%20Portfolio%20Disclosures/2026/Fortnightly%20Debt%20Scheme%20Portfolio%20-%2015th%20July%202026.zip,xlsx,,{},2026-08-20 18:27:41.066956+00:00
ac00f90a-3695-484b-8344-475ec70e9197,bd5bc4ee-ec80-4cb7-9fac-1576743014bd,portfolio_disclosure,,26c2b3d7-2605-4d94-b305-1f1fd1ee2e2a,2026-07-15,https://www.icicipruamc.com/blob/downloads/Files/Fortnightly%20Portfolio%20Disclosures/2026/Fortnightly%20Debt%20Scheme%20Portfolio%20-%2015th%20July%202026.zip,xlsx,,{},2026-08-20 18:27:41.066956+00:00
13b02b2a-2829-4f6e-81ad-2b5808c9e675,bd5bc4ee-ec80-4cb7-9fac-1576743014bd,portfolio_disclosure,,3912b974-ea04-47af-b408-177699089230,2026-07-15,https://www.icicipruamc.com/blob/downloads/Files/Fortnightly%20Portfolio%20Disclosures/2026/Fortnightly%20Debt%20Scheme%20Portfolio%20-%2015th%20July%202026.zip,xlsx,,{},2026-08-20 18:27:41.066956+00:00
9cddd78c-14d1-4c0b-9a8c-afa9f04ef73b,bd5bc4ee-ec80-4cb7-9fac-1576743014bd,portfolio_disclosure,,3afd40d6-ebdb-41dd-9f3d-8e9913c30c81,2026-07-15,https://www.icicipruamc.com/blob/downloads/Files/Fortnightly%20Portfolio%20Disclosures/2026/Fortnightly%20Debt%20Scheme%20Portfolio%20-%2015th%20July%202026.zip,xlsx,,{},2026-08-20 18:27:41.066956+00:00
fe5f64b9-8e65-478e-9110-0684d71776be,bd5bc4ee-ec80-4cb7-9fac-1576743014bd,portfolio_disclosure,,bd87bcf7-b74d-4dab-a361-5588faa94e8e,2026-07-15,https://www.icicipruamc.com/blob/downloads/Files/Fortnightly%20Portfolio%20Disclosures/2026/Fortnightly%20Debt%20Scheme%20Portfolio%20-%2015th%20July%202026.zip,xlsx,,{},2026-08-20 18:27:41.066956+00:00
1c33860a-81ba-499f-a2a8-f075a28a32af,bd5bc4ee-ec80-4cb7-9fac-1576743014bd,portfolio_disclosure,,a8a76a2e-8f67-49e4-aeb1-7366d2a7b1f7,2026-07-15,https://www.icicipruamc.com/blob/downloads/Files/Fortnightly%20Portfolio%20Disclosures/2026/Fortnightly%20Debt%20Scheme%20Portfolio%20-%2015th%20July%202026.zip,xlsx,,{},2026-08-20 18:27:41.066956+00:00
bf3a315e-5c1f-4c96-ad00-878494607ed7,bd5bc4ee-ec80-4cb7-9fac-1576743014bd,portfolio_disclosure,,56c7a4bb-eb51-49cc-b39c-f0641d5d748e,2026-07-15,https://www.icicipruamc.com/blob/downloads/Files/Fortnightly%20Portfolio%20Disclosures/2026/Fortnightly%20Debt%20Scheme%20Portfolio%20-%2015th%20July%202026.zip,xlsx,,{},2026-08-20 18:27:41.066956+00:00
ee2c2172-33d1-4917-9343-5d010a7a0f6b,bd5bc4ee-ec80-4cb7-9fac-1576743014bd,portfolio_disclosure,,b68a3748-3e94-4b91-99e3-80c273548326,2026-07-15,https://www.icicipruamc.com/blob/downloads/Files/Fortnightly%20Portfolio%20Disclosures/2026/Fortnightly%20Debt%20Scheme%20Portfolio%20-%2015th%20July%202026.zip,xlsx,,{},2026-08-20 18:27:41.066956+00:00
143c5bbf-1920-4dfe-8d4e-017db29137a3,bd5bc4ee-ec80-4cb7-9fac-1576743014bd,portfolio_disclosure,,965baf1f-07d2-44f6-9730-bbcfbc0f8ddb,2026-07-15,https://www.icicipruamc.com/blob/downloads/Files/Fortnightly%20Portfolio%20Disclosures/2026/Fortnightly%20Debt%20Scheme%20Portfolio%20-%2015th%20July%202026.zip,xlsx,,{},2026-08-20 18:27:41.066956+00:00
79657941-ffbc-448e-a2f8-1c729c19f0ad,bd5bc4ee-ec80-4cb7-9fac-1576743014bd,portfolio_disclosure,,d8edc81e-2fad-46a1-9146-8b6b50825cf9,2026-07-15,https://www.icicipruamc.com/blob/downloads/Files/Fortnightly%20Portfolio%20Disclosures/2026/Fortnightly%20Debt%20Scheme%20Portfolio%20-%2015th%20July%202026.zip,xlsx,,{},2026-08-20 18:27:41.066956+00:00
adf410d2-8b70-41e7-b32e-5a4b9dfd3395,bd5bc4ee-ec80-4cb7-9fac-1576743014bd,portfolio_disclosure,,aa5cecc8-e924-4c4c-81b7-3fb389e01179,2026-07-15,https://www.icicipruamc.com/blob/downloads/Files/Fortnightly%20Portfolio%20Disclosures/2026/Fortnightly%20Debt%20Scheme%20Portfolio%20-%2015th%20July%202026.zip,xlsx,,{},2026-08-20 18:27:41.066956+00:00
f132f630-b3d4-490d-817f-c0e6a8695499,85ab84f7-da0c-414f-8f21-d760b845d0c1,portfolio_disclosure,,4925effe-8563-4ee5-8c7c-71d0f96b9433,2026-06-30,https://www.icicipruamc.com/blob/downloads/Files/Fortnightly%20Portfolio%20Disclosures/2026/Fortnightly%20Debt%20Scheme%20Portfolio%20-%2030th%20June%202026.zip,xlsx,,{},2026-08-20 18:27:48.142150+00:00
726f6ded-8f3e-4c9c-a226-5a125e642c8e,85ab84f7-da0c-414f-8f21-d760b845d0c1,portfolio_disclosure,,9daff2f0-95a8-40f0-9f0d-a3ec3abc3e14,2026-06-30,https://www.icicipruamc.com/blob/downloads/Files/Fortnightly%20Portfolio%20Disclosures/2026/Fortnightly%20Debt%20Scheme%20Portfolio%20-%2030th%20June%202026.zip,xlsx,,{},2026-08-20 18:27:48.142150+00:00
66295a65-9dd2-4320-832f-50ead531d85c,85ab84f7-da0c-414f-8f21-d760b845d0c1,portfolio_disclosure,,c7b7d6fe-e23f-4b85-9771-5800ccc1ea98,2026-06-30,https://www.icicipruamc.com/blob/downloads/Files/Fortnightly%20Portfolio%20Disclosures/2026/Fortnightly%20Debt%20Scheme%20Portfolio%20-%2030th%20June%202026.zip,xlsx,,{},2026-08-20 18:27:48.142150+00:00
9abbb434-4e72-432c-93ed-a14b7163f524,85ab84f7-da0c-414f-8f21-d760b845d0c1,portfolio_disclosure,,d38c0aa5-ac53-4d03-b799-3e3835297750,2026-06-30,https://www.icicipruamc.com/blob/downloads/Files/Fortnightly%20Portfolio%20Disclosures/2026/Fortnightly%20Debt%20Scheme%20Portfolio%20-%2030th%20June%202026.zip,xlsx,,{},2026-08-20 18:27:48.142150+00:00
b9441483-6d99-48bc-b22f-b376ac2b751f,85ab84f7-da0c-414f-8f21-d760b845d0c1,portfolio_disclosure,,63e0372c-6dd1-4f45-8dde-5c7017fe5d76,2026-06-30,https://www.icicipruamc.com/blob/downloads/Files/Fortnightly%20Portfolio%20Disclosures/2026/Fortnightly%20Debt%20Scheme%20Portfolio%20-%2030th%20June%202026.zip,xlsx,,{},2026-08-20 18:27:48.142150+00:00
23d81f1e-6c0d-402c-9e2c-66355e774217,85ab84f7-da0c-414f-8f21-d760b845d0c1,portfolio_disclosure,,dbb80926-5e14-4d67-afcb-1a0ff44a202a,2026-06-30,https://www.icicipruamc.com/blob/downloads/Files/Fortnightly%20Portfolio%20Disclosures/2026/Fortnightly%20Debt%20Scheme%20Portfolio%20-%2030th%20June%202026.zip,xlsx,,{},2026-08-20 18:27:48.142150+00:00
0df61901-c9cb-4ef7-a0df-44d859bf92ac,85ab84f7-da0c-414f-8f21-d760b845d0c1,portfolio_disclosure,,c31725e1-a968-4aff-b6ee-ec22399e1545,2026-06-30,https://www.icicipruamc.com/blob/downloads/Files/Fortnightly%20Portfolio%20Disclosures/2026/Fortnightly%20Debt%20Scheme%20Portfolio%20-%2030th%20June%202026.zip,xlsx,,{},2026-08-20 18:27:48.142150+00:00
9af4436e-db8b-4f90-9487-0e5f1808ea08,85ab84f7-da0c-414f-8f21-d760b845d0c1,portfolio_disclosure,,622ebaa0-c98a-4bdf-86fa-8f6caca4f48f,2026-06-30,https://www.icicipruamc.com/blob/downloads/Files/Fortnightly%20Portfolio%20Disclosures/2026/Fortnightly%20Debt%20Scheme%20Portfolio%20-%2030th%20June%202026.zip,xlsx,,{},2026-08-20 18:27:48.142150+00:00
4e39c558-e9a2-4bf0-b2f1-56b007df66cf,85ab84f7-da0c-414f-8f21-d760b845d0c1,portfolio_disclosure,,d40c7d98-358f-4511-8875-0d598556dba5,2026-06-30,https://www.icicipruamc.com/blob/downloads/Files/Fortnightly%20Portfolio%20Disclosures/2026/Fortnightly%20Debt%20Scheme%20Portfolio%20-%2030th%20June%202026.zip,xlsx,,{},2026-08-20 18:27:48.142150+00:00
45379b01-27db-463c-9851-cd75a85a5eb1,85ab84f7-da0c-414f-8f21-d760b845d0c1,portfolio_disclosure,,53124c6a-8134-4ae7-a1c4-7f431cd78c02,2026-06-30,https://www.icicipruamc.com/blob/downloads/Files/Fortnightly%20Portfolio%20Disclosures/2026/Fortnightly%20Debt%20Scheme%20Portfolio%20-%2030th%20June%202026.zip,xlsx,,{},2026-08-20 18:27:48.142150+00:00
3fb2eac8-0c5c-455e-8a8d-9fa0f91e7123,85ab84f7-da0c-414f-8f21-d760b845d0c1,portfolio_disclosure,,ee48130b-8fca-4ed0-afd2-00a220026270,2026-06-30,https://www.icicipruamc.com/blob/downloads/Files/Fortnightly%20Portfolio%20Disclosures/2026/Fortnightly%20Debt%20Scheme%20Portfolio%20-%2030th%20June%202026.zip,xlsx,,{},2026-08-20 18:27:48.142150+00:00
001b796a-e52e-4260-8285-c6878a291ac5,85ab84f7-da0c-414f-8f21-d760b845d0c1,portfolio_disclosure,,a61ed046-fa42-4c77-b058-189a2d78ff97,2026-06-30,https://www.icicipruamc.com/blob/downloads/Files/Fortnightly%20Portfolio%20Disclosures/2026/Fortnightly%20Debt%20Scheme%20Portfolio%20-%2030th%20June%202026.zip,xlsx,,{},2026-08-20 18:27:48.142150+00:00
b21c41a4-1884-466e-a84d-877cc29d9ad2,85ab84f7-da0c-414f-8f21-d760b845d0c1,portfolio_disclosure,,c66d488f-708e-4be7-920b-e553973ff0c3,2026-06-30,https://www.icicipruamc.com/blob/downloads/Files/Fortnightly%20Portfolio%20Disclosures/2026/Fortnightly%20Debt%20Scheme%20Portfolio%20-%2030th%20June%202026.zip,xlsx,,{},2026-08-20 18:27:48.142150+00:00
15ddbbae-256e-4d71-a15f-0217dba4d60b,85ab84f7-da0c-414f-8f21-d760b845d0c1,portfolio_disclosure,,375378d3-7e30-4ab5-87da-0dbd54bf8388,2026-06-30,https://www.icicipruamc.com/blob/downloads/Files/Fortnightly%20Portfolio%20Disclosures/2026/Fortnightly%20Debt%20Scheme%20Portfolio%20-%2030th%20June%202026.zip,xlsx,,{},2026-08-20 18:27:48.142150+00:00
c8608e47-7f11-4043-9710-67dbc1dcadbf,85ab84f7-da0c-414f-8f21-d760b845d0c1,portfolio_disclosure,,20e22757-6a93-4e58-8102-396ba968f1ba,2026-06-30,https://www.icicipruamc.com/blob/downloads/Files/Fortnightly%20Portfolio%20Disclosures/2026/Fortnightly%20Debt%20Scheme%20Portfolio%20-%2030th%20June%202026.zip,xlsx,,{},2026-08-20 18:27:48.142150+00:00
ba025d0a-9583-426d-93d3-8b9c87fc419c,85ab84f7-da0c-414f-8f21-d760b845d0c1,portfolio_disclosure,,98066e78-446d-4158-912d-b4978e253dc7,2026-06-30,https://www.icicipruamc.com/blob/downloads/Files/Fortnightly%20Portfolio%20Disclosures/2026/Fortnightly%20Debt%20Scheme%20Portfolio%20-%2030th%20June%202026.zip,xlsx,,{},2026-08-20 18:27:48.142150+00:00
c8b6c0c1-f4f5-46c9-9f6f-aea8dde4261d,85ab84f7-da0c-414f-8f21-d760b845d0c1,portfolio_disclosure,,26c2b3d7-2605-4d94-b305-1f1fd1ee2e2a,2026-06-30,https://www.icicipruamc.com/blob/downloads/Files/Fortnightly%20Portfolio%20Disclosures/2026/Fortnightly%20Debt%20Scheme%20Portfolio%20-%2030th%20June%202026.zip,xlsx,,{},2026-08-20 18:27:48.142150+00:00
72f74215-3bf6-489d-a52f-cf3a5748b63a,85ab84f7-da0c-414f-8f21-d760b845d0c1,portfolio_disclosure,,3912b974-ea04-47af-b408-177699089230,2026-06-30,https://www.icicipruamc.com/blob/downloads/Files/Fortnightly%20Portfolio%20Disclosures/2026/Fortnightly%20Debt%20Scheme%20Portfolio%20-%2030th%20June%202026.zip,xlsx,,{},2026-08-20 18:27:48.142150+00:00
9356afe2-5cd6-436e-afbe-50f6acdc935e,85ab84f7-da0c-414f-8f21-d760b845d0c1,portfolio_disclosure,,3afd40d6-ebdb-41dd-9f3d-8e9913c30c81,2026-06-30,https://www.icicipruamc.com/blob/downloads/Files/Fortnightly%20Portfolio%20Disclosures/2026/Fortnightly%20Debt%20Scheme%20Portfolio%20-%2030th%20June%202026.zip,xlsx,,{},2026-08-20 18:27:48.142150+00:00
0bf48e03-566e-43be-84b3-34073ca5aed2,85ab84f7-da0c-414f-8f21-d760b845d0c1,portfolio_disclosure,,bd87bcf7-b74d-4dab-a361-5588faa94e8e,2026-06-30,https://www.icicipruamc.com/blob/downloads/Files/Fortnightly%20Portfolio%20Disclosures/2026/Fortnightly%20Debt%20Scheme%20Portfolio%20-%2030th%20June%202026.zip,xlsx,,{},2026-08-20 18:27:48.142150+00:00
747a1874-352c-46f5-bad6-fbdb775445cd,85ab84f7-da0c-414f-8f21-d760b845d0c1,portfolio_disclosure,,a8a76a2e-8f67-49e4-aeb1-7366d2a7b1f7,2026-06-30,https://www.icicipruamc.com/blob/downloads/Files/Fortnightly%20Portfolio%20Disclosures/2026/Fortnightly%20Debt%20Scheme%20Portfolio%20-%2030th%20June%202026.zip,xlsx,,{},2026-08-20 18:27:48.142150+00:00
4a668ea0-fe90-47e2-be17-86e0f4cbed9b,9d18b5ae-f9fe-417e-9aeb-95fd6f6f7722,portfolio_disclosure,,f426c09b-b3ae-45dc-b6eb-b985cf99063b,2026-05-31,https://amc.ppfas.com/downloads/portfolio-disclosure/2026/PPDAAF_PPFAS_Monthly_Portfolio_Report_May_31_2026.xlsx?09062026,xlsx,,{},2026-08-21 22:27:32.578701+00:00
b7cda5ce-1667-4b48-8cb7-7b52af6c82ac,85ab84f7-da0c-414f-8f21-d760b845d0c1,portfolio_disclosure,,56c7a4bb-eb51-49cc-b39c-f0641d5d748e,2026-06-30,https://www.icicipruamc.com/blob/downloads/Files/Fortnightly%20Portfolio%20Disclosures/2026/Fortnightly%20Debt%20Scheme%20Portfolio%20-%2030th%20June%202026.zip,xlsx,,{},2026-08-20 18:27:48.142150+00:00
2da6b887-8d8a-4675-b59e-50c216f3d85f,85ab84f7-da0c-414f-8f21-d760b845d0c1,portfolio_disclosure,,b68a3748-3e94-4b91-99e3-80c273548326,2026-06-30,https://www.icicipruamc.com/blob/downloads/Files/Fortnightly%20Portfolio%20Disclosures/2026/Fortnightly%20Debt%20Scheme%20Portfolio%20-%2030th%20June%202026.zip,xlsx,,{},2026-08-20 18:27:48.142150+00:00
e7071bc7-242b-4969-86f6-0136b03146c9,85ab84f7-da0c-414f-8f21-d760b845d0c1,portfolio_disclosure,,965baf1f-07d2-44f6-9730-bbcfbc0f8ddb,2026-06-30,https://www.icicipruamc.com/blob/downloads/Files/Fortnightly%20Portfolio%20Disclosures/2026/Fortnightly%20Debt%20Scheme%20Portfolio%20-%2030th%20June%202026.zip,xlsx,,{},2026-08-20 18:27:48.142150+00:00
d50f8f83-6a11-4e33-906a-e35e9c59b4d0,3f59ec4e-1f8f-4bba-8332-26e3dcd6f8d9,portfolio_disclosure,,375378d3-7e30-4ab5-87da-0dbd54bf8388,2026-06-15,https://www.icicipruamc.com/blob/downloads/Files/Fortnightly%20Portfolio%20Disclosures/2026/Fortnightly%20Debt%20Scheme%20Portfolio%20-%2015th%20June%202026.zip,xlsx,,{},2026-08-20 18:27:54.874626+00:00
59175e70-5fc7-4671-809b-410cd55d55e2,3f59ec4e-1f8f-4bba-8332-26e3dcd6f8d9,portfolio_disclosure,,56c7a4bb-eb51-49cc-b39c-f0641d5d748e,2026-06-15,https://www.icicipruamc.com/blob/downloads/Files/Fortnightly%20Portfolio%20Disclosures/2026/Fortnightly%20Debt%20Scheme%20Portfolio%20-%2015th%20June%202026.zip,xlsx,,{},2026-08-20 18:27:54.874626+00:00
e7d88e38-9d5c-4e60-80d7-10fe2565f29f,3f59ec4e-1f8f-4bba-8332-26e3dcd6f8d9,portfolio_disclosure,,b68a3748-3e94-4b91-99e3-80c273548326,2026-06-15,https://www.icicipruamc.com/blob/downloads/Files/Fortnightly%20Portfolio%20Disclosures/2026/Fortnightly%20Debt%20Scheme%20Portfolio%20-%2015th%20June%202026.zip,xlsx,,{},2026-08-20 18:27:54.874626+00:00
c525e1ab-1eb9-45cb-a162-12198ed8ef6f,3f59ec4e-1f8f-4bba-8332-26e3dcd6f8d9,portfolio_disclosure,,965baf1f-07d2-44f6-9730-bbcfbc0f8ddb,2026-06-15,https://www.icicipruamc.com/blob/downloads/Files/Fortnightly%20Portfolio%20Disclosures/2026/Fortnightly%20Debt%20Scheme%20Portfolio%20-%2015th%20June%202026.zip,xlsx,,{},2026-08-20 18:27:54.874626+00:00
64b6870f-947e-48c7-a7ed-513a123264cc,3f59ec4e-1f8f-4bba-8332-26e3dcd6f8d9,portfolio_disclosure,,d8edc81e-2fad-46a1-9146-8b6b50825cf9,2026-06-15,https://www.icicipruamc.com/blob/downloads/Files/Fortnightly%20Portfolio%20Disclosures/2026/Fortnightly%20Debt%20Scheme%20Portfolio%20-%2015th%20June%202026.zip,xlsx,,{},2026-08-20 18:27:54.874626+00:00
ba6e5895-6ee5-4884-9a8e-51e08acb636a,3f59ec4e-1f8f-4bba-8332-26e3dcd6f8d9,portfolio_disclosure,,aa5cecc8-e924-4c4c-81b7-3fb389e01179,2026-06-15,https://www.icicipruamc.com/blob/downloads/Files/Fortnightly%20Portfolio%20Disclosures/2026/Fortnightly%20Debt%20Scheme%20Portfolio%20-%2015th%20June%202026.zip,xlsx,,{},2026-08-20 18:27:54.874626+00:00
01613785-5e29-4d32-8c9b-45c9d9b5ac65,3f59ec4e-1f8f-4bba-8332-26e3dcd6f8d9,portfolio_disclosure,,b07f8708-4204-4414-a941-295f966896d7,2026-06-15,https://www.icicipruamc.com/blob/downloads/Files/Fortnightly%20Portfolio%20Disclosures/2026/Fortnightly%20Debt%20Scheme%20Portfolio%20-%2015th%20June%202026.zip,xlsx,,{},2026-08-20 18:27:54.874626+00:00
b6b32cd5-8971-4478-a388-409a8faa1153,3f59ec4e-1f8f-4bba-8332-26e3dcd6f8d9,portfolio_disclosure,,4925effe-8563-4ee5-8c7c-71d0f96b9433,2026-06-15,https://www.icicipruamc.com/blob/downloads/Files/Fortnightly%20Portfolio%20Disclosures/2026/Fortnightly%20Debt%20Scheme%20Portfolio%20-%2015th%20June%202026.zip,xlsx,,{},2026-08-20 18:27:54.874626+00:00
51bcdf36-01a1-4986-9648-0b6d248d95b9,3f59ec4e-1f8f-4bba-8332-26e3dcd6f8d9,portfolio_disclosure,,9daff2f0-95a8-40f0-9f0d-a3ec3abc3e14,2026-06-15,https://www.icicipruamc.com/blob/downloads/Files/Fortnightly%20Portfolio%20Disclosures/2026/Fortnightly%20Debt%20Scheme%20Portfolio%20-%2015th%20June%202026.zip,xlsx,,{},2026-08-20 18:27:54.874626+00:00
b03beb2c-642f-4238-8ead-632d84fdebfc,3f59ec4e-1f8f-4bba-8332-26e3dcd6f8d9,portfolio_disclosure,,c7b7d6fe-e23f-4b85-9771-5800ccc1ea98,2026-06-15,https://www.icicipruamc.com/blob/downloads/Files/Fortnightly%20Portfolio%20Disclosures/2026/Fortnightly%20Debt%20Scheme%20Portfolio%20-%2015th%20June%202026.zip,xlsx,,{},2026-08-20 18:27:54.874626+00:00
fcc3b69b-e1bd-4051-9740-94657d04a9b1,3f59ec4e-1f8f-4bba-8332-26e3dcd6f8d9,portfolio_disclosure,,d38c0aa5-ac53-4d03-b799-3e3835297750,2026-06-15,https://www.icicipruamc.com/blob/downloads/Files/Fortnightly%20Portfolio%20Disclosures/2026/Fortnightly%20Debt%20Scheme%20Portfolio%20-%2015th%20June%202026.zip,xlsx,,{},2026-08-20 18:27:54.874626+00:00
96b2c5e6-c3b5-4711-a0f2-4bb27345b74c,3f59ec4e-1f8f-4bba-8332-26e3dcd6f8d9,portfolio_disclosure,,63e0372c-6dd1-4f45-8dde-5c7017fe5d76,2026-06-15,https://www.icicipruamc.com/blob/downloads/Files/Fortnightly%20Portfolio%20Disclosures/2026/Fortnightly%20Debt%20Scheme%20Portfolio%20-%2015th%20June%202026.zip,xlsx,,{},2026-08-20 18:27:54.874626+00:00
b18fd6c0-a5e0-4b72-ae5a-74ff5a5f1854,3f59ec4e-1f8f-4bba-8332-26e3dcd6f8d9,portfolio_disclosure,,dbb80926-5e14-4d67-afcb-1a0ff44a202a,2026-06-15,https://www.icicipruamc.com/blob/downloads/Files/Fortnightly%20Portfolio%20Disclosures/2026/Fortnightly%20Debt%20Scheme%20Portfolio%20-%2015th%20June%202026.zip,xlsx,,{},2026-08-20 18:27:54.874626+00:00
7aa75484-56e0-4110-b3f6-da72bc63926c,3f59ec4e-1f8f-4bba-8332-26e3dcd6f8d9,portfolio_disclosure,,c31725e1-a968-4aff-b6ee-ec22399e1545,2026-06-15,https://www.icicipruamc.com/blob/downloads/Files/Fortnightly%20Portfolio%20Disclosures/2026/Fortnightly%20Debt%20Scheme%20Portfolio%20-%2015th%20June%202026.zip,xlsx,,{},2026-08-20 18:27:54.874626+00:00
30f524e3-aeb0-476c-89f2-e054671a4a75,3f59ec4e-1f8f-4bba-8332-26e3dcd6f8d9,portfolio_disclosure,,622ebaa0-c98a-4bdf-86fa-8f6caca4f48f,2026-06-15,https://www.icicipruamc.com/blob/downloads/Files/Fortnightly%20Portfolio%20Disclosures/2026/Fortnightly%20Debt%20Scheme%20Portfolio%20-%2015th%20June%202026.zip,xlsx,,{},2026-08-20 18:27:54.874626+00:00
c64451a3-b9c4-45ee-802b-dd2deb949bf3,3f59ec4e-1f8f-4bba-8332-26e3dcd6f8d9,portfolio_disclosure,,d40c7d98-358f-4511-8875-0d598556dba5,2026-06-15,https://www.icicipruamc.com/blob/downloads/Files/Fortnightly%20Portfolio%20Disclosures/2026/Fortnightly%20Debt%20Scheme%20Portfolio%20-%2015th%20June%202026.zip,xlsx,,{},2026-08-20 18:27:54.874626+00:00
64afe8eb-95a7-43ec-9f7a-3a4388ddb8a3,3f59ec4e-1f8f-4bba-8332-26e3dcd6f8d9,portfolio_disclosure,,53124c6a-8134-4ae7-a1c4-7f431cd78c02,2026-06-15,https://www.icicipruamc.com/blob/downloads/Files/Fortnightly%20Portfolio%20Disclosures/2026/Fortnightly%20Debt%20Scheme%20Portfolio%20-%2015th%20June%202026.zip,xlsx,,{},2026-08-20 18:27:54.874626+00:00
4441efec-5239-4391-a17b-445d67b01fed,3f59ec4e-1f8f-4bba-8332-26e3dcd6f8d9,portfolio_disclosure,,ee48130b-8fca-4ed0-afd2-00a220026270,2026-06-15,https://www.icicipruamc.com/blob/downloads/Files/Fortnightly%20Portfolio%20Disclosures/2026/Fortnightly%20Debt%20Scheme%20Portfolio%20-%2015th%20June%202026.zip,xlsx,,{},2026-08-20 18:27:54.874626+00:00
2ea6d26d-3219-4e48-b436-1612d8709fdb,3f59ec4e-1f8f-4bba-8332-26e3dcd6f8d9,portfolio_disclosure,,a61ed046-fa42-4c77-b058-189a2d78ff97,2026-06-15,https://www.icicipruamc.com/blob/downloads/Files/Fortnightly%20Portfolio%20Disclosures/2026/Fortnightly%20Debt%20Scheme%20Portfolio%20-%2015th%20June%202026.zip,xlsx,,{},2026-08-20 18:27:54.874626+00:00
aa10d63e-5a8b-414a-ba05-9a006e80b3cd,3f59ec4e-1f8f-4bba-8332-26e3dcd6f8d9,portfolio_disclosure,,c66d488f-708e-4be7-920b-e553973ff0c3,2026-06-15,https://www.icicipruamc.com/blob/downloads/Files/Fortnightly%20Portfolio%20Disclosures/2026/Fortnightly%20Debt%20Scheme%20Portfolio%20-%2015th%20June%202026.zip,xlsx,,{},2026-08-20 18:27:54.874626+00:00
88dfdc5f-b9de-4c4e-9d3a-0fdf207321f6,3f59ec4e-1f8f-4bba-8332-26e3dcd6f8d9,portfolio_disclosure,,fad97361-7dd4-49f1-9ac6-804f4baec973,2026-06-15,https://www.icicipruamc.com/blob/downloads/Files/Fortnightly%20Portfolio%20Disclosures/2026/Fortnightly%20Debt%20Scheme%20Portfolio%20-%2015th%20June%202026.zip,xlsx,,{},2026-08-20 18:27:54.874626+00:00
adc1f265-1b89-42a0-ae3c-8e5f7c19387c,3f59ec4e-1f8f-4bba-8332-26e3dcd6f8d9,portfolio_disclosure,,e26a0e39-ae1a-4875-8429-3f73c5109441,2026-06-15,https://www.icicipruamc.com/blob/downloads/Files/Fortnightly%20Portfolio%20Disclosures/2026/Fortnightly%20Debt%20Scheme%20Portfolio%20-%2015th%20June%202026.zip,xlsx,,{},2026-08-20 18:27:54.874626+00:00
dbb6f1a1-646e-4c5f-a49e-48b595424cab,3f59ec4e-1f8f-4bba-8332-26e3dcd6f8d9,portfolio_disclosure,,148fda89-05a6-4d1d-bad1-a16ea5a774a7,2026-06-15,https://www.icicipruamc.com/blob/downloads/Files/Fortnightly%20Portfolio%20Disclosures/2026/Fortnightly%20Debt%20Scheme%20Portfolio%20-%2015th%20June%202026.zip,xlsx,,{},2026-08-20 18:27:54.874626+00:00
b9fd6c63-1bae-40a1-add8-93d2b2e12395,a283ff4f-f7d7-4458-abf1-db3e76e45d2f,portfolio_disclosure,,d38c0aa5-ac53-4d03-b799-3e3835297750,2026-05-31,https://www.icicipruamc.com/blob/downloads/Files/Fortnightly%20Portfolio%20Disclosures/2026/Fortnightly%20Debt%20Scheme%20Portfolio%20-%2031st%20May%202026.zip,xlsx,,{},2026-08-20 18:28:01.799828+00:00
f14eef41-5c09-4174-8eee-cdcfd005b01b,4b63dce3-d9e1-4e5b-a94c-4a9aa6ca3ff7,portfolio_disclosure,,40941545-e2cd-4bbd-a4a5-a28783f3eb7b,2024-10-31,https://amc.ppfas.com/downloads/portfolio-disclosure/2024/PPFAS_Monthly_Portfolio_Report_October_31_2024.xlsx?08112024,xlsx,,{},2026-08-21 22:27:33.755328+00:00
37e6dd27-e5fb-41ae-ab85-90227d252934,a283ff4f-f7d7-4458-abf1-db3e76e45d2f,portfolio_disclosure,,63e0372c-6dd1-4f45-8dde-5c7017fe5d76,2026-05-31,https://www.icicipruamc.com/blob/downloads/Files/Fortnightly%20Portfolio%20Disclosures/2026/Fortnightly%20Debt%20Scheme%20Portfolio%20-%2031st%20May%202026.zip,xlsx,,{},2026-08-20 18:28:01.799828+00:00
1f35fbe0-796c-466e-bc42-736313102dc5,a283ff4f-f7d7-4458-abf1-db3e76e45d2f,portfolio_disclosure,,dbb80926-5e14-4d67-afcb-1a0ff44a202a,2026-05-31,https://www.icicipruamc.com/blob/downloads/Files/Fortnightly%20Portfolio%20Disclosures/2026/Fortnightly%20Debt%20Scheme%20Portfolio%20-%2031st%20May%202026.zip,xlsx,,{},2026-08-20 18:28:01.799828+00:00
a6f07c21-8f08-4458-9a1c-863cc4943538,a283ff4f-f7d7-4458-abf1-db3e76e45d2f,portfolio_disclosure,,148fda89-05a6-4d1d-bad1-a16ea5a774a7,2026-05-31,https://www.icicipruamc.com/blob/downloads/Files/Fortnightly%20Portfolio%20Disclosures/2026/Fortnightly%20Debt%20Scheme%20Portfolio%20-%2031st%20May%202026.zip,xlsx,,{},2026-08-20 18:28:01.799828+00:00
5c18c6da-b5da-448c-b48b-8db1eb26e2e3,a283ff4f-f7d7-4458-abf1-db3e76e45d2f,portfolio_disclosure,,375378d3-7e30-4ab5-87da-0dbd54bf8388,2026-05-31,https://www.icicipruamc.com/blob/downloads/Files/Fortnightly%20Portfolio%20Disclosures/2026/Fortnightly%20Debt%20Scheme%20Portfolio%20-%2031st%20May%202026.zip,xlsx,,{},2026-08-20 18:28:01.799828+00:00
6457cb09-9a3c-4bd9-a334-ca8a55bd1806,38b9fd5c-8d08-4e20-b5af-02022d58990a,portfolio_disclosure,,a8a76a2e-8f67-49e4-aeb1-7366d2a7b1f7,2026-05-15,https://www.icicipruamc.com/blob/downloads/Files/Fortnightly%20Portfolio%20Disclosures/2026/Fortnightly%20Debt%20Scheme%20Portfolio%20-%2015th%20May%202026.zip,xlsx,,{},2026-08-20 18:28:08.948945+00:00
32b01e85-6d0d-4100-9e7b-79531e60ed61,38b9fd5c-8d08-4e20-b5af-02022d58990a,portfolio_disclosure,,56c7a4bb-eb51-49cc-b39c-f0641d5d748e,2026-05-15,https://www.icicipruamc.com/blob/downloads/Files/Fortnightly%20Portfolio%20Disclosures/2026/Fortnightly%20Debt%20Scheme%20Portfolio%20-%2015th%20May%202026.zip,xlsx,,{},2026-08-20 18:28:08.948945+00:00
2dfeb470-1e15-4bf6-90bd-71de04a36857,38b9fd5c-8d08-4e20-b5af-02022d58990a,portfolio_disclosure,,b68a3748-3e94-4b91-99e3-80c273548326,2026-05-15,https://www.icicipruamc.com/blob/downloads/Files/Fortnightly%20Portfolio%20Disclosures/2026/Fortnightly%20Debt%20Scheme%20Portfolio%20-%2015th%20May%202026.zip,xlsx,,{},2026-08-20 18:28:08.948945+00:00
0bb10979-46f4-4ac8-a0b8-72303a0b5761,38b9fd5c-8d08-4e20-b5af-02022d58990a,portfolio_disclosure,,965baf1f-07d2-44f6-9730-bbcfbc0f8ddb,2026-05-15,https://www.icicipruamc.com/blob/downloads/Files/Fortnightly%20Portfolio%20Disclosures/2026/Fortnightly%20Debt%20Scheme%20Portfolio%20-%2015th%20May%202026.zip,xlsx,,{},2026-08-20 18:28:08.948945+00:00
62795443-3607-4121-9c59-5b0d33971035,38b9fd5c-8d08-4e20-b5af-02022d58990a,portfolio_disclosure,,fad97361-7dd4-49f1-9ac6-804f4baec973,2026-05-15,https://www.icicipruamc.com/blob/downloads/Files/Fortnightly%20Portfolio%20Disclosures/2026/Fortnightly%20Debt%20Scheme%20Portfolio%20-%2015th%20May%202026.zip,xlsx,,{},2026-08-20 18:28:08.948945+00:00
d4d8f7da-8195-4f73-bedb-30d4a96ce8c1,38b9fd5c-8d08-4e20-b5af-02022d58990a,portfolio_disclosure,,e26a0e39-ae1a-4875-8429-3f73c5109441,2026-05-15,https://www.icicipruamc.com/blob/downloads/Files/Fortnightly%20Portfolio%20Disclosures/2026/Fortnightly%20Debt%20Scheme%20Portfolio%20-%2015th%20May%202026.zip,xlsx,,{},2026-08-20 18:28:08.948945+00:00
608b55fe-0d1d-4ff8-88c5-f4a03a780884,d1291544-dbc3-4ea9-8a0d-5b093aa867e8,portfolio_disclosure,,8cae756c-5632-4caa-bc3d-a18ceef881bc,2021-02-28,https://www.dspim.com/media/pages/mandatory-disclosures/portfolio-disclosures/8ac7972f13-1757771552/dsp-debt-isin-portfolio-28th-feb-2021.xlsx,xlsx,,{},2026-08-21 22:09:57.953243+00:00
2957d751-dcdb-444a-b734-04248cf521fb,d1291544-dbc3-4ea9-8a0d-5b093aa867e8,portfolio_disclosure,,09e1ef31-c329-4311-969f-f5426272221f,2021-02-28,https://www.dspim.com/media/pages/mandatory-disclosures/portfolio-disclosures/8ac7972f13-1757771552/dsp-debt-isin-portfolio-28th-feb-2021.xlsx,xlsx,,{},2026-08-21 22:09:57.953243+00:00
47697a54-eb51-483a-b6be-381927099f84,d1291544-dbc3-4ea9-8a0d-5b093aa867e8,portfolio_disclosure,,1dcfd3a4-3a02-4691-89c2-048ff8324d56,2021-02-28,https://www.dspim.com/media/pages/mandatory-disclosures/portfolio-disclosures/8ac7972f13-1757771552/dsp-debt-isin-portfolio-28th-feb-2021.xlsx,xlsx,,{},2026-08-21 22:09:57.953243+00:00
c7f750cb-1f74-4700-ac04-44ede1d1f615,d1291544-dbc3-4ea9-8a0d-5b093aa867e8,portfolio_disclosure,,0b42d45d-946a-4e1c-b3d4-f3e5ef4b327e,2021-02-28,https://www.dspim.com/media/pages/mandatory-disclosures/portfolio-disclosures/8ac7972f13-1757771552/dsp-debt-isin-portfolio-28th-feb-2021.xlsx,xlsx,,{},2026-08-21 22:09:57.953243+00:00
2d484d9a-ced9-4636-b81c-e48a6b2c6b08,d1291544-dbc3-4ea9-8a0d-5b093aa867e8,portfolio_disclosure,,bb51530b-6de0-40e9-975e-131582d868ad,2021-02-28,https://www.dspim.com/media/pages/mandatory-disclosures/portfolio-disclosures/8ac7972f13-1757771552/dsp-debt-isin-portfolio-28th-feb-2021.xlsx,xlsx,,{},2026-08-21 22:09:57.953243+00:00
6d57fca7-ec27-48d9-9371-93f1aed5eba7,d1291544-dbc3-4ea9-8a0d-5b093aa867e8,portfolio_disclosure,,4f12362c-1410-47ce-bc08-c3417984ce21,2021-02-28,https://www.dspim.com/media/pages/mandatory-disclosures/portfolio-disclosures/8ac7972f13-1757771552/dsp-debt-isin-portfolio-28th-feb-2021.xlsx,xlsx,,{},2026-08-21 22:09:57.953243+00:00
eafb4596-b32d-4047-ad8c-2f32a359fa06,d1291544-dbc3-4ea9-8a0d-5b093aa867e8,portfolio_disclosure,,2d978e47-3908-45fd-9534-9f3350cd8b9f,2021-02-28,https://www.dspim.com/media/pages/mandatory-disclosures/portfolio-disclosures/8ac7972f13-1757771552/dsp-debt-isin-portfolio-28th-feb-2021.xlsx,xlsx,,{},2026-08-21 22:09:57.953243+00:00
0285dd6a-15b6-4d10-93ce-06b4941a88c6,d1291544-dbc3-4ea9-8a0d-5b093aa867e8,portfolio_disclosure,,a1a0588e-a9dd-4bd7-90b1-b8feb7fcc6c7,2021-02-28,https://www.dspim.com/media/pages/mandatory-disclosures/portfolio-disclosures/8ac7972f13-1757771552/dsp-debt-isin-portfolio-28th-feb-2021.xlsx,xlsx,,{},2026-08-21 22:09:57.953243+00:00
d0176dd5-7865-490b-8ce7-23b8e7307208,d1291544-dbc3-4ea9-8a0d-5b093aa867e8,portfolio_disclosure,,b1f4d9a6-c095-4c09-b573-a69cead5f76d,2021-02-28,https://www.dspim.com/media/pages/mandatory-disclosures/portfolio-disclosures/8ac7972f13-1757771552/dsp-debt-isin-portfolio-28th-feb-2021.xlsx,xlsx,,{},2026-08-21 22:09:57.953243+00:00
9b51e153-e790-42d8-96b3-42312edda468,d1291544-dbc3-4ea9-8a0d-5b093aa867e8,portfolio_disclosure,,b162ae66-4ebc-411d-86fc-d7e0e731ff05,2021-02-28,https://www.dspim.com/media/pages/mandatory-disclosures/portfolio-disclosures/8ac7972f13-1757771552/dsp-debt-isin-portfolio-28th-feb-2021.xlsx,xlsx,,{},2026-08-21 22:09:57.953243+00:00
0339fcfd-cff2-4212-8ef8-1a12b80e49f3,d1291544-dbc3-4ea9-8a0d-5b093aa867e8,portfolio_disclosure,,e3529857-1678-4db3-bd32-18f6a1ac969f,2021-02-28,https://www.dspim.com/media/pages/mandatory-disclosures/portfolio-disclosures/8ac7972f13-1757771552/dsp-debt-isin-portfolio-28th-feb-2021.xlsx,xlsx,,{},2026-08-21 22:09:57.953243+00:00
a112e377-7eee-4ce5-98a6-4dc20765e0fa,d1291544-dbc3-4ea9-8a0d-5b093aa867e8,portfolio_disclosure,,bdc02903-2a2a-4fa2-a861-74bc2b9b67f8,2021-02-28,https://www.dspim.com/media/pages/mandatory-disclosures/portfolio-disclosures/8ac7972f13-1757771552/dsp-debt-isin-portfolio-28th-feb-2021.xlsx,xlsx,,{},2026-08-21 22:09:57.953243+00:00
ecbda3eb-c8f6-4768-96c4-e64449816a04,d1291544-dbc3-4ea9-8a0d-5b093aa867e8,portfolio_disclosure,,a7588323-9c4d-4b3f-b322-3cb18d14e321,2021-02-28,https://www.dspim.com/media/pages/mandatory-disclosures/portfolio-disclosures/8ac7972f13-1757771552/dsp-debt-isin-portfolio-28th-feb-2021.xlsx,xlsx,,{},2026-08-21 22:09:57.953243+00:00
4de20795-a1cd-4c42-80bb-e31a41bde50f,d1291544-dbc3-4ea9-8a0d-5b093aa867e8,portfolio_disclosure,,c0fea4ad-278c-47c5-ab04-4a941609d77f,2021-02-28,https://www.dspim.com/media/pages/mandatory-disclosures/portfolio-disclosures/8ac7972f13-1757771552/dsp-debt-isin-portfolio-28th-feb-2021.xlsx,xlsx,,{},2026-08-21 22:09:57.953243+00:00
ac332dc1-7204-4634-8203-5a2b313ede28,d1291544-dbc3-4ea9-8a0d-5b093aa867e8,portfolio_disclosure,,800fef46-b889-4318-8385-f128e5aab07d,2021-02-28,https://www.dspim.com/media/pages/mandatory-disclosures/portfolio-disclosures/8ac7972f13-1757771552/dsp-debt-isin-portfolio-28th-feb-2021.xlsx,xlsx,,{},2026-08-21 22:09:57.953243+00:00
c79e834a-bcfd-4fdf-8c51-a0d5163d32f6,d1291544-dbc3-4ea9-8a0d-5b093aa867e8,portfolio_disclosure,,b92e8310-5c68-4a29-b91b-27893200ffd2,2021-02-28,https://www.dspim.com/media/pages/mandatory-disclosures/portfolio-disclosures/8ac7972f13-1757771552/dsp-debt-isin-portfolio-28th-feb-2021.xlsx,xlsx,,{},2026-08-21 22:09:57.953243+00:00
171ffa19-8b9f-4548-bf2b-be8b74267352,d1291544-dbc3-4ea9-8a0d-5b093aa867e8,portfolio_disclosure,,a18722cc-6b48-43fe-9c48-3d037bf493bf,2021-02-28,https://www.dspim.com/media/pages/mandatory-disclosures/portfolio-disclosures/8ac7972f13-1757771552/dsp-debt-isin-portfolio-28th-feb-2021.xlsx,xlsx,,{},2026-08-21 22:09:57.953243+00:00
578d4262-38db-42a2-8600-ae6e79e5b4a6,4325e98b-810f-4a9f-b510-0d18201e9709,portfolio_disclosure,,39bd5974-4c82-4457-bfd8-bfead40cd71f,2022-02-15,https://www.dspim.com/media/pages/mandatory-disclosures/portfolio-disclosures/200a705eaf-1757771553/dsp-isin-debt-portfolio-as-on-15th-feb-2022.xlsx,xlsx,,{},2026-08-21 22:10:06.392200+00:00
cddb96b3-90d2-4ebf-aff8-2b75083b2b55,4b63dce3-d9e1-4e5b-a94c-4a9aa6ca3ff7,portfolio_disclosure,,ee13d7f6-4cad-4600-8287-25c0facb176d,2024-10-31,https://amc.ppfas.com/downloads/portfolio-disclosure/2024/PPFAS_Monthly_Portfolio_Report_October_31_2024.xlsx?08112024,xlsx,,{},2026-08-21 22:27:33.755328+00:00
5b4c8b45-13b8-4c6e-8d70-8d2d7fa6838a,4325e98b-810f-4a9f-b510-0d18201e9709,portfolio_disclosure,,8b8a7181-1a62-463c-9637-38515e3a4973,2022-02-15,https://www.dspim.com/media/pages/mandatory-disclosures/portfolio-disclosures/200a705eaf-1757771553/dsp-isin-debt-portfolio-as-on-15th-feb-2022.xlsx,xlsx,,{},2026-08-21 22:10:06.392200+00:00
cca22fd1-a2ea-4bcb-90e9-87ab8d005e9d,4325e98b-810f-4a9f-b510-0d18201e9709,portfolio_disclosure,,aa29e284-5e02-4951-ae02-ed98535dc61e,2022-02-15,https://www.dspim.com/media/pages/mandatory-disclosures/portfolio-disclosures/200a705eaf-1757771553/dsp-isin-debt-portfolio-as-on-15th-feb-2022.xlsx,xlsx,,{},2026-08-21 22:10:06.392200+00:00
9ae9a825-c776-437a-a6d7-7154814283f8,4325e98b-810f-4a9f-b510-0d18201e9709,portfolio_disclosure,,81fe35a5-74ea-4bf9-8e50-d1961c83f0b2,2022-02-15,https://www.dspim.com/media/pages/mandatory-disclosures/portfolio-disclosures/200a705eaf-1757771553/dsp-isin-debt-portfolio-as-on-15th-feb-2022.xlsx,xlsx,,{},2026-08-21 22:10:06.392200+00:00
8e815708-77ba-4329-921f-70cea3504ed7,4325e98b-810f-4a9f-b510-0d18201e9709,portfolio_disclosure,,e3c71b64-92f1-4db4-a6f7-1c0008e69c4c,2022-02-15,https://www.dspim.com/media/pages/mandatory-disclosures/portfolio-disclosures/200a705eaf-1757771553/dsp-isin-debt-portfolio-as-on-15th-feb-2022.xlsx,xlsx,,{},2026-08-21 22:10:06.392200+00:00
bf74fee6-21e3-40eb-a650-86abcd6b5ceb,4325e98b-810f-4a9f-b510-0d18201e9709,portfolio_disclosure,,bc6afebe-de89-4d43-a319-3a0352ead9be,2022-02-15,https://www.dspim.com/media/pages/mandatory-disclosures/portfolio-disclosures/200a705eaf-1757771553/dsp-isin-debt-portfolio-as-on-15th-feb-2022.xlsx,xlsx,,{},2026-08-21 22:10:06.392200+00:00
f16ea78b-1a19-4c01-b668-1150988339e3,4325e98b-810f-4a9f-b510-0d18201e9709,portfolio_disclosure,,7acbdaac-6b00-42f0-8aa5-b4ef1d6b484d,2022-02-15,https://www.dspim.com/media/pages/mandatory-disclosures/portfolio-disclosures/200a705eaf-1757771553/dsp-isin-debt-portfolio-as-on-15th-feb-2022.xlsx,xlsx,,{},2026-08-21 22:10:06.392200+00:00
64922ddd-4ee8-4293-a57b-8047741db043,4325e98b-810f-4a9f-b510-0d18201e9709,portfolio_disclosure,,b92e8310-5c68-4a29-b91b-27893200ffd2,2022-02-15,https://www.dspim.com/media/pages/mandatory-disclosures/portfolio-disclosures/200a705eaf-1757771553/dsp-isin-debt-portfolio-as-on-15th-feb-2022.xlsx,xlsx,,{},2026-08-21 22:10:06.392200+00:00
02667c5b-cd68-476a-b862-3cc7e35abfd3,4325e98b-810f-4a9f-b510-0d18201e9709,portfolio_disclosure,,a18722cc-6b48-43fe-9c48-3d037bf493bf,2022-02-15,https://www.dspim.com/media/pages/mandatory-disclosures/portfolio-disclosures/200a705eaf-1757771553/dsp-isin-debt-portfolio-as-on-15th-feb-2022.xlsx,xlsx,,{},2026-08-21 22:10:06.392200+00:00
c47ba5f5-7987-4fbc-b542-e40c689a12f3,4325e98b-810f-4a9f-b510-0d18201e9709,portfolio_disclosure,,9c2c7293-3cb9-4dde-b834-220990d0fc56,2022-02-15,https://www.dspim.com/media/pages/mandatory-disclosures/portfolio-disclosures/200a705eaf-1757771553/dsp-isin-debt-portfolio-as-on-15th-feb-2022.xlsx,xlsx,,{},2026-08-21 22:10:06.392200+00:00
ed850e33-3983-4ac3-bd0b-79e52af0d8ea,9d05bfe6-143e-41d0-97f0-39d6c69a2799,portfolio_disclosure,,39bd5974-4c82-4457-bfd8-bfead40cd71f,2026-02-15,https://www.dspim.com/media/pages/mandatory-disclosures/portfolio-disclosures/180a6a1e4e-1771517150/dsp-isin-debt-fortnightly-portfolio-as-on-15-feb-2026.xlsx,xlsx,,{},2026-08-21 22:10:10.646478+00:00
fa795046-ea4a-4fbe-8bef-d48686e75c0c,9d05bfe6-143e-41d0-97f0-39d6c69a2799,portfolio_disclosure,,4c0b62ae-5310-4f78-9daf-9dc2c317b347,2026-02-15,https://www.dspim.com/media/pages/mandatory-disclosures/portfolio-disclosures/180a6a1e4e-1771517150/dsp-isin-debt-fortnightly-portfolio-as-on-15-feb-2026.xlsx,xlsx,,{},2026-08-21 22:10:10.646478+00:00
788f5611-b46b-43ee-b1ef-f673c56c4f99,9d05bfe6-143e-41d0-97f0-39d6c69a2799,portfolio_disclosure,,4b79d7b6-ca96-4225-965f-f0e1a7993d18,2026-02-15,https://www.dspim.com/media/pages/mandatory-disclosures/portfolio-disclosures/180a6a1e4e-1771517150/dsp-isin-debt-fortnightly-portfolio-as-on-15-feb-2026.xlsx,xlsx,,{},2026-08-21 22:10:10.646478+00:00
1fc9b070-426f-4606-bd07-acb5e72d4c4e,9d05bfe6-143e-41d0-97f0-39d6c69a2799,portfolio_disclosure,,d7d97876-3f48-4125-a93c-5fadd10b4402,2026-02-15,https://www.dspim.com/media/pages/mandatory-disclosures/portfolio-disclosures/180a6a1e4e-1771517150/dsp-isin-debt-fortnightly-portfolio-as-on-15-feb-2026.xlsx,xlsx,,{},2026-08-21 22:10:10.646478+00:00
f4995178-8f59-4df1-bfcf-d41181744dd6,9d05bfe6-143e-41d0-97f0-39d6c69a2799,portfolio_disclosure,,a5cbc07f-1e64-4817-8efe-bca3d4a64f5c,2026-02-15,https://www.dspim.com/media/pages/mandatory-disclosures/portfolio-disclosures/180a6a1e4e-1771517150/dsp-isin-debt-fortnightly-portfolio-as-on-15-feb-2026.xlsx,xlsx,,{},2026-08-21 22:10:10.646478+00:00
9829eb0a-ebf4-480e-ac98-3e483723d290,9d05bfe6-143e-41d0-97f0-39d6c69a2799,portfolio_disclosure,,711bb119-31de-44af-bb63-de60d060214f,2026-02-15,https://www.dspim.com/media/pages/mandatory-disclosures/portfolio-disclosures/180a6a1e4e-1771517150/dsp-isin-debt-fortnightly-portfolio-as-on-15-feb-2026.xlsx,xlsx,,{},2026-08-21 22:10:10.646478+00:00
a03ebf56-8298-4f27-b10a-647c7820c6fc,9d05bfe6-143e-41d0-97f0-39d6c69a2799,portfolio_disclosure,,aa38dd68-4660-4a1b-b174-fd59e0c778fd,2026-02-15,https://www.dspim.com/media/pages/mandatory-disclosures/portfolio-disclosures/180a6a1e4e-1771517150/dsp-isin-debt-fortnightly-portfolio-as-on-15-feb-2026.xlsx,xlsx,,{},2026-08-21 22:10:10.646478+00:00
b89101a9-4385-48f6-b242-aec33e33037e,9d05bfe6-143e-41d0-97f0-39d6c69a2799,portfolio_disclosure,,1de88c3b-aa99-4154-b02c-c4f9360aca01,2026-02-15,https://www.dspim.com/media/pages/mandatory-disclosures/portfolio-disclosures/180a6a1e4e-1771517150/dsp-isin-debt-fortnightly-portfolio-as-on-15-feb-2026.xlsx,xlsx,,{},2026-08-21 22:10:10.646478+00:00
27ef998c-9bce-4cfc-bf0e-b0f4cb560ad6,9d05bfe6-143e-41d0-97f0-39d6c69a2799,portfolio_disclosure,,d63d2a0d-4ec8-49c9-8151-f219e714445f,2026-02-15,https://www.dspim.com/media/pages/mandatory-disclosures/portfolio-disclosures/180a6a1e4e-1771517150/dsp-isin-debt-fortnightly-portfolio-as-on-15-feb-2026.xlsx,xlsx,,{},2026-08-21 22:10:10.646478+00:00
e98f1295-320b-4cab-a5de-3482f6c47d98,9d05bfe6-143e-41d0-97f0-39d6c69a2799,portfolio_disclosure,,8b8a7181-1a62-463c-9637-38515e3a4973,2026-02-15,https://www.dspim.com/media/pages/mandatory-disclosures/portfolio-disclosures/180a6a1e4e-1771517150/dsp-isin-debt-fortnightly-portfolio-as-on-15-feb-2026.xlsx,xlsx,,{},2026-08-21 22:10:10.646478+00:00
9a3f8a24-256b-40b7-af19-e96f77bc3873,9d05bfe6-143e-41d0-97f0-39d6c69a2799,portfolio_disclosure,,aa29e284-5e02-4951-ae02-ed98535dc61e,2026-02-15,https://www.dspim.com/media/pages/mandatory-disclosures/portfolio-disclosures/180a6a1e4e-1771517150/dsp-isin-debt-fortnightly-portfolio-as-on-15-feb-2026.xlsx,xlsx,,{},2026-08-21 22:10:10.646478+00:00
1818ee1b-61bb-4fa1-a08d-af7a47926d05,9d05bfe6-143e-41d0-97f0-39d6c69a2799,portfolio_disclosure,,f1c6f3aa-b829-4406-a6f8-03734bf4a16f,2026-02-15,https://www.dspim.com/media/pages/mandatory-disclosures/portfolio-disclosures/180a6a1e4e-1771517150/dsp-isin-debt-fortnightly-portfolio-as-on-15-feb-2026.xlsx,xlsx,,{},2026-08-21 22:10:10.646478+00:00
b4c7d656-5d0a-4d5a-9b03-538bdf72f075,9d05bfe6-143e-41d0-97f0-39d6c69a2799,portfolio_disclosure,,c280dee4-2813-4e8b-8f66-240ebce126ab,2026-02-15,https://www.dspim.com/media/pages/mandatory-disclosures/portfolio-disclosures/180a6a1e4e-1771517150/dsp-isin-debt-fortnightly-portfolio-as-on-15-feb-2026.xlsx,xlsx,,{},2026-08-21 22:10:10.646478+00:00
feb56388-3888-4081-80b0-863f40158514,9d05bfe6-143e-41d0-97f0-39d6c69a2799,portfolio_disclosure,,e3c71b64-92f1-4db4-a6f7-1c0008e69c4c,2026-02-15,https://www.dspim.com/media/pages/mandatory-disclosures/portfolio-disclosures/180a6a1e4e-1771517150/dsp-isin-debt-fortnightly-portfolio-as-on-15-feb-2026.xlsx,xlsx,,{},2026-08-21 22:10:10.646478+00:00
79e3f717-20c5-44a2-b5d3-e0e4f7f9fe9f,9d05bfe6-143e-41d0-97f0-39d6c69a2799,portfolio_disclosure,,bcdfc686-5907-43dd-8412-1158d4f21d83,2026-02-15,https://www.dspim.com/media/pages/mandatory-disclosures/portfolio-disclosures/180a6a1e4e-1771517150/dsp-isin-debt-fortnightly-portfolio-as-on-15-feb-2026.xlsx,xlsx,,{},2026-08-21 22:10:10.646478+00:00
8908cd08-aa0f-4c98-976d-7c2e32d5f61c,9d05bfe6-143e-41d0-97f0-39d6c69a2799,portfolio_disclosure,,bc6afebe-de89-4d43-a319-3a0352ead9be,2026-02-15,https://www.dspim.com/media/pages/mandatory-disclosures/portfolio-disclosures/180a6a1e4e-1771517150/dsp-isin-debt-fortnightly-portfolio-as-on-15-feb-2026.xlsx,xlsx,,{},2026-08-21 22:10:10.646478+00:00
5da8907c-f4f9-43f3-9579-4fa97b5e7372,9d05bfe6-143e-41d0-97f0-39d6c69a2799,portfolio_disclosure,,7acbdaac-6b00-42f0-8aa5-b4ef1d6b484d,2026-02-15,https://www.dspim.com/media/pages/mandatory-disclosures/portfolio-disclosures/180a6a1e4e-1771517150/dsp-isin-debt-fortnightly-portfolio-as-on-15-feb-2026.xlsx,xlsx,,{},2026-08-21 22:10:10.646478+00:00
fd033b77-e96f-4863-91a6-5dd5b8550a05,9d05bfe6-143e-41d0-97f0-39d6c69a2799,portfolio_disclosure,,75700a69-71bb-4ab4-b736-12846754c6fa,2026-02-15,https://www.dspim.com/media/pages/mandatory-disclosures/portfolio-disclosures/180a6a1e4e-1771517150/dsp-isin-debt-fortnightly-portfolio-as-on-15-feb-2026.xlsx,xlsx,,{},2026-08-21 22:10:10.646478+00:00
2f83b45d-fede-41a6-a2cf-97571cf304de,9d05bfe6-143e-41d0-97f0-39d6c69a2799,portfolio_disclosure,,28e08d4a-750c-44a8-b878-507862a40769,2026-02-15,https://www.dspim.com/media/pages/mandatory-disclosures/portfolio-disclosures/180a6a1e4e-1771517150/dsp-isin-debt-fortnightly-portfolio-as-on-15-feb-2026.xlsx,xlsx,,{},2026-08-21 22:10:10.646478+00:00
8f7e3b06-791f-4853-b17e-f45efb6261e7,9d05bfe6-143e-41d0-97f0-39d6c69a2799,portfolio_disclosure,,9f75a983-484e-45e0-9905-bf47dbfc8900,2026-02-15,https://www.dspim.com/media/pages/mandatory-disclosures/portfolio-disclosures/180a6a1e4e-1771517150/dsp-isin-debt-fortnightly-portfolio-as-on-15-feb-2026.xlsx,xlsx,,{},2026-08-21 22:10:10.646478+00:00
4140ceaf-a789-42b4-a7bb-bfd8e194bc97,9d05bfe6-143e-41d0-97f0-39d6c69a2799,portfolio_disclosure,,b3236eec-7dcc-4192-8025-4d413fbde918,2026-02-15,https://www.dspim.com/media/pages/mandatory-disclosures/portfolio-disclosures/180a6a1e4e-1771517150/dsp-isin-debt-fortnightly-portfolio-as-on-15-feb-2026.xlsx,xlsx,,{},2026-08-21 22:10:10.646478+00:00
78b8a227-9822-4cdc-8c95-b9e6c1c852b3,9d05bfe6-143e-41d0-97f0-39d6c69a2799,portfolio_disclosure,,e0a672f6-40f3-453f-ab57-9c3633fa4d5a,2026-02-15,https://www.dspim.com/media/pages/mandatory-disclosures/portfolio-disclosures/180a6a1e4e-1771517150/dsp-isin-debt-fortnightly-portfolio-as-on-15-feb-2026.xlsx,xlsx,,{},2026-08-21 22:10:10.646478+00:00
4a380fd5-4c8a-4648-a3d6-0af3a5cac2ec,9d05bfe6-143e-41d0-97f0-39d6c69a2799,portfolio_disclosure,,f3839e55-9dd9-4e5a-815f-b9125c1200e8,2026-02-15,https://www.dspim.com/media/pages/mandatory-disclosures/portfolio-disclosures/180a6a1e4e-1771517150/dsp-isin-debt-fortnightly-portfolio-as-on-15-feb-2026.xlsx,xlsx,,{},2026-08-21 22:10:10.646478+00:00
c788f19c-419d-4de1-b9eb-460a07e33a0d,9d05bfe6-143e-41d0-97f0-39d6c69a2799,portfolio_disclosure,,6bf4afad-27c9-430a-9ddf-7f738f44369d,2026-02-15,https://www.dspim.com/media/pages/mandatory-disclosures/portfolio-disclosures/180a6a1e4e-1771517150/dsp-isin-debt-fortnightly-portfolio-as-on-15-feb-2026.xlsx,xlsx,,{},2026-08-21 22:10:10.646478+00:00
6be9aefb-b8ff-4994-aae9-7f20d5e92eea,9d05bfe6-143e-41d0-97f0-39d6c69a2799,portfolio_disclosure,,d3054566-387e-4c09-ae37-8f6734e2b928,2026-02-15,https://www.dspim.com/media/pages/mandatory-disclosures/portfolio-disclosures/180a6a1e4e-1771517150/dsp-isin-debt-fortnightly-portfolio-as-on-15-feb-2026.xlsx,xlsx,,{},2026-08-21 22:10:10.646478+00:00
c939f3df-274e-4be2-b2ed-0b25374bfafe,9d05bfe6-143e-41d0-97f0-39d6c69a2799,portfolio_disclosure,,9c2c7293-3cb9-4dde-b834-220990d0fc56,2026-02-15,https://www.dspim.com/media/pages/mandatory-disclosures/portfolio-disclosures/180a6a1e4e-1771517150/dsp-isin-debt-fortnightly-portfolio-as-on-15-feb-2026.xlsx,xlsx,,{},2026-08-21 22:10:10.646478+00:00
9d25bd8c-46f6-4825-9417-a534191b47d7,f5dddb5e-e5ec-4eb9-beba-97a60a1d1e20,portfolio_disclosure,,20e22757-6a93-4e58-8102-396ba968f1ba,2026-08-15,https://www.invescomutualfund.com/docs/default-source/fortnightly-holdings/gilt-fund4e3ffe07eee8616aaa28ff00007d74af.xlsx?sfvrsn=59d79fc2_0,xlsx,,{},2026-08-21 22:11:02.729920+00:00
91ab74d9-7554-47e0-b943-448ed451b460,23ffe73a-b014-4b42-955c-2dc315024962,portfolio_disclosure,,7eab5f48-0f0f-48f8-87c3-4a9455454708,2023-11-30,https://amc.ppfas.com/downloads/portfolio-disclosure/fortnightly-debt-portfolio-disclosure/2023/PPLF_Fortnightly_Portfolio_Report_30-november-2023.xlsx?04122023_1,xlsx,,{},2026-08-21 22:13:56.157603+00:00
ef376a9c-88d9-40c7-bbc0-76b86687640d,bff24ef8-100d-4e9f-b41d-6eb447af3900,portfolio_disclosure,,7eab5f48-0f0f-48f8-87c3-4a9455454708,2026-01-31,https://amc.ppfas.com/downloads/portfolio-disclosure/fortnightly-debt-portfolio-disclosure/2026/PPLF_Fortnightly_Portfolio_Report_31-january-2026.xlsx?04022026_1,xlsx,,{},2026-08-21 22:13:56.833147+00:00
c4068f4b-3a76-420a-8486-4500f9c829d8,51c675ba-75a4-4208-818e-846edbad44e2,portfolio_disclosure,,7eab5f48-0f0f-48f8-87c3-4a9455454708,2025-04-15,https://amc.ppfas.com/downloads/portfolio-disclosure/fortnightly-debt-portfolio-disclosure/2025/PPLF_Fortnightly_Portfolio_Report_15-april-2025.xlsx?18042025,xlsx,,{},2026-08-21 22:13:57.488085+00:00
35f17d8f-0130-4fb6-ba0d-4981a8307d11,68118a81-56a2-47c6-afe7-eca6adb44c7d,portfolio_disclosure,,39bd5974-4c82-4457-bfd8-bfead40cd71f,2026-01-31,https://www.dspim.com/media/pages/mandatory-disclosures/portfolio-disclosures/4f5a6dbad4-1770311663/dsp-isin-debt-portfolio-as-on-31-jan-2026.xlsx,xlsx,,{},2026-08-21 22:14:03.860653+00:00
4dbff794-b1dd-491a-9d3e-653619573409,68118a81-56a2-47c6-afe7-eca6adb44c7d,portfolio_disclosure,,4c0b62ae-5310-4f78-9daf-9dc2c317b347,2026-01-31,https://www.dspim.com/media/pages/mandatory-disclosures/portfolio-disclosures/4f5a6dbad4-1770311663/dsp-isin-debt-portfolio-as-on-31-jan-2026.xlsx,xlsx,,{},2026-08-21 22:14:03.860653+00:00
faecede2-7b06-4216-8360-2d5e8af2c2ad,68118a81-56a2-47c6-afe7-eca6adb44c7d,portfolio_disclosure,,4b79d7b6-ca96-4225-965f-f0e1a7993d18,2026-01-31,https://www.dspim.com/media/pages/mandatory-disclosures/portfolio-disclosures/4f5a6dbad4-1770311663/dsp-isin-debt-portfolio-as-on-31-jan-2026.xlsx,xlsx,,{},2026-08-21 22:14:03.860653+00:00
07d4224c-fc9f-468f-abfc-c83f2f315f85,68118a81-56a2-47c6-afe7-eca6adb44c7d,portfolio_disclosure,,d7d97876-3f48-4125-a93c-5fadd10b4402,2026-01-31,https://www.dspim.com/media/pages/mandatory-disclosures/portfolio-disclosures/4f5a6dbad4-1770311663/dsp-isin-debt-portfolio-as-on-31-jan-2026.xlsx,xlsx,,{},2026-08-21 22:14:03.860653+00:00
2816d78f-8342-40ca-a9ec-b84744c40aaa,68118a81-56a2-47c6-afe7-eca6adb44c7d,portfolio_disclosure,,a5cbc07f-1e64-4817-8efe-bca3d4a64f5c,2026-01-31,https://www.dspim.com/media/pages/mandatory-disclosures/portfolio-disclosures/4f5a6dbad4-1770311663/dsp-isin-debt-portfolio-as-on-31-jan-2026.xlsx,xlsx,,{},2026-08-21 22:14:03.860653+00:00
357de013-41ab-4cca-83c0-c80de97522ca,68118a81-56a2-47c6-afe7-eca6adb44c7d,portfolio_disclosure,,711bb119-31de-44af-bb63-de60d060214f,2026-01-31,https://www.dspim.com/media/pages/mandatory-disclosures/portfolio-disclosures/4f5a6dbad4-1770311663/dsp-isin-debt-portfolio-as-on-31-jan-2026.xlsx,xlsx,,{},2026-08-21 22:14:03.860653+00:00
f409a349-a943-4c9d-a53e-1fa5ba3659ad,68118a81-56a2-47c6-afe7-eca6adb44c7d,portfolio_disclosure,,aa38dd68-4660-4a1b-b174-fd59e0c778fd,2026-01-31,https://www.dspim.com/media/pages/mandatory-disclosures/portfolio-disclosures/4f5a6dbad4-1770311663/dsp-isin-debt-portfolio-as-on-31-jan-2026.xlsx,xlsx,,{},2026-08-21 22:14:03.860653+00:00
00be55d3-a249-4d22-93b2-884c20aeaa1f,68118a81-56a2-47c6-afe7-eca6adb44c7d,portfolio_disclosure,,1de88c3b-aa99-4154-b02c-c4f9360aca01,2026-01-31,https://www.dspim.com/media/pages/mandatory-disclosures/portfolio-disclosures/4f5a6dbad4-1770311663/dsp-isin-debt-portfolio-as-on-31-jan-2026.xlsx,xlsx,,{},2026-08-21 22:14:03.860653+00:00
630169c4-1fe9-4d37-9c15-422e400b20df,68118a81-56a2-47c6-afe7-eca6adb44c7d,portfolio_disclosure,,d63d2a0d-4ec8-49c9-8151-f219e714445f,2026-01-31,https://www.dspim.com/media/pages/mandatory-disclosures/portfolio-disclosures/4f5a6dbad4-1770311663/dsp-isin-debt-portfolio-as-on-31-jan-2026.xlsx,xlsx,,{},2026-08-21 22:14:03.860653+00:00
e4833b86-3173-4f19-afad-94f33524a008,68118a81-56a2-47c6-afe7-eca6adb44c7d,portfolio_disclosure,,8b8a7181-1a62-463c-9637-38515e3a4973,2026-01-31,https://www.dspim.com/media/pages/mandatory-disclosures/portfolio-disclosures/4f5a6dbad4-1770311663/dsp-isin-debt-portfolio-as-on-31-jan-2026.xlsx,xlsx,,{},2026-08-21 22:14:03.860653+00:00
75b49a23-07dd-4d2a-b677-a5e003fceaeb,68118a81-56a2-47c6-afe7-eca6adb44c7d,portfolio_disclosure,,aa29e284-5e02-4951-ae02-ed98535dc61e,2026-01-31,https://www.dspim.com/media/pages/mandatory-disclosures/portfolio-disclosures/4f5a6dbad4-1770311663/dsp-isin-debt-portfolio-as-on-31-jan-2026.xlsx,xlsx,,{},2026-08-21 22:14:03.860653+00:00
1d341d87-bd82-4592-88f4-e6c671ecf140,68118a81-56a2-47c6-afe7-eca6adb44c7d,portfolio_disclosure,,f1c6f3aa-b829-4406-a6f8-03734bf4a16f,2026-01-31,https://www.dspim.com/media/pages/mandatory-disclosures/portfolio-disclosures/4f5a6dbad4-1770311663/dsp-isin-debt-portfolio-as-on-31-jan-2026.xlsx,xlsx,,{},2026-08-21 22:14:03.860653+00:00
fee8e4a2-f9c8-4beb-81b9-2752bac66a40,68118a81-56a2-47c6-afe7-eca6adb44c7d,portfolio_disclosure,,c280dee4-2813-4e8b-8f66-240ebce126ab,2026-01-31,https://www.dspim.com/media/pages/mandatory-disclosures/portfolio-disclosures/4f5a6dbad4-1770311663/dsp-isin-debt-portfolio-as-on-31-jan-2026.xlsx,xlsx,,{},2026-08-21 22:14:03.860653+00:00
4957aa29-d6b5-4672-aabc-18f0fee4d32f,68118a81-56a2-47c6-afe7-eca6adb44c7d,portfolio_disclosure,,e3c71b64-92f1-4db4-a6f7-1c0008e69c4c,2026-01-31,https://www.dspim.com/media/pages/mandatory-disclosures/portfolio-disclosures/4f5a6dbad4-1770311663/dsp-isin-debt-portfolio-as-on-31-jan-2026.xlsx,xlsx,,{},2026-08-21 22:14:03.860653+00:00
a1c39435-c0e4-4c24-96a7-953bf6c9812f,68118a81-56a2-47c6-afe7-eca6adb44c7d,portfolio_disclosure,,bcdfc686-5907-43dd-8412-1158d4f21d83,2026-01-31,https://www.dspim.com/media/pages/mandatory-disclosures/portfolio-disclosures/4f5a6dbad4-1770311663/dsp-isin-debt-portfolio-as-on-31-jan-2026.xlsx,xlsx,,{},2026-08-21 22:14:03.860653+00:00
ba81fa45-b2a7-4306-a091-129a9063ec05,7a4a1e56-6bdd-4603-aac0-02a421db3fc2,portfolio_disclosure,,e70b03f7-000c-4e0c-bd3a-478d7828489e,2026-08-15,https://www.miraeassetmf.co.in/docs/default-source/portfolios/ipafof_15082026.xlsx,xlsx,,{},2026-08-21 22:10:47.226736+00:00
f65fce92-5988-4ff8-8188-0ea874ef4256,68118a81-56a2-47c6-afe7-eca6adb44c7d,portfolio_disclosure,,bc6afebe-de89-4d43-a319-3a0352ead9be,2026-01-31,https://www.dspim.com/media/pages/mandatory-disclosures/portfolio-disclosures/4f5a6dbad4-1770311663/dsp-isin-debt-portfolio-as-on-31-jan-2026.xlsx,xlsx,,{},2026-08-21 22:14:03.860653+00:00
1d377951-f96a-479e-8a64-afd9b402e682,68118a81-56a2-47c6-afe7-eca6adb44c7d,portfolio_disclosure,,7acbdaac-6b00-42f0-8aa5-b4ef1d6b484d,2026-01-31,https://www.dspim.com/media/pages/mandatory-disclosures/portfolio-disclosures/4f5a6dbad4-1770311663/dsp-isin-debt-portfolio-as-on-31-jan-2026.xlsx,xlsx,,{},2026-08-21 22:14:03.860653+00:00
b9a00c5d-b733-4466-b425-44750a8e529e,68118a81-56a2-47c6-afe7-eca6adb44c7d,portfolio_disclosure,,75700a69-71bb-4ab4-b736-12846754c6fa,2026-01-31,https://www.dspim.com/media/pages/mandatory-disclosures/portfolio-disclosures/4f5a6dbad4-1770311663/dsp-isin-debt-portfolio-as-on-31-jan-2026.xlsx,xlsx,,{},2026-08-21 22:14:03.860653+00:00
b5bd04de-3614-4132-a0aa-74ca45e86774,68118a81-56a2-47c6-afe7-eca6adb44c7d,portfolio_disclosure,,28e08d4a-750c-44a8-b878-507862a40769,2026-01-31,https://www.dspim.com/media/pages/mandatory-disclosures/portfolio-disclosures/4f5a6dbad4-1770311663/dsp-isin-debt-portfolio-as-on-31-jan-2026.xlsx,xlsx,,{},2026-08-21 22:14:03.860653+00:00
dd003162-d0ce-4c86-b62e-9d3ad21e145f,68118a81-56a2-47c6-afe7-eca6adb44c7d,portfolio_disclosure,,9f75a983-484e-45e0-9905-bf47dbfc8900,2026-01-31,https://www.dspim.com/media/pages/mandatory-disclosures/portfolio-disclosures/4f5a6dbad4-1770311663/dsp-isin-debt-portfolio-as-on-31-jan-2026.xlsx,xlsx,,{},2026-08-21 22:14:03.860653+00:00
e331d422-c777-4864-92b2-2d4216b1f9ed,68118a81-56a2-47c6-afe7-eca6adb44c7d,portfolio_disclosure,,b3236eec-7dcc-4192-8025-4d413fbde918,2026-01-31,https://www.dspim.com/media/pages/mandatory-disclosures/portfolio-disclosures/4f5a6dbad4-1770311663/dsp-isin-debt-portfolio-as-on-31-jan-2026.xlsx,xlsx,,{},2026-08-21 22:14:03.860653+00:00
db34ce3d-0fc6-4466-b09a-8a1defdfbdfe,68118a81-56a2-47c6-afe7-eca6adb44c7d,portfolio_disclosure,,e0a672f6-40f3-453f-ab57-9c3633fa4d5a,2026-01-31,https://www.dspim.com/media/pages/mandatory-disclosures/portfolio-disclosures/4f5a6dbad4-1770311663/dsp-isin-debt-portfolio-as-on-31-jan-2026.xlsx,xlsx,,{},2026-08-21 22:14:03.860653+00:00
d57b9b6d-0dde-4b3f-888a-ddf6feb81e0c,68118a81-56a2-47c6-afe7-eca6adb44c7d,portfolio_disclosure,,f3839e55-9dd9-4e5a-815f-b9125c1200e8,2026-01-31,https://www.dspim.com/media/pages/mandatory-disclosures/portfolio-disclosures/4f5a6dbad4-1770311663/dsp-isin-debt-portfolio-as-on-31-jan-2026.xlsx,xlsx,,{},2026-08-21 22:14:03.860653+00:00
0d62f4a3-31bd-4bf7-8de3-a546b17656de,68118a81-56a2-47c6-afe7-eca6adb44c7d,portfolio_disclosure,,6bf4afad-27c9-430a-9ddf-7f738f44369d,2026-01-31,https://www.dspim.com/media/pages/mandatory-disclosures/portfolio-disclosures/4f5a6dbad4-1770311663/dsp-isin-debt-portfolio-as-on-31-jan-2026.xlsx,xlsx,,{},2026-08-21 22:14:03.860653+00:00
88944e05-2040-4103-ab20-59941e589d34,68118a81-56a2-47c6-afe7-eca6adb44c7d,portfolio_disclosure,,d3054566-387e-4c09-ae37-8f6734e2b928,2026-01-31,https://www.dspim.com/media/pages/mandatory-disclosures/portfolio-disclosures/4f5a6dbad4-1770311663/dsp-isin-debt-portfolio-as-on-31-jan-2026.xlsx,xlsx,,{},2026-08-21 22:14:03.860653+00:00
ee02310d-9e42-44d2-bd38-d39cf96a4638,68118a81-56a2-47c6-afe7-eca6adb44c7d,portfolio_disclosure,,9c2c7293-3cb9-4dde-b834-220990d0fc56,2026-01-31,https://www.dspim.com/media/pages/mandatory-disclosures/portfolio-disclosures/4f5a6dbad4-1770311663/dsp-isin-debt-portfolio-as-on-31-jan-2026.xlsx,xlsx,,{},2026-08-21 22:14:03.860653+00:00
779bd3b5-909e-4cb4-8bb9-761b25e6716d,5443aacd-f56f-474e-91c1-0ff099cabf57,portfolio_disclosure,,39bd5974-4c82-4457-bfd8-bfead40cd71f,2024-03-31,https://www.dspim.com/media/pages/mandatory-disclosures/portfolio-disclosures/e577062ba9-1757771554/dsp-isin-debt-portfolio-as-on-mar-2024.xlsx,xlsx,,{},2026-08-21 22:14:16.232903+00:00
54678af1-dc81-46fd-a7e9-5a29246c2f24,5443aacd-f56f-474e-91c1-0ff099cabf57,portfolio_disclosure,,4c0b62ae-5310-4f78-9daf-9dc2c317b347,2024-03-31,https://www.dspim.com/media/pages/mandatory-disclosures/portfolio-disclosures/e577062ba9-1757771554/dsp-isin-debt-portfolio-as-on-mar-2024.xlsx,xlsx,,{},2026-08-21 22:14:16.232903+00:00
e7a4a477-62d4-4d6e-bf1a-fb9a81285377,5443aacd-f56f-474e-91c1-0ff099cabf57,portfolio_disclosure,,4b79d7b6-ca96-4225-965f-f0e1a7993d18,2024-03-31,https://www.dspim.com/media/pages/mandatory-disclosures/portfolio-disclosures/e577062ba9-1757771554/dsp-isin-debt-portfolio-as-on-mar-2024.xlsx,xlsx,,{},2026-08-21 22:14:16.232903+00:00
09ef5824-7bb5-4c4a-b814-501edf29c1cc,5443aacd-f56f-474e-91c1-0ff099cabf57,portfolio_disclosure,,d7d97876-3f48-4125-a93c-5fadd10b4402,2024-03-31,https://www.dspim.com/media/pages/mandatory-disclosures/portfolio-disclosures/e577062ba9-1757771554/dsp-isin-debt-portfolio-as-on-mar-2024.xlsx,xlsx,,{},2026-08-21 22:14:16.232903+00:00
21f993d2-7965-4681-a700-bec810999142,5443aacd-f56f-474e-91c1-0ff099cabf57,portfolio_disclosure,,a5cbc07f-1e64-4817-8efe-bca3d4a64f5c,2024-03-31,https://www.dspim.com/media/pages/mandatory-disclosures/portfolio-disclosures/e577062ba9-1757771554/dsp-isin-debt-portfolio-as-on-mar-2024.xlsx,xlsx,,{},2026-08-21 22:14:16.232903+00:00
374ba2a4-6864-4a59-8813-5dff4334b193,5443aacd-f56f-474e-91c1-0ff099cabf57,portfolio_disclosure,,711bb119-31de-44af-bb63-de60d060214f,2024-03-31,https://www.dspim.com/media/pages/mandatory-disclosures/portfolio-disclosures/e577062ba9-1757771554/dsp-isin-debt-portfolio-as-on-mar-2024.xlsx,xlsx,,{},2026-08-21 22:14:16.232903+00:00
ced4518e-4ec2-4c75-add9-8adaaab78b38,5443aacd-f56f-474e-91c1-0ff099cabf57,portfolio_disclosure,,aa38dd68-4660-4a1b-b174-fd59e0c778fd,2024-03-31,https://www.dspim.com/media/pages/mandatory-disclosures/portfolio-disclosures/e577062ba9-1757771554/dsp-isin-debt-portfolio-as-on-mar-2024.xlsx,xlsx,,{},2026-08-21 22:14:16.232903+00:00
e96f0d78-7e4a-4adf-ae6c-99b54f75248b,5443aacd-f56f-474e-91c1-0ff099cabf57,portfolio_disclosure,,7fb43b72-d061-41a2-af93-2d47acc44831,2024-03-31,https://www.dspim.com/media/pages/mandatory-disclosures/portfolio-disclosures/e577062ba9-1757771554/dsp-isin-debt-portfolio-as-on-mar-2024.xlsx,xlsx,,{},2026-08-21 22:14:16.232903+00:00
8a1e38cd-9d0c-479e-a863-e7bd14bcc21c,5443aacd-f56f-474e-91c1-0ff099cabf57,portfolio_disclosure,,d63d2a0d-4ec8-49c9-8151-f219e714445f,2024-03-31,https://www.dspim.com/media/pages/mandatory-disclosures/portfolio-disclosures/e577062ba9-1757771554/dsp-isin-debt-portfolio-as-on-mar-2024.xlsx,xlsx,,{},2026-08-21 22:14:16.232903+00:00
2c1fa4ea-da2a-484c-bd46-b82022b14d87,5443aacd-f56f-474e-91c1-0ff099cabf57,portfolio_disclosure,,8b8a7181-1a62-463c-9637-38515e3a4973,2024-03-31,https://www.dspim.com/media/pages/mandatory-disclosures/portfolio-disclosures/e577062ba9-1757771554/dsp-isin-debt-portfolio-as-on-mar-2024.xlsx,xlsx,,{},2026-08-21 22:14:16.232903+00:00
bd378709-f5f3-4aa6-96db-1e8dd73b96a3,5443aacd-f56f-474e-91c1-0ff099cabf57,portfolio_disclosure,,aa29e284-5e02-4951-ae02-ed98535dc61e,2024-03-31,https://www.dspim.com/media/pages/mandatory-disclosures/portfolio-disclosures/e577062ba9-1757771554/dsp-isin-debt-portfolio-as-on-mar-2024.xlsx,xlsx,,{},2026-08-21 22:14:16.232903+00:00
81faa710-c64c-4557-a459-489fdc4d005c,5443aacd-f56f-474e-91c1-0ff099cabf57,portfolio_disclosure,,f1c6f3aa-b829-4406-a6f8-03734bf4a16f,2024-03-31,https://www.dspim.com/media/pages/mandatory-disclosures/portfolio-disclosures/e577062ba9-1757771554/dsp-isin-debt-portfolio-as-on-mar-2024.xlsx,xlsx,,{},2026-08-21 22:14:16.232903+00:00
2d951177-d23e-49eb-91c4-0de6247e31f9,5443aacd-f56f-474e-91c1-0ff099cabf57,portfolio_disclosure,,e3c71b64-92f1-4db4-a6f7-1c0008e69c4c,2024-03-31,https://www.dspim.com/media/pages/mandatory-disclosures/portfolio-disclosures/e577062ba9-1757771554/dsp-isin-debt-portfolio-as-on-mar-2024.xlsx,xlsx,,{},2026-08-21 22:14:16.232903+00:00
cb13eef1-8404-420f-8281-972156efb9b9,5443aacd-f56f-474e-91c1-0ff099cabf57,portfolio_disclosure,,bcdfc686-5907-43dd-8412-1158d4f21d83,2024-03-31,https://www.dspim.com/media/pages/mandatory-disclosures/portfolio-disclosures/e577062ba9-1757771554/dsp-isin-debt-portfolio-as-on-mar-2024.xlsx,xlsx,,{},2026-08-21 22:14:16.232903+00:00
6790f86a-820d-42d1-a80c-36be8c77bd2b,5443aacd-f56f-474e-91c1-0ff099cabf57,portfolio_disclosure,,bc6afebe-de89-4d43-a319-3a0352ead9be,2024-03-31,https://www.dspim.com/media/pages/mandatory-disclosures/portfolio-disclosures/e577062ba9-1757771554/dsp-isin-debt-portfolio-as-on-mar-2024.xlsx,xlsx,,{},2026-08-21 22:14:16.232903+00:00
7a18d633-b875-4621-b5b0-a09f2ba48086,5443aacd-f56f-474e-91c1-0ff099cabf57,portfolio_disclosure,,7acbdaac-6b00-42f0-8aa5-b4ef1d6b484d,2024-03-31,https://www.dspim.com/media/pages/mandatory-disclosures/portfolio-disclosures/e577062ba9-1757771554/dsp-isin-debt-portfolio-as-on-mar-2024.xlsx,xlsx,,{},2026-08-21 22:14:16.232903+00:00
cd1a18c7-2553-4dd2-b3e5-94c41158094e,5443aacd-f56f-474e-91c1-0ff099cabf57,portfolio_disclosure,,75700a69-71bb-4ab4-b736-12846754c6fa,2024-03-31,https://www.dspim.com/media/pages/mandatory-disclosures/portfolio-disclosures/e577062ba9-1757771554/dsp-isin-debt-portfolio-as-on-mar-2024.xlsx,xlsx,,{},2026-08-21 22:14:16.232903+00:00
21437779-1b72-435f-8b83-6423af11dbbc,5443aacd-f56f-474e-91c1-0ff099cabf57,portfolio_disclosure,,a1098ad6-91b7-4f2b-83c4-9adf731d7ed9,2024-03-31,https://www.dspim.com/media/pages/mandatory-disclosures/portfolio-disclosures/e577062ba9-1757771554/dsp-isin-debt-portfolio-as-on-mar-2024.xlsx,xlsx,,{},2026-08-21 22:14:16.232903+00:00
f1e11a73-37fa-4f44-8345-55d9f1d7d30a,5443aacd-f56f-474e-91c1-0ff099cabf57,portfolio_disclosure,,9f75a983-484e-45e0-9905-bf47dbfc8900,2024-03-31,https://www.dspim.com/media/pages/mandatory-disclosures/portfolio-disclosures/e577062ba9-1757771554/dsp-isin-debt-portfolio-as-on-mar-2024.xlsx,xlsx,,{},2026-08-21 22:14:16.232903+00:00
44c8316c-1ee7-4fa5-ab48-78bbcfcd8087,5443aacd-f56f-474e-91c1-0ff099cabf57,portfolio_disclosure,,d3be6012-90d1-4c15-a443-bd48fd72bda2,2024-03-31,https://www.dspim.com/media/pages/mandatory-disclosures/portfolio-disclosures/e577062ba9-1757771554/dsp-isin-debt-portfolio-as-on-mar-2024.xlsx,xlsx,,{},2026-08-21 22:14:16.232903+00:00
da5c203c-a027-4e0f-bd38-9467f5709452,5443aacd-f56f-474e-91c1-0ff099cabf57,portfolio_disclosure,,e89a10e7-e991-45b2-8131-f5a40f497090,2024-03-31,https://www.dspim.com/media/pages/mandatory-disclosures/portfolio-disclosures/e577062ba9-1757771554/dsp-isin-debt-portfolio-as-on-mar-2024.xlsx,xlsx,,{},2026-08-21 22:14:16.232903+00:00
2b4d9bf1-50f5-48a4-ab7d-740a5ddba197,5443aacd-f56f-474e-91c1-0ff099cabf57,portfolio_disclosure,,f3839e55-9dd9-4e5a-815f-b9125c1200e8,2024-03-31,https://www.dspim.com/media/pages/mandatory-disclosures/portfolio-disclosures/e577062ba9-1757771554/dsp-isin-debt-portfolio-as-on-mar-2024.xlsx,xlsx,,{},2026-08-21 22:14:16.232903+00:00
d8f255fd-5fd1-4460-a1df-52b56ff3f0b0,5443aacd-f56f-474e-91c1-0ff099cabf57,portfolio_disclosure,,6bf4afad-27c9-430a-9ddf-7f738f44369d,2024-03-31,https://www.dspim.com/media/pages/mandatory-disclosures/portfolio-disclosures/e577062ba9-1757771554/dsp-isin-debt-portfolio-as-on-mar-2024.xlsx,xlsx,,{},2026-08-21 22:14:16.232903+00:00
9f265ad3-0857-44ac-9c35-e34927fb4fcf,5443aacd-f56f-474e-91c1-0ff099cabf57,portfolio_disclosure,,d3054566-387e-4c09-ae37-8f6734e2b928,2024-03-31,https://www.dspim.com/media/pages/mandatory-disclosures/portfolio-disclosures/e577062ba9-1757771554/dsp-isin-debt-portfolio-as-on-mar-2024.xlsx,xlsx,,{},2026-08-21 22:14:16.232903+00:00
ed391748-52d8-461c-91bb-020d66c3841d,5443aacd-f56f-474e-91c1-0ff099cabf57,portfolio_disclosure,,9c2c7293-3cb9-4dde-b834-220990d0fc56,2024-03-31,https://www.dspim.com/media/pages/mandatory-disclosures/portfolio-disclosures/e577062ba9-1757771554/dsp-isin-debt-portfolio-as-on-mar-2024.xlsx,xlsx,,{},2026-08-21 22:14:16.232903+00:00
020807f5-6079-4d39-b1a5-238db3d5d42b,f44971a3-48b8-4d57-b839-53fb8b095bb7,portfolio_disclosure,,39bd5974-4c82-4457-bfd8-bfead40cd71f,2023-12-31,https://www.dspim.com/media/pages/mandatory-disclosures/portfolio-disclosures/951d1e434f-1757771554/dsp-isin-debt-portfolio-as-on-dec-2023.xlsx,xlsx,,{},2026-08-21 22:14:28.137797+00:00
c63ca62b-8773-4f67-8506-fd6450143f5b,f44971a3-48b8-4d57-b839-53fb8b095bb7,portfolio_disclosure,,4c0b62ae-5310-4f78-9daf-9dc2c317b347,2023-12-31,https://www.dspim.com/media/pages/mandatory-disclosures/portfolio-disclosures/951d1e434f-1757771554/dsp-isin-debt-portfolio-as-on-dec-2023.xlsx,xlsx,,{},2026-08-21 22:14:28.137797+00:00
4865471e-27b2-48f3-be6b-6d8d0affa68e,f44971a3-48b8-4d57-b839-53fb8b095bb7,portfolio_disclosure,,4b79d7b6-ca96-4225-965f-f0e1a7993d18,2023-12-31,https://www.dspim.com/media/pages/mandatory-disclosures/portfolio-disclosures/951d1e434f-1757771554/dsp-isin-debt-portfolio-as-on-dec-2023.xlsx,xlsx,,{},2026-08-21 22:14:28.137797+00:00
e3e058b8-390e-4a1d-94b1-3a9ec251c40f,f44971a3-48b8-4d57-b839-53fb8b095bb7,portfolio_disclosure,,d7d97876-3f48-4125-a93c-5fadd10b4402,2023-12-31,https://www.dspim.com/media/pages/mandatory-disclosures/portfolio-disclosures/951d1e434f-1757771554/dsp-isin-debt-portfolio-as-on-dec-2023.xlsx,xlsx,,{},2026-08-21 22:14:28.137797+00:00
01a36ec7-0f1f-4ca3-8f35-7c79b278550a,f44971a3-48b8-4d57-b839-53fb8b095bb7,portfolio_disclosure,,a5cbc07f-1e64-4817-8efe-bca3d4a64f5c,2023-12-31,https://www.dspim.com/media/pages/mandatory-disclosures/portfolio-disclosures/951d1e434f-1757771554/dsp-isin-debt-portfolio-as-on-dec-2023.xlsx,xlsx,,{},2026-08-21 22:14:28.137797+00:00
174d65ae-70ca-4b76-a8af-f3a8983ae225,f44971a3-48b8-4d57-b839-53fb8b095bb7,portfolio_disclosure,,711bb119-31de-44af-bb63-de60d060214f,2023-12-31,https://www.dspim.com/media/pages/mandatory-disclosures/portfolio-disclosures/951d1e434f-1757771554/dsp-isin-debt-portfolio-as-on-dec-2023.xlsx,xlsx,,{},2026-08-21 22:14:28.137797+00:00
47216354-58cc-4a65-aa78-07cefeeeca1f,f44971a3-48b8-4d57-b839-53fb8b095bb7,portfolio_disclosure,,aa38dd68-4660-4a1b-b174-fd59e0c778fd,2023-12-31,https://www.dspim.com/media/pages/mandatory-disclosures/portfolio-disclosures/951d1e434f-1757771554/dsp-isin-debt-portfolio-as-on-dec-2023.xlsx,xlsx,,{},2026-08-21 22:14:28.137797+00:00
81bcb593-cc28-4f48-ab67-ba12f472262e,f44971a3-48b8-4d57-b839-53fb8b095bb7,portfolio_disclosure,,646d8ef3-03fa-43e8-8dec-4f4eb638210c,2023-12-31,https://www.dspim.com/media/pages/mandatory-disclosures/portfolio-disclosures/951d1e434f-1757771554/dsp-isin-debt-portfolio-as-on-dec-2023.xlsx,xlsx,,{},2026-08-21 22:14:28.137797+00:00
0e80e7cf-ecca-41c5-ad73-fc87d69fb2f5,f44971a3-48b8-4d57-b839-53fb8b095bb7,portfolio_disclosure,,d63d2a0d-4ec8-49c9-8151-f219e714445f,2023-12-31,https://www.dspim.com/media/pages/mandatory-disclosures/portfolio-disclosures/951d1e434f-1757771554/dsp-isin-debt-portfolio-as-on-dec-2023.xlsx,xlsx,,{},2026-08-21 22:14:28.137797+00:00
94e410f5-7585-439f-baaf-6442127a7cc2,f44971a3-48b8-4d57-b839-53fb8b095bb7,portfolio_disclosure,,8b8a7181-1a62-463c-9637-38515e3a4973,2023-12-31,https://www.dspim.com/media/pages/mandatory-disclosures/portfolio-disclosures/951d1e434f-1757771554/dsp-isin-debt-portfolio-as-on-dec-2023.xlsx,xlsx,,{},2026-08-21 22:14:28.137797+00:00
2e0dadb2-f7bd-447c-8ea7-d5865d87e5e3,f44971a3-48b8-4d57-b839-53fb8b095bb7,portfolio_disclosure,,aa29e284-5e02-4951-ae02-ed98535dc61e,2023-12-31,https://www.dspim.com/media/pages/mandatory-disclosures/portfolio-disclosures/951d1e434f-1757771554/dsp-isin-debt-portfolio-as-on-dec-2023.xlsx,xlsx,,{},2026-08-21 22:14:28.137797+00:00
b3efd79c-c7e5-416d-9e51-63d312d84978,f44971a3-48b8-4d57-b839-53fb8b095bb7,portfolio_disclosure,,f1c6f3aa-b829-4406-a6f8-03734bf4a16f,2023-12-31,https://www.dspim.com/media/pages/mandatory-disclosures/portfolio-disclosures/951d1e434f-1757771554/dsp-isin-debt-portfolio-as-on-dec-2023.xlsx,xlsx,,{},2026-08-21 22:14:28.137797+00:00
b213fa65-5790-415a-8063-e67c091d6dfa,f44971a3-48b8-4d57-b839-53fb8b095bb7,portfolio_disclosure,,e3c71b64-92f1-4db4-a6f7-1c0008e69c4c,2023-12-31,https://www.dspim.com/media/pages/mandatory-disclosures/portfolio-disclosures/951d1e434f-1757771554/dsp-isin-debt-portfolio-as-on-dec-2023.xlsx,xlsx,,{},2026-08-21 22:14:28.137797+00:00
3ac87ae4-9ef4-446b-bf0f-fb5a0129ccd4,f44971a3-48b8-4d57-b839-53fb8b095bb7,portfolio_disclosure,,bcdfc686-5907-43dd-8412-1158d4f21d83,2023-12-31,https://www.dspim.com/media/pages/mandatory-disclosures/portfolio-disclosures/951d1e434f-1757771554/dsp-isin-debt-portfolio-as-on-dec-2023.xlsx,xlsx,,{},2026-08-21 22:14:28.137797+00:00
00cebca9-8c3c-47e8-bea2-4502fddee225,f44971a3-48b8-4d57-b839-53fb8b095bb7,portfolio_disclosure,,bc6afebe-de89-4d43-a319-3a0352ead9be,2023-12-31,https://www.dspim.com/media/pages/mandatory-disclosures/portfolio-disclosures/951d1e434f-1757771554/dsp-isin-debt-portfolio-as-on-dec-2023.xlsx,xlsx,,{},2026-08-21 22:14:28.137797+00:00
267d6ce3-6aba-4124-8c71-b1c763aaa673,f44971a3-48b8-4d57-b839-53fb8b095bb7,portfolio_disclosure,,7acbdaac-6b00-42f0-8aa5-b4ef1d6b484d,2023-12-31,https://www.dspim.com/media/pages/mandatory-disclosures/portfolio-disclosures/951d1e434f-1757771554/dsp-isin-debt-portfolio-as-on-dec-2023.xlsx,xlsx,,{},2026-08-21 22:14:28.137797+00:00
2f978013-cd4e-4b2a-a686-0f7c1f17ff66,f44971a3-48b8-4d57-b839-53fb8b095bb7,portfolio_disclosure,,75700a69-71bb-4ab4-b736-12846754c6fa,2023-12-31,https://www.dspim.com/media/pages/mandatory-disclosures/portfolio-disclosures/951d1e434f-1757771554/dsp-isin-debt-portfolio-as-on-dec-2023.xlsx,xlsx,,{},2026-08-21 22:14:28.137797+00:00
4e7dd788-7944-42f0-83c4-5b2d47cc0ac5,f44971a3-48b8-4d57-b839-53fb8b095bb7,portfolio_disclosure,,a1098ad6-91b7-4f2b-83c4-9adf731d7ed9,2023-12-31,https://www.dspim.com/media/pages/mandatory-disclosures/portfolio-disclosures/951d1e434f-1757771554/dsp-isin-debt-portfolio-as-on-dec-2023.xlsx,xlsx,,{},2026-08-21 22:14:28.137797+00:00
52bb62c7-5d17-4653-8cf7-e321d225d98b,f44971a3-48b8-4d57-b839-53fb8b095bb7,portfolio_disclosure,,9f75a983-484e-45e0-9905-bf47dbfc8900,2023-12-31,https://www.dspim.com/media/pages/mandatory-disclosures/portfolio-disclosures/951d1e434f-1757771554/dsp-isin-debt-portfolio-as-on-dec-2023.xlsx,xlsx,,{},2026-08-21 22:14:28.137797+00:00
4bee501c-0578-48c8-9e3b-71d0f0e955b8,f44971a3-48b8-4d57-b839-53fb8b095bb7,portfolio_disclosure,,f3839e55-9dd9-4e5a-815f-b9125c1200e8,2023-12-31,https://www.dspim.com/media/pages/mandatory-disclosures/portfolio-disclosures/951d1e434f-1757771554/dsp-isin-debt-portfolio-as-on-dec-2023.xlsx,xlsx,,{},2026-08-21 22:14:28.137797+00:00
c576910f-88a7-4712-8a10-95cc76d282ec,f44971a3-48b8-4d57-b839-53fb8b095bb7,portfolio_disclosure,,6bf4afad-27c9-430a-9ddf-7f738f44369d,2023-12-31,https://www.dspim.com/media/pages/mandatory-disclosures/portfolio-disclosures/951d1e434f-1757771554/dsp-isin-debt-portfolio-as-on-dec-2023.xlsx,xlsx,,{},2026-08-21 22:14:28.137797+00:00
c7b033e7-1785-4d26-a4e3-bf11a4fbf037,f44971a3-48b8-4d57-b839-53fb8b095bb7,portfolio_disclosure,,d3054566-387e-4c09-ae37-8f6734e2b928,2023-12-31,https://www.dspim.com/media/pages/mandatory-disclosures/portfolio-disclosures/951d1e434f-1757771554/dsp-isin-debt-portfolio-as-on-dec-2023.xlsx,xlsx,,{},2026-08-21 22:14:28.137797+00:00
a6bd4304-159e-4f77-a007-98df4ed964bb,f44971a3-48b8-4d57-b839-53fb8b095bb7,portfolio_disclosure,,9c2c7293-3cb9-4dde-b834-220990d0fc56,2023-12-31,https://www.dspim.com/media/pages/mandatory-disclosures/portfolio-disclosures/951d1e434f-1757771554/dsp-isin-debt-portfolio-as-on-dec-2023.xlsx,xlsx,,{},2026-08-21 22:14:28.137797+00:00
584af6f3-6d9f-4594-8cc2-63ced3df0a05,88ed6441-6617-456a-bed7-2b4015a0ca65,portfolio_disclosure,,567c9edb-7380-4e47-80a4-432651468409,2026-08-15,https://www.invescomutualfund.com/docs/default-source/fortnightly-holdings/low-duration3640fe07eee8616aaa28ff00007d74af.xlsx?sfvrsn=21a89fc2_0,xlsx,,{},2026-08-21 22:15:17.015573+00:00
7f575978-d012-4e71-ad82-a3165146be38,0c199275-d904-43da-8477-e80a8c84ce10,portfolio_disclosure,,7fb43b72-d061-41a2-af93-2d47acc44831,2026-08-15,https://www.invescomutualfund.com/docs/default-source/fortnightly-holdings/gilt-fund4e3ffe07eee8616aaa28ff00007d74af.xlsx?sfvrsn=59d79fc2_0,xlsx,,{},2026-08-21 22:15:18.786547+00:00
5d18ba9f-cbd7-4f6a-b364-d046332165f7,3b2f4679-6a59-46a5-b185-f336370a8fc3,portfolio_disclosure,,b9e3c8f2-2c03-47e1-926b-1772a1e8877b,2026-08-15,https://www.invescomutualfund.com/docs/default-source/fortnightly-holdings/corp-bondc23efe07eee8616aaa28ff00007d74af.xlsx?sfvrsn=add69fc2_0,xlsx,,{},2026-08-21 21:55:17.570868+00:00
542109be-78a5-4d9b-a159-632f5ac59145,6f0a46ba-0920-4341-8f98-1ec300fdb5e4,portfolio_disclosure,,f1c6f3aa-b829-4406-a6f8-03734bf4a16f,2026-08-15,https://www.invescomutualfund.com/docs/default-source/fortnightly-holdings/banking-and-psue53efe07eee8616aaa28ff00007d74af.xlsx?sfvrsn=ced69fc2_0,xlsx,,{},2026-08-21 22:15:26.192263+00:00
1034fd19-038a-4f1f-9e1e-24a5fcdd3a4f,2e49b153-930c-433a-8e77-9fb178d47198,portfolio_disclosure,,ff7b16fe-a92e-4481-b4db-5e149a054324,2023-11-15,https://amc.ppfas.com/downloads/portfolio-disclosure/fortnightly-debt-portfolio-disclosure/2023/PPCHF_Fortnightly_Portfolio_Report_15-november-2023.xlsx?17112023,xlsx,,{},2026-08-21 22:20:05.267432+00:00
41ec9d54-deb4-447e-acc1-3003cb6e22bd,e9498c3d-3fec-4d1c-a303-a63bca14ec8f,portfolio_disclosure,,4b79d7b6-ca96-4225-965f-f0e1a7993d18,2021-09-15,https://www.dspim.com/media/pages/mandatory-disclosures/portfolio-disclosures/ff3acb2cc7-1757771552/dsp-debt-isin-portfolio-15th-september-2021.xlsx,xlsx,,{},2026-08-21 22:20:16.693471+00:00
cab99e90-3978-4ad9-9104-1b0a56b3fe52,e9498c3d-3fec-4d1c-a303-a63bca14ec8f,portfolio_disclosure,,d7d97876-3f48-4125-a93c-5fadd10b4402,2021-09-15,https://www.dspim.com/media/pages/mandatory-disclosures/portfolio-disclosures/ff3acb2cc7-1757771552/dsp-debt-isin-portfolio-15th-september-2021.xlsx,xlsx,,{},2026-08-21 22:20:16.693471+00:00
eb87e7c7-acd3-43b0-9261-6d6217074ff6,e9498c3d-3fec-4d1c-a303-a63bca14ec8f,portfolio_disclosure,,a5cbc07f-1e64-4817-8efe-bca3d4a64f5c,2021-09-15,https://www.dspim.com/media/pages/mandatory-disclosures/portfolio-disclosures/ff3acb2cc7-1757771552/dsp-debt-isin-portfolio-15th-september-2021.xlsx,xlsx,,{},2026-08-21 22:20:16.693471+00:00
c309dbf1-1bbb-4d91-af7f-37948d9f577c,e9498c3d-3fec-4d1c-a303-a63bca14ec8f,portfolio_disclosure,,711bb119-31de-44af-bb63-de60d060214f,2021-09-15,https://www.dspim.com/media/pages/mandatory-disclosures/portfolio-disclosures/ff3acb2cc7-1757771552/dsp-debt-isin-portfolio-15th-september-2021.xlsx,xlsx,,{},2026-08-21 22:20:16.693471+00:00
394975f0-a8bc-4f70-b147-534b1f34650a,e9498c3d-3fec-4d1c-a303-a63bca14ec8f,portfolio_disclosure,,aa38dd68-4660-4a1b-b174-fd59e0c778fd,2021-09-15,https://www.dspim.com/media/pages/mandatory-disclosures/portfolio-disclosures/ff3acb2cc7-1757771552/dsp-debt-isin-portfolio-15th-september-2021.xlsx,xlsx,,{},2026-08-21 22:20:16.693471+00:00
7f512ce6-d605-4178-bbb8-a05ec8498034,e9498c3d-3fec-4d1c-a303-a63bca14ec8f,portfolio_disclosure,,646d8ef3-03fa-43e8-8dec-4f4eb638210c,2021-09-15,https://www.dspim.com/media/pages/mandatory-disclosures/portfolio-disclosures/ff3acb2cc7-1757771552/dsp-debt-isin-portfolio-15th-september-2021.xlsx,xlsx,,{},2026-08-21 22:20:16.693471+00:00
2fcb68af-4cc7-4f58-906f-bc5db660e770,e9498c3d-3fec-4d1c-a303-a63bca14ec8f,portfolio_disclosure,,d63d2a0d-4ec8-49c9-8151-f219e714445f,2021-09-15,https://www.dspim.com/media/pages/mandatory-disclosures/portfolio-disclosures/ff3acb2cc7-1757771552/dsp-debt-isin-portfolio-15th-september-2021.xlsx,xlsx,,{},2026-08-21 22:20:16.693471+00:00
aecb3e6d-ed73-4f65-a526-2c88ea7186c3,e9498c3d-3fec-4d1c-a303-a63bca14ec8f,portfolio_disclosure,,8b8a7181-1a62-463c-9637-38515e3a4973,2021-09-15,https://www.dspim.com/media/pages/mandatory-disclosures/portfolio-disclosures/ff3acb2cc7-1757771552/dsp-debt-isin-portfolio-15th-september-2021.xlsx,xlsx,,{},2026-08-21 22:20:16.693471+00:00
d3b7f0d7-d9e9-4b74-bc8c-4d0403a1773d,e9498c3d-3fec-4d1c-a303-a63bca14ec8f,portfolio_disclosure,,aa29e284-5e02-4951-ae02-ed98535dc61e,2021-09-15,https://www.dspim.com/media/pages/mandatory-disclosures/portfolio-disclosures/ff3acb2cc7-1757771552/dsp-debt-isin-portfolio-15th-september-2021.xlsx,xlsx,,{},2026-08-21 22:20:16.693471+00:00
4975c76f-7a11-4dcd-80ac-f4a2b3b57856,e9498c3d-3fec-4d1c-a303-a63bca14ec8f,portfolio_disclosure,,81fe35a5-74ea-4bf9-8e50-d1961c83f0b2,2021-09-15,https://www.dspim.com/media/pages/mandatory-disclosures/portfolio-disclosures/ff3acb2cc7-1757771552/dsp-debt-isin-portfolio-15th-september-2021.xlsx,xlsx,,{},2026-08-21 22:20:16.693471+00:00
d90670f7-b0d2-43a5-8e8a-ba305e1d64a7,e9498c3d-3fec-4d1c-a303-a63bca14ec8f,portfolio_disclosure,,e3c71b64-92f1-4db4-a6f7-1c0008e69c4c,2021-09-15,https://www.dspim.com/media/pages/mandatory-disclosures/portfolio-disclosures/ff3acb2cc7-1757771552/dsp-debt-isin-portfolio-15th-september-2021.xlsx,xlsx,,{},2026-08-21 22:20:16.693471+00:00
7a4f54de-c33d-4e90-857b-0cf63183fc4a,e9498c3d-3fec-4d1c-a303-a63bca14ec8f,portfolio_disclosure,,bc6afebe-de89-4d43-a319-3a0352ead9be,2021-09-15,https://www.dspim.com/media/pages/mandatory-disclosures/portfolio-disclosures/ff3acb2cc7-1757771552/dsp-debt-isin-portfolio-15th-september-2021.xlsx,xlsx,,{},2026-08-21 22:20:16.693471+00:00
1eb0aae6-f5d2-4402-be29-27e75b07e32c,e9498c3d-3fec-4d1c-a303-a63bca14ec8f,portfolio_disclosure,,7acbdaac-6b00-42f0-8aa5-b4ef1d6b484d,2021-09-15,https://www.dspim.com/media/pages/mandatory-disclosures/portfolio-disclosures/ff3acb2cc7-1757771552/dsp-debt-isin-portfolio-15th-september-2021.xlsx,xlsx,,{},2026-08-21 22:20:16.693471+00:00
03da43a0-5640-4f76-9c96-bcbaa11d3de6,e9498c3d-3fec-4d1c-a303-a63bca14ec8f,portfolio_disclosure,,b92e8310-5c68-4a29-b91b-27893200ffd2,2021-09-15,https://www.dspim.com/media/pages/mandatory-disclosures/portfolio-disclosures/ff3acb2cc7-1757771552/dsp-debt-isin-portfolio-15th-september-2021.xlsx,xlsx,,{},2026-08-21 22:20:16.693471+00:00
7c3c3a8d-1ee5-4b58-9fda-78ce651b2c4d,e9498c3d-3fec-4d1c-a303-a63bca14ec8f,portfolio_disclosure,,a18722cc-6b48-43fe-9c48-3d037bf493bf,2021-09-15,https://www.dspim.com/media/pages/mandatory-disclosures/portfolio-disclosures/ff3acb2cc7-1757771552/dsp-debt-isin-portfolio-15th-september-2021.xlsx,xlsx,,{},2026-08-21 22:20:16.693471+00:00
1de511db-d154-433e-a9e0-595654a7ed02,e9498c3d-3fec-4d1c-a303-a63bca14ec8f,portfolio_disclosure,,9c2c7293-3cb9-4dde-b834-220990d0fc56,2021-09-15,https://www.dspim.com/media/pages/mandatory-disclosures/portfolio-disclosures/ff3acb2cc7-1757771552/dsp-debt-isin-portfolio-15th-september-2021.xlsx,xlsx,,{},2026-08-21 22:20:16.693471+00:00
a7a0e4e1-750d-4fc3-856f-c1de7921444b,45f1e811-7912-4ecd-8e59-fac54240afe1,portfolio_disclosure,,39bd5974-4c82-4457-bfd8-bfead40cd71f,2021-04-30,https://www.dspim.com/media/pages/mandatory-disclosures/portfolio-disclosures/ea0b3c6052-1757771552/dsp-debt-isin-portfolio-30th-april-2021.xlsx,xlsx,,{},2026-08-21 22:20:23.555404+00:00
3cf7cc1b-2aa5-4fe2-b4cb-0a7dd5eb8638,45f1e811-7912-4ecd-8e59-fac54240afe1,portfolio_disclosure,,4c0b62ae-5310-4f78-9daf-9dc2c317b347,2021-04-30,https://www.dspim.com/media/pages/mandatory-disclosures/portfolio-disclosures/ea0b3c6052-1757771552/dsp-debt-isin-portfolio-30th-april-2021.xlsx,xlsx,,{},2026-08-21 22:20:23.555404+00:00
aaad5a78-22f5-43dd-80ef-74df33fd926c,45f1e811-7912-4ecd-8e59-fac54240afe1,portfolio_disclosure,,4b79d7b6-ca96-4225-965f-f0e1a7993d18,2021-04-30,https://www.dspim.com/media/pages/mandatory-disclosures/portfolio-disclosures/ea0b3c6052-1757771552/dsp-debt-isin-portfolio-30th-april-2021.xlsx,xlsx,,{},2026-08-21 22:20:23.555404+00:00
482b1195-33f1-401e-89b4-9462e615098d,45f1e811-7912-4ecd-8e59-fac54240afe1,portfolio_disclosure,,d7d97876-3f48-4125-a93c-5fadd10b4402,2021-04-30,https://www.dspim.com/media/pages/mandatory-disclosures/portfolio-disclosures/ea0b3c6052-1757771552/dsp-debt-isin-portfolio-30th-april-2021.xlsx,xlsx,,{},2026-08-21 22:20:23.555404+00:00
9ae3342a-f571-42be-8e79-68dfdd0ff6b6,45f1e811-7912-4ecd-8e59-fac54240afe1,portfolio_disclosure,,a5cbc07f-1e64-4817-8efe-bca3d4a64f5c,2021-04-30,https://www.dspim.com/media/pages/mandatory-disclosures/portfolio-disclosures/ea0b3c6052-1757771552/dsp-debt-isin-portfolio-30th-april-2021.xlsx,xlsx,,{},2026-08-21 22:20:23.555404+00:00
74d4344d-f50e-42bb-a815-704ca18848bd,45f1e811-7912-4ecd-8e59-fac54240afe1,portfolio_disclosure,,711bb119-31de-44af-bb63-de60d060214f,2021-04-30,https://www.dspim.com/media/pages/mandatory-disclosures/portfolio-disclosures/ea0b3c6052-1757771552/dsp-debt-isin-portfolio-30th-april-2021.xlsx,xlsx,,{},2026-08-21 22:20:23.555404+00:00
d2dd15d1-fd78-4507-b32a-84f1067d4aa2,45f1e811-7912-4ecd-8e59-fac54240afe1,portfolio_disclosure,,aa38dd68-4660-4a1b-b174-fd59e0c778fd,2021-04-30,https://www.dspim.com/media/pages/mandatory-disclosures/portfolio-disclosures/ea0b3c6052-1757771552/dsp-debt-isin-portfolio-30th-april-2021.xlsx,xlsx,,{},2026-08-21 22:20:23.555404+00:00
c8c33dd4-6682-47f9-a591-57093845d0b3,45f1e811-7912-4ecd-8e59-fac54240afe1,portfolio_disclosure,,646d8ef3-03fa-43e8-8dec-4f4eb638210c,2021-04-30,https://www.dspim.com/media/pages/mandatory-disclosures/portfolio-disclosures/ea0b3c6052-1757771552/dsp-debt-isin-portfolio-30th-april-2021.xlsx,xlsx,,{},2026-08-21 22:20:23.555404+00:00
cb18f6f3-8549-4ed9-8e8a-cc29a4f233fc,45f1e811-7912-4ecd-8e59-fac54240afe1,portfolio_disclosure,,d63d2a0d-4ec8-49c9-8151-f219e714445f,2021-04-30,https://www.dspim.com/media/pages/mandatory-disclosures/portfolio-disclosures/ea0b3c6052-1757771552/dsp-debt-isin-portfolio-30th-april-2021.xlsx,xlsx,,{},2026-08-21 22:20:23.555404+00:00
fe974927-fd99-4e70-bbb1-2583c1adfea3,45f1e811-7912-4ecd-8e59-fac54240afe1,portfolio_disclosure,,8b8a7181-1a62-463c-9637-38515e3a4973,2021-04-30,https://www.dspim.com/media/pages/mandatory-disclosures/portfolio-disclosures/ea0b3c6052-1757771552/dsp-debt-isin-portfolio-30th-april-2021.xlsx,xlsx,,{},2026-08-21 22:20:23.555404+00:00
209404fe-3fad-46ff-a68f-089f5eb9513f,45f1e811-7912-4ecd-8e59-fac54240afe1,portfolio_disclosure,,aa29e284-5e02-4951-ae02-ed98535dc61e,2021-04-30,https://www.dspim.com/media/pages/mandatory-disclosures/portfolio-disclosures/ea0b3c6052-1757771552/dsp-debt-isin-portfolio-30th-april-2021.xlsx,xlsx,,{},2026-08-21 22:20:23.555404+00:00
ce29617b-5b50-4b56-b3cb-e7b5c10ea909,45f1e811-7912-4ecd-8e59-fac54240afe1,portfolio_disclosure,,81fe35a5-74ea-4bf9-8e50-d1961c83f0b2,2021-04-30,https://www.dspim.com/media/pages/mandatory-disclosures/portfolio-disclosures/ea0b3c6052-1757771552/dsp-debt-isin-portfolio-30th-april-2021.xlsx,xlsx,,{},2026-08-21 22:20:23.555404+00:00
cd810ca6-9926-433a-a4de-e1186cd4ceb8,45f1e811-7912-4ecd-8e59-fac54240afe1,portfolio_disclosure,,e3c71b64-92f1-4db4-a6f7-1c0008e69c4c,2021-04-30,https://www.dspim.com/media/pages/mandatory-disclosures/portfolio-disclosures/ea0b3c6052-1757771552/dsp-debt-isin-portfolio-30th-april-2021.xlsx,xlsx,,{},2026-08-21 22:20:23.555404+00:00
7cc422e2-01f8-4b07-82bf-23ef4b933bf7,45f1e811-7912-4ecd-8e59-fac54240afe1,portfolio_disclosure,,bc6afebe-de89-4d43-a319-3a0352ead9be,2021-04-30,https://www.dspim.com/media/pages/mandatory-disclosures/portfolio-disclosures/ea0b3c6052-1757771552/dsp-debt-isin-portfolio-30th-april-2021.xlsx,xlsx,,{},2026-08-21 22:20:23.555404+00:00
ce4a7319-9db4-41f7-be7d-9c66cc2b1a57,45f1e811-7912-4ecd-8e59-fac54240afe1,portfolio_disclosure,,7acbdaac-6b00-42f0-8aa5-b4ef1d6b484d,2021-04-30,https://www.dspim.com/media/pages/mandatory-disclosures/portfolio-disclosures/ea0b3c6052-1757771552/dsp-debt-isin-portfolio-30th-april-2021.xlsx,xlsx,,{},2026-08-21 22:20:23.555404+00:00
9dc92807-5562-4fc3-877b-ed590bed0996,45f1e811-7912-4ecd-8e59-fac54240afe1,portfolio_disclosure,,76edb5f1-8e40-46a5-849b-7f2125e7ab02,2021-04-30,https://www.dspim.com/media/pages/mandatory-disclosures/portfolio-disclosures/ea0b3c6052-1757771552/dsp-debt-isin-portfolio-30th-april-2021.xlsx,xlsx,,{},2026-08-21 22:20:23.555404+00:00
7a0d564b-5ead-4b06-a3f7-a5a476ef7cc5,45f1e811-7912-4ecd-8e59-fac54240afe1,portfolio_disclosure,,8cae756c-5632-4caa-bc3d-a18ceef881bc,2021-04-30,https://www.dspim.com/media/pages/mandatory-disclosures/portfolio-disclosures/ea0b3c6052-1757771552/dsp-debt-isin-portfolio-30th-april-2021.xlsx,xlsx,,{},2026-08-21 22:20:23.555404+00:00
7a4a9277-7d88-4a14-bbda-8541b795d541,45f1e811-7912-4ecd-8e59-fac54240afe1,portfolio_disclosure,,09e1ef31-c329-4311-969f-f5426272221f,2021-04-30,https://www.dspim.com/media/pages/mandatory-disclosures/portfolio-disclosures/ea0b3c6052-1757771552/dsp-debt-isin-portfolio-30th-april-2021.xlsx,xlsx,,{},2026-08-21 22:20:23.555404+00:00
41851ce2-3cca-4792-9e67-9f2b7a933787,45f1e811-7912-4ecd-8e59-fac54240afe1,portfolio_disclosure,,1dcfd3a4-3a02-4691-89c2-048ff8324d56,2021-04-30,https://www.dspim.com/media/pages/mandatory-disclosures/portfolio-disclosures/ea0b3c6052-1757771552/dsp-debt-isin-portfolio-30th-april-2021.xlsx,xlsx,,{},2026-08-21 22:20:23.555404+00:00
75a6b215-e176-4d85-a720-0dcc72dd9e32,45f1e811-7912-4ecd-8e59-fac54240afe1,portfolio_disclosure,,0b42d45d-946a-4e1c-b3d4-f3e5ef4b327e,2021-04-30,https://www.dspim.com/media/pages/mandatory-disclosures/portfolio-disclosures/ea0b3c6052-1757771552/dsp-debt-isin-portfolio-30th-april-2021.xlsx,xlsx,,{},2026-08-21 22:20:23.555404+00:00
82c65177-746b-43f5-946a-464390afa3f1,45f1e811-7912-4ecd-8e59-fac54240afe1,portfolio_disclosure,,bb51530b-6de0-40e9-975e-131582d868ad,2021-04-30,https://www.dspim.com/media/pages/mandatory-disclosures/portfolio-disclosures/ea0b3c6052-1757771552/dsp-debt-isin-portfolio-30th-april-2021.xlsx,xlsx,,{},2026-08-21 22:20:23.555404+00:00
8c264ea8-bd57-45f6-90f7-2f4c015b9a7b,45f1e811-7912-4ecd-8e59-fac54240afe1,portfolio_disclosure,,4f12362c-1410-47ce-bc08-c3417984ce21,2021-04-30,https://www.dspim.com/media/pages/mandatory-disclosures/portfolio-disclosures/ea0b3c6052-1757771552/dsp-debt-isin-portfolio-30th-april-2021.xlsx,xlsx,,{},2026-08-21 22:20:23.555404+00:00
64b6949e-bb6e-42a8-b2be-c3c3a0d32d97,45f1e811-7912-4ecd-8e59-fac54240afe1,portfolio_disclosure,,2d978e47-3908-45fd-9534-9f3350cd8b9f,2021-04-30,https://www.dspim.com/media/pages/mandatory-disclosures/portfolio-disclosures/ea0b3c6052-1757771552/dsp-debt-isin-portfolio-30th-april-2021.xlsx,xlsx,,{},2026-08-21 22:20:23.555404+00:00
8f0fd28d-d511-4fe3-b535-cefae463b34d,45f1e811-7912-4ecd-8e59-fac54240afe1,portfolio_disclosure,,a1a0588e-a9dd-4bd7-90b1-b8feb7fcc6c7,2021-04-30,https://www.dspim.com/media/pages/mandatory-disclosures/portfolio-disclosures/ea0b3c6052-1757771552/dsp-debt-isin-portfolio-30th-april-2021.xlsx,xlsx,,{},2026-08-21 22:20:23.555404+00:00
bc19e962-e0f7-4aba-a9d8-d98401b318f1,45f1e811-7912-4ecd-8e59-fac54240afe1,portfolio_disclosure,,b1f4d9a6-c095-4c09-b573-a69cead5f76d,2021-04-30,https://www.dspim.com/media/pages/mandatory-disclosures/portfolio-disclosures/ea0b3c6052-1757771552/dsp-debt-isin-portfolio-30th-april-2021.xlsx,xlsx,,{},2026-08-21 22:20:23.555404+00:00
4d074163-b431-4569-9d6b-9dbc46ac009f,45f1e811-7912-4ecd-8e59-fac54240afe1,portfolio_disclosure,,b162ae66-4ebc-411d-86fc-d7e0e731ff05,2021-04-30,https://www.dspim.com/media/pages/mandatory-disclosures/portfolio-disclosures/ea0b3c6052-1757771552/dsp-debt-isin-portfolio-30th-april-2021.xlsx,xlsx,,{},2026-08-21 22:20:23.555404+00:00
745d6417-50b8-4fe9-af3d-14150cd20d4a,45f1e811-7912-4ecd-8e59-fac54240afe1,portfolio_disclosure,,e3529857-1678-4db3-bd32-18f6a1ac969f,2021-04-30,https://www.dspim.com/media/pages/mandatory-disclosures/portfolio-disclosures/ea0b3c6052-1757771552/dsp-debt-isin-portfolio-30th-april-2021.xlsx,xlsx,,{},2026-08-21 22:20:23.555404+00:00
ad1fb9a6-b506-43da-9060-c2dd27459cd0,45f1e811-7912-4ecd-8e59-fac54240afe1,portfolio_disclosure,,bdc02903-2a2a-4fa2-a861-74bc2b9b67f8,2021-04-30,https://www.dspim.com/media/pages/mandatory-disclosures/portfolio-disclosures/ea0b3c6052-1757771552/dsp-debt-isin-portfolio-30th-april-2021.xlsx,xlsx,,{},2026-08-21 22:20:23.555404+00:00
25b0cb9b-6d4c-45cc-876a-91bd0c053b45,45f1e811-7912-4ecd-8e59-fac54240afe1,portfolio_disclosure,,a7588323-9c4d-4b3f-b322-3cb18d14e321,2021-04-30,https://www.dspim.com/media/pages/mandatory-disclosures/portfolio-disclosures/ea0b3c6052-1757771552/dsp-debt-isin-portfolio-30th-april-2021.xlsx,xlsx,,{},2026-08-21 22:20:23.555404+00:00
e6461843-3ba4-4c6a-a398-57957ee9eea2,45f1e811-7912-4ecd-8e59-fac54240afe1,portfolio_disclosure,,c0fea4ad-278c-47c5-ab04-4a941609d77f,2021-04-30,https://www.dspim.com/media/pages/mandatory-disclosures/portfolio-disclosures/ea0b3c6052-1757771552/dsp-debt-isin-portfolio-30th-april-2021.xlsx,xlsx,,{},2026-08-21 22:20:23.555404+00:00
c3a48ee3-620a-4d88-b40c-170d882205b4,45f1e811-7912-4ecd-8e59-fac54240afe1,portfolio_disclosure,,800fef46-b889-4318-8385-f128e5aab07d,2021-04-30,https://www.dspim.com/media/pages/mandatory-disclosures/portfolio-disclosures/ea0b3c6052-1757771552/dsp-debt-isin-portfolio-30th-april-2021.xlsx,xlsx,,{},2026-08-21 22:20:23.555404+00:00
c3b10277-734b-4413-807b-b65030b00436,45f1e811-7912-4ecd-8e59-fac54240afe1,portfolio_disclosure,,b92e8310-5c68-4a29-b91b-27893200ffd2,2021-04-30,https://www.dspim.com/media/pages/mandatory-disclosures/portfolio-disclosures/ea0b3c6052-1757771552/dsp-debt-isin-portfolio-30th-april-2021.xlsx,xlsx,,{},2026-08-21 22:20:23.555404+00:00
f3f84377-a63d-427f-baa8-d1fa34ae8184,45f1e811-7912-4ecd-8e59-fac54240afe1,portfolio_disclosure,,a18722cc-6b48-43fe-9c48-3d037bf493bf,2021-04-30,https://www.dspim.com/media/pages/mandatory-disclosures/portfolio-disclosures/ea0b3c6052-1757771552/dsp-debt-isin-portfolio-30th-april-2021.xlsx,xlsx,,{},2026-08-21 22:20:23.555404+00:00
fc598ea1-5f30-4b55-8e33-60d6566c50f6,96ea4486-b9a9-4b82-8673-3c90dfdb3a31,portfolio_disclosure,,39bd5974-4c82-4457-bfd8-bfead40cd71f,2023-01-15,https://www.dspim.com/media/pages/mandatory-disclosures/portfolio-disclosures/cb6f4b52f4-1757771553/dsp-isin-debt-portfolio-as-on-15th-january-2023.xlsx,xlsx,,{},2026-08-21 22:20:34.110834+00:00
704dcc13-84d0-4f70-af2d-866326bc4c8f,96ea4486-b9a9-4b82-8673-3c90dfdb3a31,portfolio_disclosure,,4c0b62ae-5310-4f78-9daf-9dc2c317b347,2023-01-15,https://www.dspim.com/media/pages/mandatory-disclosures/portfolio-disclosures/cb6f4b52f4-1757771553/dsp-isin-debt-portfolio-as-on-15th-january-2023.xlsx,xlsx,,{},2026-08-21 22:20:34.110834+00:00
87d62616-4926-4a47-86b5-67792903654a,96ea4486-b9a9-4b82-8673-3c90dfdb3a31,portfolio_disclosure,,4b79d7b6-ca96-4225-965f-f0e1a7993d18,2023-01-15,https://www.dspim.com/media/pages/mandatory-disclosures/portfolio-disclosures/cb6f4b52f4-1757771553/dsp-isin-debt-portfolio-as-on-15th-january-2023.xlsx,xlsx,,{},2026-08-21 22:20:34.110834+00:00
b677a92b-fd0c-4612-837e-77aa0d167ac4,96ea4486-b9a9-4b82-8673-3c90dfdb3a31,portfolio_disclosure,,d7d97876-3f48-4125-a93c-5fadd10b4402,2023-01-15,https://www.dspim.com/media/pages/mandatory-disclosures/portfolio-disclosures/cb6f4b52f4-1757771553/dsp-isin-debt-portfolio-as-on-15th-january-2023.xlsx,xlsx,,{},2026-08-21 22:20:34.110834+00:00
710458d5-49c9-4917-b2b4-65b1275cce7b,96ea4486-b9a9-4b82-8673-3c90dfdb3a31,portfolio_disclosure,,a5cbc07f-1e64-4817-8efe-bca3d4a64f5c,2023-01-15,https://www.dspim.com/media/pages/mandatory-disclosures/portfolio-disclosures/cb6f4b52f4-1757771553/dsp-isin-debt-portfolio-as-on-15th-january-2023.xlsx,xlsx,,{},2026-08-21 22:20:34.110834+00:00
a64697ec-ccde-479f-91fb-627438369867,96ea4486-b9a9-4b82-8673-3c90dfdb3a31,portfolio_disclosure,,711bb119-31de-44af-bb63-de60d060214f,2023-01-15,https://www.dspim.com/media/pages/mandatory-disclosures/portfolio-disclosures/cb6f4b52f4-1757771553/dsp-isin-debt-portfolio-as-on-15th-january-2023.xlsx,xlsx,,{},2026-08-21 22:20:34.110834+00:00
dd9e4393-337e-4679-8335-a8cb12f2a260,96ea4486-b9a9-4b82-8673-3c90dfdb3a31,portfolio_disclosure,,aa38dd68-4660-4a1b-b174-fd59e0c778fd,2023-01-15,https://www.dspim.com/media/pages/mandatory-disclosures/portfolio-disclosures/cb6f4b52f4-1757771553/dsp-isin-debt-portfolio-as-on-15th-january-2023.xlsx,xlsx,,{},2026-08-21 22:20:34.110834+00:00
647b0ba5-087f-4014-9a2f-c8d21d9dff2f,96ea4486-b9a9-4b82-8673-3c90dfdb3a31,portfolio_disclosure,,646d8ef3-03fa-43e8-8dec-4f4eb638210c,2023-01-15,https://www.dspim.com/media/pages/mandatory-disclosures/portfolio-disclosures/cb6f4b52f4-1757771553/dsp-isin-debt-portfolio-as-on-15th-january-2023.xlsx,xlsx,,{},2026-08-21 22:20:34.110834+00:00
8f93a934-ff85-4905-b3a9-ed28b60e7e0a,96ea4486-b9a9-4b82-8673-3c90dfdb3a31,portfolio_disclosure,,d63d2a0d-4ec8-49c9-8151-f219e714445f,2023-01-15,https://www.dspim.com/media/pages/mandatory-disclosures/portfolio-disclosures/cb6f4b52f4-1757771553/dsp-isin-debt-portfolio-as-on-15th-january-2023.xlsx,xlsx,,{},2026-08-21 22:20:34.110834+00:00
7f9b60b2-f10a-4b1d-b2fd-c47bedaecfcb,96ea4486-b9a9-4b82-8673-3c90dfdb3a31,portfolio_disclosure,,8b8a7181-1a62-463c-9637-38515e3a4973,2023-01-15,https://www.dspim.com/media/pages/mandatory-disclosures/portfolio-disclosures/cb6f4b52f4-1757771553/dsp-isin-debt-portfolio-as-on-15th-january-2023.xlsx,xlsx,,{},2026-08-21 22:20:34.110834+00:00
dfd73506-baa9-42b5-af21-49efbbb0ab72,96ea4486-b9a9-4b82-8673-3c90dfdb3a31,portfolio_disclosure,,aa29e284-5e02-4951-ae02-ed98535dc61e,2023-01-15,https://www.dspim.com/media/pages/mandatory-disclosures/portfolio-disclosures/cb6f4b52f4-1757771553/dsp-isin-debt-portfolio-as-on-15th-january-2023.xlsx,xlsx,,{},2026-08-21 22:20:34.110834+00:00
47b45cc5-7139-49e4-9ad8-22199af53c4d,96ea4486-b9a9-4b82-8673-3c90dfdb3a31,portfolio_disclosure,,81fe35a5-74ea-4bf9-8e50-d1961c83f0b2,2023-01-15,https://www.dspim.com/media/pages/mandatory-disclosures/portfolio-disclosures/cb6f4b52f4-1757771553/dsp-isin-debt-portfolio-as-on-15th-january-2023.xlsx,xlsx,,{},2026-08-21 22:20:34.110834+00:00
414ef5cf-d77f-4ea5-aa21-07cc1d893a82,96ea4486-b9a9-4b82-8673-3c90dfdb3a31,portfolio_disclosure,,e3c71b64-92f1-4db4-a6f7-1c0008e69c4c,2023-01-15,https://www.dspim.com/media/pages/mandatory-disclosures/portfolio-disclosures/cb6f4b52f4-1757771553/dsp-isin-debt-portfolio-as-on-15th-january-2023.xlsx,xlsx,,{},2026-08-21 22:20:34.110834+00:00
65d03f3b-ef91-498c-9920-ab42e2336cec,96ea4486-b9a9-4b82-8673-3c90dfdb3a31,portfolio_disclosure,,bc6afebe-de89-4d43-a319-3a0352ead9be,2023-01-15,https://www.dspim.com/media/pages/mandatory-disclosures/portfolio-disclosures/cb6f4b52f4-1757771553/dsp-isin-debt-portfolio-as-on-15th-january-2023.xlsx,xlsx,,{},2026-08-21 22:20:34.110834+00:00
09eb895b-12a8-451e-97ad-b965f1ede93b,96ea4486-b9a9-4b82-8673-3c90dfdb3a31,portfolio_disclosure,,7acbdaac-6b00-42f0-8aa5-b4ef1d6b484d,2023-01-15,https://www.dspim.com/media/pages/mandatory-disclosures/portfolio-disclosures/cb6f4b52f4-1757771553/dsp-isin-debt-portfolio-as-on-15th-january-2023.xlsx,xlsx,,{},2026-08-21 22:20:34.110834+00:00
392391c8-a041-44cc-bf74-6d84de3d7d72,96ea4486-b9a9-4b82-8673-3c90dfdb3a31,portfolio_disclosure,,75700a69-71bb-4ab4-b736-12846754c6fa,2023-01-15,https://www.dspim.com/media/pages/mandatory-disclosures/portfolio-disclosures/cb6f4b52f4-1757771553/dsp-isin-debt-portfolio-as-on-15th-january-2023.xlsx,xlsx,,{},2026-08-21 22:20:34.110834+00:00
7bb57dbc-047e-4f49-9829-75d2635eb3d6,96ea4486-b9a9-4b82-8673-3c90dfdb3a31,portfolio_disclosure,,9c2c7293-3cb9-4dde-b834-220990d0fc56,2023-01-15,https://www.dspim.com/media/pages/mandatory-disclosures/portfolio-disclosures/cb6f4b52f4-1757771553/dsp-isin-debt-portfolio-as-on-15th-january-2023.xlsx,xlsx,,{},2026-08-21 22:20:34.110834+00:00
cf5ac16b-6aac-4054-b317-d51c807c7541,96ea4486-b9a9-4b82-8673-3c90dfdb3a31,portfolio_disclosure,,d3054566-387e-4c09-ae37-8f6734e2b928,2023-01-15,https://www.dspim.com/media/pages/mandatory-disclosures/portfolio-disclosures/cb6f4b52f4-1757771553/dsp-isin-debt-portfolio-as-on-15th-january-2023.xlsx,xlsx,,{},2026-08-21 22:20:34.110834+00:00
d691e687-11cd-4bdc-b325-75f733153f40,96ea4486-b9a9-4b82-8673-3c90dfdb3a31,portfolio_disclosure,,6bf4afad-27c9-430a-9ddf-7f738f44369d,2023-01-15,https://www.dspim.com/media/pages/mandatory-disclosures/portfolio-disclosures/cb6f4b52f4-1757771553/dsp-isin-debt-portfolio-as-on-15th-january-2023.xlsx,xlsx,,{},2026-08-21 22:20:34.110834+00:00
c99a3597-7ce0-4bf5-a004-a54d7dfd07ac,96ea4486-b9a9-4b82-8673-3c90dfdb3a31,portfolio_disclosure,,1bd7a4cc-c18b-424e-82ee-462d6ec6a1c1,2023-01-15,https://www.dspim.com/media/pages/mandatory-disclosures/portfolio-disclosures/cb6f4b52f4-1757771553/dsp-isin-debt-portfolio-as-on-15th-january-2023.xlsx,xlsx,,{},2026-08-21 22:20:34.110834+00:00
e511b7dd-380a-4f63-a2d4-865227367b52,143f21b1-3790-4efa-925c-17206e9aa651,portfolio_disclosure,,4c0b62ae-5310-4f78-9daf-9dc2c317b347,2025-11-15,https://www.dspim.com/media/pages/mandatory-disclosures/portfolio-disclosures/229cf95af7-1763653792/dsp-isin-debt-fortnightly-portfolio-as-on-15-nov-2025.xlsx,xlsx,,{},2026-08-20 18:51:23.601545+00:00
21acded6-aab4-4a3e-8cae-f7d25c76695a,143f21b1-3790-4efa-925c-17206e9aa651,portfolio_disclosure,,4b79d7b6-ca96-4225-965f-f0e1a7993d18,2025-11-15,https://www.dspim.com/media/pages/mandatory-disclosures/portfolio-disclosures/229cf95af7-1763653792/dsp-isin-debt-fortnightly-portfolio-as-on-15-nov-2025.xlsx,xlsx,,{},2026-08-21 22:20:46.348855+00:00
fe8a18dc-13a1-419b-a918-32dc507b0e45,143f21b1-3790-4efa-925c-17206e9aa651,portfolio_disclosure,,d7d97876-3f48-4125-a93c-5fadd10b4402,2025-11-15,https://www.dspim.com/media/pages/mandatory-disclosures/portfolio-disclosures/229cf95af7-1763653792/dsp-isin-debt-fortnightly-portfolio-as-on-15-nov-2025.xlsx,xlsx,,{},2026-08-21 22:20:46.348855+00:00
9f52241d-708b-497f-a030-926a7acba02e,143f21b1-3790-4efa-925c-17206e9aa651,portfolio_disclosure,,a5cbc07f-1e64-4817-8efe-bca3d4a64f5c,2025-11-15,https://www.dspim.com/media/pages/mandatory-disclosures/portfolio-disclosures/229cf95af7-1763653792/dsp-isin-debt-fortnightly-portfolio-as-on-15-nov-2025.xlsx,xlsx,,{},2026-08-21 22:20:46.348855+00:00
550ad9d8-083e-4fad-b2d1-f85dbb431255,143f21b1-3790-4efa-925c-17206e9aa651,portfolio_disclosure,,711bb119-31de-44af-bb63-de60d060214f,2025-11-15,https://www.dspim.com/media/pages/mandatory-disclosures/portfolio-disclosures/229cf95af7-1763653792/dsp-isin-debt-fortnightly-portfolio-as-on-15-nov-2025.xlsx,xlsx,,{},2026-08-21 22:20:46.348855+00:00
f077d612-67cc-48be-9ea5-dee0d8c037c9,143f21b1-3790-4efa-925c-17206e9aa651,portfolio_disclosure,,aa38dd68-4660-4a1b-b174-fd59e0c778fd,2025-11-15,https://www.dspim.com/media/pages/mandatory-disclosures/portfolio-disclosures/229cf95af7-1763653792/dsp-isin-debt-fortnightly-portfolio-as-on-15-nov-2025.xlsx,xlsx,,{},2026-08-21 22:20:46.348855+00:00
a6bbefb2-5253-4dba-82a6-7691ad236152,143f21b1-3790-4efa-925c-17206e9aa651,portfolio_disclosure,,1de88c3b-aa99-4154-b02c-c4f9360aca01,2025-11-15,https://www.dspim.com/media/pages/mandatory-disclosures/portfolio-disclosures/229cf95af7-1763653792/dsp-isin-debt-fortnightly-portfolio-as-on-15-nov-2025.xlsx,xlsx,,{},2026-08-21 22:20:46.348855+00:00
bbc70114-0dc0-4d1d-835a-bd6283c664df,143f21b1-3790-4efa-925c-17206e9aa651,portfolio_disclosure,,d63d2a0d-4ec8-49c9-8151-f219e714445f,2025-11-15,https://www.dspim.com/media/pages/mandatory-disclosures/portfolio-disclosures/229cf95af7-1763653792/dsp-isin-debt-fortnightly-portfolio-as-on-15-nov-2025.xlsx,xlsx,,{},2026-08-21 22:20:46.348855+00:00
713d80a5-3df4-42c7-bc89-eb399a9cdd18,143f21b1-3790-4efa-925c-17206e9aa651,portfolio_disclosure,,8b8a7181-1a62-463c-9637-38515e3a4973,2025-11-15,https://www.dspim.com/media/pages/mandatory-disclosures/portfolio-disclosures/229cf95af7-1763653792/dsp-isin-debt-fortnightly-portfolio-as-on-15-nov-2025.xlsx,xlsx,,{},2026-08-21 22:20:46.348855+00:00
71ec49b6-534a-409c-8f88-ab0cacd6dd25,143f21b1-3790-4efa-925c-17206e9aa651,portfolio_disclosure,,aa29e284-5e02-4951-ae02-ed98535dc61e,2025-11-15,https://www.dspim.com/media/pages/mandatory-disclosures/portfolio-disclosures/229cf95af7-1763653792/dsp-isin-debt-fortnightly-portfolio-as-on-15-nov-2025.xlsx,xlsx,,{},2026-08-21 22:20:46.348855+00:00
dc906f8f-f123-4cd6-a862-6917df70cb07,143f21b1-3790-4efa-925c-17206e9aa651,portfolio_disclosure,,f1c6f3aa-b829-4406-a6f8-03734bf4a16f,2025-11-15,https://www.dspim.com/media/pages/mandatory-disclosures/portfolio-disclosures/229cf95af7-1763653792/dsp-isin-debt-fortnightly-portfolio-as-on-15-nov-2025.xlsx,xlsx,,{},2026-08-21 22:20:46.348855+00:00
fe7997c6-7d97-4d9a-92c8-dff8e00619d2,143f21b1-3790-4efa-925c-17206e9aa651,portfolio_disclosure,,c280dee4-2813-4e8b-8f66-240ebce126ab,2025-11-15,https://www.dspim.com/media/pages/mandatory-disclosures/portfolio-disclosures/229cf95af7-1763653792/dsp-isin-debt-fortnightly-portfolio-as-on-15-nov-2025.xlsx,xlsx,,{},2026-08-21 22:20:46.348855+00:00
42ac8c02-4460-43aa-9477-42d9663d2bb9,143f21b1-3790-4efa-925c-17206e9aa651,portfolio_disclosure,,e3c71b64-92f1-4db4-a6f7-1c0008e69c4c,2025-11-15,https://www.dspim.com/media/pages/mandatory-disclosures/portfolio-disclosures/229cf95af7-1763653792/dsp-isin-debt-fortnightly-portfolio-as-on-15-nov-2025.xlsx,xlsx,,{},2026-08-21 22:20:46.348855+00:00
2cf65f40-7771-4ee8-b1e2-14a9c01cc413,143f21b1-3790-4efa-925c-17206e9aa651,portfolio_disclosure,,bcdfc686-5907-43dd-8412-1158d4f21d83,2025-11-15,https://www.dspim.com/media/pages/mandatory-disclosures/portfolio-disclosures/229cf95af7-1763653792/dsp-isin-debt-fortnightly-portfolio-as-on-15-nov-2025.xlsx,xlsx,,{},2026-08-21 22:20:46.348855+00:00
65aa5a6f-4b3c-43d6-8f37-0adb1c2d4b9b,143f21b1-3790-4efa-925c-17206e9aa651,portfolio_disclosure,,bc6afebe-de89-4d43-a319-3a0352ead9be,2025-11-15,https://www.dspim.com/media/pages/mandatory-disclosures/portfolio-disclosures/229cf95af7-1763653792/dsp-isin-debt-fortnightly-portfolio-as-on-15-nov-2025.xlsx,xlsx,,{},2026-08-21 22:20:46.348855+00:00
334d5451-1be9-40bd-9159-087be7a207e2,143f21b1-3790-4efa-925c-17206e9aa651,portfolio_disclosure,,7acbdaac-6b00-42f0-8aa5-b4ef1d6b484d,2025-11-15,https://www.dspim.com/media/pages/mandatory-disclosures/portfolio-disclosures/229cf95af7-1763653792/dsp-isin-debt-fortnightly-portfolio-as-on-15-nov-2025.xlsx,xlsx,,{},2026-08-21 22:20:46.348855+00:00
39026bee-7b17-45a0-b477-e0494047b477,143f21b1-3790-4efa-925c-17206e9aa651,portfolio_disclosure,,75700a69-71bb-4ab4-b736-12846754c6fa,2025-11-15,https://www.dspim.com/media/pages/mandatory-disclosures/portfolio-disclosures/229cf95af7-1763653792/dsp-isin-debt-fortnightly-portfolio-as-on-15-nov-2025.xlsx,xlsx,,{},2026-08-21 22:20:46.348855+00:00
ea3f6820-e12c-4095-930d-bb9879d32aee,143f21b1-3790-4efa-925c-17206e9aa651,portfolio_disclosure,,28e08d4a-750c-44a8-b878-507862a40769,2025-11-15,https://www.dspim.com/media/pages/mandatory-disclosures/portfolio-disclosures/229cf95af7-1763653792/dsp-isin-debt-fortnightly-portfolio-as-on-15-nov-2025.xlsx,xlsx,,{},2026-08-21 22:20:46.348855+00:00
b3be304e-bd2c-499a-962c-c4d83be8967b,143f21b1-3790-4efa-925c-17206e9aa651,portfolio_disclosure,,9f75a983-484e-45e0-9905-bf47dbfc8900,2025-11-15,https://www.dspim.com/media/pages/mandatory-disclosures/portfolio-disclosures/229cf95af7-1763653792/dsp-isin-debt-fortnightly-portfolio-as-on-15-nov-2025.xlsx,xlsx,,{},2026-08-21 22:20:46.348855+00:00
3efb182a-b470-4935-b532-98342350a06b,143f21b1-3790-4efa-925c-17206e9aa651,portfolio_disclosure,,b3236eec-7dcc-4192-8025-4d413fbde918,2025-11-15,https://www.dspim.com/media/pages/mandatory-disclosures/portfolio-disclosures/229cf95af7-1763653792/dsp-isin-debt-fortnightly-portfolio-as-on-15-nov-2025.xlsx,xlsx,,{},2026-08-21 22:20:46.348855+00:00
db6b2a15-6f1b-4bdf-96f5-e00733756176,143f21b1-3790-4efa-925c-17206e9aa651,portfolio_disclosure,,e0a672f6-40f3-453f-ab57-9c3633fa4d5a,2025-11-15,https://www.dspim.com/media/pages/mandatory-disclosures/portfolio-disclosures/229cf95af7-1763653792/dsp-isin-debt-fortnightly-portfolio-as-on-15-nov-2025.xlsx,xlsx,,{},2026-08-21 22:20:46.348855+00:00
ab21c95a-6838-45eb-a923-514ef0c0d922,143f21b1-3790-4efa-925c-17206e9aa651,portfolio_disclosure,,f3839e55-9dd9-4e5a-815f-b9125c1200e8,2025-11-15,https://www.dspim.com/media/pages/mandatory-disclosures/portfolio-disclosures/229cf95af7-1763653792/dsp-isin-debt-fortnightly-portfolio-as-on-15-nov-2025.xlsx,xlsx,,{},2026-08-21 22:20:46.348855+00:00
f297c979-e335-48ae-bdff-e45078c51fe8,143f21b1-3790-4efa-925c-17206e9aa651,portfolio_disclosure,,6bf4afad-27c9-430a-9ddf-7f738f44369d,2025-11-15,https://www.dspim.com/media/pages/mandatory-disclosures/portfolio-disclosures/229cf95af7-1763653792/dsp-isin-debt-fortnightly-portfolio-as-on-15-nov-2025.xlsx,xlsx,,{},2026-08-21 22:20:46.348855+00:00
5d594c5a-bfb0-4610-963b-f9de0fa727ad,143f21b1-3790-4efa-925c-17206e9aa651,portfolio_disclosure,,d3054566-387e-4c09-ae37-8f6734e2b928,2025-11-15,https://www.dspim.com/media/pages/mandatory-disclosures/portfolio-disclosures/229cf95af7-1763653792/dsp-isin-debt-fortnightly-portfolio-as-on-15-nov-2025.xlsx,xlsx,,{},2026-08-21 22:20:46.348855+00:00
46365ec4-c003-4b28-8138-3af36942b7d2,143f21b1-3790-4efa-925c-17206e9aa651,portfolio_disclosure,,9c2c7293-3cb9-4dde-b834-220990d0fc56,2025-11-15,https://www.dspim.com/media/pages/mandatory-disclosures/portfolio-disclosures/229cf95af7-1763653792/dsp-isin-debt-fortnightly-portfolio-as-on-15-nov-2025.xlsx,xlsx,,{},2026-08-21 22:20:46.348855+00:00
2a9a7aef-6da6-4d24-842b-af3c222c08e9,4b63dce3-d9e1-4e5b-a94c-4a9aa6ca3ff7,portfolio_disclosure,,b4d36eee-8095-4d9f-a2a4-0ae6aa24d706,2024-10-31,https://amc.ppfas.com/downloads/portfolio-disclosure/2024/PPFAS_Monthly_Portfolio_Report_October_31_2024.xlsx?08112024,xlsx,,{},2026-08-21 22:27:33.755328+00:00
04004cb5-fa59-47db-8be1-0981a790b663,796356cf-b327-4df7-bd60-c715127b2f30,portfolio_disclosure,,bc6afebe-de89-4d43-a319-3a0352ead9be,2025-05-31,https://www.dspim.com/media/pages/mandatory-disclosures/portfolio-disclosures/43b253e246-1757771552/dsp-isin-debt-fortnightly-portfolio-as-on-31-may-2025.xlsx,xlsx,,{},2026-08-21 22:09:40.736720+00:00
f9bef7ea-160c-44e8-827c-79ecbaf311a7,796356cf-b327-4df7-bd60-c715127b2f30,portfolio_disclosure,,7acbdaac-6b00-42f0-8aa5-b4ef1d6b484d,2025-05-31,https://www.dspim.com/media/pages/mandatory-disclosures/portfolio-disclosures/43b253e246-1757771552/dsp-isin-debt-fortnightly-portfolio-as-on-31-may-2025.xlsx,xlsx,,{},2026-08-21 22:09:40.736720+00:00
ee7f9d87-2433-4ea6-b3e0-cd48432befcf,796356cf-b327-4df7-bd60-c715127b2f30,portfolio_disclosure,,75700a69-71bb-4ab4-b736-12846754c6fa,2025-05-31,https://www.dspim.com/media/pages/mandatory-disclosures/portfolio-disclosures/43b253e246-1757771552/dsp-isin-debt-fortnightly-portfolio-as-on-31-may-2025.xlsx,xlsx,,{},2026-08-21 22:09:40.736720+00:00
ed24c672-9486-4a48-8754-5abaaa6d72dd,796356cf-b327-4df7-bd60-c715127b2f30,portfolio_disclosure,,28e08d4a-750c-44a8-b878-507862a40769,2025-05-31,https://www.dspim.com/media/pages/mandatory-disclosures/portfolio-disclosures/43b253e246-1757771552/dsp-isin-debt-fortnightly-portfolio-as-on-31-may-2025.xlsx,xlsx,,{},2026-08-21 22:09:40.736720+00:00
844be426-181a-41be-9688-3cab407eeaf5,796356cf-b327-4df7-bd60-c715127b2f30,portfolio_disclosure,,9f75a983-484e-45e0-9905-bf47dbfc8900,2025-05-31,https://www.dspim.com/media/pages/mandatory-disclosures/portfolio-disclosures/43b253e246-1757771552/dsp-isin-debt-fortnightly-portfolio-as-on-31-may-2025.xlsx,xlsx,,{},2026-08-21 22:09:40.736720+00:00
2305df20-1227-4336-85a5-1ad5b486311d,796356cf-b327-4df7-bd60-c715127b2f30,portfolio_disclosure,,b3236eec-7dcc-4192-8025-4d413fbde918,2025-05-31,https://www.dspim.com/media/pages/mandatory-disclosures/portfolio-disclosures/43b253e246-1757771552/dsp-isin-debt-fortnightly-portfolio-as-on-31-may-2025.xlsx,xlsx,,{},2026-08-21 22:09:40.736720+00:00
2a6933a4-9280-4948-95c4-3ccc9a0f10c2,796356cf-b327-4df7-bd60-c715127b2f30,portfolio_disclosure,,e89a10e7-e991-45b2-8131-f5a40f497090,2025-05-31,https://www.dspim.com/media/pages/mandatory-disclosures/portfolio-disclosures/43b253e246-1757771552/dsp-isin-debt-fortnightly-portfolio-as-on-31-may-2025.xlsx,xlsx,,{},2026-08-21 22:09:40.736720+00:00
9baaa94e-9f2f-430b-b59c-e81f14e366cd,796356cf-b327-4df7-bd60-c715127b2f30,portfolio_disclosure,,f3839e55-9dd9-4e5a-815f-b9125c1200e8,2025-05-31,https://www.dspim.com/media/pages/mandatory-disclosures/portfolio-disclosures/43b253e246-1757771552/dsp-isin-debt-fortnightly-portfolio-as-on-31-may-2025.xlsx,xlsx,,{},2026-08-21 22:09:40.736720+00:00
a1b166ab-cf7e-474a-ab46-b07e2786b2cd,796356cf-b327-4df7-bd60-c715127b2f30,portfolio_disclosure,,6bf4afad-27c9-430a-9ddf-7f738f44369d,2025-05-31,https://www.dspim.com/media/pages/mandatory-disclosures/portfolio-disclosures/43b253e246-1757771552/dsp-isin-debt-fortnightly-portfolio-as-on-31-may-2025.xlsx,xlsx,,{},2026-08-21 22:09:40.736720+00:00
fa82ff16-2b78-4a54-95bf-07cd9a3f6400,796356cf-b327-4df7-bd60-c715127b2f30,portfolio_disclosure,,d3054566-387e-4c09-ae37-8f6734e2b928,2025-05-31,https://www.dspim.com/media/pages/mandatory-disclosures/portfolio-disclosures/43b253e246-1757771552/dsp-isin-debt-fortnightly-portfolio-as-on-31-may-2025.xlsx,xlsx,,{},2026-08-21 22:09:40.736720+00:00
40ad7b17-97d5-4fb1-9d97-4f10a593c85c,796356cf-b327-4df7-bd60-c715127b2f30,portfolio_disclosure,,9c2c7293-3cb9-4dde-b834-220990d0fc56,2025-05-31,https://www.dspim.com/media/pages/mandatory-disclosures/portfolio-disclosures/43b253e246-1757771552/dsp-isin-debt-fortnightly-portfolio-as-on-31-may-2025.xlsx,xlsx,,{},2026-08-21 22:09:40.736720+00:00
65809383-6524-449c-8975-4ab416d639bc,b4dc446d-f648-4ebe-bb9e-38f877cafeed,portfolio_disclosure,,38197fff-4221-443a-b134-7d15bd159df7,2026-08-22,https://amc.ppfas.com/downloads/portfolio-disclosure/fortnightly-debt-portfolio-disclosure/2022/PPCHF_Fortnightly_Portfolio_Report_15-aug-2022.xlsx?18082022,xlsx,,{},2026-08-21 22:27:38.662887+00:00
5b9bb6db-7290-429c-ab36-b33e08197178,8285b13b-e868-4797-bbab-4d2898cac121,portfolio_disclosure,,16c7eb6a-a1d2-4f79-a2ce-10921ccb25a3,2022-12-15,https://amc.ppfas.com/downloads/portfolio-disclosure/fortnightly-debt-portfolio-disclosure/2022/PPCHF_Fortnightly_Portfolio_Report_15-dec-2022.xlsx?19122022,xlsx,,{},2026-08-21 22:27:39.758130+00:00
e8ddbe38-02d5-4c3b-a86e-3a332592acdd,c9b3fb11-8a80-4383-944e-ef7b81e74888,portfolio_disclosure,,16c7eb6a-a1d2-4f79-a2ce-10921ccb25a3,2025-04-15,https://amc.ppfas.com/downloads/portfolio-disclosure/fortnightly-debt-portfolio-disclosure/2025/PPCHF_Fortnightly_Portfolio_Report_15-april-2025.xlsx?18042025,xlsx,,{},2026-08-21 22:27:40.781090+00:00
bf3d9f2c-70e1-4f61-9a6b-fe46fd2b7995,796356cf-b327-4df7-bd60-c715127b2f30,portfolio_disclosure,,4b79d7b6-ca96-4225-965f-f0e1a7993d18,2025-05-31,https://www.dspim.com/media/pages/mandatory-disclosures/portfolio-disclosures/43b253e246-1757771552/dsp-isin-debt-fortnightly-portfolio-as-on-31-may-2025.xlsx,xlsx,,{},2026-08-21 22:09:40.736720+00:00
a9a5bb01-9362-4737-ae2f-8d69497f4f75,796356cf-b327-4df7-bd60-c715127b2f30,portfolio_disclosure,,d7d97876-3f48-4125-a93c-5fadd10b4402,2025-05-31,https://www.dspim.com/media/pages/mandatory-disclosures/portfolio-disclosures/43b253e246-1757771552/dsp-isin-debt-fortnightly-portfolio-as-on-31-may-2025.xlsx,xlsx,,{},2026-08-21 22:09:40.736720+00:00
7ef17e69-ee8a-4e9b-b8df-1f60d0e37224,796356cf-b327-4df7-bd60-c715127b2f30,portfolio_disclosure,,a5cbc07f-1e64-4817-8efe-bca3d4a64f5c,2025-05-31,https://www.dspim.com/media/pages/mandatory-disclosures/portfolio-disclosures/43b253e246-1757771552/dsp-isin-debt-fortnightly-portfolio-as-on-31-may-2025.xlsx,xlsx,,{},2026-08-21 22:09:40.736720+00:00
aa7eb5b8-5946-4cf3-a882-3e25950ae61d,796356cf-b327-4df7-bd60-c715127b2f30,portfolio_disclosure,,711bb119-31de-44af-bb63-de60d060214f,2025-05-31,https://www.dspim.com/media/pages/mandatory-disclosures/portfolio-disclosures/43b253e246-1757771552/dsp-isin-debt-fortnightly-portfolio-as-on-31-may-2025.xlsx,xlsx,,{},2026-08-21 22:09:40.736720+00:00
dace79fe-60b1-4515-89e7-e06a091d44f1,796356cf-b327-4df7-bd60-c715127b2f30,portfolio_disclosure,,aa38dd68-4660-4a1b-b174-fd59e0c778fd,2025-05-31,https://www.dspim.com/media/pages/mandatory-disclosures/portfolio-disclosures/43b253e246-1757771552/dsp-isin-debt-fortnightly-portfolio-as-on-31-may-2025.xlsx,xlsx,,{},2026-08-21 22:09:40.736720+00:00
4385cf2d-6c43-4e55-b646-371952b676a3,796356cf-b327-4df7-bd60-c715127b2f30,portfolio_disclosure,,d63d2a0d-4ec8-49c9-8151-f219e714445f,2025-05-31,https://www.dspim.com/media/pages/mandatory-disclosures/portfolio-disclosures/43b253e246-1757771552/dsp-isin-debt-fortnightly-portfolio-as-on-31-may-2025.xlsx,xlsx,,{},2026-08-21 22:09:40.736720+00:00
47f28c21-a7cf-4a55-b3ea-dba240b0506e,796356cf-b327-4df7-bd60-c715127b2f30,portfolio_disclosure,,8b8a7181-1a62-463c-9637-38515e3a4973,2025-05-31,https://www.dspim.com/media/pages/mandatory-disclosures/portfolio-disclosures/43b253e246-1757771552/dsp-isin-debt-fortnightly-portfolio-as-on-31-may-2025.xlsx,xlsx,,{},2026-08-21 22:09:40.736720+00:00
db7666ce-cd77-49e7-bdfd-25eabfa02256,796356cf-b327-4df7-bd60-c715127b2f30,portfolio_disclosure,,aa29e284-5e02-4951-ae02-ed98535dc61e,2025-05-31,https://www.dspim.com/media/pages/mandatory-disclosures/portfolio-disclosures/43b253e246-1757771552/dsp-isin-debt-fortnightly-portfolio-as-on-31-may-2025.xlsx,xlsx,,{},2026-08-21 22:09:40.736720+00:00
edaf01b2-10b7-45f9-b0c4-35ca86ecc255,796356cf-b327-4df7-bd60-c715127b2f30,portfolio_disclosure,,f1c6f3aa-b829-4406-a6f8-03734bf4a16f,2025-05-31,https://www.dspim.com/media/pages/mandatory-disclosures/portfolio-disclosures/43b253e246-1757771552/dsp-isin-debt-fortnightly-portfolio-as-on-31-may-2025.xlsx,xlsx,,{},2026-08-21 22:09:40.736720+00:00
52d06006-826a-42a3-845b-ab33be188f46,796356cf-b327-4df7-bd60-c715127b2f30,portfolio_disclosure,,e3bb7214-772c-45f7-bbe8-d95a5145fce5,2025-05-31,https://www.dspim.com/media/pages/mandatory-disclosures/portfolio-disclosures/43b253e246-1757771552/dsp-isin-debt-fortnightly-portfolio-as-on-31-may-2025.xlsx,xlsx,,{},2026-08-21 22:09:40.736720+00:00
e4c0f39b-f170-4f27-917b-213340fb0a2a,796356cf-b327-4df7-bd60-c715127b2f30,portfolio_disclosure,,e3c71b64-92f1-4db4-a6f7-1c0008e69c4c,2025-05-31,https://www.dspim.com/media/pages/mandatory-disclosures/portfolio-disclosures/43b253e246-1757771552/dsp-isin-debt-fortnightly-portfolio-as-on-31-may-2025.xlsx,xlsx,,{},2026-08-21 22:09:40.736720+00:00
5b43a82b-38a0-492a-bd98-26da7f369823,796356cf-b327-4df7-bd60-c715127b2f30,portfolio_disclosure,,bcdfc686-5907-43dd-8412-1158d4f21d83,2025-05-31,https://www.dspim.com/media/pages/mandatory-disclosures/portfolio-disclosures/43b253e246-1757771552/dsp-isin-debt-fortnightly-portfolio-as-on-31-may-2025.xlsx,xlsx,,{},2026-08-21 22:09:40.736720+00:00
eed9408d-8d02-4aae-b179-4941bbd85e75,c331a859-e682-429e-8b92-35307335a6d6,portfolio_disclosure,,39bd5974-4c82-4457-bfd8-bfead40cd71f,2025-03-31,https://www.dspim.com/media/pages/mandatory-disclosures/portfolio-disclosures/4d45b48738-1757771553/dsp-isin-debt-portfolio-as-on-31-mar-2025.xlsx,xlsx,,{},2026-08-21 22:27:51.606989+00:00
9f02a5ac-d9e5-4551-859a-00dbe73f779b,c331a859-e682-429e-8b92-35307335a6d6,portfolio_disclosure,,4c0b62ae-5310-4f78-9daf-9dc2c317b347,2025-03-31,https://www.dspim.com/media/pages/mandatory-disclosures/portfolio-disclosures/4d45b48738-1757771553/dsp-isin-debt-portfolio-as-on-31-mar-2025.xlsx,xlsx,,{},2026-08-21 22:27:51.606989+00:00
174a9330-deca-4fcb-bed0-43d143a6b8d7,c331a859-e682-429e-8b92-35307335a6d6,portfolio_disclosure,,4b79d7b6-ca96-4225-965f-f0e1a7993d18,2025-03-31,https://www.dspim.com/media/pages/mandatory-disclosures/portfolio-disclosures/4d45b48738-1757771553/dsp-isin-debt-portfolio-as-on-31-mar-2025.xlsx,xlsx,,{},2026-08-21 22:27:51.606989+00:00
e49d5209-cfa6-4bf3-aa89-e14c23eac06b,c331a859-e682-429e-8b92-35307335a6d6,portfolio_disclosure,,d7d97876-3f48-4125-a93c-5fadd10b4402,2025-03-31,https://www.dspim.com/media/pages/mandatory-disclosures/portfolio-disclosures/4d45b48738-1757771553/dsp-isin-debt-portfolio-as-on-31-mar-2025.xlsx,xlsx,,{},2026-08-21 22:27:51.606989+00:00
695ab59f-bc0f-4c63-8e26-11bdc824b4e1,c331a859-e682-429e-8b92-35307335a6d6,portfolio_disclosure,,a5cbc07f-1e64-4817-8efe-bca3d4a64f5c,2025-03-31,https://www.dspim.com/media/pages/mandatory-disclosures/portfolio-disclosures/4d45b48738-1757771553/dsp-isin-debt-portfolio-as-on-31-mar-2025.xlsx,xlsx,,{},2026-08-21 22:27:51.606989+00:00
4d91dfdc-b3c9-43d8-a61b-fc36e0aa8f9a,c331a859-e682-429e-8b92-35307335a6d6,portfolio_disclosure,,711bb119-31de-44af-bb63-de60d060214f,2025-03-31,https://www.dspim.com/media/pages/mandatory-disclosures/portfolio-disclosures/4d45b48738-1757771553/dsp-isin-debt-portfolio-as-on-31-mar-2025.xlsx,xlsx,,{},2026-08-21 22:27:51.606989+00:00
0797c683-ea75-4506-9ab8-b7965633725f,c331a859-e682-429e-8b92-35307335a6d6,portfolio_disclosure,,aa38dd68-4660-4a1b-b174-fd59e0c778fd,2025-03-31,https://www.dspim.com/media/pages/mandatory-disclosures/portfolio-disclosures/4d45b48738-1757771553/dsp-isin-debt-portfolio-as-on-31-mar-2025.xlsx,xlsx,,{},2026-08-21 22:27:51.606989+00:00
eff93cc9-f0f1-4665-8dcf-6f54dc1c9c74,c331a859-e682-429e-8b92-35307335a6d6,portfolio_disclosure,,1de88c3b-aa99-4154-b02c-c4f9360aca01,2025-03-31,https://www.dspim.com/media/pages/mandatory-disclosures/portfolio-disclosures/4d45b48738-1757771553/dsp-isin-debt-portfolio-as-on-31-mar-2025.xlsx,xlsx,,{},2026-08-21 22:27:51.606989+00:00
f035ec3e-babd-4881-9796-c5b5acbb7f49,c331a859-e682-429e-8b92-35307335a6d6,portfolio_disclosure,,d63d2a0d-4ec8-49c9-8151-f219e714445f,2025-03-31,https://www.dspim.com/media/pages/mandatory-disclosures/portfolio-disclosures/4d45b48738-1757771553/dsp-isin-debt-portfolio-as-on-31-mar-2025.xlsx,xlsx,,{},2026-08-21 22:27:51.606989+00:00
b2261069-1604-4087-a860-9d92eb6b58fd,c331a859-e682-429e-8b92-35307335a6d6,portfolio_disclosure,,8b8a7181-1a62-463c-9637-38515e3a4973,2025-03-31,https://www.dspim.com/media/pages/mandatory-disclosures/portfolio-disclosures/4d45b48738-1757771553/dsp-isin-debt-portfolio-as-on-31-mar-2025.xlsx,xlsx,,{},2026-08-21 22:27:51.606989+00:00
06b61df3-96f0-4ab5-97c9-eced7a41a9ab,c331a859-e682-429e-8b92-35307335a6d6,portfolio_disclosure,,aa29e284-5e02-4951-ae02-ed98535dc61e,2025-03-31,https://www.dspim.com/media/pages/mandatory-disclosures/portfolio-disclosures/4d45b48738-1757771553/dsp-isin-debt-portfolio-as-on-31-mar-2025.xlsx,xlsx,,{},2026-08-21 22:27:51.606989+00:00
209d7bfd-396a-442e-a674-538b363c3ac1,c331a859-e682-429e-8b92-35307335a6d6,portfolio_disclosure,,f1c6f3aa-b829-4406-a6f8-03734bf4a16f,2025-03-31,https://www.dspim.com/media/pages/mandatory-disclosures/portfolio-disclosures/4d45b48738-1757771553/dsp-isin-debt-portfolio-as-on-31-mar-2025.xlsx,xlsx,,{},2026-08-21 22:27:51.606989+00:00
a05e42cd-b3c7-4017-ac64-fdce57bdd122,c331a859-e682-429e-8b92-35307335a6d6,portfolio_disclosure,,e3bb7214-772c-45f7-bbe8-d95a5145fce5,2025-03-31,https://www.dspim.com/media/pages/mandatory-disclosures/portfolio-disclosures/4d45b48738-1757771553/dsp-isin-debt-portfolio-as-on-31-mar-2025.xlsx,xlsx,,{},2026-08-21 22:27:51.606989+00:00
99cb0070-e20b-4b81-9ca5-69fcdd3d9056,c331a859-e682-429e-8b92-35307335a6d6,portfolio_disclosure,,e3c71b64-92f1-4db4-a6f7-1c0008e69c4c,2025-03-31,https://www.dspim.com/media/pages/mandatory-disclosures/portfolio-disclosures/4d45b48738-1757771553/dsp-isin-debt-portfolio-as-on-31-mar-2025.xlsx,xlsx,,{},2026-08-21 22:27:51.606989+00:00
c358e7c5-1e63-407e-97e0-ff3f1e38d4bf,c331a859-e682-429e-8b92-35307335a6d6,portfolio_disclosure,,bcdfc686-5907-43dd-8412-1158d4f21d83,2025-03-31,https://www.dspim.com/media/pages/mandatory-disclosures/portfolio-disclosures/4d45b48738-1757771553/dsp-isin-debt-portfolio-as-on-31-mar-2025.xlsx,xlsx,,{},2026-08-21 22:27:51.606989+00:00
ad612f2e-59cb-4864-ae44-7414d5593f0a,c331a859-e682-429e-8b92-35307335a6d6,portfolio_disclosure,,7acbdaac-6b00-42f0-8aa5-b4ef1d6b484d,2025-03-31,https://www.dspim.com/media/pages/mandatory-disclosures/portfolio-disclosures/4d45b48738-1757771553/dsp-isin-debt-portfolio-as-on-31-mar-2025.xlsx,xlsx,,{},2026-08-21 22:27:51.606989+00:00
750f3c74-a452-4b03-b991-d5aa9ab57010,c331a859-e682-429e-8b92-35307335a6d6,portfolio_disclosure,,bc6afebe-de89-4d43-a319-3a0352ead9be,2025-03-31,https://www.dspim.com/media/pages/mandatory-disclosures/portfolio-disclosures/4d45b48738-1757771553/dsp-isin-debt-portfolio-as-on-31-mar-2025.xlsx,xlsx,,{},2026-08-21 22:27:51.606989+00:00
0d466b5d-904e-453b-a3c3-d76cb0cec86f,c331a859-e682-429e-8b92-35307335a6d6,portfolio_disclosure,,75700a69-71bb-4ab4-b736-12846754c6fa,2025-03-31,https://www.dspim.com/media/pages/mandatory-disclosures/portfolio-disclosures/4d45b48738-1757771553/dsp-isin-debt-portfolio-as-on-31-mar-2025.xlsx,xlsx,,{},2026-08-21 22:27:51.606989+00:00
82884652-417e-4fb2-b40d-c7e5729ecc3b,c331a859-e682-429e-8b92-35307335a6d6,portfolio_disclosure,,a1098ad6-91b7-4f2b-83c4-9adf731d7ed9,2025-03-31,https://www.dspim.com/media/pages/mandatory-disclosures/portfolio-disclosures/4d45b48738-1757771553/dsp-isin-debt-portfolio-as-on-31-mar-2025.xlsx,xlsx,,{},2026-08-21 22:27:51.606989+00:00
c75a3148-5a9d-4cf7-9cb2-816005d51a55,c331a859-e682-429e-8b92-35307335a6d6,portfolio_disclosure,,9f75a983-484e-45e0-9905-bf47dbfc8900,2025-03-31,https://www.dspim.com/media/pages/mandatory-disclosures/portfolio-disclosures/4d45b48738-1757771553/dsp-isin-debt-portfolio-as-on-31-mar-2025.xlsx,xlsx,,{},2026-08-21 22:27:51.606989+00:00
300d7dfb-9eb7-4476-8579-c881434e9a2e,c331a859-e682-429e-8b92-35307335a6d6,portfolio_disclosure,,b3236eec-7dcc-4192-8025-4d413fbde918,2025-03-31,https://www.dspim.com/media/pages/mandatory-disclosures/portfolio-disclosures/4d45b48738-1757771553/dsp-isin-debt-portfolio-as-on-31-mar-2025.xlsx,xlsx,,{},2026-08-21 22:27:51.606989+00:00
b73f4eb3-fd09-4191-b19a-5e19c9e6834e,c331a859-e682-429e-8b92-35307335a6d6,portfolio_disclosure,,e89a10e7-e991-45b2-8131-f5a40f497090,2025-03-31,https://www.dspim.com/media/pages/mandatory-disclosures/portfolio-disclosures/4d45b48738-1757771553/dsp-isin-debt-portfolio-as-on-31-mar-2025.xlsx,xlsx,,{},2026-08-21 22:27:51.606989+00:00
91939148-0457-4418-9253-16b2a9818939,c331a859-e682-429e-8b92-35307335a6d6,portfolio_disclosure,,f3839e55-9dd9-4e5a-815f-b9125c1200e8,2025-03-31,https://www.dspim.com/media/pages/mandatory-disclosures/portfolio-disclosures/4d45b48738-1757771553/dsp-isin-debt-portfolio-as-on-31-mar-2025.xlsx,xlsx,,{},2026-08-21 22:27:51.606989+00:00
9f17db40-898d-4ac8-99c9-9323f8a1c6fa,c331a859-e682-429e-8b92-35307335a6d6,portfolio_disclosure,,6bf4afad-27c9-430a-9ddf-7f738f44369d,2025-03-31,https://www.dspim.com/media/pages/mandatory-disclosures/portfolio-disclosures/4d45b48738-1757771553/dsp-isin-debt-portfolio-as-on-31-mar-2025.xlsx,xlsx,,{},2026-08-21 22:27:51.606989+00:00
b1883115-a5b3-4941-85d4-f8fdaa738626,c331a859-e682-429e-8b92-35307335a6d6,portfolio_disclosure,,d3054566-387e-4c09-ae37-8f6734e2b928,2025-03-31,https://www.dspim.com/media/pages/mandatory-disclosures/portfolio-disclosures/4d45b48738-1757771553/dsp-isin-debt-portfolio-as-on-31-mar-2025.xlsx,xlsx,,{},2026-08-21 22:27:51.606989+00:00
03ae66ab-a62f-459e-8a0d-dc5664d95f76,c331a859-e682-429e-8b92-35307335a6d6,portfolio_disclosure,,9c2c7293-3cb9-4dde-b834-220990d0fc56,2025-03-31,https://www.dspim.com/media/pages/mandatory-disclosures/portfolio-disclosures/4d45b48738-1757771553/dsp-isin-debt-portfolio-as-on-31-mar-2025.xlsx,xlsx,,{},2026-08-21 22:27:51.606989+00:00
65453f5e-54cc-49b7-9427-c73c27aae914,622fe2d0-8b03-4cd2-899f-9f355e9015c4,portfolio_disclosure,,39bd5974-4c82-4457-bfd8-bfead40cd71f,2026-02-28,https://www.dspim.com/media/pages/mandatory-disclosures/portfolio-disclosures/15a440a099-1772724988/dsp-isin-debt-fortnightly-portfolio-as-on-28-feb-2026.xlsx,xlsx,,{},2026-08-20 22:41:57.355484+00:00
ee496ed9-2f1d-4ed4-99a7-6dcbd5dcd038,622fe2d0-8b03-4cd2-899f-9f355e9015c4,portfolio_disclosure,,4c0b62ae-5310-4f78-9daf-9dc2c317b347,2026-02-28,https://www.dspim.com/media/pages/mandatory-disclosures/portfolio-disclosures/15a440a099-1772724988/dsp-isin-debt-fortnightly-portfolio-as-on-28-feb-2026.xlsx,xlsx,,{},2026-08-20 22:41:57.355484+00:00
61618639-d356-4764-844c-09b1f0f408bd,622fe2d0-8b03-4cd2-899f-9f355e9015c4,portfolio_disclosure,,4b79d7b6-ca96-4225-965f-f0e1a7993d18,2026-02-28,https://www.dspim.com/media/pages/mandatory-disclosures/portfolio-disclosures/15a440a099-1772724988/dsp-isin-debt-fortnightly-portfolio-as-on-28-feb-2026.xlsx,xlsx,,{},2026-08-21 22:28:00.333201+00:00
aea6c14b-f9e8-405d-9af6-7878ce962ecd,622fe2d0-8b03-4cd2-899f-9f355e9015c4,portfolio_disclosure,,d7d97876-3f48-4125-a93c-5fadd10b4402,2026-02-28,https://www.dspim.com/media/pages/mandatory-disclosures/portfolio-disclosures/15a440a099-1772724988/dsp-isin-debt-fortnightly-portfolio-as-on-28-feb-2026.xlsx,xlsx,,{},2026-08-21 22:28:00.333201+00:00
5e7c0d7c-ed7c-4362-877e-30f1b1026eae,622fe2d0-8b03-4cd2-899f-9f355e9015c4,portfolio_disclosure,,a5cbc07f-1e64-4817-8efe-bca3d4a64f5c,2026-02-28,https://www.dspim.com/media/pages/mandatory-disclosures/portfolio-disclosures/15a440a099-1772724988/dsp-isin-debt-fortnightly-portfolio-as-on-28-feb-2026.xlsx,xlsx,,{},2026-08-21 22:28:00.333201+00:00
242a8c74-a2ac-4293-b121-42b51b658d7f,622fe2d0-8b03-4cd2-899f-9f355e9015c4,portfolio_disclosure,,711bb119-31de-44af-bb63-de60d060214f,2026-02-28,https://www.dspim.com/media/pages/mandatory-disclosures/portfolio-disclosures/15a440a099-1772724988/dsp-isin-debt-fortnightly-portfolio-as-on-28-feb-2026.xlsx,xlsx,,{},2026-08-21 22:28:00.333201+00:00
68bdffb7-1ef7-4527-a169-9a9f684e591f,622fe2d0-8b03-4cd2-899f-9f355e9015c4,portfolio_disclosure,,aa38dd68-4660-4a1b-b174-fd59e0c778fd,2026-02-28,https://www.dspim.com/media/pages/mandatory-disclosures/portfolio-disclosures/15a440a099-1772724988/dsp-isin-debt-fortnightly-portfolio-as-on-28-feb-2026.xlsx,xlsx,,{},2026-08-21 22:28:00.333201+00:00
c9a453ee-1c03-44c2-8164-fe482faae71c,622fe2d0-8b03-4cd2-899f-9f355e9015c4,portfolio_disclosure,,1de88c3b-aa99-4154-b02c-c4f9360aca01,2026-02-28,https://www.dspim.com/media/pages/mandatory-disclosures/portfolio-disclosures/15a440a099-1772724988/dsp-isin-debt-fortnightly-portfolio-as-on-28-feb-2026.xlsx,xlsx,,{},2026-08-21 22:28:00.333201+00:00
109b2258-1ff9-4f49-b28c-571f6671c4d9,622fe2d0-8b03-4cd2-899f-9f355e9015c4,portfolio_disclosure,,d63d2a0d-4ec8-49c9-8151-f219e714445f,2026-02-28,https://www.dspim.com/media/pages/mandatory-disclosures/portfolio-disclosures/15a440a099-1772724988/dsp-isin-debt-fortnightly-portfolio-as-on-28-feb-2026.xlsx,xlsx,,{},2026-08-21 22:28:00.333201+00:00
3f2bf175-7f41-4d82-b2f3-f918bc0b178f,622fe2d0-8b03-4cd2-899f-9f355e9015c4,portfolio_disclosure,,8b8a7181-1a62-463c-9637-38515e3a4973,2026-02-28,https://www.dspim.com/media/pages/mandatory-disclosures/portfolio-disclosures/15a440a099-1772724988/dsp-isin-debt-fortnightly-portfolio-as-on-28-feb-2026.xlsx,xlsx,,{},2026-08-21 22:28:00.333201+00:00
f9390ce6-df63-4983-a5f5-06bdeb6a0635,622fe2d0-8b03-4cd2-899f-9f355e9015c4,portfolio_disclosure,,aa29e284-5e02-4951-ae02-ed98535dc61e,2026-02-28,https://www.dspim.com/media/pages/mandatory-disclosures/portfolio-disclosures/15a440a099-1772724988/dsp-isin-debt-fortnightly-portfolio-as-on-28-feb-2026.xlsx,xlsx,,{},2026-08-21 22:28:00.333201+00:00
607619ea-4a15-4b62-9f04-62f93f0172e3,622fe2d0-8b03-4cd2-899f-9f355e9015c4,portfolio_disclosure,,f1c6f3aa-b829-4406-a6f8-03734bf4a16f,2026-02-28,https://www.dspim.com/media/pages/mandatory-disclosures/portfolio-disclosures/15a440a099-1772724988/dsp-isin-debt-fortnightly-portfolio-as-on-28-feb-2026.xlsx,xlsx,,{},2026-08-21 22:28:00.333201+00:00
2bd0a2bb-4b8c-4e17-975e-487bf7c15918,622fe2d0-8b03-4cd2-899f-9f355e9015c4,portfolio_disclosure,,c280dee4-2813-4e8b-8f66-240ebce126ab,2026-02-28,https://www.dspim.com/media/pages/mandatory-disclosures/portfolio-disclosures/15a440a099-1772724988/dsp-isin-debt-fortnightly-portfolio-as-on-28-feb-2026.xlsx,xlsx,,{},2026-08-21 22:28:00.333201+00:00
90b14233-3c5a-4211-b6a8-af1f60bbe305,622fe2d0-8b03-4cd2-899f-9f355e9015c4,portfolio_disclosure,,e3c71b64-92f1-4db4-a6f7-1c0008e69c4c,2026-02-28,https://www.dspim.com/media/pages/mandatory-disclosures/portfolio-disclosures/15a440a099-1772724988/dsp-isin-debt-fortnightly-portfolio-as-on-28-feb-2026.xlsx,xlsx,,{},2026-08-21 22:28:00.333201+00:00
cb07b8d5-833b-4ee7-8afe-56834ba76695,622fe2d0-8b03-4cd2-899f-9f355e9015c4,portfolio_disclosure,,bcdfc686-5907-43dd-8412-1158d4f21d83,2026-02-28,https://www.dspim.com/media/pages/mandatory-disclosures/portfolio-disclosures/15a440a099-1772724988/dsp-isin-debt-fortnightly-portfolio-as-on-28-feb-2026.xlsx,xlsx,,{},2026-08-21 22:28:00.333201+00:00
4ea81142-09d3-466a-8023-26c847a31f9d,622fe2d0-8b03-4cd2-899f-9f355e9015c4,portfolio_disclosure,,bc6afebe-de89-4d43-a319-3a0352ead9be,2026-02-28,https://www.dspim.com/media/pages/mandatory-disclosures/portfolio-disclosures/15a440a099-1772724988/dsp-isin-debt-fortnightly-portfolio-as-on-28-feb-2026.xlsx,xlsx,,{},2026-08-21 22:28:00.333201+00:00
dcf7c9c8-f204-4e6d-828b-fdb0c04ab66c,622fe2d0-8b03-4cd2-899f-9f355e9015c4,portfolio_disclosure,,7acbdaac-6b00-42f0-8aa5-b4ef1d6b484d,2026-02-28,https://www.dspim.com/media/pages/mandatory-disclosures/portfolio-disclosures/15a440a099-1772724988/dsp-isin-debt-fortnightly-portfolio-as-on-28-feb-2026.xlsx,xlsx,,{},2026-08-21 22:28:00.333201+00:00
6e1aa6ba-235b-4dc0-85f8-493c6ffe64e3,622fe2d0-8b03-4cd2-899f-9f355e9015c4,portfolio_disclosure,,75700a69-71bb-4ab4-b736-12846754c6fa,2026-02-28,https://www.dspim.com/media/pages/mandatory-disclosures/portfolio-disclosures/15a440a099-1772724988/dsp-isin-debt-fortnightly-portfolio-as-on-28-feb-2026.xlsx,xlsx,,{},2026-08-21 22:28:00.333201+00:00
eec8ecef-b60d-4ddb-b6fc-472da15f6991,622fe2d0-8b03-4cd2-899f-9f355e9015c4,portfolio_disclosure,,28e08d4a-750c-44a8-b878-507862a40769,2026-02-28,https://www.dspim.com/media/pages/mandatory-disclosures/portfolio-disclosures/15a440a099-1772724988/dsp-isin-debt-fortnightly-portfolio-as-on-28-feb-2026.xlsx,xlsx,,{},2026-08-21 22:28:00.333201+00:00
44787489-cffe-49b9-abc3-cd1cc22b81a1,622fe2d0-8b03-4cd2-899f-9f355e9015c4,portfolio_disclosure,,9f75a983-484e-45e0-9905-bf47dbfc8900,2026-02-28,https://www.dspim.com/media/pages/mandatory-disclosures/portfolio-disclosures/15a440a099-1772724988/dsp-isin-debt-fortnightly-portfolio-as-on-28-feb-2026.xlsx,xlsx,,{},2026-08-21 22:28:00.333201+00:00
a5e63e51-7b42-40cb-aad2-50b405924e37,622fe2d0-8b03-4cd2-899f-9f355e9015c4,portfolio_disclosure,,b3236eec-7dcc-4192-8025-4d413fbde918,2026-02-28,https://www.dspim.com/media/pages/mandatory-disclosures/portfolio-disclosures/15a440a099-1772724988/dsp-isin-debt-fortnightly-portfolio-as-on-28-feb-2026.xlsx,xlsx,,{},2026-08-21 22:28:00.333201+00:00
2e312a6c-1cb8-4ee3-b305-b20f16544d18,622fe2d0-8b03-4cd2-899f-9f355e9015c4,portfolio_disclosure,,e0a672f6-40f3-453f-ab57-9c3633fa4d5a,2026-02-28,https://www.dspim.com/media/pages/mandatory-disclosures/portfolio-disclosures/15a440a099-1772724988/dsp-isin-debt-fortnightly-portfolio-as-on-28-feb-2026.xlsx,xlsx,,{},2026-08-21 22:28:00.333201+00:00
723a0a1f-f8d2-43e1-90c3-b2ad95cd0bf1,622fe2d0-8b03-4cd2-899f-9f355e9015c4,portfolio_disclosure,,f3839e55-9dd9-4e5a-815f-b9125c1200e8,2026-02-28,https://www.dspim.com/media/pages/mandatory-disclosures/portfolio-disclosures/15a440a099-1772724988/dsp-isin-debt-fortnightly-portfolio-as-on-28-feb-2026.xlsx,xlsx,,{},2026-08-21 22:28:00.333201+00:00
5d61dfc4-c6c7-4dea-8dc4-f6ba3a0cca63,622fe2d0-8b03-4cd2-899f-9f355e9015c4,portfolio_disclosure,,6bf4afad-27c9-430a-9ddf-7f738f44369d,2026-02-28,https://www.dspim.com/media/pages/mandatory-disclosures/portfolio-disclosures/15a440a099-1772724988/dsp-isin-debt-fortnightly-portfolio-as-on-28-feb-2026.xlsx,xlsx,,{},2026-08-21 22:28:00.333201+00:00
1266f12f-5602-4dd8-97e9-41f11c2593d6,622fe2d0-8b03-4cd2-899f-9f355e9015c4,portfolio_disclosure,,d3054566-387e-4c09-ae37-8f6734e2b928,2026-02-28,https://www.dspim.com/media/pages/mandatory-disclosures/portfolio-disclosures/15a440a099-1772724988/dsp-isin-debt-fortnightly-portfolio-as-on-28-feb-2026.xlsx,xlsx,,{},2026-08-21 22:28:00.333201+00:00
034fc95e-c68c-408b-a3e8-33dbec3a0ae5,622fe2d0-8b03-4cd2-899f-9f355e9015c4,portfolio_disclosure,,9c2c7293-3cb9-4dde-b834-220990d0fc56,2026-02-28,https://www.dspim.com/media/pages/mandatory-disclosures/portfolio-disclosures/15a440a099-1772724988/dsp-isin-debt-fortnightly-portfolio-as-on-28-feb-2026.xlsx,xlsx,,{},2026-08-21 22:28:00.333201+00:00
42c900dc-7ff0-4677-9fa3-350966a0192f,08b52c38-d7ca-461e-a064-300987c36acb,portfolio_disclosure,,39bd5974-4c82-4457-bfd8-bfead40cd71f,2023-04-30,https://www.dspim.com/media/pages/mandatory-disclosures/portfolio-disclosures/1ae36f138f-1757771553/dsp-isin-debt-portfolio-as-on-30-april-2023.xlsx,xlsx,,{},2026-08-20 22:40:53.662174+00:00
8191f4a3-3f1c-456d-ae02-e2390b334d7a,08b52c38-d7ca-461e-a064-300987c36acb,portfolio_disclosure,,4c0b62ae-5310-4f78-9daf-9dc2c317b347,2023-04-30,https://www.dspim.com/media/pages/mandatory-disclosures/portfolio-disclosures/1ae36f138f-1757771553/dsp-isin-debt-portfolio-as-on-30-april-2023.xlsx,xlsx,,{},2026-08-20 22:40:53.662174+00:00
2fa6db7c-8485-4f99-b1ea-7224b4d74fb1,08b52c38-d7ca-461e-a064-300987c36acb,portfolio_disclosure,,4b79d7b6-ca96-4225-965f-f0e1a7993d18,2023-04-30,https://www.dspim.com/media/pages/mandatory-disclosures/portfolio-disclosures/1ae36f138f-1757771553/dsp-isin-debt-portfolio-as-on-30-april-2023.xlsx,xlsx,,{},2026-08-21 22:28:08.968230+00:00
0f394bd0-4c15-444e-965c-959bcb8ef7f8,08b52c38-d7ca-461e-a064-300987c36acb,portfolio_disclosure,,d7d97876-3f48-4125-a93c-5fadd10b4402,2023-04-30,https://www.dspim.com/media/pages/mandatory-disclosures/portfolio-disclosures/1ae36f138f-1757771553/dsp-isin-debt-portfolio-as-on-30-april-2023.xlsx,xlsx,,{},2026-08-21 22:28:08.968230+00:00
c0748e61-984a-4990-ac3c-71ef2385ce74,08b52c38-d7ca-461e-a064-300987c36acb,portfolio_disclosure,,a5cbc07f-1e64-4817-8efe-bca3d4a64f5c,2023-04-30,https://www.dspim.com/media/pages/mandatory-disclosures/portfolio-disclosures/1ae36f138f-1757771553/dsp-isin-debt-portfolio-as-on-30-april-2023.xlsx,xlsx,,{},2026-08-21 22:28:08.968230+00:00
f5dff842-88fd-440c-837e-8ec86a739254,08b52c38-d7ca-461e-a064-300987c36acb,portfolio_disclosure,,711bb119-31de-44af-bb63-de60d060214f,2023-04-30,https://www.dspim.com/media/pages/mandatory-disclosures/portfolio-disclosures/1ae36f138f-1757771553/dsp-isin-debt-portfolio-as-on-30-april-2023.xlsx,xlsx,,{},2026-08-21 22:28:08.968230+00:00
37fd3c37-aa71-475e-a036-260656068f37,08b52c38-d7ca-461e-a064-300987c36acb,portfolio_disclosure,,aa38dd68-4660-4a1b-b174-fd59e0c778fd,2023-04-30,https://www.dspim.com/media/pages/mandatory-disclosures/portfolio-disclosures/1ae36f138f-1757771553/dsp-isin-debt-portfolio-as-on-30-april-2023.xlsx,xlsx,,{},2026-08-21 22:28:08.968230+00:00
733f857e-739b-4990-a090-df1e792b885f,08b52c38-d7ca-461e-a064-300987c36acb,portfolio_disclosure,,646d8ef3-03fa-43e8-8dec-4f4eb638210c,2023-04-30,https://www.dspim.com/media/pages/mandatory-disclosures/portfolio-disclosures/1ae36f138f-1757771553/dsp-isin-debt-portfolio-as-on-30-april-2023.xlsx,xlsx,,{},2026-08-21 22:28:08.968230+00:00
1077934a-2ea1-46a0-9200-223a4bd654e5,08b52c38-d7ca-461e-a064-300987c36acb,portfolio_disclosure,,d63d2a0d-4ec8-49c9-8151-f219e714445f,2023-04-30,https://www.dspim.com/media/pages/mandatory-disclosures/portfolio-disclosures/1ae36f138f-1757771553/dsp-isin-debt-portfolio-as-on-30-april-2023.xlsx,xlsx,,{},2026-08-21 22:28:08.968230+00:00
d69c102c-ea96-4291-bab6-f11227b04fdb,08b52c38-d7ca-461e-a064-300987c36acb,portfolio_disclosure,,8b8a7181-1a62-463c-9637-38515e3a4973,2023-04-30,https://www.dspim.com/media/pages/mandatory-disclosures/portfolio-disclosures/1ae36f138f-1757771553/dsp-isin-debt-portfolio-as-on-30-april-2023.xlsx,xlsx,,{},2026-08-21 22:28:08.968230+00:00
0b83c501-cff2-4229-aff2-cbe9c7c6f70a,08b52c38-d7ca-461e-a064-300987c36acb,portfolio_disclosure,,aa29e284-5e02-4951-ae02-ed98535dc61e,2023-04-30,https://www.dspim.com/media/pages/mandatory-disclosures/portfolio-disclosures/1ae36f138f-1757771553/dsp-isin-debt-portfolio-as-on-30-april-2023.xlsx,xlsx,,{},2026-08-21 22:28:08.968230+00:00
26ee88fc-4002-463a-84bb-6347aae5b8ae,08b52c38-d7ca-461e-a064-300987c36acb,portfolio_disclosure,,f1c6f3aa-b829-4406-a6f8-03734bf4a16f,2023-04-30,https://www.dspim.com/media/pages/mandatory-disclosures/portfolio-disclosures/1ae36f138f-1757771553/dsp-isin-debt-portfolio-as-on-30-april-2023.xlsx,xlsx,,{},2026-08-21 22:28:08.968230+00:00
cdd6705c-f279-4f02-a1bd-6bd63d26b4c1,08b52c38-d7ca-461e-a064-300987c36acb,portfolio_disclosure,,e3c71b64-92f1-4db4-a6f7-1c0008e69c4c,2023-04-30,https://www.dspim.com/media/pages/mandatory-disclosures/portfolio-disclosures/1ae36f138f-1757771553/dsp-isin-debt-portfolio-as-on-30-april-2023.xlsx,xlsx,,{},2026-08-21 22:28:08.968230+00:00
c8525cf4-e02c-44e1-830f-7c6a2bb5b7ae,08b52c38-d7ca-461e-a064-300987c36acb,portfolio_disclosure,,bc6afebe-de89-4d43-a319-3a0352ead9be,2023-04-30,https://www.dspim.com/media/pages/mandatory-disclosures/portfolio-disclosures/1ae36f138f-1757771553/dsp-isin-debt-portfolio-as-on-30-april-2023.xlsx,xlsx,,{},2026-08-21 22:28:08.968230+00:00
cf52d141-ca0d-4877-b67d-5198a5001578,08b52c38-d7ca-461e-a064-300987c36acb,portfolio_disclosure,,7acbdaac-6b00-42f0-8aa5-b4ef1d6b484d,2023-04-30,https://www.dspim.com/media/pages/mandatory-disclosures/portfolio-disclosures/1ae36f138f-1757771553/dsp-isin-debt-portfolio-as-on-30-april-2023.xlsx,xlsx,,{},2026-08-21 22:28:08.968230+00:00
e485e7dd-574d-446c-ab82-ba64472e3d45,08b52c38-d7ca-461e-a064-300987c36acb,portfolio_disclosure,,75700a69-71bb-4ab4-b736-12846754c6fa,2023-04-30,https://www.dspim.com/media/pages/mandatory-disclosures/portfolio-disclosures/1ae36f138f-1757771553/dsp-isin-debt-portfolio-as-on-30-april-2023.xlsx,xlsx,,{},2026-08-21 22:28:08.968230+00:00
d81b5681-73f1-4f36-88e0-3f863ab0711d,08b52c38-d7ca-461e-a064-300987c36acb,portfolio_disclosure,,a1098ad6-91b7-4f2b-83c4-9adf731d7ed9,2023-04-30,https://www.dspim.com/media/pages/mandatory-disclosures/portfolio-disclosures/1ae36f138f-1757771553/dsp-isin-debt-portfolio-as-on-30-april-2023.xlsx,xlsx,,{},2026-08-21 22:28:08.968230+00:00
f37e36ec-3599-43f9-b51f-1aa53fa12709,08b52c38-d7ca-461e-a064-300987c36acb,portfolio_disclosure,,9f75a983-484e-45e0-9905-bf47dbfc8900,2023-04-30,https://www.dspim.com/media/pages/mandatory-disclosures/portfolio-disclosures/1ae36f138f-1757771553/dsp-isin-debt-portfolio-as-on-30-april-2023.xlsx,xlsx,,{},2026-08-21 22:28:08.968230+00:00
2c13298b-e407-459b-9489-75ee87b22da2,08b52c38-d7ca-461e-a064-300987c36acb,portfolio_disclosure,,f3839e55-9dd9-4e5a-815f-b9125c1200e8,2023-04-30,https://www.dspim.com/media/pages/mandatory-disclosures/portfolio-disclosures/1ae36f138f-1757771553/dsp-isin-debt-portfolio-as-on-30-april-2023.xlsx,xlsx,,{},2026-08-21 22:28:08.968230+00:00
06ac18d4-2fe0-4060-afcd-efd20494a1e8,08b52c38-d7ca-461e-a064-300987c36acb,portfolio_disclosure,,1bd7a4cc-c18b-424e-82ee-462d6ec6a1c1,2023-04-30,https://www.dspim.com/media/pages/mandatory-disclosures/portfolio-disclosures/1ae36f138f-1757771553/dsp-isin-debt-portfolio-as-on-30-april-2023.xlsx,xlsx,,{},2026-08-21 22:28:08.968230+00:00
393b5f65-95d9-4849-b637-e1c3a24a388a,08b52c38-d7ca-461e-a064-300987c36acb,portfolio_disclosure,,6bf4afad-27c9-430a-9ddf-7f738f44369d,2023-04-30,https://www.dspim.com/media/pages/mandatory-disclosures/portfolio-disclosures/1ae36f138f-1757771553/dsp-isin-debt-portfolio-as-on-30-april-2023.xlsx,xlsx,,{},2026-08-21 22:28:08.968230+00:00
4b367f2c-5ee5-4361-8dd6-330ca3ea559b,08b52c38-d7ca-461e-a064-300987c36acb,portfolio_disclosure,,d3054566-387e-4c09-ae37-8f6734e2b928,2023-04-30,https://www.dspim.com/media/pages/mandatory-disclosures/portfolio-disclosures/1ae36f138f-1757771553/dsp-isin-debt-portfolio-as-on-30-april-2023.xlsx,xlsx,,{},2026-08-21 22:28:08.968230+00:00
1fe709bd-25ce-4988-981f-dab2e1a9aff6,08b52c38-d7ca-461e-a064-300987c36acb,portfolio_disclosure,,9c2c7293-3cb9-4dde-b834-220990d0fc56,2023-04-30,https://www.dspim.com/media/pages/mandatory-disclosures/portfolio-disclosures/1ae36f138f-1757771553/dsp-isin-debt-portfolio-as-on-30-april-2023.xlsx,xlsx,,{},2026-08-21 22:28:08.968230+00:00
f69e0137-86dc-46a3-af90-0ced3c8d0ef7,a9578ad1-a9e2-4113-8407-5509e2ad177f,portfolio_disclosure,,7c027c26-6406-492a-8aa1-28af5e9bc686,2026-08-15,https://www.miraeassetmf.co.in/docs/default-source/portfolios/912ibxfs_15082026.xlsx,xlsx,,{},2026-08-20 18:51:05.152537+00:00
89675da5-c9a8-4699-b94e-488c736a691b,e777f5ba-54a9-4446-b4e0-aab26b7c9b8f,portfolio_disclosure,,c1da856a-7871-4864-9918-ee3b626cbb54,2026-08-15,https://www.invescomutualfund.com/docs/default-source/fortnightly-holdings/gilt-fund4e3ffe07eee8616aaa28ff00007d74af.xlsx?sfvrsn=59d79fc2_0,xlsx,,{},2026-08-21 22:28:53.041732+00:00
a877c7da-e355-47dd-824b-14172e668859,ddb2c688-9eb6-4ee5-a379-e44b43e1bc0e,portfolio_disclosure,,8f67829a-a1b9-4290-bcdd-efb203c8a738,2026-08-15,https://www.invescomutualfund.com/docs/default-source/fortnightly-holdings/nifty-g-sec-jul-20279f3efe07eee8616aaa28ff00007d74af.xlsx?sfvrsn=88d69fc2_0,xlsx,,{},2026-08-21 22:28:53.715151+00:00
edf9caae-57b2-4b3f-b03a-12fb932e2431,7df829a7-ad8a-4ab8-a655-61857dc468f1,portfolio_disclosure,,984577b3-7d64-4a0d-8736-ebfcb559ea1c,2026-08-22,https://www.licmf.com/assets/downloads/portfolio/fortnightly/2024/3/LDMNMF21-03-2024-23:07:41.xlsx,xlsx,,{},2026-08-21 22:33:37.901944+00:00
70201a7d-342b-4089-bcb7-31386d20b61c,a44a0055-2883-492a-87bf-7b3ee9acb727,portfolio_disclosure,,9a9e24b1-1f5a-44a2-9a30-3bf8a6b94482,2026-08-22,https://www.licmf.com/assets/downloads/portfolio/fortnightly/2022/2/LDUSTF17-02-2022-18:43:13.xlsx,xlsx,,{},2026-08-21 22:33:38.313576+00:00
526fc020-1f53-42c0-8418-5f8e31914380,14376547-6142-443f-8fd3-543200c19e38,portfolio_disclosure,,16c7eb6a-a1d2-4f79-a2ce-10921ccb25a3,2026-04-15,https://amc.ppfas.com/downloads/portfolio-disclosure/fortnightly-debt-portfolio-disclosure/2026/PPCHF_Fortnightly_Portfolio_Report_15-april-2026.xlsx?18042026,xlsx,,{},2026-08-21 22:42:29.767594+00:00
64089015-c3ba-436a-a422-a43e037c1c21,bc59e801-1fd9-412f-92e9-f1eab778e135,portfolio_disclosure,,ee13d7f6-4cad-4600-8287-25c0facb176d,2022-12-15,https://amc.ppfas.com/downloads/portfolio-disclosure/fortnightly-debt-portfolio-disclosure/2022/PPLF_Fortnightly_Portfolio_Report_15-dec-2022.xlsx?19122022,xlsx,,{},2026-08-21 22:42:30.968931+00:00
016d5bb8-dd74-4f6b-9dcf-1ebb80fa723d,858aa53f-f320-479a-87c1-f6dde51df2bc,portfolio_disclosure,,39bd5974-4c82-4457-bfd8-bfead40cd71f,2024-11-15,https://www.dspim.com/media/pages/mandatory-disclosures/portfolio-disclosures/95652093fc-1757771552/dsp-debt-fortnightly-portfolio-as-on-15-nov-2024.xlsx,xlsx,,{},2026-08-21 22:42:32.142347+00:00
c6606988-ec73-4d00-9f1b-3954ae2a75f5,858aa53f-f320-479a-87c1-f6dde51df2bc,portfolio_disclosure,,4c0b62ae-5310-4f78-9daf-9dc2c317b347,2024-11-15,https://www.dspim.com/media/pages/mandatory-disclosures/portfolio-disclosures/95652093fc-1757771552/dsp-debt-fortnightly-portfolio-as-on-15-nov-2024.xlsx,xlsx,,{},2026-08-21 22:42:32.142347+00:00
2c41b39f-d9eb-4f98-9aaf-e91404fefbec,858aa53f-f320-479a-87c1-f6dde51df2bc,portfolio_disclosure,,4b79d7b6-ca96-4225-965f-f0e1a7993d18,2024-11-15,https://www.dspim.com/media/pages/mandatory-disclosures/portfolio-disclosures/95652093fc-1757771552/dsp-debt-fortnightly-portfolio-as-on-15-nov-2024.xlsx,xlsx,,{},2026-08-21 22:42:32.142347+00:00
63e32fd9-da75-4987-96f0-d2a7ae2d97fa,858aa53f-f320-479a-87c1-f6dde51df2bc,portfolio_disclosure,,d7d97876-3f48-4125-a93c-5fadd10b4402,2024-11-15,https://www.dspim.com/media/pages/mandatory-disclosures/portfolio-disclosures/95652093fc-1757771552/dsp-debt-fortnightly-portfolio-as-on-15-nov-2024.xlsx,xlsx,,{},2026-08-21 22:42:32.142347+00:00
36dd962e-5a87-4cfa-825d-4cec1f46074c,858aa53f-f320-479a-87c1-f6dde51df2bc,portfolio_disclosure,,a5cbc07f-1e64-4817-8efe-bca3d4a64f5c,2024-11-15,https://www.dspim.com/media/pages/mandatory-disclosures/portfolio-disclosures/95652093fc-1757771552/dsp-debt-fortnightly-portfolio-as-on-15-nov-2024.xlsx,xlsx,,{},2026-08-21 22:42:32.142347+00:00
50908582-d4da-449f-94c6-e67b8593d58d,858aa53f-f320-479a-87c1-f6dde51df2bc,portfolio_disclosure,,711bb119-31de-44af-bb63-de60d060214f,2024-11-15,https://www.dspim.com/media/pages/mandatory-disclosures/portfolio-disclosures/95652093fc-1757771552/dsp-debt-fortnightly-portfolio-as-on-15-nov-2024.xlsx,xlsx,,{},2026-08-21 22:42:32.142347+00:00
6d3d296e-c188-4f0c-8b0f-cc65e3d5cbca,858aa53f-f320-479a-87c1-f6dde51df2bc,portfolio_disclosure,,aa38dd68-4660-4a1b-b174-fd59e0c778fd,2024-11-15,https://www.dspim.com/media/pages/mandatory-disclosures/portfolio-disclosures/95652093fc-1757771552/dsp-debt-fortnightly-portfolio-as-on-15-nov-2024.xlsx,xlsx,,{},2026-08-21 22:42:32.142347+00:00
8b963009-467f-456a-b9b8-3a2f888799a3,858aa53f-f320-479a-87c1-f6dde51df2bc,portfolio_disclosure,,1de88c3b-aa99-4154-b02c-c4f9360aca01,2024-11-15,https://www.dspim.com/media/pages/mandatory-disclosures/portfolio-disclosures/95652093fc-1757771552/dsp-debt-fortnightly-portfolio-as-on-15-nov-2024.xlsx,xlsx,,{},2026-08-21 22:42:32.142347+00:00
57905004-0c0a-4c6f-b89d-2968d9238bfe,858aa53f-f320-479a-87c1-f6dde51df2bc,portfolio_disclosure,,d63d2a0d-4ec8-49c9-8151-f219e714445f,2024-11-15,https://www.dspim.com/media/pages/mandatory-disclosures/portfolio-disclosures/95652093fc-1757771552/dsp-debt-fortnightly-portfolio-as-on-15-nov-2024.xlsx,xlsx,,{},2026-08-21 22:42:32.142347+00:00
ba265d25-5cfe-4d9d-b45e-b872124d122f,858aa53f-f320-479a-87c1-f6dde51df2bc,portfolio_disclosure,,8b8a7181-1a62-463c-9637-38515e3a4973,2024-11-15,https://www.dspim.com/media/pages/mandatory-disclosures/portfolio-disclosures/95652093fc-1757771552/dsp-debt-fortnightly-portfolio-as-on-15-nov-2024.xlsx,xlsx,,{},2026-08-21 22:42:32.142347+00:00
8fdcd1c0-b163-46c3-bb1a-9514ace385ec,858aa53f-f320-479a-87c1-f6dde51df2bc,portfolio_disclosure,,aa29e284-5e02-4951-ae02-ed98535dc61e,2024-11-15,https://www.dspim.com/media/pages/mandatory-disclosures/portfolio-disclosures/95652093fc-1757771552/dsp-debt-fortnightly-portfolio-as-on-15-nov-2024.xlsx,xlsx,,{},2026-08-21 22:42:32.142347+00:00
959d1e91-bc94-40c1-9fb9-27c476e1a5d1,858aa53f-f320-479a-87c1-f6dde51df2bc,portfolio_disclosure,,f1c6f3aa-b829-4406-a6f8-03734bf4a16f,2024-11-15,https://www.dspim.com/media/pages/mandatory-disclosures/portfolio-disclosures/95652093fc-1757771552/dsp-debt-fortnightly-portfolio-as-on-15-nov-2024.xlsx,xlsx,,{},2026-08-21 22:42:32.142347+00:00
032f2dec-1c6c-4671-b535-f152cb94e1e6,858aa53f-f320-479a-87c1-f6dde51df2bc,portfolio_disclosure,,e3c71b64-92f1-4db4-a6f7-1c0008e69c4c,2024-11-15,https://www.dspim.com/media/pages/mandatory-disclosures/portfolio-disclosures/95652093fc-1757771552/dsp-debt-fortnightly-portfolio-as-on-15-nov-2024.xlsx,xlsx,,{},2026-08-21 22:42:32.142347+00:00
3b1e2398-1412-4424-9844-2ccfd17838b1,858aa53f-f320-479a-87c1-f6dde51df2bc,portfolio_disclosure,,bcdfc686-5907-43dd-8412-1158d4f21d83,2024-11-15,https://www.dspim.com/media/pages/mandatory-disclosures/portfolio-disclosures/95652093fc-1757771552/dsp-debt-fortnightly-portfolio-as-on-15-nov-2024.xlsx,xlsx,,{},2026-08-21 22:42:32.142347+00:00
d016a6b6-c96f-4415-9069-f3005c2a9a3b,858aa53f-f320-479a-87c1-f6dde51df2bc,portfolio_disclosure,,bc6afebe-de89-4d43-a319-3a0352ead9be,2024-11-15,https://www.dspim.com/media/pages/mandatory-disclosures/portfolio-disclosures/95652093fc-1757771552/dsp-debt-fortnightly-portfolio-as-on-15-nov-2024.xlsx,xlsx,,{},2026-08-21 22:42:32.142347+00:00
8c3ba94e-9b57-4660-a402-10f78e62e72f,32c238c2-74d0-4de8-93f8-9e5d1414d9d3,portfolio_disclosure,,fb0a8711-6c29-4de0-a1ff-3bc3c484facc,2025-09-19,https://mutualfund.adityabirlacapital.com/-/media/bsl/files/resources/portfolio/portfolio-as-of--19-sep-2025-bfs.zip,xlsx,,{},2026-08-21 22:47:24.159087+00:00
b002890c-556a-4b2e-9c93-b23ff93887c4,858aa53f-f320-479a-87c1-f6dde51df2bc,portfolio_disclosure,,7acbdaac-6b00-42f0-8aa5-b4ef1d6b484d,2024-11-15,https://www.dspim.com/media/pages/mandatory-disclosures/portfolio-disclosures/95652093fc-1757771552/dsp-debt-fortnightly-portfolio-as-on-15-nov-2024.xlsx,xlsx,,{},2026-08-21 22:42:32.142347+00:00
9020dc5a-832c-45d0-ab55-59d08127f1ae,858aa53f-f320-479a-87c1-f6dde51df2bc,portfolio_disclosure,,75700a69-71bb-4ab4-b736-12846754c6fa,2024-11-15,https://www.dspim.com/media/pages/mandatory-disclosures/portfolio-disclosures/95652093fc-1757771552/dsp-debt-fortnightly-portfolio-as-on-15-nov-2024.xlsx,xlsx,,{},2026-08-21 22:42:32.142347+00:00
0db2face-a9c9-45ed-807b-c35b803423d6,858aa53f-f320-479a-87c1-f6dde51df2bc,portfolio_disclosure,,a1098ad6-91b7-4f2b-83c4-9adf731d7ed9,2024-11-15,https://www.dspim.com/media/pages/mandatory-disclosures/portfolio-disclosures/95652093fc-1757771552/dsp-debt-fortnightly-portfolio-as-on-15-nov-2024.xlsx,xlsx,,{},2026-08-21 22:42:32.142347+00:00
4ec3c2b3-8d39-4a38-b470-fa72deaeb588,858aa53f-f320-479a-87c1-f6dde51df2bc,portfolio_disclosure,,9f75a983-484e-45e0-9905-bf47dbfc8900,2024-11-15,https://www.dspim.com/media/pages/mandatory-disclosures/portfolio-disclosures/95652093fc-1757771552/dsp-debt-fortnightly-portfolio-as-on-15-nov-2024.xlsx,xlsx,,{},2026-08-21 22:42:32.142347+00:00
6a284ea4-7ac9-435c-9151-83fd0a3b160a,858aa53f-f320-479a-87c1-f6dde51df2bc,portfolio_disclosure,,b3236eec-7dcc-4192-8025-4d413fbde918,2024-11-15,https://www.dspim.com/media/pages/mandatory-disclosures/portfolio-disclosures/95652093fc-1757771552/dsp-debt-fortnightly-portfolio-as-on-15-nov-2024.xlsx,xlsx,,{},2026-08-21 22:42:32.142347+00:00
c2088cff-57e6-484e-8622-4936dc7e4284,858aa53f-f320-479a-87c1-f6dde51df2bc,portfolio_disclosure,,e89a10e7-e991-45b2-8131-f5a40f497090,2024-11-15,https://www.dspim.com/media/pages/mandatory-disclosures/portfolio-disclosures/95652093fc-1757771552/dsp-debt-fortnightly-portfolio-as-on-15-nov-2024.xlsx,xlsx,,{},2026-08-21 22:42:32.142347+00:00
3b165ccb-19b6-4e77-baec-032a0745bc6a,858aa53f-f320-479a-87c1-f6dde51df2bc,portfolio_disclosure,,f3839e55-9dd9-4e5a-815f-b9125c1200e8,2024-11-15,https://www.dspim.com/media/pages/mandatory-disclosures/portfolio-disclosures/95652093fc-1757771552/dsp-debt-fortnightly-portfolio-as-on-15-nov-2024.xlsx,xlsx,,{},2026-08-21 22:42:32.142347+00:00
ed2b1efe-725e-43fe-8ff1-3ffbf24bdaf8,858aa53f-f320-479a-87c1-f6dde51df2bc,portfolio_disclosure,,6bf4afad-27c9-430a-9ddf-7f738f44369d,2024-11-15,https://www.dspim.com/media/pages/mandatory-disclosures/portfolio-disclosures/95652093fc-1757771552/dsp-debt-fortnightly-portfolio-as-on-15-nov-2024.xlsx,xlsx,,{},2026-08-21 22:42:32.142347+00:00
09868969-5dd2-4e96-ab29-7aae5ef69616,858aa53f-f320-479a-87c1-f6dde51df2bc,portfolio_disclosure,,d3054566-387e-4c09-ae37-8f6734e2b928,2024-11-15,https://www.dspim.com/media/pages/mandatory-disclosures/portfolio-disclosures/95652093fc-1757771552/dsp-debt-fortnightly-portfolio-as-on-15-nov-2024.xlsx,xlsx,,{},2026-08-21 22:42:32.142347+00:00
ce87ce21-2bfb-4935-b7d0-f326abf2f2a6,858aa53f-f320-479a-87c1-f6dde51df2bc,portfolio_disclosure,,9c2c7293-3cb9-4dde-b834-220990d0fc56,2024-11-15,https://www.dspim.com/media/pages/mandatory-disclosures/portfolio-disclosures/95652093fc-1757771552/dsp-debt-fortnightly-portfolio-as-on-15-nov-2024.xlsx,xlsx,,{},2026-08-21 22:42:32.142347+00:00
16db8b07-3448-4076-8129-5fe60b01cd5c,352d9ea4-ea8a-4106-9b8b-c862277ba453,portfolio_disclosure,,16ed25a3-94ea-4e50-824d-8f6feed1f92e,2023-07-31,https://www.dspim.com/media/pages/mandatory-disclosures/portfolio-disclosures/da3464b42a-1757771557/monthend-portfolio-july-31st-2023.zip,xlsx,,{},2026-08-21 22:42:38.563884+00:00
5062e85c-d9c5-4039-b2cb-7e0a1c7afe54,352d9ea4-ea8a-4106-9b8b-c862277ba453,portfolio_disclosure,,66c60a1e-0f64-4bf0-afca-f3408fd59dcc,2023-07-31,https://www.dspim.com/media/pages/mandatory-disclosures/portfolio-disclosures/da3464b42a-1757771557/monthend-portfolio-july-31st-2023.zip,xlsx,,{},2026-08-21 22:42:38.563884+00:00
c4f20afe-4440-4b24-9eec-3f8ff35b7b8c,5cd0c1bc-00af-4785-836b-056242cf9302,portfolio_disclosure,,39bd5974-4c82-4457-bfd8-bfead40cd71f,2026-08-15,https://www.dspim.com/media/pages/mandatory-disclosures/portfolio-disclosures/415e8731e8-1787239919/dsp-isin-debt-fortnightly-portfolio-as-on-15-aug-2026.xlsx,xlsx,,{},2026-08-21 22:42:56.887115+00:00
8884f047-ab3b-43d2-a5c8-7e361d8abac3,5cd0c1bc-00af-4785-836b-056242cf9302,portfolio_disclosure,,4c0b62ae-5310-4f78-9daf-9dc2c317b347,2026-08-15,https://www.dspim.com/media/pages/mandatory-disclosures/portfolio-disclosures/415e8731e8-1787239919/dsp-isin-debt-fortnightly-portfolio-as-on-15-aug-2026.xlsx,xlsx,,{},2026-08-21 22:42:56.887115+00:00
05ee7152-cb68-4809-a9f9-f18d5939cd4a,5cd0c1bc-00af-4785-836b-056242cf9302,portfolio_disclosure,,4b79d7b6-ca96-4225-965f-f0e1a7993d18,2026-08-15,https://www.dspim.com/media/pages/mandatory-disclosures/portfolio-disclosures/415e8731e8-1787239919/dsp-isin-debt-fortnightly-portfolio-as-on-15-aug-2026.xlsx,xlsx,,{},2026-08-21 22:42:56.887115+00:00
8b545f68-b695-468b-9cd9-4a0273bc96d6,5cd0c1bc-00af-4785-836b-056242cf9302,portfolio_disclosure,,d7d97876-3f48-4125-a93c-5fadd10b4402,2026-08-15,https://www.dspim.com/media/pages/mandatory-disclosures/portfolio-disclosures/415e8731e8-1787239919/dsp-isin-debt-fortnightly-portfolio-as-on-15-aug-2026.xlsx,xlsx,,{},2026-08-21 22:42:56.887115+00:00
ed335cda-eb57-4612-a9ff-79662b3d498c,5cd0c1bc-00af-4785-836b-056242cf9302,portfolio_disclosure,,a5cbc07f-1e64-4817-8efe-bca3d4a64f5c,2026-08-15,https://www.dspim.com/media/pages/mandatory-disclosures/portfolio-disclosures/415e8731e8-1787239919/dsp-isin-debt-fortnightly-portfolio-as-on-15-aug-2026.xlsx,xlsx,,{},2026-08-21 22:42:56.887115+00:00
d8bc1073-b044-4cce-82c9-1ace53c415e6,5cd0c1bc-00af-4785-836b-056242cf9302,portfolio_disclosure,,711bb119-31de-44af-bb63-de60d060214f,2026-08-15,https://www.dspim.com/media/pages/mandatory-disclosures/portfolio-disclosures/415e8731e8-1787239919/dsp-isin-debt-fortnightly-portfolio-as-on-15-aug-2026.xlsx,xlsx,,{},2026-08-21 22:42:56.887115+00:00
a3edc154-1123-44bd-a926-49deffd0285a,5cd0c1bc-00af-4785-836b-056242cf9302,portfolio_disclosure,,aa38dd68-4660-4a1b-b174-fd59e0c778fd,2026-08-15,https://www.dspim.com/media/pages/mandatory-disclosures/portfolio-disclosures/415e8731e8-1787239919/dsp-isin-debt-fortnightly-portfolio-as-on-15-aug-2026.xlsx,xlsx,,{},2026-08-21 22:42:56.887115+00:00
cbda3ad5-d53e-415e-be2c-092519797ce8,5cd0c1bc-00af-4785-836b-056242cf9302,portfolio_disclosure,,1de88c3b-aa99-4154-b02c-c4f9360aca01,2026-08-15,https://www.dspim.com/media/pages/mandatory-disclosures/portfolio-disclosures/415e8731e8-1787239919/dsp-isin-debt-fortnightly-portfolio-as-on-15-aug-2026.xlsx,xlsx,,{},2026-08-21 22:42:56.887115+00:00
38622b5c-e2ed-4a8e-ab74-381344841cf1,5cd0c1bc-00af-4785-836b-056242cf9302,portfolio_disclosure,,d63d2a0d-4ec8-49c9-8151-f219e714445f,2026-08-15,https://www.dspim.com/media/pages/mandatory-disclosures/portfolio-disclosures/415e8731e8-1787239919/dsp-isin-debt-fortnightly-portfolio-as-on-15-aug-2026.xlsx,xlsx,,{},2026-08-21 22:42:56.887115+00:00
9ef43d0e-fdad-4b6e-be91-34fad253c512,5cd0c1bc-00af-4785-836b-056242cf9302,portfolio_disclosure,,8b8a7181-1a62-463c-9637-38515e3a4973,2026-08-15,https://www.dspim.com/media/pages/mandatory-disclosures/portfolio-disclosures/415e8731e8-1787239919/dsp-isin-debt-fortnightly-portfolio-as-on-15-aug-2026.xlsx,xlsx,,{},2026-08-21 22:42:56.887115+00:00
782eea80-509e-4f40-9471-03c0ad1fa405,5cd0c1bc-00af-4785-836b-056242cf9302,portfolio_disclosure,,aa29e284-5e02-4951-ae02-ed98535dc61e,2026-08-15,https://www.dspim.com/media/pages/mandatory-disclosures/portfolio-disclosures/415e8731e8-1787239919/dsp-isin-debt-fortnightly-portfolio-as-on-15-aug-2026.xlsx,xlsx,,{},2026-08-21 22:42:56.887115+00:00
0848feab-df69-4b6c-9f6c-0e644287c73a,5cd0c1bc-00af-4785-836b-056242cf9302,portfolio_disclosure,,f1c6f3aa-b829-4406-a6f8-03734bf4a16f,2026-08-15,https://www.dspim.com/media/pages/mandatory-disclosures/portfolio-disclosures/415e8731e8-1787239919/dsp-isin-debt-fortnightly-portfolio-as-on-15-aug-2026.xlsx,xlsx,,{},2026-08-21 22:42:56.887115+00:00
cc4a9f03-4699-4b09-8616-9250823579d0,5cd0c1bc-00af-4785-836b-056242cf9302,portfolio_disclosure,,c280dee4-2813-4e8b-8f66-240ebce126ab,2026-08-15,https://www.dspim.com/media/pages/mandatory-disclosures/portfolio-disclosures/415e8731e8-1787239919/dsp-isin-debt-fortnightly-portfolio-as-on-15-aug-2026.xlsx,xlsx,,{},2026-08-21 22:42:56.887115+00:00
6b2521ee-b5a7-4105-a4d1-f8412902c2c6,5cd0c1bc-00af-4785-836b-056242cf9302,portfolio_disclosure,,e3c71b64-92f1-4db4-a6f7-1c0008e69c4c,2026-08-15,https://www.dspim.com/media/pages/mandatory-disclosures/portfolio-disclosures/415e8731e8-1787239919/dsp-isin-debt-fortnightly-portfolio-as-on-15-aug-2026.xlsx,xlsx,,{},2026-08-21 22:42:56.887115+00:00
5c92450a-b1bb-4be1-b1ed-85c312b0b99d,5cd0c1bc-00af-4785-836b-056242cf9302,portfolio_disclosure,,bcdfc686-5907-43dd-8412-1158d4f21d83,2026-08-15,https://www.dspim.com/media/pages/mandatory-disclosures/portfolio-disclosures/415e8731e8-1787239919/dsp-isin-debt-fortnightly-portfolio-as-on-15-aug-2026.xlsx,xlsx,,{},2026-08-21 22:42:56.887115+00:00
f5f06b01-9671-409b-b61b-76b8e4e6bb30,5cd0c1bc-00af-4785-836b-056242cf9302,portfolio_disclosure,,bc6afebe-de89-4d43-a319-3a0352ead9be,2026-08-15,https://www.dspim.com/media/pages/mandatory-disclosures/portfolio-disclosures/415e8731e8-1787239919/dsp-isin-debt-fortnightly-portfolio-as-on-15-aug-2026.xlsx,xlsx,,{},2026-08-21 22:42:56.887115+00:00
d9222c66-2607-42db-b2bb-99c7072a80bc,5cd0c1bc-00af-4785-836b-056242cf9302,portfolio_disclosure,,7acbdaac-6b00-42f0-8aa5-b4ef1d6b484d,2026-08-15,https://www.dspim.com/media/pages/mandatory-disclosures/portfolio-disclosures/415e8731e8-1787239919/dsp-isin-debt-fortnightly-portfolio-as-on-15-aug-2026.xlsx,xlsx,,{},2026-08-21 22:42:56.887115+00:00
a851ee6b-20cd-4c86-bf60-433e7f11c310,5cd0c1bc-00af-4785-836b-056242cf9302,portfolio_disclosure,,75700a69-71bb-4ab4-b736-12846754c6fa,2026-08-15,https://www.dspim.com/media/pages/mandatory-disclosures/portfolio-disclosures/415e8731e8-1787239919/dsp-isin-debt-fortnightly-portfolio-as-on-15-aug-2026.xlsx,xlsx,,{},2026-08-21 22:42:56.887115+00:00
dc3f64a7-8e04-4457-a9f6-8b3981becda4,5cd0c1bc-00af-4785-836b-056242cf9302,portfolio_disclosure,,28e08d4a-750c-44a8-b878-507862a40769,2026-08-15,https://www.dspim.com/media/pages/mandatory-disclosures/portfolio-disclosures/415e8731e8-1787239919/dsp-isin-debt-fortnightly-portfolio-as-on-15-aug-2026.xlsx,xlsx,,{},2026-08-21 22:42:56.887115+00:00
ff91a80a-0319-4d49-8ad6-7fbe49c3b05e,5cd0c1bc-00af-4785-836b-056242cf9302,portfolio_disclosure,,9f75a983-484e-45e0-9905-bf47dbfc8900,2026-08-15,https://www.dspim.com/media/pages/mandatory-disclosures/portfolio-disclosures/415e8731e8-1787239919/dsp-isin-debt-fortnightly-portfolio-as-on-15-aug-2026.xlsx,xlsx,,{},2026-08-21 22:42:56.887115+00:00
1c773ecf-ede9-4887-a426-0c6efa6165e4,5cd0c1bc-00af-4785-836b-056242cf9302,portfolio_disclosure,,b3236eec-7dcc-4192-8025-4d413fbde918,2026-08-15,https://www.dspim.com/media/pages/mandatory-disclosures/portfolio-disclosures/415e8731e8-1787239919/dsp-isin-debt-fortnightly-portfolio-as-on-15-aug-2026.xlsx,xlsx,,{},2026-08-21 22:42:56.887115+00:00
99887595-c025-4e42-8aeb-ce467fba403a,5cd0c1bc-00af-4785-836b-056242cf9302,portfolio_disclosure,,e0a672f6-40f3-453f-ab57-9c3633fa4d5a,2026-08-15,https://www.dspim.com/media/pages/mandatory-disclosures/portfolio-disclosures/415e8731e8-1787239919/dsp-isin-debt-fortnightly-portfolio-as-on-15-aug-2026.xlsx,xlsx,,{},2026-08-21 22:42:56.887115+00:00
49ff5c88-e088-457d-a483-9cd0dc5fbd77,5cd0c1bc-00af-4785-836b-056242cf9302,portfolio_disclosure,,b4573201-be4d-4208-9c5a-d8089b003311,2026-08-15,https://www.dspim.com/media/pages/mandatory-disclosures/portfolio-disclosures/415e8731e8-1787239919/dsp-isin-debt-fortnightly-portfolio-as-on-15-aug-2026.xlsx,xlsx,,{},2026-08-21 22:42:56.887115+00:00
ad191086-a472-4aed-b32d-5838f733e508,5cd0c1bc-00af-4785-836b-056242cf9302,portfolio_disclosure,,3cc817bf-95b7-4b5d-8149-31cb6ab4c711,2026-08-15,https://www.dspim.com/media/pages/mandatory-disclosures/portfolio-disclosures/415e8731e8-1787239919/dsp-isin-debt-fortnightly-portfolio-as-on-15-aug-2026.xlsx,xlsx,,{},2026-08-21 22:42:56.887115+00:00
148c27d3-b159-4034-bc51-42e3f2db9c98,5cd0c1bc-00af-4785-836b-056242cf9302,portfolio_disclosure,,9c2c7293-3cb9-4dde-b834-220990d0fc56,2026-08-15,https://www.dspim.com/media/pages/mandatory-disclosures/portfolio-disclosures/415e8731e8-1787239919/dsp-isin-debt-fortnightly-portfolio-as-on-15-aug-2026.xlsx,xlsx,,{},2026-08-21 22:42:56.887115+00:00
beca24b4-957e-4a14-96cb-9ce1a666d38c,5cd0c1bc-00af-4785-836b-056242cf9302,portfolio_disclosure,,419dc130-d4b3-4e6c-8e63-2f0083fcfa84,2026-08-15,https://www.dspim.com/media/pages/mandatory-disclosures/portfolio-disclosures/415e8731e8-1787239919/dsp-isin-debt-fortnightly-portfolio-as-on-15-aug-2026.xlsx,xlsx,,{},2026-08-21 22:42:56.887115+00:00
fed4e7c0-312e-4d90-9e54-a8a5de9879eb,1aa3b833-1e74-4e42-8d39-51b0eb2cf66d,portfolio_disclosure,,e915ea7a-9d17-4202-8af5-1af30c0db33b,2022-01-16,https://mutualfund.adityabirlacapital.com/-/media/bsl/files/resources/portfolio/portfolio-as-of-16-january-2022-debt.zip,xlsx,,{},2026-08-21 22:47:26.374169+00:00
2f155dd5-9803-4a78-9ebc-c767378ad6fa,1aa3b833-1e74-4e42-8d39-51b0eb2cf66d,portfolio_disclosure,,4e6f7d54-1b55-44a0-b9e9-1b0e3247dff3,2022-01-16,https://mutualfund.adityabirlacapital.com/-/media/bsl/files/resources/portfolio/portfolio-as-of-16-january-2022-debt.zip,xlsx,,{},2026-08-21 22:47:26.374169+00:00
247796e0-2334-4a11-8fe3-6a64fbab74cd,1aa3b833-1e74-4e42-8d39-51b0eb2cf66d,portfolio_disclosure,,12849918-c67f-4345-8bf8-290eacf8a7d2,2022-01-16,https://mutualfund.adityabirlacapital.com/-/media/bsl/files/resources/portfolio/portfolio-as-of-16-january-2022-debt.zip,xlsx,,{},2026-08-21 22:47:26.374169+00:00
db600755-167a-4799-b82b-243f3e4e2317,1aa3b833-1e74-4e42-8d39-51b0eb2cf66d,portfolio_disclosure,,fb0a8711-6c29-4de0-a1ff-3bc3c484facc,2022-01-16,https://mutualfund.adityabirlacapital.com/-/media/bsl/files/resources/portfolio/portfolio-as-of-16-january-2022-debt.zip,xlsx,,{},2026-08-21 22:47:26.374169+00:00
f844cbb2-29ca-444c-b0e2-77190a7310ca,1aa3b833-1e74-4e42-8d39-51b0eb2cf66d,portfolio_disclosure,,4dcef8d6-64f4-47fa-a84a-f07641eb32d5,2022-01-16,https://mutualfund.adityabirlacapital.com/-/media/bsl/files/resources/portfolio/portfolio-as-of-16-january-2022-debt.zip,xlsx,,{},2026-08-21 22:47:26.374169+00:00
c46dbe06-5ab6-42a5-a10d-62008b555e0d,1aa3b833-1e74-4e42-8d39-51b0eb2cf66d,portfolio_disclosure,,07b95131-04cb-4999-88ae-fa505fc5638c,2022-01-16,https://mutualfund.adityabirlacapital.com/-/media/bsl/files/resources/portfolio/portfolio-as-of-16-january-2022-debt.zip,xlsx,,{},2026-08-21 22:47:26.374169+00:00
730fdecc-808b-4410-bd21-435efb1841aa,1aa3b833-1e74-4e42-8d39-51b0eb2cf66d,portfolio_disclosure,,96b0cb2f-f920-4841-98e1-7a3b8711a525,2022-01-16,https://mutualfund.adityabirlacapital.com/-/media/bsl/files/resources/portfolio/portfolio-as-of-16-january-2022-debt.zip,xlsx,,{},2026-08-21 22:47:26.374169+00:00
1fa7e163-e279-4add-8e8d-534bbfda7ea5,1aa3b833-1e74-4e42-8d39-51b0eb2cf66d,portfolio_disclosure,,8d0575fc-07bc-4f96-b226-e812f020aca4,2022-01-16,https://mutualfund.adityabirlacapital.com/-/media/bsl/files/resources/portfolio/portfolio-as-of-16-january-2022-debt.zip,xlsx,,{},2026-08-21 22:47:26.374169+00:00
f8788344-2bae-4dd0-9498-9bf3f59253a4,1aa3b833-1e74-4e42-8d39-51b0eb2cf66d,portfolio_disclosure,,c25f5a3a-d980-48b5-8893-bea3b60ab023,2022-01-16,https://mutualfund.adityabirlacapital.com/-/media/bsl/files/resources/portfolio/portfolio-as-of-16-january-2022-debt.zip,xlsx,,{},2026-08-21 22:47:26.374169+00:00
5b8d69e7-6ecb-47b7-aa40-f9880eb92610,1aa3b833-1e74-4e42-8d39-51b0eb2cf66d,portfolio_disclosure,,38529db5-2963-43ff-a598-7442078e8ae4,2022-01-16,https://mutualfund.adityabirlacapital.com/-/media/bsl/files/resources/portfolio/portfolio-as-of-16-january-2022-debt.zip,xlsx,,{},2026-08-21 22:47:26.374169+00:00
a079446a-7b04-4387-a618-976f5c1b40bb,1aa3b833-1e74-4e42-8d39-51b0eb2cf66d,portfolio_disclosure,,bbc5e475-5d50-45be-b81e-7f3c276a92d5,2022-01-16,https://mutualfund.adityabirlacapital.com/-/media/bsl/files/resources/portfolio/portfolio-as-of-16-january-2022-debt.zip,xlsx,,{},2026-08-21 22:47:26.374169+00:00
d9545aa5-ab90-4da0-8667-b5a4d773b29f,d71504a4-8a9b-4364-ba04-76a5e60a0bec,portfolio_disclosure,,4e6f7d54-1b55-44a0-b9e9-1b0e3247dff3,2023-12-28,https://mutualfund.adityabirlacapital.com/-/media/bsl/files/resources/portfolio/portfolio-as-of-28-dec-2023-debt.zip,xlsx,,{},2026-08-21 22:47:41.212308+00:00
dde16228-9e95-4a6f-8451-8694b8d9137b,d71504a4-8a9b-4364-ba04-76a5e60a0bec,portfolio_disclosure,,fb0a8711-6c29-4de0-a1ff-3bc3c484facc,2023-12-28,https://mutualfund.adityabirlacapital.com/-/media/bsl/files/resources/portfolio/portfolio-as-of-28-dec-2023-debt.zip,xlsx,,{},2026-08-21 22:47:41.212308+00:00
86da7b57-5be4-4ef5-92f4-bb25884d676d,d71504a4-8a9b-4364-ba04-76a5e60a0bec,portfolio_disclosure,,4dcef8d6-64f4-47fa-a84a-f07641eb32d5,2023-12-28,https://mutualfund.adityabirlacapital.com/-/media/bsl/files/resources/portfolio/portfolio-as-of-28-dec-2023-debt.zip,xlsx,,{},2026-08-21 22:47:41.212308+00:00
4b18354b-45ab-4048-be98-647d6c3f0964,d71504a4-8a9b-4364-ba04-76a5e60a0bec,portfolio_disclosure,,8d0575fc-07bc-4f96-b226-e812f020aca4,2023-12-28,https://mutualfund.adityabirlacapital.com/-/media/bsl/files/resources/portfolio/portfolio-as-of-28-dec-2023-debt.zip,xlsx,,{},2026-08-21 22:47:41.212308+00:00
7a4aec35-64c0-49a8-87bf-dfece495b3c7,30c5b724-9c0c-47e2-b617-1a45594e869b,portfolio_disclosure,,16c7eb6a-a1d2-4f79-a2ce-10921ccb25a3,2024-05-31,https://amc.ppfas.com/downloads/portfolio-disclosure/fortnightly-debt-portfolio-disclosure/2024/PPCHF_Fortnightly_Portfolio_Report_31-may-2024.xlsx?05062024,xlsx,,{},2026-08-21 22:47:50.398051+00:00
95d5bb51-f031-47ca-b2bd-922677320caa,c4985735-19e1-4b2e-b7ab-95e0de9ce1ee,portfolio_disclosure,,39bd5974-4c82-4457-bfd8-bfead40cd71f,2021-07-15,https://www.dspim.com/media/pages/mandatory-disclosures/portfolio-disclosures/b5b7270081-1757771552/dsp-debt-isin-portfolio-15th-july-2021.xlsx,xlsx,,{},2026-08-21 22:47:52.294394+00:00
1e05c566-84a5-436d-8d9b-e4211f201cc0,c4985735-19e1-4b2e-b7ab-95e0de9ce1ee,portfolio_disclosure,,4c0b62ae-5310-4f78-9daf-9dc2c317b347,2021-07-15,https://www.dspim.com/media/pages/mandatory-disclosures/portfolio-disclosures/b5b7270081-1757771552/dsp-debt-isin-portfolio-15th-july-2021.xlsx,xlsx,,{},2026-08-21 22:47:52.294394+00:00
1c11215c-55a2-4010-9069-10cdc8ee1464,c4985735-19e1-4b2e-b7ab-95e0de9ce1ee,portfolio_disclosure,,4b79d7b6-ca96-4225-965f-f0e1a7993d18,2021-07-15,https://www.dspim.com/media/pages/mandatory-disclosures/portfolio-disclosures/b5b7270081-1757771552/dsp-debt-isin-portfolio-15th-july-2021.xlsx,xlsx,,{},2026-08-21 22:47:52.294394+00:00
95a3c697-5f99-49f6-b757-74d2f7e37fde,c4985735-19e1-4b2e-b7ab-95e0de9ce1ee,portfolio_disclosure,,d7d97876-3f48-4125-a93c-5fadd10b4402,2021-07-15,https://www.dspim.com/media/pages/mandatory-disclosures/portfolio-disclosures/b5b7270081-1757771552/dsp-debt-isin-portfolio-15th-july-2021.xlsx,xlsx,,{},2026-08-21 22:47:52.294394+00:00
d610cb82-e66d-410c-bd5e-e166fd8d6cad,c4985735-19e1-4b2e-b7ab-95e0de9ce1ee,portfolio_disclosure,,a5cbc07f-1e64-4817-8efe-bca3d4a64f5c,2021-07-15,https://www.dspim.com/media/pages/mandatory-disclosures/portfolio-disclosures/b5b7270081-1757771552/dsp-debt-isin-portfolio-15th-july-2021.xlsx,xlsx,,{},2026-08-21 22:47:52.294394+00:00
b4895549-5bba-4fee-bb26-8f15e4a5bd56,c4985735-19e1-4b2e-b7ab-95e0de9ce1ee,portfolio_disclosure,,711bb119-31de-44af-bb63-de60d060214f,2021-07-15,https://www.dspim.com/media/pages/mandatory-disclosures/portfolio-disclosures/b5b7270081-1757771552/dsp-debt-isin-portfolio-15th-july-2021.xlsx,xlsx,,{},2026-08-21 22:47:52.294394+00:00
2f3afccd-5c44-4b9c-8558-87494ade7909,c4985735-19e1-4b2e-b7ab-95e0de9ce1ee,portfolio_disclosure,,aa38dd68-4660-4a1b-b174-fd59e0c778fd,2021-07-15,https://www.dspim.com/media/pages/mandatory-disclosures/portfolio-disclosures/b5b7270081-1757771552/dsp-debt-isin-portfolio-15th-july-2021.xlsx,xlsx,,{},2026-08-21 22:47:52.294394+00:00
487c78f1-c5b1-44db-af9a-124de2fad6d5,c4985735-19e1-4b2e-b7ab-95e0de9ce1ee,portfolio_disclosure,,646d8ef3-03fa-43e8-8dec-4f4eb638210c,2021-07-15,https://www.dspim.com/media/pages/mandatory-disclosures/portfolio-disclosures/b5b7270081-1757771552/dsp-debt-isin-portfolio-15th-july-2021.xlsx,xlsx,,{},2026-08-21 22:47:52.294394+00:00
e4fa6496-031f-4da0-b22b-13a6d2ed930b,c4985735-19e1-4b2e-b7ab-95e0de9ce1ee,portfolio_disclosure,,d63d2a0d-4ec8-49c9-8151-f219e714445f,2021-07-15,https://www.dspim.com/media/pages/mandatory-disclosures/portfolio-disclosures/b5b7270081-1757771552/dsp-debt-isin-portfolio-15th-july-2021.xlsx,xlsx,,{},2026-08-21 22:47:52.294394+00:00
c482cef3-1656-4720-8f7b-5a744656b1ad,c4985735-19e1-4b2e-b7ab-95e0de9ce1ee,portfolio_disclosure,,8b8a7181-1a62-463c-9637-38515e3a4973,2021-07-15,https://www.dspim.com/media/pages/mandatory-disclosures/portfolio-disclosures/b5b7270081-1757771552/dsp-debt-isin-portfolio-15th-july-2021.xlsx,xlsx,,{},2026-08-21 22:47:52.294394+00:00
cd1345e4-1ede-446a-a81b-d1f70d8337cf,c4985735-19e1-4b2e-b7ab-95e0de9ce1ee,portfolio_disclosure,,aa29e284-5e02-4951-ae02-ed98535dc61e,2021-07-15,https://www.dspim.com/media/pages/mandatory-disclosures/portfolio-disclosures/b5b7270081-1757771552/dsp-debt-isin-portfolio-15th-july-2021.xlsx,xlsx,,{},2026-08-21 22:47:52.294394+00:00
5681a8ae-eae5-423d-ad6e-7b178a63b521,c4985735-19e1-4b2e-b7ab-95e0de9ce1ee,portfolio_disclosure,,81fe35a5-74ea-4bf9-8e50-d1961c83f0b2,2021-07-15,https://www.dspim.com/media/pages/mandatory-disclosures/portfolio-disclosures/b5b7270081-1757771552/dsp-debt-isin-portfolio-15th-july-2021.xlsx,xlsx,,{},2026-08-21 22:47:52.294394+00:00
a1bad78a-c5f6-4036-a33a-5de4e223d559,c4985735-19e1-4b2e-b7ab-95e0de9ce1ee,portfolio_disclosure,,e3c71b64-92f1-4db4-a6f7-1c0008e69c4c,2021-07-15,https://www.dspim.com/media/pages/mandatory-disclosures/portfolio-disclosures/b5b7270081-1757771552/dsp-debt-isin-portfolio-15th-july-2021.xlsx,xlsx,,{},2026-08-21 22:47:52.294394+00:00
ea5a9fa3-41af-4f2e-8671-2a6a0d1d4bea,c4985735-19e1-4b2e-b7ab-95e0de9ce1ee,portfolio_disclosure,,bc6afebe-de89-4d43-a319-3a0352ead9be,2021-07-15,https://www.dspim.com/media/pages/mandatory-disclosures/portfolio-disclosures/b5b7270081-1757771552/dsp-debt-isin-portfolio-15th-july-2021.xlsx,xlsx,,{},2026-08-21 22:47:52.294394+00:00
f43f7357-2d40-4e86-9306-3a944b46d1d3,c4985735-19e1-4b2e-b7ab-95e0de9ce1ee,portfolio_disclosure,,7acbdaac-6b00-42f0-8aa5-b4ef1d6b484d,2021-07-15,https://www.dspim.com/media/pages/mandatory-disclosures/portfolio-disclosures/b5b7270081-1757771552/dsp-debt-isin-portfolio-15th-july-2021.xlsx,xlsx,,{},2026-08-21 22:47:52.294394+00:00
f8683b6f-a062-4f8e-b0a3-33293f6411b7,c4985735-19e1-4b2e-b7ab-95e0de9ce1ee,portfolio_disclosure,,b1f4d9a6-c095-4c09-b573-a69cead5f76d,2021-07-15,https://www.dspim.com/media/pages/mandatory-disclosures/portfolio-disclosures/b5b7270081-1757771552/dsp-debt-isin-portfolio-15th-july-2021.xlsx,xlsx,,{},2026-08-21 22:47:52.294394+00:00
cb55a609-3cc9-44f9-9c00-16de77832734,c4985735-19e1-4b2e-b7ab-95e0de9ce1ee,portfolio_disclosure,,b162ae66-4ebc-411d-86fc-d7e0e731ff05,2021-07-15,https://www.dspim.com/media/pages/mandatory-disclosures/portfolio-disclosures/b5b7270081-1757771552/dsp-debt-isin-portfolio-15th-july-2021.xlsx,xlsx,,{},2026-08-21 22:47:52.294394+00:00
6d58bb1f-ff97-4a7e-a45e-a4295baab7a0,c4985735-19e1-4b2e-b7ab-95e0de9ce1ee,portfolio_disclosure,,e3529857-1678-4db3-bd32-18f6a1ac969f,2021-07-15,https://www.dspim.com/media/pages/mandatory-disclosures/portfolio-disclosures/b5b7270081-1757771552/dsp-debt-isin-portfolio-15th-july-2021.xlsx,xlsx,,{},2026-08-21 22:47:52.294394+00:00
8599343d-0fdd-4a06-8904-501d8fc8dd47,c4985735-19e1-4b2e-b7ab-95e0de9ce1ee,portfolio_disclosure,,bdc02903-2a2a-4fa2-a861-74bc2b9b67f8,2021-07-15,https://www.dspim.com/media/pages/mandatory-disclosures/portfolio-disclosures/b5b7270081-1757771552/dsp-debt-isin-portfolio-15th-july-2021.xlsx,xlsx,,{},2026-08-21 22:47:52.294394+00:00
ae490df0-72db-491d-964f-11acce7015e8,c4985735-19e1-4b2e-b7ab-95e0de9ce1ee,portfolio_disclosure,,a7588323-9c4d-4b3f-b322-3cb18d14e321,2021-07-15,https://www.dspim.com/media/pages/mandatory-disclosures/portfolio-disclosures/b5b7270081-1757771552/dsp-debt-isin-portfolio-15th-july-2021.xlsx,xlsx,,{},2026-08-21 22:47:52.294394+00:00
1e76fbf5-a899-4db0-ad29-5c3a09f403f5,c4985735-19e1-4b2e-b7ab-95e0de9ce1ee,portfolio_disclosure,,c0fea4ad-278c-47c5-ab04-4a941609d77f,2021-07-15,https://www.dspim.com/media/pages/mandatory-disclosures/portfolio-disclosures/b5b7270081-1757771552/dsp-debt-isin-portfolio-15th-july-2021.xlsx,xlsx,,{},2026-08-21 22:47:52.294394+00:00
4a992088-d1c3-4046-9064-98f60b8da8a7,c4985735-19e1-4b2e-b7ab-95e0de9ce1ee,portfolio_disclosure,,800fef46-b889-4318-8385-f128e5aab07d,2021-07-15,https://www.dspim.com/media/pages/mandatory-disclosures/portfolio-disclosures/b5b7270081-1757771552/dsp-debt-isin-portfolio-15th-july-2021.xlsx,xlsx,,{},2026-08-21 22:47:52.294394+00:00
0b51f0fd-0c57-4655-8495-2695b319a057,c4985735-19e1-4b2e-b7ab-95e0de9ce1ee,portfolio_disclosure,,b92e8310-5c68-4a29-b91b-27893200ffd2,2021-07-15,https://www.dspim.com/media/pages/mandatory-disclosures/portfolio-disclosures/b5b7270081-1757771552/dsp-debt-isin-portfolio-15th-july-2021.xlsx,xlsx,,{},2026-08-21 22:47:52.294394+00:00
0e4c327f-02c7-4a11-aa89-e55cb6e75209,c4985735-19e1-4b2e-b7ab-95e0de9ce1ee,portfolio_disclosure,,a18722cc-6b48-43fe-9c48-3d037bf493bf,2021-07-15,https://www.dspim.com/media/pages/mandatory-disclosures/portfolio-disclosures/b5b7270081-1757771552/dsp-debt-isin-portfolio-15th-july-2021.xlsx,xlsx,,{},2026-08-21 22:47:52.294394+00:00
ef33e629-77de-4638-ba63-cb4f0e93ffe0,021f18ed-13a3-4234-a923-c3461b11c541,portfolio_disclosure,,39bd5974-4c82-4457-bfd8-bfead40cd71f,2024-08-31,https://www.dspim.com/media/pages/mandatory-disclosures/portfolio-disclosures/025552f476-1757771553/dsp-isin-debt-portfolio-as-on-31-aug-2024.xlsx,xlsx,,{},2026-08-21 22:47:56.841927+00:00
c169aa26-7129-4ba9-aa37-c580b4db1126,021f18ed-13a3-4234-a923-c3461b11c541,portfolio_disclosure,,4c0b62ae-5310-4f78-9daf-9dc2c317b347,2024-08-31,https://www.dspim.com/media/pages/mandatory-disclosures/portfolio-disclosures/025552f476-1757771553/dsp-isin-debt-portfolio-as-on-31-aug-2024.xlsx,xlsx,,{},2026-08-21 22:47:56.841927+00:00
c34d868e-9c8c-44e2-abb6-20c271346879,021f18ed-13a3-4234-a923-c3461b11c541,portfolio_disclosure,,4b79d7b6-ca96-4225-965f-f0e1a7993d18,2024-08-31,https://www.dspim.com/media/pages/mandatory-disclosures/portfolio-disclosures/025552f476-1757771553/dsp-isin-debt-portfolio-as-on-31-aug-2024.xlsx,xlsx,,{},2026-08-21 22:47:56.841927+00:00
d0d5a5ec-d487-4094-9908-13d184fe910d,021f18ed-13a3-4234-a923-c3461b11c541,portfolio_disclosure,,d7d97876-3f48-4125-a93c-5fadd10b4402,2024-08-31,https://www.dspim.com/media/pages/mandatory-disclosures/portfolio-disclosures/025552f476-1757771553/dsp-isin-debt-portfolio-as-on-31-aug-2024.xlsx,xlsx,,{},2026-08-21 22:47:56.841927+00:00
c45739e9-216d-4745-8439-a8b17ec46ae9,021f18ed-13a3-4234-a923-c3461b11c541,portfolio_disclosure,,711bb119-31de-44af-bb63-de60d060214f,2024-08-31,https://www.dspim.com/media/pages/mandatory-disclosures/portfolio-disclosures/025552f476-1757771553/dsp-isin-debt-portfolio-as-on-31-aug-2024.xlsx,xlsx,,{},2026-08-21 22:47:56.841927+00:00
f709ae71-89e3-453b-b4bc-e75d488c3b9d,021f18ed-13a3-4234-a923-c3461b11c541,portfolio_disclosure,,a5cbc07f-1e64-4817-8efe-bca3d4a64f5c,2024-08-31,https://www.dspim.com/media/pages/mandatory-disclosures/portfolio-disclosures/025552f476-1757771553/dsp-isin-debt-portfolio-as-on-31-aug-2024.xlsx,xlsx,,{},2026-08-21 22:47:56.841927+00:00
08e2b1f0-fdeb-463d-bbed-6bdd444fd3fd,021f18ed-13a3-4234-a923-c3461b11c541,portfolio_disclosure,,aa38dd68-4660-4a1b-b174-fd59e0c778fd,2024-08-31,https://www.dspim.com/media/pages/mandatory-disclosures/portfolio-disclosures/025552f476-1757771553/dsp-isin-debt-portfolio-as-on-31-aug-2024.xlsx,xlsx,,{},2026-08-21 22:47:56.841927+00:00
a3b3c0f7-0dd5-4086-8608-a0fd9ab41258,021f18ed-13a3-4234-a923-c3461b11c541,portfolio_disclosure,,1de88c3b-aa99-4154-b02c-c4f9360aca01,2024-08-31,https://www.dspim.com/media/pages/mandatory-disclosures/portfolio-disclosures/025552f476-1757771553/dsp-isin-debt-portfolio-as-on-31-aug-2024.xlsx,xlsx,,{},2026-08-21 22:47:56.841927+00:00
839e6d3e-cc58-4913-a746-70e1649b372b,021f18ed-13a3-4234-a923-c3461b11c541,portfolio_disclosure,,d63d2a0d-4ec8-49c9-8151-f219e714445f,2024-08-31,https://www.dspim.com/media/pages/mandatory-disclosures/portfolio-disclosures/025552f476-1757771553/dsp-isin-debt-portfolio-as-on-31-aug-2024.xlsx,xlsx,,{},2026-08-21 22:47:56.841927+00:00
b9cbdd84-17ae-4b35-b6c8-c18406ce0154,021f18ed-13a3-4234-a923-c3461b11c541,portfolio_disclosure,,8b8a7181-1a62-463c-9637-38515e3a4973,2024-08-31,https://www.dspim.com/media/pages/mandatory-disclosures/portfolio-disclosures/025552f476-1757771553/dsp-isin-debt-portfolio-as-on-31-aug-2024.xlsx,xlsx,,{},2026-08-21 22:47:56.841927+00:00
f3ab533b-e95b-46b2-9d9b-756380ad0381,021f18ed-13a3-4234-a923-c3461b11c541,portfolio_disclosure,,aa29e284-5e02-4951-ae02-ed98535dc61e,2024-08-31,https://www.dspim.com/media/pages/mandatory-disclosures/portfolio-disclosures/025552f476-1757771553/dsp-isin-debt-portfolio-as-on-31-aug-2024.xlsx,xlsx,,{},2026-08-21 22:47:56.841927+00:00
e047ec56-9a2f-426b-8b68-1039f073f7d6,021f18ed-13a3-4234-a923-c3461b11c541,portfolio_disclosure,,f1c6f3aa-b829-4406-a6f8-03734bf4a16f,2024-08-31,https://www.dspim.com/media/pages/mandatory-disclosures/portfolio-disclosures/025552f476-1757771553/dsp-isin-debt-portfolio-as-on-31-aug-2024.xlsx,xlsx,,{},2026-08-21 22:47:56.841927+00:00
3c45d045-c9ae-457f-b1ec-f44ebd72181c,021f18ed-13a3-4234-a923-c3461b11c541,portfolio_disclosure,,e3c71b64-92f1-4db4-a6f7-1c0008e69c4c,2024-08-31,https://www.dspim.com/media/pages/mandatory-disclosures/portfolio-disclosures/025552f476-1757771553/dsp-isin-debt-portfolio-as-on-31-aug-2024.xlsx,xlsx,,{},2026-08-21 22:47:56.841927+00:00
6321daed-b975-4bbd-8971-105a634c7142,021f18ed-13a3-4234-a923-c3461b11c541,portfolio_disclosure,,bcdfc686-5907-43dd-8412-1158d4f21d83,2024-08-31,https://www.dspim.com/media/pages/mandatory-disclosures/portfolio-disclosures/025552f476-1757771553/dsp-isin-debt-portfolio-as-on-31-aug-2024.xlsx,xlsx,,{},2026-08-21 22:47:56.841927+00:00
f0be20f6-f2e7-40d9-8498-85d59f740350,021f18ed-13a3-4234-a923-c3461b11c541,portfolio_disclosure,,bc6afebe-de89-4d43-a319-3a0352ead9be,2024-08-31,https://www.dspim.com/media/pages/mandatory-disclosures/portfolio-disclosures/025552f476-1757771553/dsp-isin-debt-portfolio-as-on-31-aug-2024.xlsx,xlsx,,{},2026-08-21 22:47:56.841927+00:00
699e7bc8-953a-4e6a-b823-f389596c61c2,021f18ed-13a3-4234-a923-c3461b11c541,portfolio_disclosure,,7acbdaac-6b00-42f0-8aa5-b4ef1d6b484d,2024-08-31,https://www.dspim.com/media/pages/mandatory-disclosures/portfolio-disclosures/025552f476-1757771553/dsp-isin-debt-portfolio-as-on-31-aug-2024.xlsx,xlsx,,{},2026-08-21 22:47:56.841927+00:00
c1208142-4dda-45b0-aa39-219145055b5c,021f18ed-13a3-4234-a923-c3461b11c541,portfolio_disclosure,,75700a69-71bb-4ab4-b736-12846754c6fa,2024-08-31,https://www.dspim.com/media/pages/mandatory-disclosures/portfolio-disclosures/025552f476-1757771553/dsp-isin-debt-portfolio-as-on-31-aug-2024.xlsx,xlsx,,{},2026-08-21 22:47:56.841927+00:00
b6c25f92-da16-4a43-9960-fcafbccf2056,021f18ed-13a3-4234-a923-c3461b11c541,portfolio_disclosure,,a1098ad6-91b7-4f2b-83c4-9adf731d7ed9,2024-08-31,https://www.dspim.com/media/pages/mandatory-disclosures/portfolio-disclosures/025552f476-1757771553/dsp-isin-debt-portfolio-as-on-31-aug-2024.xlsx,xlsx,,{},2026-08-21 22:47:56.841927+00:00
e8ea46d8-d073-4349-9712-81d6f94267f4,021f18ed-13a3-4234-a923-c3461b11c541,portfolio_disclosure,,9f75a983-484e-45e0-9905-bf47dbfc8900,2024-08-31,https://www.dspim.com/media/pages/mandatory-disclosures/portfolio-disclosures/025552f476-1757771553/dsp-isin-debt-portfolio-as-on-31-aug-2024.xlsx,xlsx,,{},2026-08-21 22:47:56.841927+00:00
1e94182d-7fa7-462d-b0ef-ee6eba3d9d6f,021f18ed-13a3-4234-a923-c3461b11c541,portfolio_disclosure,,b3236eec-7dcc-4192-8025-4d413fbde918,2024-08-31,https://www.dspim.com/media/pages/mandatory-disclosures/portfolio-disclosures/025552f476-1757771553/dsp-isin-debt-portfolio-as-on-31-aug-2024.xlsx,xlsx,,{},2026-08-21 22:47:56.841927+00:00
a303ec8b-6a19-4d93-a00f-804699ab92e0,021f18ed-13a3-4234-a923-c3461b11c541,portfolio_disclosure,,e89a10e7-e991-45b2-8131-f5a40f497090,2024-08-31,https://www.dspim.com/media/pages/mandatory-disclosures/portfolio-disclosures/025552f476-1757771553/dsp-isin-debt-portfolio-as-on-31-aug-2024.xlsx,xlsx,,{},2026-08-21 22:47:56.841927+00:00
685dfbd0-11f8-42b9-a80e-a5e33bd7dfe2,021f18ed-13a3-4234-a923-c3461b11c541,portfolio_disclosure,,f3839e55-9dd9-4e5a-815f-b9125c1200e8,2024-08-31,https://www.dspim.com/media/pages/mandatory-disclosures/portfolio-disclosures/025552f476-1757771553/dsp-isin-debt-portfolio-as-on-31-aug-2024.xlsx,xlsx,,{},2026-08-21 22:47:56.841927+00:00
794c2fa9-e417-41af-92b5-f46684ee5d89,021f18ed-13a3-4234-a923-c3461b11c541,portfolio_disclosure,,6bf4afad-27c9-430a-9ddf-7f738f44369d,2024-08-31,https://www.dspim.com/media/pages/mandatory-disclosures/portfolio-disclosures/025552f476-1757771553/dsp-isin-debt-portfolio-as-on-31-aug-2024.xlsx,xlsx,,{},2026-08-21 22:47:56.841927+00:00
ff710e46-fcd1-4f9b-a2d6-a683c7b68a3f,021f18ed-13a3-4234-a923-c3461b11c541,portfolio_disclosure,,d3054566-387e-4c09-ae37-8f6734e2b928,2024-08-31,https://www.dspim.com/media/pages/mandatory-disclosures/portfolio-disclosures/025552f476-1757771553/dsp-isin-debt-portfolio-as-on-31-aug-2024.xlsx,xlsx,,{},2026-08-21 22:47:56.841927+00:00
3cb75ed2-b6c8-4243-9ed6-f8fcf2b07f24,021f18ed-13a3-4234-a923-c3461b11c541,portfolio_disclosure,,9c2c7293-3cb9-4dde-b834-220990d0fc56,2024-08-31,https://www.dspim.com/media/pages/mandatory-disclosures/portfolio-disclosures/025552f476-1757771553/dsp-isin-debt-portfolio-as-on-31-aug-2024.xlsx,xlsx,,{},2026-08-21 22:47:56.841927+00:00
aa265ae6-0da2-47d2-8518-131204549dd7,b50a44f1-4dfb-4d03-a198-9cfb5f12580a,portfolio_disclosure,,4fa1b311-069c-4bff-baa4-2d88d925bf5c,2024-06-30,https://www.dspim.com/media/pages/mandatory-disclosures/portfolio-disclosures/901b3e3f5a-1757771557/monthend-portfolio-june-2024.zip,xlsx,,{},2026-08-21 22:48:03.398021+00:00
d26ab22b-51ca-4290-8746-2d0a4c26d31f,b50a44f1-4dfb-4d03-a198-9cfb5f12580a,portfolio_disclosure,,abd21d60-e764-4f4d-a5a9-7b99ebee1db6,2024-06-30,https://www.dspim.com/media/pages/mandatory-disclosures/portfolio-disclosures/901b3e3f5a-1757771557/monthend-portfolio-june-2024.zip,xlsx,,{},2026-08-21 22:48:03.398021+00:00
8f37efaa-b0ee-4e5f-b96f-eccdf197a5ad,b50a44f1-4dfb-4d03-a198-9cfb5f12580a,portfolio_disclosure,,5732a20b-f6f6-490b-a69d-9d089195e49d,2024-06-30,https://www.dspim.com/media/pages/mandatory-disclosures/portfolio-disclosures/901b3e3f5a-1757771557/monthend-portfolio-june-2024.zip,xlsx,,{},2026-08-21 22:48:03.398021+00:00
c29933a0-70d9-4c8e-ad70-6dc16ff7f4e4,b50a44f1-4dfb-4d03-a198-9cfb5f12580a,portfolio_disclosure,,ff97060e-9f7d-4154-914e-84641c11a18c,2024-06-30,https://www.dspim.com/media/pages/mandatory-disclosures/portfolio-disclosures/901b3e3f5a-1757771557/monthend-portfolio-june-2024.zip,xlsx,,{},2026-08-21 22:48:03.398021+00:00
4e08b84b-e418-4f4b-ba70-dd27a0eb70f0,b50a44f1-4dfb-4d03-a198-9cfb5f12580a,portfolio_disclosure,,fa98b089-a7aa-4492-8cdd-d1880be63f74,2024-06-30,https://www.dspim.com/media/pages/mandatory-disclosures/portfolio-disclosures/901b3e3f5a-1757771557/monthend-portfolio-june-2024.zip,xlsx,,{},2026-08-21 22:48:03.398021+00:00
71c459c0-baf9-4066-85fe-969cce2ad1f9,b50a44f1-4dfb-4d03-a198-9cfb5f12580a,portfolio_disclosure,,7426e851-301f-46e3-b013-068c8a8d5fc1,2024-06-30,https://www.dspim.com/media/pages/mandatory-disclosures/portfolio-disclosures/901b3e3f5a-1757771557/monthend-portfolio-june-2024.zip,xlsx,,{},2026-08-21 22:48:03.398021+00:00
c90981da-b73e-4cb6-b3f7-4f1e51ce0b67,b50a44f1-4dfb-4d03-a198-9cfb5f12580a,portfolio_disclosure,,4f50c057-3d51-40c9-be8f-fdbcc7eed536,2024-06-30,https://www.dspim.com/media/pages/mandatory-disclosures/portfolio-disclosures/901b3e3f5a-1757771557/monthend-portfolio-june-2024.zip,xlsx,,{},2026-08-21 22:48:03.398021+00:00
d91851ba-5b04-477e-adb3-d7452172cf27,b50a44f1-4dfb-4d03-a198-9cfb5f12580a,portfolio_disclosure,,5aa50d40-bc27-436e-9b1f-e0dd0a684fbb,2024-06-30,https://www.dspim.com/media/pages/mandatory-disclosures/portfolio-disclosures/901b3e3f5a-1757771557/monthend-portfolio-june-2024.zip,xlsx,,{},2026-08-21 22:48:03.398021+00:00
9cc3a7b5-be9f-46d3-b82e-0cf2200104c4,b50a44f1-4dfb-4d03-a198-9cfb5f12580a,portfolio_disclosure,,9769137d-e527-4992-b781-4e7f411ae8f1,2024-06-30,https://www.dspim.com/media/pages/mandatory-disclosures/portfolio-disclosures/901b3e3f5a-1757771557/monthend-portfolio-june-2024.zip,xlsx,,{},2026-08-21 22:48:03.398021+00:00
bc16fa56-d0ce-4058-9425-f1ddb4674d57,b50a44f1-4dfb-4d03-a198-9cfb5f12580a,portfolio_disclosure,,468d1988-2cd7-484a-99dc-a4d3d076125a,2024-06-30,https://www.dspim.com/media/pages/mandatory-disclosures/portfolio-disclosures/901b3e3f5a-1757771557/monthend-portfolio-june-2024.zip,xlsx,,{},2026-08-21 22:48:03.398021+00:00
09125dc9-cfee-4af7-8a58-1bedf9ca6ba4,b50a44f1-4dfb-4d03-a198-9cfb5f12580a,portfolio_disclosure,,ed4c515b-a4fa-4f01-8590-f76f9605250b,2024-06-30,https://www.dspim.com/media/pages/mandatory-disclosures/portfolio-disclosures/901b3e3f5a-1757771557/monthend-portfolio-june-2024.zip,xlsx,,{},2026-08-21 22:48:03.398021+00:00
8e2a08c5-55d6-4a49-b21f-7473608a6231,b50a44f1-4dfb-4d03-a198-9cfb5f12580a,portfolio_disclosure,,c9e1bf08-0e20-4bcd-959f-ed3e1e1d5e25,2024-06-30,https://www.dspim.com/media/pages/mandatory-disclosures/portfolio-disclosures/901b3e3f5a-1757771557/monthend-portfolio-june-2024.zip,xlsx,,{},2026-08-21 22:48:03.398021+00:00
7b007051-5fd2-42c4-97bc-4f51fe195e0c,b50a44f1-4dfb-4d03-a198-9cfb5f12580a,portfolio_disclosure,,a0850d95-31f9-4efb-b55b-0df8be5f36a6,2024-06-30,https://www.dspim.com/media/pages/mandatory-disclosures/portfolio-disclosures/901b3e3f5a-1757771557/monthend-portfolio-june-2024.zip,xlsx,,{},2026-08-21 22:48:03.398021+00:00
f29c9ca9-cf0f-4ca0-a5c8-76e5b233b0d8,b50a44f1-4dfb-4d03-a198-9cfb5f12580a,portfolio_disclosure,,3dfbf6cb-1f72-4d65-8c90-614b137c0c3c,2024-06-30,https://www.dspim.com/media/pages/mandatory-disclosures/portfolio-disclosures/901b3e3f5a-1757771557/monthend-portfolio-june-2024.zip,xlsx,,{},2026-08-21 22:48:03.398021+00:00
577f3f8e-0fb8-4481-b05e-861192b74943,b50a44f1-4dfb-4d03-a198-9cfb5f12580a,portfolio_disclosure,,b2e22523-b75d-4bab-b93b-5246c8e21b77,2024-06-30,https://www.dspim.com/media/pages/mandatory-disclosures/portfolio-disclosures/901b3e3f5a-1757771557/monthend-portfolio-june-2024.zip,xlsx,,{},2026-08-21 22:48:03.398021+00:00
ace6a37a-d974-4813-b1a0-acff2606b7e0,b50a44f1-4dfb-4d03-a198-9cfb5f12580a,portfolio_disclosure,,7778369f-7546-4de3-b144-149f65f71194,2024-06-30,https://www.dspim.com/media/pages/mandatory-disclosures/portfolio-disclosures/901b3e3f5a-1757771557/monthend-portfolio-june-2024.zip,xlsx,,{},2026-08-21 22:48:03.398021+00:00
3ab72bc9-83bf-4384-96a2-8767dc9a659d,b50a44f1-4dfb-4d03-a198-9cfb5f12580a,portfolio_disclosure,,5a3e5766-5570-4c2b-8718-31236eafa43a,2024-06-30,https://www.dspim.com/media/pages/mandatory-disclosures/portfolio-disclosures/901b3e3f5a-1757771557/monthend-portfolio-june-2024.zip,xlsx,,{},2026-08-21 22:48:03.398021+00:00
3040ad5a-9ae6-461b-a7ec-a4458cd082dc,b50a44f1-4dfb-4d03-a198-9cfb5f12580a,portfolio_disclosure,,eccc93bd-59b4-4593-b351-fd06321c0255,2024-06-30,https://www.dspim.com/media/pages/mandatory-disclosures/portfolio-disclosures/901b3e3f5a-1757771557/monthend-portfolio-june-2024.zip,xlsx,,{},2026-08-21 22:48:03.398021+00:00
e92a8b20-b3c9-46eb-b0fe-2ba6828481c9,b50a44f1-4dfb-4d03-a198-9cfb5f12580a,portfolio_disclosure,,23b7b409-3bf3-43a4-9fc7-6f669191e049,2024-06-30,https://www.dspim.com/media/pages/mandatory-disclosures/portfolio-disclosures/901b3e3f5a-1757771557/monthend-portfolio-june-2024.zip,xlsx,,{},2026-08-21 22:48:03.398021+00:00
704d4874-7247-4744-8c58-87915a0bfec1,b50a44f1-4dfb-4d03-a198-9cfb5f12580a,portfolio_disclosure,,1a13cc0b-13f6-4ccf-8b4c-d30f8b5e1a21,2024-06-30,https://www.dspim.com/media/pages/mandatory-disclosures/portfolio-disclosures/901b3e3f5a-1757771557/monthend-portfolio-june-2024.zip,xlsx,,{},2026-08-21 22:48:03.398021+00:00
281d18b3-b14b-43b1-9de6-f1f6013cd0ae,b50a44f1-4dfb-4d03-a198-9cfb5f12580a,portfolio_disclosure,,5312fab6-79e3-4d73-afd2-8c783c017e29,2024-06-30,https://www.dspim.com/media/pages/mandatory-disclosures/portfolio-disclosures/901b3e3f5a-1757771557/monthend-portfolio-june-2024.zip,xlsx,,{},2026-08-21 22:48:03.398021+00:00
023036ef-bc7c-478e-8918-0a6a3b971107,b50a44f1-4dfb-4d03-a198-9cfb5f12580a,portfolio_disclosure,,6d9d50a1-fae6-4b15-86b4-9e3fa18534c4,2024-06-30,https://www.dspim.com/media/pages/mandatory-disclosures/portfolio-disclosures/901b3e3f5a-1757771557/monthend-portfolio-june-2024.zip,xlsx,,{},2026-08-21 22:48:03.398021+00:00
f5d1da12-a189-49ee-94b0-641e44ef1539,b50a44f1-4dfb-4d03-a198-9cfb5f12580a,portfolio_disclosure,,b8814138-f9e9-4171-817c-c0fcb9943765,2024-06-30,https://www.dspim.com/media/pages/mandatory-disclosures/portfolio-disclosures/901b3e3f5a-1757771557/monthend-portfolio-june-2024.zip,xlsx,,{},2026-08-21 22:48:03.398021+00:00
a8a3c12e-43fa-4ee2-a142-c3e86c5ea953,b50a44f1-4dfb-4d03-a198-9cfb5f12580a,portfolio_disclosure,,e2055c57-44de-4189-86b1-c11f86baaee8,2024-06-30,https://www.dspim.com/media/pages/mandatory-disclosures/portfolio-disclosures/901b3e3f5a-1757771557/monthend-portfolio-june-2024.zip,xlsx,,{},2026-08-21 22:48:03.398021+00:00
e4fcb7ac-8f88-4481-acef-e6f5206b639e,b50a44f1-4dfb-4d03-a198-9cfb5f12580a,portfolio_disclosure,,e9f9c43b-6638-470a-9c56-64919e358f0c,2024-06-30,https://www.dspim.com/media/pages/mandatory-disclosures/portfolio-disclosures/901b3e3f5a-1757771557/monthend-portfolio-june-2024.zip,xlsx,,{},2026-08-21 22:48:03.398021+00:00
2fe6c167-8b26-48f4-8d22-7bf32e819376,b50a44f1-4dfb-4d03-a198-9cfb5f12580a,portfolio_disclosure,,bd80d066-2c13-4f1d-9cd4-a8c866a6681c,2024-06-30,https://www.dspim.com/media/pages/mandatory-disclosures/portfolio-disclosures/901b3e3f5a-1757771557/monthend-portfolio-june-2024.zip,xlsx,,{},2026-08-21 22:48:03.398021+00:00
342e8790-b454-4d3c-9ce9-f9154601a73f,b50a44f1-4dfb-4d03-a198-9cfb5f12580a,portfolio_disclosure,,adf1703e-0789-4876-aa36-b5aa3b3a858f,2024-06-30,https://www.dspim.com/media/pages/mandatory-disclosures/portfolio-disclosures/901b3e3f5a-1757771557/monthend-portfolio-june-2024.zip,xlsx,,{},2026-08-21 22:48:03.398021+00:00
96bfa3eb-5bc9-450d-a73f-9dc8f2f9ecb0,b50a44f1-4dfb-4d03-a198-9cfb5f12580a,portfolio_disclosure,,140855d0-70f4-4855-8bab-15138694cae9,2024-06-30,https://www.dspim.com/media/pages/mandatory-disclosures/portfolio-disclosures/901b3e3f5a-1757771557/monthend-portfolio-june-2024.zip,xlsx,,{},2026-08-21 22:48:03.398021+00:00
c0ca8865-973c-4bfa-8d2c-e0d9491d9a3a,b50a44f1-4dfb-4d03-a198-9cfb5f12580a,portfolio_disclosure,,45b971d6-ac22-4a25-906a-1a8c5152247d,2024-06-30,https://www.dspim.com/media/pages/mandatory-disclosures/portfolio-disclosures/901b3e3f5a-1757771557/monthend-portfolio-june-2024.zip,xlsx,,{},2026-08-21 22:48:03.398021+00:00
f86f6bfa-d8fc-4226-996e-4f435a93ad46,b50a44f1-4dfb-4d03-a198-9cfb5f12580a,portfolio_disclosure,,85d121ff-e201-4d26-9dcb-363463b178a7,2024-06-30,https://www.dspim.com/media/pages/mandatory-disclosures/portfolio-disclosures/901b3e3f5a-1757771557/monthend-portfolio-june-2024.zip,xlsx,,{},2026-08-21 22:48:03.398021+00:00
312c3ff5-eb53-48d9-9048-8460e754b7ed,b50a44f1-4dfb-4d03-a198-9cfb5f12580a,portfolio_disclosure,,32ecf241-1abb-4fc0-976c-088d7a62f3a8,2024-06-30,https://www.dspim.com/media/pages/mandatory-disclosures/portfolio-disclosures/901b3e3f5a-1757771557/monthend-portfolio-june-2024.zip,xlsx,,{},2026-08-21 22:48:03.398021+00:00
4c732814-a2e8-4384-bcce-aca0556add23,b50a44f1-4dfb-4d03-a198-9cfb5f12580a,portfolio_disclosure,,302d701a-3d40-46cb-9bb5-1b970e467b6a,2024-06-30,https://www.dspim.com/media/pages/mandatory-disclosures/portfolio-disclosures/901b3e3f5a-1757771557/monthend-portfolio-june-2024.zip,xlsx,,{},2026-08-21 22:48:03.398021+00:00
c8e8769d-50fb-4065-a305-2f2f16740d67,b50a44f1-4dfb-4d03-a198-9cfb5f12580a,portfolio_disclosure,,b9d98122-1570-4b91-adb2-c6de2bb3fd95,2024-06-30,https://www.dspim.com/media/pages/mandatory-disclosures/portfolio-disclosures/901b3e3f5a-1757771557/monthend-portfolio-june-2024.zip,xlsx,,{},2026-08-21 22:48:03.398021+00:00
c8e26178-a8db-4c83-82f1-cf12f3089620,b50a44f1-4dfb-4d03-a198-9cfb5f12580a,portfolio_disclosure,,8fc4ea75-859c-40df-988a-b65b4b087fb3,2024-06-30,https://www.dspim.com/media/pages/mandatory-disclosures/portfolio-disclosures/901b3e3f5a-1757771557/monthend-portfolio-june-2024.zip,xlsx,,{},2026-08-21 22:48:03.398021+00:00
bf10ea2c-ea2a-41e3-9ecd-717fc80dae50,b50a44f1-4dfb-4d03-a198-9cfb5f12580a,portfolio_disclosure,,0a6aef24-b5d0-4eee-b87c-8fa2ffcdb617,2024-06-30,https://www.dspim.com/media/pages/mandatory-disclosures/portfolio-disclosures/901b3e3f5a-1757771557/monthend-portfolio-june-2024.zip,xlsx,,{},2026-08-21 22:48:03.398021+00:00
01bf836b-384e-4aea-95ad-97751d409f97,b50a44f1-4dfb-4d03-a198-9cfb5f12580a,portfolio_disclosure,,49677442-afa7-47dd-b4a9-72dc15d294d4,2024-06-30,https://www.dspim.com/media/pages/mandatory-disclosures/portfolio-disclosures/901b3e3f5a-1757771557/monthend-portfolio-june-2024.zip,xlsx,,{},2026-08-21 22:48:03.398021+00:00
95fe0c0b-32f6-424b-b173-157b4cbfe985,b50a44f1-4dfb-4d03-a198-9cfb5f12580a,portfolio_disclosure,,5742c747-36c7-4854-bcf3-28d993056ed1,2024-06-30,https://www.dspim.com/media/pages/mandatory-disclosures/portfolio-disclosures/901b3e3f5a-1757771557/monthend-portfolio-june-2024.zip,xlsx,,{},2026-08-21 22:48:03.398021+00:00
7262a197-9513-49f7-904e-889814a486d1,b50a44f1-4dfb-4d03-a198-9cfb5f12580a,portfolio_disclosure,,0da68bdd-0275-4773-8b20-f5778080a6c0,2024-06-30,https://www.dspim.com/media/pages/mandatory-disclosures/portfolio-disclosures/901b3e3f5a-1757771557/monthend-portfolio-june-2024.zip,xlsx,,{},2026-08-21 22:48:03.398021+00:00
2304926f-696b-407c-b490-742032bb351a,b50a44f1-4dfb-4d03-a198-9cfb5f12580a,portfolio_disclosure,,e0aeb45c-829e-4842-87ce-981586cde355,2024-06-30,https://www.dspim.com/media/pages/mandatory-disclosures/portfolio-disclosures/901b3e3f5a-1757771557/monthend-portfolio-june-2024.zip,xlsx,,{},2026-08-21 22:48:03.398021+00:00
7cf5c9f8-c855-4f3f-9e6a-f85a29c556a1,b50a44f1-4dfb-4d03-a198-9cfb5f12580a,portfolio_disclosure,,aff60269-7b63-4670-b2cd-4cc663fcfcad,2024-06-30,https://www.dspim.com/media/pages/mandatory-disclosures/portfolio-disclosures/901b3e3f5a-1757771557/monthend-portfolio-june-2024.zip,xlsx,,{},2026-08-21 22:48:03.398021+00:00
3382ef00-befe-4c13-80c4-e434c40993b8,b50a44f1-4dfb-4d03-a198-9cfb5f12580a,portfolio_disclosure,,5e540f64-e4bb-4e9c-9dd1-39b71fe8c661,2024-06-30,https://www.dspim.com/media/pages/mandatory-disclosures/portfolio-disclosures/901b3e3f5a-1757771557/monthend-portfolio-june-2024.zip,xlsx,,{},2026-08-21 22:48:03.398021+00:00
22bbdd42-383f-48e9-8395-32f89bae47ff,b50a44f1-4dfb-4d03-a198-9cfb5f12580a,portfolio_disclosure,,521002b3-d586-483e-9207-8b0b7e4f7e5c,2024-06-30,https://www.dspim.com/media/pages/mandatory-disclosures/portfolio-disclosures/901b3e3f5a-1757771557/monthend-portfolio-june-2024.zip,xlsx,,{},2026-08-21 22:48:03.398021+00:00
35a79606-c0f0-4fd4-9ce1-33c49f3b2863,b50a44f1-4dfb-4d03-a198-9cfb5f12580a,portfolio_disclosure,,1d286dd3-0916-4c8f-af01-a225d5841105,2024-06-30,https://www.dspim.com/media/pages/mandatory-disclosures/portfolio-disclosures/901b3e3f5a-1757771557/monthend-portfolio-june-2024.zip,xlsx,,{},2026-08-21 22:48:03.398021+00:00
270f76d4-9e18-4743-899e-e91b1af0c866,b50a44f1-4dfb-4d03-a198-9cfb5f12580a,portfolio_disclosure,,39bd5974-4c82-4457-bfd8-bfead40cd71f,2024-06-30,https://www.dspim.com/media/pages/mandatory-disclosures/portfolio-disclosures/901b3e3f5a-1757771557/monthend-portfolio-june-2024.zip,xlsx,,{},2026-08-21 22:48:03.398021+00:00
be2f636f-ad74-4a8e-ab95-21054aa6ab24,b50a44f1-4dfb-4d03-a198-9cfb5f12580a,portfolio_disclosure,,4c0b62ae-5310-4f78-9daf-9dc2c317b347,2024-06-30,https://www.dspim.com/media/pages/mandatory-disclosures/portfolio-disclosures/901b3e3f5a-1757771557/monthend-portfolio-june-2024.zip,xlsx,,{},2026-08-21 22:48:03.398021+00:00
40e8cdba-a00b-4459-bc03-462066021ca6,b50a44f1-4dfb-4d03-a198-9cfb5f12580a,portfolio_disclosure,,4b79d7b6-ca96-4225-965f-f0e1a7993d18,2024-06-30,https://www.dspim.com/media/pages/mandatory-disclosures/portfolio-disclosures/901b3e3f5a-1757771557/monthend-portfolio-june-2024.zip,xlsx,,{},2026-08-21 22:48:03.398021+00:00
0c175bac-ca91-45f8-a081-0a859d77314d,b50a44f1-4dfb-4d03-a198-9cfb5f12580a,portfolio_disclosure,,d7d97876-3f48-4125-a93c-5fadd10b4402,2024-06-30,https://www.dspim.com/media/pages/mandatory-disclosures/portfolio-disclosures/901b3e3f5a-1757771557/monthend-portfolio-june-2024.zip,xlsx,,{},2026-08-21 22:48:03.398021+00:00
7a87ea65-f396-4de6-a6ed-1e1245c96b4e,b50a44f1-4dfb-4d03-a198-9cfb5f12580a,portfolio_disclosure,,a5cbc07f-1e64-4817-8efe-bca3d4a64f5c,2024-06-30,https://www.dspim.com/media/pages/mandatory-disclosures/portfolio-disclosures/901b3e3f5a-1757771557/monthend-portfolio-june-2024.zip,xlsx,,{},2026-08-21 22:48:03.398021+00:00
0e5ab33f-707a-48fc-841d-c07ceed4db3c,b50a44f1-4dfb-4d03-a198-9cfb5f12580a,portfolio_disclosure,,711bb119-31de-44af-bb63-de60d060214f,2024-06-30,https://www.dspim.com/media/pages/mandatory-disclosures/portfolio-disclosures/901b3e3f5a-1757771557/monthend-portfolio-june-2024.zip,xlsx,,{},2026-08-21 22:48:03.398021+00:00
478a6c9f-0bf5-47af-a2b0-8be2749c8775,b50a44f1-4dfb-4d03-a198-9cfb5f12580a,portfolio_disclosure,,aa38dd68-4660-4a1b-b174-fd59e0c778fd,2024-06-30,https://www.dspim.com/media/pages/mandatory-disclosures/portfolio-disclosures/901b3e3f5a-1757771557/monthend-portfolio-june-2024.zip,xlsx,,{},2026-08-21 22:48:03.398021+00:00
fab9c0fe-e26f-4ee9-953c-e83fd3954eee,b50a44f1-4dfb-4d03-a198-9cfb5f12580a,portfolio_disclosure,,1de88c3b-aa99-4154-b02c-c4f9360aca01,2024-06-30,https://www.dspim.com/media/pages/mandatory-disclosures/portfolio-disclosures/901b3e3f5a-1757771557/monthend-portfolio-june-2024.zip,xlsx,,{},2026-08-21 22:48:03.398021+00:00
75f4a24d-06bd-4aba-9fe4-b17f463fb1a7,b50a44f1-4dfb-4d03-a198-9cfb5f12580a,portfolio_disclosure,,d63d2a0d-4ec8-49c9-8151-f219e714445f,2024-06-30,https://www.dspim.com/media/pages/mandatory-disclosures/portfolio-disclosures/901b3e3f5a-1757771557/monthend-portfolio-june-2024.zip,xlsx,,{},2026-08-21 22:48:03.398021+00:00
8ec39eeb-35d2-4247-8f1b-df0efb243407,b50a44f1-4dfb-4d03-a198-9cfb5f12580a,portfolio_disclosure,,8b8a7181-1a62-463c-9637-38515e3a4973,2024-06-30,https://www.dspim.com/media/pages/mandatory-disclosures/portfolio-disclosures/901b3e3f5a-1757771557/monthend-portfolio-june-2024.zip,xlsx,,{},2026-08-21 22:48:03.398021+00:00
cda71026-0f2f-4af4-9d9c-12282072f2d0,b50a44f1-4dfb-4d03-a198-9cfb5f12580a,portfolio_disclosure,,aa29e284-5e02-4951-ae02-ed98535dc61e,2024-06-30,https://www.dspim.com/media/pages/mandatory-disclosures/portfolio-disclosures/901b3e3f5a-1757771557/monthend-portfolio-june-2024.zip,xlsx,,{},2026-08-21 22:48:03.398021+00:00
c3a62406-cf2b-459b-8a0f-9c6be3b0470c,b50a44f1-4dfb-4d03-a198-9cfb5f12580a,portfolio_disclosure,,f1c6f3aa-b829-4406-a6f8-03734bf4a16f,2024-06-30,https://www.dspim.com/media/pages/mandatory-disclosures/portfolio-disclosures/901b3e3f5a-1757771557/monthend-portfolio-june-2024.zip,xlsx,,{},2026-08-21 22:48:03.398021+00:00
afa0e6f6-ff5e-4117-85d7-b6ee3eaedbbb,b50a44f1-4dfb-4d03-a198-9cfb5f12580a,portfolio_disclosure,,e3c71b64-92f1-4db4-a6f7-1c0008e69c4c,2024-06-30,https://www.dspim.com/media/pages/mandatory-disclosures/portfolio-disclosures/901b3e3f5a-1757771557/monthend-portfolio-june-2024.zip,xlsx,,{},2026-08-21 22:48:03.398021+00:00
bb504724-84e9-4a9f-b77f-54da55e5d0ff,b50a44f1-4dfb-4d03-a198-9cfb5f12580a,portfolio_disclosure,,bcdfc686-5907-43dd-8412-1158d4f21d83,2024-06-30,https://www.dspim.com/media/pages/mandatory-disclosures/portfolio-disclosures/901b3e3f5a-1757771557/monthend-portfolio-june-2024.zip,xlsx,,{},2026-08-21 22:48:03.398021+00:00
adc61219-28a3-412d-9192-3e0cb0ba25b5,b50a44f1-4dfb-4d03-a198-9cfb5f12580a,portfolio_disclosure,,bc6afebe-de89-4d43-a319-3a0352ead9be,2024-06-30,https://www.dspim.com/media/pages/mandatory-disclosures/portfolio-disclosures/901b3e3f5a-1757771557/monthend-portfolio-june-2024.zip,xlsx,,{},2026-08-21 22:48:03.398021+00:00
b77bf54f-b006-478c-b652-84e0be8c60b2,b50a44f1-4dfb-4d03-a198-9cfb5f12580a,portfolio_disclosure,,7acbdaac-6b00-42f0-8aa5-b4ef1d6b484d,2024-06-30,https://www.dspim.com/media/pages/mandatory-disclosures/portfolio-disclosures/901b3e3f5a-1757771557/monthend-portfolio-june-2024.zip,xlsx,,{},2026-08-21 22:48:03.398021+00:00
01bf0f5d-aa19-44fb-a050-8ea79610dacb,b50a44f1-4dfb-4d03-a198-9cfb5f12580a,portfolio_disclosure,,75700a69-71bb-4ab4-b736-12846754c6fa,2024-06-30,https://www.dspim.com/media/pages/mandatory-disclosures/portfolio-disclosures/901b3e3f5a-1757771557/monthend-portfolio-june-2024.zip,xlsx,,{},2026-08-21 22:48:03.398021+00:00
ba236194-d7fa-4b5b-9696-aee0c96253ac,b50a44f1-4dfb-4d03-a198-9cfb5f12580a,portfolio_disclosure,,a1098ad6-91b7-4f2b-83c4-9adf731d7ed9,2024-06-30,https://www.dspim.com/media/pages/mandatory-disclosures/portfolio-disclosures/901b3e3f5a-1757771557/monthend-portfolio-june-2024.zip,xlsx,,{},2026-08-21 22:48:03.398021+00:00
a6d71401-7040-4f22-81a2-bce63e8f8357,b50a44f1-4dfb-4d03-a198-9cfb5f12580a,portfolio_disclosure,,9f75a983-484e-45e0-9905-bf47dbfc8900,2024-06-30,https://www.dspim.com/media/pages/mandatory-disclosures/portfolio-disclosures/901b3e3f5a-1757771557/monthend-portfolio-june-2024.zip,xlsx,,{},2026-08-21 22:48:03.398021+00:00
342318e3-861b-4da5-a5b8-782b4da90778,b50a44f1-4dfb-4d03-a198-9cfb5f12580a,portfolio_disclosure,,b3236eec-7dcc-4192-8025-4d413fbde918,2024-06-30,https://www.dspim.com/media/pages/mandatory-disclosures/portfolio-disclosures/901b3e3f5a-1757771557/monthend-portfolio-june-2024.zip,xlsx,,{},2026-08-21 22:48:03.398021+00:00
59565e2f-7960-4ac8-b2ea-08a1825d4129,b50a44f1-4dfb-4d03-a198-9cfb5f12580a,portfolio_disclosure,,e89a10e7-e991-45b2-8131-f5a40f497090,2024-06-30,https://www.dspim.com/media/pages/mandatory-disclosures/portfolio-disclosures/901b3e3f5a-1757771557/monthend-portfolio-june-2024.zip,xlsx,,{},2026-08-21 22:48:03.398021+00:00
13f4ac19-0b2b-4106-98e4-53d3bc6b1e51,b50a44f1-4dfb-4d03-a198-9cfb5f12580a,portfolio_disclosure,,85210db7-ce53-4bf4-b958-f863f66b5c7c,2024-06-30,https://www.dspim.com/media/pages/mandatory-disclosures/portfolio-disclosures/901b3e3f5a-1757771557/monthend-portfolio-june-2024.zip,xlsx,,{},2026-08-21 22:48:03.398021+00:00
c10fc720-29b6-4da2-b2bb-d7bb47f78df9,b1e21ab1-24e4-4692-8626-2ff25b34578d,portfolio_disclosure,,37588945-301e-410e-bed8-920fb4a08914,2021-09-30,https://transact.axismf.com/cms/sites/default/files/Statutory/IN_MF_FORTNIGHTLY_PORTFOLIO_AXISMF_31102021.xls,xlsx,,{},2026-08-21 22:49:47.767983+00:00
082565ae-e845-4404-9d6f-da095b384230,b1e21ab1-24e4-4692-8626-2ff25b34578d,portfolio_disclosure,,a2c79a2a-7143-41b0-942b-5dfaf44ee6ec,2021-09-30,https://transact.axismf.com/cms/sites/default/files/Statutory/IN_MF_FORTNIGHTLY_PORTFOLIO_AXISMF_31102021.xls,xlsx,,{},2026-08-21 22:49:47.767983+00:00
f08b2541-4f63-4845-ac4a-ded965f2042b,b1e21ab1-24e4-4692-8626-2ff25b34578d,portfolio_disclosure,,5a7b501b-7ee4-4ab4-9a00-7f3d1b6b44dd,2021-09-30,https://transact.axismf.com/cms/sites/default/files/Statutory/IN_MF_FORTNIGHTLY_PORTFOLIO_AXISMF_31102021.xls,xlsx,,{},2026-08-21 22:49:47.767983+00:00
df55043d-e636-481f-87d2-0d4b70fd1223,b1e21ab1-24e4-4692-8626-2ff25b34578d,portfolio_disclosure,,089ad4f8-0726-4036-9d2e-cbcab3d6510b,2021-09-30,https://transact.axismf.com/cms/sites/default/files/Statutory/IN_MF_FORTNIGHTLY_PORTFOLIO_AXISMF_31102021.xls,xlsx,,{},2026-08-21 22:49:47.767983+00:00
5fc19402-6865-44ca-afcf-c07201815fc4,b1e21ab1-24e4-4692-8626-2ff25b34578d,portfolio_disclosure,,493a0538-8cc6-4e58-96d2-310b16af5437,2021-09-30,https://transact.axismf.com/cms/sites/default/files/Statutory/IN_MF_FORTNIGHTLY_PORTFOLIO_AXISMF_31102021.xls,xlsx,,{},2026-08-21 22:49:47.767983+00:00
c9ef9f53-8fec-4d5a-9db5-d7474df4f1ba,b1e21ab1-24e4-4692-8626-2ff25b34578d,portfolio_disclosure,,c58bf1b0-e924-4ee2-921f-e0b9927065ff,2021-09-30,https://transact.axismf.com/cms/sites/default/files/Statutory/IN_MF_FORTNIGHTLY_PORTFOLIO_AXISMF_31102021.xls,xlsx,,{},2026-08-21 22:49:47.767983+00:00
a82b7b1b-6aea-4cbe-be66-234a2ff4cfac,b1e21ab1-24e4-4692-8626-2ff25b34578d,portfolio_disclosure,,a88afb2a-4500-498c-8826-eb75a81007e4,2021-09-30,https://transact.axismf.com/cms/sites/default/files/Statutory/IN_MF_FORTNIGHTLY_PORTFOLIO_AXISMF_31102021.xls,xlsx,,{},2026-08-21 22:49:47.767983+00:00
0f378df2-a519-4777-a017-8dd491c6f384,b1e21ab1-24e4-4692-8626-2ff25b34578d,portfolio_disclosure,,fee41312-9175-4637-a20a-33c1975ebac9,2021-09-30,https://transact.axismf.com/cms/sites/default/files/Statutory/IN_MF_FORTNIGHTLY_PORTFOLIO_AXISMF_31102021.xls,xlsx,,{},2026-08-21 22:49:47.767983+00:00
ac5c5e3d-5af3-4202-9881-6c24f3f0ea71,b1e21ab1-24e4-4692-8626-2ff25b34578d,portfolio_disclosure,,f34fa056-5b2e-4047-8cca-0563837d6554,2021-09-30,https://transact.axismf.com/cms/sites/default/files/Statutory/IN_MF_FORTNIGHTLY_PORTFOLIO_AXISMF_31102021.xls,xlsx,,{},2026-08-21 22:49:47.767983+00:00
80375fb0-4ffc-4faa-9854-f6163bdba173,b1e21ab1-24e4-4692-8626-2ff25b34578d,portfolio_disclosure,,30ef029a-1a4b-473d-b853-c41853801009,2021-09-30,https://transact.axismf.com/cms/sites/default/files/Statutory/IN_MF_FORTNIGHTLY_PORTFOLIO_AXISMF_31102021.xls,xlsx,,{},2026-08-21 22:49:47.767983+00:00
8728c093-30af-467b-b212-2d98fe7e5f13,b1e21ab1-24e4-4692-8626-2ff25b34578d,portfolio_disclosure,,c662c6dd-b13b-4b15-ad86-c5454f900aa3,2021-09-30,https://transact.axismf.com/cms/sites/default/files/Statutory/IN_MF_FORTNIGHTLY_PORTFOLIO_AXISMF_31102021.xls,xlsx,,{},2026-08-21 22:49:47.767983+00:00
09fad569-3176-476c-a5b3-98063eb0b799,b1e21ab1-24e4-4692-8626-2ff25b34578d,portfolio_disclosure,,5feecb60-f168-4921-82e0-2c75e51e6118,2021-09-30,https://transact.axismf.com/cms/sites/default/files/Statutory/IN_MF_FORTNIGHTLY_PORTFOLIO_AXISMF_31102021.xls,xlsx,,{},2026-08-21 22:49:47.767983+00:00
f7a352e7-f993-42ba-8e6e-c8074b044a14,b1e21ab1-24e4-4692-8626-2ff25b34578d,portfolio_disclosure,,5090a28b-2738-4f4d-8cf9-7a99c0997932,2021-09-30,https://transact.axismf.com/cms/sites/default/files/Statutory/IN_MF_FORTNIGHTLY_PORTFOLIO_AXISMF_31102021.xls,xlsx,,{},2026-08-21 22:49:47.767983+00:00
3723ba9f-14b9-4a46-b7ac-37f1c77e70c2,b1e21ab1-24e4-4692-8626-2ff25b34578d,portfolio_disclosure,,74caf86b-ff20-412d-b5a2-e2b88e5a5fa8,2021-09-30,https://transact.axismf.com/cms/sites/default/files/Statutory/IN_MF_FORTNIGHTLY_PORTFOLIO_AXISMF_31102021.xls,xlsx,,{},2026-08-21 22:49:47.767983+00:00
bc731447-b190-4631-b44c-b5e14944d40e,b1e21ab1-24e4-4692-8626-2ff25b34578d,portfolio_disclosure,,3af21aac-4589-499c-9075-e0706c9472df,2021-09-30,https://transact.axismf.com/cms/sites/default/files/Statutory/IN_MF_FORTNIGHTLY_PORTFOLIO_AXISMF_31102021.xls,xlsx,,{},2026-08-21 22:49:47.767983+00:00
b5a2489d-a10a-4318-b9d9-aba536423670,b1e21ab1-24e4-4692-8626-2ff25b34578d,portfolio_disclosure,,23c48288-7d6f-4d06-ba5d-e234e166b4c5,2021-09-30,https://transact.axismf.com/cms/sites/default/files/Statutory/IN_MF_FORTNIGHTLY_PORTFOLIO_AXISMF_31102021.xls,xlsx,,{},2026-08-21 22:49:47.767983+00:00
5b9b546a-ba97-4bec-90a1-a4378527ce59,b1e21ab1-24e4-4692-8626-2ff25b34578d,portfolio_disclosure,,e2008567-1bfb-45c7-9d8d-ff079978eb9e,2021-09-30,https://transact.axismf.com/cms/sites/default/files/Statutory/IN_MF_FORTNIGHTLY_PORTFOLIO_AXISMF_31102021.xls,xlsx,,{},2026-08-21 22:49:47.767983+00:00
47444d03-c7e0-4445-bd69-77b9d9d63545,b1e21ab1-24e4-4692-8626-2ff25b34578d,portfolio_disclosure,,0071a223-e9cb-4935-950f-6a65a50a8bba,2021-09-30,https://transact.axismf.com/cms/sites/default/files/Statutory/IN_MF_FORTNIGHTLY_PORTFOLIO_AXISMF_31102021.xls,xlsx,,{},2026-08-21 22:49:47.767983+00:00
f2ce97f8-2b1a-469b-a640-102a27fff276,b1e21ab1-24e4-4692-8626-2ff25b34578d,portfolio_disclosure,,c8ddd1c3-dc06-40eb-95a4-94df7ac80a9e,2021-09-30,https://transact.axismf.com/cms/sites/default/files/Statutory/IN_MF_FORTNIGHTLY_PORTFOLIO_AXISMF_31102021.xls,xlsx,,{},2026-08-21 22:49:47.767983+00:00
b8915c11-6b31-4ab0-85a8-09eb200ec1be,b1e21ab1-24e4-4692-8626-2ff25b34578d,portfolio_disclosure,,f4abfe9e-a7d5-498b-8775-7f55b1122ef6,2021-09-30,https://transact.axismf.com/cms/sites/default/files/Statutory/IN_MF_FORTNIGHTLY_PORTFOLIO_AXISMF_31102021.xls,xlsx,,{},2026-08-21 22:49:47.767983+00:00
98f73e8d-a882-4513-b2f0-a2df92dda2b0,b1e21ab1-24e4-4692-8626-2ff25b34578d,portfolio_disclosure,,63002069-ebb6-4a99-9000-82d5d8d00c7e,2021-09-30,https://transact.axismf.com/cms/sites/default/files/Statutory/IN_MF_FORTNIGHTLY_PORTFOLIO_AXISMF_31102021.xls,xlsx,,{},2026-08-21 22:49:47.767983+00:00
2e6d3eaa-e5b7-4fb7-b3e7-7370d7a29872,b1e21ab1-24e4-4692-8626-2ff25b34578d,portfolio_disclosure,,d9d918c0-bd5a-4274-ab3f-81b1b442e0c6,2021-09-30,https://transact.axismf.com/cms/sites/default/files/Statutory/IN_MF_FORTNIGHTLY_PORTFOLIO_AXISMF_31102021.xls,xlsx,,{},2026-08-21 22:49:47.767983+00:00
9914f5cb-7762-401f-97be-927a844bcd50,b1e21ab1-24e4-4692-8626-2ff25b34578d,portfolio_disclosure,,9d67803d-bb5e-4e5e-a917-3e50ac2e4a3c,2021-09-30,https://transact.axismf.com/cms/sites/default/files/Statutory/IN_MF_FORTNIGHTLY_PORTFOLIO_AXISMF_31102021.xls,xlsx,,{},2026-08-21 22:49:47.767983+00:00
0cb1b16c-d8ef-4350-8eff-95ab93e41f1c,b1e21ab1-24e4-4692-8626-2ff25b34578d,portfolio_disclosure,,69de7940-31e5-477b-b325-14d7e553b1da,2021-09-30,https://transact.axismf.com/cms/sites/default/files/Statutory/IN_MF_FORTNIGHTLY_PORTFOLIO_AXISMF_31102021.xls,xlsx,,{},2026-08-21 22:49:47.767983+00:00
4cbf24c0-e13c-47e2-b219-80819a8b9e1f,60d0965d-7c08-4b5d-8400-edbf6cbfa05a,portfolio_disclosure,,37588945-301e-410e-bed8-920fb4a08914,2021-06-30,https://transact.axismf.com/cms/sites/default/files/Statutory/IN_MF_FORTNIGHTLY_PORTFOLIO_AXISMF_15072021.xls,xlsx,,{},2026-08-21 22:49:58.891566+00:00
30fb5f82-46d7-4649-a246-442d7783d736,60d0965d-7c08-4b5d-8400-edbf6cbfa05a,portfolio_disclosure,,a2c79a2a-7143-41b0-942b-5dfaf44ee6ec,2021-06-30,https://transact.axismf.com/cms/sites/default/files/Statutory/IN_MF_FORTNIGHTLY_PORTFOLIO_AXISMF_15072021.xls,xlsx,,{},2026-08-21 22:49:58.891566+00:00
ad0ac5e2-cfc9-4c79-9e05-12951070b376,60d0965d-7c08-4b5d-8400-edbf6cbfa05a,portfolio_disclosure,,5a7b501b-7ee4-4ab4-9a00-7f3d1b6b44dd,2021-06-30,https://transact.axismf.com/cms/sites/default/files/Statutory/IN_MF_FORTNIGHTLY_PORTFOLIO_AXISMF_15072021.xls,xlsx,,{},2026-08-21 22:49:58.891566+00:00
3896e5ca-852a-463f-a4b4-25a30ef93363,60d0965d-7c08-4b5d-8400-edbf6cbfa05a,portfolio_disclosure,,089ad4f8-0726-4036-9d2e-cbcab3d6510b,2021-06-30,https://transact.axismf.com/cms/sites/default/files/Statutory/IN_MF_FORTNIGHTLY_PORTFOLIO_AXISMF_15072021.xls,xlsx,,{},2026-08-21 22:49:58.891566+00:00
a8947bd7-09fe-4584-a49e-ebde55c35247,60d0965d-7c08-4b5d-8400-edbf6cbfa05a,portfolio_disclosure,,493a0538-8cc6-4e58-96d2-310b16af5437,2021-06-30,https://transact.axismf.com/cms/sites/default/files/Statutory/IN_MF_FORTNIGHTLY_PORTFOLIO_AXISMF_15072021.xls,xlsx,,{},2026-08-21 22:49:58.891566+00:00
0d58c56a-3b70-4d79-a7db-f7b46e7ad84a,60d0965d-7c08-4b5d-8400-edbf6cbfa05a,portfolio_disclosure,,c58bf1b0-e924-4ee2-921f-e0b9927065ff,2021-06-30,https://transact.axismf.com/cms/sites/default/files/Statutory/IN_MF_FORTNIGHTLY_PORTFOLIO_AXISMF_15072021.xls,xlsx,,{},2026-08-21 22:49:58.891566+00:00
72428704-e7bf-494d-9971-e30912b88909,60d0965d-7c08-4b5d-8400-edbf6cbfa05a,portfolio_disclosure,,a88afb2a-4500-498c-8826-eb75a81007e4,2021-06-30,https://transact.axismf.com/cms/sites/default/files/Statutory/IN_MF_FORTNIGHTLY_PORTFOLIO_AXISMF_15072021.xls,xlsx,,{},2026-08-21 22:49:58.891566+00:00
58ea5cad-e06d-4f14-a3a5-1eb76b820445,60d0965d-7c08-4b5d-8400-edbf6cbfa05a,portfolio_disclosure,,fee41312-9175-4637-a20a-33c1975ebac9,2021-06-30,https://transact.axismf.com/cms/sites/default/files/Statutory/IN_MF_FORTNIGHTLY_PORTFOLIO_AXISMF_15072021.xls,xlsx,,{},2026-08-21 22:49:58.891566+00:00
8bf9030e-c3bc-4848-9c82-bf0ba4a13609,60d0965d-7c08-4b5d-8400-edbf6cbfa05a,portfolio_disclosure,,30ef029a-1a4b-473d-b853-c41853801009,2021-06-30,https://transact.axismf.com/cms/sites/default/files/Statutory/IN_MF_FORTNIGHTLY_PORTFOLIO_AXISMF_15072021.xls,xlsx,,{},2026-08-21 22:49:58.891566+00:00
06cc5abe-1b3e-4078-9c13-f064a41ec51d,60d0965d-7c08-4b5d-8400-edbf6cbfa05a,portfolio_disclosure,,c662c6dd-b13b-4b15-ad86-c5454f900aa3,2021-06-30,https://transact.axismf.com/cms/sites/default/files/Statutory/IN_MF_FORTNIGHTLY_PORTFOLIO_AXISMF_15072021.xls,xlsx,,{},2026-08-21 22:49:58.891566+00:00
2ba79932-b1d1-4bae-aef6-1f54b3e162ad,60d0965d-7c08-4b5d-8400-edbf6cbfa05a,portfolio_disclosure,,5feecb60-f168-4921-82e0-2c75e51e6118,2021-06-30,https://transact.axismf.com/cms/sites/default/files/Statutory/IN_MF_FORTNIGHTLY_PORTFOLIO_AXISMF_15072021.xls,xlsx,,{},2026-08-21 22:49:58.891566+00:00
70d12c1e-ba36-4fdc-b4dc-23311b544368,60d0965d-7c08-4b5d-8400-edbf6cbfa05a,portfolio_disclosure,,5090a28b-2738-4f4d-8cf9-7a99c0997932,2021-06-30,https://transact.axismf.com/cms/sites/default/files/Statutory/IN_MF_FORTNIGHTLY_PORTFOLIO_AXISMF_15072021.xls,xlsx,,{},2026-08-21 22:49:58.891566+00:00
b88dbd38-2b57-4863-b781-e299e0a321b9,60d0965d-7c08-4b5d-8400-edbf6cbfa05a,portfolio_disclosure,,74caf86b-ff20-412d-b5a2-e2b88e5a5fa8,2021-06-30,https://transact.axismf.com/cms/sites/default/files/Statutory/IN_MF_FORTNIGHTLY_PORTFOLIO_AXISMF_15072021.xls,xlsx,,{},2026-08-21 22:49:58.891566+00:00
ff5f1e9e-e36f-4809-8b61-ea7cf2b34231,60d0965d-7c08-4b5d-8400-edbf6cbfa05a,portfolio_disclosure,,3af21aac-4589-499c-9075-e0706c9472df,2021-06-30,https://transact.axismf.com/cms/sites/default/files/Statutory/IN_MF_FORTNIGHTLY_PORTFOLIO_AXISMF_15072021.xls,xlsx,,{},2026-08-21 22:49:58.891566+00:00
29c4f832-3650-4215-8bd3-608ecd355468,60d0965d-7c08-4b5d-8400-edbf6cbfa05a,portfolio_disclosure,,23c48288-7d6f-4d06-ba5d-e234e166b4c5,2021-06-30,https://transact.axismf.com/cms/sites/default/files/Statutory/IN_MF_FORTNIGHTLY_PORTFOLIO_AXISMF_15072021.xls,xlsx,,{},2026-08-21 22:49:58.891566+00:00
cc7f19d0-a194-4e2c-8c35-3c71e436002d,60d0965d-7c08-4b5d-8400-edbf6cbfa05a,portfolio_disclosure,,e2008567-1bfb-45c7-9d8d-ff079978eb9e,2021-06-30,https://transact.axismf.com/cms/sites/default/files/Statutory/IN_MF_FORTNIGHTLY_PORTFOLIO_AXISMF_15072021.xls,xlsx,,{},2026-08-21 22:49:58.891566+00:00
3c232ddc-6071-4f6d-8cc1-b60c23c407fc,60d0965d-7c08-4b5d-8400-edbf6cbfa05a,portfolio_disclosure,,0071a223-e9cb-4935-950f-6a65a50a8bba,2021-06-30,https://transact.axismf.com/cms/sites/default/files/Statutory/IN_MF_FORTNIGHTLY_PORTFOLIO_AXISMF_15072021.xls,xlsx,,{},2026-08-21 22:49:58.891566+00:00
282c4e05-02a0-4c68-898f-04e562a6ebaa,60d0965d-7c08-4b5d-8400-edbf6cbfa05a,portfolio_disclosure,,c8ddd1c3-dc06-40eb-95a4-94df7ac80a9e,2021-06-30,https://transact.axismf.com/cms/sites/default/files/Statutory/IN_MF_FORTNIGHTLY_PORTFOLIO_AXISMF_15072021.xls,xlsx,,{},2026-08-21 22:49:58.891566+00:00
6128325c-4798-45be-ba76-5b7933868ac6,60d0965d-7c08-4b5d-8400-edbf6cbfa05a,portfolio_disclosure,,f4abfe9e-a7d5-498b-8775-7f55b1122ef6,2021-06-30,https://transact.axismf.com/cms/sites/default/files/Statutory/IN_MF_FORTNIGHTLY_PORTFOLIO_AXISMF_15072021.xls,xlsx,,{},2026-08-21 22:49:58.891566+00:00
8ec987ca-12d5-451c-a015-9757aac84d64,60d0965d-7c08-4b5d-8400-edbf6cbfa05a,portfolio_disclosure,,e4907242-58eb-4fd8-af89-3970302b48b9,2021-06-30,https://transact.axismf.com/cms/sites/default/files/Statutory/IN_MF_FORTNIGHTLY_PORTFOLIO_AXISMF_15072021.xls,xlsx,,{},2026-08-21 22:49:58.891566+00:00
c73728f9-8522-4598-a8f0-c8bfb8ca5b87,60d0965d-7c08-4b5d-8400-edbf6cbfa05a,portfolio_disclosure,,d9d918c0-bd5a-4274-ab3f-81b1b442e0c6,2021-06-30,https://transact.axismf.com/cms/sites/default/files/Statutory/IN_MF_FORTNIGHTLY_PORTFOLIO_AXISMF_15072021.xls,xlsx,,{},2026-08-21 22:49:58.891566+00:00
e70b9fcc-55dc-4b90-9304-fd4216086ada,60d0965d-7c08-4b5d-8400-edbf6cbfa05a,portfolio_disclosure,,9d67803d-bb5e-4e5e-a917-3e50ac2e4a3c,2021-06-30,https://transact.axismf.com/cms/sites/default/files/Statutory/IN_MF_FORTNIGHTLY_PORTFOLIO_AXISMF_15072021.xls,xlsx,,{},2026-08-21 22:49:58.891566+00:00
5dfb6259-8e2d-4c8b-b120-1c2047e2a8ef,60d0965d-7c08-4b5d-8400-edbf6cbfa05a,portfolio_disclosure,,69de7940-31e5-477b-b325-14d7e553b1da,2021-06-30,https://transact.axismf.com/cms/sites/default/files/Statutory/IN_MF_FORTNIGHTLY_PORTFOLIO_AXISMF_15072021.xls,xlsx,,{},2026-08-21 22:49:58.891566+00:00
6c969314-c6f1-4680-a24b-5365e5968ed8,9d14659b-22c5-4297-a8e2-4962256731bc,portfolio_disclosure,,37588945-301e-410e-bed8-920fb4a08914,2021-06-15,https://transact.axismf.com/cms/sites/default/files/Statutory/IN_MF_FORTNIGHTLY_PORTFOLIO_AXISMF_30062021.xls,xlsx,,{},2026-08-21 22:50:10.663499+00:00
e8616447-52cb-4079-8a94-20f2d6d10c67,9d14659b-22c5-4297-a8e2-4962256731bc,portfolio_disclosure,,a2c79a2a-7143-41b0-942b-5dfaf44ee6ec,2021-06-15,https://transact.axismf.com/cms/sites/default/files/Statutory/IN_MF_FORTNIGHTLY_PORTFOLIO_AXISMF_30062021.xls,xlsx,,{},2026-08-21 22:50:10.663499+00:00
f4310c44-9875-47f7-8492-824683f15c89,9d14659b-22c5-4297-a8e2-4962256731bc,portfolio_disclosure,,5a7b501b-7ee4-4ab4-9a00-7f3d1b6b44dd,2021-06-15,https://transact.axismf.com/cms/sites/default/files/Statutory/IN_MF_FORTNIGHTLY_PORTFOLIO_AXISMF_30062021.xls,xlsx,,{},2026-08-21 22:50:10.663499+00:00
b010495e-691f-4d49-a815-3fdc0f40829c,9d14659b-22c5-4297-a8e2-4962256731bc,portfolio_disclosure,,089ad4f8-0726-4036-9d2e-cbcab3d6510b,2021-06-15,https://transact.axismf.com/cms/sites/default/files/Statutory/IN_MF_FORTNIGHTLY_PORTFOLIO_AXISMF_30062021.xls,xlsx,,{},2026-08-21 22:50:10.663499+00:00
c0a9cdb3-cb4a-4e2a-9c16-087fa6f07ae7,9d14659b-22c5-4297-a8e2-4962256731bc,portfolio_disclosure,,493a0538-8cc6-4e58-96d2-310b16af5437,2021-06-15,https://transact.axismf.com/cms/sites/default/files/Statutory/IN_MF_FORTNIGHTLY_PORTFOLIO_AXISMF_30062021.xls,xlsx,,{},2026-08-21 22:50:10.663499+00:00
db8fcf32-7b89-4906-8675-ebc42668dc6d,9d14659b-22c5-4297-a8e2-4962256731bc,portfolio_disclosure,,c58bf1b0-e924-4ee2-921f-e0b9927065ff,2021-06-15,https://transact.axismf.com/cms/sites/default/files/Statutory/IN_MF_FORTNIGHTLY_PORTFOLIO_AXISMF_30062021.xls,xlsx,,{},2026-08-21 22:50:10.663499+00:00
b1c0c7a1-9a3f-480a-b2f3-6b4e63f30d8f,9d14659b-22c5-4297-a8e2-4962256731bc,portfolio_disclosure,,a88afb2a-4500-498c-8826-eb75a81007e4,2021-06-15,https://transact.axismf.com/cms/sites/default/files/Statutory/IN_MF_FORTNIGHTLY_PORTFOLIO_AXISMF_30062021.xls,xlsx,,{},2026-08-21 22:50:10.663499+00:00
c9872bcc-5427-4cce-b23e-8c3bf84c1548,9d14659b-22c5-4297-a8e2-4962256731bc,portfolio_disclosure,,fee41312-9175-4637-a20a-33c1975ebac9,2021-06-15,https://transact.axismf.com/cms/sites/default/files/Statutory/IN_MF_FORTNIGHTLY_PORTFOLIO_AXISMF_30062021.xls,xlsx,,{},2026-08-21 22:50:10.663499+00:00
53bb0b19-5c19-465f-94b1-834c8ae0c7f4,9d14659b-22c5-4297-a8e2-4962256731bc,portfolio_disclosure,,30ef029a-1a4b-473d-b853-c41853801009,2021-06-15,https://transact.axismf.com/cms/sites/default/files/Statutory/IN_MF_FORTNIGHTLY_PORTFOLIO_AXISMF_30062021.xls,xlsx,,{},2026-08-21 22:50:10.663499+00:00
e2e42719-7dfd-4395-8fb2-331bc4046f15,9d14659b-22c5-4297-a8e2-4962256731bc,portfolio_disclosure,,c662c6dd-b13b-4b15-ad86-c5454f900aa3,2021-06-15,https://transact.axismf.com/cms/sites/default/files/Statutory/IN_MF_FORTNIGHTLY_PORTFOLIO_AXISMF_30062021.xls,xlsx,,{},2026-08-21 22:50:10.663499+00:00
9661690f-b0ca-4806-8d51-0192bc9650d3,9d14659b-22c5-4297-a8e2-4962256731bc,portfolio_disclosure,,5feecb60-f168-4921-82e0-2c75e51e6118,2021-06-15,https://transact.axismf.com/cms/sites/default/files/Statutory/IN_MF_FORTNIGHTLY_PORTFOLIO_AXISMF_30062021.xls,xlsx,,{},2026-08-21 22:50:10.663499+00:00
d283263c-f8c0-48b7-9398-481e00bbf84b,9d14659b-22c5-4297-a8e2-4962256731bc,portfolio_disclosure,,5090a28b-2738-4f4d-8cf9-7a99c0997932,2021-06-15,https://transact.axismf.com/cms/sites/default/files/Statutory/IN_MF_FORTNIGHTLY_PORTFOLIO_AXISMF_30062021.xls,xlsx,,{},2026-08-21 22:50:10.663499+00:00
11ee00c0-bb68-47bc-9169-1383440dd240,9d14659b-22c5-4297-a8e2-4962256731bc,portfolio_disclosure,,74caf86b-ff20-412d-b5a2-e2b88e5a5fa8,2021-06-15,https://transact.axismf.com/cms/sites/default/files/Statutory/IN_MF_FORTNIGHTLY_PORTFOLIO_AXISMF_30062021.xls,xlsx,,{},2026-08-21 22:50:10.663499+00:00
f8571d1f-2fce-46dc-8531-ac7ad107952a,9d14659b-22c5-4297-a8e2-4962256731bc,portfolio_disclosure,,3af21aac-4589-499c-9075-e0706c9472df,2021-06-15,https://transact.axismf.com/cms/sites/default/files/Statutory/IN_MF_FORTNIGHTLY_PORTFOLIO_AXISMF_30062021.xls,xlsx,,{},2026-08-21 22:50:10.663499+00:00
b6025f72-aacc-4019-9172-3a7e671cd98e,9d14659b-22c5-4297-a8e2-4962256731bc,portfolio_disclosure,,23c48288-7d6f-4d06-ba5d-e234e166b4c5,2021-06-15,https://transact.axismf.com/cms/sites/default/files/Statutory/IN_MF_FORTNIGHTLY_PORTFOLIO_AXISMF_30062021.xls,xlsx,,{},2026-08-21 22:50:10.663499+00:00
163cb3b7-3875-41fb-a432-ab1d21f1a7ea,9d14659b-22c5-4297-a8e2-4962256731bc,portfolio_disclosure,,e2008567-1bfb-45c7-9d8d-ff079978eb9e,2021-06-15,https://transact.axismf.com/cms/sites/default/files/Statutory/IN_MF_FORTNIGHTLY_PORTFOLIO_AXISMF_30062021.xls,xlsx,,{},2026-08-21 22:50:10.663499+00:00
1540a1a0-3966-4432-a621-a692e36dbfa6,9d14659b-22c5-4297-a8e2-4962256731bc,portfolio_disclosure,,0071a223-e9cb-4935-950f-6a65a50a8bba,2021-06-15,https://transact.axismf.com/cms/sites/default/files/Statutory/IN_MF_FORTNIGHTLY_PORTFOLIO_AXISMF_30062021.xls,xlsx,,{},2026-08-21 22:50:10.663499+00:00
f3e47857-e6ee-4558-aeae-619eb64da4fc,9d14659b-22c5-4297-a8e2-4962256731bc,portfolio_disclosure,,c8ddd1c3-dc06-40eb-95a4-94df7ac80a9e,2021-06-15,https://transact.axismf.com/cms/sites/default/files/Statutory/IN_MF_FORTNIGHTLY_PORTFOLIO_AXISMF_30062021.xls,xlsx,,{},2026-08-21 22:50:10.663499+00:00
74135db3-1008-4f1e-b8b4-9a7ae966ab26,9d14659b-22c5-4297-a8e2-4962256731bc,portfolio_disclosure,,f4abfe9e-a7d5-498b-8775-7f55b1122ef6,2021-06-15,https://transact.axismf.com/cms/sites/default/files/Statutory/IN_MF_FORTNIGHTLY_PORTFOLIO_AXISMF_30062021.xls,xlsx,,{},2026-08-21 22:50:10.663499+00:00
da2da7ca-9c29-4eff-8509-b24f91e8f327,9d14659b-22c5-4297-a8e2-4962256731bc,portfolio_disclosure,,e4907242-58eb-4fd8-af89-3970302b48b9,2021-06-15,https://transact.axismf.com/cms/sites/default/files/Statutory/IN_MF_FORTNIGHTLY_PORTFOLIO_AXISMF_30062021.xls,xlsx,,{},2026-08-21 22:50:10.663499+00:00
b45ee830-1ded-4bdf-8b57-63bb49e4c124,9d14659b-22c5-4297-a8e2-4962256731bc,portfolio_disclosure,,d9d918c0-bd5a-4274-ab3f-81b1b442e0c6,2021-06-15,https://transact.axismf.com/cms/sites/default/files/Statutory/IN_MF_FORTNIGHTLY_PORTFOLIO_AXISMF_30062021.xls,xlsx,,{},2026-08-21 22:50:10.663499+00:00
67bc437b-e841-4f9a-8553-da9640321f17,9d14659b-22c5-4297-a8e2-4962256731bc,portfolio_disclosure,,9d67803d-bb5e-4e5e-a917-3e50ac2e4a3c,2021-06-15,https://transact.axismf.com/cms/sites/default/files/Statutory/IN_MF_FORTNIGHTLY_PORTFOLIO_AXISMF_30062021.xls,xlsx,,{},2026-08-21 22:50:10.663499+00:00
9916c0f3-5f5e-4b89-a79a-f684ed5a99d0,9d14659b-22c5-4297-a8e2-4962256731bc,portfolio_disclosure,,69de7940-31e5-477b-b325-14d7e553b1da,2021-06-15,https://transact.axismf.com/cms/sites/default/files/Statutory/IN_MF_FORTNIGHTLY_PORTFOLIO_AXISMF_30062021.xls,xlsx,,{},2026-08-21 22:50:10.663499+00:00
1e0c115a-b205-476b-bbe0-f9d178b9344b,415d03a5-9848-48ea-9890-3b36214b827c,portfolio_disclosure,,40941545-e2cd-4bbd-a4a5-a28783f3eb7b,2023-09-30,https://amc.ppfas.com/downloads/portfolio-disclosure/2023/PPFCF_PPFAS_Monthly_Portfolio_Report_September_30_2023.xls?10102023,xlsx,,{},2026-08-21 22:50:23.825811+00:00
5c7e2358-4121-4c39-a7b4-4ad35bc2e5d8,8bed772f-6875-434b-b893-46bd48fe6820,portfolio_disclosure,,16c7eb6a-a1d2-4f79-a2ce-10921ccb25a3,2024-10-15,https://amc.ppfas.com/downloads/portfolio-disclosure/fortnightly-debt-portfolio-disclosure/2024/PPCHF_Fortnightly_Portfolio_Report_15-october-2024.xlsx?18102024_2,xlsx,,{},2026-08-21 22:50:24.426153+00:00
bf9b1d2d-e35c-4e99-852a-8c2c5a108912,acefa497-25bd-4988-aeb4-1a201d04884b,portfolio_disclosure,,b4d36eee-8095-4d9f-a2a4-0ae6aa24d706,2026-04-30,https://amc.ppfas.com/downloads/portfolio-disclosure/2026/PPTSF_PPFAS_Monthly_Portfolio_Report_April_30_2026.xlsx?08052026_1,xlsx,,{},2026-08-21 22:50:25.903806+00:00
