id,amc_id,scheme_id,reporting_date,document_id,source_url,parser_version,validation_status,metadata_json,created_at
dcf0a87e-d85b-4a7d-908b-f096a8532005,,a5cbc07f-1e64-4817-8efe-bca3d4a64f5c,2023-04-30,c0748e61-984a-4990-ac3c-71ef2385ce74,https://www.dspim.com/media/pages/mandatory-disclosures/portfolio-disclosures/1ae36f138f-1757771553/dsp-isin-debt-portfolio-as-on-30-april-2023.xlsx,portfolio_excel_v1,validated,{},2026-08-21 22:28:08.968230+00:00
28b94171-7504-450a-a21a-c461e2063bb1,,711bb119-31de-44af-bb63-de60d060214f,2023-04-30,f5dff842-88fd-440c-837e-8ec86a739254,https://www.dspim.com/media/pages/mandatory-disclosures/portfolio-disclosures/1ae36f138f-1757771553/dsp-isin-debt-portfolio-as-on-30-april-2023.xlsx,portfolio_excel_v1,validated,{},2026-08-21 22:28:08.968230+00:00
9e677dec-6abf-4546-b55a-094e76b9fb18,,aa38dd68-4660-4a1b-b174-fd59e0c778fd,2023-04-30,37fd3c37-aa71-475e-a036-260656068f37,https://www.dspim.com/media/pages/mandatory-disclosures/portfolio-disclosures/1ae36f138f-1757771553/dsp-isin-debt-portfolio-as-on-30-april-2023.xlsx,portfolio_excel_v1,validated,{},2026-08-21 22:28:08.968230+00:00
22643a51-52f7-491e-8402-99edcead8da8,,646d8ef3-03fa-43e8-8dec-4f4eb638210c,2023-04-30,733f857e-739b-4990-a090-df1e792b885f,https://www.dspim.com/media/pages/mandatory-disclosures/portfolio-disclosures/1ae36f138f-1757771553/dsp-isin-debt-portfolio-as-on-30-april-2023.xlsx,portfolio_excel_v1,validated,{},2026-08-21 22:28:08.968230+00:00
576d2fff-17f2-47c3-99b9-f157e45032ea,,d63d2a0d-4ec8-49c9-8151-f219e714445f,2023-04-30,1077934a-2ea1-46a0-9200-223a4bd654e5,https://www.dspim.com/media/pages/mandatory-disclosures/portfolio-disclosures/1ae36f138f-1757771553/dsp-isin-debt-portfolio-as-on-30-april-2023.xlsx,portfolio_excel_v1,validated,{},2026-08-21 22:28:08.968230+00:00
551a5203-3c95-4b5a-9daf-cf2a35524a63,,8b8a7181-1a62-463c-9637-38515e3a4973,2023-04-30,d69c102c-ea96-4291-bab6-f11227b04fdb,https://www.dspim.com/media/pages/mandatory-disclosures/portfolio-disclosures/1ae36f138f-1757771553/dsp-isin-debt-portfolio-as-on-30-april-2023.xlsx,portfolio_excel_v1,validated,{},2026-08-21 22:28:08.968230+00:00
b04e2240-e78a-4780-ae55-0f23beee477d,,aa29e284-5e02-4951-ae02-ed98535dc61e,2023-04-30,0b83c501-cff2-4229-aff2-cbe9c7c6f70a,https://www.dspim.com/media/pages/mandatory-disclosures/portfolio-disclosures/1ae36f138f-1757771553/dsp-isin-debt-portfolio-as-on-30-april-2023.xlsx,portfolio_excel_v1,validated,{},2026-08-21 22:28:08.968230+00:00
f8afd568-b109-44ac-ba3e-5225892fef9f,,f1c6f3aa-b829-4406-a6f8-03734bf4a16f,2023-04-30,26ee88fc-4002-463a-84bb-6347aae5b8ae,https://www.dspim.com/media/pages/mandatory-disclosures/portfolio-disclosures/1ae36f138f-1757771553/dsp-isin-debt-portfolio-as-on-30-april-2023.xlsx,portfolio_excel_v1,validated,{},2026-08-21 22:28:08.968230+00:00
ee7f77d7-6936-4d83-ba59-9e88403bb081,,e3c71b64-92f1-4db4-a6f7-1c0008e69c4c,2023-04-30,cdd6705c-f279-4f02-a1bd-6bd63d26b4c1,https://www.dspim.com/media/pages/mandatory-disclosures/portfolio-disclosures/1ae36f138f-1757771553/dsp-isin-debt-portfolio-as-on-30-april-2023.xlsx,portfolio_excel_v1,validated,{},2026-08-21 22:28:08.968230+00:00
d752970f-f545-4c22-b17e-1cb88a905642,,bc6afebe-de89-4d43-a319-3a0352ead9be,2023-04-30,c8525cf4-e02c-44e1-830f-7c6a2bb5b7ae,https://www.dspim.com/media/pages/mandatory-disclosures/portfolio-disclosures/1ae36f138f-1757771553/dsp-isin-debt-portfolio-as-on-30-april-2023.xlsx,portfolio_excel_v1,validated,{},2026-08-21 22:28:08.968230+00:00
fdd0027b-0401-4d6d-998f-e43261872872,,7acbdaac-6b00-42f0-8aa5-b4ef1d6b484d,2023-04-30,cf52d141-ca0d-4877-b67d-5198a5001578,https://www.dspim.com/media/pages/mandatory-disclosures/portfolio-disclosures/1ae36f138f-1757771553/dsp-isin-debt-portfolio-as-on-30-april-2023.xlsx,portfolio_excel_v1,validated,{},2026-08-21 22:28:08.968230+00:00
dead7470-4f29-4afc-8b73-40d16e6240a4,,75700a69-71bb-4ab4-b736-12846754c6fa,2023-04-30,e485e7dd-574d-446c-ab82-ba64472e3d45,https://www.dspim.com/media/pages/mandatory-disclosures/portfolio-disclosures/1ae36f138f-1757771553/dsp-isin-debt-portfolio-as-on-30-april-2023.xlsx,portfolio_excel_v1,validated,{},2026-08-21 22:28:08.968230+00:00
58a2a794-3677-48a2-a932-29a7511b4791,,a1098ad6-91b7-4f2b-83c4-9adf731d7ed9,2023-04-30,d81b5681-73f1-4f36-88e0-3f863ab0711d,https://www.dspim.com/media/pages/mandatory-disclosures/portfolio-disclosures/1ae36f138f-1757771553/dsp-isin-debt-portfolio-as-on-30-april-2023.xlsx,portfolio_excel_v1,validated,{},2026-08-21 22:28:08.968230+00:00
238fc44a-9b8a-44b9-be62-eab288fa9118,,9f75a983-484e-45e0-9905-bf47dbfc8900,2023-04-30,f37e36ec-3599-43f9-b51f-1aa53fa12709,https://www.dspim.com/media/pages/mandatory-disclosures/portfolio-disclosures/1ae36f138f-1757771553/dsp-isin-debt-portfolio-as-on-30-april-2023.xlsx,portfolio_excel_v1,validated,{},2026-08-21 22:28:08.968230+00:00
afd7528a-383e-4192-b89e-9e2c631e19d0,,23b7b409-3bf3-43a4-9fc7-6f669191e049,2024-06-30,e92a8b20-b3c9-46eb-b0fe-2ba6828481c9,https://www.dspim.com/media/pages/mandatory-disclosures/portfolio-disclosures/901b3e3f5a-1757771557/monthend-portfolio-june-2024.zip,portfolio_excel_v1,validated,{},2026-08-21 22:48:03.398021+00:00
f8c1b423-c425-4b1f-b5e9-59d3aaa04684,,1a13cc0b-13f6-4ccf-8b4c-d30f8b5e1a21,2024-06-30,704d4874-7247-4744-8c58-87915a0bfec1,https://www.dspim.com/media/pages/mandatory-disclosures/portfolio-disclosures/901b3e3f5a-1757771557/monthend-portfolio-june-2024.zip,portfolio_excel_v1,validated,{},2026-08-21 22:48:03.398021+00:00
b4ccfd3e-e9ca-4e7e-97a4-818a8bff1a3d,,5312fab6-79e3-4d73-afd2-8c783c017e29,2024-06-30,281d18b3-b14b-43b1-9de6-f1f6013cd0ae,https://www.dspim.com/media/pages/mandatory-disclosures/portfolio-disclosures/901b3e3f5a-1757771557/monthend-portfolio-june-2024.zip,portfolio_excel_v1,validated,{},2026-08-21 22:48:03.398021+00:00
3c1827ae-b036-4594-bc7c-669a917a090e,,6d9d50a1-fae6-4b15-86b4-9e3fa18534c4,2024-06-30,023036ef-bc7c-478e-8918-0a6a3b971107,https://www.dspim.com/media/pages/mandatory-disclosures/portfolio-disclosures/901b3e3f5a-1757771557/monthend-portfolio-june-2024.zip,portfolio_excel_v1,validated,{},2026-08-21 22:48:03.398021+00:00
92934ff9-1bf6-4136-abad-0ff041399bfb,,b8814138-f9e9-4171-817c-c0fcb9943765,2024-06-30,f5d1da12-a189-49ee-94b0-641e44ef1539,https://www.dspim.com/media/pages/mandatory-disclosures/portfolio-disclosures/901b3e3f5a-1757771557/monthend-portfolio-june-2024.zip,portfolio_excel_v1,validated,{},2026-08-21 22:48:03.398021+00:00
4579696c-9f43-4f94-9227-651fc0319fe9,,e2055c57-44de-4189-86b1-c11f86baaee8,2024-06-30,a8a3c12e-43fa-4ee2-a142-c3e86c5ea953,https://www.dspim.com/media/pages/mandatory-disclosures/portfolio-disclosures/901b3e3f5a-1757771557/monthend-portfolio-june-2024.zip,portfolio_excel_v1,validated,{},2026-08-21 22:48:03.398021+00:00
38f85f86-713c-4484-a12f-2a5859184c24,,e9f9c43b-6638-470a-9c56-64919e358f0c,2024-06-30,e4fcb7ac-8f88-4481-acef-e6f5206b639e,https://www.dspim.com/media/pages/mandatory-disclosures/portfolio-disclosures/901b3e3f5a-1757771557/monthend-portfolio-june-2024.zip,portfolio_excel_v1,validated,{},2026-08-21 22:48:03.398021+00:00
54dbe43f-cfb4-4166-bb09-4f0ff48053ca,,e2008567-1bfb-45c7-9d8d-ff079978eb9e,2021-06-30,cc7f19d0-a194-4e2c-8c35-3c71e436002d,https://transact.axismf.com/cms/sites/default/files/Statutory/IN_MF_FORTNIGHTLY_PORTFOLIO_AXISMF_15072021.xls,portfolio_excel_v1,validated,{},2026-08-21 22:49:58.891566+00:00
0dea18a8-b605-46f7-bad4-1d313fe3041c,,0071a223-e9cb-4935-950f-6a65a50a8bba,2021-06-30,3c232ddc-6071-4f6d-8cc1-b60c23c407fc,https://transact.axismf.com/cms/sites/default/files/Statutory/IN_MF_FORTNIGHTLY_PORTFOLIO_AXISMF_15072021.xls,portfolio_excel_v1,validated,{},2026-08-21 22:49:58.891566+00:00
879b92f3-4941-4895-870b-c3eb48c218a2,,c8ddd1c3-dc06-40eb-95a4-94df7ac80a9e,2021-06-30,282c4e05-02a0-4c68-898f-04e562a6ebaa,https://transact.axismf.com/cms/sites/default/files/Statutory/IN_MF_FORTNIGHTLY_PORTFOLIO_AXISMF_15072021.xls,portfolio_excel_v1,validated,{},2026-08-21 22:49:58.891566+00:00
13f51b5e-81bb-439c-9fb1-73a8517989d6,,f4abfe9e-a7d5-498b-8775-7f55b1122ef6,2021-06-30,6128325c-4798-45be-ba76-5b7933868ac6,https://transact.axismf.com/cms/sites/default/files/Statutory/IN_MF_FORTNIGHTLY_PORTFOLIO_AXISMF_15072021.xls,portfolio_excel_v1,validated,{},2026-08-21 22:49:58.891566+00:00
dd454cb2-6c59-4c6c-b8ae-adb8afb44272,,f3839e55-9dd9-4e5a-815f-b9125c1200e8,2023-04-30,2c13298b-e407-459b-9489-75ee87b22da2,https://www.dspim.com/media/pages/mandatory-disclosures/portfolio-disclosures/1ae36f138f-1757771553/dsp-isin-debt-portfolio-as-on-30-april-2023.xlsx,portfolio_excel_v1,validated,{},2026-08-21 22:28:08.968230+00:00
ef504ea4-3d11-4782-9388-c4491f323f29,,1bd7a4cc-c18b-424e-82ee-462d6ec6a1c1,2023-04-30,06ac18d4-2fe0-4060-afcd-efd20494a1e8,https://www.dspim.com/media/pages/mandatory-disclosures/portfolio-disclosures/1ae36f138f-1757771553/dsp-isin-debt-portfolio-as-on-30-april-2023.xlsx,portfolio_excel_v1,validated,{},2026-08-21 22:28:08.968230+00:00
08180163-e2b7-47f6-b1ca-a69843c50340,,6bf4afad-27c9-430a-9ddf-7f738f44369d,2023-04-30,393b5f65-95d9-4849-b637-e1c3a24a388a,https://www.dspim.com/media/pages/mandatory-disclosures/portfolio-disclosures/1ae36f138f-1757771553/dsp-isin-debt-portfolio-as-on-30-april-2023.xlsx,portfolio_excel_v1,validated,{},2026-08-21 22:28:08.968230+00:00
b90689ce-b04b-4728-9417-d7d5cf29a889,,d3054566-387e-4c09-ae37-8f6734e2b928,2023-04-30,4b367f2c-5ee5-4361-8dd6-330ca3ea559b,https://www.dspim.com/media/pages/mandatory-disclosures/portfolio-disclosures/1ae36f138f-1757771553/dsp-isin-debt-portfolio-as-on-30-april-2023.xlsx,portfolio_excel_v1,validated,{},2026-08-21 22:28:08.968230+00:00
99d7c8e0-e9e2-4665-b808-5d81bdfbd7eb,,9c2c7293-3cb9-4dde-b834-220990d0fc56,2023-04-30,1fe709bd-25ce-4988-981f-dab2e1a9aff6,https://www.dspim.com/media/pages/mandatory-disclosures/portfolio-disclosures/1ae36f138f-1757771553/dsp-isin-debt-portfolio-as-on-30-april-2023.xlsx,portfolio_excel_v1,validated,{},2026-08-21 22:28:08.968230+00:00
d9429dab-a237-43e3-a000-b146827512ff,,d849e5ef-f534-4669-bd1d-bf016be402cf,2026-07-31,a9cf7530-0e11-41b0-8a09-0fd3e8cfb94c,https://www.miraeassetmf.co.in/docs/default-source/portfolios/mdbf-july2026.xlsx,portfolio_excel_v1,validated,{},2026-08-21 22:28:31.892264+00:00
7288268d-4866-444f-83f1-848813aa4de8,,e9acd595-59bc-4aa5-86cd-e7120791b10c,2026-08-15,6f99174d-8ba8-4429-a08f-b3f47b8a0974,https://www.miraeassetmf.co.in/docs/default-source/portfolios/mammf_15082026.xlsx,portfolio_excel_v1,validated,{},2026-08-21 22:28:32.298587+00:00
0d00ad8a-dea6-4259-a506-ba3b7865a52b,,56c2aa6a-07f7-44ea-af7c-1edb48b98901,2026-08-15,99879fd4-5146-4e7b-8ef8-3964c381d542,https://www.miraeassetmf.co.in/docs/default-source/portfolios/mausf_15082026.xlsx,portfolio_excel_v1,validated,{},2026-08-21 22:28:33.341738+00:00
f855102e-8f88-4045-a52a-5715438a96de,,65a300f7-9dd5-4c4f-812d-e9b4475a6bea,2026-08-15,6529a416-2fe6-4a49-8633-2cf4d74f405d,https://www.miraeassetmf.co.in/docs/default-source/portfolios/1dgrowth_15082026.xlsx,portfolio_excel_v1,validated,{},2026-08-21 22:28:34.297141+00:00
efdcd646-83a4-402c-9591-178f922be735,,e70b03f7-000c-4e0c-bd3a-478d7828489e,2026-08-15,ba81fa45-b2a7-4306-a091-129a9063ec05,https://www.miraeassetmf.co.in/docs/default-source/portfolios/ipafof_15082026.xlsx,portfolio_excel_v1,validated,{},2026-08-21 22:28:34.843915+00:00
a27952a9-a93c-4a45-a163-9c6ecf55dfda,,8534eaa3-27bb-4334-b299-55682597fd70,2026-08-15,fa1d9f75-9197-48af-b9cd-b2709a43dd40,https://www.miraeassetmf.co.in/docs/default-source/portfolios/macif_15082026.xlsx,portfolio_excel_v1,validated,{},2026-08-21 22:28:35.365581+00:00
c8e858cc-96aa-460f-a450-90c5624ad51c,,7c027c26-6406-492a-8aa1-28af5e9bc686,2026-08-15,f69e0137-86dc-46a3-af90-0ced3c8d0ef7,https://www.miraeassetmf.co.in/docs/default-source/portfolios/912ibxfs_15082026.xlsx,portfolio_excel_v1,validated,{},2026-08-21 22:28:35.849599+00:00
4385658a-d467-49a6-9309-08aa51c8528d,,c6630df7-c2ba-4a40-ad38-33c94530772e,2026-08-15,26cc0d87-f0a9-447b-93a3-6a61daf37ff6,https://www.miraeassetmf.co.in/docs/default-source/portfolios/maonf_15082026.xlsx,portfolio_excel_v1,validated,{},2026-08-21 22:28:36.442168+00:00
edd551d2-a0c4-4472-9f59-c7fa8c42470d,,bc6afebe-de89-4d43-a319-3a0352ead9be,2021-07-15,ea5a9fa3-41af-4f2e-8671-2a6a0d1d4bea,https://www.dspim.com/media/pages/mandatory-disclosures/portfolio-disclosures/b5b7270081-1757771552/dsp-debt-isin-portfolio-15th-july-2021.xlsx,portfolio_excel_v1,validated,{},2026-08-21 22:47:52.294394+00:00
ac7c09ed-c320-42bc-8abc-9ade4fb61c93,,7acbdaac-6b00-42f0-8aa5-b4ef1d6b484d,2021-07-15,f43f7357-2d40-4e86-9306-3a944b46d1d3,https://www.dspim.com/media/pages/mandatory-disclosures/portfolio-disclosures/b5b7270081-1757771552/dsp-debt-isin-portfolio-15th-july-2021.xlsx,portfolio_excel_v1,validated,{},2026-08-21 22:47:52.294394+00:00
4720fe98-a619-48d6-96ed-04786658e580,,b1f4d9a6-c095-4c09-b573-a69cead5f76d,2021-07-15,f8683b6f-a062-4f8e-b0a3-33293f6411b7,https://www.dspim.com/media/pages/mandatory-disclosures/portfolio-disclosures/b5b7270081-1757771552/dsp-debt-isin-portfolio-15th-july-2021.xlsx,portfolio_excel_v1,validated,{},2026-08-21 22:47:52.294394+00:00
470bb170-ce67-4e31-a36e-920ae5d37543,,b162ae66-4ebc-411d-86fc-d7e0e731ff05,2021-07-15,cb55a609-3cc9-44f9-9c00-16de77832734,https://www.dspim.com/media/pages/mandatory-disclosures/portfolio-disclosures/b5b7270081-1757771552/dsp-debt-isin-portfolio-15th-july-2021.xlsx,portfolio_excel_v1,validated,{},2026-08-21 22:47:52.294394+00:00
24b2aff0-1a07-4d53-a13d-197e7f110b34,,e3529857-1678-4db3-bd32-18f6a1ac969f,2021-07-15,6d58bb1f-ff97-4a7e-a45e-a4295baab7a0,https://www.dspim.com/media/pages/mandatory-disclosures/portfolio-disclosures/b5b7270081-1757771552/dsp-debt-isin-portfolio-15th-july-2021.xlsx,portfolio_excel_v1,validated,{},2026-08-21 22:47:52.294394+00:00
fd3e8a0f-01c9-435d-abfd-0a4a9ac4dce2,,bdc02903-2a2a-4fa2-a861-74bc2b9b67f8,2021-07-15,8599343d-0fdd-4a06-8904-501d8fc8dd47,https://www.dspim.com/media/pages/mandatory-disclosures/portfolio-disclosures/b5b7270081-1757771552/dsp-debt-isin-portfolio-15th-july-2021.xlsx,portfolio_excel_v1,validated,{},2026-08-21 22:47:52.294394+00:00
6aaa8e03-9440-4b3c-b09f-b3407d1f3e47,,a7588323-9c4d-4b3f-b322-3cb18d14e321,2021-07-15,ae490df0-72db-491d-964f-11acce7015e8,https://www.dspim.com/media/pages/mandatory-disclosures/portfolio-disclosures/b5b7270081-1757771552/dsp-debt-isin-portfolio-15th-july-2021.xlsx,portfolio_excel_v1,validated,{},2026-08-21 22:47:52.294394+00:00
a4a0d05b-6013-4601-bb3a-1999f3f2157b,,c0fea4ad-278c-47c5-ab04-4a941609d77f,2021-07-15,1e76fbf5-a899-4db0-ad29-5c3a09f403f5,https://www.dspim.com/media/pages/mandatory-disclosures/portfolio-disclosures/b5b7270081-1757771552/dsp-debt-isin-portfolio-15th-july-2021.xlsx,portfolio_excel_v1,validated,{},2026-08-21 22:47:52.294394+00:00
012ee2df-67a2-4f8f-a587-fac3e48c5ae4,,800fef46-b889-4318-8385-f128e5aab07d,2021-07-15,4a992088-d1c3-4046-9064-98f60b8da8a7,https://www.dspim.com/media/pages/mandatory-disclosures/portfolio-disclosures/b5b7270081-1757771552/dsp-debt-isin-portfolio-15th-july-2021.xlsx,portfolio_excel_v1,validated,{},2026-08-21 22:47:52.294394+00:00
e7dfe9a4-baec-4bdc-86eb-01fcb6f40701,,bd80d066-2c13-4f1d-9cd4-a8c866a6681c,2024-06-30,2fe6c167-8b26-48f4-8d22-7bf32e819376,https://www.dspim.com/media/pages/mandatory-disclosures/portfolio-disclosures/901b3e3f5a-1757771557/monthend-portfolio-june-2024.zip,portfolio_excel_v1,validated,{},2026-08-21 22:48:03.398021+00:00
685fac4c-29e5-4452-9122-cc6aae0a91db,,adf1703e-0789-4876-aa36-b5aa3b3a858f,2024-06-30,342e8790-b454-4d3c-9ce9-f9154601a73f,https://www.dspim.com/media/pages/mandatory-disclosures/portfolio-disclosures/901b3e3f5a-1757771557/monthend-portfolio-june-2024.zip,portfolio_excel_v1,validated,{},2026-08-21 22:48:03.398021+00:00
1cd7bcde-3718-482a-9483-838574c72735,,140855d0-70f4-4855-8bab-15138694cae9,2024-06-30,96bfa3eb-5bc9-450d-a73f-9dc8f2f9ecb0,https://www.dspim.com/media/pages/mandatory-disclosures/portfolio-disclosures/901b3e3f5a-1757771557/monthend-portfolio-june-2024.zip,portfolio_excel_v1,validated,{},2026-08-21 22:48:03.398021+00:00
d671160b-e7cd-4a48-8557-7242375349d2,,45b971d6-ac22-4a25-906a-1a8c5152247d,2024-06-30,c0ca8865-973c-4bfa-8d2c-e0d9491d9a3a,https://www.dspim.com/media/pages/mandatory-disclosures/portfolio-disclosures/901b3e3f5a-1757771557/monthend-portfolio-june-2024.zip,portfolio_excel_v1,validated,{},2026-08-21 22:48:03.398021+00:00
b056e71f-bd95-4939-a2c1-1367acb2054d,,85d121ff-e201-4d26-9dcb-363463b178a7,2024-06-30,f86f6bfa-d8fc-4226-996e-4f435a93ad46,https://www.dspim.com/media/pages/mandatory-disclosures/portfolio-disclosures/901b3e3f5a-1757771557/monthend-portfolio-june-2024.zip,portfolio_excel_v1,validated,{},2026-08-21 22:48:03.398021+00:00
1eebaf52-350c-4f21-9951-54370eb68dad,,04185d3a-9e08-42c8-900c-85be6a97f84e,2026-07-31,eac04f54-3b11-4f01-80b0-26d3345cc866,https://www.miraeassetmf.co.in/docs/default-source/portfolios/alpha-july2026.xlsx,portfolio_excel_v1,validated,{},2026-08-21 22:28:47.258802+00:00
a96ee8c2-5907-4ad0-b428-c6af28438ca7,,f7386d56-25fd-41d0-b1d9-65a0e7ed1d71,2026-07-31,339cf275-3c72-46e5-93e9-bbadcf49ea3c,https://www.miraeassetmf.co.in/docs/default-source/portfolios/evetf-july2026.xlsx,portfolio_excel_v1,validated,{},2026-08-21 22:28:47.981522+00:00
3b43abb7-85fd-4a7c-ad0d-673bbd6c9d08,,c1da856a-7871-4864-9918-ee3b626cbb54,2026-08-15,89675da5-c9a8-4699-b94e-488c736a691b,https://www.invescomutualfund.com/docs/default-source/fortnightly-holdings/gilt-fund4e3ffe07eee8616aaa28ff00007d74af.xlsx?sfvrsn=59d79fc2_0,portfolio_excel_v1,validated,{},2026-08-21 22:28:53.041732+00:00
8df80959-b26e-4ba7-86c7-1b6adb3b76b6,,8f67829a-a1b9-4290-bcdd-efb203c8a738,2026-08-15,a877c7da-e355-47dd-824b-14172e668859,https://www.invescomutualfund.com/docs/default-source/fortnightly-holdings/nifty-g-sec-jul-20279f3efe07eee8616aaa28ff00007d74af.xlsx?sfvrsn=88d69fc2_0,portfolio_excel_v1,validated,{},2026-08-21 22:28:53.715151+00:00
87a26a24-d02a-4760-8a36-ee7270584927,,b92e8310-5c68-4a29-b91b-27893200ffd2,2021-07-15,0b51f0fd-0c57-4655-8495-2695b319a057,https://www.dspim.com/media/pages/mandatory-disclosures/portfolio-disclosures/b5b7270081-1757771552/dsp-debt-isin-portfolio-15th-july-2021.xlsx,portfolio_excel_v1,validated,{},2026-08-21 22:47:52.294394+00:00
3ed81b8a-bd09-4b1a-bebe-0210f755e663,,a18722cc-6b48-43fe-9c48-3d037bf493bf,2021-07-15,0e4c327f-02c7-4a11-aa89-e55cb6e75209,https://www.dspim.com/media/pages/mandatory-disclosures/portfolio-disclosures/b5b7270081-1757771552/dsp-debt-isin-portfolio-15th-july-2021.xlsx,portfolio_excel_v1,validated,{},2026-08-21 22:47:52.294394+00:00
1babb57a-f7fc-4ba3-8269-4f334726dc7b,,39bd5974-4c82-4457-bfd8-bfead40cd71f,2024-08-31,ef33e629-77de-4638-ba63-cb4f0e93ffe0,https://www.dspim.com/media/pages/mandatory-disclosures/portfolio-disclosures/025552f476-1757771553/dsp-isin-debt-portfolio-as-on-31-aug-2024.xlsx,portfolio_excel_v1,validated,{},2026-08-21 22:47:56.841927+00:00
8a5fff29-1787-41f7-a8a7-f43585cde4f2,,4c0b62ae-5310-4f78-9daf-9dc2c317b347,2024-08-31,c169aa26-7129-4ba9-aa37-c580b4db1126,https://www.dspim.com/media/pages/mandatory-disclosures/portfolio-disclosures/025552f476-1757771553/dsp-isin-debt-portfolio-as-on-31-aug-2024.xlsx,portfolio_excel_v1,validated,{},2026-08-21 22:47:56.841927+00:00
23f1cccc-9625-422b-97b6-c927be51572b,,4b79d7b6-ca96-4225-965f-f0e1a7993d18,2024-08-31,c34d868e-9c8c-44e2-abb6-20c271346879,https://www.dspim.com/media/pages/mandatory-disclosures/portfolio-disclosures/025552f476-1757771553/dsp-isin-debt-portfolio-as-on-31-aug-2024.xlsx,portfolio_excel_v1,validated,{},2026-08-21 22:47:56.841927+00:00
621774cd-aad6-4f6e-b637-0d320be946c3,,d7d97876-3f48-4125-a93c-5fadd10b4402,2024-08-31,d0d5a5ec-d487-4094-9908-13d184fe910d,https://www.dspim.com/media/pages/mandatory-disclosures/portfolio-disclosures/025552f476-1757771553/dsp-isin-debt-portfolio-as-on-31-aug-2024.xlsx,portfolio_excel_v1,validated,{},2026-08-21 22:47:56.841927+00:00
5812c91a-00bb-4abc-9a01-e25f369536bd,,711bb119-31de-44af-bb63-de60d060214f,2024-08-31,c45739e9-216d-4745-8439-a8b17ec46ae9,https://www.dspim.com/media/pages/mandatory-disclosures/portfolio-disclosures/025552f476-1757771553/dsp-isin-debt-portfolio-as-on-31-aug-2024.xlsx,portfolio_excel_v1,validated,{},2026-08-21 22:47:56.841927+00:00
e15d0b17-889e-4605-802b-c1e5e439ebdf,,a5cbc07f-1e64-4817-8efe-bca3d4a64f5c,2024-08-31,f709ae71-89e3-453b-b4bc-e75d488c3b9d,https://www.dspim.com/media/pages/mandatory-disclosures/portfolio-disclosures/025552f476-1757771553/dsp-isin-debt-portfolio-as-on-31-aug-2024.xlsx,portfolio_excel_v1,validated,{},2026-08-21 22:47:56.841927+00:00
c82ccbc2-f363-4955-88d9-96af8656d8e3,,aa38dd68-4660-4a1b-b174-fd59e0c778fd,2024-08-31,08e2b1f0-fdeb-463d-bbed-6bdd444fd3fd,https://www.dspim.com/media/pages/mandatory-disclosures/portfolio-disclosures/025552f476-1757771553/dsp-isin-debt-portfolio-as-on-31-aug-2024.xlsx,portfolio_excel_v1,validated,{},2026-08-21 22:47:56.841927+00:00
850495db-f215-46fd-958b-79589660acff,,1de88c3b-aa99-4154-b02c-c4f9360aca01,2024-08-31,a3b3c0f7-0dd5-4086-8608-a0fd9ab41258,https://www.dspim.com/media/pages/mandatory-disclosures/portfolio-disclosures/025552f476-1757771553/dsp-isin-debt-portfolio-as-on-31-aug-2024.xlsx,portfolio_excel_v1,validated,{},2026-08-21 22:47:56.841927+00:00
2f586bfd-5d55-4adc-beb5-e4ed832ffcbc,,d63d2a0d-4ec8-49c9-8151-f219e714445f,2024-08-31,839e6d3e-cc58-4913-a746-70e1649b372b,https://www.dspim.com/media/pages/mandatory-disclosures/portfolio-disclosures/025552f476-1757771553/dsp-isin-debt-portfolio-as-on-31-aug-2024.xlsx,portfolio_excel_v1,validated,{},2026-08-21 22:47:56.841927+00:00
dbdb7794-627c-45b8-b5b9-b24c73dd9770,,8b8a7181-1a62-463c-9637-38515e3a4973,2024-08-31,b9cbdd84-17ae-4b35-b6c8-c18406ce0154,https://www.dspim.com/media/pages/mandatory-disclosures/portfolio-disclosures/025552f476-1757771553/dsp-isin-debt-portfolio-as-on-31-aug-2024.xlsx,portfolio_excel_v1,validated,{},2026-08-21 22:47:56.841927+00:00
b0ace126-fcdc-452a-94dd-d8b77ed9cb4d,,aa29e284-5e02-4951-ae02-ed98535dc61e,2024-08-31,f3ab533b-e95b-46b2-9d9b-756380ad0381,https://www.dspim.com/media/pages/mandatory-disclosures/portfolio-disclosures/025552f476-1757771553/dsp-isin-debt-portfolio-as-on-31-aug-2024.xlsx,portfolio_excel_v1,validated,{},2026-08-21 22:47:56.841927+00:00
f61d3bd2-1c3f-4293-8878-f2c305d7edad,,5aa50d40-bc27-436e-9b1f-e0dd0a684fbb,2024-06-30,d91851ba-5b04-477e-adb3-d7452172cf27,https://www.dspim.com/media/pages/mandatory-disclosures/portfolio-disclosures/901b3e3f5a-1757771557/monthend-portfolio-june-2024.zip,portfolio_excel_v1,validated,{},2026-08-21 22:48:03.398021+00:00
de255130-11e2-46f6-8afb-c096013f530f,,9769137d-e527-4992-b781-4e7f411ae8f1,2024-06-30,9cc3a7b5-be9f-46d3-b82e-0cf2200104c4,https://www.dspim.com/media/pages/mandatory-disclosures/portfolio-disclosures/901b3e3f5a-1757771557/monthend-portfolio-june-2024.zip,portfolio_excel_v1,validated,{},2026-08-21 22:48:03.398021+00:00
1f4c7921-18d6-4f8c-9520-5f84e67328fb,,468d1988-2cd7-484a-99dc-a4d3d076125a,2024-06-30,bc16fa56-d0ce-4058-9425-f1ddb4674d57,https://www.dspim.com/media/pages/mandatory-disclosures/portfolio-disclosures/901b3e3f5a-1757771557/monthend-portfolio-june-2024.zip,portfolio_excel_v1,validated,{},2026-08-21 22:48:03.398021+00:00
c40563b0-e519-4bf7-8a93-c5359e8d8d4b,,ed4c515b-a4fa-4f01-8590-f76f9605250b,2024-06-30,09125dc9-cfee-4af7-8a58-1bedf9ca6ba4,https://www.dspim.com/media/pages/mandatory-disclosures/portfolio-disclosures/901b3e3f5a-1757771557/monthend-portfolio-june-2024.zip,portfolio_excel_v1,validated,{},2026-08-21 22:48:03.398021+00:00
d4a369f0-f06b-47b9-abd7-31b74763c8d0,,c9e1bf08-0e20-4bcd-959f-ed3e1e1d5e25,2024-06-30,8e2a08c5-55d6-4a49-b21f-7473608a6231,https://www.dspim.com/media/pages/mandatory-disclosures/portfolio-disclosures/901b3e3f5a-1757771557/monthend-portfolio-june-2024.zip,portfolio_excel_v1,validated,{},2026-08-21 22:48:03.398021+00:00
418e9b75-c2be-4ed7-abe0-254943b385fd,,a0850d95-31f9-4efb-b55b-0df8be5f36a6,2024-06-30,7b007051-5fd2-42c4-97bc-4f51fe195e0c,https://www.dspim.com/media/pages/mandatory-disclosures/portfolio-disclosures/901b3e3f5a-1757771557/monthend-portfolio-june-2024.zip,portfolio_excel_v1,validated,{},2026-08-21 22:48:03.398021+00:00
84c7c2c8-d8ad-4f39-a02f-68261ba1bf8a,,984577b3-7d64-4a0d-8736-ebfcb559ea1c,2026-08-22,edf9caae-57b2-4b3f-b03a-12fb932e2431,https://www.licmf.com/assets/downloads/portfolio/fortnightly/2024/3/LDMNMF21-03-2024-23:07:41.xlsx,portfolio_excel_v1,validated,{},2026-08-21 22:33:37.901944+00:00
daf9b179-a582-4650-955e-06a7309846c9,,9a9e24b1-1f5a-44a2-9a30-3bf8a6b94482,2026-08-22,70201a7d-342b-4089-bcb7-31386d20b61c,https://www.licmf.com/assets/downloads/portfolio/fortnightly/2022/2/LDUSTF17-02-2022-18:43:13.xlsx,portfolio_excel_v1,validated,{},2026-08-21 22:33:38.313576+00:00
9629c1aa-c035-4c94-a9c4-f738eda2e623,,f1c6f3aa-b829-4406-a6f8-03734bf4a16f,2024-08-31,e047ec56-9a2f-426b-8b68-1039f073f7d6,https://www.dspim.com/media/pages/mandatory-disclosures/portfolio-disclosures/025552f476-1757771553/dsp-isin-debt-portfolio-as-on-31-aug-2024.xlsx,portfolio_excel_v1,validated,{},2026-08-21 22:47:56.841927+00:00
735ea708-b5c1-4433-a5ca-840135773abe,,e3c71b64-92f1-4db4-a6f7-1c0008e69c4c,2024-08-31,3c45d045-c9ae-457f-b1ec-f44ebd72181c,https://www.dspim.com/media/pages/mandatory-disclosures/portfolio-disclosures/025552f476-1757771553/dsp-isin-debt-portfolio-as-on-31-aug-2024.xlsx,portfolio_excel_v1,validated,{},2026-08-21 22:47:56.841927+00:00
52a6080c-9d80-41a2-b7ac-9768bdd7aa86,,bcdfc686-5907-43dd-8412-1158d4f21d83,2024-08-31,6321daed-b975-4bbd-8971-105a634c7142,https://www.dspim.com/media/pages/mandatory-disclosures/portfolio-disclosures/025552f476-1757771553/dsp-isin-debt-portfolio-as-on-31-aug-2024.xlsx,portfolio_excel_v1,validated,{},2026-08-21 22:47:56.841927+00:00
abfc42bc-dd58-48df-be02-f4b3eb09d92d,,bc6afebe-de89-4d43-a319-3a0352ead9be,2024-08-31,f0be20f6-f2e7-40d9-8498-85d59f740350,https://www.dspim.com/media/pages/mandatory-disclosures/portfolio-disclosures/025552f476-1757771553/dsp-isin-debt-portfolio-as-on-31-aug-2024.xlsx,portfolio_excel_v1,validated,{},2026-08-21 22:47:56.841927+00:00
944459e8-4524-4bf9-b641-05454418243d,,7acbdaac-6b00-42f0-8aa5-b4ef1d6b484d,2024-08-31,699e7bc8-953a-4e6a-b823-f389596c61c2,https://www.dspim.com/media/pages/mandatory-disclosures/portfolio-disclosures/025552f476-1757771553/dsp-isin-debt-portfolio-as-on-31-aug-2024.xlsx,portfolio_excel_v1,validated,{},2026-08-21 22:47:56.841927+00:00
8d738b1c-9b7f-44dd-9c6f-7e1ca946e7eb,,75700a69-71bb-4ab4-b736-12846754c6fa,2024-08-31,c1208142-4dda-45b0-aa39-219145055b5c,https://www.dspim.com/media/pages/mandatory-disclosures/portfolio-disclosures/025552f476-1757771553/dsp-isin-debt-portfolio-as-on-31-aug-2024.xlsx,portfolio_excel_v1,validated,{},2026-08-21 22:47:56.841927+00:00
c5e90843-4408-4351-b22f-00b193a8599b,,a1098ad6-91b7-4f2b-83c4-9adf731d7ed9,2024-08-31,b6c25f92-da16-4a43-9960-fcafbccf2056,https://www.dspim.com/media/pages/mandatory-disclosures/portfolio-disclosures/025552f476-1757771553/dsp-isin-debt-portfolio-as-on-31-aug-2024.xlsx,portfolio_excel_v1,validated,{},2026-08-21 22:47:56.841927+00:00
ac4c2c47-1939-45ef-b81d-a50a3d767d57,,9f75a983-484e-45e0-9905-bf47dbfc8900,2024-08-31,e8ea46d8-d073-4349-9712-81d6f94267f4,https://www.dspim.com/media/pages/mandatory-disclosures/portfolio-disclosures/025552f476-1757771553/dsp-isin-debt-portfolio-as-on-31-aug-2024.xlsx,portfolio_excel_v1,validated,{},2026-08-21 22:47:56.841927+00:00
1f0088b3-9779-4a2c-a46c-95aa9e462102,,b3236eec-7dcc-4192-8025-4d413fbde918,2024-08-31,1e94182d-7fa7-462d-b0ef-ee6eba3d9d6f,https://www.dspim.com/media/pages/mandatory-disclosures/portfolio-disclosures/025552f476-1757771553/dsp-isin-debt-portfolio-as-on-31-aug-2024.xlsx,portfolio_excel_v1,validated,{},2026-08-21 22:47:56.841927+00:00
70b9f874-ab18-425d-ab3c-5d0f493c31af,,e89a10e7-e991-45b2-8131-f5a40f497090,2024-08-31,a303ec8b-6a19-4d93-a00f-804699ab92e0,https://www.dspim.com/media/pages/mandatory-disclosures/portfolio-disclosures/025552f476-1757771553/dsp-isin-debt-portfolio-as-on-31-aug-2024.xlsx,portfolio_excel_v1,validated,{},2026-08-21 22:47:56.841927+00:00
74d96084-5d88-47fc-873f-5587b13db9e7,,f3839e55-9dd9-4e5a-815f-b9125c1200e8,2024-08-31,685dfbd0-11f8-42b9-a80e-a5e33bd7dfe2,https://www.dspim.com/media/pages/mandatory-disclosures/portfolio-disclosures/025552f476-1757771553/dsp-isin-debt-portfolio-as-on-31-aug-2024.xlsx,portfolio_excel_v1,validated,{},2026-08-21 22:47:56.841927+00:00
f08f489f-2552-4a10-8266-e12dd18e1755,,6bf4afad-27c9-430a-9ddf-7f738f44369d,2024-08-31,794c2fa9-e417-41af-92b5-f46684ee5d89,https://www.dspim.com/media/pages/mandatory-disclosures/portfolio-disclosures/025552f476-1757771553/dsp-isin-debt-portfolio-as-on-31-aug-2024.xlsx,portfolio_excel_v1,validated,{},2026-08-21 22:47:56.841927+00:00
f235095d-8276-4346-ae1f-ee1ad3f64be9,,d3054566-387e-4c09-ae37-8f6734e2b928,2024-08-31,ff710e46-fcd1-4f9b-a2d6-a683c7b68a3f,https://www.dspim.com/media/pages/mandatory-disclosures/portfolio-disclosures/025552f476-1757771553/dsp-isin-debt-portfolio-as-on-31-aug-2024.xlsx,portfolio_excel_v1,validated,{},2026-08-21 22:47:56.841927+00:00
ab4b0525-e803-469b-84b9-22370312e699,,9c2c7293-3cb9-4dde-b834-220990d0fc56,2024-08-31,3cb75ed2-b6c8-4243-9ed6-f8fcf2b07f24,https://www.dspim.com/media/pages/mandatory-disclosures/portfolio-disclosures/025552f476-1757771553/dsp-isin-debt-portfolio-as-on-31-aug-2024.xlsx,portfolio_excel_v1,validated,{},2026-08-21 22:47:56.841927+00:00
cf4cacc6-4082-42d0-bb1b-7320150ac0b6,,32ecf241-1abb-4fc0-976c-088d7a62f3a8,2024-06-30,312c3ff5-eb53-48d9-9048-8460e754b7ed,https://www.dspim.com/media/pages/mandatory-disclosures/portfolio-disclosures/901b3e3f5a-1757771557/monthend-portfolio-june-2024.zip,portfolio_excel_v1,validated,{},2026-08-21 22:48:03.398021+00:00
ea8b2bcf-25d0-4336-b27f-beecbc4cc045,,302d701a-3d40-46cb-9bb5-1b970e467b6a,2024-06-30,4c732814-a2e8-4384-bcce-aca0556add23,https://www.dspim.com/media/pages/mandatory-disclosures/portfolio-disclosures/901b3e3f5a-1757771557/monthend-portfolio-june-2024.zip,portfolio_excel_v1,validated,{},2026-08-21 22:48:03.398021+00:00
2d1b13a0-e627-4705-ad59-0ec882a6c605,,b9d98122-1570-4b91-adb2-c6de2bb3fd95,2024-06-30,c8e8769d-50fb-4065-a305-2f2f16740d67,https://www.dspim.com/media/pages/mandatory-disclosures/portfolio-disclosures/901b3e3f5a-1757771557/monthend-portfolio-june-2024.zip,portfolio_excel_v1,validated,{},2026-08-21 22:48:03.398021+00:00
6a0506e3-8a37-4193-a7fc-a1980d148b81,,8fc4ea75-859c-40df-988a-b65b4b087fb3,2024-06-30,c8e26178-a8db-4c83-82f1-cf12f3089620,https://www.dspim.com/media/pages/mandatory-disclosures/portfolio-disclosures/901b3e3f5a-1757771557/monthend-portfolio-june-2024.zip,portfolio_excel_v1,validated,{},2026-08-21 22:48:03.398021+00:00
da546f24-31c7-497c-824a-b710aa49b8e9,,0a6aef24-b5d0-4eee-b87c-8fa2ffcdb617,2024-06-30,bf10ea2c-ea2a-41e3-9ecd-717fc80dae50,https://www.dspim.com/media/pages/mandatory-disclosures/portfolio-disclosures/901b3e3f5a-1757771557/monthend-portfolio-june-2024.zip,portfolio_excel_v1,validated,{},2026-08-21 22:48:03.398021+00:00
9dfee5d7-a6c6-4d93-9f86-90500a905497,,49677442-afa7-47dd-b4a9-72dc15d294d4,2024-06-30,01bf836b-384e-4aea-95ad-97751d409f97,https://www.dspim.com/media/pages/mandatory-disclosures/portfolio-disclosures/901b3e3f5a-1757771557/monthend-portfolio-june-2024.zip,portfolio_excel_v1,validated,{},2026-08-21 22:48:03.398021+00:00
fce30e21-1d91-4b00-9282-910c37c74c7b,,5742c747-36c7-4854-bcf3-28d993056ed1,2024-06-30,95fe0c0b-32f6-424b-b173-157b4cbfe985,https://www.dspim.com/media/pages/mandatory-disclosures/portfolio-disclosures/901b3e3f5a-1757771557/monthend-portfolio-june-2024.zip,portfolio_excel_v1,validated,{},2026-08-21 22:48:03.398021+00:00
bce91467-428f-4614-886c-197788c1d3a4,,16c7eb6a-a1d2-4f79-a2ce-10921ccb25a3,2026-04-15,526fc020-1f53-42c0-8418-5f8e31914380,https://amc.ppfas.com/downloads/portfolio-disclosure/fortnightly-debt-portfolio-disclosure/2026/PPCHF_Fortnightly_Portfolio_Report_15-april-2026.xlsx?18042026,portfolio_excel_v1,validated,{},2026-08-21 22:42:29.767594+00:00
cf276cdc-9ad8-4f1c-9c03-a313c3cb66ee,,ee13d7f6-4cad-4600-8287-25c0facb176d,2022-12-15,64089015-c3ba-436a-a422-a43e037c1c21,https://amc.ppfas.com/downloads/portfolio-disclosure/fortnightly-debt-portfolio-disclosure/2022/PPLF_Fortnightly_Portfolio_Report_15-dec-2022.xlsx?19122022,portfolio_excel_v1,validated,{},2026-08-21 22:42:30.968931+00:00
7bdc74e4-1c46-4b35-adac-7ae88c215ea9,,39bd5974-4c82-4457-bfd8-bfead40cd71f,2024-11-15,016d5bb8-dd74-4f6b-9dcf-1ebb80fa723d,https://www.dspim.com/media/pages/mandatory-disclosures/portfolio-disclosures/95652093fc-1757771552/dsp-debt-fortnightly-portfolio-as-on-15-nov-2024.xlsx,portfolio_excel_v1,validated,{},2026-08-21 22:42:32.142347+00:00
db8ef9aa-f728-40d9-9574-ce438e666623,,4c0b62ae-5310-4f78-9daf-9dc2c317b347,2024-11-15,c6606988-ec73-4d00-9f1b-3954ae2a75f5,https://www.dspim.com/media/pages/mandatory-disclosures/portfolio-disclosures/95652093fc-1757771552/dsp-debt-fortnightly-portfolio-as-on-15-nov-2024.xlsx,portfolio_excel_v1,validated,{},2026-08-21 22:42:32.142347+00:00
d8ee8e24-6db6-4ad5-9bf4-2099a44c8d7a,,4b79d7b6-ca96-4225-965f-f0e1a7993d18,2024-11-15,2c41b39f-d9eb-4f98-9aaf-e91404fefbec,https://www.dspim.com/media/pages/mandatory-disclosures/portfolio-disclosures/95652093fc-1757771552/dsp-debt-fortnightly-portfolio-as-on-15-nov-2024.xlsx,portfolio_excel_v1,validated,{},2026-08-21 22:42:32.142347+00:00
44d4e385-ea26-471b-911d-398334943357,,d7d97876-3f48-4125-a93c-5fadd10b4402,2024-11-15,63e32fd9-da75-4987-96f0-d2a7ae2d97fa,https://www.dspim.com/media/pages/mandatory-disclosures/portfolio-disclosures/95652093fc-1757771552/dsp-debt-fortnightly-portfolio-as-on-15-nov-2024.xlsx,portfolio_excel_v1,validated,{},2026-08-21 22:42:32.142347+00:00
79c15fb7-f45b-4d33-a0bb-064626e7d023,,a5cbc07f-1e64-4817-8efe-bca3d4a64f5c,2024-11-15,36dd962e-5a87-4cfa-825d-4cec1f46074c,https://www.dspim.com/media/pages/mandatory-disclosures/portfolio-disclosures/95652093fc-1757771552/dsp-debt-fortnightly-portfolio-as-on-15-nov-2024.xlsx,portfolio_excel_v1,validated,{},2026-08-21 22:42:32.142347+00:00
02c7555d-455b-4a48-a466-2e4af6fd6de2,,711bb119-31de-44af-bb63-de60d060214f,2024-11-15,50908582-d4da-449f-94c6-e67b8593d58d,https://www.dspim.com/media/pages/mandatory-disclosures/portfolio-disclosures/95652093fc-1757771552/dsp-debt-fortnightly-portfolio-as-on-15-nov-2024.xlsx,portfolio_excel_v1,validated,{},2026-08-21 22:42:32.142347+00:00
de7a32be-9b9f-4739-86bb-39a8c00ba809,,aa38dd68-4660-4a1b-b174-fd59e0c778fd,2024-11-15,6d3d296e-c188-4f0c-8b0f-cc65e3d5cbca,https://www.dspim.com/media/pages/mandatory-disclosures/portfolio-disclosures/95652093fc-1757771552/dsp-debt-fortnightly-portfolio-as-on-15-nov-2024.xlsx,portfolio_excel_v1,validated,{},2026-08-21 22:42:32.142347+00:00
7f50b07c-8112-4eae-af81-734aaf3afa24,,1de88c3b-aa99-4154-b02c-c4f9360aca01,2024-11-15,8b963009-467f-456a-b9b8-3a2f888799a3,https://www.dspim.com/media/pages/mandatory-disclosures/portfolio-disclosures/95652093fc-1757771552/dsp-debt-fortnightly-portfolio-as-on-15-nov-2024.xlsx,portfolio_excel_v1,validated,{},2026-08-21 22:42:32.142347+00:00
7d37e20b-daca-4597-b22e-d1e067277791,,d63d2a0d-4ec8-49c9-8151-f219e714445f,2024-11-15,57905004-0c0a-4c6f-b89d-2968d9238bfe,https://www.dspim.com/media/pages/mandatory-disclosures/portfolio-disclosures/95652093fc-1757771552/dsp-debt-fortnightly-portfolio-as-on-15-nov-2024.xlsx,portfolio_excel_v1,validated,{},2026-08-21 22:42:32.142347+00:00
c3d3980c-58ce-44b0-8a87-d5d1ef972e16,,8b8a7181-1a62-463c-9637-38515e3a4973,2024-11-15,ba265d25-5cfe-4d9d-b45e-b872124d122f,https://www.dspim.com/media/pages/mandatory-disclosures/portfolio-disclosures/95652093fc-1757771552/dsp-debt-fortnightly-portfolio-as-on-15-nov-2024.xlsx,portfolio_excel_v1,validated,{},2026-08-21 22:42:32.142347+00:00
fcb97c57-a6d8-45b7-854d-89bf5a4ba6ac,,aa29e284-5e02-4951-ae02-ed98535dc61e,2024-11-15,8fdcd1c0-b163-46c3-bb1a-9514ace385ec,https://www.dspim.com/media/pages/mandatory-disclosures/portfolio-disclosures/95652093fc-1757771552/dsp-debt-fortnightly-portfolio-as-on-15-nov-2024.xlsx,portfolio_excel_v1,validated,{},2026-08-21 22:42:32.142347+00:00
1937445a-337f-45db-8db9-3b971b3d9fa1,,f1c6f3aa-b829-4406-a6f8-03734bf4a16f,2024-11-15,959d1e91-bc94-40c1-9fb9-27c476e1a5d1,https://www.dspim.com/media/pages/mandatory-disclosures/portfolio-disclosures/95652093fc-1757771552/dsp-debt-fortnightly-portfolio-as-on-15-nov-2024.xlsx,portfolio_excel_v1,validated,{},2026-08-21 22:42:32.142347+00:00
5f6f380e-b58d-4af4-8482-673f6213f1ad,,e3c71b64-92f1-4db4-a6f7-1c0008e69c4c,2024-11-15,032f2dec-1c6c-4671-b535-f152cb94e1e6,https://www.dspim.com/media/pages/mandatory-disclosures/portfolio-disclosures/95652093fc-1757771552/dsp-debt-fortnightly-portfolio-as-on-15-nov-2024.xlsx,portfolio_excel_v1,validated,{},2026-08-21 22:42:32.142347+00:00
a0b7d48c-d05d-48f8-892a-6b2d55dbac1b,,0da68bdd-0275-4773-8b20-f5778080a6c0,2024-06-30,7262a197-9513-49f7-904e-889814a486d1,https://www.dspim.com/media/pages/mandatory-disclosures/portfolio-disclosures/901b3e3f5a-1757771557/monthend-portfolio-june-2024.zip,portfolio_excel_v1,validated,{},2026-08-21 22:48:03.398021+00:00
85b32e90-fdd3-4891-b59b-894b7a73dc01,,e0aeb45c-829e-4842-87ce-981586cde355,2024-06-30,2304926f-696b-407c-b490-742032bb351a,https://www.dspim.com/media/pages/mandatory-disclosures/portfolio-disclosures/901b3e3f5a-1757771557/monthend-portfolio-june-2024.zip,portfolio_excel_v1,validated,{},2026-08-21 22:48:03.398021+00:00
55df5828-c524-4541-8a1b-61cc569d40aa,,aff60269-7b63-4670-b2cd-4cc663fcfcad,2024-06-30,7cf5c9f8-c855-4f3f-9e6a-f85a29c556a1,https://www.dspim.com/media/pages/mandatory-disclosures/portfolio-disclosures/901b3e3f5a-1757771557/monthend-portfolio-june-2024.zip,portfolio_excel_v1,validated,{},2026-08-21 22:48:03.398021+00:00
904df55e-2871-4afa-b704-71ca4c884c06,,5e540f64-e4bb-4e9c-9dd1-39b71fe8c661,2024-06-30,3382ef00-befe-4c13-80c4-e434c40993b8,https://www.dspim.com/media/pages/mandatory-disclosures/portfolio-disclosures/901b3e3f5a-1757771557/monthend-portfolio-june-2024.zip,portfolio_excel_v1,validated,{},2026-08-21 22:48:03.398021+00:00
cbc6013f-b22e-4ebe-8958-54a36724f162,,521002b3-d586-483e-9207-8b0b7e4f7e5c,2024-06-30,22bbdd42-383f-48e9-8395-32f89bae47ff,https://www.dspim.com/media/pages/mandatory-disclosures/portfolio-disclosures/901b3e3f5a-1757771557/monthend-portfolio-june-2024.zip,portfolio_excel_v1,validated,{},2026-08-21 22:48:03.398021+00:00
e7054dce-dfbe-42ca-8df2-75ba9a82a7be,,1d286dd3-0916-4c8f-af01-a225d5841105,2024-06-30,35a79606-c0f0-4fd4-9ce1-33c49f3b2863,https://www.dspim.com/media/pages/mandatory-disclosures/portfolio-disclosures/901b3e3f5a-1757771557/monthend-portfolio-june-2024.zip,portfolio_excel_v1,validated,{},2026-08-21 22:48:03.398021+00:00
c4b41062-b693-4720-a056-1c792a56e78a,,39bd5974-4c82-4457-bfd8-bfead40cd71f,2024-06-30,270f76d4-9e18-4743-899e-e91b1af0c866,https://www.dspim.com/media/pages/mandatory-disclosures/portfolio-disclosures/901b3e3f5a-1757771557/monthend-portfolio-june-2024.zip,portfolio_excel_v1,validated,{},2026-08-21 22:48:03.398021+00:00
6e45f4a1-b4e4-42e8-b2c7-708aec1bab01,,bcdfc686-5907-43dd-8412-1158d4f21d83,2024-11-15,3b1e2398-1412-4424-9844-2ccfd17838b1,https://www.dspim.com/media/pages/mandatory-disclosures/portfolio-disclosures/95652093fc-1757771552/dsp-debt-fortnightly-portfolio-as-on-15-nov-2024.xlsx,portfolio_excel_v1,validated,{},2026-08-21 22:42:32.142347+00:00
3248579a-da43-47c8-b87b-6ce77a5a83a8,,bc6afebe-de89-4d43-a319-3a0352ead9be,2024-11-15,d016a6b6-c96f-4415-9069-f3005c2a9a3b,https://www.dspim.com/media/pages/mandatory-disclosures/portfolio-disclosures/95652093fc-1757771552/dsp-debt-fortnightly-portfolio-as-on-15-nov-2024.xlsx,portfolio_excel_v1,validated,{},2026-08-21 22:42:32.142347+00:00
89c37d06-432d-4d0c-b19f-a0a234a03985,,7acbdaac-6b00-42f0-8aa5-b4ef1d6b484d,2024-11-15,b002890c-556a-4b2e-9c93-b23ff93887c4,https://www.dspim.com/media/pages/mandatory-disclosures/portfolio-disclosures/95652093fc-1757771552/dsp-debt-fortnightly-portfolio-as-on-15-nov-2024.xlsx,portfolio_excel_v1,validated,{},2026-08-21 22:42:32.142347+00:00
367fc9cc-37a0-48d9-bf7a-e32dd51fd288,,75700a69-71bb-4ab4-b736-12846754c6fa,2024-11-15,9020dc5a-832c-45d0-ab55-59d08127f1ae,https://www.dspim.com/media/pages/mandatory-disclosures/portfolio-disclosures/95652093fc-1757771552/dsp-debt-fortnightly-portfolio-as-on-15-nov-2024.xlsx,portfolio_excel_v1,validated,{},2026-08-21 22:42:32.142347+00:00
ab6b3603-7ced-42f5-85dd-feba8e9e4003,,a1098ad6-91b7-4f2b-83c4-9adf731d7ed9,2024-11-15,0db2face-a9c9-45ed-807b-c35b803423d6,https://www.dspim.com/media/pages/mandatory-disclosures/portfolio-disclosures/95652093fc-1757771552/dsp-debt-fortnightly-portfolio-as-on-15-nov-2024.xlsx,portfolio_excel_v1,validated,{},2026-08-21 22:42:32.142347+00:00
79d5b72a-0d3f-41e1-a09a-dd6070fd4b28,,9f75a983-484e-45e0-9905-bf47dbfc8900,2024-11-15,4ec3c2b3-8d39-4a38-b470-fa72deaeb588,https://www.dspim.com/media/pages/mandatory-disclosures/portfolio-disclosures/95652093fc-1757771552/dsp-debt-fortnightly-portfolio-as-on-15-nov-2024.xlsx,portfolio_excel_v1,validated,{},2026-08-21 22:42:32.142347+00:00
3e6edf56-ddb8-4fd7-b144-82a35dff1401,,b3236eec-7dcc-4192-8025-4d413fbde918,2024-11-15,6a284ea4-7ac9-435c-9151-83fd0a3b160a,https://www.dspim.com/media/pages/mandatory-disclosures/portfolio-disclosures/95652093fc-1757771552/dsp-debt-fortnightly-portfolio-as-on-15-nov-2024.xlsx,portfolio_excel_v1,validated,{},2026-08-21 22:42:32.142347+00:00
54cbfe60-93e3-42a6-a127-b5320ae9b770,,e89a10e7-e991-45b2-8131-f5a40f497090,2024-11-15,c2088cff-57e6-484e-8622-4936dc7e4284,https://www.dspim.com/media/pages/mandatory-disclosures/portfolio-disclosures/95652093fc-1757771552/dsp-debt-fortnightly-portfolio-as-on-15-nov-2024.xlsx,portfolio_excel_v1,validated,{},2026-08-21 22:42:32.142347+00:00
7a1da441-0d6c-452d-8b96-83dc6d713f38,,f3839e55-9dd9-4e5a-815f-b9125c1200e8,2024-11-15,3b165ccb-19b6-4e77-baec-032a0745bc6a,https://www.dspim.com/media/pages/mandatory-disclosures/portfolio-disclosures/95652093fc-1757771552/dsp-debt-fortnightly-portfolio-as-on-15-nov-2024.xlsx,portfolio_excel_v1,validated,{},2026-08-21 22:42:32.142347+00:00
90f03df2-190b-4faf-b0c0-eaadf5fd1fbf,,6bf4afad-27c9-430a-9ddf-7f738f44369d,2024-11-15,ed2b1efe-725e-43fe-8ff1-3ffbf24bdaf8,https://www.dspim.com/media/pages/mandatory-disclosures/portfolio-disclosures/95652093fc-1757771552/dsp-debt-fortnightly-portfolio-as-on-15-nov-2024.xlsx,portfolio_excel_v1,validated,{},2026-08-21 22:42:32.142347+00:00
001fb7b2-1353-4858-a766-31af37dca255,,d3054566-387e-4c09-ae37-8f6734e2b928,2024-11-15,09868969-5dd2-4e96-ab29-7aae5ef69616,https://www.dspim.com/media/pages/mandatory-disclosures/portfolio-disclosures/95652093fc-1757771552/dsp-debt-fortnightly-portfolio-as-on-15-nov-2024.xlsx,portfolio_excel_v1,validated,{},2026-08-21 22:42:32.142347+00:00
6e65a9b1-1deb-4eb8-a459-dd7dc3254b8b,,9c2c7293-3cb9-4dde-b834-220990d0fc56,2024-11-15,ce87ce21-2bfb-4935-b7d0-f326abf2f2a6,https://www.dspim.com/media/pages/mandatory-disclosures/portfolio-disclosures/95652093fc-1757771552/dsp-debt-fortnightly-portfolio-as-on-15-nov-2024.xlsx,portfolio_excel_v1,validated,{},2026-08-21 22:42:32.142347+00:00
51bd5e2e-a275-4dea-a285-bb3ff5593d5c,,16ed25a3-94ea-4e50-824d-8f6feed1f92e,2023-07-31,16db8b07-3448-4076-8129-5fe60b01cd5c,https://www.dspim.com/media/pages/mandatory-disclosures/portfolio-disclosures/da3464b42a-1757771557/monthend-portfolio-july-31st-2023.zip,portfolio_excel_v1,validated,{},2026-08-21 22:42:38.563884+00:00
640093d6-8321-4eeb-917b-9f208df0b555,,66c60a1e-0f64-4bf0-afca-f3408fd59dcc,2023-07-31,5062e85c-d9c5-4039-b2cb-7e0a1c7afe54,https://www.dspim.com/media/pages/mandatory-disclosures/portfolio-disclosures/da3464b42a-1757771557/monthend-portfolio-july-31st-2023.zip,portfolio_excel_v1,validated,{},2026-08-21 22:42:38.563884+00:00
facff9c4-14e4-4e76-b900-b917d400a0fa,,39bd5974-4c82-4457-bfd8-bfead40cd71f,2026-08-15,c4f20afe-4440-4b24-9eec-3f8ff35b7b8c,https://www.dspim.com/media/pages/mandatory-disclosures/portfolio-disclosures/415e8731e8-1787239919/dsp-isin-debt-fortnightly-portfolio-as-on-15-aug-2026.xlsx,portfolio_excel_v1,validated,{},2026-08-21 22:42:56.887115+00:00
118015d3-a011-4747-a812-badc1a712f3e,,4c0b62ae-5310-4f78-9daf-9dc2c317b347,2026-08-15,8884f047-ab3b-43d2-a5c8-7e361d8abac3,https://www.dspim.com/media/pages/mandatory-disclosures/portfolio-disclosures/415e8731e8-1787239919/dsp-isin-debt-fortnightly-portfolio-as-on-15-aug-2026.xlsx,portfolio_excel_v1,validated,{},2026-08-21 22:42:56.887115+00:00
8355d571-f1b0-4c8e-88fe-8f76fdbafd16,,4b79d7b6-ca96-4225-965f-f0e1a7993d18,2026-08-15,05ee7152-cb68-4809-a9f9-f18d5939cd4a,https://www.dspim.com/media/pages/mandatory-disclosures/portfolio-disclosures/415e8731e8-1787239919/dsp-isin-debt-fortnightly-portfolio-as-on-15-aug-2026.xlsx,portfolio_excel_v1,validated,{},2026-08-21 22:42:56.887115+00:00
e8db222d-2acf-43d4-bacb-37eb0cd185a9,,d7d97876-3f48-4125-a93c-5fadd10b4402,2026-08-15,8b545f68-b695-468b-9cd9-4a0273bc96d6,https://www.dspim.com/media/pages/mandatory-disclosures/portfolio-disclosures/415e8731e8-1787239919/dsp-isin-debt-fortnightly-portfolio-as-on-15-aug-2026.xlsx,portfolio_excel_v1,validated,{},2026-08-21 22:42:56.887115+00:00
f3b8cdd7-18da-445f-bda1-59560e3f3f76,,a5cbc07f-1e64-4817-8efe-bca3d4a64f5c,2026-08-15,ed335cda-eb57-4612-a9ff-79662b3d498c,https://www.dspim.com/media/pages/mandatory-disclosures/portfolio-disclosures/415e8731e8-1787239919/dsp-isin-debt-fortnightly-portfolio-as-on-15-aug-2026.xlsx,portfolio_excel_v1,validated,{},2026-08-21 22:42:56.887115+00:00
84983e68-886c-48cf-b2b7-7613eac704ed,,711bb119-31de-44af-bb63-de60d060214f,2026-08-15,d8bc1073-b044-4cce-82c9-1ace53c415e6,https://www.dspim.com/media/pages/mandatory-disclosures/portfolio-disclosures/415e8731e8-1787239919/dsp-isin-debt-fortnightly-portfolio-as-on-15-aug-2026.xlsx,portfolio_excel_v1,validated,{},2026-08-21 22:42:56.887115+00:00
b8f04c3c-a0e1-44e5-8d20-a6b9eaf0473d,,aa38dd68-4660-4a1b-b174-fd59e0c778fd,2026-08-15,a3edc154-1123-44bd-a926-49deffd0285a,https://www.dspim.com/media/pages/mandatory-disclosures/portfolio-disclosures/415e8731e8-1787239919/dsp-isin-debt-fortnightly-portfolio-as-on-15-aug-2026.xlsx,portfolio_excel_v1,validated,{},2026-08-21 22:42:56.887115+00:00
56828064-eb36-4ae4-b605-a74edb13d23a,,4c0b62ae-5310-4f78-9daf-9dc2c317b347,2024-06-30,be2f636f-ad74-4a8e-ab95-21054aa6ab24,https://www.dspim.com/media/pages/mandatory-disclosures/portfolio-disclosures/901b3e3f5a-1757771557/monthend-portfolio-june-2024.zip,portfolio_excel_v1,validated,{},2026-08-21 22:48:03.398021+00:00
c3b16456-7ae8-4822-9cab-22e3c2121826,,4b79d7b6-ca96-4225-965f-f0e1a7993d18,2024-06-30,40e8cdba-a00b-4459-bc03-462066021ca6,https://www.dspim.com/media/pages/mandatory-disclosures/portfolio-disclosures/901b3e3f5a-1757771557/monthend-portfolio-june-2024.zip,portfolio_excel_v1,validated,{},2026-08-21 22:48:03.398021+00:00
77329509-88bf-4dce-b097-2f2bb4147ec8,,d7d97876-3f48-4125-a93c-5fadd10b4402,2024-06-30,0c175bac-ca91-45f8-a081-0a859d77314d,https://www.dspim.com/media/pages/mandatory-disclosures/portfolio-disclosures/901b3e3f5a-1757771557/monthend-portfolio-june-2024.zip,portfolio_excel_v1,validated,{},2026-08-21 22:48:03.398021+00:00
fb7b968f-0800-42be-b876-a20be626b385,,1de88c3b-aa99-4154-b02c-c4f9360aca01,2026-08-15,cbda3ad5-d53e-415e-be2c-092519797ce8,https://www.dspim.com/media/pages/mandatory-disclosures/portfolio-disclosures/415e8731e8-1787239919/dsp-isin-debt-fortnightly-portfolio-as-on-15-aug-2026.xlsx,portfolio_excel_v1,validated,{},2026-08-21 22:42:56.887115+00:00
7c4ff121-f509-442e-a480-ed60df291673,,d63d2a0d-4ec8-49c9-8151-f219e714445f,2026-08-15,38622b5c-e2ed-4a8e-ab74-381344841cf1,https://www.dspim.com/media/pages/mandatory-disclosures/portfolio-disclosures/415e8731e8-1787239919/dsp-isin-debt-fortnightly-portfolio-as-on-15-aug-2026.xlsx,portfolio_excel_v1,validated,{},2026-08-21 22:42:56.887115+00:00
747f0fcc-ce06-4ab5-9271-c5ba2b44b863,,8b8a7181-1a62-463c-9637-38515e3a4973,2026-08-15,9ef43d0e-fdad-4b6e-be91-34fad253c512,https://www.dspim.com/media/pages/mandatory-disclosures/portfolio-disclosures/415e8731e8-1787239919/dsp-isin-debt-fortnightly-portfolio-as-on-15-aug-2026.xlsx,portfolio_excel_v1,validated,{},2026-08-21 22:42:56.887115+00:00
2ad65a8e-3555-40c1-9ca6-97884b00c34a,,aa29e284-5e02-4951-ae02-ed98535dc61e,2026-08-15,782eea80-509e-4f40-9471-03c0ad1fa405,https://www.dspim.com/media/pages/mandatory-disclosures/portfolio-disclosures/415e8731e8-1787239919/dsp-isin-debt-fortnightly-portfolio-as-on-15-aug-2026.xlsx,portfolio_excel_v1,validated,{},2026-08-21 22:42:56.887115+00:00
af6f2338-c688-4c43-93d5-870387f1df30,,f1c6f3aa-b829-4406-a6f8-03734bf4a16f,2026-08-15,0848feab-df69-4b6c-9f6c-0e644287c73a,https://www.dspim.com/media/pages/mandatory-disclosures/portfolio-disclosures/415e8731e8-1787239919/dsp-isin-debt-fortnightly-portfolio-as-on-15-aug-2026.xlsx,portfolio_excel_v1,validated,{},2026-08-21 22:42:56.887115+00:00
1af41bf6-fd28-4632-aaf7-446d6f7c1da8,,c280dee4-2813-4e8b-8f66-240ebce126ab,2026-08-15,cc4a9f03-4699-4b09-8616-9250823579d0,https://www.dspim.com/media/pages/mandatory-disclosures/portfolio-disclosures/415e8731e8-1787239919/dsp-isin-debt-fortnightly-portfolio-as-on-15-aug-2026.xlsx,portfolio_excel_v1,validated,{},2026-08-21 22:42:56.887115+00:00
92e1fc10-df4f-4d11-a4a4-16c3681fab7a,,e3c71b64-92f1-4db4-a6f7-1c0008e69c4c,2026-08-15,6b2521ee-b5a7-4105-a4d1-f8412902c2c6,https://www.dspim.com/media/pages/mandatory-disclosures/portfolio-disclosures/415e8731e8-1787239919/dsp-isin-debt-fortnightly-portfolio-as-on-15-aug-2026.xlsx,portfolio_excel_v1,validated,{},2026-08-21 22:42:56.887115+00:00
dd52180f-5ac3-4698-b7c2-4b55f92a6abc,,bcdfc686-5907-43dd-8412-1158d4f21d83,2026-08-15,5c92450a-b1bb-4be1-b1ed-85c312b0b99d,https://www.dspim.com/media/pages/mandatory-disclosures/portfolio-disclosures/415e8731e8-1787239919/dsp-isin-debt-fortnightly-portfolio-as-on-15-aug-2026.xlsx,portfolio_excel_v1,validated,{},2026-08-21 22:42:56.887115+00:00
7eb5d981-439c-4823-b138-cd9b69424c3a,,bc6afebe-de89-4d43-a319-3a0352ead9be,2026-08-15,f5f06b01-9671-409b-b61b-76b8e4e6bb30,https://www.dspim.com/media/pages/mandatory-disclosures/portfolio-disclosures/415e8731e8-1787239919/dsp-isin-debt-fortnightly-portfolio-as-on-15-aug-2026.xlsx,portfolio_excel_v1,validated,{},2026-08-21 22:42:56.887115+00:00
738d57fd-edc5-4c8a-bc69-230fd3097399,,7acbdaac-6b00-42f0-8aa5-b4ef1d6b484d,2026-08-15,d9222c66-2607-42db-b2bb-99c7072a80bc,https://www.dspim.com/media/pages/mandatory-disclosures/portfolio-disclosures/415e8731e8-1787239919/dsp-isin-debt-fortnightly-portfolio-as-on-15-aug-2026.xlsx,portfolio_excel_v1,validated,{},2026-08-21 22:42:56.887115+00:00
8e5ca08d-c6ef-4f1f-a5d9-efe844effd84,,75700a69-71bb-4ab4-b736-12846754c6fa,2026-08-15,a851ee6b-20cd-4c86-bf60-433e7f11c310,https://www.dspim.com/media/pages/mandatory-disclosures/portfolio-disclosures/415e8731e8-1787239919/dsp-isin-debt-fortnightly-portfolio-as-on-15-aug-2026.xlsx,portfolio_excel_v1,validated,{},2026-08-21 22:42:56.887115+00:00
db372ba4-f807-471a-9f8c-e62f566a5879,,28e08d4a-750c-44a8-b878-507862a40769,2026-08-15,dc3f64a7-8e04-4457-a9f6-8b3981becda4,https://www.dspim.com/media/pages/mandatory-disclosures/portfolio-disclosures/415e8731e8-1787239919/dsp-isin-debt-fortnightly-portfolio-as-on-15-aug-2026.xlsx,portfolio_excel_v1,validated,{},2026-08-21 22:42:56.887115+00:00
6e683d7f-f485-45ef-84e5-af40d1ee15fd,,9f75a983-484e-45e0-9905-bf47dbfc8900,2026-08-15,ff91a80a-0319-4d49-8ad6-7fbe49c3b05e,https://www.dspim.com/media/pages/mandatory-disclosures/portfolio-disclosures/415e8731e8-1787239919/dsp-isin-debt-fortnightly-portfolio-as-on-15-aug-2026.xlsx,portfolio_excel_v1,validated,{},2026-08-21 22:42:56.887115+00:00
95a7eebe-101a-4296-89b7-fb744a2e0ece,,b3236eec-7dcc-4192-8025-4d413fbde918,2026-08-15,1c773ecf-ede9-4887-a426-0c6efa6165e4,https://www.dspim.com/media/pages/mandatory-disclosures/portfolio-disclosures/415e8731e8-1787239919/dsp-isin-debt-fortnightly-portfolio-as-on-15-aug-2026.xlsx,portfolio_excel_v1,validated,{},2026-08-21 22:42:56.887115+00:00
6f1dfe4e-e2e2-468e-b0a9-788786e8cba2,,a5cbc07f-1e64-4817-8efe-bca3d4a64f5c,2024-06-30,7a87ea65-f396-4de6-a6ed-1e1245c96b4e,https://www.dspim.com/media/pages/mandatory-disclosures/portfolio-disclosures/901b3e3f5a-1757771557/monthend-portfolio-june-2024.zip,portfolio_excel_v1,validated,{},2026-08-21 22:48:03.398021+00:00
60d83955-6246-46b6-a768-943ad3e2334f,,711bb119-31de-44af-bb63-de60d060214f,2024-06-30,0e5ab33f-707a-48fc-841d-c07ceed4db3c,https://www.dspim.com/media/pages/mandatory-disclosures/portfolio-disclosures/901b3e3f5a-1757771557/monthend-portfolio-june-2024.zip,portfolio_excel_v1,validated,{},2026-08-21 22:48:03.398021+00:00
7f6be337-e991-4ad9-b477-23351f704f03,,aa38dd68-4660-4a1b-b174-fd59e0c778fd,2024-06-30,478a6c9f-0bf5-47af-a2b0-8be2749c8775,https://www.dspim.com/media/pages/mandatory-disclosures/portfolio-disclosures/901b3e3f5a-1757771557/monthend-portfolio-june-2024.zip,portfolio_excel_v1,validated,{},2026-08-21 22:48:03.398021+00:00
caec55ea-7633-46a0-a0a9-d4e145013707,,1de88c3b-aa99-4154-b02c-c4f9360aca01,2024-06-30,fab9c0fe-e26f-4ee9-953c-e83fd3954eee,https://www.dspim.com/media/pages/mandatory-disclosures/portfolio-disclosures/901b3e3f5a-1757771557/monthend-portfolio-june-2024.zip,portfolio_excel_v1,validated,{},2026-08-21 22:48:03.398021+00:00
9a2504d9-4f1a-4536-be0b-ad51d95213d1,,d63d2a0d-4ec8-49c9-8151-f219e714445f,2024-06-30,75f4a24d-06bd-4aba-9fe4-b17f463fb1a7,https://www.dspim.com/media/pages/mandatory-disclosures/portfolio-disclosures/901b3e3f5a-1757771557/monthend-portfolio-june-2024.zip,portfolio_excel_v1,validated,{},2026-08-21 22:48:03.398021+00:00
e26b38c7-d6d6-4d2a-822c-edd34c51f4cc,,8b8a7181-1a62-463c-9637-38515e3a4973,2024-06-30,8ec39eeb-35d2-4247-8f1b-df0efb243407,https://www.dspim.com/media/pages/mandatory-disclosures/portfolio-disclosures/901b3e3f5a-1757771557/monthend-portfolio-june-2024.zip,portfolio_excel_v1,validated,{},2026-08-21 22:48:03.398021+00:00
a9af8c7f-a8f1-4bb3-8bef-80950da7e376,,aa29e284-5e02-4951-ae02-ed98535dc61e,2024-06-30,cda71026-0f2f-4af4-9d9c-12282072f2d0,https://www.dspim.com/media/pages/mandatory-disclosures/portfolio-disclosures/901b3e3f5a-1757771557/monthend-portfolio-june-2024.zip,portfolio_excel_v1,validated,{},2026-08-21 22:48:03.398021+00:00
63b0af0b-1ac6-4a89-b9b5-7a3d8c5027dc,,f1c6f3aa-b829-4406-a6f8-03734bf4a16f,2024-06-30,c3a62406-cf2b-459b-8a0f-9c6be3b0470c,https://www.dspim.com/media/pages/mandatory-disclosures/portfolio-disclosures/901b3e3f5a-1757771557/monthend-portfolio-june-2024.zip,portfolio_excel_v1,validated,{},2026-08-21 22:48:03.398021+00:00
ac5de82c-34ec-4066-a7e1-149573763d54,,e0a672f6-40f3-453f-ab57-9c3633fa4d5a,2026-08-15,99887595-c025-4e42-8aeb-ce467fba403a,https://www.dspim.com/media/pages/mandatory-disclosures/portfolio-disclosures/415e8731e8-1787239919/dsp-isin-debt-fortnightly-portfolio-as-on-15-aug-2026.xlsx,portfolio_excel_v1,validated,{},2026-08-21 22:42:56.887115+00:00
e52aceb7-9bc0-403c-a7ee-524034694c23,,38197fff-4221-443a-b134-7d15bd159df7,2026-08-22,65809383-6524-449c-8975-4ab416d639bc,https://amc.ppfas.com/downloads/portfolio-disclosure/fortnightly-debt-portfolio-disclosure/2022/PPCHF_Fortnightly_Portfolio_Report_15-aug-2022.xlsx?18082022,portfolio_excel_v1,validated,{},2026-08-21 22:27:38.662887+00:00
885e533c-0cf4-4dcf-83aa-c45bf4bae910,,b4573201-be4d-4208-9c5a-d8089b003311,2026-08-15,49ff5c88-e088-457d-a483-9cd0dc5fbd77,https://www.dspim.com/media/pages/mandatory-disclosures/portfolio-disclosures/415e8731e8-1787239919/dsp-isin-debt-fortnightly-portfolio-as-on-15-aug-2026.xlsx,portfolio_excel_v1,validated,{},2026-08-21 22:42:56.887115+00:00
d3c386fc-ea8f-40f2-9b38-8af9e4092072,,16c7eb6a-a1d2-4f79-a2ce-10921ccb25a3,2022-12-15,5b9bb6db-7290-429c-ab36-b33e08197178,https://amc.ppfas.com/downloads/portfolio-disclosure/fortnightly-debt-portfolio-disclosure/2022/PPCHF_Fortnightly_Portfolio_Report_15-dec-2022.xlsx?19122022,portfolio_excel_v1,validated,{},2026-08-21 22:27:39.758130+00:00
7193e081-e13f-430b-8bcd-e7508996f665,,3cc817bf-95b7-4b5d-8149-31cb6ab4c711,2026-08-15,ad191086-a472-4aed-b32d-5838f733e508,https://www.dspim.com/media/pages/mandatory-disclosures/portfolio-disclosures/415e8731e8-1787239919/dsp-isin-debt-fortnightly-portfolio-as-on-15-aug-2026.xlsx,portfolio_excel_v1,validated,{},2026-08-21 22:42:56.887115+00:00
c21cb746-5943-42d6-a552-401e685f9f7c,,16c7eb6a-a1d2-4f79-a2ce-10921ccb25a3,2025-04-15,e8ddbe38-02d5-4c3b-a86e-3a332592acdd,https://amc.ppfas.com/downloads/portfolio-disclosure/fortnightly-debt-portfolio-disclosure/2025/PPCHF_Fortnightly_Portfolio_Report_15-april-2025.xlsx?18042025,portfolio_excel_v1,validated,{},2026-08-21 22:27:40.781090+00:00
155bdd84-403a-4c53-84b0-7f201c361603,,9c2c7293-3cb9-4dde-b834-220990d0fc56,2026-08-15,148c27d3-b159-4034-bc51-42e3f2db9c98,https://www.dspim.com/media/pages/mandatory-disclosures/portfolio-disclosures/415e8731e8-1787239919/dsp-isin-debt-fortnightly-portfolio-as-on-15-aug-2026.xlsx,portfolio_excel_v1,validated,{},2026-08-21 22:42:56.887115+00:00
337c19b1-bcb1-4dbd-9336-ea5d9b511272,,39bd5974-4c82-4457-bfd8-bfead40cd71f,2025-05-31,72ed5d68-d9f2-4df5-b1d2-eed830c7987b,https://www.dspim.com/media/pages/mandatory-disclosures/portfolio-disclosures/43b253e246-1757771552/dsp-isin-debt-fortnightly-portfolio-as-on-31-may-2025.xlsx,portfolio_excel_v1,validated,{},2026-08-21 22:27:43.322310+00:00
8099206b-4c86-43d2-a47b-b790f3369a48,,e3c71b64-92f1-4db4-a6f7-1c0008e69c4c,2024-06-30,afa0e6f6-ff5e-4117-85d7-b6ee3eaedbbb,https://www.dspim.com/media/pages/mandatory-disclosures/portfolio-disclosures/901b3e3f5a-1757771557/monthend-portfolio-june-2024.zip,portfolio_excel_v1,validated,{},2026-08-21 22:48:03.398021+00:00
c8b2fbcd-6835-4a64-b790-0486910a39dd,,4c0b62ae-5310-4f78-9daf-9dc2c317b347,2025-05-31,5ed068cb-0e60-45cf-91e8-b108b2eac6dd,https://www.dspim.com/media/pages/mandatory-disclosures/portfolio-disclosures/43b253e246-1757771552/dsp-isin-debt-fortnightly-portfolio-as-on-31-may-2025.xlsx,portfolio_excel_v1,validated,{},2026-08-21 22:27:43.322310+00:00
e94ab0ad-2b13-4a9a-b9d4-502e0a113661,,bcdfc686-5907-43dd-8412-1158d4f21d83,2024-06-30,bb504724-84e9-4a9f-b77f-54da55e5d0ff,https://www.dspim.com/media/pages/mandatory-disclosures/portfolio-disclosures/901b3e3f5a-1757771557/monthend-portfolio-june-2024.zip,portfolio_excel_v1,validated,{},2026-08-21 22:48:03.398021+00:00
8dcc94b2-7f90-4baf-88f5-814ee13f6cc5,,4b79d7b6-ca96-4225-965f-f0e1a7993d18,2025-05-31,bf3d9f2c-70e1-4f61-9a6b-fe46fd2b7995,https://www.dspim.com/media/pages/mandatory-disclosures/portfolio-disclosures/43b253e246-1757771552/dsp-isin-debt-fortnightly-portfolio-as-on-31-may-2025.xlsx,portfolio_excel_v1,validated,{},2026-08-21 22:27:43.322310+00:00
b2a97a23-0d03-4710-8a98-01e117290d5b,,bc6afebe-de89-4d43-a319-3a0352ead9be,2024-06-30,adc61219-28a3-412d-9192-3e0cb0ba25b5,https://www.dspim.com/media/pages/mandatory-disclosures/portfolio-disclosures/901b3e3f5a-1757771557/monthend-portfolio-june-2024.zip,portfolio_excel_v1,validated,{},2026-08-21 22:48:03.398021+00:00
66a2a0c5-3f43-471c-b626-ab10373f21bd,,f426c09b-b3ae-45dc-b6eb-b985cf99063b,2026-05-31,4a668ea0-fe90-47e2-be17-86e0f4cbed9b,https://amc.ppfas.com/downloads/portfolio-disclosure/2026/PPDAAF_PPFAS_Monthly_Portfolio_Report_May_31_2026.xlsx?09062026,portfolio_excel_v1,validated,{},2026-08-21 22:27:32.578701+00:00
c9dd90f9-e007-45a8-b0ef-992befb89f1e,,40941545-e2cd-4bbd-a4a5-a28783f3eb7b,2024-10-31,f14eef41-5c09-4174-8eee-cdcfd005b01b,https://amc.ppfas.com/downloads/portfolio-disclosure/2024/PPFAS_Monthly_Portfolio_Report_October_31_2024.xlsx?08112024,portfolio_excel_v1,validated,{},2026-08-21 22:27:33.755328+00:00
8eb6cd37-468a-4301-bc72-cdaf3f048f07,,ee13d7f6-4cad-4600-8287-25c0facb176d,2024-10-31,cddb96b3-90d2-4ebf-aff8-2b75083b2b55,https://amc.ppfas.com/downloads/portfolio-disclosure/2024/PPFAS_Monthly_Portfolio_Report_October_31_2024.xlsx?08112024,portfolio_excel_v1,validated,{},2026-08-21 22:27:33.755328+00:00
5a584e4a-c747-4c52-8e2b-8e31dab7052b,,b4d36eee-8095-4d9f-a2a4-0ae6aa24d706,2024-10-31,2a9a7aef-6da6-4d24-842b-af3c222c08e9,https://amc.ppfas.com/downloads/portfolio-disclosure/2024/PPFAS_Monthly_Portfolio_Report_October_31_2024.xlsx?08112024,portfolio_excel_v1,validated,{},2026-08-21 22:27:33.755328+00:00
03201d2f-0aa8-49b4-9220-a310f57b034b,,16c7eb6a-a1d2-4f79-a2ce-10921ccb25a3,2024-10-31,9bdedb27-bc5b-470e-a0e3-737776fbaa6b,https://amc.ppfas.com/downloads/portfolio-disclosure/2024/PPFAS_Monthly_Portfolio_Report_October_31_2024.xlsx?08112024,portfolio_excel_v1,validated,{},2026-08-21 22:27:33.755328+00:00
62a10e5c-613d-4942-bc99-0ad021b1d805,,b2204408-1fe7-459f-8904-e8064d4a8f90,2024-10-31,2843a1d2-b67b-436a-8cdf-778a41256378,https://amc.ppfas.com/downloads/portfolio-disclosure/2024/PPFAS_Monthly_Portfolio_Report_October_31_2024.xlsx?08112024,portfolio_excel_v1,validated,{},2026-08-21 22:27:33.755328+00:00
b405169e-b10b-4cd6-a5a4-86f7ec69b705,,f426c09b-b3ae-45dc-b6eb-b985cf99063b,2024-10-31,17cc9062-5936-4bad-b9e3-ce39d2b3560a,https://amc.ppfas.com/downloads/portfolio-disclosure/2024/PPFAS_Monthly_Portfolio_Report_October_31_2024.xlsx?08112024,portfolio_excel_v1,validated,{},2026-08-21 22:27:33.755328+00:00
f98d00b4-ba8a-4436-a88b-4b3ee8f293e2,,d7d97876-3f48-4125-a93c-5fadd10b4402,2025-05-31,a9a5bb01-9362-4737-ae2f-8d69497f4f75,https://www.dspim.com/media/pages/mandatory-disclosures/portfolio-disclosures/43b253e246-1757771552/dsp-isin-debt-fortnightly-portfolio-as-on-31-may-2025.xlsx,portfolio_excel_v1,validated,{},2026-08-21 22:27:43.322310+00:00
cb02bc10-915c-49d2-a2e1-194c15e16032,,a5cbc07f-1e64-4817-8efe-bca3d4a64f5c,2025-05-31,7ef17e69-ee8a-4e9b-b8df-1f60d0e37224,https://www.dspim.com/media/pages/mandatory-disclosures/portfolio-disclosures/43b253e246-1757771552/dsp-isin-debt-fortnightly-portfolio-as-on-31-may-2025.xlsx,portfolio_excel_v1,validated,{},2026-08-21 22:27:43.322310+00:00
d72c5d6c-b05f-4a9a-9884-001911d22bf3,,711bb119-31de-44af-bb63-de60d060214f,2025-05-31,aa7eb5b8-5946-4cf3-a882-3e25950ae61d,https://www.dspim.com/media/pages/mandatory-disclosures/portfolio-disclosures/43b253e246-1757771552/dsp-isin-debt-fortnightly-portfolio-as-on-31-may-2025.xlsx,portfolio_excel_v1,validated,{},2026-08-21 22:27:43.322310+00:00
e65162bc-30e3-4c70-a364-2d29398aeef6,,aa38dd68-4660-4a1b-b174-fd59e0c778fd,2025-05-31,dace79fe-60b1-4515-89e7-e06a091d44f1,https://www.dspim.com/media/pages/mandatory-disclosures/portfolio-disclosures/43b253e246-1757771552/dsp-isin-debt-fortnightly-portfolio-as-on-31-may-2025.xlsx,portfolio_excel_v1,validated,{},2026-08-21 22:27:43.322310+00:00
8d568b47-a50b-4ad2-b8e7-3cc6a212500a,,1de88c3b-aa99-4154-b02c-c4f9360aca01,2025-05-31,cf82fcd0-df85-4bd4-80fe-1d7dd90e58c7,https://www.dspim.com/media/pages/mandatory-disclosures/portfolio-disclosures/43b253e246-1757771552/dsp-isin-debt-fortnightly-portfolio-as-on-31-may-2025.xlsx,portfolio_excel_v1,validated,{},2026-08-21 22:27:43.322310+00:00
3e0e4d3d-45ad-4f7c-ba31-4d41dd50ebaa,,d63d2a0d-4ec8-49c9-8151-f219e714445f,2025-05-31,4385cf2d-6c43-4e55-b646-371952b676a3,https://www.dspim.com/media/pages/mandatory-disclosures/portfolio-disclosures/43b253e246-1757771552/dsp-isin-debt-fortnightly-portfolio-as-on-31-may-2025.xlsx,portfolio_excel_v1,validated,{},2026-08-21 22:27:43.322310+00:00
fe1f8698-0748-4cdb-912f-70d58c45bb14,,8b8a7181-1a62-463c-9637-38515e3a4973,2025-05-31,47f28c21-a7cf-4a55-b3ea-dba240b0506e,https://www.dspim.com/media/pages/mandatory-disclosures/portfolio-disclosures/43b253e246-1757771552/dsp-isin-debt-fortnightly-portfolio-as-on-31-may-2025.xlsx,portfolio_excel_v1,validated,{},2026-08-21 22:27:43.322310+00:00
b366c1a2-eda8-4d10-92d6-667db97e46b2,,aa29e284-5e02-4951-ae02-ed98535dc61e,2025-05-31,db7666ce-cd77-49e7-bdfd-25eabfa02256,https://www.dspim.com/media/pages/mandatory-disclosures/portfolio-disclosures/43b253e246-1757771552/dsp-isin-debt-fortnightly-portfolio-as-on-31-may-2025.xlsx,portfolio_excel_v1,validated,{},2026-08-21 22:27:43.322310+00:00
a2e1afdb-6488-4cd7-b329-3cf037faa25a,,f1c6f3aa-b829-4406-a6f8-03734bf4a16f,2025-05-31,edaf01b2-10b7-45f9-b0c4-35ca86ecc255,https://www.dspim.com/media/pages/mandatory-disclosures/portfolio-disclosures/43b253e246-1757771552/dsp-isin-debt-fortnightly-portfolio-as-on-31-may-2025.xlsx,portfolio_excel_v1,validated,{},2026-08-21 22:27:43.322310+00:00
87c1811a-9b37-4ee1-a921-d6d54cfa31ec,,e3bb7214-772c-45f7-bbe8-d95a5145fce5,2025-05-31,52d06006-826a-42a3-845b-ab33be188f46,https://www.dspim.com/media/pages/mandatory-disclosures/portfolio-disclosures/43b253e246-1757771552/dsp-isin-debt-fortnightly-portfolio-as-on-31-may-2025.xlsx,portfolio_excel_v1,validated,{},2026-08-21 22:27:43.322310+00:00
a98dbc30-617f-41d6-9435-ca7579c3e934,,e3c71b64-92f1-4db4-a6f7-1c0008e69c4c,2025-05-31,e4c0f39b-f170-4f27-917b-213340fb0a2a,https://www.dspim.com/media/pages/mandatory-disclosures/portfolio-disclosures/43b253e246-1757771552/dsp-isin-debt-fortnightly-portfolio-as-on-31-may-2025.xlsx,portfolio_excel_v1,validated,{},2026-08-21 22:27:43.322310+00:00
01b1e166-9a20-43a7-baab-8bb3eaa46562,,bcdfc686-5907-43dd-8412-1158d4f21d83,2025-05-31,5b43a82b-38a0-492a-bd98-26da7f369823,https://www.dspim.com/media/pages/mandatory-disclosures/portfolio-disclosures/43b253e246-1757771552/dsp-isin-debt-fortnightly-portfolio-as-on-31-may-2025.xlsx,portfolio_excel_v1,validated,{},2026-08-21 22:27:43.322310+00:00
c2b75d61-232f-4aa5-8ab2-107a06685819,,bc6afebe-de89-4d43-a319-3a0352ead9be,2025-05-31,04004cb5-fa59-47db-8be1-0981a790b663,https://www.dspim.com/media/pages/mandatory-disclosures/portfolio-disclosures/43b253e246-1757771552/dsp-isin-debt-fortnightly-portfolio-as-on-31-may-2025.xlsx,portfolio_excel_v1,validated,{},2026-08-21 22:27:43.322310+00:00
c20da3cb-ea77-41a7-ba29-b756d147545a,,7acbdaac-6b00-42f0-8aa5-b4ef1d6b484d,2025-05-31,f9bef7ea-160c-44e8-827c-79ecbaf311a7,https://www.dspim.com/media/pages/mandatory-disclosures/portfolio-disclosures/43b253e246-1757771552/dsp-isin-debt-fortnightly-portfolio-as-on-31-may-2025.xlsx,portfolio_excel_v1,validated,{},2026-08-21 22:27:43.322310+00:00
c013c858-d7e4-48e4-8885-935399840dd1,,75700a69-71bb-4ab4-b736-12846754c6fa,2025-05-31,ee7f9d87-2433-4ea6-b3e0-cd48432befcf,https://www.dspim.com/media/pages/mandatory-disclosures/portfolio-disclosures/43b253e246-1757771552/dsp-isin-debt-fortnightly-portfolio-as-on-31-may-2025.xlsx,portfolio_excel_v1,validated,{},2026-08-21 22:27:43.322310+00:00
16e863c6-88c5-4567-9b1e-f6f573629c3f,,28e08d4a-750c-44a8-b878-507862a40769,2025-05-31,ed24c672-9486-4a48-8754-5abaaa6d72dd,https://www.dspim.com/media/pages/mandatory-disclosures/portfolio-disclosures/43b253e246-1757771552/dsp-isin-debt-fortnightly-portfolio-as-on-31-may-2025.xlsx,portfolio_excel_v1,validated,{},2026-08-21 22:27:43.322310+00:00
3c847dd7-b25d-4346-a5f9-c1381111d28c,,9f75a983-484e-45e0-9905-bf47dbfc8900,2025-05-31,844be426-181a-41be-9688-3cab407eeaf5,https://www.dspim.com/media/pages/mandatory-disclosures/portfolio-disclosures/43b253e246-1757771552/dsp-isin-debt-fortnightly-portfolio-as-on-31-may-2025.xlsx,portfolio_excel_v1,validated,{},2026-08-21 22:27:43.322310+00:00
3c12aae2-e082-454a-89af-a209fca81a03,,b3236eec-7dcc-4192-8025-4d413fbde918,2025-05-31,2305df20-1227-4336-85a5-1ad5b486311d,https://www.dspim.com/media/pages/mandatory-disclosures/portfolio-disclosures/43b253e246-1757771552/dsp-isin-debt-fortnightly-portfolio-as-on-31-may-2025.xlsx,portfolio_excel_v1,validated,{},2026-08-21 22:27:43.322310+00:00
95f3f344-e673-408d-980a-027c67f8eaa3,,e89a10e7-e991-45b2-8131-f5a40f497090,2025-05-31,2a6933a4-9280-4948-95c4-3ccc9a0f10c2,https://www.dspim.com/media/pages/mandatory-disclosures/portfolio-disclosures/43b253e246-1757771552/dsp-isin-debt-fortnightly-portfolio-as-on-31-may-2025.xlsx,portfolio_excel_v1,validated,{},2026-08-21 22:27:43.322310+00:00
40e45dae-d7b9-4622-bce8-3e342dc9a7bc,,f3839e55-9dd9-4e5a-815f-b9125c1200e8,2025-05-31,9baaa94e-9f2f-430b-b59c-e81f14e366cd,https://www.dspim.com/media/pages/mandatory-disclosures/portfolio-disclosures/43b253e246-1757771552/dsp-isin-debt-fortnightly-portfolio-as-on-31-may-2025.xlsx,portfolio_excel_v1,validated,{},2026-08-21 22:27:43.322310+00:00
85f8d322-aa3a-4ade-84af-225179fbe923,,419dc130-d4b3-4e6c-8e63-2f0083fcfa84,2026-08-15,beca24b4-957e-4a14-96cb-9ce1a666d38c,https://www.dspim.com/media/pages/mandatory-disclosures/portfolio-disclosures/415e8731e8-1787239919/dsp-isin-debt-fortnightly-portfolio-as-on-15-aug-2026.xlsx,portfolio_excel_v1,validated,{},2026-08-21 22:42:56.887115+00:00
d426a7a3-f2bf-4079-8da4-3a5c7a6a64f4,,4fa1b311-069c-4bff-baa4-2d88d925bf5c,2024-06-30,aa265ae6-0da2-47d2-8518-131204549dd7,https://www.dspim.com/media/pages/mandatory-disclosures/portfolio-disclosures/901b3e3f5a-1757771557/monthend-portfolio-june-2024.zip,portfolio_excel_v1,validated,{},2026-08-21 22:48:03.398021+00:00
905f5210-d45a-4c01-b462-d10df74273c3,,abd21d60-e764-4f4d-a5a9-7b99ebee1db6,2024-06-30,d26ab22b-51ca-4290-8746-2d0a4c26d31f,https://www.dspim.com/media/pages/mandatory-disclosures/portfolio-disclosures/901b3e3f5a-1757771557/monthend-portfolio-june-2024.zip,portfolio_excel_v1,validated,{},2026-08-21 22:48:03.398021+00:00
fe86dcf7-4a50-43e0-a689-a942a7f99ab4,,5732a20b-f6f6-490b-a69d-9d089195e49d,2024-06-30,8f37efaa-b0ee-4e5f-b96f-eccdf197a5ad,https://www.dspim.com/media/pages/mandatory-disclosures/portfolio-disclosures/901b3e3f5a-1757771557/monthend-portfolio-june-2024.zip,portfolio_excel_v1,validated,{},2026-08-21 22:48:03.398021+00:00
e029fd5c-1eca-4b45-bd37-024a6f70de3e,,ff97060e-9f7d-4154-914e-84641c11a18c,2024-06-30,c29933a0-70d9-4c8e-ad70-6dc16ff7f4e4,https://www.dspim.com/media/pages/mandatory-disclosures/portfolio-disclosures/901b3e3f5a-1757771557/monthend-portfolio-june-2024.zip,portfolio_excel_v1,validated,{},2026-08-21 22:48:03.398021+00:00
df0b2c14-2c6c-4d50-aa13-261cb1646d55,,fa98b089-a7aa-4492-8cdd-d1880be63f74,2024-06-30,4e08b84b-e418-4f4b-ba70-dd27a0eb70f0,https://www.dspim.com/media/pages/mandatory-disclosures/portfolio-disclosures/901b3e3f5a-1757771557/monthend-portfolio-june-2024.zip,portfolio_excel_v1,validated,{},2026-08-21 22:48:03.398021+00:00
e9c086cf-afb2-4d35-8504-4e3e12ce78f2,,7426e851-301f-46e3-b013-068c8a8d5fc1,2024-06-30,71c459c0-baf9-4066-85fe-969cce2ad1f9,https://www.dspim.com/media/pages/mandatory-disclosures/portfolio-disclosures/901b3e3f5a-1757771557/monthend-portfolio-june-2024.zip,portfolio_excel_v1,validated,{},2026-08-21 22:48:03.398021+00:00
db57c5f3-7c29-4d25-8ff9-fcebd5d9f05f,,4f50c057-3d51-40c9-be8f-fdbcc7eed536,2024-06-30,c90981da-b73e-4cb6-b3f7-4f1e51ce0b67,https://www.dspim.com/media/pages/mandatory-disclosures/portfolio-disclosures/901b3e3f5a-1757771557/monthend-portfolio-june-2024.zip,portfolio_excel_v1,validated,{},2026-08-21 22:48:03.398021+00:00
1235aa4d-d6be-4e66-a594-97bf0a61627c,,6bf4afad-27c9-430a-9ddf-7f738f44369d,2025-05-31,a1b166ab-cf7e-474a-ab46-b07e2786b2cd,https://www.dspim.com/media/pages/mandatory-disclosures/portfolio-disclosures/43b253e246-1757771552/dsp-isin-debt-fortnightly-portfolio-as-on-31-may-2025.xlsx,portfolio_excel_v1,validated,{},2026-08-21 22:27:43.322310+00:00
f5468236-9267-4325-9790-e8e4d3f786fe,,d3054566-387e-4c09-ae37-8f6734e2b928,2025-05-31,fa82ff16-2b78-4a54-95bf-07cd9a3f6400,https://www.dspim.com/media/pages/mandatory-disclosures/portfolio-disclosures/43b253e246-1757771552/dsp-isin-debt-fortnightly-portfolio-as-on-31-may-2025.xlsx,portfolio_excel_v1,validated,{},2026-08-21 22:27:43.322310+00:00
fea8d894-1250-43ee-bd1e-9258000070e4,,9c2c7293-3cb9-4dde-b834-220990d0fc56,2025-05-31,40ad7b17-97d5-4fb1-9d97-4f10a593c85c,https://www.dspim.com/media/pages/mandatory-disclosures/portfolio-disclosures/43b253e246-1757771552/dsp-isin-debt-fortnightly-portfolio-as-on-31-may-2025.xlsx,portfolio_excel_v1,validated,{},2026-08-21 22:27:43.322310+00:00
8b56b530-dda6-4d7c-a6eb-67eb77c3f745,,39bd5974-4c82-4457-bfd8-bfead40cd71f,2025-03-31,eed9408d-8d02-4aae-b179-4941bbd85e75,https://www.dspim.com/media/pages/mandatory-disclosures/portfolio-disclosures/4d45b48738-1757771553/dsp-isin-debt-portfolio-as-on-31-mar-2025.xlsx,portfolio_excel_v1,validated,{},2026-08-21 22:27:51.606989+00:00
24f3a0fc-db4e-4f5d-8ce3-0f1220c49f68,,4c0b62ae-5310-4f78-9daf-9dc2c317b347,2025-03-31,9f02a5ac-d9e5-4551-859a-00dbe73f779b,https://www.dspim.com/media/pages/mandatory-disclosures/portfolio-disclosures/4d45b48738-1757771553/dsp-isin-debt-portfolio-as-on-31-mar-2025.xlsx,portfolio_excel_v1,validated,{},2026-08-21 22:27:51.606989+00:00
3f0dc69d-77d4-4cd8-952c-3813c4871125,,4b79d7b6-ca96-4225-965f-f0e1a7993d18,2025-03-31,174a9330-deca-4fcb-bed0-43d143a6b8d7,https://www.dspim.com/media/pages/mandatory-disclosures/portfolio-disclosures/4d45b48738-1757771553/dsp-isin-debt-portfolio-as-on-31-mar-2025.xlsx,portfolio_excel_v1,validated,{},2026-08-21 22:27:51.606989+00:00
683857a7-d74e-4bd0-a718-e5a298157857,,d7d97876-3f48-4125-a93c-5fadd10b4402,2025-03-31,e49d5209-cfa6-4bf3-aa89-e14c23eac06b,https://www.dspim.com/media/pages/mandatory-disclosures/portfolio-disclosures/4d45b48738-1757771553/dsp-isin-debt-portfolio-as-on-31-mar-2025.xlsx,portfolio_excel_v1,validated,{},2026-08-21 22:27:51.606989+00:00
8f176ebf-b1bd-4696-90e4-be5da4bb63b6,,a5cbc07f-1e64-4817-8efe-bca3d4a64f5c,2025-03-31,695ab59f-bc0f-4c63-8e26-11bdc824b4e1,https://www.dspim.com/media/pages/mandatory-disclosures/portfolio-disclosures/4d45b48738-1757771553/dsp-isin-debt-portfolio-as-on-31-mar-2025.xlsx,portfolio_excel_v1,validated,{},2026-08-21 22:27:51.606989+00:00
c59f97f8-48fe-49b2-9b93-c9d26f4d00ac,,711bb119-31de-44af-bb63-de60d060214f,2025-03-31,4d91dfdc-b3c9-43d8-a61b-fc36e0aa8f9a,https://www.dspim.com/media/pages/mandatory-disclosures/portfolio-disclosures/4d45b48738-1757771553/dsp-isin-debt-portfolio-as-on-31-mar-2025.xlsx,portfolio_excel_v1,validated,{},2026-08-21 22:27:51.606989+00:00
2fae2a62-d20d-47ce-afa9-2db98b06ad1a,,aa38dd68-4660-4a1b-b174-fd59e0c778fd,2025-03-31,0797c683-ea75-4506-9ab8-b7965633725f,https://www.dspim.com/media/pages/mandatory-disclosures/portfolio-disclosures/4d45b48738-1757771553/dsp-isin-debt-portfolio-as-on-31-mar-2025.xlsx,portfolio_excel_v1,validated,{},2026-08-21 22:27:51.606989+00:00
5fa02d63-94cf-49c4-b2f2-5204f3628553,,1de88c3b-aa99-4154-b02c-c4f9360aca01,2025-03-31,eff93cc9-f0f1-4665-8dcf-6f54dc1c9c74,https://www.dspim.com/media/pages/mandatory-disclosures/portfolio-disclosures/4d45b48738-1757771553/dsp-isin-debt-portfolio-as-on-31-mar-2025.xlsx,portfolio_excel_v1,validated,{},2026-08-21 22:27:51.606989+00:00
2ff0c7b5-ec0f-4371-8afe-61a4b7224117,,d63d2a0d-4ec8-49c9-8151-f219e714445f,2025-03-31,f035ec3e-babd-4881-9796-c5b5acbb7f49,https://www.dspim.com/media/pages/mandatory-disclosures/portfolio-disclosures/4d45b48738-1757771553/dsp-isin-debt-portfolio-as-on-31-mar-2025.xlsx,portfolio_excel_v1,validated,{},2026-08-21 22:27:51.606989+00:00
d261d9a5-22b9-44ab-98da-1f68d27ac487,,8b8a7181-1a62-463c-9637-38515e3a4973,2025-03-31,b2261069-1604-4087-a860-9d92eb6b58fd,https://www.dspim.com/media/pages/mandatory-disclosures/portfolio-disclosures/4d45b48738-1757771553/dsp-isin-debt-portfolio-as-on-31-mar-2025.xlsx,portfolio_excel_v1,validated,{},2026-08-21 22:27:51.606989+00:00
a14edabe-48d2-4c76-9f14-b97545126ba4,,aa29e284-5e02-4951-ae02-ed98535dc61e,2025-03-31,06b61df3-96f0-4ab5-97c9-eced7a41a9ab,https://www.dspim.com/media/pages/mandatory-disclosures/portfolio-disclosures/4d45b48738-1757771553/dsp-isin-debt-portfolio-as-on-31-mar-2025.xlsx,portfolio_excel_v1,validated,{},2026-08-21 22:27:51.606989+00:00
223147c2-8b24-45da-8811-fc97b939fe42,,f1c6f3aa-b829-4406-a6f8-03734bf4a16f,2025-03-31,209d7bfd-396a-442e-a674-538b363c3ac1,https://www.dspim.com/media/pages/mandatory-disclosures/portfolio-disclosures/4d45b48738-1757771553/dsp-isin-debt-portfolio-as-on-31-mar-2025.xlsx,portfolio_excel_v1,validated,{},2026-08-21 22:27:51.606989+00:00
31b98558-3446-4859-afd0-60e7b0c9b47d,,e3bb7214-772c-45f7-bbe8-d95a5145fce5,2025-03-31,a05e42cd-b3c7-4017-ac64-fdce57bdd122,https://www.dspim.com/media/pages/mandatory-disclosures/portfolio-disclosures/4d45b48738-1757771553/dsp-isin-debt-portfolio-as-on-31-mar-2025.xlsx,portfolio_excel_v1,validated,{},2026-08-21 22:27:51.606989+00:00
bc418993-50c7-47b5-93a7-a1359f771a52,,fb0a8711-6c29-4de0-a1ff-3bc3c484facc,2025-09-19,8c3ba94e-9b57-4660-a402-10f78e62e72f,https://mutualfund.adityabirlacapital.com/-/media/bsl/files/resources/portfolio/portfolio-as-of--19-sep-2025-bfs.zip,portfolio_excel_v1,validated,{},2026-08-21 22:47:24.159087+00:00
2a75f158-db91-49d5-bd31-ee94991557fc,,e915ea7a-9d17-4202-8af5-1af30c0db33b,2022-01-16,fed4e7c0-312e-4d90-9e54-a8a5de9879eb,https://mutualfund.adityabirlacapital.com/-/media/bsl/files/resources/portfolio/portfolio-as-of-16-january-2022-debt.zip,portfolio_excel_v1,validated,{},2026-08-21 22:47:26.374169+00:00
fbf22e23-d0d3-40b1-bca7-8ef0a0e58697,,4e6f7d54-1b55-44a0-b9e9-1b0e3247dff3,2022-01-16,2f155dd5-9803-4a78-9ebc-c767378ad6fa,https://mutualfund.adityabirlacapital.com/-/media/bsl/files/resources/portfolio/portfolio-as-of-16-january-2022-debt.zip,portfolio_excel_v1,validated,{},2026-08-21 22:47:26.374169+00:00
dcf4983e-6d26-4fe5-a74f-b0df6a9f8983,,12849918-c67f-4345-8bf8-290eacf8a7d2,2022-01-16,247796e0-2334-4a11-8fe3-6a64fbab74cd,https://mutualfund.adityabirlacapital.com/-/media/bsl/files/resources/portfolio/portfolio-as-of-16-january-2022-debt.zip,portfolio_excel_v1,validated,{},2026-08-21 22:47:26.374169+00:00
53461a7b-5482-4c7b-b840-62cd721370a1,,fb0a8711-6c29-4de0-a1ff-3bc3c484facc,2022-01-16,db600755-167a-4799-b82b-243f3e4e2317,https://mutualfund.adityabirlacapital.com/-/media/bsl/files/resources/portfolio/portfolio-as-of-16-january-2022-debt.zip,portfolio_excel_v1,validated,{},2026-08-21 22:47:26.374169+00:00
732503bb-c520-4a04-9efa-53ca3aae9c92,,4dcef8d6-64f4-47fa-a84a-f07641eb32d5,2022-01-16,f844cbb2-29ca-444c-b0e2-77190a7310ca,https://mutualfund.adityabirlacapital.com/-/media/bsl/files/resources/portfolio/portfolio-as-of-16-january-2022-debt.zip,portfolio_excel_v1,validated,{},2026-08-21 22:47:26.374169+00:00
96aabf69-1aa3-4950-9e5d-7c21389ce02d,,07b95131-04cb-4999-88ae-fa505fc5638c,2022-01-16,c46dbe06-5ab6-42a5-a10d-62008b555e0d,https://mutualfund.adityabirlacapital.com/-/media/bsl/files/resources/portfolio/portfolio-as-of-16-january-2022-debt.zip,portfolio_excel_v1,validated,{},2026-08-21 22:47:26.374169+00:00
b8c653d4-7763-4dcc-ad36-09a25a4d23f9,,7acbdaac-6b00-42f0-8aa5-b4ef1d6b484d,2024-06-30,b77bf54f-b006-478c-b652-84e0be8c60b2,https://www.dspim.com/media/pages/mandatory-disclosures/portfolio-disclosures/901b3e3f5a-1757771557/monthend-portfolio-june-2024.zip,portfolio_excel_v1,validated,{},2026-08-21 22:48:03.398021+00:00
51fbba82-3ba2-40d5-b536-a87c16d280d0,,75700a69-71bb-4ab4-b736-12846754c6fa,2024-06-30,01bf0f5d-aa19-44fb-a050-8ea79610dacb,https://www.dspim.com/media/pages/mandatory-disclosures/portfolio-disclosures/901b3e3f5a-1757771557/monthend-portfolio-june-2024.zip,portfolio_excel_v1,validated,{},2026-08-21 22:48:03.398021+00:00
758dc4b4-2be6-475f-9ab6-20e16ebf029a,,a1098ad6-91b7-4f2b-83c4-9adf731d7ed9,2024-06-30,ba236194-d7fa-4b5b-9696-aee0c96253ac,https://www.dspim.com/media/pages/mandatory-disclosures/portfolio-disclosures/901b3e3f5a-1757771557/monthend-portfolio-june-2024.zip,portfolio_excel_v1,validated,{},2026-08-21 22:48:03.398021+00:00
deb98325-1455-4142-bdee-b7897cc7c62d,,e3c71b64-92f1-4db4-a6f7-1c0008e69c4c,2025-03-31,99cb0070-e20b-4b81-9ca5-69fcdd3d9056,https://www.dspim.com/media/pages/mandatory-disclosures/portfolio-disclosures/4d45b48738-1757771553/dsp-isin-debt-portfolio-as-on-31-mar-2025.xlsx,portfolio_excel_v1,validated,{},2026-08-21 22:27:51.606989+00:00
77de0052-85e0-4f1a-a4ff-6fb32ec99c92,,bcdfc686-5907-43dd-8412-1158d4f21d83,2025-03-31,c358e7c5-1e63-407e-97e0-ff3f1e38d4bf,https://www.dspim.com/media/pages/mandatory-disclosures/portfolio-disclosures/4d45b48738-1757771553/dsp-isin-debt-portfolio-as-on-31-mar-2025.xlsx,portfolio_excel_v1,validated,{},2026-08-21 22:27:51.606989+00:00
a86a1ca2-80e9-41a1-a8d8-b1e2afb0159c,,7acbdaac-6b00-42f0-8aa5-b4ef1d6b484d,2025-03-31,ad612f2e-59cb-4864-ae44-7414d5593f0a,https://www.dspim.com/media/pages/mandatory-disclosures/portfolio-disclosures/4d45b48738-1757771553/dsp-isin-debt-portfolio-as-on-31-mar-2025.xlsx,portfolio_excel_v1,validated,{},2026-08-21 22:27:51.606989+00:00
c7b58475-3b99-4fa2-98c3-3d2dda65c37f,,bc6afebe-de89-4d43-a319-3a0352ead9be,2025-03-31,750f3c74-a452-4b03-b991-d5aa9ab57010,https://www.dspim.com/media/pages/mandatory-disclosures/portfolio-disclosures/4d45b48738-1757771553/dsp-isin-debt-portfolio-as-on-31-mar-2025.xlsx,portfolio_excel_v1,validated,{},2026-08-21 22:27:51.606989+00:00
511ec12d-ac26-4a9e-8dea-2b7aa7bf934a,,75700a69-71bb-4ab4-b736-12846754c6fa,2025-03-31,0d466b5d-904e-453b-a3c3-d76cb0cec86f,https://www.dspim.com/media/pages/mandatory-disclosures/portfolio-disclosures/4d45b48738-1757771553/dsp-isin-debt-portfolio-as-on-31-mar-2025.xlsx,portfolio_excel_v1,validated,{},2026-08-21 22:27:51.606989+00:00
b621384d-63bb-4bc1-abfe-83c12ee24091,,a1098ad6-91b7-4f2b-83c4-9adf731d7ed9,2025-03-31,82884652-417e-4fb2-b40d-c7e5729ecc3b,https://www.dspim.com/media/pages/mandatory-disclosures/portfolio-disclosures/4d45b48738-1757771553/dsp-isin-debt-portfolio-as-on-31-mar-2025.xlsx,portfolio_excel_v1,validated,{},2026-08-21 22:27:51.606989+00:00
f3c71637-8fce-4289-89a6-119fb8881fb8,,9f75a983-484e-45e0-9905-bf47dbfc8900,2025-03-31,c75a3148-5a9d-4cf7-9cb2-816005d51a55,https://www.dspim.com/media/pages/mandatory-disclosures/portfolio-disclosures/4d45b48738-1757771553/dsp-isin-debt-portfolio-as-on-31-mar-2025.xlsx,portfolio_excel_v1,validated,{},2026-08-21 22:27:51.606989+00:00
a56c15d9-9072-4a7d-b591-f2212bc23d5a,,b3236eec-7dcc-4192-8025-4d413fbde918,2025-03-31,300d7dfb-9eb7-4476-8579-c881434e9a2e,https://www.dspim.com/media/pages/mandatory-disclosures/portfolio-disclosures/4d45b48738-1757771553/dsp-isin-debt-portfolio-as-on-31-mar-2025.xlsx,portfolio_excel_v1,validated,{},2026-08-21 22:27:51.606989+00:00
34f1a4b0-feee-42e3-87d7-68cb34f29360,,e89a10e7-e991-45b2-8131-f5a40f497090,2025-03-31,b73f4eb3-fd09-4191-b19a-5e19c9e6834e,https://www.dspim.com/media/pages/mandatory-disclosures/portfolio-disclosures/4d45b48738-1757771553/dsp-isin-debt-portfolio-as-on-31-mar-2025.xlsx,portfolio_excel_v1,validated,{},2026-08-21 22:27:51.606989+00:00
57bf7fdd-93b0-487e-ad92-4a8aa8661288,,f3839e55-9dd9-4e5a-815f-b9125c1200e8,2025-03-31,91939148-0457-4418-9253-16b2a9818939,https://www.dspim.com/media/pages/mandatory-disclosures/portfolio-disclosures/4d45b48738-1757771553/dsp-isin-debt-portfolio-as-on-31-mar-2025.xlsx,portfolio_excel_v1,validated,{},2026-08-21 22:27:51.606989+00:00
a2565b16-cc39-456f-92b3-f92c0ea1d287,,6bf4afad-27c9-430a-9ddf-7f738f44369d,2025-03-31,9f17db40-898d-4ac8-99c9-9323f8a1c6fa,https://www.dspim.com/media/pages/mandatory-disclosures/portfolio-disclosures/4d45b48738-1757771553/dsp-isin-debt-portfolio-as-on-31-mar-2025.xlsx,portfolio_excel_v1,validated,{},2026-08-21 22:27:51.606989+00:00
e771da65-7c99-4e13-8cdb-d52228fbc2a9,,d3054566-387e-4c09-ae37-8f6734e2b928,2025-03-31,b1883115-a5b3-4941-85d4-f8fdaa738626,https://www.dspim.com/media/pages/mandatory-disclosures/portfolio-disclosures/4d45b48738-1757771553/dsp-isin-debt-portfolio-as-on-31-mar-2025.xlsx,portfolio_excel_v1,validated,{},2026-08-21 22:27:51.606989+00:00
bf03b6d4-f183-4273-9233-2f464066a549,,9c2c7293-3cb9-4dde-b834-220990d0fc56,2025-03-31,03ae66ab-a62f-459e-8a0d-dc5664d95f76,https://www.dspim.com/media/pages/mandatory-disclosures/portfolio-disclosures/4d45b48738-1757771553/dsp-isin-debt-portfolio-as-on-31-mar-2025.xlsx,portfolio_excel_v1,validated,{},2026-08-21 22:27:51.606989+00:00
b1052d40-184f-42f5-bbef-a63f027d6945,,39bd5974-4c82-4457-bfd8-bfead40cd71f,2026-02-28,65453f5e-54cc-49b7-9427-c73c27aae914,https://www.dspim.com/media/pages/mandatory-disclosures/portfolio-disclosures/15a440a099-1772724988/dsp-isin-debt-fortnightly-portfolio-as-on-28-feb-2026.xlsx,portfolio_excel_v1,validated,{},2026-08-21 22:28:00.333201+00:00
348cd817-ed9d-4b14-adb4-bfcf239878c5,,4c0b62ae-5310-4f78-9daf-9dc2c317b347,2026-02-28,ee496ed9-2f1d-4ed4-99a7-6dcbd5dcd038,https://www.dspim.com/media/pages/mandatory-disclosures/portfolio-disclosures/15a440a099-1772724988/dsp-isin-debt-fortnightly-portfolio-as-on-28-feb-2026.xlsx,portfolio_excel_v1,validated,{},2026-08-21 22:28:00.333201+00:00
363fcd54-58de-409c-83a1-9307268d95ae,,4b79d7b6-ca96-4225-965f-f0e1a7993d18,2026-02-28,61618639-d356-4764-844c-09b1f0f408bd,https://www.dspim.com/media/pages/mandatory-disclosures/portfolio-disclosures/15a440a099-1772724988/dsp-isin-debt-fortnightly-portfolio-as-on-28-feb-2026.xlsx,portfolio_excel_v1,validated,{},2026-08-21 22:28:00.333201+00:00
ecb4bb92-5882-4d2e-9e2b-ca052ad8c22a,,d7d97876-3f48-4125-a93c-5fadd10b4402,2026-02-28,aea6c14b-f9e8-405d-9af6-7878ce962ecd,https://www.dspim.com/media/pages/mandatory-disclosures/portfolio-disclosures/15a440a099-1772724988/dsp-isin-debt-fortnightly-portfolio-as-on-28-feb-2026.xlsx,portfolio_excel_v1,validated,{},2026-08-21 22:28:00.333201+00:00
e687fca2-57d4-4be7-bd32-c155ca522388,,a5cbc07f-1e64-4817-8efe-bca3d4a64f5c,2026-02-28,5e7c0d7c-ed7c-4362-877e-30f1b1026eae,https://www.dspim.com/media/pages/mandatory-disclosures/portfolio-disclosures/15a440a099-1772724988/dsp-isin-debt-fortnightly-portfolio-as-on-28-feb-2026.xlsx,portfolio_excel_v1,validated,{},2026-08-21 22:28:00.333201+00:00
6b5d2872-40b1-4bb7-a0c1-e5368cadff36,,711bb119-31de-44af-bb63-de60d060214f,2026-02-28,242a8c74-a2ac-4293-b121-42b51b658d7f,https://www.dspim.com/media/pages/mandatory-disclosures/portfolio-disclosures/15a440a099-1772724988/dsp-isin-debt-fortnightly-portfolio-as-on-28-feb-2026.xlsx,portfolio_excel_v1,validated,{},2026-08-21 22:28:00.333201+00:00
62889a4c-18a0-4360-a661-25a9cd03d7e3,,aa38dd68-4660-4a1b-b174-fd59e0c778fd,2026-02-28,68bdffb7-1ef7-4527-a169-9a9f684e591f,https://www.dspim.com/media/pages/mandatory-disclosures/portfolio-disclosures/15a440a099-1772724988/dsp-isin-debt-fortnightly-portfolio-as-on-28-feb-2026.xlsx,portfolio_excel_v1,validated,{},2026-08-21 22:28:00.333201+00:00
5e6bb806-3a25-46df-9b32-afb86cc10ffd,,96b0cb2f-f920-4841-98e1-7a3b8711a525,2022-01-16,730fdecc-808b-4410-bd21-435efb1841aa,https://mutualfund.adityabirlacapital.com/-/media/bsl/files/resources/portfolio/portfolio-as-of-16-january-2022-debt.zip,portfolio_excel_v1,validated,{},2026-08-21 22:47:26.374169+00:00
38fa3ca6-1f96-4d75-ac3c-b52900342b13,,8d0575fc-07bc-4f96-b226-e812f020aca4,2022-01-16,1fa7e163-e279-4add-8e8d-534bbfda7ea5,https://mutualfund.adityabirlacapital.com/-/media/bsl/files/resources/portfolio/portfolio-as-of-16-january-2022-debt.zip,portfolio_excel_v1,validated,{},2026-08-21 22:47:26.374169+00:00
a985bef5-b297-456c-948a-b3f5bd1c61b7,,c25f5a3a-d980-48b5-8893-bea3b60ab023,2022-01-16,f8788344-2bae-4dd0-9498-9bf3f59253a4,https://mutualfund.adityabirlacapital.com/-/media/bsl/files/resources/portfolio/portfolio-as-of-16-january-2022-debt.zip,portfolio_excel_v1,validated,{},2026-08-21 22:47:26.374169+00:00
abea3ff8-ce96-461c-af14-afd2f94dcadf,,38529db5-2963-43ff-a598-7442078e8ae4,2022-01-16,5b8d69e7-6ecb-47b7-aa40-f9880eb92610,https://mutualfund.adityabirlacapital.com/-/media/bsl/files/resources/portfolio/portfolio-as-of-16-january-2022-debt.zip,portfolio_excel_v1,validated,{},2026-08-21 22:47:26.374169+00:00
e813191e-24b2-4863-b9d8-bc0155063785,,bbc5e475-5d50-45be-b81e-7f3c276a92d5,2022-01-16,a079446a-7b04-4387-a618-976f5c1b40bb,https://mutualfund.adityabirlacapital.com/-/media/bsl/files/resources/portfolio/portfolio-as-of-16-january-2022-debt.zip,portfolio_excel_v1,validated,{},2026-08-21 22:47:26.374169+00:00
53955092-420b-4f55-bf83-e40a31f574ef,,9f75a983-484e-45e0-9905-bf47dbfc8900,2024-06-30,a6d71401-7040-4f22-81a2-bce63e8f8357,https://www.dspim.com/media/pages/mandatory-disclosures/portfolio-disclosures/901b3e3f5a-1757771557/monthend-portfolio-june-2024.zip,portfolio_excel_v1,validated,{},2026-08-21 22:48:03.398021+00:00
fe55e136-a6d3-4db3-b687-efa052b86625,,b3236eec-7dcc-4192-8025-4d413fbde918,2024-06-30,342318e3-861b-4da5-a5b8-782b4da90778,https://www.dspim.com/media/pages/mandatory-disclosures/portfolio-disclosures/901b3e3f5a-1757771557/monthend-portfolio-june-2024.zip,portfolio_excel_v1,validated,{},2026-08-21 22:48:03.398021+00:00
05476498-9a2a-47cb-89a9-1eb58ac325c0,,1de88c3b-aa99-4154-b02c-c4f9360aca01,2026-02-28,c9a453ee-1c03-44c2-8164-fe482faae71c,https://www.dspim.com/media/pages/mandatory-disclosures/portfolio-disclosures/15a440a099-1772724988/dsp-isin-debt-fortnightly-portfolio-as-on-28-feb-2026.xlsx,portfolio_excel_v1,validated,{},2026-08-21 22:28:00.333201+00:00
13b8de8d-e3b3-4382-b444-3edfcab4947a,,d63d2a0d-4ec8-49c9-8151-f219e714445f,2026-02-28,109b2258-1ff9-4f49-b28c-571f6671c4d9,https://www.dspim.com/media/pages/mandatory-disclosures/portfolio-disclosures/15a440a099-1772724988/dsp-isin-debt-fortnightly-portfolio-as-on-28-feb-2026.xlsx,portfolio_excel_v1,validated,{},2026-08-21 22:28:00.333201+00:00
df12f86f-e985-4385-adc3-77b0d98a2837,,8b8a7181-1a62-463c-9637-38515e3a4973,2026-02-28,3f2bf175-7f41-4d82-b2f3-f918bc0b178f,https://www.dspim.com/media/pages/mandatory-disclosures/portfolio-disclosures/15a440a099-1772724988/dsp-isin-debt-fortnightly-portfolio-as-on-28-feb-2026.xlsx,portfolio_excel_v1,validated,{},2026-08-21 22:28:00.333201+00:00
10ad78f2-1f9e-475e-b925-9a73a663204d,,aa29e284-5e02-4951-ae02-ed98535dc61e,2026-02-28,f9390ce6-df63-4983-a5f5-06bdeb6a0635,https://www.dspim.com/media/pages/mandatory-disclosures/portfolio-disclosures/15a440a099-1772724988/dsp-isin-debt-fortnightly-portfolio-as-on-28-feb-2026.xlsx,portfolio_excel_v1,validated,{},2026-08-21 22:28:00.333201+00:00
22f1b15b-1c63-413c-93c9-0f8fe5271517,,f1c6f3aa-b829-4406-a6f8-03734bf4a16f,2026-02-28,607619ea-4a15-4b62-9f04-62f93f0172e3,https://www.dspim.com/media/pages/mandatory-disclosures/portfolio-disclosures/15a440a099-1772724988/dsp-isin-debt-fortnightly-portfolio-as-on-28-feb-2026.xlsx,portfolio_excel_v1,validated,{},2026-08-21 22:28:00.333201+00:00
ea59472f-5dda-4f56-b0dd-cba0dba8ea44,,c280dee4-2813-4e8b-8f66-240ebce126ab,2026-02-28,2bd0a2bb-4b8c-4e17-975e-487bf7c15918,https://www.dspim.com/media/pages/mandatory-disclosures/portfolio-disclosures/15a440a099-1772724988/dsp-isin-debt-fortnightly-portfolio-as-on-28-feb-2026.xlsx,portfolio_excel_v1,validated,{},2026-08-21 22:28:00.333201+00:00
2663f05d-b3bd-4f5d-be47-2ab33a519e02,,e3c71b64-92f1-4db4-a6f7-1c0008e69c4c,2026-02-28,90b14233-3c5a-4211-b6a8-af1f60bbe305,https://www.dspim.com/media/pages/mandatory-disclosures/portfolio-disclosures/15a440a099-1772724988/dsp-isin-debt-fortnightly-portfolio-as-on-28-feb-2026.xlsx,portfolio_excel_v1,validated,{},2026-08-21 22:28:00.333201+00:00
16a96514-a294-46ce-901c-b833cad422c8,,bcdfc686-5907-43dd-8412-1158d4f21d83,2026-02-28,cb07b8d5-833b-4ee7-8afe-56834ba76695,https://www.dspim.com/media/pages/mandatory-disclosures/portfolio-disclosures/15a440a099-1772724988/dsp-isin-debt-fortnightly-portfolio-as-on-28-feb-2026.xlsx,portfolio_excel_v1,validated,{},2026-08-21 22:28:00.333201+00:00
bd316754-25a2-41c4-a71b-7c96c68bc2c4,,bc6afebe-de89-4d43-a319-3a0352ead9be,2026-02-28,4ea81142-09d3-466a-8023-26c847a31f9d,https://www.dspim.com/media/pages/mandatory-disclosures/portfolio-disclosures/15a440a099-1772724988/dsp-isin-debt-fortnightly-portfolio-as-on-28-feb-2026.xlsx,portfolio_excel_v1,validated,{},2026-08-21 22:28:00.333201+00:00
6d337ab4-dfda-4814-8448-4293ef1bd14a,,7acbdaac-6b00-42f0-8aa5-b4ef1d6b484d,2026-02-28,dcf7c9c8-f204-4e6d-828b-fdb0c04ab66c,https://www.dspim.com/media/pages/mandatory-disclosures/portfolio-disclosures/15a440a099-1772724988/dsp-isin-debt-fortnightly-portfolio-as-on-28-feb-2026.xlsx,portfolio_excel_v1,validated,{},2026-08-21 22:28:00.333201+00:00
ac293497-c767-44e8-9fe1-6db65b2d69dd,,75700a69-71bb-4ab4-b736-12846754c6fa,2026-02-28,6e1aa6ba-235b-4dc0-85f8-493c6ffe64e3,https://www.dspim.com/media/pages/mandatory-disclosures/portfolio-disclosures/15a440a099-1772724988/dsp-isin-debt-fortnightly-portfolio-as-on-28-feb-2026.xlsx,portfolio_excel_v1,validated,{},2026-08-21 22:28:00.333201+00:00
e108a83c-f147-43d1-8812-128be3c4b7b1,,28e08d4a-750c-44a8-b878-507862a40769,2026-02-28,eec8ecef-b60d-4ddb-b6fc-472da15f6991,https://www.dspim.com/media/pages/mandatory-disclosures/portfolio-disclosures/15a440a099-1772724988/dsp-isin-debt-fortnightly-portfolio-as-on-28-feb-2026.xlsx,portfolio_excel_v1,validated,{},2026-08-21 22:28:00.333201+00:00
39d85bfb-703d-4abd-9904-af0019204b9d,,9f75a983-484e-45e0-9905-bf47dbfc8900,2026-02-28,44787489-cffe-49b9-abc3-cd1cc22b81a1,https://www.dspim.com/media/pages/mandatory-disclosures/portfolio-disclosures/15a440a099-1772724988/dsp-isin-debt-fortnightly-portfolio-as-on-28-feb-2026.xlsx,portfolio_excel_v1,validated,{},2026-08-21 22:28:00.333201+00:00
e1bc241b-d20f-4365-8f21-1dc8bae4ddc8,,b3236eec-7dcc-4192-8025-4d413fbde918,2026-02-28,a5e63e51-7b42-40cb-aad2-50b405924e37,https://www.dspim.com/media/pages/mandatory-disclosures/portfolio-disclosures/15a440a099-1772724988/dsp-isin-debt-fortnightly-portfolio-as-on-28-feb-2026.xlsx,portfolio_excel_v1,validated,{},2026-08-21 22:28:00.333201+00:00
cc258ead-b55c-45e5-900a-d86288881f31,,4e6f7d54-1b55-44a0-b9e9-1b0e3247dff3,2023-12-28,d9545aa5-ab90-4da0-8667-b5a4d773b29f,https://mutualfund.adityabirlacapital.com/-/media/bsl/files/resources/portfolio/portfolio-as-of-28-dec-2023-debt.zip,portfolio_excel_v1,validated,{},2026-08-21 22:47:41.212308+00:00
b3c8b03a-9889-4260-a015-6747cc147590,,fb0a8711-6c29-4de0-a1ff-3bc3c484facc,2023-12-28,dde16228-9e95-4a6f-8451-8694b8d9137b,https://mutualfund.adityabirlacapital.com/-/media/bsl/files/resources/portfolio/portfolio-as-of-28-dec-2023-debt.zip,portfolio_excel_v1,validated,{},2026-08-21 22:47:41.212308+00:00
5f6d9dd8-987b-42ad-8dff-062911e0b406,,4dcef8d6-64f4-47fa-a84a-f07641eb32d5,2023-12-28,86da7b57-5be4-4ef5-92f4-bb25884d676d,https://mutualfund.adityabirlacapital.com/-/media/bsl/files/resources/portfolio/portfolio-as-of-28-dec-2023-debt.zip,portfolio_excel_v1,validated,{},2026-08-21 22:47:41.212308+00:00
4d3b8249-9145-41dc-a25d-0a4014b80ae3,,8d0575fc-07bc-4f96-b226-e812f020aca4,2023-12-28,4b18354b-45ab-4048-be98-647d6c3f0964,https://mutualfund.adityabirlacapital.com/-/media/bsl/files/resources/portfolio/portfolio-as-of-28-dec-2023-debt.zip,portfolio_excel_v1,validated,{},2026-08-21 22:47:41.212308+00:00
463fb1cf-8301-4254-b7d7-e674ff5b08f7,,16c7eb6a-a1d2-4f79-a2ce-10921ccb25a3,2024-05-31,7a4aec35-64c0-49a8-87bf-dfece495b3c7,https://amc.ppfas.com/downloads/portfolio-disclosure/fortnightly-debt-portfolio-disclosure/2024/PPCHF_Fortnightly_Portfolio_Report_31-may-2024.xlsx?05062024,portfolio_excel_v1,validated,{},2026-08-21 22:47:50.398051+00:00
f1fe3987-a57c-469f-88f5-35dbb861a8e4,,39bd5974-4c82-4457-bfd8-bfead40cd71f,2021-07-15,95d5bb51-f031-47ca-b2bd-922677320caa,https://www.dspim.com/media/pages/mandatory-disclosures/portfolio-disclosures/b5b7270081-1757771552/dsp-debt-isin-portfolio-15th-july-2021.xlsx,portfolio_excel_v1,validated,{},2026-08-21 22:47:52.294394+00:00
dd780847-dab5-47ae-94fd-349dcef4f45f,,4c0b62ae-5310-4f78-9daf-9dc2c317b347,2021-07-15,1e05c566-84a5-436d-8d9b-e4211f201cc0,https://www.dspim.com/media/pages/mandatory-disclosures/portfolio-disclosures/b5b7270081-1757771552/dsp-debt-isin-portfolio-15th-july-2021.xlsx,portfolio_excel_v1,validated,{},2026-08-21 22:47:52.294394+00:00
b77783b3-1bf4-4917-8291-bcd61c3a9411,,4b79d7b6-ca96-4225-965f-f0e1a7993d18,2021-07-15,1c11215c-55a2-4010-9069-10cdc8ee1464,https://www.dspim.com/media/pages/mandatory-disclosures/portfolio-disclosures/b5b7270081-1757771552/dsp-debt-isin-portfolio-15th-july-2021.xlsx,portfolio_excel_v1,validated,{},2026-08-21 22:47:52.294394+00:00
e71423aa-9378-4ace-9eb2-c67641986876,,d7d97876-3f48-4125-a93c-5fadd10b4402,2021-07-15,95a3c697-5f99-49f6-b757-74d2f7e37fde,https://www.dspim.com/media/pages/mandatory-disclosures/portfolio-disclosures/b5b7270081-1757771552/dsp-debt-isin-portfolio-15th-july-2021.xlsx,portfolio_excel_v1,validated,{},2026-08-21 22:47:52.294394+00:00
d944b7b3-efb9-4a4a-a78c-18b0cf9bf416,,a5cbc07f-1e64-4817-8efe-bca3d4a64f5c,2021-07-15,d610cb82-e66d-410c-bd5e-e166fd8d6cad,https://www.dspim.com/media/pages/mandatory-disclosures/portfolio-disclosures/b5b7270081-1757771552/dsp-debt-isin-portfolio-15th-july-2021.xlsx,portfolio_excel_v1,validated,{},2026-08-21 22:47:52.294394+00:00
3d3d190e-5154-4cd4-ad14-ee3563431a6c,,e89a10e7-e991-45b2-8131-f5a40f497090,2024-06-30,59565e2f-7960-4ac8-b2ea-08a1825d4129,https://www.dspim.com/media/pages/mandatory-disclosures/portfolio-disclosures/901b3e3f5a-1757771557/monthend-portfolio-june-2024.zip,portfolio_excel_v1,validated,{},2026-08-21 22:48:03.398021+00:00
3c4ba2c3-cde8-4a86-b6da-3543dcd565d8,,85210db7-ce53-4bf4-b958-f863f66b5c7c,2024-06-30,13f4ac19-0b2b-4106-98e4-53d3bc6b1e51,https://www.dspim.com/media/pages/mandatory-disclosures/portfolio-disclosures/901b3e3f5a-1757771557/monthend-portfolio-june-2024.zip,portfolio_excel_v1,validated,{},2026-08-21 22:48:03.398021+00:00
4632a937-de16-4f7d-b899-379f1edaf551,,c8ddd1c3-dc06-40eb-95a4-94df7ac80a9e,2021-09-30,f2ce97f8-2b1a-469b-a640-102a27fff276,https://transact.axismf.com/cms/sites/default/files/Statutory/IN_MF_FORTNIGHTLY_PORTFOLIO_AXISMF_31102021.xls,portfolio_excel_v1,validated,{},2026-08-21 22:49:47.767983+00:00
6c43b2e7-b967-40ee-9715-201becd85016,,f4abfe9e-a7d5-498b-8775-7f55b1122ef6,2021-09-30,b8915c11-6b31-4ab0-85a8-09eb200ec1be,https://transact.axismf.com/cms/sites/default/files/Statutory/IN_MF_FORTNIGHTLY_PORTFOLIO_AXISMF_31102021.xls,portfolio_excel_v1,validated,{},2026-08-21 22:49:47.767983+00:00
888e2b8d-b16f-41df-9a54-321b15f7ca68,,e0a672f6-40f3-453f-ab57-9c3633fa4d5a,2026-02-28,2e312a6c-1cb8-4ee3-b305-b20f16544d18,https://www.dspim.com/media/pages/mandatory-disclosures/portfolio-disclosures/15a440a099-1772724988/dsp-isin-debt-fortnightly-portfolio-as-on-28-feb-2026.xlsx,portfolio_excel_v1,validated,{},2026-08-21 22:28:00.333201+00:00
4eb221fa-52ef-4da6-b995-36f34efa70f1,,f3839e55-9dd9-4e5a-815f-b9125c1200e8,2026-02-28,723a0a1f-f8d2-43e1-90c3-b2ad95cd0bf1,https://www.dspim.com/media/pages/mandatory-disclosures/portfolio-disclosures/15a440a099-1772724988/dsp-isin-debt-fortnightly-portfolio-as-on-28-feb-2026.xlsx,portfolio_excel_v1,validated,{},2026-08-21 22:28:00.333201+00:00
5f56202f-1a1b-46ab-9352-32c451eb1f2c,,6bf4afad-27c9-430a-9ddf-7f738f44369d,2026-02-28,5d61dfc4-c6c7-4dea-8dc4-f6ba3a0cca63,https://www.dspim.com/media/pages/mandatory-disclosures/portfolio-disclosures/15a440a099-1772724988/dsp-isin-debt-fortnightly-portfolio-as-on-28-feb-2026.xlsx,portfolio_excel_v1,validated,{},2026-08-21 22:28:00.333201+00:00
12639e2c-ae37-48bd-b977-7c0e1a8965e1,,d3054566-387e-4c09-ae37-8f6734e2b928,2026-02-28,1266f12f-5602-4dd8-97e9-41f11c2593d6,https://www.dspim.com/media/pages/mandatory-disclosures/portfolio-disclosures/15a440a099-1772724988/dsp-isin-debt-fortnightly-portfolio-as-on-28-feb-2026.xlsx,portfolio_excel_v1,validated,{},2026-08-21 22:28:00.333201+00:00
066246e5-9f5f-4ddd-8f0a-5a6cb36e2c5d,,9c2c7293-3cb9-4dde-b834-220990d0fc56,2026-02-28,034fc95e-c68c-408b-a3e8-33dbec3a0ae5,https://www.dspim.com/media/pages/mandatory-disclosures/portfolio-disclosures/15a440a099-1772724988/dsp-isin-debt-fortnightly-portfolio-as-on-28-feb-2026.xlsx,portfolio_excel_v1,validated,{},2026-08-21 22:28:00.333201+00:00
4591cbcb-c2d0-47ff-b9f1-081edb7b0bf4,,39bd5974-4c82-4457-bfd8-bfead40cd71f,2023-04-30,42c900dc-7ff0-4677-9fa3-350966a0192f,https://www.dspim.com/media/pages/mandatory-disclosures/portfolio-disclosures/1ae36f138f-1757771553/dsp-isin-debt-portfolio-as-on-30-april-2023.xlsx,portfolio_excel_v1,validated,{},2026-08-21 22:28:08.968230+00:00
72f4660f-ce7d-4015-b9bf-90c9545964d8,,4c0b62ae-5310-4f78-9daf-9dc2c317b347,2023-04-30,8191f4a3-3f1c-456d-ae02-e2390b334d7a,https://www.dspim.com/media/pages/mandatory-disclosures/portfolio-disclosures/1ae36f138f-1757771553/dsp-isin-debt-portfolio-as-on-30-april-2023.xlsx,portfolio_excel_v1,validated,{},2026-08-21 22:28:08.968230+00:00
c5003a7c-0c45-4124-b5df-d5bd44e717c2,,4b79d7b6-ca96-4225-965f-f0e1a7993d18,2023-04-30,2fa6db7c-8485-4f99-b1ea-7224b4d74fb1,https://www.dspim.com/media/pages/mandatory-disclosures/portfolio-disclosures/1ae36f138f-1757771553/dsp-isin-debt-portfolio-as-on-30-april-2023.xlsx,portfolio_excel_v1,validated,{},2026-08-21 22:28:08.968230+00:00
4c73d3e6-349d-4083-a72d-178e108b4002,,d7d97876-3f48-4125-a93c-5fadd10b4402,2023-04-30,0f394bd0-4c15-444e-965c-959bcb8ef7f8,https://www.dspim.com/media/pages/mandatory-disclosures/portfolio-disclosures/1ae36f138f-1757771553/dsp-isin-debt-portfolio-as-on-30-april-2023.xlsx,portfolio_excel_v1,validated,{},2026-08-21 22:28:08.968230+00:00
eb608724-1629-413f-b491-e615fdc4b4a2,,711bb119-31de-44af-bb63-de60d060214f,2021-07-15,b4895549-5bba-4fee-bb26-8f15e4a5bd56,https://www.dspim.com/media/pages/mandatory-disclosures/portfolio-disclosures/b5b7270081-1757771552/dsp-debt-isin-portfolio-15th-july-2021.xlsx,portfolio_excel_v1,validated,{},2026-08-21 22:47:52.294394+00:00
88e87bee-5efc-4a99-8409-6821195bb4b1,,aa38dd68-4660-4a1b-b174-fd59e0c778fd,2021-07-15,2f3afccd-5c44-4b9c-8558-87494ade7909,https://www.dspim.com/media/pages/mandatory-disclosures/portfolio-disclosures/b5b7270081-1757771552/dsp-debt-isin-portfolio-15th-july-2021.xlsx,portfolio_excel_v1,validated,{},2026-08-21 22:47:52.294394+00:00
75aa749d-fd9c-4a49-be27-f45fc784e95a,,646d8ef3-03fa-43e8-8dec-4f4eb638210c,2021-07-15,487c78f1-c5b1-44db-af9a-124de2fad6d5,https://www.dspim.com/media/pages/mandatory-disclosures/portfolio-disclosures/b5b7270081-1757771552/dsp-debt-isin-portfolio-15th-july-2021.xlsx,portfolio_excel_v1,validated,{},2026-08-21 22:47:52.294394+00:00
1d191707-fc19-4a43-a680-d6a11624d2d7,,d63d2a0d-4ec8-49c9-8151-f219e714445f,2021-07-15,e4fa6496-031f-4da0-b22b-13a6d2ed930b,https://www.dspim.com/media/pages/mandatory-disclosures/portfolio-disclosures/b5b7270081-1757771552/dsp-debt-isin-portfolio-15th-july-2021.xlsx,portfolio_excel_v1,validated,{},2026-08-21 22:47:52.294394+00:00
c996d80a-b641-415a-9fbd-e5286742582b,,8b8a7181-1a62-463c-9637-38515e3a4973,2021-07-15,c482cef3-1656-4720-8f7b-5a744656b1ad,https://www.dspim.com/media/pages/mandatory-disclosures/portfolio-disclosures/b5b7270081-1757771552/dsp-debt-isin-portfolio-15th-july-2021.xlsx,portfolio_excel_v1,validated,{},2026-08-21 22:47:52.294394+00:00
3ff683df-6aec-461f-9fca-47b4429d743d,,aa29e284-5e02-4951-ae02-ed98535dc61e,2021-07-15,cd1345e4-1ede-446a-a81b-d1f70d8337cf,https://www.dspim.com/media/pages/mandatory-disclosures/portfolio-disclosures/b5b7270081-1757771552/dsp-debt-isin-portfolio-15th-july-2021.xlsx,portfolio_excel_v1,validated,{},2026-08-21 22:47:52.294394+00:00
aa9005b3-f595-463c-a84e-c3e0ddb8b28f,,81fe35a5-74ea-4bf9-8e50-d1961c83f0b2,2021-07-15,5681a8ae-eae5-423d-ad6e-7b178a63b521,https://www.dspim.com/media/pages/mandatory-disclosures/portfolio-disclosures/b5b7270081-1757771552/dsp-debt-isin-portfolio-15th-july-2021.xlsx,portfolio_excel_v1,validated,{},2026-08-21 22:47:52.294394+00:00
78f070ed-7596-4ada-83bd-5fd4fdf4133f,,e3c71b64-92f1-4db4-a6f7-1c0008e69c4c,2021-07-15,a1bad78a-c5f6-4036-a33a-5de4e223d559,https://www.dspim.com/media/pages/mandatory-disclosures/portfolio-disclosures/b5b7270081-1757771552/dsp-debt-isin-portfolio-15th-july-2021.xlsx,portfolio_excel_v1,validated,{},2026-08-21 22:47:52.294394+00:00
8b3bc253-ac6e-40b9-9c45-9989f856d4bc,,37588945-301e-410e-bed8-920fb4a08914,2021-09-30,c10fc720-29b6-4da2-b2bb-d7bb47f78df9,https://transact.axismf.com/cms/sites/default/files/Statutory/IN_MF_FORTNIGHTLY_PORTFOLIO_AXISMF_31102021.xls,portfolio_excel_v1,validated,{},2026-08-21 22:49:47.767983+00:00
7919c14d-5443-49f5-a2be-c267d0457d7c,,a2c79a2a-7143-41b0-942b-5dfaf44ee6ec,2021-09-30,082565ae-e845-4404-9d6f-da095b384230,https://transact.axismf.com/cms/sites/default/files/Statutory/IN_MF_FORTNIGHTLY_PORTFOLIO_AXISMF_31102021.xls,portfolio_excel_v1,validated,{},2026-08-21 22:49:47.767983+00:00
f28abd1d-0e68-48de-b4a3-b3eb4b56d6b3,,5a7b501b-7ee4-4ab4-9a00-7f3d1b6b44dd,2021-09-30,f08b2541-4f63-4845-ac4a-ded965f2042b,https://transact.axismf.com/cms/sites/default/files/Statutory/IN_MF_FORTNIGHTLY_PORTFOLIO_AXISMF_31102021.xls,portfolio_excel_v1,validated,{},2026-08-21 22:49:47.767983+00:00
e63b566e-b827-4ab8-bcf1-fb8b532d1d5a,,089ad4f8-0726-4036-9d2e-cbcab3d6510b,2021-09-30,df55043d-e636-481f-87d2-0d4b70fd1223,https://transact.axismf.com/cms/sites/default/files/Statutory/IN_MF_FORTNIGHTLY_PORTFOLIO_AXISMF_31102021.xls,portfolio_excel_v1,validated,{},2026-08-21 22:49:47.767983+00:00
016cbf06-318a-4a3d-965d-428242577cf6,,493a0538-8cc6-4e58-96d2-310b16af5437,2021-09-30,5fc19402-6865-44ca-afcf-c07201815fc4,https://transact.axismf.com/cms/sites/default/files/Statutory/IN_MF_FORTNIGHTLY_PORTFOLIO_AXISMF_31102021.xls,portfolio_excel_v1,validated,{},2026-08-21 22:49:47.767983+00:00
98e4f124-63d6-409c-a967-786461e64b78,,c58bf1b0-e924-4ee2-921f-e0b9927065ff,2021-09-30,c9ef9f53-8fec-4d5a-9db5-d7474df4f1ba,https://transact.axismf.com/cms/sites/default/files/Statutory/IN_MF_FORTNIGHTLY_PORTFOLIO_AXISMF_31102021.xls,portfolio_excel_v1,validated,{},2026-08-21 22:49:47.767983+00:00
e594769a-4d97-49f6-b7df-41062b7cffe6,,3dfbf6cb-1f72-4d65-8c90-614b137c0c3c,2024-06-30,f29c9ca9-cf0f-4ca0-a5c8-76e5b233b0d8,https://www.dspim.com/media/pages/mandatory-disclosures/portfolio-disclosures/901b3e3f5a-1757771557/monthend-portfolio-june-2024.zip,portfolio_excel_v1,validated,{},2026-08-21 22:48:03.398021+00:00
f68c05cd-a586-4942-a897-1bd5e87ab6a1,,b2e22523-b75d-4bab-b93b-5246c8e21b77,2024-06-30,577f3f8e-0fb8-4481-b05e-861192b74943,https://www.dspim.com/media/pages/mandatory-disclosures/portfolio-disclosures/901b3e3f5a-1757771557/monthend-portfolio-june-2024.zip,portfolio_excel_v1,validated,{},2026-08-21 22:48:03.398021+00:00
c1704452-a11a-40e3-a8a3-b4a6e19699fa,,7778369f-7546-4de3-b144-149f65f71194,2024-06-30,ace6a37a-d974-4813-b1a0-acff2606b7e0,https://www.dspim.com/media/pages/mandatory-disclosures/portfolio-disclosures/901b3e3f5a-1757771557/monthend-portfolio-june-2024.zip,portfolio_excel_v1,validated,{},2026-08-21 22:48:03.398021+00:00
9e575daa-23cb-488e-9171-47221dd68f03,,5a3e5766-5570-4c2b-8718-31236eafa43a,2024-06-30,3ab72bc9-83bf-4384-96a2-8767dc9a659d,https://www.dspim.com/media/pages/mandatory-disclosures/portfolio-disclosures/901b3e3f5a-1757771557/monthend-portfolio-june-2024.zip,portfolio_excel_v1,validated,{},2026-08-21 22:48:03.398021+00:00
1c94cacc-c0c5-4ae9-899d-79c0e6a2cb87,,eccc93bd-59b4-4593-b351-fd06321c0255,2024-06-30,3040ad5a-9ae6-461b-a7ec-a4458cd082dc,https://www.dspim.com/media/pages/mandatory-disclosures/portfolio-disclosures/901b3e3f5a-1757771557/monthend-portfolio-june-2024.zip,portfolio_excel_v1,validated,{},2026-08-21 22:48:03.398021+00:00
3d9554de-6d4f-4aa0-9d3a-23508f8f4098,,a88afb2a-4500-498c-8826-eb75a81007e4,2021-09-30,a82b7b1b-6aea-4cbe-be66-234a2ff4cfac,https://transact.axismf.com/cms/sites/default/files/Statutory/IN_MF_FORTNIGHTLY_PORTFOLIO_AXISMF_31102021.xls,portfolio_excel_v1,validated,{},2026-08-21 22:49:47.767983+00:00
48a7f250-9f4e-4b8e-ad4a-81d8bf0d377e,,fee41312-9175-4637-a20a-33c1975ebac9,2021-09-30,0f378df2-a519-4777-a017-8dd491c6f384,https://transact.axismf.com/cms/sites/default/files/Statutory/IN_MF_FORTNIGHTLY_PORTFOLIO_AXISMF_31102021.xls,portfolio_excel_v1,validated,{},2026-08-21 22:49:47.767983+00:00
2ab17f75-8c1b-40f2-b38f-203bc3cfb6cf,,f34fa056-5b2e-4047-8cca-0563837d6554,2021-09-30,ac5c5e3d-5af3-4202-9881-6c24f3f0ea71,https://transact.axismf.com/cms/sites/default/files/Statutory/IN_MF_FORTNIGHTLY_PORTFOLIO_AXISMF_31102021.xls,portfolio_excel_v1,validated,{},2026-08-21 22:49:47.767983+00:00
445fe222-c9f2-4143-873b-67e8bf0df83c,,30ef029a-1a4b-473d-b853-c41853801009,2021-09-30,80375fb0-4ffc-4faa-9854-f6163bdba173,https://transact.axismf.com/cms/sites/default/files/Statutory/IN_MF_FORTNIGHTLY_PORTFOLIO_AXISMF_31102021.xls,portfolio_excel_v1,validated,{},2026-08-21 22:49:47.767983+00:00
c9bdd48d-c454-4d12-adb9-c3bd736e8797,,c662c6dd-b13b-4b15-ad86-c5454f900aa3,2021-09-30,8728c093-30af-467b-b212-2d98fe7e5f13,https://transact.axismf.com/cms/sites/default/files/Statutory/IN_MF_FORTNIGHTLY_PORTFOLIO_AXISMF_31102021.xls,portfolio_excel_v1,validated,{},2026-08-21 22:49:47.767983+00:00
47fa7539-e455-45f3-9596-5193bed50bf8,,5feecb60-f168-4921-82e0-2c75e51e6118,2021-09-30,09fad569-3176-476c-a5b3-98063eb0b799,https://transact.axismf.com/cms/sites/default/files/Statutory/IN_MF_FORTNIGHTLY_PORTFOLIO_AXISMF_31102021.xls,portfolio_excel_v1,validated,{},2026-08-21 22:49:47.767983+00:00
56d8051a-55f8-4e5b-8e74-679f6221cd59,,5090a28b-2738-4f4d-8cf9-7a99c0997932,2021-09-30,f7a352e7-f993-42ba-8e6e-c8074b044a14,https://transact.axismf.com/cms/sites/default/files/Statutory/IN_MF_FORTNIGHTLY_PORTFOLIO_AXISMF_31102021.xls,portfolio_excel_v1,validated,{},2026-08-21 22:49:47.767983+00:00
dc09e8fe-5799-4458-aad3-da2f957d57eb,,74caf86b-ff20-412d-b5a2-e2b88e5a5fa8,2021-09-30,3723ba9f-14b9-4a46-b7ac-37f1c77e70c2,https://transact.axismf.com/cms/sites/default/files/Statutory/IN_MF_FORTNIGHTLY_PORTFOLIO_AXISMF_31102021.xls,portfolio_excel_v1,validated,{},2026-08-21 22:49:47.767983+00:00
4b647361-057c-4ab4-8691-f6d7ec034477,,3af21aac-4589-499c-9075-e0706c9472df,2021-09-30,bc731447-b190-4631-b44c-b5e14944d40e,https://transact.axismf.com/cms/sites/default/files/Statutory/IN_MF_FORTNIGHTLY_PORTFOLIO_AXISMF_31102021.xls,portfolio_excel_v1,validated,{},2026-08-21 22:49:47.767983+00:00
1fd0dd89-6e4e-4217-8ecf-bcb1decfece8,,23c48288-7d6f-4d06-ba5d-e234e166b4c5,2021-09-30,b5a2489d-a10a-4318-b9d9-aba536423670,https://transact.axismf.com/cms/sites/default/files/Statutory/IN_MF_FORTNIGHTLY_PORTFOLIO_AXISMF_31102021.xls,portfolio_excel_v1,validated,{},2026-08-21 22:49:47.767983+00:00
700436e6-a7b7-449e-9743-e11887c7b9cc,,e2008567-1bfb-45c7-9d8d-ff079978eb9e,2021-09-30,5b9b546a-ba97-4bec-90a1-a4378527ce59,https://transact.axismf.com/cms/sites/default/files/Statutory/IN_MF_FORTNIGHTLY_PORTFOLIO_AXISMF_31102021.xls,portfolio_excel_v1,validated,{},2026-08-21 22:49:47.767983+00:00
2f79e781-c944-4a4b-a861-a57e094483a4,,0071a223-e9cb-4935-950f-6a65a50a8bba,2021-09-30,47444d03-c7e0-4445-bd69-77b9d9d63545,https://transact.axismf.com/cms/sites/default/files/Statutory/IN_MF_FORTNIGHTLY_PORTFOLIO_AXISMF_31102021.xls,portfolio_excel_v1,validated,{},2026-08-21 22:49:47.767983+00:00
00081a1b-33da-4a87-b6a4-3e43e1b66f9a,,63002069-ebb6-4a99-9000-82d5d8d00c7e,2021-09-30,98f73e8d-a882-4513-b2f0-a2df92dda2b0,https://transact.axismf.com/cms/sites/default/files/Statutory/IN_MF_FORTNIGHTLY_PORTFOLIO_AXISMF_31102021.xls,portfolio_excel_v1,validated,{},2026-08-21 22:49:47.767983+00:00
bccf35bb-2fc5-44ee-b220-a515b62c4823,,d9d918c0-bd5a-4274-ab3f-81b1b442e0c6,2021-09-30,2e6d3eaa-e5b7-4fb7-b3e7-7370d7a29872,https://transact.axismf.com/cms/sites/default/files/Statutory/IN_MF_FORTNIGHTLY_PORTFOLIO_AXISMF_31102021.xls,portfolio_excel_v1,validated,{},2026-08-21 22:49:47.767983+00:00
632805f4-8500-44f0-a791-597a43b6bd37,,9d67803d-bb5e-4e5e-a917-3e50ac2e4a3c,2021-09-30,9914f5cb-7762-401f-97be-927a844bcd50,https://transact.axismf.com/cms/sites/default/files/Statutory/IN_MF_FORTNIGHTLY_PORTFOLIO_AXISMF_31102021.xls,portfolio_excel_v1,validated,{},2026-08-21 22:49:47.767983+00:00
d51d2674-8dd1-40c0-ba3e-6e052ea3b385,,69de7940-31e5-477b-b325-14d7e553b1da,2021-09-30,0cb1b16c-d8ef-4350-8eff-95ab93e41f1c,https://transact.axismf.com/cms/sites/default/files/Statutory/IN_MF_FORTNIGHTLY_PORTFOLIO_AXISMF_31102021.xls,portfolio_excel_v1,validated,{},2026-08-21 22:49:47.767983+00:00
ee9dca83-3a05-4743-a7f5-b161f290c007,,37588945-301e-410e-bed8-920fb4a08914,2021-06-30,4cbf24c0-e13c-47e2-b219-80819a8b9e1f,https://transact.axismf.com/cms/sites/default/files/Statutory/IN_MF_FORTNIGHTLY_PORTFOLIO_AXISMF_15072021.xls,portfolio_excel_v1,validated,{},2026-08-21 22:49:58.891566+00:00
242ad103-844f-4795-a15d-98a24e7f581c,,a2c79a2a-7143-41b0-942b-5dfaf44ee6ec,2021-06-30,30fb5f82-46d7-4649-a246-442d7783d736,https://transact.axismf.com/cms/sites/default/files/Statutory/IN_MF_FORTNIGHTLY_PORTFOLIO_AXISMF_15072021.xls,portfolio_excel_v1,validated,{},2026-08-21 22:49:58.891566+00:00
18e9379f-8138-48f1-8728-3241ee7dc9c7,,5a7b501b-7ee4-4ab4-9a00-7f3d1b6b44dd,2021-06-30,ad0ac5e2-cfc9-4c79-9e05-12951070b376,https://transact.axismf.com/cms/sites/default/files/Statutory/IN_MF_FORTNIGHTLY_PORTFOLIO_AXISMF_15072021.xls,portfolio_excel_v1,validated,{},2026-08-21 22:49:58.891566+00:00
533d1a08-e150-4724-a7fd-f49316e033ce,,089ad4f8-0726-4036-9d2e-cbcab3d6510b,2021-06-30,3896e5ca-852a-463f-a4b4-25a30ef93363,https://transact.axismf.com/cms/sites/default/files/Statutory/IN_MF_FORTNIGHTLY_PORTFOLIO_AXISMF_15072021.xls,portfolio_excel_v1,validated,{},2026-08-21 22:49:58.891566+00:00
9ff5fa17-a096-468a-9f56-d3d073311b9c,,493a0538-8cc6-4e58-96d2-310b16af5437,2021-06-30,a8947bd7-09fe-4584-a49e-ebde55c35247,https://transact.axismf.com/cms/sites/default/files/Statutory/IN_MF_FORTNIGHTLY_PORTFOLIO_AXISMF_15072021.xls,portfolio_excel_v1,validated,{},2026-08-21 22:49:58.891566+00:00
5c7592c1-56e7-4286-ac56-74cc80e2d172,,c58bf1b0-e924-4ee2-921f-e0b9927065ff,2021-06-30,0d58c56a-3b70-4d79-a7db-f7b46e7ad84a,https://transact.axismf.com/cms/sites/default/files/Statutory/IN_MF_FORTNIGHTLY_PORTFOLIO_AXISMF_15072021.xls,portfolio_excel_v1,validated,{},2026-08-21 22:49:58.891566+00:00
941089a1-abcc-4d31-986d-82e7a2487b24,,a88afb2a-4500-498c-8826-eb75a81007e4,2021-06-30,72428704-e7bf-494d-9971-e30912b88909,https://transact.axismf.com/cms/sites/default/files/Statutory/IN_MF_FORTNIGHTLY_PORTFOLIO_AXISMF_15072021.xls,portfolio_excel_v1,validated,{},2026-08-21 22:49:58.891566+00:00
db124464-38cb-47ba-98d2-133c41882a0b,,fee41312-9175-4637-a20a-33c1975ebac9,2021-06-30,58ea5cad-e06d-4f14-a3a5-1eb76b820445,https://transact.axismf.com/cms/sites/default/files/Statutory/IN_MF_FORTNIGHTLY_PORTFOLIO_AXISMF_15072021.xls,portfolio_excel_v1,validated,{},2026-08-21 22:49:58.891566+00:00
8cacb6b3-5791-423b-82fd-8182ff47b678,,30ef029a-1a4b-473d-b853-c41853801009,2021-06-30,8bf9030e-c3bc-4848-9c82-bf0ba4a13609,https://transact.axismf.com/cms/sites/default/files/Statutory/IN_MF_FORTNIGHTLY_PORTFOLIO_AXISMF_15072021.xls,portfolio_excel_v1,validated,{},2026-08-21 22:49:58.891566+00:00
f102e832-31e1-47f0-9591-e228abf17f32,,c662c6dd-b13b-4b15-ad86-c5454f900aa3,2021-06-30,06cc5abe-1b3e-4078-9c13-f064a41ec51d,https://transact.axismf.com/cms/sites/default/files/Statutory/IN_MF_FORTNIGHTLY_PORTFOLIO_AXISMF_15072021.xls,portfolio_excel_v1,validated,{},2026-08-21 22:49:58.891566+00:00
16998027-9edc-498e-b0ab-fa6326a830ba,,5feecb60-f168-4921-82e0-2c75e51e6118,2021-06-30,2ba79932-b1d1-4bae-aef6-1f54b3e162ad,https://transact.axismf.com/cms/sites/default/files/Statutory/IN_MF_FORTNIGHTLY_PORTFOLIO_AXISMF_15072021.xls,portfolio_excel_v1,validated,{},2026-08-21 22:49:58.891566+00:00
6f2b307d-62b2-4a34-b134-325a48aafafd,,5090a28b-2738-4f4d-8cf9-7a99c0997932,2021-06-30,70d12c1e-ba36-4fdc-b4dc-23311b544368,https://transact.axismf.com/cms/sites/default/files/Statutory/IN_MF_FORTNIGHTLY_PORTFOLIO_AXISMF_15072021.xls,portfolio_excel_v1,validated,{},2026-08-21 22:49:58.891566+00:00
1542c01f-5815-4030-85aa-05ef4bb894d4,,74caf86b-ff20-412d-b5a2-e2b88e5a5fa8,2021-06-30,b88dbd38-2b57-4863-b781-e299e0a321b9,https://transact.axismf.com/cms/sites/default/files/Statutory/IN_MF_FORTNIGHTLY_PORTFOLIO_AXISMF_15072021.xls,portfolio_excel_v1,validated,{},2026-08-21 22:49:58.891566+00:00
6c1097d4-432c-46ce-8ba6-ad2258d38bc5,,3af21aac-4589-499c-9075-e0706c9472df,2021-06-30,ff5f1e9e-e36f-4809-8b61-ea7cf2b34231,https://transact.axismf.com/cms/sites/default/files/Statutory/IN_MF_FORTNIGHTLY_PORTFOLIO_AXISMF_15072021.xls,portfolio_excel_v1,validated,{},2026-08-21 22:49:58.891566+00:00
f343c820-bd1a-4306-a46e-299e154997d3,,23c48288-7d6f-4d06-ba5d-e234e166b4c5,2021-06-30,29c4f832-3650-4215-8bd3-608ecd355468,https://transact.axismf.com/cms/sites/default/files/Statutory/IN_MF_FORTNIGHTLY_PORTFOLIO_AXISMF_15072021.xls,portfolio_excel_v1,validated,{},2026-08-21 22:49:58.891566+00:00
ac48b9d9-4795-4203-95dd-65f80ed2e950,,e4907242-58eb-4fd8-af89-3970302b48b9,2021-06-30,8ec987ca-12d5-451c-a015-9757aac84d64,https://transact.axismf.com/cms/sites/default/files/Statutory/IN_MF_FORTNIGHTLY_PORTFOLIO_AXISMF_15072021.xls,portfolio_excel_v1,validated,{},2026-08-21 22:49:58.891566+00:00
33e1b75d-37b0-4096-a282-e1a412716c0f,,d9d918c0-bd5a-4274-ab3f-81b1b442e0c6,2021-06-30,c73728f9-8522-4598-a8f0-c8bfb8ca5b87,https://transact.axismf.com/cms/sites/default/files/Statutory/IN_MF_FORTNIGHTLY_PORTFOLIO_AXISMF_15072021.xls,portfolio_excel_v1,validated,{},2026-08-21 22:49:58.891566+00:00
a2fa01f8-7f77-42c8-81a9-64c50d9a4cd8,,9d67803d-bb5e-4e5e-a917-3e50ac2e4a3c,2021-06-30,e70b9fcc-55dc-4b90-9304-fd4216086ada,https://transact.axismf.com/cms/sites/default/files/Statutory/IN_MF_FORTNIGHTLY_PORTFOLIO_AXISMF_15072021.xls,portfolio_excel_v1,validated,{},2026-08-21 22:49:58.891566+00:00
27dba02e-206d-46bd-bd47-15357b32c85a,,69de7940-31e5-477b-b325-14d7e553b1da,2021-06-30,5dfb6259-8e2d-4c8b-b120-1c2047e2a8ef,https://transact.axismf.com/cms/sites/default/files/Statutory/IN_MF_FORTNIGHTLY_PORTFOLIO_AXISMF_15072021.xls,portfolio_excel_v1,validated,{},2026-08-21 22:49:58.891566+00:00
56a7ab36-9001-4e32-9bba-a17c9643ddc1,,37588945-301e-410e-bed8-920fb4a08914,2021-06-15,6c969314-c6f1-4680-a24b-5365e5968ed8,https://transact.axismf.com/cms/sites/default/files/Statutory/IN_MF_FORTNIGHTLY_PORTFOLIO_AXISMF_30062021.xls,portfolio_excel_v1,validated,{},2026-08-21 22:50:10.663499+00:00
f9d9105e-8302-4000-bd9e-0bc1b4585b31,,a2c79a2a-7143-41b0-942b-5dfaf44ee6ec,2021-06-15,e8616447-52cb-4079-8a94-20f2d6d10c67,https://transact.axismf.com/cms/sites/default/files/Statutory/IN_MF_FORTNIGHTLY_PORTFOLIO_AXISMF_30062021.xls,portfolio_excel_v1,validated,{},2026-08-21 22:50:10.663499+00:00
37fc6dde-d0a4-44ea-b91c-127f4fa4fa52,,5a7b501b-7ee4-4ab4-9a00-7f3d1b6b44dd,2021-06-15,f4310c44-9875-47f7-8492-824683f15c89,https://transact.axismf.com/cms/sites/default/files/Statutory/IN_MF_FORTNIGHTLY_PORTFOLIO_AXISMF_30062021.xls,portfolio_excel_v1,validated,{},2026-08-21 22:50:10.663499+00:00
c916f7fa-7f57-43c2-91f4-14b92444b151,,089ad4f8-0726-4036-9d2e-cbcab3d6510b,2021-06-15,b010495e-691f-4d49-a815-3fdc0f40829c,https://transact.axismf.com/cms/sites/default/files/Statutory/IN_MF_FORTNIGHTLY_PORTFOLIO_AXISMF_30062021.xls,portfolio_excel_v1,validated,{},2026-08-21 22:50:10.663499+00:00
28c56488-d7d6-4ec5-b44b-942ab8c5fcc7,,493a0538-8cc6-4e58-96d2-310b16af5437,2021-06-15,c0a9cdb3-cb4a-4e2a-9c16-087fa6f07ae7,https://transact.axismf.com/cms/sites/default/files/Statutory/IN_MF_FORTNIGHTLY_PORTFOLIO_AXISMF_30062021.xls,portfolio_excel_v1,validated,{},2026-08-21 22:50:10.663499+00:00
798c64ba-146e-479d-ac87-10342ae583d5,,c58bf1b0-e924-4ee2-921f-e0b9927065ff,2021-06-15,db8fcf32-7b89-4906-8675-ebc42668dc6d,https://transact.axismf.com/cms/sites/default/files/Statutory/IN_MF_FORTNIGHTLY_PORTFOLIO_AXISMF_30062021.xls,portfolio_excel_v1,validated,{},2026-08-21 22:50:10.663499+00:00
c7b4b669-d61b-459e-9da2-681001f6c206,,a88afb2a-4500-498c-8826-eb75a81007e4,2021-06-15,b1c0c7a1-9a3f-480a-b2f3-6b4e63f30d8f,https://transact.axismf.com/cms/sites/default/files/Statutory/IN_MF_FORTNIGHTLY_PORTFOLIO_AXISMF_30062021.xls,portfolio_excel_v1,validated,{},2026-08-21 22:50:10.663499+00:00
26363d80-c3d9-490e-aabd-841c1a83779a,,fee41312-9175-4637-a20a-33c1975ebac9,2021-06-15,c9872bcc-5427-4cce-b23e-8c3bf84c1548,https://transact.axismf.com/cms/sites/default/files/Statutory/IN_MF_FORTNIGHTLY_PORTFOLIO_AXISMF_30062021.xls,portfolio_excel_v1,validated,{},2026-08-21 22:50:10.663499+00:00
d27da12a-bff9-400f-8ae7-d04dc1dd082b,,30ef029a-1a4b-473d-b853-c41853801009,2021-06-15,53bb0b19-5c19-465f-94b1-834c8ae0c7f4,https://transact.axismf.com/cms/sites/default/files/Statutory/IN_MF_FORTNIGHTLY_PORTFOLIO_AXISMF_30062021.xls,portfolio_excel_v1,validated,{},2026-08-21 22:50:10.663499+00:00
8656c56d-bd1d-42f7-a9d0-58c49aefd7f8,,c662c6dd-b13b-4b15-ad86-c5454f900aa3,2021-06-15,e2e42719-7dfd-4395-8fb2-331bc4046f15,https://transact.axismf.com/cms/sites/default/files/Statutory/IN_MF_FORTNIGHTLY_PORTFOLIO_AXISMF_30062021.xls,portfolio_excel_v1,validated,{},2026-08-21 22:50:10.663499+00:00
9ee9f98c-4e75-49e5-8288-29caa23e0c69,,5feecb60-f168-4921-82e0-2c75e51e6118,2021-06-15,9661690f-b0ca-4806-8d51-0192bc9650d3,https://transact.axismf.com/cms/sites/default/files/Statutory/IN_MF_FORTNIGHTLY_PORTFOLIO_AXISMF_30062021.xls,portfolio_excel_v1,validated,{},2026-08-21 22:50:10.663499+00:00
50567ad2-bb29-4f0f-bec2-bde0ebc78001,,5090a28b-2738-4f4d-8cf9-7a99c0997932,2021-06-15,d283263c-f8c0-48b7-9398-481e00bbf84b,https://transact.axismf.com/cms/sites/default/files/Statutory/IN_MF_FORTNIGHTLY_PORTFOLIO_AXISMF_30062021.xls,portfolio_excel_v1,validated,{},2026-08-21 22:50:10.663499+00:00
1954c0a0-b175-4721-a73a-1099c253d2d5,,74caf86b-ff20-412d-b5a2-e2b88e5a5fa8,2021-06-15,11ee00c0-bb68-47bc-9169-1383440dd240,https://transact.axismf.com/cms/sites/default/files/Statutory/IN_MF_FORTNIGHTLY_PORTFOLIO_AXISMF_30062021.xls,portfolio_excel_v1,validated,{},2026-08-21 22:50:10.663499+00:00
6e44493f-b04a-4096-9f43-ebeeddd4bcc4,,3af21aac-4589-499c-9075-e0706c9472df,2021-06-15,f8571d1f-2fce-46dc-8531-ac7ad107952a,https://transact.axismf.com/cms/sites/default/files/Statutory/IN_MF_FORTNIGHTLY_PORTFOLIO_AXISMF_30062021.xls,portfolio_excel_v1,validated,{},2026-08-21 22:50:10.663499+00:00
9611579b-69f3-45e4-a964-8bad1b87e2b2,,23c48288-7d6f-4d06-ba5d-e234e166b4c5,2021-06-15,b6025f72-aacc-4019-9172-3a7e671cd98e,https://transact.axismf.com/cms/sites/default/files/Statutory/IN_MF_FORTNIGHTLY_PORTFOLIO_AXISMF_30062021.xls,portfolio_excel_v1,validated,{},2026-08-21 22:50:10.663499+00:00
3114b3a9-c414-478b-b256-44501f54b413,,e2008567-1bfb-45c7-9d8d-ff079978eb9e,2021-06-15,163cb3b7-3875-41fb-a432-ab1d21f1a7ea,https://transact.axismf.com/cms/sites/default/files/Statutory/IN_MF_FORTNIGHTLY_PORTFOLIO_AXISMF_30062021.xls,portfolio_excel_v1,validated,{},2026-08-21 22:50:10.663499+00:00
0c22290f-7fb1-4665-95b7-98ef9a9d085e,,0071a223-e9cb-4935-950f-6a65a50a8bba,2021-06-15,1540a1a0-3966-4432-a621-a692e36dbfa6,https://transact.axismf.com/cms/sites/default/files/Statutory/IN_MF_FORTNIGHTLY_PORTFOLIO_AXISMF_30062021.xls,portfolio_excel_v1,validated,{},2026-08-21 22:50:10.663499+00:00
16d43d6b-01c4-4b49-82e4-3dfcfcf70774,,c8ddd1c3-dc06-40eb-95a4-94df7ac80a9e,2021-06-15,f3e47857-e6ee-4558-aeae-619eb64da4fc,https://transact.axismf.com/cms/sites/default/files/Statutory/IN_MF_FORTNIGHTLY_PORTFOLIO_AXISMF_30062021.xls,portfolio_excel_v1,validated,{},2026-08-21 22:50:10.663499+00:00
aabdcecd-3efd-49c8-b12f-439c7437eef1,,f4abfe9e-a7d5-498b-8775-7f55b1122ef6,2021-06-15,74135db3-1008-4f1e-b8b4-9a7ae966ab26,https://transact.axismf.com/cms/sites/default/files/Statutory/IN_MF_FORTNIGHTLY_PORTFOLIO_AXISMF_30062021.xls,portfolio_excel_v1,validated,{},2026-08-21 22:50:10.663499+00:00
80bde21f-3a06-4177-9db5-cef321655f78,,e4907242-58eb-4fd8-af89-3970302b48b9,2021-06-15,da2da7ca-9c29-4eff-8509-b24f91e8f327,https://transact.axismf.com/cms/sites/default/files/Statutory/IN_MF_FORTNIGHTLY_PORTFOLIO_AXISMF_30062021.xls,portfolio_excel_v1,validated,{},2026-08-21 22:50:10.663499+00:00
8240a041-a18f-4386-8a60-5221ac1834d2,,d9d918c0-bd5a-4274-ab3f-81b1b442e0c6,2021-06-15,b45ee830-1ded-4bdf-8b57-63bb49e4c124,https://transact.axismf.com/cms/sites/default/files/Statutory/IN_MF_FORTNIGHTLY_PORTFOLIO_AXISMF_30062021.xls,portfolio_excel_v1,validated,{},2026-08-21 22:50:10.663499+00:00
051b2625-d1ad-4554-ba9f-3a9f82517325,,9d67803d-bb5e-4e5e-a917-3e50ac2e4a3c,2021-06-15,67bc437b-e841-4f9a-8553-da9640321f17,https://transact.axismf.com/cms/sites/default/files/Statutory/IN_MF_FORTNIGHTLY_PORTFOLIO_AXISMF_30062021.xls,portfolio_excel_v1,validated,{},2026-08-21 22:50:10.663499+00:00
8bd068d9-bef0-41cf-9b2f-97989637b976,,69de7940-31e5-477b-b325-14d7e553b1da,2021-06-15,9916c0f3-5f5e-4b89-a79a-f684ed5a99d0,https://transact.axismf.com/cms/sites/default/files/Statutory/IN_MF_FORTNIGHTLY_PORTFOLIO_AXISMF_30062021.xls,portfolio_excel_v1,validated,{},2026-08-21 22:50:10.663499+00:00
cd158dae-0cfd-4a3a-9ff9-addac7c33652,,40941545-e2cd-4bbd-a4a5-a28783f3eb7b,2023-09-30,1e0c115a-b205-476b-bbe0-f9d178b9344b,https://amc.ppfas.com/downloads/portfolio-disclosure/2023/PPFCF_PPFAS_Monthly_Portfolio_Report_September_30_2023.xls?10102023,portfolio_excel_v1,validated,{},2026-08-21 22:50:23.825811+00:00
5cbd95be-5edc-432d-af61-f22a947bdee6,,16c7eb6a-a1d2-4f79-a2ce-10921ccb25a3,2024-10-15,5c7e2358-4121-4c39-a7b4-4ad35bc2e5d8,https://amc.ppfas.com/downloads/portfolio-disclosure/fortnightly-debt-portfolio-disclosure/2024/PPCHF_Fortnightly_Portfolio_Report_15-october-2024.xlsx?18102024_2,portfolio_excel_v1,validated,{},2026-08-21 22:50:24.426153+00:00
b21ac38f-5d24-4380-b632-9d9cb6be9248,,b4d36eee-8095-4d9f-a2a4-0ae6aa24d706,2026-04-30,bf9b1d2d-e35c-4e99-852a-8c2c5a108912,https://amc.ppfas.com/downloads/portfolio-disclosure/2026/PPTSF_PPFAS_Monthly_Portfolio_Report_April_30_2026.xlsx?08052026_1,portfolio_excel_v1,validated,{},2026-08-21 22:50:25.903806+00:00
