id,run_id,dataset_candidate_id,source_url,artifact_type,file_type,content_type,checksum,size_bytes,local_path,retained,fetch_timestamp,metadata_json
85a2fd0c-c20d-49ae-babd-46eb3805f8fc,2baa6263-7dc2-4ff5-a866-1afdadb26e07,003beb2d-69db-49f0-9f3b-6cd7b7cf7f24,https://portfoliomanagementservices.adityabirlacapital.com/pdf/Forms/Common-Empanelment-form-AIF-PMS_13062025.pdf,file,pdf,application/pdf,6d6067e1bd03c3546595944034cd8ee649e88b2eb3a50955f6d1b43d0e8e4e3f,695297,data/tmp/mutual_funds/runtime/2baa6263-7dc2-4ff5-a866-1afdadb26e07/https-portfoliomanagementservices-adityabirlacapital-com-pdf-forms-common-empanelment-form-aif-pms-13062025-pdf.pdf,False,2026-06-29 06:29:58.297128+00:00,{}
e79568b0-a962-4c24-8fe9-5404ba4703ac,3d4c208b-addb-4b73-89a8-9066311e9cfb,415dfb8c-7b01-4169-b262-c771386196b1,https://amc.ppfas.com/pdf-docs/2025/ISO_27001_2022_PPFAS.pdf,file,pdf,application/pdf,8b15c55499bdb5899f3d58d1415baf5cd612f2eba2314ec8054c7fcd0f1a8889,845910,data/tmp/mutual_funds/runtime/3d4c208b-addb-4b73-89a8-9066311e9cfb/https-amc-ppfas-com-pdf-docs-2025-iso-27001-2022-ppfas-pdf.pdf,False,2026-06-29 06:30:49.916842+00:00,{}
8df76748-5d23-49d5-9115-df9f28e5b27a,3d4c208b-addb-4b73-89a8-9066311e9cfb,15f93b14-4cc5-4129-bd3a-408c6d552eff,https://amc.ppfas.com/pdf-docs/2021/chairman-message-for-wiw-2021-hindi.pdf,file,pdf,application/pdf,f45aa3cd2aebf882bd27ac62a7fae031bdd6d079a9af684594f1ccf889a7c112,348823,data/tmp/mutual_funds/runtime/3d4c208b-addb-4b73-89a8-9066311e9cfb/https-amc-ppfas-com-pdf-docs-2021-chairman-message-for-wiw-2021-hindi-pdf.pdf,False,2026-06-29 06:30:54.895034+00:00,{}
fe032272-c5ef-4fee-a1e5-e450288ef1e5,3d4c208b-addb-4b73-89a8-9066311e9cfb,4f429cff-a3a5-48a6-9db9-1605f30ba1b7,https://amc.ppfas.com/pdf-docs/2021/chairman-message-for-wiw-2021-english.pdf,file,pdf,application/pdf,6e1a10d1dac3661c0bdd468b1b6a06dbb2b831dc35fa1cf2a1cf1ebb1fbeeda5,336606,data/tmp/mutual_funds/runtime/3d4c208b-addb-4b73-89a8-9066311e9cfb/https-amc-ppfas-com-pdf-docs-2021-chairman-message-for-wiw-2021-english-pdf.pdf,False,2026-06-29 06:30:54.895034+00:00,{}
d5a18627-f232-4a6e-944a-519c67b18f00,3d4c208b-addb-4b73-89a8-9066311e9cfb,a846ff29-ac02-4ad1-9da6-4b38b1e2b093,https://amc.ppfas.com/downloads/ppfas-selfinvest-emandate-and-sip-registration-guide.pdf?31072024,file,pdf,application/pdf,6d3548dbb4c3374733d93bb1aa8ccb066edd506668f2ca3c202b44b1660b3a35,948378,data/tmp/mutual_funds/runtime/3d4c208b-addb-4b73-89a8-9066311e9cfb/https-amc-ppfas-com-downloads-ppfas-selfinvest-emandate-and-sip-registration-guide-pdf-31072024.pdf,False,2026-06-29 06:30:54.895034+00:00,{}
4705ccd4-5f1f-4294-b10c-3dd21de9fbc7,3d4c208b-addb-4b73-89a8-9066311e9cfb,9607ddbc-1dbb-437c-9185-1ff5902a2164,https://amc.ppfas.com/pdf-docs/2020/chairman-message-for-wiw-2020-hindi.pdf,file,pdf,application/pdf,52d869f27b78702d631deb1cedaf21f26346fc4c3e568720f777340362b6d855,84441,data/tmp/mutual_funds/runtime/3d4c208b-addb-4b73-89a8-9066311e9cfb/https-amc-ppfas-com-pdf-docs-2020-chairman-message-for-wiw-2020-hindi-pdf.pdf,False,2026-06-29 06:30:54.895034+00:00,{}
3ba7285e-1f08-4808-8f36-4c0392be80aa,3d4c208b-addb-4b73-89a8-9066311e9cfb,822c809a-81fe-42a4-89ed-edd286137d27,https://amc.ppfas.com/pdf-docs/2020/chairman-message-for-wiw-2020-english.pdf,file,pdf,application/pdf,5d2956675f20b47dd7b28d2427e2872a75a76fa0d19553fb0b683428ac9e4ed5,83698,data/tmp/mutual_funds/runtime/3d4c208b-addb-4b73-89a8-9066311e9cfb/https-amc-ppfas-com-pdf-docs-2020-chairman-message-for-wiw-2020-english-pdf.pdf,False,2026-06-29 06:30:54.895034+00:00,{}
18f3260b-4686-47e5-a7d9-9994dae6070d,3d4c208b-addb-4b73-89a8-9066311e9cfb,383786dc-2cd6-4fb2-82ce-573de5027634,https://amc.ppfas.com/pdf-docs/note-on-covid-19-rajeev-thakkar.pdf?20032020,file,pdf,application/pdf,8304f01eafa577ffc162c4b739292c5a018213b78a8bc2f2a9431cfeeca5e184,66628,data/tmp/mutual_funds/runtime/3d4c208b-addb-4b73-89a8-9066311e9cfb/https-amc-ppfas-com-pdf-docs-note-on-covid-19-rajeev-thakkar-pdf-20032020.pdf,False,2026-06-29 06:30:54.895034+00:00,{}
833d7f34-621b-4f10-b03d-2530a845dea2,3d4c208b-addb-4b73-89a8-9066311e9cfb,b364e133-1b1d-4d79-bbbe-22e22b581743,https://amc.ppfas.com/pdf-docs/note-on-covid-19-rajeev-thakkar-1.pdf?15042020,file,pdf,application/pdf,8304f01eafa577ffc162c4b739292c5a018213b78a8bc2f2a9431cfeeca5e184,66628,data/tmp/mutual_funds/runtime/3d4c208b-addb-4b73-89a8-9066311e9cfb/https-amc-ppfas-com-pdf-docs-note-on-covid-19-rajeev-thakkar-1-pdf-15042020.pdf,False,2026-06-29 06:30:54.895034+00:00,{}
cc3756d4-bb83-4675-ac6e-dba85bd111f3,3d4c208b-addb-4b73-89a8-9066311e9cfb,ab126d73-cd99-4b14-90ac-ccf12bbff3f9,https://amc.ppfas.com/pdf-docs/note-on-covid-19-rajeev-thakkar-1.pdf?15042020,file,pdf,application/pdf,8304f01eafa577ffc162c4b739292c5a018213b78a8bc2f2a9431cfeeca5e184,66628,data/tmp/mutual_funds/runtime/3d4c208b-addb-4b73-89a8-9066311e9cfb/https-amc-ppfas-com-pdf-docs-note-on-covid-19-rajeev-thakkar-1-pdf-15042020.pdf,False,2026-06-29 06:30:54.895034+00:00,{}
7e3c5e9c-ee82-4dcc-9dea-c8074d56bf9e,3d4c208b-addb-4b73-89a8-9066311e9cfb,68d89fb4-ff74-475e-bd8c-eec225b3d2a8,https://amc.ppfas.com/downloads/2025/Revised_Payout_schedule.xlsx?05092025_1,file,xlsx,application/vnd.openxmlformats-officedocument.spreadsheetml.sheet,f4f73cfd948c2eea4a1c20e935b927db818d9e823df3ffe0993e52346f3e4fc5,6775,data/tmp/mutual_funds/runtime/3d4c208b-addb-4b73-89a8-9066311e9cfb/https-amc-ppfas-com-downloads-2025-revised-payout-schedule-xlsx-05092025-1.xlsx,False,2026-06-29 06:30:54.895034+00:00,{}
4d453c86-a55e-417a-8f40-d603e1af1894,3d4c208b-addb-4b73-89a8-9066311e9cfb,bbae44da-e094-4c7f-88ab-61f0569c0ef1,https://amc.ppfas.com/downloads/2025/change-in-fundamental-attributes-of-parag-parikh-flexi-cap-fund.pdf?29092025,file,pdf,application/pdf,f0fdc17e979611c3ccfed00f8f237a19d5a1dc82d47a3d752aac6a065a0f0c6b,178377,data/tmp/mutual_funds/runtime/3d4c208b-addb-4b73-89a8-9066311e9cfb/https-amc-ppfas-com-downloads-2025-change-in-fundamental-attributes-of-parag-parikh-flexi-cap-fund-pdf-29092025.pdf,False,2026-06-29 06:30:54.895034+00:00,{}
00d83e8c-becf-493d-820d-c6b79f77d0f5,3d4c208b-addb-4b73-89a8-9066311e9cfb,df211339-d28e-48c3-8acf-f77e1da74856,https://amc.ppfas.com/pdf-docs/2026/PPFAS_MF-Website_Caution_Notice-January_2026.pdf?27012026,file,pdf,application/pdf,1828b5eecf7103481077be220acf642528c0b784a48fa2d2c6d99cbbf2b4a93e,131856,data/tmp/mutual_funds/runtime/3d4c208b-addb-4b73-89a8-9066311e9cfb/https-amc-ppfas-com-pdf-docs-2026-ppfas-mf-website-caution-notice-january-2026-pdf-27012026.pdf,False,2026-06-29 06:30:54.895034+00:00,{}
55227096-90e1-4490-b6ac-979972a75492,3d4c208b-addb-4b73-89a8-9066311e9cfb,9fd94959-c684-4b7a-88a7-e5040c15aa8a,https://amc.ppfas.com/pdf-docs/2023/due-to-change-in-bank-holiday-as-per-rbi-circular-there-is-a-change-in-the-redemption-payout-schedule.pdf,file,pdf,application/pdf,ffdbe7e0b877b8536452f601370cf7d2ce27b22eb2a3ed0a9936072b47113256,58049,data/tmp/mutual_funds/runtime/3d4c208b-addb-4b73-89a8-9066311e9cfb/https-amc-ppfas-com-pdf-docs-2023-due-to-change-in-bank-holiday-as-per-rbi-circular-there-is-a-change-in-the-redemption-payout-schedule-pdf.pdf,False,2026-06-29 06:30:54.895034+00:00,{}
d6f73dde-4166-4cdb-8089-b7016f27b336,3d4c208b-addb-4b73-89a8-9066311e9cfb,a1932264-ae9d-4949-b471-c94f7aee7f42,https://amc.ppfas.com/pdf-docs/2025/ISO_27001_2022_PPFAS.pdf,file,pdf,application/pdf,8b15c55499bdb5899f3d58d1415baf5cd612f2eba2314ec8054c7fcd0f1a8889,845910,data/tmp/mutual_funds/runtime/3d4c208b-addb-4b73-89a8-9066311e9cfb/https-amc-ppfas-com-pdf-docs-2025-iso-27001-2022-ppfas-pdf.pdf,False,2026-06-29 06:30:54.895034+00:00,{}
05046712-fccf-4399-a5f1-436c6b4a431c,3d4c208b-addb-4b73-89a8-9066311e9cfb,684f7efc-a9a4-45cb-8000-bc4f3d572918,https://amc.ppfas.com/pdf-docs/2025/ISO_27001_2022_PPFAS.pdf,file,pdf,application/pdf,8b15c55499bdb5899f3d58d1415baf5cd612f2eba2314ec8054c7fcd0f1a8889,845910,data/tmp/mutual_funds/runtime/3d4c208b-addb-4b73-89a8-9066311e9cfb/https-amc-ppfas-com-pdf-docs-2025-iso-27001-2022-ppfas-pdf.pdf,False,2026-06-29 06:31:29.917594+00:00,{}
370b28d6-da10-43f1-abfa-87ce49ae52b4,3d4c208b-addb-4b73-89a8-9066311e9cfb,f29003c1-22c9-4e6d-8229-57e4e3a6d2bf,https://amc.ppfas.com/pdf-docs/2025/ISO_27001_2022_PPFAS.pdf,file,pdf,application/pdf,8b15c55499bdb5899f3d58d1415baf5cd612f2eba2314ec8054c7fcd0f1a8889,845910,data/tmp/mutual_funds/runtime/3d4c208b-addb-4b73-89a8-9066311e9cfb/https-amc-ppfas-com-pdf-docs-2025-iso-27001-2022-ppfas-pdf.pdf,False,2026-06-29 06:31:29.917594+00:00,{}
1498cb20-a914-48f4-a26b-958279fc8f8b,3d4c208b-addb-4b73-89a8-9066311e9cfb,a8ed95f2-6b6b-4ecf-95f4-8a20fd8fb720,https://amc.ppfas.com/pdf-docs/2025/ISO_27001_2022_PPFAS.pdf,file,pdf,application/pdf,8b15c55499bdb5899f3d58d1415baf5cd612f2eba2314ec8054c7fcd0f1a8889,845910,data/tmp/mutual_funds/runtime/3d4c208b-addb-4b73-89a8-9066311e9cfb/https-amc-ppfas-com-pdf-docs-2025-iso-27001-2022-ppfas-pdf.pdf,False,2026-06-29 06:31:37.780460+00:00,{}
7a3344e8-0316-491b-9819-c92017a5e156,1c68bfbd-07c7-4a34-9a2f-5f927743da7d,,https://www.invescomutualfund.com/docs/default-source/fortnightly-holdings/money-market2b3ffe07eee8616aaa28ff00007d74af.xlsx?sfvrsn=34d79fc2_0,file,xlsx,application/vnd.openxmlformats-officedocument.spreadsheetml.sheet,,123468,,False,2026-08-20 18:26:20.238299+00:00,{}
9380c853-b2e9-4d77-b012-0b8859bd7aa1,3d4c208b-addb-4b73-89a8-9066311e9cfb,076d46fc-9a7b-4d10-bb0a-1cd285d31251,https://amc.ppfas.com/downloads/2023/SEBI-Circular-SCORES-Portal.PDF,file,pdf,application/pdf,78a729d83966baf738eabcbbd5fa1e70cdfde929743416ba7a4e3567afe25f8b,762842,data/tmp/mutual_funds/runtime/3d4c208b-addb-4b73-89a8-9066311e9cfb/https-amc-ppfas-com-downloads-2023-sebi-circular-scores-portal-pdf.pdf,False,2026-06-29 06:31:43.092933+00:00,{}
8802ec3c-afa2-4706-b95e-650b726f3133,3d4c208b-addb-4b73-89a8-9066311e9cfb,24ac18ac-6e9b-4c71-a8ec-af64fc696f0a,https://amc.ppfas.com/downloads/2023/Master-Circular-For-Online-Dispute-Resolution.pdf,file,pdf,application/pdf,6ebbc4068c4f5b3b29f0a8e3c4fd6cb43bb02a1be72278f005d2f09d21293c46,876180,data/tmp/mutual_funds/runtime/3d4c208b-addb-4b73-89a8-9066311e9cfb/https-amc-ppfas-com-downloads-2023-master-circular-for-online-dispute-resolution-pdf.pdf,False,2026-06-29 06:31:43.092933+00:00,{}
bf904f18-37e7-4e7f-a331-c69ecd15bc52,3d4c208b-addb-4b73-89a8-9066311e9cfb,872e1333-f653-4074-922d-2395878dff0d,https://amc.ppfas.com/pdf-docs/Sip_Benifits.pdf,file,pdf,application/pdf,b003829a1c09b284c0c23d2a09295057244732e69879eb709eb1e196cc7d2bac,1957035,data/tmp/mutual_funds/runtime/3d4c208b-addb-4b73-89a8-9066311e9cfb/https-amc-ppfas-com-pdf-docs-sip-benifits-pdf.pdf,False,2026-06-29 06:31:43.092933+00:00,{}
925ac301-6de4-40fb-b44e-d76510acd00b,3d4c208b-addb-4b73-89a8-9066311e9cfb,84c21828-6098-493a-b228-b348bc6437ef,https://amc.ppfas.com/pdf-docs/2025/ISO_27001_2022_PPFAS.pdf,file,pdf,application/pdf,8b15c55499bdb5899f3d58d1415baf5cd612f2eba2314ec8054c7fcd0f1a8889,845910,data/tmp/mutual_funds/runtime/3d4c208b-addb-4b73-89a8-9066311e9cfb/https-amc-ppfas-com-pdf-docs-2025-iso-27001-2022-ppfas-pdf.pdf,False,2026-06-29 06:31:43.092933+00:00,{}
f8f38f72-fd72-48cc-ad54-4a335cac5a9d,fd1040ef-2ede-4433-94e5-7f282ec3e392,ed6042d3-7354-4aa4-89af-6174f3dc7e2b,https://portfoliomanagementservices.adityabirlacapital.com/pdf/Forms/Common-Empanelment-form-AIF-PMS_13062025.pdf,file,pdf,application/pdf,6d6067e1bd03c3546595944034cd8ee649e88b2eb3a50955f6d1b43d0e8e4e3f,695297,data/tmp/mutual_funds/runtime/fd1040ef-2ede-4433-94e5-7f282ec3e392/https-portfoliomanagementservices-adityabirlacapital-com-pdf-forms-common-empanelment-form-aif-pms-13062025-pdf.pdf,False,2026-06-29 06:32:31.140161+00:00,{}
0c7ab357-9b4b-402b-b933-ecefa54d45d1,4b2c9b71-5412-42c1-b4b5-181fda85e469,4f634003-c83f-4f73-a1ef-f9dfd5639b96,https://amc.ppfas.com/downloads/portfolio-disclosure/2026/PPFAS_Monthly_Portfolio_Report_July_31_2026.xls?07082026_4,file,xls,application/vnd.ms-excel,b3bd52729ea7ec16e12babf57d7a50ce2fa09b36777a5ad3f921e2ddc42376cf,407370,data/tmp/mutual_funds/runtime/4b2c9b71-5412-42c1-b4b5-181fda85e469/https-amc-ppfas-com-downloads-portfolio-disclosure-2026-ppfas-monthly-portfolio-report-july-31-2026-xls-07082026-4.xls,False,2026-08-20 15:33:59.414869+00:00,{}
b438fb8c-b862-4929-8843-f056ef14466f,4b2c9b71-5412-42c1-b4b5-181fda85e469,a73a972b-9241-4e4d-8933-cf1a3b9b830b,https://amc.ppfas.com/downloads/portfolio-disclosure/2026/PPFCF_PPFAS_Monthly_Portfolio_Report_July_31_2026.xlsx?07082026,file,xlsx,application/vnd.openxmlformats-officedocument.spreadsheetml.sheet,d20d9c86c2d276a1747d6d49ae23c782fbf47f328aeedcd55a1777f006b3f831,98381,data/tmp/mutual_funds/runtime/4b2c9b71-5412-42c1-b4b5-181fda85e469/https-amc-ppfas-com-downloads-portfolio-disclosure-2026-ppfcf-ppfas-monthly-portfolio-report-july-31-2026-xlsx-07082026.xlsx,False,2026-08-20 15:33:59.414869+00:00,{}
d84a4c39-7464-4566-b097-4d904bfb7821,4b2c9b71-5412-42c1-b4b5-181fda85e469,aad8b5dd-19d5-4fc3-9d59-1b95ebe1710e,https://amc.ppfas.com/downloads/portfolio-disclosure/2026/PPLF_PPFAS_Monthly_Portfolio_Report_July_31_2026.xlsx?07082026_2,file,xlsx,application/vnd.openxmlformats-officedocument.spreadsheetml.sheet,0180a83766d95c94ad595b095c31ee674e88034e7a3b45b867e4bdd67332ea0d,72328,data/tmp/mutual_funds/runtime/4b2c9b71-5412-42c1-b4b5-181fda85e469/https-amc-ppfas-com-downloads-portfolio-disclosure-2026-pplf-ppfas-monthly-portfolio-report-july-31-2026-xlsx-07082026-2.xlsx,False,2026-08-20 15:33:59.414869+00:00,{}
ae662866-8108-4305-9001-1d86c22f8413,4b2c9b71-5412-42c1-b4b5-181fda85e469,b9eac9de-6030-4863-825b-62fe9ac74f5c,https://amc.ppfas.com/downloads/portfolio-disclosure/2026/PPTSF_PPFAS_Monthly_Portfolio_Report_July_31_2026.xlsx?07082026_1,file,xlsx,application/vnd.openxmlformats-officedocument.spreadsheetml.sheet,a3e6581b0f17da1d88211edbac8aa760c07de97ae054adf29ddd33cfee2db21a,82071,data/tmp/mutual_funds/runtime/4b2c9b71-5412-42c1-b4b5-181fda85e469/https-amc-ppfas-com-downloads-portfolio-disclosure-2026-pptsf-ppfas-monthly-portfolio-report-july-31-2026-xlsx-07082026-1.xlsx,False,2026-08-20 15:33:59.414869+00:00,{}
0a5e3d06-78ae-4376-bbe3-439675e5264d,4b2c9b71-5412-42c1-b4b5-181fda85e469,22bf5a43-c4b2-4152-927d-eacad1e439a9,https://amc.ppfas.com/downloads/portfolio-disclosure/2026/PPCHF_PPFAS_Monthly_Portfolio_Report_July_31_2026.xlsx?07082026,file,xlsx,application/vnd.openxmlformats-officedocument.spreadsheetml.sheet,966b8438f3a6496efa38bda65d3836545f4f9c74e3be212aaa71a18e76212035,88778,data/tmp/mutual_funds/runtime/4b2c9b71-5412-42c1-b4b5-181fda85e469/https-amc-ppfas-com-downloads-portfolio-disclosure-2026-ppchf-ppfas-monthly-portfolio-report-july-31-2026-xlsx-07082026.xlsx,False,2026-08-20 15:33:59.414869+00:00,{}
2fa7f06d-37e1-424a-b6c5-455c0eb5a58b,4b2c9b71-5412-42c1-b4b5-181fda85e469,211b22aa-774a-4f5d-8395-e872938261c9,https://amc.ppfas.com/downloads/portfolio-disclosure/2026/PPAF_PPFAS_Monthly_Portfolio_Report_July_31_2026.xlsx?07082026,file,xlsx,application/vnd.openxmlformats-officedocument.spreadsheetml.sheet,b0646feba9e06dc137472bce8dc8ed6092bc393ed9914cb352dd7b8aeb6ca40f,92978,data/tmp/mutual_funds/runtime/4b2c9b71-5412-42c1-b4b5-181fda85e469/https-amc-ppfas-com-downloads-portfolio-disclosure-2026-ppaf-ppfas-monthly-portfolio-report-july-31-2026-xlsx-07082026.xlsx,False,2026-08-20 15:33:59.414869+00:00,{}
0190753d-5e96-4c54-8aa1-36899ba798d0,4b2c9b71-5412-42c1-b4b5-181fda85e469,91d7663c-3584-48d3-9697-162df1751559,https://amc.ppfas.com/downloads/portfolio-disclosure/2026/PPDAAF_PPFAS_Monthly_Portfolio_Report_July_31_2026.xlsx?07082026_1,file,xlsx,application/vnd.openxmlformats-officedocument.spreadsheetml.sheet,43586f4bf50a095b45f0e1b111c0ad487ea067e8d7d21a26a4846338e603269a,73669,data/tmp/mutual_funds/runtime/4b2c9b71-5412-42c1-b4b5-181fda85e469/https-amc-ppfas-com-downloads-portfolio-disclosure-2026-ppdaaf-ppfas-monthly-portfolio-report-july-31-2026-xlsx-07082026-1.xlsx,False,2026-08-20 15:33:59.414869+00:00,{}
7f1fc77e-926d-44c3-9232-c13d0f92fa3d,4b2c9b71-5412-42c1-b4b5-181fda85e469,2c4523e7-91f4-446c-a7ce-be6c8f9d1a46,https://amc.ppfas.com/downloads/portfolio-disclosure/2026/PPLCF_PPFAS_Monthly_Portfolio_Report_July_31_2026.xlsx?07082026_2,file,xlsx,application/vnd.openxmlformats-officedocument.spreadsheetml.sheet,7557bd85627139ee1f9f522a151baa90379f58874c6a283b6eb5b86141a7cd3a,87362,data/tmp/mutual_funds/runtime/4b2c9b71-5412-42c1-b4b5-181fda85e469/https-amc-ppfas-com-downloads-portfolio-disclosure-2026-pplcf-ppfas-monthly-portfolio-report-july-31-2026-xlsx-07082026-2.xlsx,False,2026-08-20 15:33:59.414869+00:00,{}
cf073597-3410-4dac-8fc1-80d6dac5d551,4b2c9b71-5412-42c1-b4b5-181fda85e469,61fa5971-9015-4b9b-a96d-fd41504f5049,https://amc.ppfas.com/downloads/portfolio-disclosure/2026/PPFAS_Monthly_Portfolio_Report_June_30_2026.xls?08072026_2,file,xls,application/vnd.ms-excel,9e7f0e7b8a40f199c07a59aceb09c037ebfc4dd21a9040bb0842cac4ea600626,410327,data/tmp/mutual_funds/runtime/4b2c9b71-5412-42c1-b4b5-181fda85e469/https-amc-ppfas-com-downloads-portfolio-disclosure-2026-ppfas-monthly-portfolio-report-june-30-2026-xls-08072026-2.xls,False,2026-08-20 15:33:59.414869+00:00,{}
1e29cf21-5fdb-46d3-9be5-6ad2d57ac206,4b2c9b71-5412-42c1-b4b5-181fda85e469,908b0797-f6ca-428a-910b-cb44c60c0a2e,https://amc.ppfas.com/downloads/portfolio-disclosure/2026/PPFCF_PPFAS_Monthly_Portfolio_Report_June_30_2026.xlsx?08072026,file,xlsx,application/vnd.openxmlformats-officedocument.spreadsheetml.sheet,2ba13159e2774795f161ca6fcd711c5709643b0e20950c535950ed08bb08b821,97857,data/tmp/mutual_funds/runtime/4b2c9b71-5412-42c1-b4b5-181fda85e469/https-amc-ppfas-com-downloads-portfolio-disclosure-2026-ppfcf-ppfas-monthly-portfolio-report-june-30-2026-xlsx-08072026.xlsx,False,2026-08-20 15:33:59.414869+00:00,{}
90ca5bd1-511a-4288-ba59-3959f750d160,4b2c9b71-5412-42c1-b4b5-181fda85e469,0c299e08-8fa3-4953-858b-2434d38c0b4d,https://amc.ppfas.com/downloads/portfolio-disclosure/2026/PPLF_PPFAS_Monthly_Portfolio_Report_June_30_2026.xlsx?08072026_1,file,xlsx,application/vnd.openxmlformats-officedocument.spreadsheetml.sheet,577a6374e881be2a47c3627ba9347508cd50f981151c584a1a751bfcee509c23,71641,data/tmp/mutual_funds/runtime/4b2c9b71-5412-42c1-b4b5-181fda85e469/https-amc-ppfas-com-downloads-portfolio-disclosure-2026-pplf-ppfas-monthly-portfolio-report-june-30-2026-xlsx-08072026-1.xlsx,False,2026-08-20 15:33:59.414869+00:00,{}
b29b4b14-5bfd-421b-a5e2-c49252214c09,4b2c9b71-5412-42c1-b4b5-181fda85e469,d63df0d1-e8f0-4a1c-af4c-7a797f2303aa,https://amc.ppfas.com/downloads/portfolio-disclosure/2026/PPTSF_PPFAS_Monthly_Portfolio_Report_June_30_2026.xlsx?08072026,file,xlsx,application/vnd.openxmlformats-officedocument.spreadsheetml.sheet,c71f418a255af12b618c60dbd5e430eb8268555e575ad5f081d03a7046ee606b,82769,data/tmp/mutual_funds/runtime/4b2c9b71-5412-42c1-b4b5-181fda85e469/https-amc-ppfas-com-downloads-portfolio-disclosure-2026-pptsf-ppfas-monthly-portfolio-report-june-30-2026-xlsx-08072026.xlsx,False,2026-08-20 15:33:59.414869+00:00,{}
87731087-5e13-4373-9e76-e06628632536,554d2883-79fc-4441-bd0c-14b5a541177b,d3e8d257-500b-49c2-a601-0a477e6ea46f,https://amc.ppfas.com/downloads/portfolio-disclosure/2026/PPFAS_Monthly_Portfolio_Report_July_31_2026.xls?07082026_4,file,xls,application/vnd.ms-excel,b3bd52729ea7ec16e12babf57d7a50ce2fa09b36777a5ad3f921e2ddc42376cf,407370,data/tmp/mutual_funds/runtime/554d2883-79fc-4441-bd0c-14b5a541177b/https-amc-ppfas-com-downloads-portfolio-disclosure-2026-ppfas-monthly-portfolio-report-july-31-2026-xls-07082026-4.xls,False,2026-08-20 15:37:25.456923+00:00,{}
8f2a9d26-23de-474c-8ca4-02db15cbf67a,554d2883-79fc-4441-bd0c-14b5a541177b,0fc5d826-5d18-47f1-bd00-4a3a9deed1b2,https://amc.ppfas.com/downloads/portfolio-disclosure/2026/PPFCF_PPFAS_Monthly_Portfolio_Report_July_31_2026.xlsx?07082026,file,xlsx,application/vnd.openxmlformats-officedocument.spreadsheetml.sheet,d20d9c86c2d276a1747d6d49ae23c782fbf47f328aeedcd55a1777f006b3f831,98381,data/tmp/mutual_funds/runtime/554d2883-79fc-4441-bd0c-14b5a541177b/https-amc-ppfas-com-downloads-portfolio-disclosure-2026-ppfcf-ppfas-monthly-portfolio-report-july-31-2026-xlsx-07082026.xlsx,False,2026-08-20 15:37:25.456923+00:00,{}
6b3b9697-c0b8-429c-b52a-58f620736052,554d2883-79fc-4441-bd0c-14b5a541177b,1ebf4898-73e5-42c2-9af4-77d9566f9986,https://amc.ppfas.com/downloads/portfolio-disclosure/2026/PPLF_PPFAS_Monthly_Portfolio_Report_July_31_2026.xlsx?07082026_2,file,xlsx,application/vnd.openxmlformats-officedocument.spreadsheetml.sheet,0180a83766d95c94ad595b095c31ee674e88034e7a3b45b867e4bdd67332ea0d,72328,data/tmp/mutual_funds/runtime/554d2883-79fc-4441-bd0c-14b5a541177b/https-amc-ppfas-com-downloads-portfolio-disclosure-2026-pplf-ppfas-monthly-portfolio-report-july-31-2026-xlsx-07082026-2.xlsx,False,2026-08-20 15:37:25.456923+00:00,{}
9ef6987d-3461-4685-95be-5c189b308839,554d2883-79fc-4441-bd0c-14b5a541177b,d255c36c-6808-4fec-96ea-e2dc37ca4eb6,https://amc.ppfas.com/downloads/portfolio-disclosure/2026/PPTSF_PPFAS_Monthly_Portfolio_Report_July_31_2026.xlsx?07082026_1,file,xlsx,application/vnd.openxmlformats-officedocument.spreadsheetml.sheet,a3e6581b0f17da1d88211edbac8aa760c07de97ae054adf29ddd33cfee2db21a,82071,data/tmp/mutual_funds/runtime/554d2883-79fc-4441-bd0c-14b5a541177b/https-amc-ppfas-com-downloads-portfolio-disclosure-2026-pptsf-ppfas-monthly-portfolio-report-july-31-2026-xlsx-07082026-1.xlsx,False,2026-08-20 15:37:25.456923+00:00,{}
03190e03-d7db-483d-a0af-e76364b8b498,554d2883-79fc-4441-bd0c-14b5a541177b,e6e7987d-3b3f-49f4-a395-e5f1bc890c25,https://amc.ppfas.com/downloads/portfolio-disclosure/2026/PPCHF_PPFAS_Monthly_Portfolio_Report_July_31_2026.xlsx?07082026,file,xlsx,application/vnd.openxmlformats-officedocument.spreadsheetml.sheet,966b8438f3a6496efa38bda65d3836545f4f9c74e3be212aaa71a18e76212035,88778,data/tmp/mutual_funds/runtime/554d2883-79fc-4441-bd0c-14b5a541177b/https-amc-ppfas-com-downloads-portfolio-disclosure-2026-ppchf-ppfas-monthly-portfolio-report-july-31-2026-xlsx-07082026.xlsx,False,2026-08-20 15:37:25.456923+00:00,{}
835eab24-2573-4e2f-a483-f1d7e5601143,554d2883-79fc-4441-bd0c-14b5a541177b,6b64a0d0-3137-42b6-b9e8-516536e9ef71,https://amc.ppfas.com/downloads/portfolio-disclosure/2026/PPAF_PPFAS_Monthly_Portfolio_Report_July_31_2026.xlsx?07082026,file,xlsx,application/vnd.openxmlformats-officedocument.spreadsheetml.sheet,b0646feba9e06dc137472bce8dc8ed6092bc393ed9914cb352dd7b8aeb6ca40f,92978,data/tmp/mutual_funds/runtime/554d2883-79fc-4441-bd0c-14b5a541177b/https-amc-ppfas-com-downloads-portfolio-disclosure-2026-ppaf-ppfas-monthly-portfolio-report-july-31-2026-xlsx-07082026.xlsx,False,2026-08-20 15:37:25.456923+00:00,{}
cba18b15-d834-4631-a74a-4eade3c6a9bd,554d2883-79fc-4441-bd0c-14b5a541177b,0a2d22ff-f2fe-499e-b9f4-92b1068f67a3,https://amc.ppfas.com/downloads/portfolio-disclosure/2026/PPDAAF_PPFAS_Monthly_Portfolio_Report_July_31_2026.xlsx?07082026_1,file,xlsx,application/vnd.openxmlformats-officedocument.spreadsheetml.sheet,43586f4bf50a095b45f0e1b111c0ad487ea067e8d7d21a26a4846338e603269a,73669,data/tmp/mutual_funds/runtime/554d2883-79fc-4441-bd0c-14b5a541177b/https-amc-ppfas-com-downloads-portfolio-disclosure-2026-ppdaaf-ppfas-monthly-portfolio-report-july-31-2026-xlsx-07082026-1.xlsx,False,2026-08-20 15:37:25.456923+00:00,{}
5587cd2b-d44d-40c6-b37d-f30aec583f96,554d2883-79fc-4441-bd0c-14b5a541177b,af0d7bad-f13d-4323-b914-5af5319bd9f0,https://amc.ppfas.com/downloads/portfolio-disclosure/2026/PPLCF_PPFAS_Monthly_Portfolio_Report_July_31_2026.xlsx?07082026_2,file,xlsx,application/vnd.openxmlformats-officedocument.spreadsheetml.sheet,7557bd85627139ee1f9f522a151baa90379f58874c6a283b6eb5b86141a7cd3a,87362,data/tmp/mutual_funds/runtime/554d2883-79fc-4441-bd0c-14b5a541177b/https-amc-ppfas-com-downloads-portfolio-disclosure-2026-pplcf-ppfas-monthly-portfolio-report-july-31-2026-xlsx-07082026-2.xlsx,False,2026-08-20 15:37:25.456923+00:00,{}
6d11ebba-9469-4fb0-9bf1-6533b943da67,554d2883-79fc-4441-bd0c-14b5a541177b,cee2d6c8-350f-48bd-bd07-fe39896d6dc1,https://amc.ppfas.com/downloads/portfolio-disclosure/2026/PPFAS_Monthly_Portfolio_Report_June_30_2026.xls?08072026_2,file,xls,application/vnd.ms-excel,9e7f0e7b8a40f199c07a59aceb09c037ebfc4dd21a9040bb0842cac4ea600626,410327,data/tmp/mutual_funds/runtime/554d2883-79fc-4441-bd0c-14b5a541177b/https-amc-ppfas-com-downloads-portfolio-disclosure-2026-ppfas-monthly-portfolio-report-june-30-2026-xls-08072026-2.xls,False,2026-08-20 15:37:25.456923+00:00,{}
50606146-cd25-40c5-b8c4-25aade341802,554d2883-79fc-4441-bd0c-14b5a541177b,e31894aa-4864-4439-b673-db31a0fe1032,https://amc.ppfas.com/downloads/portfolio-disclosure/2026/PPFCF_PPFAS_Monthly_Portfolio_Report_June_30_2026.xlsx?08072026,file,xlsx,application/vnd.openxmlformats-officedocument.spreadsheetml.sheet,2ba13159e2774795f161ca6fcd711c5709643b0e20950c535950ed08bb08b821,97857,data/tmp/mutual_funds/runtime/554d2883-79fc-4441-bd0c-14b5a541177b/https-amc-ppfas-com-downloads-portfolio-disclosure-2026-ppfcf-ppfas-monthly-portfolio-report-june-30-2026-xlsx-08072026.xlsx,False,2026-08-20 15:37:25.456923+00:00,{}
995280da-3c44-40c8-841b-dbceb6691d8b,554d2883-79fc-4441-bd0c-14b5a541177b,ce225d54-99b8-45ba-b9c5-13bc8ae88502,https://amc.ppfas.com/downloads/portfolio-disclosure/2026/PPLF_PPFAS_Monthly_Portfolio_Report_June_30_2026.xlsx?08072026_1,file,xlsx,application/vnd.openxmlformats-officedocument.spreadsheetml.sheet,577a6374e881be2a47c3627ba9347508cd50f981151c584a1a751bfcee509c23,71641,data/tmp/mutual_funds/runtime/554d2883-79fc-4441-bd0c-14b5a541177b/https-amc-ppfas-com-downloads-portfolio-disclosure-2026-pplf-ppfas-monthly-portfolio-report-june-30-2026-xlsx-08072026-1.xlsx,False,2026-08-20 15:37:25.456923+00:00,{}
29202ad6-3d33-431f-9935-d4b09483134e,554d2883-79fc-4441-bd0c-14b5a541177b,233fe73e-a795-4b38-a699-0900e04e8014,https://amc.ppfas.com/downloads/portfolio-disclosure/2026/PPTSF_PPFAS_Monthly_Portfolio_Report_June_30_2026.xlsx?08072026,file,xlsx,application/vnd.openxmlformats-officedocument.spreadsheetml.sheet,c71f418a255af12b618c60dbd5e430eb8268555e575ad5f081d03a7046ee606b,82769,data/tmp/mutual_funds/runtime/554d2883-79fc-4441-bd0c-14b5a541177b/https-amc-ppfas-com-downloads-portfolio-disclosure-2026-pptsf-ppfas-monthly-portfolio-report-june-30-2026-xlsx-08072026.xlsx,False,2026-08-20 15:37:25.456923+00:00,{}
0bb36eaa-c390-4f11-a9f3-79aab39f2c21,c33359d7-7db5-4c94-9543-2318b5d6c874,,https://www.dspim.com/media/pages/mandatory-disclosures/portfolio-disclosures/ebb47fd11b-1757771552/dsp-debt-isin-portfolio-15th-december-2021.xlsx,file,xlsx,application/vnd.openxmlformats-officedocument.spreadsheetml.sheet,,1297967,,False,2026-08-20 18:24:51.745630+00:00,{}
acc91ed9-add2-459d-bb29-c3e11cefe11e,720ad631-ad42-4304-971c-41fb4280a2be,e36633fe-3e2f-48a8-bcf7-6338b94cecff,https://amc.ppfas.com/downloads/portfolio-disclosure/2026/PPFAS_Monthly_Portfolio_Report_July_31_2026.xls?07082026_4,file,xls,application/vnd.ms-excel,b3bd52729ea7ec16e12babf57d7a50ce2fa09b36777a5ad3f921e2ddc42376cf,407370,data/tmp/mutual_funds/runtime/720ad631-ad42-4304-971c-41fb4280a2be/https-amc-ppfas-com-downloads-portfolio-disclosure-2026-ppfas-monthly-portfolio-report-july-31-2026-xls-07082026-4.xls,False,2026-08-20 15:42:39.907739+00:00,{}
71380cf2-3ffc-4c9b-8a66-553f9f25a13b,720ad631-ad42-4304-971c-41fb4280a2be,5c1a0ff0-eba5-4fcd-b157-79d0b01e5db4,https://amc.ppfas.com/downloads/portfolio-disclosure/2026/PPFCF_PPFAS_Monthly_Portfolio_Report_July_31_2026.xlsx?07082026,file,xlsx,application/vnd.openxmlformats-officedocument.spreadsheetml.sheet,d20d9c86c2d276a1747d6d49ae23c782fbf47f328aeedcd55a1777f006b3f831,98381,data/tmp/mutual_funds/runtime/720ad631-ad42-4304-971c-41fb4280a2be/https-amc-ppfas-com-downloads-portfolio-disclosure-2026-ppfcf-ppfas-monthly-portfolio-report-july-31-2026-xlsx-07082026.xlsx,False,2026-08-20 15:42:39.907739+00:00,{}
8477b03f-c24f-4774-bbaa-2bddf6811b4a,720ad631-ad42-4304-971c-41fb4280a2be,11d340d1-70db-44f1-9fb6-007c7d141eb1,https://amc.ppfas.com/downloads/portfolio-disclosure/2026/PPLF_PPFAS_Monthly_Portfolio_Report_July_31_2026.xlsx?07082026_2,file,xlsx,application/vnd.openxmlformats-officedocument.spreadsheetml.sheet,0180a83766d95c94ad595b095c31ee674e88034e7a3b45b867e4bdd67332ea0d,72328,data/tmp/mutual_funds/runtime/720ad631-ad42-4304-971c-41fb4280a2be/https-amc-ppfas-com-downloads-portfolio-disclosure-2026-pplf-ppfas-monthly-portfolio-report-july-31-2026-xlsx-07082026-2.xlsx,False,2026-08-20 15:42:39.907739+00:00,{}
8c126c4b-3afe-4cb6-8b05-7395f0f82bdb,720ad631-ad42-4304-971c-41fb4280a2be,d135f622-9628-4a7d-8065-f0461fa46b15,https://amc.ppfas.com/downloads/portfolio-disclosure/2026/PPTSF_PPFAS_Monthly_Portfolio_Report_July_31_2026.xlsx?07082026_1,file,xlsx,application/vnd.openxmlformats-officedocument.spreadsheetml.sheet,a3e6581b0f17da1d88211edbac8aa760c07de97ae054adf29ddd33cfee2db21a,82071,data/tmp/mutual_funds/runtime/720ad631-ad42-4304-971c-41fb4280a2be/https-amc-ppfas-com-downloads-portfolio-disclosure-2026-pptsf-ppfas-monthly-portfolio-report-july-31-2026-xlsx-07082026-1.xlsx,False,2026-08-20 15:42:39.907739+00:00,{}
6725acbe-60cb-4a93-84eb-f17fcf8ab436,720ad631-ad42-4304-971c-41fb4280a2be,4ab8c3a3-c956-4faf-bf1b-e3eb2d8d9d5a,https://amc.ppfas.com/downloads/portfolio-disclosure/2026/PPCHF_PPFAS_Monthly_Portfolio_Report_July_31_2026.xlsx?07082026,file,xlsx,application/vnd.openxmlformats-officedocument.spreadsheetml.sheet,966b8438f3a6496efa38bda65d3836545f4f9c74e3be212aaa71a18e76212035,88778,data/tmp/mutual_funds/runtime/720ad631-ad42-4304-971c-41fb4280a2be/https-amc-ppfas-com-downloads-portfolio-disclosure-2026-ppchf-ppfas-monthly-portfolio-report-july-31-2026-xlsx-07082026.xlsx,False,2026-08-20 15:42:39.907739+00:00,{}
4fc5b731-a301-48b8-8306-8f9b625a39d1,720ad631-ad42-4304-971c-41fb4280a2be,e7a8edaa-8927-4fc9-b3d6-d4374b3bf38e,https://amc.ppfas.com/downloads/portfolio-disclosure/2026/PPAF_PPFAS_Monthly_Portfolio_Report_July_31_2026.xlsx?07082026,file,xlsx,application/vnd.openxmlformats-officedocument.spreadsheetml.sheet,b0646feba9e06dc137472bce8dc8ed6092bc393ed9914cb352dd7b8aeb6ca40f,92978,data/tmp/mutual_funds/runtime/720ad631-ad42-4304-971c-41fb4280a2be/https-amc-ppfas-com-downloads-portfolio-disclosure-2026-ppaf-ppfas-monthly-portfolio-report-july-31-2026-xlsx-07082026.xlsx,False,2026-08-20 15:42:39.907739+00:00,{}
3ec83ecc-0514-44d2-a8f0-526bce23adf7,720ad631-ad42-4304-971c-41fb4280a2be,cbd047d3-68d8-48f4-92f9-7334214254a9,https://amc.ppfas.com/downloads/portfolio-disclosure/2026/PPDAAF_PPFAS_Monthly_Portfolio_Report_July_31_2026.xlsx?07082026_1,file,xlsx,application/vnd.openxmlformats-officedocument.spreadsheetml.sheet,43586f4bf50a095b45f0e1b111c0ad487ea067e8d7d21a26a4846338e603269a,73669,data/tmp/mutual_funds/runtime/720ad631-ad42-4304-971c-41fb4280a2be/https-amc-ppfas-com-downloads-portfolio-disclosure-2026-ppdaaf-ppfas-monthly-portfolio-report-july-31-2026-xlsx-07082026-1.xlsx,False,2026-08-20 15:42:39.907739+00:00,{}
24101a21-3911-44c2-9b71-89bb20e4f0ee,720ad631-ad42-4304-971c-41fb4280a2be,9757fc18-ebba-4229-a31a-3afbe4a5d43d,https://amc.ppfas.com/downloads/portfolio-disclosure/2026/PPLCF_PPFAS_Monthly_Portfolio_Report_July_31_2026.xlsx?07082026_2,file,xlsx,application/vnd.openxmlformats-officedocument.spreadsheetml.sheet,7557bd85627139ee1f9f522a151baa90379f58874c6a283b6eb5b86141a7cd3a,87362,data/tmp/mutual_funds/runtime/720ad631-ad42-4304-971c-41fb4280a2be/https-amc-ppfas-com-downloads-portfolio-disclosure-2026-pplcf-ppfas-monthly-portfolio-report-july-31-2026-xlsx-07082026-2.xlsx,False,2026-08-20 15:42:39.907739+00:00,{}
63b24b98-215f-4c72-98be-c6538f0f6169,720ad631-ad42-4304-971c-41fb4280a2be,38c36952-0f54-46db-9af1-e22968b77ca6,https://amc.ppfas.com/downloads/portfolio-disclosure/2026/PPFAS_Monthly_Portfolio_Report_June_30_2026.xls?08072026_2,file,xls,application/vnd.ms-excel,9e7f0e7b8a40f199c07a59aceb09c037ebfc4dd21a9040bb0842cac4ea600626,410327,data/tmp/mutual_funds/runtime/720ad631-ad42-4304-971c-41fb4280a2be/https-amc-ppfas-com-downloads-portfolio-disclosure-2026-ppfas-monthly-portfolio-report-june-30-2026-xls-08072026-2.xls,False,2026-08-20 15:42:39.907739+00:00,{}
0412ef3b-bd44-4b73-9e58-db48c5d5fa0f,720ad631-ad42-4304-971c-41fb4280a2be,29def3ec-4a3b-4e1d-b35e-2046eedcde21,https://amc.ppfas.com/downloads/portfolio-disclosure/2026/PPFCF_PPFAS_Monthly_Portfolio_Report_June_30_2026.xlsx?08072026,file,xlsx,application/vnd.openxmlformats-officedocument.spreadsheetml.sheet,2ba13159e2774795f161ca6fcd711c5709643b0e20950c535950ed08bb08b821,97857,data/tmp/mutual_funds/runtime/720ad631-ad42-4304-971c-41fb4280a2be/https-amc-ppfas-com-downloads-portfolio-disclosure-2026-ppfcf-ppfas-monthly-portfolio-report-june-30-2026-xlsx-08072026.xlsx,False,2026-08-20 15:42:39.907739+00:00,{}
ccd7bf94-2f23-4049-abb2-6ee6f89c50e2,720ad631-ad42-4304-971c-41fb4280a2be,f7a249b5-2cf5-41ee-868c-844557a47721,https://amc.ppfas.com/downloads/portfolio-disclosure/2026/PPLF_PPFAS_Monthly_Portfolio_Report_June_30_2026.xlsx?08072026_1,file,xlsx,application/vnd.openxmlformats-officedocument.spreadsheetml.sheet,577a6374e881be2a47c3627ba9347508cd50f981151c584a1a751bfcee509c23,71641,data/tmp/mutual_funds/runtime/720ad631-ad42-4304-971c-41fb4280a2be/https-amc-ppfas-com-downloads-portfolio-disclosure-2026-pplf-ppfas-monthly-portfolio-report-june-30-2026-xlsx-08072026-1.xlsx,False,2026-08-20 15:42:39.907739+00:00,{}
9cc71b02-c90e-4787-8171-c858665edf0b,720ad631-ad42-4304-971c-41fb4280a2be,290f8498-bd7e-43f4-b0cf-d74c914ef10f,https://amc.ppfas.com/downloads/portfolio-disclosure/2026/PPTSF_PPFAS_Monthly_Portfolio_Report_June_30_2026.xlsx?08072026,file,xlsx,application/vnd.openxmlformats-officedocument.spreadsheetml.sheet,c71f418a255af12b618c60dbd5e430eb8268555e575ad5f081d03a7046ee606b,82769,data/tmp/mutual_funds/runtime/720ad631-ad42-4304-971c-41fb4280a2be/https-amc-ppfas-com-downloads-portfolio-disclosure-2026-pptsf-ppfas-monthly-portfolio-report-june-30-2026-xlsx-08072026.xlsx,False,2026-08-20 15:42:39.907739+00:00,{}
bb14a553-50bd-4bcf-baf0-c6575b97960a,88903f73-6972-4ca7-8c36-308235d1ff6b,43de7776-fb59-45d2-a86a-409809f0de4f,https://amc.ppfas.com/downloads/portfolio-disclosure/2026/PPFAS_Monthly_Portfolio_Report_July_31_2026.xls?07082026_4,file,xls,application/vnd.ms-excel,b3bd52729ea7ec16e12babf57d7a50ce2fa09b36777a5ad3f921e2ddc42376cf,407370,data/tmp/mutual_funds/runtime/88903f73-6972-4ca7-8c36-308235d1ff6b/https-amc-ppfas-com-downloads-portfolio-disclosure-2026-ppfas-monthly-portfolio-report-july-31-2026-xls-07082026-4.xls,False,2026-08-20 15:44:08.401654+00:00,{}
1d2756a4-b45b-4218-9ef4-e1720757e8bb,c33359d7-7db5-4c94-9543-2318b5d6c874,,https://www.dspim.com/media/pages/mandatory-disclosures/portfolio-disclosures/42a5d48e52-1757771554/dsp-isin-portfolio-all-debt-15dec2020.xlsx,file,xlsx,application/vnd.openxmlformats-officedocument.spreadsheetml.sheet,,135388,,False,2026-08-20 18:24:52.090443+00:00,{}
f3aa7f6c-f990-48ba-957c-5cd2d014a691,88903f73-6972-4ca7-8c36-308235d1ff6b,8cb9a7ec-b490-4dff-a8ba-b4a8fd2b89cf,https://amc.ppfas.com/downloads/portfolio-disclosure/2026/PPFCF_PPFAS_Monthly_Portfolio_Report_July_31_2026.xlsx?07082026,file,xlsx,application/vnd.openxmlformats-officedocument.spreadsheetml.sheet,d20d9c86c2d276a1747d6d49ae23c782fbf47f328aeedcd55a1777f006b3f831,98381,data/tmp/mutual_funds/runtime/88903f73-6972-4ca7-8c36-308235d1ff6b/https-amc-ppfas-com-downloads-portfolio-disclosure-2026-ppfcf-ppfas-monthly-portfolio-report-july-31-2026-xlsx-07082026.xlsx,False,2026-08-20 15:44:08.401654+00:00,{}
eea2bf52-ad04-43bf-86b2-c535d0acb6bf,88903f73-6972-4ca7-8c36-308235d1ff6b,25728921-c925-457b-aaf4-a6d64f2d3000,https://amc.ppfas.com/downloads/portfolio-disclosure/2026/PPLF_PPFAS_Monthly_Portfolio_Report_July_31_2026.xlsx?07082026_2,file,xlsx,application/vnd.openxmlformats-officedocument.spreadsheetml.sheet,0180a83766d95c94ad595b095c31ee674e88034e7a3b45b867e4bdd67332ea0d,72328,data/tmp/mutual_funds/runtime/88903f73-6972-4ca7-8c36-308235d1ff6b/https-amc-ppfas-com-downloads-portfolio-disclosure-2026-pplf-ppfas-monthly-portfolio-report-july-31-2026-xlsx-07082026-2.xlsx,False,2026-08-20 15:44:08.401654+00:00,{}
43cb06aa-0a0d-4361-91a1-ae5ab61ee797,88903f73-6972-4ca7-8c36-308235d1ff6b,a7feeebe-6109-4293-b10c-3c7bdf759183,https://amc.ppfas.com/downloads/portfolio-disclosure/2026/PPTSF_PPFAS_Monthly_Portfolio_Report_July_31_2026.xlsx?07082026_1,file,xlsx,application/vnd.openxmlformats-officedocument.spreadsheetml.sheet,a3e6581b0f17da1d88211edbac8aa760c07de97ae054adf29ddd33cfee2db21a,82071,data/tmp/mutual_funds/runtime/88903f73-6972-4ca7-8c36-308235d1ff6b/https-amc-ppfas-com-downloads-portfolio-disclosure-2026-pptsf-ppfas-monthly-portfolio-report-july-31-2026-xlsx-07082026-1.xlsx,False,2026-08-20 15:44:08.401654+00:00,{}
f25ab834-d403-442f-8f47-65566d144c24,88903f73-6972-4ca7-8c36-308235d1ff6b,6856788b-04d4-4164-a0b1-d9c8916d28d9,https://amc.ppfas.com/downloads/portfolio-disclosure/2026/PPCHF_PPFAS_Monthly_Portfolio_Report_July_31_2026.xlsx?07082026,file,xlsx,application/vnd.openxmlformats-officedocument.spreadsheetml.sheet,966b8438f3a6496efa38bda65d3836545f4f9c74e3be212aaa71a18e76212035,88778,data/tmp/mutual_funds/runtime/88903f73-6972-4ca7-8c36-308235d1ff6b/https-amc-ppfas-com-downloads-portfolio-disclosure-2026-ppchf-ppfas-monthly-portfolio-report-july-31-2026-xlsx-07082026.xlsx,False,2026-08-20 15:44:08.401654+00:00,{}
229efe4a-af60-4813-ad44-88e11a4a862b,88903f73-6972-4ca7-8c36-308235d1ff6b,6c5a563e-60f5-4900-8224-de173282025a,https://amc.ppfas.com/downloads/portfolio-disclosure/2026/PPAF_PPFAS_Monthly_Portfolio_Report_July_31_2026.xlsx?07082026,file,xlsx,application/vnd.openxmlformats-officedocument.spreadsheetml.sheet,b0646feba9e06dc137472bce8dc8ed6092bc393ed9914cb352dd7b8aeb6ca40f,92978,data/tmp/mutual_funds/runtime/88903f73-6972-4ca7-8c36-308235d1ff6b/https-amc-ppfas-com-downloads-portfolio-disclosure-2026-ppaf-ppfas-monthly-portfolio-report-july-31-2026-xlsx-07082026.xlsx,False,2026-08-20 15:44:08.401654+00:00,{}
c0cd6916-11b4-4d44-b2f7-ba0e4e16da84,88903f73-6972-4ca7-8c36-308235d1ff6b,402a8048-0932-41dd-a221-bf5a6008a665,https://amc.ppfas.com/downloads/portfolio-disclosure/2026/PPDAAF_PPFAS_Monthly_Portfolio_Report_July_31_2026.xlsx?07082026_1,file,xlsx,application/vnd.openxmlformats-officedocument.spreadsheetml.sheet,43586f4bf50a095b45f0e1b111c0ad487ea067e8d7d21a26a4846338e603269a,73669,data/tmp/mutual_funds/runtime/88903f73-6972-4ca7-8c36-308235d1ff6b/https-amc-ppfas-com-downloads-portfolio-disclosure-2026-ppdaaf-ppfas-monthly-portfolio-report-july-31-2026-xlsx-07082026-1.xlsx,False,2026-08-20 15:44:08.401654+00:00,{}
ee711670-b617-4627-80bf-83e3a19422e8,88903f73-6972-4ca7-8c36-308235d1ff6b,22be7470-f691-4434-a379-1e4d3277f1ea,https://amc.ppfas.com/downloads/portfolio-disclosure/2026/PPLCF_PPFAS_Monthly_Portfolio_Report_July_31_2026.xlsx?07082026_2,file,xlsx,application/vnd.openxmlformats-officedocument.spreadsheetml.sheet,7557bd85627139ee1f9f522a151baa90379f58874c6a283b6eb5b86141a7cd3a,87362,data/tmp/mutual_funds/runtime/88903f73-6972-4ca7-8c36-308235d1ff6b/https-amc-ppfas-com-downloads-portfolio-disclosure-2026-pplcf-ppfas-monthly-portfolio-report-july-31-2026-xlsx-07082026-2.xlsx,False,2026-08-20 15:44:08.401654+00:00,{}
6d6c9563-4dfd-4ed3-890f-ec2a50e4ed37,88903f73-6972-4ca7-8c36-308235d1ff6b,d30d4e57-f9ea-435b-96a5-53cc1db891e4,https://amc.ppfas.com/downloads/portfolio-disclosure/2026/PPFAS_Monthly_Portfolio_Report_June_30_2026.xls?08072026_2,file,xls,application/vnd.ms-excel,9e7f0e7b8a40f199c07a59aceb09c037ebfc4dd21a9040bb0842cac4ea600626,410327,data/tmp/mutual_funds/runtime/88903f73-6972-4ca7-8c36-308235d1ff6b/https-amc-ppfas-com-downloads-portfolio-disclosure-2026-ppfas-monthly-portfolio-report-june-30-2026-xls-08072026-2.xls,False,2026-08-20 15:44:08.401654+00:00,{}
09f90018-9d5a-4464-b592-4a51ba18486f,88903f73-6972-4ca7-8c36-308235d1ff6b,bed5eff9-2064-419f-9324-9be41a9c31ca,https://amc.ppfas.com/downloads/portfolio-disclosure/2026/PPFCF_PPFAS_Monthly_Portfolio_Report_June_30_2026.xlsx?08072026,file,xlsx,application/vnd.openxmlformats-officedocument.spreadsheetml.sheet,2ba13159e2774795f161ca6fcd711c5709643b0e20950c535950ed08bb08b821,97857,data/tmp/mutual_funds/runtime/88903f73-6972-4ca7-8c36-308235d1ff6b/https-amc-ppfas-com-downloads-portfolio-disclosure-2026-ppfcf-ppfas-monthly-portfolio-report-june-30-2026-xlsx-08072026.xlsx,False,2026-08-20 15:44:08.401654+00:00,{}
6526119f-64ce-4652-a820-61a6bd711961,88903f73-6972-4ca7-8c36-308235d1ff6b,c0df93d1-f5bb-4bcb-b6d2-d76dbe50fd56,https://amc.ppfas.com/downloads/portfolio-disclosure/2026/PPLF_PPFAS_Monthly_Portfolio_Report_June_30_2026.xlsx?08072026_1,file,xlsx,application/vnd.openxmlformats-officedocument.spreadsheetml.sheet,577a6374e881be2a47c3627ba9347508cd50f981151c584a1a751bfcee509c23,71641,data/tmp/mutual_funds/runtime/88903f73-6972-4ca7-8c36-308235d1ff6b/https-amc-ppfas-com-downloads-portfolio-disclosure-2026-pplf-ppfas-monthly-portfolio-report-june-30-2026-xlsx-08072026-1.xlsx,False,2026-08-20 15:44:08.401654+00:00,{}
6c97d51d-3337-4a1c-bac5-daf67d6cae47,88903f73-6972-4ca7-8c36-308235d1ff6b,6c6e207b-56af-438f-9068-d25c0bd3e43a,https://amc.ppfas.com/downloads/portfolio-disclosure/2026/PPTSF_PPFAS_Monthly_Portfolio_Report_June_30_2026.xlsx?08072026,file,xlsx,application/vnd.openxmlformats-officedocument.spreadsheetml.sheet,c71f418a255af12b618c60dbd5e430eb8268555e575ad5f081d03a7046ee606b,82769,data/tmp/mutual_funds/runtime/88903f73-6972-4ca7-8c36-308235d1ff6b/https-amc-ppfas-com-downloads-portfolio-disclosure-2026-pptsf-ppfas-monthly-portfolio-report-june-30-2026-xlsx-08072026.xlsx,False,2026-08-20 15:44:08.401654+00:00,{}
464fa341-1f46-4cba-9827-051b9720f25b,d0cdd45d-929a-4839-b4c9-4d07657d1f7d,4de14d9c-f735-4c2d-b85b-b115526575f7,https://amc.ppfas.com/downloads/portfolio-disclosure/2026/PPFAS_Monthly_Portfolio_Report_July_31_2026.xls?07082026_4,file,xls,application/vnd.ms-excel,b3bd52729ea7ec16e12babf57d7a50ce2fa09b36777a5ad3f921e2ddc42376cf,407370,data/tmp/mutual_funds/runtime/d0cdd45d-929a-4839-b4c9-4d07657d1f7d/https-amc-ppfas-com-downloads-portfolio-disclosure-2026-ppfas-monthly-portfolio-report-july-31-2026-xls-07082026-4.xls,False,2026-08-20 15:45:40.151590+00:00,{}
d6ef4daa-21d4-45aa-900c-36f8d01868f0,d0cdd45d-929a-4839-b4c9-4d07657d1f7d,5ab84a64-c4ea-4558-b8e1-55a7ecc4660b,https://amc.ppfas.com/downloads/portfolio-disclosure/2026/PPFCF_PPFAS_Monthly_Portfolio_Report_July_31_2026.xlsx?07082026,file,xlsx,application/vnd.openxmlformats-officedocument.spreadsheetml.sheet,d20d9c86c2d276a1747d6d49ae23c782fbf47f328aeedcd55a1777f006b3f831,98381,data/tmp/mutual_funds/runtime/d0cdd45d-929a-4839-b4c9-4d07657d1f7d/https-amc-ppfas-com-downloads-portfolio-disclosure-2026-ppfcf-ppfas-monthly-portfolio-report-july-31-2026-xlsx-07082026.xlsx,False,2026-08-20 15:45:40.151590+00:00,{}
0f4cca3c-defe-48c4-932e-50ef9271da83,d0cdd45d-929a-4839-b4c9-4d07657d1f7d,7b7bf527-255b-4015-bc16-204a7c12f28b,https://amc.ppfas.com/downloads/portfolio-disclosure/2026/PPLF_PPFAS_Monthly_Portfolio_Report_July_31_2026.xlsx?07082026_2,file,xlsx,application/vnd.openxmlformats-officedocument.spreadsheetml.sheet,0180a83766d95c94ad595b095c31ee674e88034e7a3b45b867e4bdd67332ea0d,72328,data/tmp/mutual_funds/runtime/d0cdd45d-929a-4839-b4c9-4d07657d1f7d/https-amc-ppfas-com-downloads-portfolio-disclosure-2026-pplf-ppfas-monthly-portfolio-report-july-31-2026-xlsx-07082026-2.xlsx,False,2026-08-20 15:45:40.151590+00:00,{}
64aeb9ef-5f19-4e49-9662-788dac3e0e13,1c68bfbd-07c7-4a34-9a2f-5f927743da7d,,https://www.invescomutualfund.com/docs/default-source/fortnightly-holdings/overnight-fundf03ffe07eee8616aaa28ff00007d74af.xlsx?sfvrsn=fbd79fc2_0,file,xlsx,application/vnd.openxmlformats-officedocument.spreadsheetml.sheet,,112642,,False,2026-08-20 18:26:18.506424+00:00,{}
0557379e-980f-427d-8562-001be39a67b4,d0cdd45d-929a-4839-b4c9-4d07657d1f7d,1c3e16c8-bb98-4c34-bf01-2f41f20f5b86,https://amc.ppfas.com/downloads/portfolio-disclosure/2026/PPTSF_PPFAS_Monthly_Portfolio_Report_July_31_2026.xlsx?07082026_1,file,xlsx,application/vnd.openxmlformats-officedocument.spreadsheetml.sheet,a3e6581b0f17da1d88211edbac8aa760c07de97ae054adf29ddd33cfee2db21a,82071,data/tmp/mutual_funds/runtime/d0cdd45d-929a-4839-b4c9-4d07657d1f7d/https-amc-ppfas-com-downloads-portfolio-disclosure-2026-pptsf-ppfas-monthly-portfolio-report-july-31-2026-xlsx-07082026-1.xlsx,False,2026-08-20 15:45:40.151590+00:00,{}
862cc90b-f1cd-4d60-8fff-10c1913b465e,d0cdd45d-929a-4839-b4c9-4d07657d1f7d,b750c87f-be83-4d2e-aa6f-8e93c3782034,https://amc.ppfas.com/downloads/portfolio-disclosure/2026/PPCHF_PPFAS_Monthly_Portfolio_Report_July_31_2026.xlsx?07082026,file,xlsx,application/vnd.openxmlformats-officedocument.spreadsheetml.sheet,966b8438f3a6496efa38bda65d3836545f4f9c74e3be212aaa71a18e76212035,88778,data/tmp/mutual_funds/runtime/d0cdd45d-929a-4839-b4c9-4d07657d1f7d/https-amc-ppfas-com-downloads-portfolio-disclosure-2026-ppchf-ppfas-monthly-portfolio-report-july-31-2026-xlsx-07082026.xlsx,False,2026-08-20 15:45:40.151590+00:00,{}
8b4f6984-9635-42a1-ab4d-8e94c980da8a,d0cdd45d-929a-4839-b4c9-4d07657d1f7d,6c2a9721-0844-44b3-99eb-466748dd1dd0,https://amc.ppfas.com/downloads/portfolio-disclosure/2026/PPAF_PPFAS_Monthly_Portfolio_Report_July_31_2026.xlsx?07082026,file,xlsx,application/vnd.openxmlformats-officedocument.spreadsheetml.sheet,b0646feba9e06dc137472bce8dc8ed6092bc393ed9914cb352dd7b8aeb6ca40f,92978,data/tmp/mutual_funds/runtime/d0cdd45d-929a-4839-b4c9-4d07657d1f7d/https-amc-ppfas-com-downloads-portfolio-disclosure-2026-ppaf-ppfas-monthly-portfolio-report-july-31-2026-xlsx-07082026.xlsx,False,2026-08-20 15:45:40.151590+00:00,{}
6abc1fae-50c2-49d1-a606-bc3846ad52bc,d0cdd45d-929a-4839-b4c9-4d07657d1f7d,9a02df25-2cce-4a51-a660-b8f8912ff200,https://amc.ppfas.com/downloads/portfolio-disclosure/2026/PPDAAF_PPFAS_Monthly_Portfolio_Report_July_31_2026.xlsx?07082026_1,file,xlsx,application/vnd.openxmlformats-officedocument.spreadsheetml.sheet,43586f4bf50a095b45f0e1b111c0ad487ea067e8d7d21a26a4846338e603269a,73669,data/tmp/mutual_funds/runtime/d0cdd45d-929a-4839-b4c9-4d07657d1f7d/https-amc-ppfas-com-downloads-portfolio-disclosure-2026-ppdaaf-ppfas-monthly-portfolio-report-july-31-2026-xlsx-07082026-1.xlsx,False,2026-08-20 15:45:40.151590+00:00,{}
a7adeb43-e383-466b-b7c2-bc17e475f246,d0cdd45d-929a-4839-b4c9-4d07657d1f7d,e29d9821-0f5f-495b-a522-78ac4626ca25,https://amc.ppfas.com/downloads/portfolio-disclosure/2026/PPLCF_PPFAS_Monthly_Portfolio_Report_July_31_2026.xlsx?07082026_2,file,xlsx,application/vnd.openxmlformats-officedocument.spreadsheetml.sheet,7557bd85627139ee1f9f522a151baa90379f58874c6a283b6eb5b86141a7cd3a,87362,data/tmp/mutual_funds/runtime/d0cdd45d-929a-4839-b4c9-4d07657d1f7d/https-amc-ppfas-com-downloads-portfolio-disclosure-2026-pplcf-ppfas-monthly-portfolio-report-july-31-2026-xlsx-07082026-2.xlsx,False,2026-08-20 15:45:40.151590+00:00,{}
32a49584-b15d-4d12-9b5a-17835516157a,d0cdd45d-929a-4839-b4c9-4d07657d1f7d,89dc2b00-4b3a-4cc4-9419-19b40a9a34e2,https://amc.ppfas.com/downloads/portfolio-disclosure/2026/PPFAS_Monthly_Portfolio_Report_June_30_2026.xls?08072026_2,file,xls,application/vnd.ms-excel,9e7f0e7b8a40f199c07a59aceb09c037ebfc4dd21a9040bb0842cac4ea600626,410327,data/tmp/mutual_funds/runtime/d0cdd45d-929a-4839-b4c9-4d07657d1f7d/https-amc-ppfas-com-downloads-portfolio-disclosure-2026-ppfas-monthly-portfolio-report-june-30-2026-xls-08072026-2.xls,False,2026-08-20 15:45:40.151590+00:00,{}
7cc5e0d9-ae79-495b-b95f-8619b4fdfa62,d0cdd45d-929a-4839-b4c9-4d07657d1f7d,5731d6b7-8605-41ad-af34-e7c8017d6706,https://amc.ppfas.com/downloads/portfolio-disclosure/2026/PPFCF_PPFAS_Monthly_Portfolio_Report_June_30_2026.xlsx?08072026,file,xlsx,application/vnd.openxmlformats-officedocument.spreadsheetml.sheet,2ba13159e2774795f161ca6fcd711c5709643b0e20950c535950ed08bb08b821,97857,data/tmp/mutual_funds/runtime/d0cdd45d-929a-4839-b4c9-4d07657d1f7d/https-amc-ppfas-com-downloads-portfolio-disclosure-2026-ppfcf-ppfas-monthly-portfolio-report-june-30-2026-xlsx-08072026.xlsx,False,2026-08-20 15:45:40.151590+00:00,{}
9622308c-ae7d-4a84-903a-2b96d424588c,d0cdd45d-929a-4839-b4c9-4d07657d1f7d,73eb207e-a2a2-4de9-a9e4-542d6718ae0e,https://amc.ppfas.com/downloads/portfolio-disclosure/2026/PPLF_PPFAS_Monthly_Portfolio_Report_June_30_2026.xlsx?08072026_1,file,xlsx,application/vnd.openxmlformats-officedocument.spreadsheetml.sheet,577a6374e881be2a47c3627ba9347508cd50f981151c584a1a751bfcee509c23,71641,data/tmp/mutual_funds/runtime/d0cdd45d-929a-4839-b4c9-4d07657d1f7d/https-amc-ppfas-com-downloads-portfolio-disclosure-2026-pplf-ppfas-monthly-portfolio-report-june-30-2026-xlsx-08072026-1.xlsx,False,2026-08-20 15:45:40.151590+00:00,{}
7dae011e-a222-4a40-9567-033196549d10,d0cdd45d-929a-4839-b4c9-4d07657d1f7d,5995e314-b17b-4593-971f-6bd3b1a46f46,https://amc.ppfas.com/downloads/portfolio-disclosure/2026/PPTSF_PPFAS_Monthly_Portfolio_Report_June_30_2026.xlsx?08072026,file,xlsx,application/vnd.openxmlformats-officedocument.spreadsheetml.sheet,c71f418a255af12b618c60dbd5e430eb8268555e575ad5f081d03a7046ee606b,82769,data/tmp/mutual_funds/runtime/d0cdd45d-929a-4839-b4c9-4d07657d1f7d/https-amc-ppfas-com-downloads-portfolio-disclosure-2026-pptsf-ppfas-monthly-portfolio-report-june-30-2026-xlsx-08072026.xlsx,False,2026-08-20 15:45:40.151590+00:00,{}
083dc770-e70a-4e29-a28a-226c527665a4,3ba84f35-9139-4e6a-b158-2ff623d32cf5,a7537a1a-89fb-4532-be11-9330a8c74c92,https://amc.ppfas.com/downloads/portfolio-disclosure/2026/PPFAS_Monthly_Portfolio_Report_July_31_2026.xls?07082026_4,file,xls,application/vnd.ms-excel,b3bd52729ea7ec16e12babf57d7a50ce2fa09b36777a5ad3f921e2ddc42376cf,407370,data/tmp/mutual_funds/runtime/3ba84f35-9139-4e6a-b158-2ff623d32cf5/https-amc-ppfas-com-downloads-portfolio-disclosure-2026-ppfas-monthly-portfolio-report-july-31-2026-xls-07082026-4.xls,False,2026-08-20 15:47:39.258234+00:00,{}
b70f6619-4d61-4c82-a8de-70b8831012c3,3ba84f35-9139-4e6a-b158-2ff623d32cf5,1f994b34-2dfd-426b-b898-7e54d5be06f6,https://amc.ppfas.com/downloads/portfolio-disclosure/2026/PPFCF_PPFAS_Monthly_Portfolio_Report_July_31_2026.xlsx?07082026,file,xlsx,application/vnd.openxmlformats-officedocument.spreadsheetml.sheet,d20d9c86c2d276a1747d6d49ae23c782fbf47f328aeedcd55a1777f006b3f831,98381,data/tmp/mutual_funds/runtime/3ba84f35-9139-4e6a-b158-2ff623d32cf5/https-amc-ppfas-com-downloads-portfolio-disclosure-2026-ppfcf-ppfas-monthly-portfolio-report-july-31-2026-xlsx-07082026.xlsx,False,2026-08-20 15:47:39.258234+00:00,{}
1812edae-f3f3-4b00-bb97-c3a08b342458,3ba84f35-9139-4e6a-b158-2ff623d32cf5,42112b43-5939-4091-915f-f9887d990d45,https://amc.ppfas.com/downloads/portfolio-disclosure/2026/PPLF_PPFAS_Monthly_Portfolio_Report_July_31_2026.xlsx?07082026_2,file,xlsx,application/vnd.openxmlformats-officedocument.spreadsheetml.sheet,0180a83766d95c94ad595b095c31ee674e88034e7a3b45b867e4bdd67332ea0d,72328,data/tmp/mutual_funds/runtime/3ba84f35-9139-4e6a-b158-2ff623d32cf5/https-amc-ppfas-com-downloads-portfolio-disclosure-2026-pplf-ppfas-monthly-portfolio-report-july-31-2026-xlsx-07082026-2.xlsx,False,2026-08-20 15:47:39.258234+00:00,{}
f6dc543e-1bea-4fe2-84e8-d6d3da867ff4,3ba84f35-9139-4e6a-b158-2ff623d32cf5,0ddb394d-95e5-44cf-b5ed-c2f90c98ab11,https://amc.ppfas.com/downloads/portfolio-disclosure/2026/PPTSF_PPFAS_Monthly_Portfolio_Report_July_31_2026.xlsx?07082026_1,file,xlsx,application/vnd.openxmlformats-officedocument.spreadsheetml.sheet,a3e6581b0f17da1d88211edbac8aa760c07de97ae054adf29ddd33cfee2db21a,82071,data/tmp/mutual_funds/runtime/3ba84f35-9139-4e6a-b158-2ff623d32cf5/https-amc-ppfas-com-downloads-portfolio-disclosure-2026-pptsf-ppfas-monthly-portfolio-report-july-31-2026-xlsx-07082026-1.xlsx,False,2026-08-20 15:47:39.258234+00:00,{}
75219d8b-5ada-4de2-b845-714c8ee96fd5,3ba84f35-9139-4e6a-b158-2ff623d32cf5,e46931e7-45df-443f-acf6-da89c44017ba,https://amc.ppfas.com/downloads/portfolio-disclosure/2026/PPCHF_PPFAS_Monthly_Portfolio_Report_July_31_2026.xlsx?07082026,file,xlsx,application/vnd.openxmlformats-officedocument.spreadsheetml.sheet,966b8438f3a6496efa38bda65d3836545f4f9c74e3be212aaa71a18e76212035,88778,data/tmp/mutual_funds/runtime/3ba84f35-9139-4e6a-b158-2ff623d32cf5/https-amc-ppfas-com-downloads-portfolio-disclosure-2026-ppchf-ppfas-monthly-portfolio-report-july-31-2026-xlsx-07082026.xlsx,False,2026-08-20 15:47:39.258234+00:00,{}
ac3d9ebd-a72d-4dde-a694-6137f5c6ea48,1c68bfbd-07c7-4a34-9a2f-5f927743da7d,,https://www.invescomutualfund.com/docs/default-source/fortnightly-holdings/corp-bondc23efe07eee8616aaa28ff00007d74af.xlsx?sfvrsn=add69fc2_0,file,xlsx,application/vnd.openxmlformats-officedocument.spreadsheetml.sheet,,121780,,False,2026-08-20 18:26:19.049532+00:00,{}
f9a2cf84-693d-4052-ac17-c8a3272f1940,3ba84f35-9139-4e6a-b158-2ff623d32cf5,384595e3-ca4a-47e2-aa48-0b8c4fb780cc,https://amc.ppfas.com/downloads/portfolio-disclosure/2026/PPAF_PPFAS_Monthly_Portfolio_Report_July_31_2026.xlsx?07082026,file,xlsx,application/vnd.openxmlformats-officedocument.spreadsheetml.sheet,b0646feba9e06dc137472bce8dc8ed6092bc393ed9914cb352dd7b8aeb6ca40f,92978,data/tmp/mutual_funds/runtime/3ba84f35-9139-4e6a-b158-2ff623d32cf5/https-amc-ppfas-com-downloads-portfolio-disclosure-2026-ppaf-ppfas-monthly-portfolio-report-july-31-2026-xlsx-07082026.xlsx,False,2026-08-20 15:47:39.258234+00:00,{}
c90d1170-0650-4d44-a089-4992d3817dfb,3ba84f35-9139-4e6a-b158-2ff623d32cf5,f4975697-ca58-4f21-9606-79bd6a24319e,https://amc.ppfas.com/downloads/portfolio-disclosure/2026/PPDAAF_PPFAS_Monthly_Portfolio_Report_July_31_2026.xlsx?07082026_1,file,xlsx,application/vnd.openxmlformats-officedocument.spreadsheetml.sheet,43586f4bf50a095b45f0e1b111c0ad487ea067e8d7d21a26a4846338e603269a,73669,data/tmp/mutual_funds/runtime/3ba84f35-9139-4e6a-b158-2ff623d32cf5/https-amc-ppfas-com-downloads-portfolio-disclosure-2026-ppdaaf-ppfas-monthly-portfolio-report-july-31-2026-xlsx-07082026-1.xlsx,False,2026-08-20 15:47:39.258234+00:00,{}
4c125999-e564-49c2-a3b5-4fe7573d1711,3ba84f35-9139-4e6a-b158-2ff623d32cf5,a6f4453c-9345-4b95-8416-d15802dc214a,https://amc.ppfas.com/downloads/portfolio-disclosure/2026/PPLCF_PPFAS_Monthly_Portfolio_Report_July_31_2026.xlsx?07082026_2,file,xlsx,application/vnd.openxmlformats-officedocument.spreadsheetml.sheet,7557bd85627139ee1f9f522a151baa90379f58874c6a283b6eb5b86141a7cd3a,87362,data/tmp/mutual_funds/runtime/3ba84f35-9139-4e6a-b158-2ff623d32cf5/https-amc-ppfas-com-downloads-portfolio-disclosure-2026-pplcf-ppfas-monthly-portfolio-report-july-31-2026-xlsx-07082026-2.xlsx,False,2026-08-20 15:47:39.258234+00:00,{}
7e6ebc7d-af2c-44f7-846a-d39ddd4bc7b1,3ba84f35-9139-4e6a-b158-2ff623d32cf5,6617386d-0062-4265-91c3-405aaf9eb395,https://amc.ppfas.com/downloads/portfolio-disclosure/2026/PPFAS_Monthly_Portfolio_Report_June_30_2026.xls?08072026_2,file,xls,application/vnd.ms-excel,9e7f0e7b8a40f199c07a59aceb09c037ebfc4dd21a9040bb0842cac4ea600626,410327,data/tmp/mutual_funds/runtime/3ba84f35-9139-4e6a-b158-2ff623d32cf5/https-amc-ppfas-com-downloads-portfolio-disclosure-2026-ppfas-monthly-portfolio-report-june-30-2026-xls-08072026-2.xls,False,2026-08-20 15:47:39.258234+00:00,{}
c9186bc7-2c5f-4ffb-aa56-dc762541bc0b,3ba84f35-9139-4e6a-b158-2ff623d32cf5,026218d2-5b17-4111-8440-68e2bc8eb5cf,https://amc.ppfas.com/downloads/portfolio-disclosure/2026/PPFCF_PPFAS_Monthly_Portfolio_Report_June_30_2026.xlsx?08072026,file,xlsx,application/vnd.openxmlformats-officedocument.spreadsheetml.sheet,2ba13159e2774795f161ca6fcd711c5709643b0e20950c535950ed08bb08b821,97857,data/tmp/mutual_funds/runtime/3ba84f35-9139-4e6a-b158-2ff623d32cf5/https-amc-ppfas-com-downloads-portfolio-disclosure-2026-ppfcf-ppfas-monthly-portfolio-report-june-30-2026-xlsx-08072026.xlsx,False,2026-08-20 15:47:39.258234+00:00,{}
cb516978-8fa4-40e7-b482-83c4c797f203,3ba84f35-9139-4e6a-b158-2ff623d32cf5,0e378558-23af-44f8-81a7-4c275558f34b,https://amc.ppfas.com/downloads/portfolio-disclosure/2026/PPLF_PPFAS_Monthly_Portfolio_Report_June_30_2026.xlsx?08072026_1,file,xlsx,application/vnd.openxmlformats-officedocument.spreadsheetml.sheet,577a6374e881be2a47c3627ba9347508cd50f981151c584a1a751bfcee509c23,71641,data/tmp/mutual_funds/runtime/3ba84f35-9139-4e6a-b158-2ff623d32cf5/https-amc-ppfas-com-downloads-portfolio-disclosure-2026-pplf-ppfas-monthly-portfolio-report-june-30-2026-xlsx-08072026-1.xlsx,False,2026-08-20 15:47:39.258234+00:00,{}
3763db87-b8f4-4448-b2b5-095b78b522ba,3ba84f35-9139-4e6a-b158-2ff623d32cf5,e6ad71d5-81dc-4974-8e5c-884393af36b0,https://amc.ppfas.com/downloads/portfolio-disclosure/2026/PPTSF_PPFAS_Monthly_Portfolio_Report_June_30_2026.xlsx?08072026,file,xlsx,application/vnd.openxmlformats-officedocument.spreadsheetml.sheet,c71f418a255af12b618c60dbd5e430eb8268555e575ad5f081d03a7046ee606b,82769,data/tmp/mutual_funds/runtime/3ba84f35-9139-4e6a-b158-2ff623d32cf5/https-amc-ppfas-com-downloads-portfolio-disclosure-2026-pptsf-ppfas-monthly-portfolio-report-june-30-2026-xlsx-08072026.xlsx,False,2026-08-20 15:47:39.258234+00:00,{}
f8051ffd-06fb-471b-aeca-9efc774bb8ed,079ae59a-c94a-47e8-8100-92f30b550f8f,769b6f09-6407-4e52-9e71-f2ff2ddff02b,https://amc.ppfas.com/downloads/portfolio-disclosure/2026/PPFAS_Monthly_Portfolio_Report_July_31_2026.xls?07082026_4,file,xls,application/vnd.ms-excel,b3bd52729ea7ec16e12babf57d7a50ce2fa09b36777a5ad3f921e2ddc42376cf,407370,data/tmp/mutual_funds/runtime/079ae59a-c94a-47e8-8100-92f30b550f8f/https-amc-ppfas-com-downloads-portfolio-disclosure-2026-ppfas-monthly-portfolio-report-july-31-2026-xls-07082026-4.xls,False,2026-08-20 15:53:22.017525+00:00,{}
5629a495-b83d-48f8-82c0-eb91513217ba,079ae59a-c94a-47e8-8100-92f30b550f8f,67d990e1-59e1-485c-b39e-f287ea2ed598,https://amc.ppfas.com/downloads/portfolio-disclosure/2026/PPFCF_PPFAS_Monthly_Portfolio_Report_July_31_2026.xlsx?07082026,file,xlsx,application/vnd.openxmlformats-officedocument.spreadsheetml.sheet,d20d9c86c2d276a1747d6d49ae23c782fbf47f328aeedcd55a1777f006b3f831,98381,data/tmp/mutual_funds/runtime/079ae59a-c94a-47e8-8100-92f30b550f8f/https-amc-ppfas-com-downloads-portfolio-disclosure-2026-ppfcf-ppfas-monthly-portfolio-report-july-31-2026-xlsx-07082026.xlsx,False,2026-08-20 15:53:22.017525+00:00,{}
0dc965d3-97bf-481f-9731-3f5ba2be5c71,079ae59a-c94a-47e8-8100-92f30b550f8f,71f0be17-69d0-4e0e-b69f-977a1ca9bbd3,https://amc.ppfas.com/downloads/portfolio-disclosure/2026/PPLF_PPFAS_Monthly_Portfolio_Report_July_31_2026.xlsx?07082026_2,file,xlsx,application/vnd.openxmlformats-officedocument.spreadsheetml.sheet,0180a83766d95c94ad595b095c31ee674e88034e7a3b45b867e4bdd67332ea0d,72328,data/tmp/mutual_funds/runtime/079ae59a-c94a-47e8-8100-92f30b550f8f/https-amc-ppfas-com-downloads-portfolio-disclosure-2026-pplf-ppfas-monthly-portfolio-report-july-31-2026-xlsx-07082026-2.xlsx,False,2026-08-20 15:53:22.017525+00:00,{}
a42dbaaa-1306-47f4-91a5-aa6afaac4bf8,079ae59a-c94a-47e8-8100-92f30b550f8f,9c96be2c-bfd5-4df5-a37d-52ab115665c0,https://amc.ppfas.com/downloads/portfolio-disclosure/2026/PPTSF_PPFAS_Monthly_Portfolio_Report_July_31_2026.xlsx?07082026_1,file,xlsx,application/vnd.openxmlformats-officedocument.spreadsheetml.sheet,a3e6581b0f17da1d88211edbac8aa760c07de97ae054adf29ddd33cfee2db21a,82071,data/tmp/mutual_funds/runtime/079ae59a-c94a-47e8-8100-92f30b550f8f/https-amc-ppfas-com-downloads-portfolio-disclosure-2026-pptsf-ppfas-monthly-portfolio-report-july-31-2026-xlsx-07082026-1.xlsx,False,2026-08-20 15:53:22.017525+00:00,{}
81907d03-3e49-4e40-ae0d-1034a9624796,079ae59a-c94a-47e8-8100-92f30b550f8f,3c030cd9-1ffa-4f12-b14a-a209e2ee1c06,https://amc.ppfas.com/downloads/portfolio-disclosure/2026/PPCHF_PPFAS_Monthly_Portfolio_Report_July_31_2026.xlsx?07082026,file,xlsx,application/vnd.openxmlformats-officedocument.spreadsheetml.sheet,966b8438f3a6496efa38bda65d3836545f4f9c74e3be212aaa71a18e76212035,88778,data/tmp/mutual_funds/runtime/079ae59a-c94a-47e8-8100-92f30b550f8f/https-amc-ppfas-com-downloads-portfolio-disclosure-2026-ppchf-ppfas-monthly-portfolio-report-july-31-2026-xlsx-07082026.xlsx,False,2026-08-20 15:53:22.017525+00:00,{}
09d95258-2b22-4dcf-9f3d-c96633c7233a,079ae59a-c94a-47e8-8100-92f30b550f8f,ea2081fb-7210-46a8-bbd4-8712fc2e724b,https://amc.ppfas.com/downloads/portfolio-disclosure/2026/PPAF_PPFAS_Monthly_Portfolio_Report_July_31_2026.xlsx?07082026,file,xlsx,application/vnd.openxmlformats-officedocument.spreadsheetml.sheet,b0646feba9e06dc137472bce8dc8ed6092bc393ed9914cb352dd7b8aeb6ca40f,92978,data/tmp/mutual_funds/runtime/079ae59a-c94a-47e8-8100-92f30b550f8f/https-amc-ppfas-com-downloads-portfolio-disclosure-2026-ppaf-ppfas-monthly-portfolio-report-july-31-2026-xlsx-07082026.xlsx,False,2026-08-20 15:53:22.017525+00:00,{}
a9bd01cb-5224-44aa-8763-e94a2ca27982,079ae59a-c94a-47e8-8100-92f30b550f8f,ca24de3a-31d8-47fd-97d2-5f5137bd9a6f,https://amc.ppfas.com/downloads/portfolio-disclosure/2026/PPDAAF_PPFAS_Monthly_Portfolio_Report_July_31_2026.xlsx?07082026_1,file,xlsx,application/vnd.openxmlformats-officedocument.spreadsheetml.sheet,43586f4bf50a095b45f0e1b111c0ad487ea067e8d7d21a26a4846338e603269a,73669,data/tmp/mutual_funds/runtime/079ae59a-c94a-47e8-8100-92f30b550f8f/https-amc-ppfas-com-downloads-portfolio-disclosure-2026-ppdaaf-ppfas-monthly-portfolio-report-july-31-2026-xlsx-07082026-1.xlsx,False,2026-08-20 15:53:22.017525+00:00,{}
53716179-8546-47f4-92c8-03e9414d01c4,1c68bfbd-07c7-4a34-9a2f-5f927743da7d,,https://www.invescomutualfund.com/docs/default-source/fortnightly-holdings/liquid-fund763ffe07eee8616aaa28ff00007d74af.xlsx?sfvrsn=61d79fc2_0,file,xlsx,application/vnd.openxmlformats-officedocument.spreadsheetml.sheet,,126430,,False,2026-08-20 18:26:20.890498+00:00,{}
c5aebf81-d99b-4a2d-8b53-4d24c6c462c8,079ae59a-c94a-47e8-8100-92f30b550f8f,00b92383-0efb-4379-a815-fa96fd81df4f,https://amc.ppfas.com/downloads/portfolio-disclosure/2026/PPLCF_PPFAS_Monthly_Portfolio_Report_July_31_2026.xlsx?07082026_2,file,xlsx,application/vnd.openxmlformats-officedocument.spreadsheetml.sheet,7557bd85627139ee1f9f522a151baa90379f58874c6a283b6eb5b86141a7cd3a,87362,data/tmp/mutual_funds/runtime/079ae59a-c94a-47e8-8100-92f30b550f8f/https-amc-ppfas-com-downloads-portfolio-disclosure-2026-pplcf-ppfas-monthly-portfolio-report-july-31-2026-xlsx-07082026-2.xlsx,False,2026-08-20 15:53:22.017525+00:00,{}
1d178888-baed-42cc-a51f-b3fe45bbac74,079ae59a-c94a-47e8-8100-92f30b550f8f,1d38b326-6bfc-4654-b978-76f73ef0fe12,https://amc.ppfas.com/downloads/portfolio-disclosure/2026/PPFAS_Monthly_Portfolio_Report_June_30_2026.xls?08072026_2,file,xls,application/vnd.ms-excel,9e7f0e7b8a40f199c07a59aceb09c037ebfc4dd21a9040bb0842cac4ea600626,410327,data/tmp/mutual_funds/runtime/079ae59a-c94a-47e8-8100-92f30b550f8f/https-amc-ppfas-com-downloads-portfolio-disclosure-2026-ppfas-monthly-portfolio-report-june-30-2026-xls-08072026-2.xls,False,2026-08-20 15:53:22.017525+00:00,{}
4e2b53f9-39c9-4924-bd40-a5ca9d88f60e,079ae59a-c94a-47e8-8100-92f30b550f8f,5ffef165-df67-48a4-bc0e-bd025a055418,https://amc.ppfas.com/downloads/portfolio-disclosure/2026/PPFCF_PPFAS_Monthly_Portfolio_Report_June_30_2026.xlsx?08072026,file,xlsx,application/vnd.openxmlformats-officedocument.spreadsheetml.sheet,2ba13159e2774795f161ca6fcd711c5709643b0e20950c535950ed08bb08b821,97857,data/tmp/mutual_funds/runtime/079ae59a-c94a-47e8-8100-92f30b550f8f/https-amc-ppfas-com-downloads-portfolio-disclosure-2026-ppfcf-ppfas-monthly-portfolio-report-june-30-2026-xlsx-08072026.xlsx,False,2026-08-20 15:53:22.017525+00:00,{}
33883a41-6aa8-4622-a092-9a06f12bec1a,079ae59a-c94a-47e8-8100-92f30b550f8f,1af629f7-459d-4ba6-aed2-18f1f003ebc4,https://amc.ppfas.com/downloads/portfolio-disclosure/2026/PPLF_PPFAS_Monthly_Portfolio_Report_June_30_2026.xlsx?08072026_1,file,xlsx,application/vnd.openxmlformats-officedocument.spreadsheetml.sheet,577a6374e881be2a47c3627ba9347508cd50f981151c584a1a751bfcee509c23,71641,data/tmp/mutual_funds/runtime/079ae59a-c94a-47e8-8100-92f30b550f8f/https-amc-ppfas-com-downloads-portfolio-disclosure-2026-pplf-ppfas-monthly-portfolio-report-june-30-2026-xlsx-08072026-1.xlsx,False,2026-08-20 15:53:22.017525+00:00,{}
6b1e81ac-6e71-4388-a48e-5886c6293185,079ae59a-c94a-47e8-8100-92f30b550f8f,bb4ffd80-3f28-4aa9-9f02-2b991324884c,https://amc.ppfas.com/downloads/portfolio-disclosure/2026/PPTSF_PPFAS_Monthly_Portfolio_Report_June_30_2026.xlsx?08072026,file,xlsx,application/vnd.openxmlformats-officedocument.spreadsheetml.sheet,c71f418a255af12b618c60dbd5e430eb8268555e575ad5f081d03a7046ee606b,82769,data/tmp/mutual_funds/runtime/079ae59a-c94a-47e8-8100-92f30b550f8f/https-amc-ppfas-com-downloads-portfolio-disclosure-2026-pptsf-ppfas-monthly-portfolio-report-june-30-2026-xlsx-08072026.xlsx,False,2026-08-20 15:53:22.017525+00:00,{}
ff709340-1ccb-464c-8367-68e679519c1f,0e0111be-d9ac-4160-b850-b1f65169b5ab,82cb678f-af2a-45b7-a448-774bd78930c5,https://amc.ppfas.com/downloads/portfolio-disclosure/2026/PPFAS_Monthly_Portfolio_Report_July_31_2026.xls?07082026_4,file,xls,application/vnd.ms-excel,b3bd52729ea7ec16e12babf57d7a50ce2fa09b36777a5ad3f921e2ddc42376cf,407370,data/tmp/mutual_funds/runtime/0e0111be-d9ac-4160-b850-b1f65169b5ab/https-amc-ppfas-com-downloads-portfolio-disclosure-2026-ppfas-monthly-portfolio-report-july-31-2026-xls-07082026-4.xls,False,2026-08-20 16:01:42.297696+00:00,{}
cf7c7d6a-5d1d-4d17-8fef-3957d15f2d74,0e0111be-d9ac-4160-b850-b1f65169b5ab,ba4c848f-21c6-4e09-97d9-18bf61904587,https://amc.ppfas.com/downloads/portfolio-disclosure/2026/PPFCF_PPFAS_Monthly_Portfolio_Report_July_31_2026.xlsx?07082026,file,xlsx,application/vnd.openxmlformats-officedocument.spreadsheetml.sheet,d20d9c86c2d276a1747d6d49ae23c782fbf47f328aeedcd55a1777f006b3f831,98381,data/tmp/mutual_funds/runtime/0e0111be-d9ac-4160-b850-b1f65169b5ab/https-amc-ppfas-com-downloads-portfolio-disclosure-2026-ppfcf-ppfas-monthly-portfolio-report-july-31-2026-xlsx-07082026.xlsx,False,2026-08-20 16:01:42.297696+00:00,{}
13c93eaf-d035-4aac-9a12-3815a1210769,0e0111be-d9ac-4160-b850-b1f65169b5ab,ab12c7bd-b174-4af0-8cc1-b8bdd00b7021,https://amc.ppfas.com/downloads/portfolio-disclosure/2026/PPLF_PPFAS_Monthly_Portfolio_Report_July_31_2026.xlsx?07082026_2,file,xlsx,application/vnd.openxmlformats-officedocument.spreadsheetml.sheet,0180a83766d95c94ad595b095c31ee674e88034e7a3b45b867e4bdd67332ea0d,72328,data/tmp/mutual_funds/runtime/0e0111be-d9ac-4160-b850-b1f65169b5ab/https-amc-ppfas-com-downloads-portfolio-disclosure-2026-pplf-ppfas-monthly-portfolio-report-july-31-2026-xlsx-07082026-2.xlsx,False,2026-08-20 16:01:42.297696+00:00,{}
8eaa0ff1-5e1c-4f24-a9e7-3f41cfaf216e,0e0111be-d9ac-4160-b850-b1f65169b5ab,4fc8d718-a0e8-4c00-ac9b-d24f0aa83715,https://amc.ppfas.com/downloads/portfolio-disclosure/2026/PPTSF_PPFAS_Monthly_Portfolio_Report_July_31_2026.xlsx?07082026_1,file,xlsx,application/vnd.openxmlformats-officedocument.spreadsheetml.sheet,a3e6581b0f17da1d88211edbac8aa760c07de97ae054adf29ddd33cfee2db21a,82071,data/tmp/mutual_funds/runtime/0e0111be-d9ac-4160-b850-b1f65169b5ab/https-amc-ppfas-com-downloads-portfolio-disclosure-2026-pptsf-ppfas-monthly-portfolio-report-july-31-2026-xlsx-07082026-1.xlsx,False,2026-08-20 16:01:42.297696+00:00,{}
7efb0277-254b-4989-8c00-806750e2a1ae,0e0111be-d9ac-4160-b850-b1f65169b5ab,2f43d1a7-7f4c-4e53-bce6-3c4c92f5aa98,https://amc.ppfas.com/downloads/portfolio-disclosure/2026/PPCHF_PPFAS_Monthly_Portfolio_Report_July_31_2026.xlsx?07082026,file,xlsx,application/vnd.openxmlformats-officedocument.spreadsheetml.sheet,966b8438f3a6496efa38bda65d3836545f4f9c74e3be212aaa71a18e76212035,88778,data/tmp/mutual_funds/runtime/0e0111be-d9ac-4160-b850-b1f65169b5ab/https-amc-ppfas-com-downloads-portfolio-disclosure-2026-ppchf-ppfas-monthly-portfolio-report-july-31-2026-xlsx-07082026.xlsx,False,2026-08-20 16:01:42.297696+00:00,{}
4a0ecf25-2565-4611-8a89-b6951a2834cc,0e0111be-d9ac-4160-b850-b1f65169b5ab,215600ca-7dfd-4b51-8b39-b92799b6794b,https://amc.ppfas.com/downloads/portfolio-disclosure/2026/PPAF_PPFAS_Monthly_Portfolio_Report_July_31_2026.xlsx?07082026,file,xlsx,application/vnd.openxmlformats-officedocument.spreadsheetml.sheet,b0646feba9e06dc137472bce8dc8ed6092bc393ed9914cb352dd7b8aeb6ca40f,92978,data/tmp/mutual_funds/runtime/0e0111be-d9ac-4160-b850-b1f65169b5ab/https-amc-ppfas-com-downloads-portfolio-disclosure-2026-ppaf-ppfas-monthly-portfolio-report-july-31-2026-xlsx-07082026.xlsx,False,2026-08-20 16:01:42.297696+00:00,{}
53db5a4b-79d7-45ee-9d32-fb60bf914ede,0e0111be-d9ac-4160-b850-b1f65169b5ab,79893db7-e8cc-4b21-9104-aaab165168e6,https://amc.ppfas.com/downloads/portfolio-disclosure/2026/PPDAAF_PPFAS_Monthly_Portfolio_Report_July_31_2026.xlsx?07082026_1,file,xlsx,application/vnd.openxmlformats-officedocument.spreadsheetml.sheet,43586f4bf50a095b45f0e1b111c0ad487ea067e8d7d21a26a4846338e603269a,73669,data/tmp/mutual_funds/runtime/0e0111be-d9ac-4160-b850-b1f65169b5ab/https-amc-ppfas-com-downloads-portfolio-disclosure-2026-ppdaaf-ppfas-monthly-portfolio-report-july-31-2026-xlsx-07082026-1.xlsx,False,2026-08-20 16:01:42.297696+00:00,{}
b307683e-1faf-4d43-9d02-e5aac273808d,0e0111be-d9ac-4160-b850-b1f65169b5ab,36a7a9d1-c005-48a3-8e55-9d41b829a8ba,https://amc.ppfas.com/downloads/portfolio-disclosure/2026/PPLCF_PPFAS_Monthly_Portfolio_Report_July_31_2026.xlsx?07082026_2,file,xlsx,application/vnd.openxmlformats-officedocument.spreadsheetml.sheet,7557bd85627139ee1f9f522a151baa90379f58874c6a283b6eb5b86141a7cd3a,87362,data/tmp/mutual_funds/runtime/0e0111be-d9ac-4160-b850-b1f65169b5ab/https-amc-ppfas-com-downloads-portfolio-disclosure-2026-pplcf-ppfas-monthly-portfolio-report-july-31-2026-xlsx-07082026-2.xlsx,False,2026-08-20 16:01:42.297696+00:00,{}
329c4183-43a0-4411-af25-e048549d38aa,0e0111be-d9ac-4160-b850-b1f65169b5ab,c61968b3-7eec-4b52-b1ae-82e243506387,https://amc.ppfas.com/downloads/portfolio-disclosure/2026/PPFAS_Monthly_Portfolio_Report_June_30_2026.xls?08072026_2,file,xls,application/vnd.ms-excel,9e7f0e7b8a40f199c07a59aceb09c037ebfc4dd21a9040bb0842cac4ea600626,410327,data/tmp/mutual_funds/runtime/0e0111be-d9ac-4160-b850-b1f65169b5ab/https-amc-ppfas-com-downloads-portfolio-disclosure-2026-ppfas-monthly-portfolio-report-june-30-2026-xls-08072026-2.xls,False,2026-08-20 16:01:42.297696+00:00,{}
845f9dde-e0e5-488c-8974-1f30c831acee,1c68bfbd-07c7-4a34-9a2f-5f927743da7d,,https://www.invescomutualfund.com/docs/default-source/fortnightly-holdings/medium-durationaa3ffe07eee8616aaa28ff00007d74af.xlsx?sfvrsn=b5d79fc2_0,file,xlsx,application/vnd.openxmlformats-officedocument.spreadsheetml.sheet,,114353,,False,2026-08-20 18:26:19.668623+00:00,{}
a37dff0b-2b19-4bf7-9b6b-a4afa6d88d30,0e0111be-d9ac-4160-b850-b1f65169b5ab,8b90320a-371a-4c97-9bd2-199890f2ada3,https://amc.ppfas.com/downloads/portfolio-disclosure/2026/PPFCF_PPFAS_Monthly_Portfolio_Report_June_30_2026.xlsx?08072026,file,xlsx,application/vnd.openxmlformats-officedocument.spreadsheetml.sheet,2ba13159e2774795f161ca6fcd711c5709643b0e20950c535950ed08bb08b821,97857,data/tmp/mutual_funds/runtime/0e0111be-d9ac-4160-b850-b1f65169b5ab/https-amc-ppfas-com-downloads-portfolio-disclosure-2026-ppfcf-ppfas-monthly-portfolio-report-june-30-2026-xlsx-08072026.xlsx,False,2026-08-20 16:01:42.297696+00:00,{}
1ee2f123-ce0d-4484-b8b6-cb3997f7205b,0e0111be-d9ac-4160-b850-b1f65169b5ab,2a709c41-8023-4d6c-8a17-0d645fcefa5d,https://amc.ppfas.com/downloads/portfolio-disclosure/2026/PPLF_PPFAS_Monthly_Portfolio_Report_June_30_2026.xlsx?08072026_1,file,xlsx,application/vnd.openxmlformats-officedocument.spreadsheetml.sheet,577a6374e881be2a47c3627ba9347508cd50f981151c584a1a751bfcee509c23,71641,data/tmp/mutual_funds/runtime/0e0111be-d9ac-4160-b850-b1f65169b5ab/https-amc-ppfas-com-downloads-portfolio-disclosure-2026-pplf-ppfas-monthly-portfolio-report-june-30-2026-xlsx-08072026-1.xlsx,False,2026-08-20 16:01:42.297696+00:00,{}
99334a91-a658-452d-96bf-625e9c629dd4,0e0111be-d9ac-4160-b850-b1f65169b5ab,7f33b579-dd9c-497a-9f85-83043bf5447b,https://amc.ppfas.com/downloads/portfolio-disclosure/2026/PPTSF_PPFAS_Monthly_Portfolio_Report_June_30_2026.xlsx?08072026,file,xlsx,application/vnd.openxmlformats-officedocument.spreadsheetml.sheet,c71f418a255af12b618c60dbd5e430eb8268555e575ad5f081d03a7046ee606b,82769,data/tmp/mutual_funds/runtime/0e0111be-d9ac-4160-b850-b1f65169b5ab/https-amc-ppfas-com-downloads-portfolio-disclosure-2026-pptsf-ppfas-monthly-portfolio-report-june-30-2026-xlsx-08072026.xlsx,False,2026-08-20 16:01:42.297696+00:00,{}
2e7359d3-d310-4d5f-90ff-236e9069586d,19d0b1b2-a4f5-4f5c-a54c-5fa1eb9fb36d,930ee0ed-3f1c-47c7-adc6-77571e962a70,https://mutualfund.adityabirlacapital.com/-/media/bsl/files/tax-reckoner/ab-amc---proposed-cg-rates-as-per-finance-bill-no-2-2024.pdf,file,pdf,application/pdf,ae777f0feae059a063040bfc29b2e497728716f67684db5f8dd72303b368186e,2564495,data/tmp/mutual_funds/runtime/19d0b1b2-a4f5-4f5c-a54c-5fa1eb9fb36d/https-mutualfund-adityabirlacapital-com-media-bsl-files-tax-reckoner-ab-amc-proposed-cg-rates-as-per-finance-bill-no-2-2024-pdf.pdf,False,2026-08-20 16:10:52.824576+00:00,{}
d431efbd-c17b-4600-a7ff-b8d9ed60add2,19d0b1b2-a4f5-4f5c-a54c-5fa1eb9fb36d,52ccb33a-9654-4bde-b87a-df6c0daf3114,https://mutualfund.adityabirlacapital.com/-/media/bsl/files/resources/factsheets/2026/absl-factsheet_aug-2026.pdf,file,pdf,application/pdf,d338bd0b783f8dd71e4d588bdcf71d29d76dcccd4600b4741db23ed50b9ffb36,6793730,data/tmp/mutual_funds/runtime/19d0b1b2-a4f5-4f5c-a54c-5fa1eb9fb36d/https-mutualfund-adityabirlacapital-com-media-bsl-files-resources-factsheets-2026-absl-factsheet-aug-2026-pdf.pdf,False,2026-08-20 16:10:52.824576+00:00,{}
467aec2a-7c08-485e-a170-833f6f48e816,19d0b1b2-a4f5-4f5c-a54c-5fa1eb9fb36d,973bb193-92bc-4f0d-9aff-9108283fff20,https://mutualfund.adityabirlacapital.com/-/media/bsl/files/tax-reckoner/ab-amc---proposed-cg-rates-as-per-finance-bill-no-2-2024.pdf,file,pdf,application/pdf,ae777f0feae059a063040bfc29b2e497728716f67684db5f8dd72303b368186e,2564495,data/tmp/mutual_funds/runtime/19d0b1b2-a4f5-4f5c-a54c-5fa1eb9fb36d/https-mutualfund-adityabirlacapital-com-media-bsl-files-tax-reckoner-ab-amc-proposed-cg-rates-as-per-finance-bill-no-2-2024-pdf.pdf,False,2026-08-20 16:10:52.824576+00:00,{}
369f64bf-6d01-429d-a2f8-900a6dc33576,19d0b1b2-a4f5-4f5c-a54c-5fa1eb9fb36d,5f22b7e8-c087-4e09-b36d-36ee06a214ed,https://mutualfund.adityabirlacapital.com/-/media/bsl/files/resources/factsheets/2026/absl-factsheet_aug-2026.pdf,file,pdf,application/pdf,d338bd0b783f8dd71e4d588bdcf71d29d76dcccd4600b4741db23ed50b9ffb36,6793730,data/tmp/mutual_funds/runtime/19d0b1b2-a4f5-4f5c-a54c-5fa1eb9fb36d/https-mutualfund-adityabirlacapital-com-media-bsl-files-resources-factsheets-2026-absl-factsheet-aug-2026-pdf.pdf,False,2026-08-20 16:10:52.824576+00:00,{}
a399d2ae-d182-40d1-b69a-b8a0d3f7c447,19d0b1b2-a4f5-4f5c-a54c-5fa1eb9fb36d,7f97a0b0-81fd-4296-a1b8-fa4f148ae17f,https://mutualfund.adityabirlacapital.com/-/media/bsl/files/tax-reckoner/ab-amc---proposed-cg-rates-as-per-finance-bill-no-2-2024.pdf,file,pdf,application/pdf,ae777f0feae059a063040bfc29b2e497728716f67684db5f8dd72303b368186e,2564495,data/tmp/mutual_funds/runtime/19d0b1b2-a4f5-4f5c-a54c-5fa1eb9fb36d/https-mutualfund-adityabirlacapital-com-media-bsl-files-tax-reckoner-ab-amc-proposed-cg-rates-as-per-finance-bill-no-2-2024-pdf.pdf,False,2026-08-20 16:11:02.572836+00:00,{}
f83a0eaf-9141-403f-9914-b134a4884c11,19d0b1b2-a4f5-4f5c-a54c-5fa1eb9fb36d,88569679-40b4-4c33-95ab-0bf57cc8e15b,https://mutualfund.adityabirlacapital.com/-/media/bsl/files/resources/factsheets/2026/absl-factsheet_aug-2026.pdf,file,pdf,application/pdf,d338bd0b783f8dd71e4d588bdcf71d29d76dcccd4600b4741db23ed50b9ffb36,6793730,data/tmp/mutual_funds/runtime/19d0b1b2-a4f5-4f5c-a54c-5fa1eb9fb36d/https-mutualfund-adityabirlacapital-com-media-bsl-files-resources-factsheets-2026-absl-factsheet-aug-2026-pdf.pdf,False,2026-08-20 16:11:02.572836+00:00,{}
b04c1510-592b-4fce-b11d-9acb89ce6209,19d0b1b2-a4f5-4f5c-a54c-5fa1eb9fb36d,ed0d4fbc-b1cb-4d9e-908a-c62033989e83,https://mutualfund.adityabirlacapital.com/-/media/bsl/files/tax-reckoner/ab-amc---proposed-cg-rates-as-per-finance-bill-no-2-2024.pdf,file,pdf,application/pdf,ae777f0feae059a063040bfc29b2e497728716f67684db5f8dd72303b368186e,2564495,data/tmp/mutual_funds/runtime/19d0b1b2-a4f5-4f5c-a54c-5fa1eb9fb36d/https-mutualfund-adityabirlacapital-com-media-bsl-files-tax-reckoner-ab-amc-proposed-cg-rates-as-per-finance-bill-no-2-2024-pdf.pdf,False,2026-08-20 16:11:02.572836+00:00,{}
e1d1637e-4027-4432-a0ca-26e875cb582e,19d0b1b2-a4f5-4f5c-a54c-5fa1eb9fb36d,6317fe93-2da7-4938-a0a7-a862c1c8f95b,https://mutualfund.adityabirlacapital.com/-/media/bsl/files/resources/factsheets/2026/absl-factsheet_aug-2026.pdf,file,pdf,application/pdf,d338bd0b783f8dd71e4d588bdcf71d29d76dcccd4600b4741db23ed50b9ffb36,6793730,data/tmp/mutual_funds/runtime/19d0b1b2-a4f5-4f5c-a54c-5fa1eb9fb36d/https-mutualfund-adityabirlacapital-com-media-bsl-files-resources-factsheets-2026-absl-factsheet-aug-2026-pdf.pdf,False,2026-08-20 16:11:02.572836+00:00,{}
171cfd27-7a48-4fd3-896e-4641ce36ada5,19d0b1b2-a4f5-4f5c-a54c-5fa1eb9fb36d,63fe2bb2-44c7-45fa-98f9-a862f38903d7,https://mutualfund.adityabirlacapital.com/-/media/bsl/files/tax-reckoner/ab-amc---proposed-cg-rates-as-per-finance-bill-no-2-2024.pdf,file,pdf,application/pdf,ae777f0feae059a063040bfc29b2e497728716f67684db5f8dd72303b368186e,2564495,data/tmp/mutual_funds/runtime/19d0b1b2-a4f5-4f5c-a54c-5fa1eb9fb36d/https-mutualfund-adityabirlacapital-com-media-bsl-files-tax-reckoner-ab-amc-proposed-cg-rates-as-per-finance-bill-no-2-2024-pdf.pdf,False,2026-08-20 16:11:18.660654+00:00,{}
3f3922fd-b9aa-4c76-8d76-bd50745158f5,19d0b1b2-a4f5-4f5c-a54c-5fa1eb9fb36d,e776777f-7491-42c6-8185-8c3de000c56b,https://mutualfund.adityabirlacapital.com/-/media/bsl/files/tax-reckoner/ab-amc---proposed-cg-rates-as-per-finance-bill-no-2-2024.pdf,file,pdf,application/pdf,ae777f0feae059a063040bfc29b2e497728716f67684db5f8dd72303b368186e,2564495,data/tmp/mutual_funds/runtime/19d0b1b2-a4f5-4f5c-a54c-5fa1eb9fb36d/https-mutualfund-adityabirlacapital-com-media-bsl-files-tax-reckoner-ab-amc-proposed-cg-rates-as-per-finance-bill-no-2-2024-pdf.pdf,False,2026-08-20 16:11:22.340188+00:00,{}
ac8a7c01-1b73-4ffa-91d4-032d7955dcde,19d0b1b2-a4f5-4f5c-a54c-5fa1eb9fb36d,7bfcab13-94b8-4e6e-b0ae-99aa1a35387e,https://mutualfund.adityabirlacapital.com/-/media/bsl/files/resources/factsheets/2026/absl-factsheet_aug-2026.pdf,file,pdf,application/pdf,d338bd0b783f8dd71e4d588bdcf71d29d76dcccd4600b4741db23ed50b9ffb36,6793730,data/tmp/mutual_funds/runtime/19d0b1b2-a4f5-4f5c-a54c-5fa1eb9fb36d/https-mutualfund-adityabirlacapital-com-media-bsl-files-resources-factsheets-2026-absl-factsheet-aug-2026-pdf.pdf,False,2026-08-20 16:11:22.340188+00:00,{}
64570f75-fb90-4bf1-bc41-f64c2e8739aa,00eeaab7-f929-43ca-978c-3655dab15319,b9460b91-b7cb-4fb3-b5aa-df1715fdaccd,https://mutualfund.adityabirlacapital.com/-/media/bsl/files/tax-reckoner/ab-amc---proposed-cg-rates-as-per-finance-bill-no-2-2024.pdf,file,pdf,application/pdf,ae777f0feae059a063040bfc29b2e497728716f67684db5f8dd72303b368186e,2564495,data/tmp/mutual_funds/runtime/00eeaab7-f929-43ca-978c-3655dab15319/https-mutualfund-adityabirlacapital-com-media-bsl-files-tax-reckoner-ab-amc-proposed-cg-rates-as-per-finance-bill-no-2-2024-pdf.pdf,False,2026-08-20 16:15:25.357729+00:00,{}
1b8bad0d-db35-4483-9520-536a3735dafc,00eeaab7-f929-43ca-978c-3655dab15319,c4a837bf-9a1c-4d0f-abfc-226310617ce3,https://mutualfund.adityabirlacapital.com/-/media/bsl/files/resources/factsheets/2026/absl-factsheet_aug-2026.pdf,file,pdf,application/pdf,d338bd0b783f8dd71e4d588bdcf71d29d76dcccd4600b4741db23ed50b9ffb36,6793730,data/tmp/mutual_funds/runtime/00eeaab7-f929-43ca-978c-3655dab15319/https-mutualfund-adityabirlacapital-com-media-bsl-files-resources-factsheets-2026-absl-factsheet-aug-2026-pdf.pdf,False,2026-08-20 16:15:25.357729+00:00,{}
a0f76516-2fdd-491c-983a-57e8806fdc4a,00eeaab7-f929-43ca-978c-3655dab15319,ee04f4ca-fdfc-47a8-893d-34ab6ab7e140,https://mutualfund.adityabirlacapital.com/-/media/bsl/files/tax-reckoner/ab-amc---proposed-cg-rates-as-per-finance-bill-no-2-2024.pdf,file,pdf,application/pdf,ae777f0feae059a063040bfc29b2e497728716f67684db5f8dd72303b368186e,2564495,data/tmp/mutual_funds/runtime/00eeaab7-f929-43ca-978c-3655dab15319/https-mutualfund-adityabirlacapital-com-media-bsl-files-tax-reckoner-ab-amc-proposed-cg-rates-as-per-finance-bill-no-2-2024-pdf.pdf,False,2026-08-20 16:15:25.357729+00:00,{}
9d5cfba6-d73b-4d6c-9a02-f5de80c5aaab,00eeaab7-f929-43ca-978c-3655dab15319,f5e2746c-1929-4cf1-8511-022aaf4a83a2,https://mutualfund.adityabirlacapital.com/-/media/bsl/files/resources/factsheets/2026/absl-factsheet_aug-2026.pdf,file,pdf,application/pdf,d338bd0b783f8dd71e4d588bdcf71d29d76dcccd4600b4741db23ed50b9ffb36,6793730,data/tmp/mutual_funds/runtime/00eeaab7-f929-43ca-978c-3655dab15319/https-mutualfund-adityabirlacapital-com-media-bsl-files-resources-factsheets-2026-absl-factsheet-aug-2026-pdf.pdf,False,2026-08-20 16:15:25.357729+00:00,{}
453d0dc3-521e-43e0-9726-f249aba48cdd,00eeaab7-f929-43ca-978c-3655dab15319,40d23ef9-6947-4d77-b208-a3b3b8b18b82,https://mutualfund.adityabirlacapital.com/-/media/bsl/files/tax-reckoner/ab-amc---proposed-cg-rates-as-per-finance-bill-no-2-2024.pdf,file,pdf,application/pdf,ae777f0feae059a063040bfc29b2e497728716f67684db5f8dd72303b368186e,2564495,data/tmp/mutual_funds/runtime/00eeaab7-f929-43ca-978c-3655dab15319/https-mutualfund-adityabirlacapital-com-media-bsl-files-tax-reckoner-ab-amc-proposed-cg-rates-as-per-finance-bill-no-2-2024-pdf.pdf,False,2026-08-20 16:15:35.293299+00:00,{}
10d40c6a-5c96-4cf8-b753-a098ad18b360,00eeaab7-f929-43ca-978c-3655dab15319,22c2c8f1-3ed8-473e-8604-df7993408323,https://mutualfund.adityabirlacapital.com/-/media/bsl/files/resources/factsheets/2026/absl-factsheet_aug-2026.pdf,file,pdf,application/pdf,d338bd0b783f8dd71e4d588bdcf71d29d76dcccd4600b4741db23ed50b9ffb36,6793730,data/tmp/mutual_funds/runtime/00eeaab7-f929-43ca-978c-3655dab15319/https-mutualfund-adityabirlacapital-com-media-bsl-files-resources-factsheets-2026-absl-factsheet-aug-2026-pdf.pdf,False,2026-08-20 16:15:35.293299+00:00,{}
f54d1087-e3a1-4050-b8da-f316f61023c2,00eeaab7-f929-43ca-978c-3655dab15319,3b70c8cf-de36-4a58-856a-496982d26a63,https://mutualfund.adityabirlacapital.com/-/media/bsl/files/tax-reckoner/ab-amc---proposed-cg-rates-as-per-finance-bill-no-2-2024.pdf,file,pdf,application/pdf,ae777f0feae059a063040bfc29b2e497728716f67684db5f8dd72303b368186e,2564495,data/tmp/mutual_funds/runtime/00eeaab7-f929-43ca-978c-3655dab15319/https-mutualfund-adityabirlacapital-com-media-bsl-files-tax-reckoner-ab-amc-proposed-cg-rates-as-per-finance-bill-no-2-2024-pdf.pdf,False,2026-08-20 16:15:35.293299+00:00,{}
2d05cdcb-b06d-4b65-8abf-fc9245d5bd2f,00eeaab7-f929-43ca-978c-3655dab15319,41708458-1bc6-4de3-8999-b6850b9da2cb,https://mutualfund.adityabirlacapital.com/-/media/bsl/files/resources/factsheets/2026/absl-factsheet_aug-2026.pdf,file,pdf,application/pdf,d338bd0b783f8dd71e4d588bdcf71d29d76dcccd4600b4741db23ed50b9ffb36,6793730,data/tmp/mutual_funds/runtime/00eeaab7-f929-43ca-978c-3655dab15319/https-mutualfund-adityabirlacapital-com-media-bsl-files-resources-factsheets-2026-absl-factsheet-aug-2026-pdf.pdf,False,2026-08-20 16:15:35.293299+00:00,{}
1919415c-a1b9-41db-b69c-baf0561a838a,00eeaab7-f929-43ca-978c-3655dab15319,dc5aa9d9-019e-4f91-9254-6e4a25a7fcd1,https://mutualfund.adityabirlacapital.com/-/media/bsl/files/tax-reckoner/ab-amc---proposed-cg-rates-as-per-finance-bill-no-2-2024.pdf,file,pdf,application/pdf,ae777f0feae059a063040bfc29b2e497728716f67684db5f8dd72303b368186e,2564495,data/tmp/mutual_funds/runtime/00eeaab7-f929-43ca-978c-3655dab15319/https-mutualfund-adityabirlacapital-com-media-bsl-files-tax-reckoner-ab-amc-proposed-cg-rates-as-per-finance-bill-no-2-2024-pdf.pdf,False,2026-08-20 16:15:50.726201+00:00,{}
9514928d-7b17-4924-9fe0-8f00b6119657,00eeaab7-f929-43ca-978c-3655dab15319,caec8d3f-57eb-4f41-acc4-fad964ae7298,https://mutualfund.adityabirlacapital.com/-/media/bsl/files/tax-reckoner/ab-amc---proposed-cg-rates-as-per-finance-bill-no-2-2024.pdf,file,pdf,application/pdf,ae777f0feae059a063040bfc29b2e497728716f67684db5f8dd72303b368186e,2564495,data/tmp/mutual_funds/runtime/00eeaab7-f929-43ca-978c-3655dab15319/https-mutualfund-adityabirlacapital-com-media-bsl-files-tax-reckoner-ab-amc-proposed-cg-rates-as-per-finance-bill-no-2-2024-pdf.pdf,False,2026-08-20 16:15:54.169150+00:00,{}
79ca87c3-3e43-4322-9ea5-7fd8e41d6db2,00eeaab7-f929-43ca-978c-3655dab15319,4115b266-acd5-4ddb-8f99-16a88047e54f,https://mutualfund.adityabirlacapital.com/-/media/bsl/files/resources/factsheets/2026/absl-factsheet_aug-2026.pdf,file,pdf,application/pdf,d338bd0b783f8dd71e4d588bdcf71d29d76dcccd4600b4741db23ed50b9ffb36,6793730,data/tmp/mutual_funds/runtime/00eeaab7-f929-43ca-978c-3655dab15319/https-mutualfund-adityabirlacapital-com-media-bsl-files-resources-factsheets-2026-absl-factsheet-aug-2026-pdf.pdf,False,2026-08-20 16:15:54.169150+00:00,{}
8fd58dad-a499-4a4d-8172-d70a2385dfe9,b460c25d-fe5a-4324-b1da-e8eb5d3a7697,07876255-ebe3-4be8-bc09-610af1fb04f2,https://dq4nytsa795t1.cloudfront.net/keys/sdk_test.txt,file,txt,text/plain,feb698be2c28f0bb367147ec1253715df54f8556d2edf1b016f7869f08fb8d69,450,data/tmp/mutual_funds/runtime/b460c25d-fe5a-4324-b1da-e8eb5d3a7697/https-dq4nytsa795t1-cloudfront-net-keys-sdk-test-txt.txt,False,2026-08-20 16:19:21.404102+00:00,{}
30a123ce-f656-4ab5-b803-37f1c1602307,b460c25d-fe5a-4324-b1da-e8eb5d3a7697,025882ec-07d8-4495-9758-d51ccafc6cc3,https://dq4nytsa795t1.cloudfront.net/keys/sdk_test.txt,file,txt,text/plain,feb698be2c28f0bb367147ec1253715df54f8556d2edf1b016f7869f08fb8d69,450,data/tmp/mutual_funds/runtime/b460c25d-fe5a-4324-b1da-e8eb5d3a7697/https-dq4nytsa795t1-cloudfront-net-keys-sdk-test-txt.txt,False,2026-08-20 16:20:47.432194+00:00,{}
df5e9c10-f985-4c70-90f9-5e41c8e959a5,c086dcf3-4a89-4ec9-a476-ed3367406b3c,73ebbd09-e036-4335-8fd3-824c0dddce4f,https://dq4nytsa795t1.cloudfront.net/keys/sdk_test.txt,file,txt,text/plain,feb698be2c28f0bb367147ec1253715df54f8556d2edf1b016f7869f08fb8d69,450,data/tmp/mutual_funds/runtime/c086dcf3-4a89-4ec9-a476-ed3367406b3c/https-dq4nytsa795t1-cloudfront-net-keys-sdk-test-txt.txt,False,2026-08-20 17:46:51.240074+00:00,{}
d3c781ac-43ba-4dba-aa8f-6108d417a498,c086dcf3-4a89-4ec9-a476-ed3367406b3c,5dea3d10-fd25-4212-b027-56513d340cea,https://dq4nytsa795t1.cloudfront.net/keys/sdk_test.txt,file,txt,text/plain,feb698be2c28f0bb367147ec1253715df54f8556d2edf1b016f7869f08fb8d69,450,data/tmp/mutual_funds/runtime/c086dcf3-4a89-4ec9-a476-ed3367406b3c/https-dq4nytsa795t1-cloudfront-net-keys-sdk-test-txt.txt,False,2026-08-20 17:48:17.120689+00:00,{}
9e585748-8801-4e22-93f4-8ba590802e43,bd10998e-7a28-4155-8df7-427136da9384,413935da-9ddb-44f6-b8ad-900db922b3c0,https://www.miraeassetmf.co.in/docs/default-source/other-disclosure/stewardship-policy_mirae-asset-investment-managers.pdf,file,pdf,text/html; charset=utf-8,0156865804eddd35a2fa32b8aafd84622675e4e20182e2fe7671bc34d1f04f61,136750,data/tmp/mutual_funds/runtime/bd10998e-7a28-4155-8df7-427136da9384/https-www-miraeassetmf-co-in-docs-default-source-other-disclosure-stewardship-policy-mirae-asset-investment-managers-pdf.pdf,False,2026-08-20 18:19:10.756703+00:00,{}
00b4d3b6-bca1-402c-83e8-491882758010,bd10998e-7a28-4155-8df7-427136da9384,36e654ed-b31d-4db2-a7d9-fe4514fc68bd,https://www.miraeassetmf.co.in/docs/default-source/other-disclosure/stewardship-policy_mirae-asset-investment-managers.pdf,file,pdf,text/html; charset=utf-8,0156865804eddd35a2fa32b8aafd84622675e4e20182e2fe7671bc34d1f04f61,136750,data/tmp/mutual_funds/runtime/bd10998e-7a28-4155-8df7-427136da9384/https-www-miraeassetmf-co-in-docs-default-source-other-disclosure-stewardship-policy-mirae-asset-investment-managers-pdf.pdf,False,2026-08-20 18:19:14.508418+00:00,{}
86e8821c-cbb2-466d-84da-cee56669d1f5,bd10998e-7a28-4155-8df7-427136da9384,fb8e66f8-4421-4e82-a37d-d438e570fd1e,https://www.miraeassetmf.co.in/docs/default-source/fund-detail-exitload/entry-exit-load-for-all-schemes.pdf?sfvrsn=d6e7c538_2,file,pdf,text/html; charset=utf-8,0156865804eddd35a2fa32b8aafd84622675e4e20182e2fe7671bc34d1f04f61,136750,data/tmp/mutual_funds/runtime/bd10998e-7a28-4155-8df7-427136da9384/https-www-miraeassetmf-co-in-docs-default-source-fund-detail-exitload-entry-exit-load-for-all-schemes-pdf-sfvrsn-d6e7c538-2.pdf,False,2026-08-20 18:19:14.508418+00:00,{}
00fa7e1c-5da4-4c4a-a8f5-b4c2a6684385,bd10998e-7a28-4155-8df7-427136da9384,47bac544-096a-47e0-986a-36ae0196eae6,https://www.miraeassetmf.co.in/docs/default-source/default-document-library/ad-no-65--change-in-exit-load-of-certain-schemes-nfo-period-of-mirae-asset-smallcap.pdf,file,pdf,application/pdf,fb9ea4ab145a84225520d85a738de1428f196784c4163a930f54d78e826b6000,247460,data/tmp/mutual_funds/runtime/bd10998e-7a28-4155-8df7-427136da9384/https-www-miraeassetmf-co-in-docs-default-source-default-document-library-ad-no-65-change-in-exit-load-of-certain-schemes-nfo-period-of-mirae-asset-smallcap-pdf.pdf,False,2026-08-20 18:19:14.508418+00:00,{}
5318db66-0dbb-4851-9b6a-0f844a6af705,bd10998e-7a28-4155-8df7-427136da9384,67b8f024-2c06-4048-a24d-eeb2229cf7a8,https://www.miraeassetmf.co.in/docs/default-source/fund-detail-exitload/entry-exit-load-for-all-schemes.pdf?sfvrsn=d6e7c538_2,file,pdf,text/html; charset=utf-8,0156865804eddd35a2fa32b8aafd84622675e4e20182e2fe7671bc34d1f04f61,136750,data/tmp/mutual_funds/runtime/bd10998e-7a28-4155-8df7-427136da9384/https-www-miraeassetmf-co-in-docs-default-source-fund-detail-exitload-entry-exit-load-for-all-schemes-pdf-sfvrsn-d6e7c538-2.pdf,False,2026-08-20 18:19:14.508418+00:00,{}
4e3764d1-c8ec-4a65-8702-5df1fa0fb409,bd10998e-7a28-4155-8df7-427136da9384,1d394e70-0b50-4c1a-8dc7-942bc061eba0,https://www.miraeassetmf.co.in/docs/default-source/fachsheet/active-factsheet---august-2026.pdf,file,pdf,application/pdf,b7d9969828ff5002c30ab0c6ad14f493a7917fd87bb4d807d98fba4c779101bb,4665564,data/tmp/mutual_funds/runtime/bd10998e-7a28-4155-8df7-427136da9384/https-www-miraeassetmf-co-in-docs-default-source-fachsheet-active-factsheet-august-2026-pdf.pdf,False,2026-08-20 18:19:14.508418+00:00,{}
aa90cfe5-e25b-467f-bfa4-e5b5f1c8ff78,bd10998e-7a28-4155-8df7-427136da9384,cc3e9f04-f72c-45ac-a207-084af99e91ae,https://www.miraeassetmf.co.in/docs/default-source/sid/sid_mirae-asset-balanced-advantage-fund_06112025.pdf,file,pdf,application/pdf,27f1a3753c027b3c1e487cf30895970e3040413f7c36fe8625ead7438762c245,859501,data/tmp/mutual_funds/runtime/bd10998e-7a28-4155-8df7-427136da9384/https-www-miraeassetmf-co-in-docs-default-source-sid-sid-mirae-asset-balanced-advantage-fund-06112025-pdf.pdf,False,2026-08-20 18:19:14.508418+00:00,{}
3584f4c1-632a-4ab0-9ea4-f0db7e864fd3,bd10998e-7a28-4155-8df7-427136da9384,f02227a2-6ed7-4895-936e-a09fee1f8a6b,https://www.miraeassetmf.co.in/docs/default-source/application-form-kim/kim---mirae-asset-balanced-advantage-fund_06112025.pdf,file,pdf,application/pdf,4f7cf941779f74f848e980694d4d2ac7509963e503e3c859de9eedba3426dd0a,2739042,data/tmp/mutual_funds/runtime/bd10998e-7a28-4155-8df7-427136da9384/https-www-miraeassetmf-co-in-docs-default-source-application-form-kim-kim-mirae-asset-balanced-advantage-fund-06112025-pdf.pdf,False,2026-08-20 18:19:14.508418+00:00,{}
2ff9f5f2-7e5a-44c5-843a-9b6cfc58a4d3,bd10998e-7a28-4155-8df7-427136da9384,c8e00f1f-ddae-46e0-9750-81fe17c0fcb8,https://www.miraeassetmf.co.in/docs/default-source/fachsheet/active-factsheet---august-2026.pdf,file,pdf,application/pdf,b7d9969828ff5002c30ab0c6ad14f493a7917fd87bb4d807d98fba4c779101bb,4665564,data/tmp/mutual_funds/runtime/bd10998e-7a28-4155-8df7-427136da9384/https-www-miraeassetmf-co-in-docs-default-source-fachsheet-active-factsheet-august-2026-pdf.pdf,False,2026-08-20 18:19:14.508418+00:00,{}
fdca4d48-eef3-42b1-9c9a-d6169c9a7201,bd10998e-7a28-4155-8df7-427136da9384,2dfde620-ac4a-4586-ac6a-69754d1a75a0,https://www.miraeassetmf.co.in/docs/default-source/other-disclosure/stewardship-policy_mirae-asset-investment-managers.pdf,file,pdf,text/html; charset=utf-8,0156865804eddd35a2fa32b8aafd84622675e4e20182e2fe7671bc34d1f04f61,136750,data/tmp/mutual_funds/runtime/bd10998e-7a28-4155-8df7-427136da9384/https-www-miraeassetmf-co-in-docs-default-source-other-disclosure-stewardship-policy-mirae-asset-investment-managers-pdf.pdf,False,2026-08-20 18:19:32.526970+00:00,{}
c8fe1420-7489-4b1a-a711-645f36c7fc49,ca26f31a-144f-4aaa-ab06-1ea8ed1456e3,,https://www.miraeassetmf.co.in/docs/default-source/portfolios/milpf_15082026.xlsx,file,xlsx,application/vnd.openxmlformats-officedocument.spreadsheetml.sheet,,397127,,False,2026-08-20 18:24:41.140005+00:00,{}
b983bf77-e374-49be-822f-4f3572d1d32d,ca26f31a-144f-4aaa-ab06-1ea8ed1456e3,,https://www.miraeassetmf.co.in/docs/default-source/portfolios/masef-july2026.xlsx,file,xlsx,application/vnd.openxmlformats-officedocument.spreadsheetml.sheet,,128443,,False,2026-08-20 18:24:41.708752+00:00,{}
6d0d0b8c-88e7-4b16-b74e-4ea53a90a202,ca26f31a-144f-4aaa-ab06-1ea8ed1456e3,,https://www.miraeassetmf.co.in/docs/default-source/portfolios/maff-july2026.xlsx,file,xlsx,application/vnd.openxmlformats-officedocument.spreadsheetml.sheet,,377000,,False,2026-08-20 18:24:42.325176+00:00,{}
4a319075-d9ef-43cb-be23-e35035193f55,ca26f31a-144f-4aaa-ab06-1ea8ed1456e3,,https://www.miraeassetmf.co.in/docs/default-source/portfolios/1dgrowth_15082026.xlsx,file,xlsx,application/vnd.openxmlformats-officedocument.spreadsheetml.sheet,,437089,,False,2026-08-20 18:24:43.001940+00:00,{}
05889989-844f-4239-8559-f9684f874de9,ca26f31a-144f-4aaa-ab06-1ea8ed1456e3,,https://www.miraeassetmf.co.in/docs/default-source/portfolios/mnsfof-july2026.xlsx,file,xlsx,application/vnd.openxmlformats-officedocument.spreadsheetml.sheet,,135886,,False,2026-08-20 18:24:43.399112+00:00,{}
cb2832bc-dfe7-4aed-9f1d-289689f4134b,c33359d7-7db5-4c94-9543-2318b5d6c874,,https://www.dspim.com/media/pages/mandatory-disclosures/portfolio-disclosures/6956f1d407-1757771553/dsp-isin-debt-portfolio-as-on-30-jun-2024.xlsx,file,xlsx,application/vnd.openxmlformats-officedocument.spreadsheetml.sheet,,456662,,False,2026-08-20 18:24:50.416314+00:00,{}
3776d56a-73c9-4f67-95fd-2db90a9a3417,c33359d7-7db5-4c94-9543-2318b5d6c874,,https://www.dspim.com/media/pages/mandatory-disclosures/portfolio-disclosures/3e6e6d184e-1757771552/dsp-debt-isin-portfolio-15th-june-2021.xlsx,file,xlsx,application/vnd.openxmlformats-officedocument.spreadsheetml.sheet,,99374,,False,2026-08-20 18:24:50.925695+00:00,{}
105bdb19-20d5-4375-a858-13e18c2bf757,c33359d7-7db5-4c94-9543-2318b5d6c874,,https://www.dspim.com/media/pages/mandatory-disclosures/portfolio-disclosures/80edbd1261-1757771553/dsp-isin-debt-portfolio-as-on-15th-june-2022.xlsx,file,xlsx,application/vnd.openxmlformats-officedocument.spreadsheetml.sheet,,1187315,,False,2026-08-20 18:24:51.352908+00:00,{}
218e2b6b-8134-4eb2-8e3d-1401f28c62d7,a28ad8e3-cb7f-46f5-a100-7a716af199c1,,https://www.icicipruamc.com/blob/downloads/Files/Fortnightly%20Portfolio%20Disclosures/2026/Fortnightly%20Debt%20Scheme%20Portfolio%20-%2015th%20August%202026.zip,file,zip,application/x-zip-compressed,,5458494,,False,2026-08-20 18:27:27.381838+00:00,{}
8237df4b-bf5e-4506-8aee-145a846624d1,a28ad8e3-cb7f-46f5-a100-7a716af199c1,,https://www.icicipruamc.com/blob/downloads/Files/Fortnightly%20Portfolio%20Disclosures/2026/Fortnightly%20Debt%20Scheme%20Portfolio%20-%2031st%20July%202026.zip,file,zip,application/x-zip-compressed,,5456949,,False,2026-08-20 18:27:34.254386+00:00,{}
29de1826-5339-43a0-b181-a34d7ab82fc2,a28ad8e3-cb7f-46f5-a100-7a716af199c1,,https://www.icicipruamc.com/blob/downloads/Files/Fortnightly%20Portfolio%20Disclosures/2026/Fortnightly%20Debt%20Scheme%20Portfolio%20-%2015th%20July%202026.zip,file,zip,application/x-zip-compressed,,5462046,,False,2026-08-20 18:27:41.066956+00:00,{}
a5818e6e-4d9b-4b97-8849-40b1d083895c,a28ad8e3-cb7f-46f5-a100-7a716af199c1,,https://www.icicipruamc.com/blob/downloads/Files/Fortnightly%20Portfolio%20Disclosures/2026/Fortnightly%20Debt%20Scheme%20Portfolio%20-%2030th%20June%202026.zip,file,zip,application/x-zip-compressed,,5467143,,False,2026-08-20 18:27:48.142150+00:00,{}
5fe2a476-fa0f-4d3e-9c6f-736b44d95bad,a28ad8e3-cb7f-46f5-a100-7a716af199c1,,https://www.icicipruamc.com/blob/downloads/Files/Fortnightly%20Portfolio%20Disclosures/2026/Fortnightly%20Debt%20Scheme%20Portfolio%20-%2015th%20June%202026.zip,file,zip,application/x-zip-compressed,,5444934,,False,2026-08-20 18:27:54.874626+00:00,{}
95d94362-0b9d-4c7a-a641-f97466c62484,a28ad8e3-cb7f-46f5-a100-7a716af199c1,,https://www.icicipruamc.com/blob/downloads/Files/Fortnightly%20Portfolio%20Disclosures/2026/Fortnightly%20Debt%20Scheme%20Portfolio%20-%2031st%20May%202026.zip,file,zip,application/x-zip-compressed,,5371543,,False,2026-08-20 18:28:01.799828+00:00,{}
9f0e62b1-fb4c-4417-af90-f5dcf5b06f00,a28ad8e3-cb7f-46f5-a100-7a716af199c1,,https://www.icicipruamc.com/blob/downloads/Files/Fortnightly%20Portfolio%20Disclosures/2026/Fortnightly%20Debt%20Scheme%20Portfolio%20-%2015th%20May%202026.zip,file,zip,application/x-zip-compressed,,5345229,,False,2026-08-20 18:28:08.948945+00:00,{}
bc3393f9-b2db-4513-a157-6ba6f79e429a,a28ad8e3-cb7f-46f5-a100-7a716af199c1,,https://www.icicipruamc.com/blob/downloads/Files/Fortnightly%20Portfolio%20Disclosures/2026/Fortnightly%20Debt%20Scheme%20Portfolio%20-%2030th%20April%202026.zip,file,zip,application/x-zip-compressed,,5420793,,False,2026-08-20 18:28:16.178465+00:00,{}
673893ca-ffa3-4c42-9088-0822528360ac,a28ad8e3-cb7f-46f5-a100-7a716af199c1,,https://www.icicipruamc.com/blob/downloads/Files/Fortnightly%20Portfolio%20Disclosures/2026/Fortnightly%20Debt%20Scheme%20Portfolio%20-%2015th%20April%202026.zip,file,zip,application/x-zip-compressed,,565711,,False,2026-08-20 18:28:23.424754+00:00,{}
e9717ab1-3c62-43e4-b2bb-1c3eb784a596,a28ad8e3-cb7f-46f5-a100-7a716af199c1,,https://www.icicipruamc.com/blob/downloads/Files/Fortnightly%20Portfolio%20Disclosures/2026/Fortnightly%20Debt%20Scheme%20Portfolio%20-%2031st%20March%202026.zip,file,zip,application/x-zip-compressed,,476182,,False,2026-08-20 18:28:31.456959+00:00,{}
4f87bb84-ca83-4af6-868c-ec9623abdbe6,d3478a0a-8513-4098-97d9-7693101f5121,,https://www.miraeassetmf.co.in/docs/default-source/portfolios/masef-july2026.xlsx,file,xlsx,application/vnd.openxmlformats-officedocument.spreadsheetml.sheet,,128443,,False,2026-08-20 18:51:01.722140+00:00,{}
92c3baa6-cee7-4fdb-8488-822e69364225,d3478a0a-8513-4098-97d9-7693101f5121,,https://www.miraeassetmf.co.in/docs/default-source/portfolios/mascf-july2026.xlsx,file,xlsx,application/vnd.openxmlformats-officedocument.spreadsheetml.sheet,,355800,,False,2026-08-20 18:51:02.214931+00:00,{}
a5a170d4-d41a-4126-bcbf-609240151fc1,d3478a0a-8513-4098-97d9-7693101f5121,,https://www.miraeassetmf.co.in/docs/default-source/portfolios/mammf_15082026.xlsx,file,xlsx,application/vnd.openxmlformats-officedocument.spreadsheetml.sheet,,354400,,False,2026-08-20 18:51:03.070396+00:00,{}
69a6a75e-298e-4e3e-afce-2fdeea198a9b,d3478a0a-8513-4098-97d9-7693101f5121,,https://www.miraeassetmf.co.in/docs/default-source/portfolios/macif_15082026.xlsx,file,xlsx,application/vnd.openxmlformats-officedocument.spreadsheetml.sheet,,386522,,False,2026-08-20 18:51:04.150641+00:00,{}
d983e007-53db-448b-b8af-087d074efe35,d3478a0a-8513-4098-97d9-7693101f5121,,https://www.miraeassetmf.co.in/docs/default-source/portfolios/912ibxfs_15082026.xlsx,file,xlsx,application/vnd.openxmlformats-officedocument.spreadsheetml.sheet,,421843,,False,2026-08-20 18:51:05.152537+00:00,{}
9ed78ebd-95d3-4af7-8d62-6444094e8ec4,d3478a0a-8513-4098-97d9-7693101f5121,,https://www.miraeassetmf.co.in/docs/default-source/portfolios/ipafof_15082026.xlsx,file,xlsx,application/vnd.openxmlformats-officedocument.spreadsheetml.sheet,,369780,,False,2026-08-20 18:51:05.957934+00:00,{}
64035b1c-752a-4af4-bb6d-783e4b88376c,d3478a0a-8513-4098-97d9-7693101f5121,,https://www.miraeassetmf.co.in/docs/default-source/portfolios/milpf_15082026.xlsx,file,xlsx,application/vnd.openxmlformats-officedocument.spreadsheetml.sheet,,397127,,False,2026-08-20 18:51:06.655065+00:00,{}
a9cdf6bb-2de6-4110-90a6-22c61ed64bda,d3478a0a-8513-4098-97d9-7693101f5121,,https://www.miraeassetmf.co.in/docs/default-source/portfolios/mnsfof-july2026.xlsx,file,xlsx,application/vnd.openxmlformats-officedocument.spreadsheetml.sheet,,135886,,False,2026-08-20 18:51:07.275300+00:00,{}
96089f49-f6d8-4d4b-9db3-06fb9af8032c,d3478a0a-8513-4098-97d9-7693101f5121,,https://www.miraeassetmf.co.in/docs/default-source/portfolios/evetf-july2026.xlsx,file,xlsx,application/vnd.openxmlformats-officedocument.spreadsheetml.sheet,,142208,,False,2026-08-20 18:51:08.806889+00:00,{}
af2b68ab-e68c-43d5-a338-5232cbcabf24,d3478a0a-8513-4098-97d9-7693101f5121,,https://www.miraeassetmf.co.in/docs/default-source/portfolios/mdbf_15082026.xlsx,file,xlsx,application/vnd.openxmlformats-officedocument.spreadsheetml.sheet,,381533,,False,2026-08-20 18:51:10.843303+00:00,{}
400ad6b9-a362-4720-9f00-f51fe62ca874,d3478a0a-8513-4098-97d9-7693101f5121,,https://www.miraeassetmf.co.in/docs/default-source/portfolios/maonf_15082026.xlsx,file,xlsx,application/vnd.openxmlformats-officedocument.spreadsheetml.sheet,,351153,,False,2026-08-20 18:51:11.829443+00:00,{}
55bc018f-f855-4bfa-b73f-5fa4cdfdd4fc,d3478a0a-8513-4098-97d9-7693101f5121,,https://www.miraeassetmf.co.in/docs/default-source/portfolios/alpha-july2026.xlsx,file,xlsx,application/vnd.openxmlformats-officedocument.spreadsheetml.sheet,,138805,,False,2026-08-20 18:51:12.241650+00:00,{}
042c494b-a122-4632-9f8e-9cb598dd09de,d3478a0a-8513-4098-97d9-7693101f5121,,https://www.miraeassetmf.co.in/docs/default-source/portfolios/mabpf-july2026.xlsx,file,xlsx,application/vnd.openxmlformats-officedocument.spreadsheetml.sheet,,434565,,False,2026-08-20 18:51:12.728559+00:00,{}
ba900ae6-15fb-4660-9ed4-e823e5238431,d3478a0a-8513-4098-97d9-7693101f5121,,https://www.miraeassetmf.co.in/docs/default-source/portfolios/manjf_15082026.xlsx,file,xlsx,application/vnd.openxmlformats-officedocument.spreadsheetml.sheet,,358632,,False,2026-08-20 18:51:13.547946+00:00,{}
c38c7451-f546-4b56-a4e8-2b2b2b414c89,d3478a0a-8513-4098-97d9-7693101f5121,,https://www.miraeassetmf.co.in/docs/default-source/portfolios/maspf-july2026.xlsx,file,xlsx,application/vnd.openxmlformats-officedocument.spreadsheetml.sheet,,129407,,False,2026-08-20 18:51:14.097294+00:00,{}
1cd3de3e-a9d7-466e-b1f4-692c018fc4fe,d3478a0a-8513-4098-97d9-7693101f5121,,https://www.miraeassetmf.co.in/docs/default-source/portfolios/mausf_15082026.xlsx,file,xlsx,application/vnd.openxmlformats-officedocument.spreadsheetml.sheet,,395984,,False,2026-08-20 18:51:14.758645+00:00,{}
ce2e5a72-77ab-4c1f-b862-40f6ffdb3a11,d3478a0a-8513-4098-97d9-7693101f5121,,https://www.miraeassetmf.co.in/docs/default-source/portfolios/mdbf-july2026.xlsx,file,xlsx,application/vnd.openxmlformats-officedocument.spreadsheetml.sheet,,390692,,False,2026-08-20 18:51:15.413611+00:00,{}
a5612120-87b5-4990-92b2-3e411b566e7b,d3478a0a-8513-4098-97d9-7693101f5121,,https://www.miraeassetmf.co.in/docs/default-source/portfolios/1dgrowth_15082026.xlsx,file,xlsx,application/vnd.openxmlformats-officedocument.spreadsheetml.sheet,,437089,,False,2026-08-20 18:51:16.206696+00:00,{}
2b1d6680-9d3f-49eb-a563-4c1b854c15e4,d3478a0a-8513-4098-97d9-7693101f5121,,https://www.miraeassetmf.co.in/docs/default-source/portfolios/multietf-july2026.xlsx,file,xlsx,application/vnd.openxmlformats-officedocument.spreadsheetml.sheet,,176403,,False,2026-08-20 18:51:16.802006+00:00,{}
5c807f66-a9d2-4214-8505-d7ebcc552b95,d3478a0a-8513-4098-97d9-7693101f5121,,https://www.miraeassetmf.co.in/docs/default-source/portfolios/maff-july2026.xlsx,file,xlsx,application/vnd.openxmlformats-officedocument.spreadsheetml.sheet,,377000,,False,2026-08-20 18:51:18.424640+00:00,{}
c0ec1efb-b1ce-434c-baad-a6c500184707,d3478a0a-8513-4098-97d9-7693101f5121,,https://www.dspim.com/media/pages/mandatory-disclosures/portfolio-disclosures/af520081bc-1757771554/dsp-isin-debt-portfolio-as-on-feb-2024.xlsx,file,xlsx,application/vnd.openxmlformats-officedocument.spreadsheetml.sheet,,411484,,False,2026-08-20 18:51:19.422951+00:00,{}
e2b49641-229c-4bb4-8970-54342551c052,d3478a0a-8513-4098-97d9-7693101f5121,,https://www.dspim.com/media/pages/mandatory-disclosures/portfolio-disclosures/781ca66c7f-1757771553/dsp-isin-debt-portfolio-as-on-15th-november-2022.xlsx,file,xlsx,application/vnd.openxmlformats-officedocument.spreadsheetml.sheet,,1195389,,False,2026-08-20 18:51:20.079784+00:00,{}
c8c319a9-3182-4ea4-9449-754573d45f09,d3478a0a-8513-4098-97d9-7693101f5121,,https://www.dspim.com/media/pages/mandatory-disclosures/portfolio-disclosures/fe4d6f9fff-1757771553/dsp-isin-debt-portfolio-as-on-15th-february-2023.xlsx,file,xlsx,application/vnd.openxmlformats-officedocument.spreadsheetml.sheet,,1222329,,False,2026-08-20 18:51:20.558794+00:00,{}
e3ad2da3-6ac3-42e2-ba50-a8653b482a27,d3478a0a-8513-4098-97d9-7693101f5121,,https://www.dspim.com/media/pages/mandatory-disclosures/portfolio-disclosures/4e4c40fc52-1757771553/dsp-isin-debt-portfolio-as-on-31-aug-2025.xlsx,file,xlsx,application/vnd.openxmlformats-officedocument.spreadsheetml.sheet,,400088,,False,2026-08-20 18:51:21.098033+00:00,{}
888b6c65-dbe8-4620-8d1c-37e1549f7be4,d3478a0a-8513-4098-97d9-7693101f5121,,https://www.dspim.com/media/pages/mandatory-disclosures/portfolio-disclosures/90d4212046-1757771553/dsp-isin-debt-portfolio-as-on-15th-december-2022.xlsx,file,xlsx,application/vnd.openxmlformats-officedocument.spreadsheetml.sheet,,1203425,,False,2026-08-20 18:51:21.500383+00:00,{}
66fa96a8-c728-4294-9f05-c3fe615ab86b,d3478a0a-8513-4098-97d9-7693101f5121,,https://www.dspim.com/media/pages/mandatory-disclosures/portfolio-disclosures/2b1bc9a176-1758392441/dsp-isin-debt-fortnightly-portfolio-as-on-15-sep-2025.xlsx,file,xlsx,application/vnd.openxmlformats-officedocument.spreadsheetml.sheet,,399173,,False,2026-08-20 18:51:21.966574+00:00,{}
7a425b5f-65d4-4568-98cf-528950c57934,d3478a0a-8513-4098-97d9-7693101f5121,,https://www.dspim.com/media/pages/mandatory-disclosures/portfolio-disclosures/b8d9b51037-1757771552/dsp-debt-fortnightly-portfolio-as-on-15-aug-2025.xlsx,file,xlsx,application/vnd.openxmlformats-officedocument.spreadsheetml.sheet,,400343,,False,2026-08-20 18:51:22.472516+00:00,{}
e6160f93-4130-476c-acd4-1566b3266a04,d3478a0a-8513-4098-97d9-7693101f5121,,https://www.dspim.com/media/pages/mandatory-disclosures/portfolio-disclosures/3e2251296a-1757771552/dsp-isin-debt-portfolio-as-on-15-jul-2023.xlsx,file,xlsx,application/vnd.openxmlformats-officedocument.spreadsheetml.sheet,,401614,,False,2026-08-20 18:51:23.092496+00:00,{}
270c3118-304e-4ae6-9ed0-3ed20dcb0785,d3478a0a-8513-4098-97d9-7693101f5121,,https://www.dspim.com/media/pages/mandatory-disclosures/portfolio-disclosures/229cf95af7-1763653792/dsp-isin-debt-fortnightly-portfolio-as-on-15-nov-2025.xlsx,file,xlsx,application/vnd.openxmlformats-officedocument.spreadsheetml.sheet,,403087,,False,2026-08-20 18:51:23.601545+00:00,{}
0a8f008b-e7b1-4f72-aa1e-5c70b5e6e837,d3478a0a-8513-4098-97d9-7693101f5121,,https://www.dspim.com/media/pages/mandatory-disclosures/portfolio-disclosures/7edbda1ebd-1757771553/dsp-isin-debt-portfolio-as-on-31st-jan-2022.xlsx,file,xlsx,application/vnd.openxmlformats-officedocument.spreadsheetml.sheet,,1171557,,False,2026-08-20 18:51:24.321309+00:00,{}
a3999e37-9125-4cac-b4a1-4263dd7b7a4e,d3478a0a-8513-4098-97d9-7693101f5121,,https://www.dspim.com/media/pages/mandatory-disclosures/portfolio-disclosures/6fef74aa1a-1757771552/dsp-debt-isin-portfolio-15th-november-2021.xlsx,file,xlsx,application/vnd.openxmlformats-officedocument.spreadsheetml.sheet,,1665635,,False,2026-08-20 18:51:24.747292+00:00,{}
93c56a52-7c8c-4c9e-8c01-8624c04366b1,d3478a0a-8513-4098-97d9-7693101f5121,,https://www.dspim.com/media/pages/mandatory-disclosures/portfolio-disclosures/e881e111e6-1757771553/dsp-isin-debt-portfolio-as-on-31st-july-2022.xlsx,file,xlsx,application/vnd.openxmlformats-officedocument.spreadsheetml.sheet,,1189574,,False,2026-08-20 18:51:25.311125+00:00,{}
a51b7550-f75f-4ef9-9527-8aa9b898d7ad,d3478a0a-8513-4098-97d9-7693101f5121,,https://www.dspim.com/media/pages/mandatory-disclosures/portfolio-disclosures/9dff6cec62-1757771553/dsp-isin-debt-portfolio-as-on-15th-april-2023.xlsx,file,xlsx,application/vnd.openxmlformats-officedocument.spreadsheetml.sheet,,1227124,,False,2026-08-20 18:51:25.813253+00:00,{}
4089515d-506d-4d5a-93ce-78263f048c37,d3478a0a-8513-4098-97d9-7693101f5121,,https://www.dspim.com/media/pages/mandatory-disclosures/portfolio-disclosures/6aa16cc3eb-1783255224/dsp-isin-debt-portfolio-as-on-30-jun-2026.xlsx,file,xlsx,application/vnd.openxmlformats-officedocument.spreadsheetml.sheet,,443056,,False,2026-08-20 18:51:26.396387+00:00,{}
ac533bde-f906-4719-adf3-0cfcb6177a4a,d3478a0a-8513-4098-97d9-7693101f5121,,https://www.dspim.com/media/pages/mandatory-disclosures/portfolio-disclosures/0e91cd2668-1757771553/dsp-isin-debt-portfolio-as-on-30th-jun-2023.xlsx,file,xlsx,application/vnd.openxmlformats-officedocument.spreadsheetml.sheet,,401276,,False,2026-08-20 18:51:27.180392+00:00,{}
a966dd7d-4bfb-4941-8f7a-21f5419747a3,d3478a0a-8513-4098-97d9-7693101f5121,,https://www.dspim.com/media/pages/mandatory-disclosures/portfolio-disclosures/c5b90e2240-1757771552/dsp-isin-debt-fortnightly-portfolio-as-on-15-jun-2024.xlsx,file,xlsx,application/vnd.openxmlformats-officedocument.spreadsheetml.sheet,,448699,,False,2026-08-20 18:51:27.688051+00:00,{}
5dc9636e-8682-4f55-8255-cee56d3472e5,d3478a0a-8513-4098-97d9-7693101f5121,,https://www.dspim.com/media/pages/mandatory-disclosures/portfolio-disclosures/f4d226a157-1757771553/dsp-isin-debt-portfolio-as-on-30th-april-2022.xlsx,file,xlsx,application/vnd.openxmlformats-officedocument.spreadsheetml.sheet,,1193501,,False,2026-08-20 18:51:28.284826+00:00,{}
7ef8e794-b174-477a-9f9c-fbef4665fb36,d3478a0a-8513-4098-97d9-7693101f5121,,https://www.dspim.com/media/pages/mandatory-disclosures/portfolio-disclosures/7123833275-1757771552/dsp-isin-debt-fortnightly-portfolio-as-on-15-jun-2025.xlsx,file,xlsx,application/vnd.openxmlformats-officedocument.spreadsheetml.sheet,,398912,,False,2026-08-20 18:51:28.729853+00:00,{}
2177e4fc-20bb-40bf-8775-4c9b6cf73e0a,d3478a0a-8513-4098-97d9-7693101f5121,,https://www.dspim.com/media/pages/mandatory-disclosures/portfolio-disclosures/e89133ab20-1779284364/dsp-isin-debt-fortnightly-portfolio-as-on-15-may-2026.zip,file,zip,application/zip,,684887,,False,2026-08-20 18:51:29.476890+00:00,{}
1403cf69-ea5d-44d2-9c8f-7b7a8e1d3a72,d3478a0a-8513-4098-97d9-7693101f5121,,https://www.dspim.com/media/pages/mandatory-disclosures/portfolio-disclosures/110097a835-1762344389/dsp-isin-debt-portfolio-as-on-31-oct-2025.xlsx,file,xlsx,application/vnd.openxmlformats-officedocument.spreadsheetml.sheet,,402687,,False,2026-08-20 18:51:30.253922+00:00,{}
1536b935-874a-4fac-ad26-17b50f1417b0,d3478a0a-8513-4098-97d9-7693101f5121,,https://www.invescomutualfund.com/docs/default-source/fortnightly-holdings/money-market2b3ffe07eee8616aaa28ff00007d74af.xlsx?sfvrsn=34d79fc2_0,file,xlsx,application/vnd.openxmlformats-officedocument.spreadsheetml.sheet,,123468,,False,2026-08-20 18:51:35.257970+00:00,{}
29bdd92f-c56b-43ac-9ec6-06b713675049,d3478a0a-8513-4098-97d9-7693101f5121,,https://www.invescomutualfund.com/docs/default-source/fortnightly-holdings/short-duration1340fe07eee8616aaa28ff00007d74af.xlsx?sfvrsn=1ca89fc2_0,file,xlsx,application/vnd.openxmlformats-officedocument.spreadsheetml.sheet,,119697,,False,2026-08-20 18:51:36.063552+00:00,{}
ecdd88fd-4d45-46c4-a79e-5278bb16fdf6,d3478a0a-8513-4098-97d9-7693101f5121,,https://www.invescomutualfund.com/docs/default-source/fortnightly-holdings/overnight-fundf03ffe07eee8616aaa28ff00007d74af.xlsx?sfvrsn=fbd79fc2_0,file,xlsx,application/vnd.openxmlformats-officedocument.spreadsheetml.sheet,,112642,,False,2026-08-20 18:51:36.712840+00:00,{}
57f46e51-e9e9-4bec-b5f9-f68c094f281a,f16d5306-4450-4394-880e-2048384f9029,,https://www.miraeassetmf.co.in/docs/default-source/portfolios/maonf_15082026.xlsx,file,xlsx,application/vnd.openxmlformats-officedocument.spreadsheetml.sheet,,351153,,False,2026-08-20 18:52:21.844257+00:00,{}
f52ff792-c7a2-4983-86d9-15292053f2bf,d3478a0a-8513-4098-97d9-7693101f5121,,https://www.invescomutualfund.com/docs/default-source/fortnightly-holdings/nifty-g-sec-jul-20279f3efe07eee8616aaa28ff00007d74af.xlsx?sfvrsn=88d69fc2_0,file,xlsx,application/vnd.openxmlformats-officedocument.spreadsheetml.sheet,,115987,,False,2026-08-20 18:51:37.379711+00:00,{}
f2a0a3c4-0e6f-438c-883a-8e5a56fe7a61,d3478a0a-8513-4098-97d9-7693101f5121,,https://www.invescomutualfund.com/docs/default-source/fortnightly-holdings/banking-and-psue53efe07eee8616aaa28ff00007d74af.xlsx?sfvrsn=ced69fc2_0,file,xlsx,application/vnd.openxmlformats-officedocument.spreadsheetml.sheet,,116269,,False,2026-08-20 18:51:37.920524+00:00,{}
5a6a5deb-8d67-4351-93b8-61e4bfe62cd9,d3478a0a-8513-4098-97d9-7693101f5121,,https://www.invescomutualfund.com/docs/default-source/fortnightly-holdings/credit-risk083ffe07eee8616aaa28ff00007d74af.xlsx?sfvrsn=13d79fc2_0,file,xlsx,application/vnd.openxmlformats-officedocument.spreadsheetml.sheet,,116967,,False,2026-08-20 18:51:38.611315+00:00,{}
0c7f8eb0-7b71-45b3-a721-7e850c7b3436,d3478a0a-8513-4098-97d9-7693101f5121,,https://www.invescomutualfund.com/docs/default-source/fortnightly-holdings/medium-durationaa3ffe07eee8616aaa28ff00007d74af.xlsx?sfvrsn=b5d79fc2_0,file,xlsx,application/vnd.openxmlformats-officedocument.spreadsheetml.sheet,,114353,,False,2026-08-20 18:51:39.203292+00:00,{}
73160bc1-6084-4b66-9df4-d9c25aca9089,d3478a0a-8513-4098-97d9-7693101f5121,,https://www.invescomutualfund.com/docs/default-source/fortnightly-holdings/liquid-fund763ffe07eee8616aaa28ff00007d74af.xlsx?sfvrsn=61d79fc2_0,file,xlsx,application/vnd.openxmlformats-officedocument.spreadsheetml.sheet,,126430,,False,2026-08-20 18:51:39.894587+00:00,{}
353a7aaf-a259-4c94-97b1-6964f2413a8f,d3478a0a-8513-4098-97d9-7693101f5121,,https://www.invescomutualfund.com/docs/default-source/fortnightly-holdings/gilt-fund4e3ffe07eee8616aaa28ff00007d74af.xlsx?sfvrsn=59d79fc2_0,file,xlsx,application/vnd.openxmlformats-officedocument.spreadsheetml.sheet,,113511,,False,2026-08-20 18:51:40.652819+00:00,{}
b69dcbe6-54b6-4bd0-b03e-9b621f3d9077,d3478a0a-8513-4098-97d9-7693101f5121,,https://www.invescomutualfund.com/docs/default-source/fortnightly-holdings/low-duration3640fe07eee8616aaa28ff00007d74af.xlsx?sfvrsn=21a89fc2_0,file,xlsx,application/vnd.openxmlformats-officedocument.spreadsheetml.sheet,,122147,,False,2026-08-20 18:51:41.257033+00:00,{}
65e82e43-f7c2-4965-99dc-7fff1dc7201e,d3478a0a-8513-4098-97d9-7693101f5121,,https://www.invescomutualfund.com/docs/default-source/fortnightly-holdings/ultra-short-durationcd3ffe07eee8616aaa28ff00007d74af.xlsx?sfvrsn=d6d79fc2_0,file,xlsx,application/vnd.openxmlformats-officedocument.spreadsheetml.sheet,,119673,,False,2026-08-20 18:51:42.054322+00:00,{}
2aedc5eb-bfdf-46fe-bc93-6cef59e9af49,d3478a0a-8513-4098-97d9-7693101f5121,,https://www.invescomutualfund.com/docs/default-source/fortnightly-holdings/corp-bondc23efe07eee8616aaa28ff00007d74af.xlsx?sfvrsn=add69fc2_0,file,xlsx,application/vnd.openxmlformats-officedocument.spreadsheetml.sheet,,121780,,False,2026-08-20 18:51:42.766141+00:00,{}
bce41a67-5a93-4b01-8743-4258a667badb,f16d5306-4450-4394-880e-2048384f9029,,https://www.miraeassetmf.co.in/docs/default-source/portfolios/ipafof_15082026.xlsx,file,xlsx,application/vnd.openxmlformats-officedocument.spreadsheetml.sheet,,369780,,False,2026-08-20 18:52:09.349900+00:00,{}
72555d4c-6265-4f62-a734-650c737cc2a0,f16d5306-4450-4394-880e-2048384f9029,,https://www.miraeassetmf.co.in/docs/default-source/portfolios/macif_15082026.xlsx,file,xlsx,application/vnd.openxmlformats-officedocument.spreadsheetml.sheet,,386522,,False,2026-08-20 18:52:09.809887+00:00,{}
4ddba18f-a883-4fec-b40a-486360bbab73,f16d5306-4450-4394-880e-2048384f9029,,https://www.miraeassetmf.co.in/docs/default-source/portfolios/evetf-july2026.xlsx,file,xlsx,application/vnd.openxmlformats-officedocument.spreadsheetml.sheet,,142208,,False,2026-08-20 18:52:10.262119+00:00,{}
60e5b203-fbff-433c-a316-bc8e1157a843,f16d5306-4450-4394-880e-2048384f9029,,https://www.miraeassetmf.co.in/docs/default-source/portfolios/mascf-july2026.xlsx,file,xlsx,application/vnd.openxmlformats-officedocument.spreadsheetml.sheet,,355800,,False,2026-08-20 18:52:10.850739+00:00,{}
ff2dca5a-3936-4305-a9ed-ffbf42f467cd,f16d5306-4450-4394-880e-2048384f9029,,https://www.miraeassetmf.co.in/docs/default-source/portfolios/mabpf-july2026.xlsx,file,xlsx,application/vnd.openxmlformats-officedocument.spreadsheetml.sheet,,434565,,False,2026-08-20 18:52:11.442282+00:00,{}
a61caa76-38bd-494e-ae1b-be6c1a7f00f6,f16d5306-4450-4394-880e-2048384f9029,,https://www.miraeassetmf.co.in/docs/default-source/portfolios/milpf_15082026.xlsx,file,xlsx,application/vnd.openxmlformats-officedocument.spreadsheetml.sheet,,397127,,False,2026-08-20 18:52:11.950188+00:00,{}
26452344-3750-4697-b7ed-3003d714fe9f,f16d5306-4450-4394-880e-2048384f9029,,https://www.miraeassetmf.co.in/docs/default-source/portfolios/multietf-july2026.xlsx,file,xlsx,application/vnd.openxmlformats-officedocument.spreadsheetml.sheet,,176403,,False,2026-08-20 18:52:12.605893+00:00,{}
05cd9b91-c398-430e-abe2-b93c963323d3,f16d5306-4450-4394-880e-2048384f9029,,https://www.miraeassetmf.co.in/docs/default-source/portfolios/912ibxfs_15082026.xlsx,file,xlsx,application/vnd.openxmlformats-officedocument.spreadsheetml.sheet,,421843,,False,2026-08-20 18:52:14.982494+00:00,{}
4f650416-708a-4714-836f-ab576f8ba84d,f16d5306-4450-4394-880e-2048384f9029,,https://www.miraeassetmf.co.in/docs/default-source/portfolios/manjf_15082026.xlsx,file,xlsx,application/vnd.openxmlformats-officedocument.spreadsheetml.sheet,,358632,,False,2026-08-20 18:52:15.547977+00:00,{}
dd1c3b78-f2dc-469b-9c35-6becb5bad43e,f16d5306-4450-4394-880e-2048384f9029,,https://www.miraeassetmf.co.in/docs/default-source/portfolios/mammf_15082026.xlsx,file,xlsx,application/vnd.openxmlformats-officedocument.spreadsheetml.sheet,,354400,,False,2026-08-20 18:52:16.490260+00:00,{}
f4a21e83-6e20-434d-ac90-d68b6de31d74,f16d5306-4450-4394-880e-2048384f9029,,https://www.miraeassetmf.co.in/docs/default-source/portfolios/alpha-july2026.xlsx,file,xlsx,application/vnd.openxmlformats-officedocument.spreadsheetml.sheet,,138805,,False,2026-08-20 18:52:17.180064+00:00,{}
22113c1d-99aa-4759-adc7-7cd0aeecc913,f16d5306-4450-4394-880e-2048384f9029,,https://www.miraeassetmf.co.in/docs/default-source/portfolios/maspf-july2026.xlsx,file,xlsx,application/vnd.openxmlformats-officedocument.spreadsheetml.sheet,,129407,,False,2026-08-20 18:52:17.606870+00:00,{}
dd3f3e56-64be-4d3c-bbbb-e19f2388a533,f16d5306-4450-4394-880e-2048384f9029,,https://www.miraeassetmf.co.in/docs/default-source/portfolios/mnsfof-july2026.xlsx,file,xlsx,application/vnd.openxmlformats-officedocument.spreadsheetml.sheet,,135886,,False,2026-08-20 18:52:18.128562+00:00,{}
308fafc5-5602-4c8f-ac25-46c5c8868ab5,f16d5306-4450-4394-880e-2048384f9029,,https://www.miraeassetmf.co.in/docs/default-source/portfolios/masef-july2026.xlsx,file,xlsx,application/vnd.openxmlformats-officedocument.spreadsheetml.sheet,,128443,,False,2026-08-20 18:52:18.692720+00:00,{}
17975447-bed6-4e2f-b296-793e157eee70,f16d5306-4450-4394-880e-2048384f9029,,https://www.miraeassetmf.co.in/docs/default-source/portfolios/1dgrowth_15082026.xlsx,file,xlsx,application/vnd.openxmlformats-officedocument.spreadsheetml.sheet,,437089,,False,2026-08-20 18:52:19.182823+00:00,{}
dd0284f6-059e-41f0-8675-23863fecda38,f16d5306-4450-4394-880e-2048384f9029,,https://www.miraeassetmf.co.in/docs/default-source/portfolios/mausf_15082026.xlsx,file,xlsx,application/vnd.openxmlformats-officedocument.spreadsheetml.sheet,,395984,,False,2026-08-20 18:52:19.748040+00:00,{}
8c9a868c-42c6-4d1e-82b6-fef4952ecfc4,f16d5306-4450-4394-880e-2048384f9029,,https://www.miraeassetmf.co.in/docs/default-source/portfolios/mdbf-july2026.xlsx,file,xlsx,application/vnd.openxmlformats-officedocument.spreadsheetml.sheet,,390692,,False,2026-08-20 18:52:20.314253+00:00,{}
9bf10a02-8cfe-4a70-9988-038f744a65aa,f16d5306-4450-4394-880e-2048384f9029,,https://www.miraeassetmf.co.in/docs/default-source/portfolios/maff-july2026.xlsx,file,xlsx,application/vnd.openxmlformats-officedocument.spreadsheetml.sheet,,377000,,False,2026-08-20 18:52:20.902725+00:00,{}
dfde7038-8a63-4003-a480-98b7145b4e78,f16d5306-4450-4394-880e-2048384f9029,,https://www.miraeassetmf.co.in/docs/default-source/portfolios/mdbf_15082026.xlsx,file,xlsx,application/vnd.openxmlformats-officedocument.spreadsheetml.sheet,,381533,,False,2026-08-20 18:52:21.388962+00:00,{}
634f6bc1-506d-41d2-885c-39e78ad59c29,f16d5306-4450-4394-880e-2048384f9029,,https://www.dspim.com/media/pages/mandatory-disclosures/portfolio-disclosures/f4d226a157-1757771553/dsp-isin-debt-portfolio-as-on-30th-april-2022.xlsx,file,xlsx,application/vnd.openxmlformats-officedocument.spreadsheetml.sheet,,1193501,,False,2026-08-20 18:52:22.893923+00:00,{}
b105cda2-52f5-4fd9-b2f0-95d8b3fbcd4b,f16d5306-4450-4394-880e-2048384f9029,,https://www.dspim.com/media/pages/mandatory-disclosures/portfolio-disclosures/e881e111e6-1757771553/dsp-isin-debt-portfolio-as-on-31st-july-2022.xlsx,file,xlsx,application/vnd.openxmlformats-officedocument.spreadsheetml.sheet,,1189574,,False,2026-08-20 18:52:23.410528+00:00,{}
4ad29e57-0dbb-43c9-a683-e962ff9c592d,f16d5306-4450-4394-880e-2048384f9029,,https://www.dspim.com/media/pages/mandatory-disclosures/portfolio-disclosures/781ca66c7f-1757771553/dsp-isin-debt-portfolio-as-on-15th-november-2022.xlsx,file,xlsx,application/vnd.openxmlformats-officedocument.spreadsheetml.sheet,,1195389,,False,2026-08-20 18:52:23.929944+00:00,{}
ab12a270-60e2-4161-a3dd-036d833c5433,f16d5306-4450-4394-880e-2048384f9029,,https://www.dspim.com/media/pages/mandatory-disclosures/portfolio-disclosures/83ca0f52f4-1757771554/dsp-isin-portfolio-all-debt.xlsx,file,xlsx,application/vnd.openxmlformats-officedocument.spreadsheetml.sheet,,138424,,False,2026-08-20 18:52:24.417705+00:00,{}
d40dfdef-2128-42a0-ae1c-34a35bea1e26,f16d5306-4450-4394-880e-2048384f9029,,https://www.dspim.com/media/pages/mandatory-disclosures/portfolio-disclosures/ff3acb2cc7-1757771552/dsp-debt-isin-portfolio-15th-september-2021.xlsx,file,xlsx,application/vnd.openxmlformats-officedocument.spreadsheetml.sheet,,82306,,False,2026-08-20 18:52:24.847323+00:00,{}
ec609a6a-09a9-46b8-ba1b-2b298917df41,f16d5306-4450-4394-880e-2048384f9029,,https://www.dspim.com/media/pages/mandatory-disclosures/portfolio-disclosures/6c3816c53b-1757771552/dsp-isin-debt-portfolio-as-on-15th-april-2022.xlsx,file,xlsx,application/vnd.openxmlformats-officedocument.spreadsheetml.sheet,,1169376,,False,2026-08-20 18:52:25.360644+00:00,{}
9045bf03-8cf7-4ff2-b0d0-4d75b93aba22,f16d5306-4450-4394-880e-2048384f9029,,https://www.dspim.com/media/pages/mandatory-disclosures/portfolio-disclosures/608ad706b4-1760787868/dsp-isin-debt-fortnightly-portfolio-as-on-15-oct-2025.xlsx,file,xlsx,application/vnd.openxmlformats-officedocument.spreadsheetml.sheet,,401611,,False,2026-08-20 18:52:25.902358+00:00,{}
fa4cfbdc-a28a-4968-a995-bdf9d97ab644,f16d5306-4450-4394-880e-2048384f9029,,https://www.dspim.com/media/pages/mandatory-disclosures/portfolio-disclosures/194377cdad-1781093278/dsp-isin-debt-portfolio-as-on-31-may-2026.zip,file,zip,application/zip,,935275,,False,2026-08-20 18:52:33.530387+00:00,{}
b014e930-1b5e-498e-8ca1-de3a4064d425,f16d5306-4450-4394-880e-2048384f9029,,https://www.dspim.com/media/pages/mandatory-disclosures/portfolio-disclosures/74fa813248-1757771552/dsp-isin-debt-fortnightly-portfolio-as-on-15-jul-2024.xlsx,file,xlsx,application/vnd.openxmlformats-officedocument.spreadsheetml.sheet,,457203,,False,2026-08-20 18:52:34.311630+00:00,{}
b291590c-9ad3-4bc0-8fb1-94f76a84a046,f16d5306-4450-4394-880e-2048384f9029,,https://www.dspim.com/media/pages/mandatory-disclosures/portfolio-disclosures/c9cc1ba060-1757771552/dsp-debt-isin-portfolio-15th-august-2021.xlsx,file,xlsx,application/vnd.openxmlformats-officedocument.spreadsheetml.sheet,,80432,,False,2026-08-20 18:52:34.944840+00:00,{}
bf5dc33f-24f6-40d6-a346-93f977d56ced,f16d5306-4450-4394-880e-2048384f9029,,https://www.dspim.com/media/pages/mandatory-disclosures/portfolio-disclosures/ebb47fd11b-1757771552/dsp-debt-isin-portfolio-15th-december-2021.xlsx,file,xlsx,application/vnd.openxmlformats-officedocument.spreadsheetml.sheet,,1297967,,False,2026-08-20 18:52:35.323765+00:00,{}
39284775-54c4-4b5b-952f-58410400df3c,f16d5306-4450-4394-880e-2048384f9029,,https://www.dspim.com/media/pages/mandatory-disclosures/portfolio-disclosures/fe4d6f9fff-1757771553/dsp-isin-debt-portfolio-as-on-15th-february-2023.xlsx,file,xlsx,application/vnd.openxmlformats-officedocument.spreadsheetml.sheet,,1222329,,False,2026-08-20 18:52:35.818268+00:00,{}
977bd024-4ccb-4771-a92f-46f5eba09923,f16d5306-4450-4394-880e-2048384f9029,,https://www.dspim.com/media/pages/mandatory-disclosures/portfolio-disclosures/43b253e246-1757771552/dsp-isin-debt-fortnightly-portfolio-as-on-31-may-2025.xlsx,file,xlsx,application/vnd.openxmlformats-officedocument.spreadsheetml.sheet,,397148,,False,2026-08-20 18:52:36.355524+00:00,{}
d7880974-2c66-48b8-ad62-071c727ffd4c,f16d5306-4450-4394-880e-2048384f9029,,https://www.dspim.com/media/pages/mandatory-disclosures/portfolio-disclosures/b9e89cc6b5-1757771552/dsp-isin-debt-portfolio-28th-feb-2022.xlsx,file,xlsx,application/vnd.openxmlformats-officedocument.spreadsheetml.sheet,,1178653,,False,2026-08-20 18:52:37.066950+00:00,{}
54e2c4d3-8bc1-442f-85b6-348470a1b0e1,f16d5306-4450-4394-880e-2048384f9029,,https://www.dspim.com/media/pages/mandatory-disclosures/portfolio-disclosures/a86aff42fd-1757771552/dsp-debt-isin-portfolio-31st-july-2021.xlsx,file,xlsx,application/vnd.openxmlformats-officedocument.spreadsheetml.sheet,,82442,,False,2026-08-20 18:52:37.420247+00:00,{}
fdf55065-304b-4195-a3c7-9983d35d86ee,f16d5306-4450-4394-880e-2048384f9029,,https://www.dspim.com/media/pages/mandatory-disclosures/portfolio-disclosures/6cb547261f-1757771553/dsp-isin-debt-portfolio-15th-march-2022.xlsx,file,xlsx,application/vnd.openxmlformats-officedocument.spreadsheetml.sheet,,1176865,,False,2026-08-20 18:52:37.932877+00:00,{}
c25f2975-2ace-494f-94e2-1e95bdbf53ee,f16d5306-4450-4394-880e-2048384f9029,,https://www.dspim.com/media/pages/mandatory-disclosures/portfolio-disclosures/a7c51fe7a2-1757771553/dsp-isin-debt-portfolio-as-on-31-jul-2025.xlsx,file,xlsx,application/vnd.openxmlformats-officedocument.spreadsheetml.sheet,,401199,,False,2026-08-20 18:52:38.453423+00:00,{}
e9d59c51-2904-4874-a4a2-f36760f049a7,f16d5306-4450-4394-880e-2048384f9029,,https://www.dspim.com/media/pages/mandatory-disclosures/portfolio-disclosures/6135f65526-1757771554/dsp-isin-debt-portfolio-as-on-31st-march-2022.xlsx,file,xlsx,application/vnd.openxmlformats-officedocument.spreadsheetml.sheet,,1115365,,False,2026-08-20 18:52:39.137753+00:00,{}
12a99bdb-3bd9-4824-b4a2-66ab3d534ad4,f16d5306-4450-4394-880e-2048384f9029,,https://www.dspim.com/media/pages/mandatory-disclosures/portfolio-disclosures/0b4fcbd151-1757771554/dsp-isin-debt-portfolio-fortnightly-as-on-mar-2024.xlsx,file,xlsx,application/vnd.openxmlformats-officedocument.spreadsheetml.sheet,,408535,,False,2026-08-20 18:52:39.593733+00:00,{}
0df8a7d8-8435-4f59-9799-29f12f27dafc,f16d5306-4450-4394-880e-2048384f9029,,https://www.dspim.com/media/pages/mandatory-disclosures/portfolio-disclosures/094df8a29c-1759679519/dsp-isin-debt-portfolio-as-on-30-sep-2025.xlsx,file,xlsx,application/vnd.openxmlformats-officedocument.spreadsheetml.sheet,,398390,,False,2026-08-20 18:52:40.162890+00:00,{}
8ed50de9-01e5-4559-9f53-fd5a38a48e76,f16d5306-4450-4394-880e-2048384f9029,,https://www.invescomutualfund.com/docs/default-source/fortnightly-holdings/nifty-g-sec-jul-20279f3efe07eee8616aaa28ff00007d74af.xlsx?sfvrsn=88d69fc2_0,file,xlsx,application/vnd.openxmlformats-officedocument.spreadsheetml.sheet,,115987,,False,2026-08-20 18:52:45.518621+00:00,{}
69fcf153-075f-47f8-ab97-8418f419f628,f16d5306-4450-4394-880e-2048384f9029,,https://www.invescomutualfund.com/docs/default-source/fortnightly-holdings/low-duration3640fe07eee8616aaa28ff00007d74af.xlsx?sfvrsn=21a89fc2_0,file,xlsx,application/vnd.openxmlformats-officedocument.spreadsheetml.sheet,,122147,,False,2026-08-20 18:52:46.066738+00:00,{}
a1394e67-cff2-41e5-b00c-56f48ee238de,f16d5306-4450-4394-880e-2048384f9029,,https://www.invescomutualfund.com/docs/default-source/fortnightly-holdings/credit-risk083ffe07eee8616aaa28ff00007d74af.xlsx?sfvrsn=13d79fc2_0,file,xlsx,application/vnd.openxmlformats-officedocument.spreadsheetml.sheet,,116967,,False,2026-08-20 18:52:46.802929+00:00,{}
33313ea0-3096-468f-8091-040a14e8b6b6,f16d5306-4450-4394-880e-2048384f9029,,https://www.invescomutualfund.com/docs/default-source/fortnightly-holdings/money-market2b3ffe07eee8616aaa28ff00007d74af.xlsx?sfvrsn=34d79fc2_0,file,xlsx,application/vnd.openxmlformats-officedocument.spreadsheetml.sheet,,123468,,False,2026-08-20 18:52:47.436838+00:00,{}
131cdb06-2500-468d-810c-2bf25169c2af,fd115007-9c03-4af8-b613-747f1ef177a6,,https://mutualfund.adityabirlacapital.com/-/media/bsl/files/resources/portfolio/portfolio-as-of-22-jun-2026-debt.zip,file,zip,application/x-zip-compressed,,39005,,False,2026-08-20 22:56:30.145317+00:00,{}
6e80db7f-9d86-477e-9378-434be567299d,f16d5306-4450-4394-880e-2048384f9029,,https://www.invescomutualfund.com/docs/default-source/fortnightly-holdings/short-duration1340fe07eee8616aaa28ff00007d74af.xlsx?sfvrsn=1ca89fc2_0,file,xlsx,application/vnd.openxmlformats-officedocument.spreadsheetml.sheet,,119697,,False,2026-08-20 18:52:48.144590+00:00,{}
2b950710-4d30-48de-9e2e-7268b08e28d0,f16d5306-4450-4394-880e-2048384f9029,,https://www.invescomutualfund.com/docs/default-source/fortnightly-holdings/corp-bondc23efe07eee8616aaa28ff00007d74af.xlsx?sfvrsn=add69fc2_0,file,xlsx,application/vnd.openxmlformats-officedocument.spreadsheetml.sheet,,121780,,False,2026-08-20 18:52:48.865641+00:00,{}
a4c51f36-959d-4864-93ba-1530078b155e,f16d5306-4450-4394-880e-2048384f9029,,https://www.invescomutualfund.com/docs/default-source/fortnightly-holdings/ultra-short-durationcd3ffe07eee8616aaa28ff00007d74af.xlsx?sfvrsn=d6d79fc2_0,file,xlsx,application/vnd.openxmlformats-officedocument.spreadsheetml.sheet,,119673,,False,2026-08-20 18:52:49.762992+00:00,{}
0de74290-aa89-47c4-b71e-d0af466bc813,f16d5306-4450-4394-880e-2048384f9029,,https://www.invescomutualfund.com/docs/default-source/fortnightly-holdings/medium-durationaa3ffe07eee8616aaa28ff00007d74af.xlsx?sfvrsn=b5d79fc2_0,file,xlsx,application/vnd.openxmlformats-officedocument.spreadsheetml.sheet,,114353,,False,2026-08-20 18:52:50.428161+00:00,{}
d7ba9243-9db5-4efe-b273-12f1613ee950,f16d5306-4450-4394-880e-2048384f9029,,https://www.invescomutualfund.com/docs/default-source/fortnightly-holdings/liquid-fund763ffe07eee8616aaa28ff00007d74af.xlsx?sfvrsn=61d79fc2_0,file,xlsx,application/vnd.openxmlformats-officedocument.spreadsheetml.sheet,,126430,,False,2026-08-20 18:52:51.051804+00:00,{}
5e0b0d49-2e9b-4410-aeb5-7ab7c78f47e6,f16d5306-4450-4394-880e-2048384f9029,,https://www.invescomutualfund.com/docs/default-source/fortnightly-holdings/overnight-fundf03ffe07eee8616aaa28ff00007d74af.xlsx?sfvrsn=fbd79fc2_0,file,xlsx,application/vnd.openxmlformats-officedocument.spreadsheetml.sheet,,112642,,False,2026-08-20 18:52:51.960905+00:00,{}
1c2cbeed-f9e2-49cc-85d6-3ccccb1cf2fc,f16d5306-4450-4394-880e-2048384f9029,,https://www.invescomutualfund.com/docs/default-source/fortnightly-holdings/banking-and-psue53efe07eee8616aaa28ff00007d74af.xlsx?sfvrsn=ced69fc2_0,file,xlsx,application/vnd.openxmlformats-officedocument.spreadsheetml.sheet,,116269,,False,2026-08-20 18:52:52.611176+00:00,{}
f81f6a36-68a4-481c-b942-c315f6c4a998,f16d5306-4450-4394-880e-2048384f9029,,https://www.invescomutualfund.com/docs/default-source/fortnightly-holdings/gilt-fund4e3ffe07eee8616aaa28ff00007d74af.xlsx?sfvrsn=59d79fc2_0,file,xlsx,application/vnd.openxmlformats-officedocument.spreadsheetml.sheet,,113511,,False,2026-08-20 18:52:53.189641+00:00,{}
199f6431-becc-40eb-a43c-a9476a266483,31ed6359-9c37-4074-8d2b-a9bf79740a8d,,https://www.icicipruamc.com/blob/downloads/Files/Fortnightly%20Portfolio%20Disclosures/2026/Fortnightly%20Debt%20Scheme%20Portfolio%20-%2015th%20August%202026.zip,file,zip,application/x-zip-compressed,,5458494,,False,2026-08-20 18:53:51.173938+00:00,{}
f6671119-fe6b-4b92-83fa-9c3b5ece2edb,31ed6359-9c37-4074-8d2b-a9bf79740a8d,,https://www.icicipruamc.com/blob/downloads/Files/Fortnightly%20Portfolio%20Disclosures/2026/Fortnightly%20Debt%20Scheme%20Portfolio%20-%2031st%20July%202026.zip,file,zip,application/x-zip-compressed,,5456949,,False,2026-08-20 18:53:59.933719+00:00,{}
baec68f1-9e97-4a19-96eb-b9aec506f365,31ed6359-9c37-4074-8d2b-a9bf79740a8d,,https://www.icicipruamc.com/blob/downloads/Files/Fortnightly%20Portfolio%20Disclosures/2026/Fortnightly%20Debt%20Scheme%20Portfolio%20-%2015th%20July%202026.zip,file,zip,application/x-zip-compressed,,5462046,,False,2026-08-20 18:54:08.235562+00:00,{}
26f75aec-3420-4094-9460-d9c50629e920,31ed6359-9c37-4074-8d2b-a9bf79740a8d,,https://www.icicipruamc.com/blob/downloads/Files/Fortnightly%20Portfolio%20Disclosures/2026/Fortnightly%20Debt%20Scheme%20Portfolio%20-%2030th%20June%202026.zip,file,zip,application/x-zip-compressed,,5467143,,False,2026-08-20 18:54:16.767808+00:00,{}
eab81de9-e13f-488d-965b-e729cc621c24,31ed6359-9c37-4074-8d2b-a9bf79740a8d,,https://www.icicipruamc.com/blob/downloads/Files/Fortnightly%20Portfolio%20Disclosures/2026/Fortnightly%20Debt%20Scheme%20Portfolio%20-%2015th%20June%202026.zip,file,zip,application/x-zip-compressed,,5444934,,False,2026-08-20 18:54:25.129833+00:00,{}
289e36b0-5b0c-4a6b-94aa-4a2c5ad406fd,31ed6359-9c37-4074-8d2b-a9bf79740a8d,,https://www.icicipruamc.com/blob/downloads/Files/Fortnightly%20Portfolio%20Disclosures/2026/Fortnightly%20Debt%20Scheme%20Portfolio%20-%2031st%20May%202026.zip,file,zip,application/x-zip-compressed,,5371543,,False,2026-08-20 18:54:33.506814+00:00,{}
2b4fbde3-d083-410f-bfb7-b273f4da93b7,31ed6359-9c37-4074-8d2b-a9bf79740a8d,,https://www.icicipruamc.com/blob/downloads/Files/Fortnightly%20Portfolio%20Disclosures/2026/Fortnightly%20Debt%20Scheme%20Portfolio%20-%2015th%20May%202026.zip,file,zip,application/x-zip-compressed,,5345229,,False,2026-08-20 18:54:41.871524+00:00,{}
7e5832c1-33e6-4e69-8bf9-1553ea3d46cd,31ed6359-9c37-4074-8d2b-a9bf79740a8d,,https://www.icicipruamc.com/blob/downloads/Files/Fortnightly%20Portfolio%20Disclosures/2026/Fortnightly%20Debt%20Scheme%20Portfolio%20-%2030th%20April%202026.zip,file,zip,application/x-zip-compressed,,5420793,,False,2026-08-20 18:54:50.772432+00:00,{}
1952a6b4-5e04-482d-bdb4-6b9d564232fa,31ed6359-9c37-4074-8d2b-a9bf79740a8d,,https://www.icicipruamc.com/blob/downloads/Files/Fortnightly%20Portfolio%20Disclosures/2026/Fortnightly%20Debt%20Scheme%20Portfolio%20-%2015th%20April%202026.zip,file,zip,application/x-zip-compressed,,565711,,False,2026-08-20 18:54:59.172067+00:00,{}
e1e688c6-a9c2-4cf8-bdfa-d0ffb405f83f,31ed6359-9c37-4074-8d2b-a9bf79740a8d,,https://www.icicipruamc.com/blob/downloads/Files/Fortnightly%20Portfolio%20Disclosures/2026/Fortnightly%20Debt%20Scheme%20Portfolio%20-%2031st%20March%202026.zip,file,zip,application/x-zip-compressed,,476182,,False,2026-08-20 18:55:08.424877+00:00,{}
9ef0a4f6-38b4-4c33-b80d-def7f77da0df,31ed6359-9c37-4074-8d2b-a9bf79740a8d,,https://www.icicipruamc.com/blob/downloads/Files/Fortnightly%20Portfolio%20Disclosures/2026/Fortnightly%20Debt%20Scheme%20Portfolio%20-%2015th%20March%202026.zip,file,zip,application/x-zip-compressed,,471285,,False,2026-08-20 18:55:15.970120+00:00,{}
a6c68403-f83b-4f7c-a46e-9e1fe49f0fc9,31ed6359-9c37-4074-8d2b-a9bf79740a8d,,https://www.icicipruamc.com/blob/downloads/Files/Fortnightly%20Portfolio%20Disclosures/2026/Fortnightly%20Debt%20Scheme%20Portfolio%20-%2028th%20February%202026.zip,file,zip,application/x-zip-compressed,,480308,,False,2026-08-20 18:55:23.777155+00:00,{}
d9cf4846-9c4c-468b-8475-b5bf2c423225,31ed6359-9c37-4074-8d2b-a9bf79740a8d,,https://www.icicipruamc.com/blob/downloads/Files/Fortnightly%20Portfolio%20Disclosures/2026/Fortnightly%20Debt%20Scheme%20Portfolio%20-%2015th%20February%202026.zip,file,zip,application/x-zip-compressed,,476177,,False,2026-08-20 18:55:31.904182+00:00,{}
8cc3419d-0c45-49fb-b72c-7f10c3881070,31ed6359-9c37-4074-8d2b-a9bf79740a8d,,https://www.icicipruamc.com/blob/downloads/Files/Fortnightly%20Portfolio%20Disclosures/2026/Fortnightly%20Debt%20Scheme%20Portfolio%20-%2031st%20January%202026.zip,file,zip,application/x-zip-compressed,,477034,,False,2026-08-20 18:55:39.780637+00:00,{}
5fa231b2-f7b4-4e87-a2f2-3e791fa60dbc,31ed6359-9c37-4074-8d2b-a9bf79740a8d,,https://www.icicipruamc.com/blob/downloads/Files/Fortnightly%20Portfolio%20Disclosures/2026/Fortnightly%20Debt%20Scheme%20Portfolio%20-%2015th%20January%202026.zip,file,zip,application/x-zip-compressed,,474869,,False,2026-08-20 18:55:47.706970+00:00,{}
8d3eb974-afd2-4d65-ac7b-bfcf49417b71,31ed6359-9c37-4074-8d2b-a9bf79740a8d,,https://www.icicipruamc.com/blob/downloads/Files/Fortnightly%20Portfolio%20Disclosures/2025/Fortnightly%20Debt%20Scheme%20Portfolio%20-%2031st%20December%202025.zip,file,zip,application/x-zip-compressed,,481937,,False,2026-08-20 18:55:55.550501+00:00,{}
9c33dcc6-9404-4203-8e10-3c5007c8e8c3,31ed6359-9c37-4074-8d2b-a9bf79740a8d,,https://www.icicipruamc.com/blob/downloads/Files/Fortnightly%20Portfolio%20Disclosures/2025/Fortnightly%20Debt%20Scheme%20Portfolio%20-%2015th%20December%202025.zip,file,zip,application/x-zip-compressed,,489778,,False,2026-08-20 18:56:03.840190+00:00,{}
32befe95-fb45-4449-8a1c-a0f690f74dbe,31ed6359-9c37-4074-8d2b-a9bf79740a8d,,https://www.icicipruamc.com/blob/downloads/Files/Fortnightly%20Portfolio%20Disclosures/2025/Fortnightly%20Debt%20Scheme%20Portfolio%20-%2030th%20November%202025.zip,file,zip,application/x-zip-compressed,,488076,,False,2026-08-20 18:56:12.302251+00:00,{}
6233304c-12f4-4c76-bee9-e5443b2ad5f5,31ed6359-9c37-4074-8d2b-a9bf79740a8d,,https://www.icicipruamc.com/blob/downloads/Files/Fortnightly%20Portfolio%20Disclosures/2025/Fortnightly%20Debt%20Scheme%20Portfolio%20-%2015th%20November%202025.zip,file,zip,application/x-zip-compressed,,488832,,False,2026-08-20 18:56:20.966368+00:00,{}
3313cc48-36d3-4877-ae6c-e99af577cdf0,31ed6359-9c37-4074-8d2b-a9bf79740a8d,,https://www.icicipruamc.com/blob/downloads/Files/Fortnightly%20Portfolio%20Disclosures/2025/Fortnightly%20Debt%20Scheme%20Portfolio%20-%2031st%20October%202025.zip,file,zip,application/x-zip-compressed,,478858,,False,2026-08-20 18:56:29.884496+00:00,{}
f1a10fd5-c8d7-497c-9a5d-22f02600031f,31ed6359-9c37-4074-8d2b-a9bf79740a8d,,https://www.icicipruamc.com/blob/downloads/Files/Fortnightly%20Portfolio%20Disclosures/2026/Fortnightly%20Debt%20Scheme%20Portfolio%20-%2015th%20August%202026.zip,file,zip,application/x-zip-compressed,,5458494,,False,2026-08-20 18:56:40.969891+00:00,{}
7a4e17c5-6710-42be-9b7a-976d96ab9508,31ed6359-9c37-4074-8d2b-a9bf79740a8d,,https://www.icicipruamc.com/blob/downloads/Files/Fortnightly%20Portfolio%20Disclosures/2026/Fortnightly%20Debt%20Scheme%20Portfolio%20-%2031st%20July%202026.zip,file,zip,application/x-zip-compressed,,5456949,,False,2026-08-20 18:56:54.514691+00:00,{}
7393e50a-d276-4fb1-a406-02c9a53bd2dc,31ed6359-9c37-4074-8d2b-a9bf79740a8d,,https://www.icicipruamc.com/blob/downloads/Files/Fortnightly%20Portfolio%20Disclosures/2026/Fortnightly%20Debt%20Scheme%20Portfolio%20-%2015th%20July%202026.zip,file,zip,application/x-zip-compressed,,5462046,,False,2026-08-20 18:57:06.157952+00:00,{}
8f33a723-63a5-432a-a75a-b834f2651f46,31ed6359-9c37-4074-8d2b-a9bf79740a8d,,https://www.icicipruamc.com/blob/downloads/Files/Fortnightly%20Portfolio%20Disclosures/2026/Fortnightly%20Debt%20Scheme%20Portfolio%20-%2030th%20June%202026.zip,file,zip,application/x-zip-compressed,,5467143,,False,2026-08-20 18:57:18.853106+00:00,{}
6280869a-af3e-4f9f-818f-ec823ace0576,31ed6359-9c37-4074-8d2b-a9bf79740a8d,,https://www.icicipruamc.com/blob/downloads/Files/Fortnightly%20Portfolio%20Disclosures/2026/Fortnightly%20Debt%20Scheme%20Portfolio%20-%2015th%20June%202026.zip,file,zip,application/x-zip-compressed,,5444934,,False,2026-08-20 18:57:31.753357+00:00,{}
a9b80a25-0620-499a-b2dd-c8e720360045,31ed6359-9c37-4074-8d2b-a9bf79740a8d,,https://www.icicipruamc.com/blob/downloads/Files/Fortnightly%20Portfolio%20Disclosures/2026/Fortnightly%20Debt%20Scheme%20Portfolio%20-%2031st%20May%202026.zip,file,zip,application/x-zip-compressed,,5371543,,False,2026-08-20 18:57:44.808484+00:00,{}
c377573d-275b-41fd-af7c-935e4fbc65f1,31ed6359-9c37-4074-8d2b-a9bf79740a8d,,https://www.icicipruamc.com/blob/downloads/Files/Fortnightly%20Portfolio%20Disclosures/2026/Fortnightly%20Debt%20Scheme%20Portfolio%20-%2015th%20May%202026.zip,file,zip,application/x-zip-compressed,,5345229,,False,2026-08-20 18:57:58.225613+00:00,{}
fd1e392b-d453-4b50-8430-8bff06e52d1e,31ed6359-9c37-4074-8d2b-a9bf79740a8d,,https://www.icicipruamc.com/blob/downloads/Files/Fortnightly%20Portfolio%20Disclosures/2026/Fortnightly%20Debt%20Scheme%20Portfolio%20-%2030th%20April%202026.zip,file,zip,application/x-zip-compressed,,5420793,,False,2026-08-20 18:58:11.619531+00:00,{}
da7291ce-0276-4535-a8fd-be3551267b40,31ed6359-9c37-4074-8d2b-a9bf79740a8d,,https://www.icicipruamc.com/blob/downloads/Files/Fortnightly%20Portfolio%20Disclosures/2026/Fortnightly%20Debt%20Scheme%20Portfolio%20-%2015th%20April%202026.zip,file,zip,application/x-zip-compressed,,565711,,False,2026-08-20 18:58:23.653513+00:00,{}
9425a47e-6783-4f45-a656-8fe7925564a0,31ed6359-9c37-4074-8d2b-a9bf79740a8d,,https://www.icicipruamc.com/blob/downloads/Files/Fortnightly%20Portfolio%20Disclosures/2026/Fortnightly%20Debt%20Scheme%20Portfolio%20-%2031st%20March%202026.zip,file,zip,application/x-zip-compressed,,476182,,False,2026-08-20 18:58:35.420976+00:00,{}
6e64f48e-422c-4d16-8f1a-e269f01e9714,31ed6359-9c37-4074-8d2b-a9bf79740a8d,,https://www.icicipruamc.com/blob/downloads/Files/Fortnightly%20Portfolio%20Disclosures/2026/Fortnightly%20Debt%20Scheme%20Portfolio%20-%2015th%20March%202026.zip,file,zip,application/x-zip-compressed,,471285,,False,2026-08-20 18:58:45.984532+00:00,{}
e188c858-6a42-48b2-99d0-de180eaa47cb,31ed6359-9c37-4074-8d2b-a9bf79740a8d,,https://www.icicipruamc.com/blob/downloads/Files/Fortnightly%20Portfolio%20Disclosures/2026/Fortnightly%20Debt%20Scheme%20Portfolio%20-%2028th%20February%202026.zip,file,zip,application/x-zip-compressed,,480308,,False,2026-08-20 18:58:57.095541+00:00,{}
db9c39b5-1505-47ce-80d7-61527237de0b,31ed6359-9c37-4074-8d2b-a9bf79740a8d,,https://www.icicipruamc.com/blob/downloads/Files/Fortnightly%20Portfolio%20Disclosures/2026/Fortnightly%20Debt%20Scheme%20Portfolio%20-%2015th%20February%202026.zip,file,zip,application/x-zip-compressed,,476177,,False,2026-08-20 18:59:06.904351+00:00,{}
6a98bbf5-628a-496e-a99a-93eca7182d1e,31ed6359-9c37-4074-8d2b-a9bf79740a8d,,https://www.icicipruamc.com/blob/downloads/Files/Fortnightly%20Portfolio%20Disclosures/2026/Fortnightly%20Debt%20Scheme%20Portfolio%20-%2031st%20January%202026.zip,file,zip,application/x-zip-compressed,,477034,,False,2026-08-20 18:59:17.663663+00:00,{}
9745b788-af26-450c-89e0-b473a62afca9,31ed6359-9c37-4074-8d2b-a9bf79740a8d,,https://www.icicipruamc.com/blob/downloads/Files/Fortnightly%20Portfolio%20Disclosures/2026/Fortnightly%20Debt%20Scheme%20Portfolio%20-%2015th%20January%202026.zip,file,zip,application/x-zip-compressed,,474869,,False,2026-08-20 18:59:29.475959+00:00,{}
18ffbcc7-ec98-4dae-a831-ff8916547124,31ed6359-9c37-4074-8d2b-a9bf79740a8d,,https://www.icicipruamc.com/blob/downloads/Files/Fortnightly%20Portfolio%20Disclosures/2025/Fortnightly%20Debt%20Scheme%20Portfolio%20-%2031st%20December%202025.zip,file,zip,application/x-zip-compressed,,481937,,False,2026-08-20 18:59:40.899888+00:00,{}
07fd398e-a971-4360-8e1b-7df25b374ce3,c361f844-846a-4342-bab9-bdb1d0d3e707,,https://www.icicipruamc.com/blob/downloads/Files/Fortnightly%20Portfolio%20Disclosures/2026/Fortnightly%20Debt%20Scheme%20Portfolio%20-%2015th%20August%202026.zip,file,zip,application/x-zip-compressed,,5458494,,False,2026-08-20 19:00:57.082726+00:00,{}
59f9f911-6429-4077-b7bd-1ab8567da72a,c361f844-846a-4342-bab9-bdb1d0d3e707,,https://www.icicipruamc.com/blob/downloads/Files/Fortnightly%20Portfolio%20Disclosures/2026/Fortnightly%20Debt%20Scheme%20Portfolio%20-%2031st%20July%202026.zip,file,zip,application/x-zip-compressed,,5456949,,False,2026-08-20 19:01:11.828879+00:00,{}
1bead033-9349-4a32-847d-58d3c667dc1d,c361f844-846a-4342-bab9-bdb1d0d3e707,,https://www.icicipruamc.com/blob/downloads/Files/Fortnightly%20Portfolio%20Disclosures/2026/Fortnightly%20Debt%20Scheme%20Portfolio%20-%2015th%20July%202026.zip,file,zip,application/x-zip-compressed,,5462046,,False,2026-08-20 19:01:26.664541+00:00,{}
165fdfa2-7720-4ea0-8867-3e06ec8ebf1d,c361f844-846a-4342-bab9-bdb1d0d3e707,,https://www.icicipruamc.com/blob/downloads/Files/Fortnightly%20Portfolio%20Disclosures/2026/Fortnightly%20Debt%20Scheme%20Portfolio%20-%2030th%20June%202026.zip,file,zip,application/x-zip-compressed,,5467143,,False,2026-08-20 19:01:41.767043+00:00,{}
6e50c1c8-af6a-460d-bf33-0b7585a4ab8c,c361f844-846a-4342-bab9-bdb1d0d3e707,,https://www.icicipruamc.com/blob/downloads/Files/Fortnightly%20Portfolio%20Disclosures/2026/Fortnightly%20Debt%20Scheme%20Portfolio%20-%2015th%20June%202026.zip,file,zip,application/x-zip-compressed,,5444934,,False,2026-08-20 19:01:56.864232+00:00,{}
ccbe491b-2943-41bf-a6d2-771b95f8b933,c361f844-846a-4342-bab9-bdb1d0d3e707,,https://www.icicipruamc.com/blob/downloads/Files/Fortnightly%20Portfolio%20Disclosures/2026/Fortnightly%20Debt%20Scheme%20Portfolio%20-%2031st%20May%202026.zip,file,zip,application/x-zip-compressed,,5371543,,False,2026-08-20 19:02:11.754613+00:00,{}
e5d27a3f-67a6-4613-bc5d-1106aaee6ca5,c361f844-846a-4342-bab9-bdb1d0d3e707,,https://www.icicipruamc.com/blob/downloads/Files/Fortnightly%20Portfolio%20Disclosures/2026/Fortnightly%20Debt%20Scheme%20Portfolio%20-%2015th%20May%202026.zip,file,zip,application/x-zip-compressed,,5345229,,False,2026-08-20 19:02:26.690127+00:00,{}
78d2c983-23e8-454c-b93c-ab4619def079,c361f844-846a-4342-bab9-bdb1d0d3e707,,https://www.icicipruamc.com/blob/downloads/Files/Fortnightly%20Portfolio%20Disclosures/2026/Fortnightly%20Debt%20Scheme%20Portfolio%20-%2030th%20April%202026.zip,file,zip,application/x-zip-compressed,,5420793,,False,2026-08-20 19:02:41.543537+00:00,{}
4d56bcd1-fd5e-488b-bea8-3c24225bcc28,c361f844-846a-4342-bab9-bdb1d0d3e707,,https://www.icicipruamc.com/blob/downloads/Files/Fortnightly%20Portfolio%20Disclosures/2026/Fortnightly%20Debt%20Scheme%20Portfolio%20-%2015th%20April%202026.zip,file,zip,application/x-zip-compressed,,565711,,False,2026-08-20 19:02:56.084818+00:00,{}
0a729d62-949b-43f0-aeaf-3d0cec6ff340,c361f844-846a-4342-bab9-bdb1d0d3e707,,https://www.icicipruamc.com/blob/downloads/Files/Fortnightly%20Portfolio%20Disclosures/2026/Fortnightly%20Debt%20Scheme%20Portfolio%20-%2031st%20March%202026.zip,file,zip,application/x-zip-compressed,,476182,,False,2026-08-20 19:03:13.568375+00:00,{}
b164413f-51c8-4fbb-a9a0-43124db98be1,69ce95c3-5b17-4eba-93ff-d9767b7ffeb5,,https://www.miraeassetmf.co.in/docs/default-source/portfolios/maspf-july2026.xlsx,file,xlsx,application/vnd.openxmlformats-officedocument.spreadsheetml.sheet,,129407,,False,2026-08-20 22:40:18.022569+00:00,{}
3571cab3-5692-4984-af85-78bd78fde29a,69ce95c3-5b17-4eba-93ff-d9767b7ffeb5,,https://www.miraeassetmf.co.in/docs/default-source/portfolios/evetf-july2026.xlsx,file,xlsx,application/vnd.openxmlformats-officedocument.spreadsheetml.sheet,,142208,,False,2026-08-20 22:40:18.898996+00:00,{}
45c79798-ec3c-4782-93fd-1f0c8e4b531c,69ce95c3-5b17-4eba-93ff-d9767b7ffeb5,,https://www.miraeassetmf.co.in/docs/default-source/portfolios/alpha-july2026.xlsx,file,xlsx,application/vnd.openxmlformats-officedocument.spreadsheetml.sheet,,138805,,False,2026-08-20 22:40:20.221628+00:00,{}
5ddd2599-336d-47fa-9562-11e29db09cd7,69ce95c3-5b17-4eba-93ff-d9767b7ffeb5,,https://www.miraeassetmf.co.in/docs/default-source/portfolios/1dgrowth_15082026.xlsx,file,xlsx,application/vnd.openxmlformats-officedocument.spreadsheetml.sheet,,437089,,False,2026-08-20 22:40:20.745205+00:00,{}
420648f9-039c-468f-bba5-0b5fcff30f6a,69ce95c3-5b17-4eba-93ff-d9767b7ffeb5,,https://www.miraeassetmf.co.in/docs/default-source/portfolios/mdbf_15082026.xlsx,file,xlsx,application/vnd.openxmlformats-officedocument.spreadsheetml.sheet,,381533,,False,2026-08-20 22:40:21.795193+00:00,{}
82ee06f1-9bb4-47e0-99ad-789d6536cb38,69ce95c3-5b17-4eba-93ff-d9767b7ffeb5,,https://www.miraeassetmf.co.in/docs/default-source/portfolios/912ibxfs_15082026.xlsx,file,xlsx,application/vnd.openxmlformats-officedocument.spreadsheetml.sheet,,421843,,False,2026-08-20 22:40:22.318222+00:00,{}
86b1ffa2-1d1f-419c-9e09-ecfdc19bf19f,69ce95c3-5b17-4eba-93ff-d9767b7ffeb5,,https://www.miraeassetmf.co.in/docs/default-source/portfolios/mabpf-july2026.xlsx,file,xlsx,application/vnd.openxmlformats-officedocument.spreadsheetml.sheet,,434565,,False,2026-08-20 22:40:22.833198+00:00,{}
2f5da1b8-f424-4467-a1fe-e47333f83fb8,69ce95c3-5b17-4eba-93ff-d9767b7ffeb5,,https://www.miraeassetmf.co.in/docs/default-source/portfolios/mdbf-july2026.xlsx,file,xlsx,application/vnd.openxmlformats-officedocument.spreadsheetml.sheet,,390692,,False,2026-08-20 22:40:23.350309+00:00,{}
f330bbd5-982f-421c-8db7-8b17af2ff25b,69ce95c3-5b17-4eba-93ff-d9767b7ffeb5,,https://www.miraeassetmf.co.in/docs/default-source/portfolios/maonf_15082026.xlsx,file,xlsx,application/vnd.openxmlformats-officedocument.spreadsheetml.sheet,,351153,,False,2026-08-20 22:40:23.866881+00:00,{}
ff65b26e-b76a-4dc5-8284-5d1f1f9c3bcb,69ce95c3-5b17-4eba-93ff-d9767b7ffeb5,,https://www.miraeassetmf.co.in/docs/default-source/portfolios/manjf_15082026.xlsx,file,xlsx,application/vnd.openxmlformats-officedocument.spreadsheetml.sheet,,358632,,False,2026-08-20 22:40:24.502852+00:00,{}
a9ae4fc9-d6b7-4e8c-8f10-5cab0eb95139,69ce95c3-5b17-4eba-93ff-d9767b7ffeb5,,https://www.miraeassetmf.co.in/docs/default-source/portfolios/mnsfof-july2026.xlsx,file,xlsx,application/vnd.openxmlformats-officedocument.spreadsheetml.sheet,,135886,,False,2026-08-20 22:40:25.023775+00:00,{}
6d101aad-c4bb-4702-87ea-28549a7e9a8f,69ce95c3-5b17-4eba-93ff-d9767b7ffeb5,,https://www.miraeassetmf.co.in/docs/default-source/portfolios/mammf_15082026.xlsx,file,xlsx,application/vnd.openxmlformats-officedocument.spreadsheetml.sheet,,354400,,False,2026-08-20 22:40:25.425208+00:00,{}
761e484a-5f6e-43b3-8d64-d4406f7a2e4d,69ce95c3-5b17-4eba-93ff-d9767b7ffeb5,,https://www.miraeassetmf.co.in/docs/default-source/portfolios/mascf-july2026.xlsx,file,xlsx,application/vnd.openxmlformats-officedocument.spreadsheetml.sheet,,355800,,False,2026-08-20 22:40:26.429927+00:00,{}
78298616-5616-4575-acbf-8131da96e525,69ce95c3-5b17-4eba-93ff-d9767b7ffeb5,,https://www.miraeassetmf.co.in/docs/default-source/portfolios/macif_15082026.xlsx,file,xlsx,application/vnd.openxmlformats-officedocument.spreadsheetml.sheet,,386522,,False,2026-08-20 22:40:27.592209+00:00,{}
9bb92f63-85ee-4513-a6cf-e79cd58116fe,69ce95c3-5b17-4eba-93ff-d9767b7ffeb5,,https://www.miraeassetmf.co.in/docs/default-source/portfolios/multietf-july2026.xlsx,file,xlsx,application/vnd.openxmlformats-officedocument.spreadsheetml.sheet,,176403,,False,2026-08-20 22:40:28.201193+00:00,{}
acf23f06-36d7-4947-a1a9-f902e39d7f07,69ce95c3-5b17-4eba-93ff-d9767b7ffeb5,,https://www.miraeassetmf.co.in/docs/default-source/portfolios/mausf_15082026.xlsx,file,xlsx,application/vnd.openxmlformats-officedocument.spreadsheetml.sheet,,395984,,False,2026-08-20 22:40:31.265285+00:00,{}
f30d8b65-6a4b-4074-8064-6fe9450184c3,69ce95c3-5b17-4eba-93ff-d9767b7ffeb5,,https://www.miraeassetmf.co.in/docs/default-source/portfolios/ipafof_15082026.xlsx,file,xlsx,application/vnd.openxmlformats-officedocument.spreadsheetml.sheet,,369780,,False,2026-08-20 22:40:32.501067+00:00,{}
f6011229-bd42-4f05-a8cd-39928e9dd0fb,69ce95c3-5b17-4eba-93ff-d9767b7ffeb5,,https://www.miraeassetmf.co.in/docs/default-source/portfolios/masef-july2026.xlsx,file,xlsx,application/vnd.openxmlformats-officedocument.spreadsheetml.sheet,,128443,,False,2026-08-20 22:40:33.136386+00:00,{}
04b3367c-7f11-46ce-9ff5-171e0cf01c6f,69ce95c3-5b17-4eba-93ff-d9767b7ffeb5,,https://www.miraeassetmf.co.in/docs/default-source/portfolios/maff-july2026.xlsx,file,xlsx,application/vnd.openxmlformats-officedocument.spreadsheetml.sheet,,377000,,False,2026-08-20 22:40:33.978280+00:00,{}
5a7454cf-31e2-4235-a1e4-133bc494641e,69ce95c3-5b17-4eba-93ff-d9767b7ffeb5,,https://www.miraeassetmf.co.in/docs/default-source/portfolios/milpf_15082026.xlsx,file,xlsx,application/vnd.openxmlformats-officedocument.spreadsheetml.sheet,,397127,,False,2026-08-20 22:40:34.759484+00:00,{}
145fa699-f918-4d14-9799-bffe6ae9af22,69ce95c3-5b17-4eba-93ff-d9767b7ffeb5,,https://www.dspim.com/media/pages/mandatory-disclosures/portfolio-disclosures/cdabf52dd7-1781955085/dsp-isin-debt-fortnightly-portfolio-as-on-15-jun-2026.xlsx,file,xlsx,application/vnd.openxmlformats-officedocument.spreadsheetml.sheet,,445376,,False,2026-08-20 22:40:36.291180+00:00,{}
c32f0582-9ddd-4d3a-a99c-b42b1f0b062a,69ce95c3-5b17-4eba-93ff-d9767b7ffeb5,,https://www.dspim.com/media/pages/mandatory-disclosures/portfolio-disclosures/6135f65526-1757771554/dsp-isin-debt-portfolio-as-on-31st-march-2022.xlsx,file,xlsx,application/vnd.openxmlformats-officedocument.spreadsheetml.sheet,,1115365,,False,2026-08-20 22:40:38.083141+00:00,{}
5c74d457-1b4c-4220-aba4-f7aa5a028123,69ce95c3-5b17-4eba-93ff-d9767b7ffeb5,,https://www.dspim.com/media/pages/mandatory-disclosures/portfolio-disclosures/b43e0a72c2-1757771557/monthend-portfolio-december-31-2024.zip,file,zip,application/zip,,815357,,False,2026-08-20 22:40:39.189039+00:00,{}
93b700a6-2f9c-430f-a537-bde7330c7dd0,69ce95c3-5b17-4eba-93ff-d9767b7ffeb5,,https://www.dspim.com/media/pages/mandatory-disclosures/portfolio-disclosures/60571aae1a-1757771557/month_end_portfolio_disclosure_sep2017.zip,file,zip,application/zip,,137462,,False,2026-08-20 22:40:41.339113+00:00,{}
47f28181-040f-4614-a1d4-79cb926b429e,69ce95c3-5b17-4eba-93ff-d9767b7ffeb5,,https://www.dspim.com/media/pages/mandatory-disclosures/portfolio-disclosures/09b462f878-1757771555/month_end_portfolio_disclosure_december2021.zip,file,zip,application/zip,,1949575,,False,2026-08-20 22:40:52.314899+00:00,{}
a2d90446-2478-41d0-9f95-596881013494,69ce95c3-5b17-4eba-93ff-d9767b7ffeb5,,https://www.dspim.com/media/pages/mandatory-disclosures/portfolio-disclosures/1ae36f138f-1757771553/dsp-isin-debt-portfolio-as-on-30-april-2023.xlsx,file,xlsx,application/vnd.openxmlformats-officedocument.spreadsheetml.sheet,,1216788,,False,2026-08-20 22:40:53.662174+00:00,{}
a73e3f50-ad24-420b-b565-310e2858ef33,69ce95c3-5b17-4eba-93ff-d9767b7ffeb5,,https://www.dspim.com/media/pages/mandatory-disclosures/portfolio-disclosures/c924885f90-1757771556/month_end_portfolio_disclosure_january2016.zip,file,zip,application/zip,,126958,,False,2026-08-20 22:40:54.834010+00:00,{}
736b5586-1afb-4a1d-8ee4-988dff61dc45,69ce95c3-5b17-4eba-93ff-d9767b7ffeb5,,https://www.dspim.com/media/pages/mandatory-disclosures/portfolio-disclosures/376234d7a6-1757771557/monthend-portfolio-april-2024.zip,file,zip,application/zip,,930668,,False,2026-08-20 22:41:05.323619+00:00,{}
b925071e-8418-491a-bdba-d8255a750eef,69ce95c3-5b17-4eba-93ff-d9767b7ffeb5,,https://www.dspim.com/media/pages/mandatory-disclosures/portfolio-disclosures/4464ea9d5e-1757771553/dsp-isin-debt-portfolio-as-on-28-feb-2025.xlsx,file,xlsx,application/vnd.openxmlformats-officedocument.spreadsheetml.sheet,,395344,,False,2026-08-20 22:41:06.906777+00:00,{}
f396c9d6-be64-4677-9005-58009817f8e4,69ce95c3-5b17-4eba-93ff-d9767b7ffeb5,,https://www.dspim.com/media/pages/mandatory-disclosures/portfolio-disclosures/cf0d4cb6cd-1757771552/dsp-debt-isin-portfolio-15th-may-2021.xlsx,file,xlsx,application/vnd.openxmlformats-officedocument.spreadsheetml.sheet,,118056,,False,2026-08-20 22:41:08.070224+00:00,{}
4ae4d622-4010-4747-975d-4011cbcb1444,69ce95c3-5b17-4eba-93ff-d9767b7ffeb5,,https://www.dspim.com/media/pages/mandatory-disclosures/portfolio-disclosures/1872c802d7-1757771556/month_end_portfolio_disclosure_march2013.zip,file,zip,application/zip,,130830,,False,2026-08-20 22:41:08.989342+00:00,{}
2059a510-0222-40bf-a609-7c08d4e7949c,69ce95c3-5b17-4eba-93ff-d9767b7ffeb5,,https://www.dspim.com/media/pages/mandatory-disclosures/portfolio-disclosures/9674a565b8-1757771556/month_end_portfolio_disclosure_mar2018.zip,file,zip,application/zip,,271579,,False,2026-08-20 22:41:18.235961+00:00,{}
1228062c-200f-4112-b687-775ad691d8e3,69ce95c3-5b17-4eba-93ff-d9767b7ffeb5,,https://www.dspim.com/media/pages/mandatory-disclosures/portfolio-disclosures/32dad9bfe6-1776709859/dsp-isin-debt-fortnightly-portfolio-as-on-15-apr-2026.zip,file,zip,application/zip,,1676421,,False,2026-08-20 22:41:29.418591+00:00,{}
482ddbe4-2980-460c-b9f1-3a9557fe1edb,69ce95c3-5b17-4eba-93ff-d9767b7ffeb5,,https://www.dspim.com/media/pages/mandatory-disclosures/portfolio-disclosures/e8ffa40c02-1757771555/month_end_portfolio_disclosure_april2013.zip,file,zip,application/zip,,118001,,False,2026-08-20 22:41:37.221554+00:00,{}
9dcd10c9-8791-4e0a-88ef-2e25d95cecf4,69ce95c3-5b17-4eba-93ff-d9767b7ffeb5,,https://www.dspim.com/media/pages/mandatory-disclosures/portfolio-disclosures/b36b402ef9-1757771556/month_end_portfolio_disclosure_november-2013.zip,file,zip,application/zip,,124237,,False,2026-08-20 22:41:46.119427+00:00,{}
8bd7db17-d2ae-4e1f-b548-f0ed31c5581b,69ce95c3-5b17-4eba-93ff-d9767b7ffeb5,,https://www.dspim.com/media/pages/mandatory-disclosures/portfolio-disclosures/3de9cec4d0-1757771554/dsp-isin-debt-portfolio-as-on-may-15-2023.xlsx,file,xlsx,application/vnd.openxmlformats-officedocument.spreadsheetml.sheet,,882063,,False,2026-08-20 22:41:55.169993+00:00,{}
bd29104a-542e-422e-8a10-7f03ffec53c2,69ce95c3-5b17-4eba-93ff-d9767b7ffeb5,,https://www.dspim.com/media/pages/mandatory-disclosures/portfolio-disclosures/0143dbb0cc-1757771553/dsp-isin-debt-portfolio-as-on-31st-january-2023.xlsx,file,xlsx,application/vnd.openxmlformats-officedocument.spreadsheetml.sheet,,1222459,,False,2026-08-20 22:41:56.267597+00:00,{}
34693309-a2b5-4edf-84ab-5ceba97ae1a7,69ce95c3-5b17-4eba-93ff-d9767b7ffeb5,,https://www.dspim.com/media/pages/mandatory-disclosures/portfolio-disclosures/15a440a099-1772724988/dsp-isin-debt-fortnightly-portfolio-as-on-28-feb-2026.xlsx,file,xlsx,application/vnd.openxmlformats-officedocument.spreadsheetml.sheet,,403151,,False,2026-08-20 22:41:57.355484+00:00,{}
3874c663-b8e8-42e6-b2a8-85c9809c18d4,69ce95c3-5b17-4eba-93ff-d9767b7ffeb5,,https://www.dspim.com/media/pages/mandatory-disclosures/portfolio-disclosures/d68a67cdea-1757771557/monthend-portfolio-april-30-2025.zip,file,zip,application/zip,,841275,,False,2026-08-20 22:41:58.786864+00:00,{}
55168fc5-7625-4da9-97b2-a490976b1421,69ce95c3-5b17-4eba-93ff-d9767b7ffeb5,,https://www.dspim.com/media/pages/mandatory-disclosures/portfolio-disclosures/28214812f4-1757771552/dsp-debt-isin-portfolio-15th-mar-2021.xlsx,file,xlsx,application/vnd.openxmlformats-officedocument.spreadsheetml.sheet,,130222,,False,2026-08-20 22:42:00.725002+00:00,{}
b9bffd9f-4bc9-412d-a7c7-db0286872d3e,69ce95c3-5b17-4eba-93ff-d9767b7ffeb5,,https://www.invescomutualfund.com/docs/default-source/fortnightly-holdings/low-duration3640fe07eee8616aaa28ff00007d74af.xlsx?sfvrsn=21a89fc2_0,file,xlsx,application/vnd.openxmlformats-officedocument.spreadsheetml.sheet,,122147,,False,2026-08-20 22:42:11.434586+00:00,{}
400237b2-f820-45a6-8739-6086102cde6f,69ce95c3-5b17-4eba-93ff-d9767b7ffeb5,,https://www.invescomutualfund.com/docs/default-source/fortnightly-holdings/medium-durationaa3ffe07eee8616aaa28ff00007d74af.xlsx?sfvrsn=b5d79fc2_0,file,xlsx,application/vnd.openxmlformats-officedocument.spreadsheetml.sheet,,114353,,False,2026-08-20 22:42:12.749434+00:00,{}
a1640863-0bd1-48ee-9c78-779bce7f59ad,69ce95c3-5b17-4eba-93ff-d9767b7ffeb5,,https://www.invescomutualfund.com/docs/default-source/fortnightly-holdings/money-market2b3ffe07eee8616aaa28ff00007d74af.xlsx?sfvrsn=34d79fc2_0,file,xlsx,application/vnd.openxmlformats-officedocument.spreadsheetml.sheet,,123468,,False,2026-08-20 22:42:13.791438+00:00,{}
32821156-a135-488b-911c-f495bdd2d457,69ce95c3-5b17-4eba-93ff-d9767b7ffeb5,,https://www.invescomutualfund.com/docs/default-source/fortnightly-holdings/ultra-short-durationcd3ffe07eee8616aaa28ff00007d74af.xlsx?sfvrsn=d6d79fc2_0,file,xlsx,application/vnd.openxmlformats-officedocument.spreadsheetml.sheet,,119673,,False,2026-08-20 22:42:15.111740+00:00,{}
f2283cd7-98e4-456d-b13e-d01d97e26bd1,69ce95c3-5b17-4eba-93ff-d9767b7ffeb5,,https://www.invescomutualfund.com/docs/default-source/fortnightly-holdings/credit-risk083ffe07eee8616aaa28ff00007d74af.xlsx?sfvrsn=13d79fc2_0,file,xlsx,application/vnd.openxmlformats-officedocument.spreadsheetml.sheet,,116967,,False,2026-08-20 22:42:16.176366+00:00,{}
ff6eadba-42f4-408e-a212-ffe0f8276559,69ce95c3-5b17-4eba-93ff-d9767b7ffeb5,,https://www.invescomutualfund.com/docs/default-source/fortnightly-holdings/corp-bondc23efe07eee8616aaa28ff00007d74af.xlsx?sfvrsn=add69fc2_0,file,xlsx,application/vnd.openxmlformats-officedocument.spreadsheetml.sheet,,121780,,False,2026-08-20 22:42:17.165095+00:00,{}
568f81ba-8d07-4cdc-b75c-05f81fc19187,69ce95c3-5b17-4eba-93ff-d9767b7ffeb5,,https://www.invescomutualfund.com/docs/default-source/fortnightly-holdings/nifty-g-sec-jul-20279f3efe07eee8616aaa28ff00007d74af.xlsx?sfvrsn=88d69fc2_0,file,xlsx,application/vnd.openxmlformats-officedocument.spreadsheetml.sheet,,115987,,False,2026-08-20 22:42:18.407850+00:00,{}
b17f059f-71b1-47f2-b3e0-b52501549ca9,69ce95c3-5b17-4eba-93ff-d9767b7ffeb5,,https://www.invescomutualfund.com/docs/default-source/fortnightly-holdings/liquid-fund763ffe07eee8616aaa28ff00007d74af.xlsx?sfvrsn=61d79fc2_0,file,xlsx,application/vnd.openxmlformats-officedocument.spreadsheetml.sheet,,126430,,False,2026-08-20 22:42:19.720219+00:00,{}
d3062d65-1ab3-4c4a-bb33-c9142dd7c225,69ce95c3-5b17-4eba-93ff-d9767b7ffeb5,,https://www.invescomutualfund.com/docs/default-source/fortnightly-holdings/banking-and-psue53efe07eee8616aaa28ff00007d74af.xlsx?sfvrsn=ced69fc2_0,file,xlsx,application/vnd.openxmlformats-officedocument.spreadsheetml.sheet,,116269,,False,2026-08-20 22:42:21.247494+00:00,{}
6376165d-8c5a-4800-a669-f3ab5f066954,69ce95c3-5b17-4eba-93ff-d9767b7ffeb5,,https://www.invescomutualfund.com/docs/default-source/fortnightly-holdings/short-duration1340fe07eee8616aaa28ff00007d74af.xlsx?sfvrsn=1ca89fc2_0,file,xlsx,application/vnd.openxmlformats-officedocument.spreadsheetml.sheet,,119697,,False,2026-08-20 22:42:22.279076+00:00,{}
10feaeac-57e6-42f3-bc7e-268d7997be3f,69ce95c3-5b17-4eba-93ff-d9767b7ffeb5,,https://www.invescomutualfund.com/docs/default-source/fortnightly-holdings/overnight-fundf03ffe07eee8616aaa28ff00007d74af.xlsx?sfvrsn=fbd79fc2_0,file,xlsx,application/vnd.openxmlformats-officedocument.spreadsheetml.sheet,,112642,,False,2026-08-20 22:42:23.304789+00:00,{}
b990193d-6244-4d3c-b443-fc9591b2c758,69ce95c3-5b17-4eba-93ff-d9767b7ffeb5,,https://www.invescomutualfund.com/docs/default-source/fortnightly-holdings/gilt-fund4e3ffe07eee8616aaa28ff00007d74af.xlsx?sfvrsn=59d79fc2_0,file,xlsx,application/vnd.openxmlformats-officedocument.spreadsheetml.sheet,,113511,,False,2026-08-20 22:42:24.210247+00:00,{}
ba09264d-a712-4653-bd7c-0eaec54b7a58,716183e0-ed01-4f35-bef4-91d787df7b27,,https://www.icicipruamc.com/blob/downloads/Files/Fortnightly%20Portfolio%20Disclosures/2026/Fortnightly%20Debt%20Scheme%20Portfolio%20-%2015th%20August%202026.zip,file,zip,application/x-zip-compressed,,5458494,,False,2026-08-20 22:43:42.993950+00:00,{}
65d494a5-a72f-48d6-ad66-fc2dad3e411d,716183e0-ed01-4f35-bef4-91d787df7b27,,https://www.icicipruamc.com/blob/downloads/Files/Fortnightly%20Portfolio%20Disclosures/2026/Fortnightly%20Debt%20Scheme%20Portfolio%20-%2031st%20July%202026.zip,file,zip,application/x-zip-compressed,,5456949,,False,2026-08-20 22:44:00.309335+00:00,{}
76e924a6-973e-4162-94e7-c19f7d8a81cc,716183e0-ed01-4f35-bef4-91d787df7b27,,https://www.icicipruamc.com/blob/downloads/Files/Fortnightly%20Portfolio%20Disclosures/2026/Fortnightly%20Debt%20Scheme%20Portfolio%20-%2015th%20July%202026.zip,file,zip,application/x-zip-compressed,,5462046,,False,2026-08-20 22:44:16.233711+00:00,{}
60ca5492-fb35-4e07-baa2-a782de821ac0,716183e0-ed01-4f35-bef4-91d787df7b27,,https://www.icicipruamc.com/blob/downloads/Files/Fortnightly%20Portfolio%20Disclosures/2026/Fortnightly%20Debt%20Scheme%20Portfolio%20-%2030th%20June%202026.zip,file,zip,application/x-zip-compressed,,5467143,,False,2026-08-20 22:44:33.412035+00:00,{}
c6a1ce8a-4f1d-4338-8880-5ab3aa1d8466,716183e0-ed01-4f35-bef4-91d787df7b27,,https://www.icicipruamc.com/blob/downloads/Files/Fortnightly%20Portfolio%20Disclosures/2026/Fortnightly%20Debt%20Scheme%20Portfolio%20-%2015th%20June%202026.zip,file,zip,application/x-zip-compressed,,5444934,,False,2026-08-20 22:44:51.327023+00:00,{}
fbfa2bae-22c1-4227-9772-da7a79990f94,716183e0-ed01-4f35-bef4-91d787df7b27,,https://www.icicipruamc.com/blob/downloads/Files/Fortnightly%20Portfolio%20Disclosures/2026/Fortnightly%20Debt%20Scheme%20Portfolio%20-%2031st%20May%202026.zip,file,zip,application/x-zip-compressed,,5371543,,False,2026-08-20 22:45:08.616624+00:00,{}
4165e298-32db-4531-aafd-05d3f732ad20,716183e0-ed01-4f35-bef4-91d787df7b27,,https://www.icicipruamc.com/blob/downloads/Files/Fortnightly%20Portfolio%20Disclosures/2026/Fortnightly%20Debt%20Scheme%20Portfolio%20-%2015th%20May%202026.zip,file,zip,application/x-zip-compressed,,5345229,,False,2026-08-20 22:45:24.351863+00:00,{}
7e0c72ca-4341-4004-90ab-67094a02f850,716183e0-ed01-4f35-bef4-91d787df7b27,,https://www.icicipruamc.com/blob/downloads/Files/Fortnightly%20Portfolio%20Disclosures/2026/Fortnightly%20Debt%20Scheme%20Portfolio%20-%2030th%20April%202026.zip,file,zip,application/x-zip-compressed,,5420793,,False,2026-08-20 22:45:43.234641+00:00,{}
179ac1be-2a6b-4998-8f58-4ce377171e6d,716183e0-ed01-4f35-bef4-91d787df7b27,,https://www.icicipruamc.com/blob/downloads/Files/Fortnightly%20Portfolio%20Disclosures/2026/Fortnightly%20Debt%20Scheme%20Portfolio%20-%2015th%20April%202026.zip,file,zip,application/x-zip-compressed,,565711,,False,2026-08-20 22:45:59.752035+00:00,{}
f1f6d5e2-ec1a-4824-8242-37f8a4e93c67,716183e0-ed01-4f35-bef4-91d787df7b27,,https://www.icicipruamc.com/blob/downloads/Files/Fortnightly%20Portfolio%20Disclosures/2026/Fortnightly%20Debt%20Scheme%20Portfolio%20-%2031st%20March%202026.zip,file,zip,application/x-zip-compressed,,476182,,False,2026-08-20 22:46:17.275783+00:00,{}
14f77579-2904-4e17-9491-10b313156def,716183e0-ed01-4f35-bef4-91d787df7b27,,https://www.icicipruamc.com/blob/downloads/Files/Fortnightly%20Portfolio%20Disclosures/2026/Fortnightly%20Debt%20Scheme%20Portfolio%20-%2015th%20March%202026.zip,file,zip,application/x-zip-compressed,,471285,,False,2026-08-20 22:46:31.891260+00:00,{}
e193fc24-f19a-4913-bb30-b9d623fd2a75,716183e0-ed01-4f35-bef4-91d787df7b27,,https://www.icicipruamc.com/blob/downloads/Files/Fortnightly%20Portfolio%20Disclosures/2026/Fortnightly%20Debt%20Scheme%20Portfolio%20-%2028th%20February%202026.zip,file,zip,application/x-zip-compressed,,480308,,False,2026-08-20 22:46:46.136328+00:00,{}
51a44c4d-5f3c-49ef-a70e-1904bd315f4d,716183e0-ed01-4f35-bef4-91d787df7b27,,https://www.icicipruamc.com/blob/downloads/Files/Fortnightly%20Portfolio%20Disclosures/2026/Fortnightly%20Debt%20Scheme%20Portfolio%20-%2015th%20February%202026.zip,file,zip,application/x-zip-compressed,,476177,,False,2026-08-20 22:47:01.282173+00:00,{}
d8207a14-230b-48ca-80a8-b7156d09eed5,716183e0-ed01-4f35-bef4-91d787df7b27,,https://www.icicipruamc.com/blob/downloads/Files/Fortnightly%20Portfolio%20Disclosures/2026/Fortnightly%20Debt%20Scheme%20Portfolio%20-%2031st%20January%202026.zip,file,zip,application/x-zip-compressed,,477034,,False,2026-08-20 22:47:15.807139+00:00,{}
68e4e9fd-cd8d-4d5d-a2af-53b32d7d9951,716183e0-ed01-4f35-bef4-91d787df7b27,,https://www.icicipruamc.com/blob/downloads/Files/Fortnightly%20Portfolio%20Disclosures/2026/Fortnightly%20Debt%20Scheme%20Portfolio%20-%2015th%20January%202026.zip,file,zip,application/x-zip-compressed,,474869,,False,2026-08-20 22:47:33.077566+00:00,{}
af8a77e5-ebab-434e-b811-f96424c2f65b,716183e0-ed01-4f35-bef4-91d787df7b27,,https://www.icicipruamc.com/blob/downloads/Files/Fortnightly%20Portfolio%20Disclosures/2025/Fortnightly%20Debt%20Scheme%20Portfolio%20-%2031st%20December%202025.zip,file,zip,application/x-zip-compressed,,481937,,False,2026-08-20 22:47:50.535196+00:00,{}
f159652c-0071-4f45-9a06-698a95aceaae,716183e0-ed01-4f35-bef4-91d787df7b27,,https://www.icicipruamc.com/blob/downloads/Files/Fortnightly%20Portfolio%20Disclosures/2025/Fortnightly%20Debt%20Scheme%20Portfolio%20-%2015th%20December%202025.zip,file,zip,application/x-zip-compressed,,489778,,False,2026-08-20 22:48:09.204145+00:00,{}
7e0a6af3-8cfe-4549-a319-16e419726ecd,716183e0-ed01-4f35-bef4-91d787df7b27,,https://www.icicipruamc.com/blob/downloads/Files/Fortnightly%20Portfolio%20Disclosures/2025/Fortnightly%20Debt%20Scheme%20Portfolio%20-%2030th%20November%202025.zip,file,zip,application/x-zip-compressed,,488076,,False,2026-08-20 22:48:24.172710+00:00,{}
f138ef27-b6ce-4f5f-a0d2-7ec9c0937b82,716183e0-ed01-4f35-bef4-91d787df7b27,,https://www.icicipruamc.com/blob/downloads/Files/Fortnightly%20Portfolio%20Disclosures/2025/Fortnightly%20Debt%20Scheme%20Portfolio%20-%2015th%20November%202025.zip,file,zip,application/x-zip-compressed,,488832,,False,2026-08-20 22:48:38.172202+00:00,{}
12fca306-1119-4ff0-ba3f-3f35a345b779,716183e0-ed01-4f35-bef4-91d787df7b27,,https://www.icicipruamc.com/blob/downloads/Files/Fortnightly%20Portfolio%20Disclosures/2025/Fortnightly%20Debt%20Scheme%20Portfolio%20-%2031st%20October%202025.zip,file,zip,application/x-zip-compressed,,478858,,False,2026-08-20 22:48:54.329101+00:00,{}
5fc281a0-cae7-4b30-ac81-c5c171410fe9,716183e0-ed01-4f35-bef4-91d787df7b27,,https://www.icicipruamc.com/blob/downloads/Files/Fortnightly%20Portfolio%20Disclosures/2026/Fortnightly%20Debt%20Scheme%20Portfolio%20-%2015th%20August%202026.zip,file,zip,application/x-zip-compressed,,5458494,,False,2026-08-20 22:49:09.790607+00:00,{}
5f7221aa-3e68-4242-8e22-41add6235d39,7995060c-a069-4138-a122-31d4fef60c67,,https://portal.amfiindia.com/spages/NAVAll.txt,file,text,text/plain,,1497310,,False,2026-08-20 22:49:27.394275+00:00,{}
64ae8a76-188c-4816-9d16-38a01511ed77,716183e0-ed01-4f35-bef4-91d787df7b27,,https://www.icicipruamc.com/blob/downloads/Files/Fortnightly%20Portfolio%20Disclosures/2026/Fortnightly%20Debt%20Scheme%20Portfolio%20-%2031st%20July%202026.zip,file,zip,application/x-zip-compressed,,5456949,,False,2026-08-20 22:49:28.139937+00:00,{}
29a17a06-99f1-41b4-b67f-6efb2296a531,7995060c-a069-4138-a122-31d4fef60c67,,https://portal.amfiindia.com/spages/NAVOpen.txt,file,text,text/plain,,1033406,,False,2026-08-20 22:49:36.640580+00:00,{}
fbe908f5-dc9a-4062-b1a7-9d0a5c50d421,7995060c-a069-4138-a122-31d4fef60c67,,https://portal.amfiindia.com/spages/NAVClose.txt,file,text,text/plain,,460002,,False,2026-08-20 22:49:43.838748+00:00,{}
06cfd095-4bbf-4e09-8851-7d6a58f8cb77,716183e0-ed01-4f35-bef4-91d787df7b27,,https://www.icicipruamc.com/blob/downloads/Files/Fortnightly%20Portfolio%20Disclosures/2026/Fortnightly%20Debt%20Scheme%20Portfolio%20-%2015th%20July%202026.zip,file,zip,application/x-zip-compressed,,5462046,,False,2026-08-20 22:49:43.915635+00:00,{}
cd247040-7147-416c-857b-e749d0987443,7995060c-a069-4138-a122-31d4fef60c67,,https://portal.amfiindia.com/spages/NAVInterval.txt,file,text,text/plain,,4124,,False,2026-08-20 22:49:43.957712+00:00,{}
865dbb7d-a9b6-494b-998c-3b8a06d11144,716183e0-ed01-4f35-bef4-91d787df7b27,,https://www.icicipruamc.com/blob/downloads/Files/Fortnightly%20Portfolio%20Disclosures/2026/Fortnightly%20Debt%20Scheme%20Portfolio%20-%2030th%20June%202026.zip,file,zip,application/x-zip-compressed,,5467143,,False,2026-08-20 22:50:02.597990+00:00,{}
4f2028f4-d451-42ec-8f7b-8844b6f44135,716183e0-ed01-4f35-bef4-91d787df7b27,,https://www.icicipruamc.com/blob/downloads/Files/Fortnightly%20Portfolio%20Disclosures/2026/Fortnightly%20Debt%20Scheme%20Portfolio%20-%2015th%20June%202026.zip,file,zip,application/x-zip-compressed,,5444934,,False,2026-08-20 22:50:21.446994+00:00,{}
7e9c9cd0-e86a-40ba-bb06-d1cd8c92f87b,716183e0-ed01-4f35-bef4-91d787df7b27,,https://www.icicipruamc.com/blob/downloads/Files/Fortnightly%20Portfolio%20Disclosures/2026/Fortnightly%20Debt%20Scheme%20Portfolio%20-%2031st%20May%202026.zip,file,zip,application/x-zip-compressed,,5371543,,False,2026-08-20 22:50:37.885743+00:00,{}
4ccaabb0-ae38-4fae-a103-9854a09785ee,716183e0-ed01-4f35-bef4-91d787df7b27,,https://www.icicipruamc.com/blob/downloads/Files/Fortnightly%20Portfolio%20Disclosures/2026/Fortnightly%20Debt%20Scheme%20Portfolio%20-%2015th%20May%202026.zip,file,zip,application/x-zip-compressed,,5345229,,False,2026-08-20 22:50:56.187568+00:00,{}
af76a32e-fd52-46ce-9b7e-513b06a76608,716183e0-ed01-4f35-bef4-91d787df7b27,,https://www.icicipruamc.com/blob/downloads/Files/Fortnightly%20Portfolio%20Disclosures/2026/Fortnightly%20Debt%20Scheme%20Portfolio%20-%2030th%20April%202026.zip,file,zip,application/x-zip-compressed,,5420793,,False,2026-08-20 22:51:14.674456+00:00,{}
7b5147a9-2b17-4b12-9bc0-63b9b9b6fb5f,716183e0-ed01-4f35-bef4-91d787df7b27,,https://www.icicipruamc.com/blob/downloads/Files/Fortnightly%20Portfolio%20Disclosures/2026/Fortnightly%20Debt%20Scheme%20Portfolio%20-%2015th%20April%202026.zip,file,zip,application/x-zip-compressed,,565711,,False,2026-08-20 22:51:36.458856+00:00,{}
728fee54-48ed-44fa-94f0-9eafdd4ea890,716183e0-ed01-4f35-bef4-91d787df7b27,,https://www.icicipruamc.com/blob/downloads/Files/Fortnightly%20Portfolio%20Disclosures/2026/Fortnightly%20Debt%20Scheme%20Portfolio%20-%2031st%20March%202026.zip,file,zip,application/x-zip-compressed,,476182,,False,2026-08-20 22:51:59.553376+00:00,{}
9312aa25-bf43-4f82-a7b6-b9695620e8a2,716183e0-ed01-4f35-bef4-91d787df7b27,,https://www.icicipruamc.com/blob/downloads/Files/Fortnightly%20Portfolio%20Disclosures/2026/Fortnightly%20Debt%20Scheme%20Portfolio%20-%2015th%20March%202026.zip,file,zip,application/x-zip-compressed,,471285,,False,2026-08-20 22:52:17.254992+00:00,{}
0fb0a900-595a-40ed-a12e-c85dc53f1a57,716183e0-ed01-4f35-bef4-91d787df7b27,,https://www.icicipruamc.com/blob/downloads/Files/Fortnightly%20Portfolio%20Disclosures/2026/Fortnightly%20Debt%20Scheme%20Portfolio%20-%2028th%20February%202026.zip,file,zip,application/x-zip-compressed,,480308,,False,2026-08-20 22:52:35.183369+00:00,{}
6c80dff8-96d5-4ff6-8747-981536e8e816,716183e0-ed01-4f35-bef4-91d787df7b27,,https://www.icicipruamc.com/blob/downloads/Files/Fortnightly%20Portfolio%20Disclosures/2026/Fortnightly%20Debt%20Scheme%20Portfolio%20-%2015th%20February%202026.zip,file,zip,application/x-zip-compressed,,476177,,False,2026-08-20 22:52:52.570840+00:00,{}
213456da-0bc0-428d-aa68-b9a36e4839ea,716183e0-ed01-4f35-bef4-91d787df7b27,,https://www.icicipruamc.com/blob/downloads/Files/Fortnightly%20Portfolio%20Disclosures/2026/Fortnightly%20Debt%20Scheme%20Portfolio%20-%2031st%20January%202026.zip,file,zip,application/x-zip-compressed,,477034,,False,2026-08-20 22:53:10.105174+00:00,{}
92c43f03-ffcb-40c8-9e40-36ab1d5747d9,716183e0-ed01-4f35-bef4-91d787df7b27,,https://www.icicipruamc.com/blob/downloads/Files/Fortnightly%20Portfolio%20Disclosures/2026/Fortnightly%20Debt%20Scheme%20Portfolio%20-%2015th%20January%202026.zip,file,zip,application/x-zip-compressed,,474869,,False,2026-08-20 22:53:29.718168+00:00,{}
33096298-b581-4281-84db-0d3136d7d4b6,716183e0-ed01-4f35-bef4-91d787df7b27,,https://www.icicipruamc.com/blob/downloads/Files/Fortnightly%20Portfolio%20Disclosures/2025/Fortnightly%20Debt%20Scheme%20Portfolio%20-%2031st%20December%202025.zip,file,zip,application/x-zip-compressed,,481937,,False,2026-08-20 22:53:50.003269+00:00,{}
4d31cf1d-f49a-48c3-ad7d-c539844c3020,716183e0-ed01-4f35-bef4-91d787df7b27,,https://www.icicipruamc.com/blob/downloads/Files/Fortnightly%20Portfolio%20Disclosures/2025/Fortnightly%20Debt%20Scheme%20Portfolio%20-%2015th%20December%202025.zip,file,zip,application/x-zip-compressed,,489778,,False,2026-08-20 22:54:09.823391+00:00,{}
e1772f28-89ce-4969-a3c7-b5ce29a792b0,716183e0-ed01-4f35-bef4-91d787df7b27,,https://www.icicipruamc.com/blob/downloads/Files/Fortnightly%20Portfolio%20Disclosures/2025/Fortnightly%20Debt%20Scheme%20Portfolio%20-%2030th%20November%202025.zip,file,zip,application/x-zip-compressed,,488076,,False,2026-08-20 22:54:28.870886+00:00,{}
c099e21d-a662-4117-a774-62e265021781,716183e0-ed01-4f35-bef4-91d787df7b27,,https://www.icicipruamc.com/blob/downloads/Files/Fortnightly%20Portfolio%20Disclosures/2025/Fortnightly%20Debt%20Scheme%20Portfolio%20-%2015th%20November%202025.zip,file,zip,application/x-zip-compressed,,488832,,False,2026-08-20 22:54:52.602939+00:00,{}
af33eb21-8330-4400-92ff-cca810d0b026,716183e0-ed01-4f35-bef4-91d787df7b27,,https://www.icicipruamc.com/blob/downloads/Files/Fortnightly%20Portfolio%20Disclosures/2025/Fortnightly%20Debt%20Scheme%20Portfolio%20-%2031st%20October%202025.zip,file,zip,application/x-zip-compressed,,478858,,False,2026-08-20 22:55:13.510909+00:00,{}
695e7b13-1447-4726-8f7a-20ca332a51b7,fd115007-9c03-4af8-b613-747f1ef177a6,,https://mutualfund.adityabirlacapital.com/-/media/bsl/files/resources/portfolio/portfolio-as-of-28-nov-2022-nsdapr27.zip,file,zip,application/x-zip-compressed,,16143,,False,2026-08-20 22:55:51.204647+00:00,{}
509bf749-4eb6-420a-970a-9380351f22c3,fd115007-9c03-4af8-b613-747f1ef177a6,,https://mutualfund.adityabirlacapital.com/-/media/bsl/files/resources/portfolio/portfolio-as-of-27-may-2021-cash.zip,file,zip,application/x-zip-compressed,,17873,,False,2026-08-20 22:55:52.716627+00:00,{}
a7072cea-35c8-4468-a03f-0d2dc491fec9,fd115007-9c03-4af8-b613-747f1ef177a6,,https://mutualfund.adityabirlacapital.com/-/media/bsl/files/resources/portfolio/portfolio-as-of--11-july-2024-debt.zip,file,zip,application/x-zip-compressed,,52639,,False,2026-08-20 22:55:54.711358+00:00,{}
973208cb-78a8-4568-9ba8-65f4f6b3da85,fd115007-9c03-4af8-b613-747f1ef177a6,,https://mutualfund.adityabirlacapital.com/-/media/bsl/files/resources/portfolio/portfolio-as-of-17-october-2021-debt.zip,file,zip,application/x-zip-compressed,,197634,,False,2026-08-20 22:55:56.577844+00:00,{}
2bf01d16-dec6-4a6a-b9d8-2e768a50d867,fd115007-9c03-4af8-b613-747f1ef177a6,,https://mutualfund.adityabirlacapital.com/-/media/bsl/files/resources/portfolio/portfolio-as-of-31-oct-2024-debt.zip,file,zip,application/x-zip-compressed,,199789,,False,2026-08-20 22:56:00.894877+00:00,{}
7ff0a8f8-5311-47dd-a4d8-188deaa7f406,fd115007-9c03-4af8-b613-747f1ef177a6,,https://mutualfund.adityabirlacapital.com/-/media/bsl/files/resources/portfolio/portfolio-as-of--31-mar-2026-debt.zip,file,zip,application/x-zip-compressed,,204292,,False,2026-08-20 22:56:05.980589+00:00,{}
8d41eb2d-3766-44a3-80aa-d3ebb1955aca,fd115007-9c03-4af8-b613-747f1ef177a6,,https://mutualfund.adityabirlacapital.com/-/media/bsl/files/resources/portfolio/portfolio-as-of-31-july-2023-debt.zip,file,zip,application/x-zip-compressed,,241578,,False,2026-08-20 22:56:10.713989+00:00,{}
31fbf7e5-9bd6-4f8a-89c4-fe147852a797,fd115007-9c03-4af8-b613-747f1ef177a6,,https://mutualfund.adityabirlacapital.com/-/media/bsl/files/resources/portfolio/portfolio-as-of-24-june-2022r-nsdapr27.zip,file,zip,application/x-zip-compressed,,12415,,False,2026-08-20 22:56:14.766183+00:00,{}
46a39d57-d6eb-4854-9a67-5f10dd687455,fd115007-9c03-4af8-b613-747f1ef177a6,,https://mutualfund.adityabirlacapital.com/-/media/bsl/files/resources/portfolio/portfolio-as-of-07-aug-2026.zip,file,zip,application/x-zip-compressed,,22872,,False,2026-08-20 22:56:15.551982+00:00,{}
f6c40460-ad4b-4a26-9b84-d2152eae2197,fd115007-9c03-4af8-b613-747f1ef177a6,,https://mutualfund.adityabirlacapital.com/-/media/bsl/files/resources/portfolio/portfolio-as-of-31-oct-2023-debt.zip,file,zip,application/x-zip-compressed,,183056,,False,2026-08-20 22:56:17.157173+00:00,{}
45d2a8f0-da97-4d0c-bacd-85c36c4c9ce0,fd115007-9c03-4af8-b613-747f1ef177a6,,https://mutualfund.adityabirlacapital.com/-/media/bsl/files/resources/portfolio/portfolio-as-of-31-aug-2022-debt.zip,file,zip,application/x-zip-compressed,,216878,,False,2026-08-20 22:56:21.652933+00:00,{}
6b39e054-0206-4480-9352-cdea5209b8df,fd115007-9c03-4af8-b613-747f1ef177a6,,https://mutualfund.adityabirlacapital.com/-/media/bsl/files/resources/portfolio/portfolio-as-of-16-oct-2022-debt.xlsx,file,xlsx,application/vnd.openxmlformats-officedocument.spreadsheetml.sheet,,230362,,False,2026-08-20 22:56:26.099612+00:00,{}
7d5f9a03-e53a-42bc-bb15-ef266a8aee6e,fd115007-9c03-4af8-b613-747f1ef177a6,,https://mutualfund.adityabirlacapital.com/-/media/bsl/files/resources/portfolio/portfolio-as-of-21-december-2021-liquid.zip,file,zip,application/x-zip-compressed,,16796,,False,2026-08-20 22:56:31.509000+00:00,{}
900e1a81-7d1c-4009-9ef0-8a0f1592e957,fd115007-9c03-4af8-b613-747f1ef177a6,,https://mutualfund.adityabirlacapital.com/-/media/bsl/files/resources/portfolio/portfolio-as-of-15-dec-2020-7-debt.zip,file,zip,application/x-zip-compressed,,141954,,False,2026-08-20 22:56:34.148187+00:00,{}
c3abc847-6921-4df6-b347-d4ce83af81b8,fd115007-9c03-4af8-b613-747f1ef177a6,,https://mutualfund.adityabirlacapital.com/-/media/bsl/files/resources/portfolio/portfolio-as-of-30-apr-2024-debt.zip,file,zip,application/x-zip-compressed,,196543,,False,2026-08-20 22:56:38.095739+00:00,{}
08562dd3-446b-40cc-b146-1628f8bf6141,fd115007-9c03-4af8-b613-747f1ef177a6,,https://mutualfund.adityabirlacapital.com/-/media/bsl/files/resources/portfolio/portfolio-as-of-15-jul-2026---debt.xlsx,file,xlsx,application/vnd.openxmlformats-officedocument.spreadsheetml.sheet,,200823,,False,2026-08-20 22:56:43.413905+00:00,{}
1e0fbd1f-dc9b-4614-b0ce-ab9710811ca7,fd115007-9c03-4af8-b613-747f1ef177a6,,https://mutualfund.adityabirlacapital.com/-/media/bsl/files/resources/portfolio/portfolio-as-of-15-aug-2022-debt.xlsx,file,xlsx,application/vnd.openxmlformats-officedocument.spreadsheetml.sheet,,223420,,False,2026-08-20 22:56:48.598619+00:00,{}
0c3f394e-bc15-4dc3-b343-a5fd2cd25743,81838f77-9c7f-498d-90d8-9125cdfed990,,https://www.dspim.com/media/pages/mandatory-disclosures/portfolio-disclosures/0448906466-1784552387/dsp-isin-debt-fortnightly-portfolio-as-on-15-jul-2026.xlsx,file,xlsx,application/vnd.openxmlformats-officedocument.spreadsheetml.sheet,,459184,,False,2026-08-20 22:59:17.043485+00:00,{}
c3ff6f4b-369c-49cf-9bc2-2d29eb55cecc,81838f77-9c7f-498d-90d8-9125cdfed990,,https://www.dspim.com/media/pages/mandatory-disclosures/portfolio-disclosures/c5b90e2240-1757771552/dsp-isin-debt-fortnightly-portfolio-as-on-15-jun-2024.xlsx,file,xlsx,application/vnd.openxmlformats-officedocument.spreadsheetml.sheet,,448699,,False,2026-08-20 22:59:19.837168+00:00,{}
aa3e7a6c-d3f5-4406-9571-3e9cac7bb29a,81838f77-9c7f-498d-90d8-9125cdfed990,,https://www.dspim.com/media/pages/mandatory-disclosures/portfolio-disclosures/0c4360bebf-1757771554/dsp-isin-debt-portfolio-oct-31.xlsx,file,xlsx,application/vnd.openxmlformats-officedocument.spreadsheetml.sheet,,136182,,False,2026-08-20 22:59:21.640354+00:00,{}
0f86b0fc-07ca-4635-9a02-ed18feac0a0b,81838f77-9c7f-498d-90d8-9125cdfed990,,https://www.miraeassetmf.co.in/docs/default-source/portfolios/manjf_15082026.xlsx,file,xlsx,application/vnd.openxmlformats-officedocument.spreadsheetml.sheet,,358632,,False,2026-08-20 22:59:38.540603+00:00,{}
094db06b-6d2a-4b0a-806c-f93dadb4a51a,81838f77-9c7f-498d-90d8-9125cdfed990,,https://www.miraeassetmf.co.in/docs/default-source/portfolios/masef-july2026.xlsx,file,xlsx,application/vnd.openxmlformats-officedocument.spreadsheetml.sheet,,128443,,False,2026-08-20 22:59:39.418561+00:00,{}
d4335168-e151-47b1-a940-4b6998c110cf,81838f77-9c7f-498d-90d8-9125cdfed990,,https://www.miraeassetmf.co.in/docs/default-source/portfolios/evetf-july2026.xlsx,file,xlsx,application/vnd.openxmlformats-officedocument.spreadsheetml.sheet,,142208,,False,2026-08-20 22:59:40.013126+00:00,{}
59f293cd-d7e4-4a92-9f07-2d207e8775a9,81838f77-9c7f-498d-90d8-9125cdfed990,,https://www.invescomutualfund.com/docs/default-source/fortnightly-holdings/ultra-short-durationcd3ffe07eee8616aaa28ff00007d74af.xlsx?sfvrsn=d6d79fc2_0,file,xlsx,application/vnd.openxmlformats-officedocument.spreadsheetml.sheet,,119673,,False,2026-08-20 22:59:45.177184+00:00,{}
733f1ead-7183-4165-8182-56d836131384,81838f77-9c7f-498d-90d8-9125cdfed990,,https://www.invescomutualfund.com/docs/default-source/fortnightly-holdings/banking-and-psue53efe07eee8616aaa28ff00007d74af.xlsx?sfvrsn=ced69fc2_0,file,xlsx,application/vnd.openxmlformats-officedocument.spreadsheetml.sheet,,116269,,False,2026-08-20 22:59:46.499544+00:00,{}
986e2649-a1e0-4673-82ad-41edf616edcf,81838f77-9c7f-498d-90d8-9125cdfed990,,https://www.invescomutualfund.com/docs/default-source/fortnightly-holdings/corp-bondc23efe07eee8616aaa28ff00007d74af.xlsx?sfvrsn=add69fc2_0,file,xlsx,application/vnd.openxmlformats-officedocument.spreadsheetml.sheet,,121780,,False,2026-08-20 22:59:47.456305+00:00,{}
6d02eb93-0e97-4c9c-a187-1d67bfdb9a50,81838f77-9c7f-498d-90d8-9125cdfed990,,https://www.icicipruamc.com/blob/downloads/Files/Fortnightly%20Portfolio%20Disclosures/2026/Fortnightly%20Debt%20Scheme%20Portfolio%20-%2015th%20August%202026.zip,file,zip,application/x-zip-compressed,,5458494,,False,2026-08-20 23:00:49.320121+00:00,{}
f9ace638-ab05-4b9d-b077-0ad09e2a942b,81838f77-9c7f-498d-90d8-9125cdfed990,,https://www.icicipruamc.com/blob/downloads/Files/Fortnightly%20Portfolio%20Disclosures/2026/Fortnightly%20Debt%20Scheme%20Portfolio%20-%2031st%20July%202026.zip,file,zip,application/x-zip-compressed,,5456949,,False,2026-08-20 23:01:15.845675+00:00,{}
a0c0ad99-ab0d-43ec-8e81-aa7b27d83bfb,81838f77-9c7f-498d-90d8-9125cdfed990,,https://www.icicipruamc.com/blob/downloads/Files/Fortnightly%20Portfolio%20Disclosures/2026/Fortnightly%20Debt%20Scheme%20Portfolio%20-%2015th%20July%202026.zip,file,zip,application/x-zip-compressed,,5462046,,False,2026-08-20 23:01:40.167965+00:00,{}
3e7dc481-f71e-4502-a24e-d7471f1127f6,45537ee1-0977-4668-b1ed-53a78bcdcbfd,,https://www.licmf.com/assets/downloads/portfolio/monthly/2023/2/LDUSTF03-03-2023-14:08:07.xlsx,file,xlsx,application/vnd.openxmlformats-officedocument.spreadsheetml.sheet,,167629,,False,2026-08-21 20:35:58.389699+00:00,{}
015cb5ab-f25f-4a73-a603-e17e345afc87,45537ee1-0977-4668-b1ed-53a78bcdcbfd,,https://www.licmf.com/assets/downloads/portfolio/monthly/2022/3/LDBOND08-04-2022-21:23:53.xlsx,file,xlsx,application/vnd.openxmlformats-officedocument.spreadsheetml.sheet,,181197,,False,2026-08-21 20:35:58.871309+00:00,{}
9e8ebb85-2261-4ab8-85e9-96c18f52e49e,45537ee1-0977-4668-b1ed-53a78bcdcbfd,,https://www.licmf.com/assets/downloads/portfolio/monthly/2023/2/LDONTF03-03-2023-14:08:07.xlsx,file,xlsx,application/vnd.openxmlformats-officedocument.spreadsheetml.sheet,,162158,,False,2026-08-21 20:35:59.298170+00:00,{}
43821bce-8c8b-4f40-bb47-301e5d8f917c,45537ee1-0977-4668-b1ed-53a78bcdcbfd,,https://www.licmf.com/assets/downloads/portfolio/fortnightly/2024/2/LDMNMF19-02-2024-11:48:36.xlsx,file,xlsx,application/vnd.openxmlformats-officedocument.spreadsheetml.sheet,,73410,,False,2026-08-21 20:35:59.673708+00:00,{}
5573bd0c-32ac-45c6-913d-b7cf787d0904,45537ee1-0977-4668-b1ed-53a78bcdcbfd,,https://www.licmf.com/assets/downloads/portfolio/monthly/2023/2/LDMNMF03-03-2023-14:08:07.xlsx,file,xlsx,application/vnd.openxmlformats-officedocument.spreadsheetml.sheet,,167938,,False,2026-08-21 20:36:00.038452+00:00,{}
1ee426c1-d506-4fc6-8cad-950c8bdfe08d,45537ee1-0977-4668-b1ed-53a78bcdcbfd,,https://www.licmf.com/assets/downloads/portfolio/fortnightly/2023/3/LDONTF17-03-2023-18:18:43.xlsx,file,xlsx,application/vnd.openxmlformats-officedocument.spreadsheetml.sheet,,162500,,False,2026-08-21 20:36:00.326570+00:00,{}
1e944976-7e37-4460-9394-5c0f3e95f729,45537ee1-0977-4668-b1ed-53a78bcdcbfd,,https://www.licmf.com/assets/downloads/portfolio/monthly/2024/2/LDMNMF04-03-2024-12:44:14.xlsx,file,xlsx,application/vnd.openxmlformats-officedocument.spreadsheetml.sheet,,74165,,False,2026-08-21 20:36:01.120239+00:00,{}
baaa3634-b83d-4018-a67f-72b5fda07f8a,45537ee1-0977-4668-b1ed-53a78bcdcbfd,,https://www.licmf.com/assets/downloads/portfolio/monthly/2023/3/LDSTDF03-04-2023-22:27:28.xlsx,file,xlsx,application/vnd.openxmlformats-officedocument.spreadsheetml.sheet,,170061,,False,2026-08-21 20:36:01.801779+00:00,{}
85903f43-2183-4672-9e9b-b4594d9f5da3,45537ee1-0977-4668-b1ed-53a78bcdcbfd,,https://www.licmf.com/assets/downloads/portfolio/monthly/2022/3/LDONTF08-04-2022-21:23:53.xlsx,file,xlsx,application/vnd.openxmlformats-officedocument.spreadsheetml.sheet,,164196,,False,2026-08-21 20:36:02.262519+00:00,{}
16f67945-99d3-48f0-b032-795657b5e719,45537ee1-0977-4668-b1ed-53a78bcdcbfd,,https://www.licmf.com/assets/downloads/portfolio/monthly/2022/3/LDUSTF08-04-2022-21:23:54.xlsx,file,xlsx,application/vnd.openxmlformats-officedocument.spreadsheetml.sheet,,169327,,False,2026-08-21 20:36:02.665109+00:00,{}
c03353c8-b0a9-4dfe-8664-fb846bbc8350,45537ee1-0977-4668-b1ed-53a78bcdcbfd,,https://www.licmf.com/assets/downloads/portfolio/fortnightly/2023/3/LDSTDF17-03-2023-18:18:44.xlsx,file,xlsx,application/vnd.openxmlformats-officedocument.spreadsheetml.sheet,,170055,,False,2026-08-21 20:36:03.031584+00:00,{}
50f6b733-11d7-437d-8256-668b8910bc2f,45537ee1-0977-4668-b1ed-53a78bcdcbfd,,https://www.licmf.com/assets/downloads/portfolio/fortnightly/2022/2/LDSTDF17-02-2022-18:43:12.xlsx,file,xlsx,application/vnd.openxmlformats-officedocument.spreadsheetml.sheet,,182225,,False,2026-08-21 20:36:03.432528+00:00,{}
799e04d9-6b17-4276-ba6e-009c2cf3ef95,45537ee1-0977-4668-b1ed-53a78bcdcbfd,,https://www.licmf.com/assets/downloads/portfolio/monthly/2024/3/LDMNMF17-04-2024-14:26:57.xlsx,file,xlsx,application/vnd.openxmlformats-officedocument.spreadsheetml.sheet,,71066,,False,2026-08-21 20:36:03.844912+00:00,{}
f1b74540-1aff-4875-aac2-7a0f975900ed,45537ee1-0977-4668-b1ed-53a78bcdcbfd,,https://www.licmf.com/assets/downloads/portfolio/monthly/2022/2/LDSTDF04-03-2022-16:01:55.xlsx,file,xlsx,application/vnd.openxmlformats-officedocument.spreadsheetml.sheet,,182405,,False,2026-08-21 20:36:04.242315+00:00,{}
eb5acf8c-6b3d-4db9-8013-ffb61a45d554,45537ee1-0977-4668-b1ed-53a78bcdcbfd,,https://www.licmf.com/assets/downloads/portfolio/monthly/2023/2/LDSTDF03-03-2023-14:08:07.xlsx,file,xlsx,application/vnd.openxmlformats-officedocument.spreadsheetml.sheet,,169962,,False,2026-08-21 20:36:04.749248+00:00,{}
76f73490-2c6b-4c7d-b77f-d10995eae399,45537ee1-0977-4668-b1ed-53a78bcdcbfd,,https://www.licmf.com/assets/downloads/portfolio/fortnightly/2022/3/LDSTDF17-03-2022-16:28:21.xlsx,file,xlsx,application/vnd.openxmlformats-officedocument.spreadsheetml.sheet,,182327,,False,2026-08-21 20:36:05.224754+00:00,{}
f43226bb-a167-4c56-8eac-4844bf4758ce,45537ee1-0977-4668-b1ed-53a78bcdcbfd,,https://www.licmf.com/assets/downloads/portfolio/fortnightly/2023/2/LDSTDF17-02-2023-19:31:49.xlsx,file,xlsx,application/vnd.openxmlformats-officedocument.spreadsheetml.sheet,,170026,,False,2026-08-21 20:36:05.957774+00:00,{}
b3cf403c-b530-4779-aa72-8f621ed5cc56,45537ee1-0977-4668-b1ed-53a78bcdcbfd,,https://www.licmf.com/assets/downloads/portfolio/fortnightly/2022/3/LDONTF17-03-2022-16:28:21.xlsx,file,xlsx,application/vnd.openxmlformats-officedocument.spreadsheetml.sheet,,164282,,False,2026-08-21 20:36:06.800875+00:00,{}
f2b7811e-a99d-48ed-a601-fbbada72e587,45537ee1-0977-4668-b1ed-53a78bcdcbfd,,https://www.licmf.com/assets/downloads/portfolio/monthly/2023/3/LDONTF03-04-2023-22:27:28.xlsx,file,xlsx,application/vnd.openxmlformats-officedocument.spreadsheetml.sheet,,164162,,False,2026-08-21 20:36:07.225354+00:00,{}
af8f64ea-fd3f-401b-8178-64d26d041080,45537ee1-0977-4668-b1ed-53a78bcdcbfd,,https://www.licmf.com/assets/downloads/portfolio/fortnightly/2023/2/LDMNMF17-02-2023-19:31:49.xlsx,file,xlsx,application/vnd.openxmlformats-officedocument.spreadsheetml.sheet,,167942,,False,2026-08-21 20:36:07.509618+00:00,{}
9cb6c143-98a4-488b-a1c0-e393d774caa0,45537ee1-0977-4668-b1ed-53a78bcdcbfd,,https://transact.axismf.com/cms/sites/default/files/Statutory/Fortnightly%20Portfolio%20-%20Axis%20Treasury%20Advantage%20Fund%20-%2015%20Feb%202026.xlsx,file,xlsx,application/vnd.openxmlformats-officedocument.spreadsheetml.sheet,,70153,,False,2026-08-21 20:36:09.958125+00:00,{}
cb354d39-1cf6-41c6-a9e7-5f6fcf10ccbb,45537ee1-0977-4668-b1ed-53a78bcdcbfd,,https://transact.axismf.com/cms/sites/default/files/Statutory/Fortnightly%20Portfolio%20-%20Axis%20Strategic%20Bond%20Fund%20-%2015%20Feb%202026.xlsx,file,xlsx,application/vnd.openxmlformats-officedocument.spreadsheetml.sheet,,63968,,False,2026-08-21 20:36:11.221503+00:00,{}
9d70e31c-154c-4285-9f9f-a5cb4338f2b3,45537ee1-0977-4668-b1ed-53a78bcdcbfd,,https://transact.axismf.com/cms/sites/default/files/Statutory/Fortnightly%20Portfolio%20-%20Axis%20Short%20Duration%20Fund%20-%2015%20Feb%202026.xlsx,file,xlsx,application/vnd.openxmlformats-officedocument.spreadsheetml.sheet,,76816,,False,2026-08-21 20:36:12.107925+00:00,{}
71cdae52-c99a-4e9e-b0ea-65a87a394f84,45537ee1-0977-4668-b1ed-53a78bcdcbfd,,https://transact.axismf.com/cms/sites/default/files/Statutory/Fortnightly%20Portfolio%20-%20Axis%20Overnight%20Fund%20-%2015%20Feb%202026.xlsx,file,xlsx,application/vnd.openxmlformats-officedocument.spreadsheetml.sheet,,52507,,False,2026-08-21 20:36:13.952581+00:00,{}
221ffc62-ab80-41ac-b84d-699b931b924d,45537ee1-0977-4668-b1ed-53a78bcdcbfd,,https://transact.axismf.com/cms/sites/default/files/Statutory/Fortnightly%20Portfolio%20-%20Axis%20Retirement%20Fund%20-%20Conservative%20Plan%20-%2015%20Feb%202026.xlsx,file,xlsx,application/vnd.openxmlformats-officedocument.spreadsheetml.sheet,,57762,,False,2026-08-21 20:36:14.257369+00:00,{}
0dc6391a-fe97-4ff9-b380-ad8c1e73b289,45537ee1-0977-4668-b1ed-53a78bcdcbfd,,https://transact.axismf.com/cms/sites/default/files/Statutory/Fortnightly%20Portfolio%20-%20Axis%20Fixed%20Term%20Plan%20-%20Series%20113%20%201228%20Days%20%20-%2015%20Feb%202026.xlsx,file,xlsx,application/vnd.openxmlformats-officedocument.spreadsheetml.sheet,,56599,,False,2026-08-21 20:36:14.710434+00:00,{}
bc7d8dea-c39b-404d-95db-9711d10c484d,45537ee1-0977-4668-b1ed-53a78bcdcbfd,,https://transact.axismf.com/cms/sites/default/files/Statutory/Fortnightly%20Portfolio%20-%2015-02-2026.xlsx,file,xlsx,application/vnd.openxmlformats-officedocument.spreadsheetml.sheet,,479652,,False,2026-08-21 20:36:15.276744+00:00,{}
f05e1a90-7710-42f7-b17d-6a864770d660,45537ee1-0977-4668-b1ed-53a78bcdcbfd,,https://transact.axismf.com/cms/sites/default/files/Statutory/Fortnightly%20Portfolio%20-%20Axis%20Nifty%20SDL%20September%202026%20Debt%20Index%20Fund%20-%2015%20Feb%202026.xlsx,file,xlsx,application/vnd.openxmlformats-officedocument.spreadsheetml.sheet,,54813,,False,2026-08-21 20:36:27.753890+00:00,{}
67737a6a-a2b3-4598-9b62-9cf51dcd792f,45537ee1-0977-4668-b1ed-53a78bcdcbfd,,https://transact.axismf.com/cms/sites/default/files/Statutory/Fortnightly%20Portfolio%20-%20Axis%20Nifty%20AAA%20Bond%20Plus%20SDL%20Apr%202026%2050%2050%20ETF%20FOF%20-%2015%20Feb%202026.xlsx,file,xlsx,application/vnd.openxmlformats-officedocument.spreadsheetml.sheet,,51947,,False,2026-08-21 20:36:27.992244+00:00,{}
1c7aac91-7ff9-40a8-a347-9529e4a9fd71,45537ee1-0977-4668-b1ed-53a78bcdcbfd,,https://transact.axismf.com/cms/sites/default/files/Statutory/IN_MF_FORTNIGHTLY_PORTFOLIO_AXISMF.xls,file,xls,application/vnd.ms-excel,,487038,,False,2026-08-21 20:36:28.494165+00:00,{}
ff70af82-749b-4671-97dd-c5dfdc343b84,45537ee1-0977-4668-b1ed-53a78bcdcbfd,,https://transact.axismf.com/cms/sites/default/files/Statutory/Fortnightly%20Portfolio%20-%20Axis%20Nifty%20AAA%20Bond%20Plus%20SDL%20Apr%202026%2050%2050%20ETF%20-%2015%20Feb%202026.xlsx,file,xlsx,application/vnd.openxmlformats-officedocument.spreadsheetml.sheet,,53788,,False,2026-08-21 20:36:39.665483+00:00,{}
91a29c70-465b-41a1-9aca-b7ff3b3f03c0,45537ee1-0977-4668-b1ed-53a78bcdcbfd,,https://transact.axismf.com/cms/sites/default/files/Statutory/Fortnightly%20Portfolio%20-%20Axis%20Money%20Market%20Fund%20-%2015%20Feb%202026.xlsx,file,xlsx,application/vnd.openxmlformats-officedocument.spreadsheetml.sheet,,67855,,False,2026-08-21 20:36:39.934071+00:00,{}
2d5532f9-06b0-41fa-93a2-fd173a496728,45537ee1-0977-4668-b1ed-53a78bcdcbfd,,https://transact.axismf.com/cms/sites/default/files/Statutory/IN_MF_FORTNIGHTLY_PORTFOLIO_AXISMF_15112021%20V1%20%283%29.xlsx,file,xlsx,application/vnd.openxmlformats-officedocument.spreadsheetml.sheet,,483928,,False,2026-08-21 20:36:41.397203+00:00,{}
43742c9b-6084-49a6-ad70-f7cddc462659,45537ee1-0977-4668-b1ed-53a78bcdcbfd,,https://transact.axismf.com/cms/sites/default/files/Statutory/Fortnightly%20Portfolio%20-%20Axis%20Long%20Duration%20Fund%20-%2015%20Feb%202026.xlsx,file,xlsx,application/vnd.openxmlformats-officedocument.spreadsheetml.sheet,,55418,,False,2026-08-21 20:36:52.017320+00:00,{}
a97b2e79-1bd5-4f4d-a04c-d86a32a92dd8,45537ee1-0977-4668-b1ed-53a78bcdcbfd,,https://transact.axismf.com/cms/sites/default/files/Statutory/Fortnightly%20Portfolio%20-%20Axis%20Liquid%20Fund%20-%2015%20Feb%202026.xlsx,file,xlsx,application/vnd.openxmlformats-officedocument.spreadsheetml.sheet,,68374,,False,2026-08-21 20:36:52.273213+00:00,{}
0306cd78-3f57-4ac0-bb25-a3d444f7fdc8,ee37f33b-5966-4211-bce8-fb5b4f3391c6,,https://www.dspim.com/media/pages/mandatory-disclosures/portfolio-disclosures/539b88d543-1757771553/dsp-isin-debt-portfolio-as-on-31-jan-2025.xlsx,file,xlsx,application/vnd.openxmlformats-officedocument.spreadsheetml.sheet,,394359,,False,2026-08-21 20:53:55.391635+00:00,{}
130ade25-c6d9-4640-ae88-931ee6bcacd8,ee37f33b-5966-4211-bce8-fb5b4f3391c6,,https://www.dspim.com/media/pages/mandatory-disclosures/portfolio-disclosures/5e0abaa114-1757771556/month_end_portfolio_disclosure_nov2016.zip,file,zip,application/zip,,143183,,False,2026-08-21 20:53:57.717156+00:00,{}
de39767f-6835-457e-97b4-f3c729cdf3cd,ee37f33b-5966-4211-bce8-fb5b4f3391c6,,https://www.dspim.com/media/pages/mandatory-disclosures/portfolio-disclosures/5dff79e93f-1757771557/month_end_portfolios_disclosure_nov2018.zip,file,zip,application/zip,,292458,,False,2026-08-21 20:54:12.568408+00:00,{}
4e943c6c-f101-4b93-bdee-7ad806ae8ab4,a36aeef3-a88a-4b0f-b173-90cb8d177767,,https://portal.amfiindia.com/spages/NAVAll.txt,file,text,text/plain,32f435d9b643c1feb7335296d9548afb8b39735e217059a3d8aecbe6695b8cf8,1504072,,False,2026-08-21 20:54:22.770017+00:00,{}
0e9b97e7-ea8d-41fa-ac84-7245a075e956,a36aeef3-a88a-4b0f-b173-90cb8d177767,,https://portal.amfiindia.com/spages/NAVOpen.txt,file,text,text/plain,529a822bc8b4cf96b8b0ba8a9fa093c6dd9e9b5a9d8b112f2ca76cf933e7f315,1038962,,False,2026-08-21 20:54:23.296924+00:00,{}
df70603a-4b52-40f0-a198-bb895608a761,a36aeef3-a88a-4b0f-b173-90cb8d177767,,https://portal.amfiindia.com/spages/NAVAll.txt,file,text,text/plain,32f435d9b643c1feb7335296d9548afb8b39735e217059a3d8aecbe6695b8cf8,1504072,,False,2026-08-21 20:54:24.581642+00:00,{}
54894323-a735-4038-9859-12e33a5b1453,a36aeef3-a88a-4b0f-b173-90cb8d177767,,https://portal.amfiindia.com/spages/NAVOpen.txt,file,text,text/plain,529a822bc8b4cf96b8b0ba8a9fa093c6dd9e9b5a9d8b112f2ca76cf933e7f315,1038962,,False,2026-08-21 20:54:25.322953+00:00,{}
301104c1-67ed-4ebe-872a-a02e58fdc7d1,a36aeef3-a88a-4b0f-b173-90cb8d177767,,https://portal.amfiindia.com/spages/NAVAll.txt,file,text,text/plain,32f435d9b643c1feb7335296d9548afb8b39735e217059a3d8aecbe6695b8cf8,1504072,,False,2026-08-21 20:54:27.891977+00:00,{}
1bc473c9-0da0-4bd1-98b7-c437ff2003e5,a36aeef3-a88a-4b0f-b173-90cb8d177767,,https://portal.amfiindia.com/spages/NAVOpen.txt,file,text,text/plain,529a822bc8b4cf96b8b0ba8a9fa093c6dd9e9b5a9d8b112f2ca76cf933e7f315,1038962,,False,2026-08-21 20:54:29.128125+00:00,{}
e05a8a00-3570-4eac-99bf-4d1f552ebe62,a36aeef3-a88a-4b0f-b173-90cb8d177767,,https://portal.amfiindia.com/spages/NAVClose.txt,file,text,text/plain,b70ca692e1f70cb8ea5627c04888fc366dc619b1691ab018ee7ccfde5e7a1a93,461208,,False,2026-08-21 20:54:29.992212+00:00,{}
0d317ba3-3024-416e-bae5-af81524281a6,a36aeef3-a88a-4b0f-b173-90cb8d177767,,https://portal.amfiindia.com/spages/NAVAll.txt,file,text,text/plain,32f435d9b643c1feb7335296d9548afb8b39735e217059a3d8aecbe6695b8cf8,1504072,,False,2026-08-21 20:54:31.796241+00:00,{}
e8b33e48-7447-400d-b3b2-7f97e3938175,a36aeef3-a88a-4b0f-b173-90cb8d177767,,https://portal.amfiindia.com/spages/NAVOpen.txt,file,text,text/plain,529a822bc8b4cf96b8b0ba8a9fa093c6dd9e9b5a9d8b112f2ca76cf933e7f315,1038962,,False,2026-08-21 20:54:32.733860+00:00,{}
90799223-b1e7-46a7-b6cf-66187efe999f,a36aeef3-a88a-4b0f-b173-90cb8d177767,,https://portal.amfiindia.com/spages/NAVClose.txt,file,text,text/plain,b70ca692e1f70cb8ea5627c04888fc366dc619b1691ab018ee7ccfde5e7a1a93,461208,,False,2026-08-21 20:54:33.674381+00:00,{}
98884cdd-33f8-4101-9823-0f58e7f6415a,a36aeef3-a88a-4b0f-b173-90cb8d177767,,https://portal.amfiindia.com/spages/NAVAll.txt,file,text,text/plain,32f435d9b643c1feb7335296d9548afb8b39735e217059a3d8aecbe6695b8cf8,1504072,,False,2026-08-21 20:54:35.329377+00:00,{}
09cc41a4-50a4-4460-9eda-daf958c079dc,a36aeef3-a88a-4b0f-b173-90cb8d177767,,https://portal.amfiindia.com/spages/NAVOpen.txt,file,text,text/plain,529a822bc8b4cf96b8b0ba8a9fa093c6dd9e9b5a9d8b112f2ca76cf933e7f315,1038962,,False,2026-08-21 20:54:36.198864+00:00,{}
94946d75-2832-4ff1-953f-616b796ed5f4,a36aeef3-a88a-4b0f-b173-90cb8d177767,,https://portal.amfiindia.com/spages/NAVAll.txt,file,text,text/plain,32f435d9b643c1feb7335296d9548afb8b39735e217059a3d8aecbe6695b8cf8,1504072,,False,2026-08-21 20:54:40.905900+00:00,{}
9c98e3b5-46f4-4c81-89b6-03176797923b,a36aeef3-a88a-4b0f-b173-90cb8d177767,,https://portal.amfiindia.com/spages/NAVOpen.txt,file,text,text/plain,529a822bc8b4cf96b8b0ba8a9fa093c6dd9e9b5a9d8b112f2ca76cf933e7f315,1038962,,False,2026-08-21 20:54:41.632205+00:00,{}
2f8f302d-d96f-4b64-84bb-0d508d6bab76,a36aeef3-a88a-4b0f-b173-90cb8d177767,,https://portal.amfiindia.com/spages/NAVAll.txt,file,text,text/plain,32f435d9b643c1feb7335296d9548afb8b39735e217059a3d8aecbe6695b8cf8,1504072,,False,2026-08-21 20:54:42.788802+00:00,{}
8502108e-6d62-4eda-b025-1b5da1f6a366,a36aeef3-a88a-4b0f-b173-90cb8d177767,,https://portal.amfiindia.com/spages/NAVOpen.txt,file,text,text/plain,529a822bc8b4cf96b8b0ba8a9fa093c6dd9e9b5a9d8b112f2ca76cf933e7f315,1038962,,False,2026-08-21 20:55:31.716445+00:00,{}
ebb15380-2125-4ad8-a6f2-69d810d13b3b,a36aeef3-a88a-4b0f-b173-90cb8d177767,,https://portal.amfiindia.com/spages/NAVAll.txt,file,text,text/plain,32f435d9b643c1feb7335296d9548afb8b39735e217059a3d8aecbe6695b8cf8,1504072,,False,2026-08-21 20:55:35.205252+00:00,{}
831620f9-1491-4876-a3e2-2cc240057ddb,a36aeef3-a88a-4b0f-b173-90cb8d177767,,https://portal.amfiindia.com/spages/NAVOpen.txt,file,text,text/plain,529a822bc8b4cf96b8b0ba8a9fa093c6dd9e9b5a9d8b112f2ca76cf933e7f315,1038962,,False,2026-08-21 20:55:36.813964+00:00,{}
1932da4c-381b-4c9b-8b31-ff7b6cc9135d,a36aeef3-a88a-4b0f-b173-90cb8d177767,,https://portal.amfiindia.com/spages/NAVAll.txt,file,text,text/plain,32f435d9b643c1feb7335296d9548afb8b39735e217059a3d8aecbe6695b8cf8,1504072,,False,2026-08-21 20:55:44.653246+00:00,{}
e4442e08-12bd-4249-a6a4-d981585d0038,a36aeef3-a88a-4b0f-b173-90cb8d177767,,https://portal.amfiindia.com/spages/NAVOpen.txt,file,text,text/plain,529a822bc8b4cf96b8b0ba8a9fa093c6dd9e9b5a9d8b112f2ca76cf933e7f315,1038962,,False,2026-08-21 20:55:46.196662+00:00,{}
c4844ff0-3986-4d6a-a572-8c9996d791a1,a36aeef3-a88a-4b0f-b173-90cb8d177767,,https://portal.amfiindia.com/spages/NAVAll.txt,file,text,text/plain,32f435d9b643c1feb7335296d9548afb8b39735e217059a3d8aecbe6695b8cf8,1504072,,False,2026-08-21 20:55:48.045634+00:00,{}
0b20d7ef-0130-45ac-bbe3-186418eb35d8,a36aeef3-a88a-4b0f-b173-90cb8d177767,,https://portal.amfiindia.com/spages/NAVOpen.txt,file,text,text/plain,529a822bc8b4cf96b8b0ba8a9fa093c6dd9e9b5a9d8b112f2ca76cf933e7f315,1038962,,False,2026-08-21 20:55:48.815054+00:00,{}
89171100-19ba-440d-a63f-dd83d3bea018,a36aeef3-a88a-4b0f-b173-90cb8d177767,,https://portal.amfiindia.com/spages/NAVAll.txt,file,text,text/plain,32f435d9b643c1feb7335296d9548afb8b39735e217059a3d8aecbe6695b8cf8,1504072,,False,2026-08-21 20:55:55.346983+00:00,{}
3ec6eee8-0f7b-4651-9e4c-7a0986ba0297,a36aeef3-a88a-4b0f-b173-90cb8d177767,,https://portal.amfiindia.com/spages/NAVOpen.txt,file,text,text/plain,529a822bc8b4cf96b8b0ba8a9fa093c6dd9e9b5a9d8b112f2ca76cf933e7f315,1038962,,False,2026-08-21 20:55:56.668834+00:00,{}
69c63935-61fb-4312-96db-755ef006f240,a36aeef3-a88a-4b0f-b173-90cb8d177767,,https://portal.amfiindia.com/spages/NAVAll.txt,file,text,text/plain,32f435d9b643c1feb7335296d9548afb8b39735e217059a3d8aecbe6695b8cf8,1504072,,False,2026-08-21 20:55:58.075570+00:00,{}
c958b281-ecdd-484a-a6a2-135d0e9debf0,a36aeef3-a88a-4b0f-b173-90cb8d177767,,https://portal.amfiindia.com/spages/NAVOpen.txt,file,text,text/plain,529a822bc8b4cf96b8b0ba8a9fa093c6dd9e9b5a9d8b112f2ca76cf933e7f315,1038962,,False,2026-08-21 20:55:59.473589+00:00,{}
412c35f4-ebb9-443b-9b5d-8f94f3956d2b,a36aeef3-a88a-4b0f-b173-90cb8d177767,,https://portal.amfiindia.com/spages/NAVAll.txt,file,text,text/plain,32f435d9b643c1feb7335296d9548afb8b39735e217059a3d8aecbe6695b8cf8,1504072,,False,2026-08-21 20:56:04.545790+00:00,{}
ca050a9c-9664-4765-890d-579ec2752eb7,a36aeef3-a88a-4b0f-b173-90cb8d177767,,https://portal.amfiindia.com/spages/NAVOpen.txt,file,text,text/plain,529a822bc8b4cf96b8b0ba8a9fa093c6dd9e9b5a9d8b112f2ca76cf933e7f315,1038962,,False,2026-08-21 20:56:05.898245+00:00,{}
5180bc1e-688c-4c18-a094-c34453f1d56c,a36aeef3-a88a-4b0f-b173-90cb8d177767,,https://portal.amfiindia.com/spages/NAVAll.txt,file,text,text/plain,32f435d9b643c1feb7335296d9548afb8b39735e217059a3d8aecbe6695b8cf8,1504072,,False,2026-08-21 20:56:08.308262+00:00,{}
81374c0b-a873-40b2-87c5-a4c9c46dc17a,a36aeef3-a88a-4b0f-b173-90cb8d177767,,https://portal.amfiindia.com/spages/NAVOpen.txt,file,text,text/plain,529a822bc8b4cf96b8b0ba8a9fa093c6dd9e9b5a9d8b112f2ca76cf933e7f315,1038962,,False,2026-08-21 20:56:09.643877+00:00,{}
81968d95-ae29-4fc7-b8b1-f345f0cd6c4e,a36aeef3-a88a-4b0f-b173-90cb8d177767,,https://portal.amfiindia.com/spages/NAVAll.txt,file,text,text/plain,32f435d9b643c1feb7335296d9548afb8b39735e217059a3d8aecbe6695b8cf8,1504072,,False,2026-08-21 20:56:12.134135+00:00,{}
23dc825e-5367-4f5f-86ea-21a1887a65f0,a36aeef3-a88a-4b0f-b173-90cb8d177767,,https://portal.amfiindia.com/spages/NAVOpen.txt,file,text,text/plain,529a822bc8b4cf96b8b0ba8a9fa093c6dd9e9b5a9d8b112f2ca76cf933e7f315,1038962,,False,2026-08-21 20:56:13.509570+00:00,{}
bdf0f30d-6865-44bf-8f6a-4ace44242cdf,a36aeef3-a88a-4b0f-b173-90cb8d177767,,https://portal.amfiindia.com/spages/NAVClose.txt,file,text,text/plain,b70ca692e1f70cb8ea5627c04888fc366dc619b1691ab018ee7ccfde5e7a1a93,461208,,False,2026-08-21 20:56:14.847520+00:00,{}
72be83ac-ae09-414e-9a98-7e5378a51ed2,a36aeef3-a88a-4b0f-b173-90cb8d177767,,https://portal.amfiindia.com/spages/NAVAll.txt,file,text,text/plain,32f435d9b643c1feb7335296d9548afb8b39735e217059a3d8aecbe6695b8cf8,1504072,,False,2026-08-21 20:56:17.147090+00:00,{}
93412414-693f-42a9-b693-420619facfd0,a36aeef3-a88a-4b0f-b173-90cb8d177767,,https://portal.amfiindia.com/spages/NAVOpen.txt,file,text,text/plain,529a822bc8b4cf96b8b0ba8a9fa093c6dd9e9b5a9d8b112f2ca76cf933e7f315,1038962,,False,2026-08-21 20:56:35.333193+00:00,{}
8d450ae2-2645-4c3f-83a4-c55d4bab60bf,a36aeef3-a88a-4b0f-b173-90cb8d177767,,https://portal.amfiindia.com/spages/NAVClose.txt,file,text,text/plain,b70ca692e1f70cb8ea5627c04888fc366dc619b1691ab018ee7ccfde5e7a1a93,461208,,False,2026-08-21 20:56:43.067628+00:00,{}
ba17f498-7a58-41a5-a361-c57eb2b5c65f,a36aeef3-a88a-4b0f-b173-90cb8d177767,,https://portal.amfiindia.com/spages/NAVInterval.txt,file,text,text/plain,7344812ad9e068e2c3e02e7e511946cacf9793590664f20f95f2fb8dba20687b,4124,,False,2026-08-21 20:56:43.341581+00:00,{}
bc9b51c7-00ad-4d6c-adb9-f66f4726ad0c,ee37f33b-5966-4211-bce8-fb5b4f3391c6,,https://www.miraeassetmf.co.in/docs/default-source/portfolios/macif_15082026.xlsx,file,xlsx,application/vnd.openxmlformats-officedocument.spreadsheetml.sheet,,386522,,False,2026-08-21 20:56:20.923023+00:00,{}
0e47fd67-9c0e-45c5-967f-102bcb96164d,ee37f33b-5966-4211-bce8-fb5b4f3391c6,,https://www.miraeassetmf.co.in/docs/default-source/portfolios/912ibxfs_15082026.xlsx,file,xlsx,application/vnd.openxmlformats-officedocument.spreadsheetml.sheet,,421843,,False,2026-08-21 20:56:22.031045+00:00,{}
19430aec-25c3-4e12-a9c0-cc86000a72da,ee37f33b-5966-4211-bce8-fb5b4f3391c6,,https://www.miraeassetmf.co.in/docs/default-source/portfolios/mnsfof-july2026.xlsx,file,xlsx,application/vnd.openxmlformats-officedocument.spreadsheetml.sheet,,135886,,False,2026-08-21 20:56:22.719276+00:00,{}
a135680b-1fa8-4071-83b5-01a90eb745bc,7ff0c4a8-a860-4f97-8f37-8732bf4d3497,,https://www.icicipruamc.com/blob/downloads/Files/Fortnightly%20Portfolio%20Disclosures/2026/Fortnightly%20Debt%20Scheme%20Portfolio%20-%2015th%20August%202026.zip,file,zip,application/x-zip-compressed,,5458494,,False,2026-08-21 21:02:18.728407+00:00,{}
baf4f6d8-fcea-4746-9b54-91c5925fa19f,7ff0c4a8-a860-4f97-8f37-8732bf4d3497,,https://www.icicipruamc.com/blob/downloads/Files/Fortnightly%20Portfolio%20Disclosures/2026/Fortnightly%20Debt%20Scheme%20Portfolio%20-%2031st%20July%202026.zip,file,zip,application/x-zip-compressed,,5456949,,False,2026-08-21 21:02:40.484985+00:00,{}
e1b45834-221a-40e9-bfe5-d21c92ead1e7,7ff0c4a8-a860-4f97-8f37-8732bf4d3497,,https://www.icicipruamc.com/blob/downloads/Files/Fortnightly%20Portfolio%20Disclosures/2026/Fortnightly%20Debt%20Scheme%20Portfolio%20-%2015th%20July%202026.zip,file,zip,application/x-zip-compressed,,5462046,,False,2026-08-21 21:03:02.332480+00:00,{}
243eb530-0814-49ef-82e9-292c67d3e3e1,31e058aa-241b-4ea3-87a9-f27fdc47df89,,https://amc.ppfas.com/downloads/portfolio-disclosure/fortnightly-debt-portfolio-disclosure/2024/PPLF_Fortnightly_Portfolio_Report_15-june-2024.xlsx?19062024,file,xlsx,application/vnd.openxmlformats-officedocument.spreadsheetml.sheet,,22975,,False,2026-08-21 21:12:44.685290+00:00,{}
9866d7ce-1cab-4106-b8a3-a0649b4be59f,31e058aa-241b-4ea3-87a9-f27fdc47df89,,https://amc.ppfas.com/downloads/portfolio-disclosure/fortnightly-debt-portfolio-disclosure/2023/PPLF_Fortnightly_Portfolio_Report_31-december-2023.xlsx?04012024,file,xlsx,application/vnd.openxmlformats-officedocument.spreadsheetml.sheet,,23091,,False,2026-08-21 21:12:46.216603+00:00,{}
5ba5281d-8dfb-4403-a116-a71e87b813bc,31e058aa-241b-4ea3-87a9-f27fdc47df89,,https://amc.ppfas.com/downloads/portfolio-disclosure/2024/PPFAS_Monthly_Portfolio_Report_December_31_2024.xlsx?09012025_1,file,xlsx,application/vnd.openxmlformats-officedocument.spreadsheetml.sheet,,424359,,False,2026-08-21 21:12:47.977247+00:00,{}
e00fc171-9a8b-4569-86d3-8457e940f502,31e058aa-241b-4ea3-87a9-f27fdc47df89,,https://amc.ppfas.com/downloads/portfolio-disclosure/fortnightly-debt-portfolio-disclosure/2022/PPLF_Fortnightly_Portfolio_Report_30-apr-2022.xlsx?04052022,file,xlsx,application/vnd.openxmlformats-officedocument.spreadsheetml.sheet,,88281,,False,2026-08-21 21:12:49.877982+00:00,{}
bd5c2760-e6b0-4970-909e-721c9ac452e0,31e058aa-241b-4ea3-87a9-f27fdc47df89,,https://www.invescomutualfund.com/docs/default-source/fortnightly-holdings/money-market2b3ffe07eee8616aaa28ff00007d74af.xlsx?sfvrsn=34d79fc2_0,file,xlsx,application/vnd.openxmlformats-officedocument.spreadsheetml.sheet,,123468,,False,2026-08-21 21:12:56.155769+00:00,{}
4d1a9360-adaf-494b-94cd-861e2101466f,31e058aa-241b-4ea3-87a9-f27fdc47df89,,https://www.invescomutualfund.com/docs/default-source/fortnightly-holdings/liquid-fund763ffe07eee8616aaa28ff00007d74af.xlsx?sfvrsn=61d79fc2_0,file,xlsx,application/vnd.openxmlformats-officedocument.spreadsheetml.sheet,,126430,,False,2026-08-21 21:12:58.732054+00:00,{}
a54f8fc2-fc0a-4cc6-8f92-5a760a83dd85,31e058aa-241b-4ea3-87a9-f27fdc47df89,,https://www.invescomutualfund.com/docs/default-source/fortnightly-holdings/nifty-g-sec-jul-20279f3efe07eee8616aaa28ff00007d74af.xlsx?sfvrsn=88d69fc2_0,file,xlsx,application/vnd.openxmlformats-officedocument.spreadsheetml.sheet,,115987,,False,2026-08-21 21:13:00.415067+00:00,{}
0524bc58-c856-49fd-b8d7-d1c879072ae8,31e058aa-241b-4ea3-87a9-f27fdc47df89,,https://www.invescomutualfund.com/docs/default-source/fortnightly-holdings/gilt-fund4e3ffe07eee8616aaa28ff00007d74af.xlsx?sfvrsn=59d79fc2_0,file,xlsx,application/vnd.openxmlformats-officedocument.spreadsheetml.sheet,,113511,,False,2026-08-21 21:13:01.850276+00:00,{}
9c663d25-08b7-48c9-a1af-6a1aad645567,31e058aa-241b-4ea3-87a9-f27fdc47df89,,https://www.invescomutualfund.com/docs/default-source/fortnightly-holdings/overnight-fundf03ffe07eee8616aaa28ff00007d74af.xlsx?sfvrsn=fbd79fc2_0,file,xlsx,application/vnd.openxmlformats-officedocument.spreadsheetml.sheet,,112642,,False,2026-08-21 21:13:03.614051+00:00,{}
240e0388-1555-46e3-b987-3873db45e697,31e058aa-241b-4ea3-87a9-f27fdc47df89,,https://www.invescomutualfund.com/docs/default-source/fortnightly-holdings/corp-bondc23efe07eee8616aaa28ff00007d74af.xlsx?sfvrsn=add69fc2_0,file,xlsx,application/vnd.openxmlformats-officedocument.spreadsheetml.sheet,,121780,,False,2026-08-21 21:13:04.714089+00:00,{}
90064f4d-03bb-4e87-b0ff-692a727a259d,24ae010b-7d1c-4f9c-9034-ed413a9c8c41,,https://amc.ppfas.com/downloads/portfolio-disclosure/fortnightly-debt-portfolio-disclosure/2021/PPCHF_Fortnightly_Portfolio_Report_15-dec-2021.xlsx?15122021,file,xlsx,application/vnd.openxmlformats-officedocument.spreadsheetml.sheet,,91182,,False,2026-08-21 21:13:49.643643+00:00,{}
19e33bf8-4d77-43a8-b161-dd14caf957e5,24ae010b-7d1c-4f9c-9034-ed413a9c8c41,,https://amc.ppfas.com/downloads/portfolio-disclosure/fortnightly-debt-portfolio-disclosure/2023/PPCHF_Fortnightly_Portfolio_Report_31-december-2023.xlsx?04012024,file,xlsx,application/vnd.openxmlformats-officedocument.spreadsheetml.sheet,,35319,,False,2026-08-21 21:13:50.582622+00:00,{}
fdae30a6-808f-472a-a6f6-f190e66c1230,24ae010b-7d1c-4f9c-9034-ed413a9c8c41,,https://amc.ppfas.com/downloads/portfolio-disclosure/fortnightly-debt-portfolio-disclosure/2024/PPLF_Fortnightly_Portfolio_Report_31-december-2024.xlsx?04012025,file,xlsx,application/vnd.openxmlformats-officedocument.spreadsheetml.sheet,,83830,,False,2026-08-21 21:13:51.921610+00:00,{}
c0bb0258-d42c-4842-bd83-8093a067f31c,24ae010b-7d1c-4f9c-9034-ed413a9c8c41,,https://amc.ppfas.com/downloads/portfolio-disclosure/fortnightly-debt-portfolio-disclosure/2023/PPLF_Fortnightly_Portfolio_Report_30-september-2023.xlsx?04102023,file,xlsx,application/vnd.openxmlformats-officedocument.spreadsheetml.sheet,,22339,,False,2026-08-21 21:13:52.503975+00:00,{}
c95f300a-e76d-4d93-a05e-6d1eb4fc9b98,24ae010b-7d1c-4f9c-9034-ed413a9c8c41,,https://amc.ppfas.com/downloads/portfolio-disclosure/fortnightly-debt-portfolio-disclosure/2022/PPCHF_Fortnightly_Portfolio_Report_15-jul-2022.xlsx?19072022,file,xlsx,application/vnd.openxmlformats-officedocument.spreadsheetml.sheet,,95814,,False,2026-08-21 21:13:53.838945+00:00,{}
776a5897-fc9e-4010-a3d2-a1b7cc0c37a2,24ae010b-7d1c-4f9c-9034-ed413a9c8c41,,https://amc.ppfas.com/downloads/portfolio-disclosure/fortnightly-debt-portfolio-disclosure/2022/PPLF_Fortnightly_Portfolio_Report_31-may-2022.xlsx?03062022,file,xlsx,application/vnd.openxmlformats-officedocument.spreadsheetml.sheet,,91578,,False,2026-08-21 21:13:55.025353+00:00,{}
d1838828-6a83-4d23-a87c-6cfbe9b9da1d,24ae010b-7d1c-4f9c-9034-ed413a9c8c41,,https://amc.ppfas.com/downloads/portfolio-disclosure/fortnightly-debt-portfolio-disclosure/2024/PPLF_Fortnightly_Portfolio_Report_31-january-2024.xlsx?02022024,file,xlsx,application/vnd.openxmlformats-officedocument.spreadsheetml.sheet,,22841,,False,2026-08-21 21:13:56.334720+00:00,{}
47226d7e-ad68-48d2-94b8-972de5b86851,24ae010b-7d1c-4f9c-9034-ed413a9c8c41,,https://www.dspim.com/media/pages/mandatory-disclosures/portfolio-disclosures/7324b1bb26-1757771553/dsp-isin-debt-portfolio-as-on-31st-march-2023.xlsx,file,xlsx,application/vnd.openxmlformats-officedocument.spreadsheetml.sheet,,1273039,,False,2026-08-21 21:14:00.434758+00:00,{}
79c73bdd-1211-4f6e-b49f-2e187485a8c0,24ae010b-7d1c-4f9c-9034-ed413a9c8c41,,https://www.dspim.com/media/pages/mandatory-disclosures/portfolio-disclosures/07366c929e-1757771552/dsp-isin-debt-fortnightly-portfolio-as-on-15-oct-2024.xlsx,file,xlsx,application/vnd.openxmlformats-officedocument.spreadsheetml.sheet,,451340,,False,2026-08-21 21:14:02.340648+00:00,{}
f0ff6378-fed0-48b7-acca-cadfaa68d2d7,24ae010b-7d1c-4f9c-9034-ed413a9c8c41,,https://www.dspim.com/media/pages/mandatory-disclosures/portfolio-disclosures/7229213a5d-1757771552/dsp-isin-debt-liquid-etf-portfolio-as-on-aug-15-2023.xlsx,file,xlsx,application/vnd.openxmlformats-officedocument.spreadsheetml.sheet,,406497,,False,2026-08-21 21:14:04.329665+00:00,{}
31c5b5d1-f520-4888-8030-8dbeb4e6ea80,24ae010b-7d1c-4f9c-9034-ed413a9c8c41,,https://www.dspim.com/media/pages/mandatory-disclosures/portfolio-disclosures/3e2251296a-1757771552/dsp-isin-debt-portfolio-as-on-15-jul-2023.xlsx,file,xlsx,application/vnd.openxmlformats-officedocument.spreadsheetml.sheet,,401614,,False,2026-08-21 21:14:06.102565+00:00,{}
295bfe5a-f73b-4fe1-bcce-1aa995af1fbc,24ae010b-7d1c-4f9c-9034-ed413a9c8c41,,https://www.dspim.com/media/pages/mandatory-disclosures/portfolio-disclosures/6fd07c04dc-1757771557/monthend-portfolio-january-2024.zip,file,zip,application/zip,,889255,,False,2026-08-21 21:14:08.114007+00:00,{}
80939982-eb03-4c1e-8ff1-08dda9f18efd,24ae010b-7d1c-4f9c-9034-ed413a9c8c41,,https://www.dspim.com/media/pages/mandatory-disclosures/portfolio-disclosures/cd8dd02901-1757771554/dsp-monthend-portfolio-as-on-may-2023.zip,file,zip,application/zip,,906265,,False,2026-08-21 21:14:11.807996+00:00,{}
1544249d-67f4-4a5a-9c6d-869bf9dbf710,24ae010b-7d1c-4f9c-9034-ed413a9c8c41,,https://www.dspim.com/media/pages/mandatory-disclosures/portfolio-disclosures/7e88391847-1757771556/month_end_portfolio_disclosure_march-20144783ceb8a31c664285b8ff02003db0a3.zip,file,zip,application/zip,,128224,,False,2026-08-21 21:14:14.563491+00:00,{}
919fa746-caa0-45a4-9a4c-22681a2bae8c,24ae010b-7d1c-4f9c-9034-ed413a9c8c41,,https://www.dspim.com/media/pages/mandatory-disclosures/portfolio-disclosures/6c3816c53b-1757771552/dsp-isin-debt-portfolio-as-on-15th-april-2022.xlsx,file,xlsx,application/vnd.openxmlformats-officedocument.spreadsheetml.sheet,,1169376,,False,2026-08-21 21:14:27.561440+00:00,{}
ad07e1fe-3446-4841-a806-723f98c5a6bf,24ae010b-7d1c-4f9c-9034-ed413a9c8c41,,https://www.dspim.com/media/pages/mandatory-disclosures/portfolio-disclosures/c7cbb32a06-1757771552/dsp-isin-debt-portfolio-15th-feb-2021.xlsx,file,xlsx,application/vnd.openxmlformats-officedocument.spreadsheetml.sheet,,135213,,False,2026-08-21 21:14:29.109757+00:00,{}
1b035fad-9207-4c45-ba13-5cf403588b76,24ae010b-7d1c-4f9c-9034-ed413a9c8c41,,https://www.dspim.com/media/pages/mandatory-disclosures/portfolio-disclosures/b8d9b51037-1757771552/dsp-debt-fortnightly-portfolio-as-on-15-aug-2025.xlsx,file,xlsx,application/vnd.openxmlformats-officedocument.spreadsheetml.sheet,,400343,,False,2026-08-21 21:14:30.438279+00:00,{}
d27ebc00-f83a-4e96-bfb2-c89305b2d370,24ae010b-7d1c-4f9c-9034-ed413a9c8c41,,https://www.dspim.com/media/pages/mandatory-disclosures/portfolio-disclosures/972df09a17-1757771556/month_end_portfolio_disclosure_november2019.zip,file,zip,application/zip,,295541,,False,2026-08-21 21:14:32.952200+00:00,{}
ddf94591-38ab-4764-aef1-cca826731434,24ae010b-7d1c-4f9c-9034-ed413a9c8c41,,https://www.dspim.com/media/pages/mandatory-disclosures/portfolio-disclosures/698bc1aa33-1757771554/dsp-isin-debt-portfolio-as-on-january-15-2022.xlsx,file,xlsx,application/vnd.openxmlformats-officedocument.spreadsheetml.sheet,,1215777,,False,2026-08-21 21:14:41.550315+00:00,{}
b19ef5f0-b5a6-4c58-8109-bcef6ee2cea8,24ae010b-7d1c-4f9c-9034-ed413a9c8c41,,https://www.dspim.com/media/pages/mandatory-disclosures/portfolio-disclosures/fb46ca7deb-1757771554/dsp-isin-debt-portfolio-as-on-31st-october-2022.xlsx,file,xlsx,application/vnd.openxmlformats-officedocument.spreadsheetml.sheet,,1189985,,False,2026-08-21 21:14:43.161024+00:00,{}
01f311e7-e8a4-44e3-a375-d28d5999a7ee,24ae010b-7d1c-4f9c-9034-ed413a9c8c41,,https://www.dspim.com/media/pages/mandatory-disclosures/portfolio-disclosures/c3dce6bab2-1757771554/half-yearly-portfolio_march-2025.zip,file,zip,application/zip,,755442,,False,2026-08-21 21:14:46.293872+00:00,{}
fafe684c-a2c0-43ad-9949-012d2a74f058,24ae010b-7d1c-4f9c-9034-ed413a9c8c41,,https://www.dspim.com/media/pages/mandatory-disclosures/portfolio-disclosures/60959ad277-1757771555/month_end_portfolio_disclosure_january2015.zip,file,zip,application/zip,,211751,,False,2026-08-21 21:14:48.601174+00:00,{}
ff95c8f1-f157-4a45-a215-f692db1a1cac,6d6689e8-5a3e-4b9c-b79d-b1d0e9e6e146,,https://amc.ppfas.com/downloads/portfolio-disclosure/2023/PPFAS_Monthly_Portfolio_Report_June_30_2023.xls?07072023,file,xls,application/vnd.ms-excel,,418106,,False,2026-08-21 21:29:05.831987+00:00,{}
06189d86-b1ed-4b11-bdaf-561a0b9d6d95,6d6689e8-5a3e-4b9c-b79d-b1d0e9e6e146,,https://amc.ppfas.com/downloads/portfolio-disclosure/fortnightly-debt-portfolio-disclosure/2023/PPCHF_Fortnightly_Portfolio_Report_31-may-2023.xlsx?05062023,file,xlsx,application/vnd.openxmlformats-officedocument.spreadsheetml.sheet,,34039,,False,2026-08-21 21:29:07.708844+00:00,{}
741f5302-e743-442c-82db-515b77fe7222,6d6689e8-5a3e-4b9c-b79d-b1d0e9e6e146,,https://www.dspim.com/media/pages/mandatory-disclosures/portfolio-disclosures/25d7c0c36a-1757771555/month_end_portfolio_disclosure_feb2018.zip,file,zip,application/zip,,278272,,False,2026-08-21 21:29:09.797592+00:00,{}
f27bfd62-9c6d-409a-8e31-77884b8702a1,6d6689e8-5a3e-4b9c-b79d-b1d0e9e6e146,,https://www.dspim.com/media/pages/mandatory-disclosures/portfolio-disclosures/54a242f8ef-1757771557/monthend-portfolio-september-30-2022.zip,file,zip,application/zip,,2021313,,False,2026-08-21 21:29:22.738176+00:00,{}
2e7e6377-dbc4-41bb-92d9-2e3e301b8a5f,6d6689e8-5a3e-4b9c-b79d-b1d0e9e6e146,,https://www.dspim.com/media/pages/mandatory-disclosures/portfolio-disclosures/abcec5bfdb-1757771556/month_end_portfolio_disclosure_march2021.zip,file,zip,application/zip,,270220,,False,2026-08-21 21:29:24.728277+00:00,{}
c0f4336b-c18e-41dc-822b-03a13bfe46a7,6d6689e8-5a3e-4b9c-b79d-b1d0e9e6e146,,https://www.dspim.com/media/pages/mandatory-disclosures/portfolio-disclosures/9c42a2e4b4-1757771553/dsp-isin-debt-portfolio-as-on-15th-september-2022.xlsx,file,xlsx,application/vnd.openxmlformats-officedocument.spreadsheetml.sheet,,1194889,,False,2026-08-21 21:29:29.262771+00:00,{}
7cfdd03d-1932-4217-b441-9726db418646,6d6689e8-5a3e-4b9c-b79d-b1d0e9e6e146,,https://www.dspim.com/media/pages/mandatory-disclosures/portfolio-disclosures/323ea89ead-1757771552/dsp-isin-debt-fortnightly-portfolio-as-on-15-sep-2024.xlsx,file,xlsx,application/vnd.openxmlformats-officedocument.spreadsheetml.sheet,,454869,,False,2026-08-21 21:29:30.894326+00:00,{}
a88e3b77-f3b4-48ae-853d-058d87f674fa,6d6689e8-5a3e-4b9c-b79d-b1d0e9e6e146,,https://www.dspim.com/media/pages/mandatory-disclosures/portfolio-disclosures/dce0c21cfe-1757771555/month_end_portfolio_disclosure_apr2019.zip,file,zip,application/zip,,305084,,False,2026-08-21 21:29:32.985713+00:00,{}
e5cde64e-f1d1-465c-8278-eaee2ab815d2,6d6689e8-5a3e-4b9c-b79d-b1d0e9e6e146,,https://www.dspim.com/media/pages/mandatory-disclosures/portfolio-disclosures/bd1117b16b-1757771557/month_end_portfolio_disclosure_sept2015.zip,file,zip,application/zip,,126189,,False,2026-08-21 21:29:46.547498+00:00,{}
58267e93-36a1-42a0-92bb-3a7f099508de,6d6689e8-5a3e-4b9c-b79d-b1d0e9e6e146,,https://www.dspim.com/media/pages/mandatory-disclosures/portfolio-disclosures/d68a67cdea-1757771557/monthend-portfolio-april-30-2025.zip,file,zip,application/zip,,841275,,False,2026-08-21 21:29:58.696058+00:00,{}
1bdda76b-ebc1-4798-a24f-8d95fecc691a,6d6689e8-5a3e-4b9c-b79d-b1d0e9e6e146,,https://www.miraeassetmf.co.in/docs/default-source/portfolios/maspf-july2026.xlsx,file,xlsx,application/vnd.openxmlformats-officedocument.spreadsheetml.sheet,,129407,,False,2026-08-21 21:30:18.048231+00:00,{}
9450c416-f72a-452f-834d-7809966244bd,6d6689e8-5a3e-4b9c-b79d-b1d0e9e6e146,,https://www.miraeassetmf.co.in/docs/default-source/portfolios/mascf-july2026.xlsx,file,xlsx,application/vnd.openxmlformats-officedocument.spreadsheetml.sheet,,355800,,False,2026-08-21 21:30:18.870588+00:00,{}
07db3872-d68b-4466-ad6c-0b14608ab98c,6d6689e8-5a3e-4b9c-b79d-b1d0e9e6e146,,https://www.miraeassetmf.co.in/docs/default-source/portfolios/mausf_15082026.xlsx,file,xlsx,application/vnd.openxmlformats-officedocument.spreadsheetml.sheet,,395984,,False,2026-08-21 21:30:20.521001+00:00,{}
fb4de6e8-1372-47e4-9f5d-422fea64ac7b,6d6689e8-5a3e-4b9c-b79d-b1d0e9e6e146,,https://www.miraeassetmf.co.in/docs/default-source/portfolios/mammf_15082026.xlsx,file,xlsx,application/vnd.openxmlformats-officedocument.spreadsheetml.sheet,,354400,,False,2026-08-21 21:30:22.186818+00:00,{}
3ba86820-a89e-47be-9d65-a6747b01efb0,6d6689e8-5a3e-4b9c-b79d-b1d0e9e6e146,,https://www.miraeassetmf.co.in/docs/default-source/portfolios/mdbf-july2026.xlsx,file,xlsx,application/vnd.openxmlformats-officedocument.spreadsheetml.sheet,,390692,,False,2026-08-21 21:30:23.752194+00:00,{}
c082b12c-d007-4510-9057-8a18d8fdf22a,6d6689e8-5a3e-4b9c-b79d-b1d0e9e6e146,,https://www.miraeassetmf.co.in/docs/default-source/portfolios/alpha-july2026.xlsx,file,xlsx,application/vnd.openxmlformats-officedocument.spreadsheetml.sheet,,138805,,False,2026-08-21 21:30:24.934736+00:00,{}
927fe194-651c-48cc-8635-91e3488b4519,6d6689e8-5a3e-4b9c-b79d-b1d0e9e6e146,,https://www.miraeassetmf.co.in/docs/default-source/portfolios/macif_15082026.xlsx,file,xlsx,application/vnd.openxmlformats-officedocument.spreadsheetml.sheet,,386522,,False,2026-08-21 21:30:26.462044+00:00,{}
17539063-1100-40f0-98a1-231168edcdd0,6d6689e8-5a3e-4b9c-b79d-b1d0e9e6e146,,https://www.miraeassetmf.co.in/docs/default-source/portfolios/evetf-july2026.xlsx,file,xlsx,application/vnd.openxmlformats-officedocument.spreadsheetml.sheet,,142208,,False,2026-08-21 21:30:27.260731+00:00,{}
514ae2de-8445-4c6a-a9c1-e89c1836b1c1,6d6689e8-5a3e-4b9c-b79d-b1d0e9e6e146,,https://www.invescomutualfund.com/docs/default-source/fortnightly-holdings/money-market2b3ffe07eee8616aaa28ff00007d74af.xlsx?sfvrsn=34d79fc2_0,file,xlsx,application/vnd.openxmlformats-officedocument.spreadsheetml.sheet,,123468,,False,2026-08-21 21:30:33.090558+00:00,{}
b91ec627-5c15-4d07-886f-af4ef488e449,6d6689e8-5a3e-4b9c-b79d-b1d0e9e6e146,,https://www.invescomutualfund.com/docs/default-source/fortnightly-holdings/banking-and-psue53efe07eee8616aaa28ff00007d74af.xlsx?sfvrsn=ced69fc2_0,file,xlsx,application/vnd.openxmlformats-officedocument.spreadsheetml.sheet,,116269,,False,2026-08-21 21:30:35.785817+00:00,{}
d6be4255-e4ec-4732-893b-9f5110030102,6d6689e8-5a3e-4b9c-b79d-b1d0e9e6e146,,https://www.invescomutualfund.com/docs/default-source/fortnightly-holdings/credit-risk083ffe07eee8616aaa28ff00007d74af.xlsx?sfvrsn=13d79fc2_0,file,xlsx,application/vnd.openxmlformats-officedocument.spreadsheetml.sheet,,116967,,False,2026-08-21 21:30:37.325340+00:00,{}
b9ea0d14-852b-4870-82a5-3b55ebde5bc1,6d6689e8-5a3e-4b9c-b79d-b1d0e9e6e146,,https://www.invescomutualfund.com/docs/default-source/fortnightly-holdings/nifty-g-sec-jul-20279f3efe07eee8616aaa28ff00007d74af.xlsx?sfvrsn=88d69fc2_0,file,xlsx,application/vnd.openxmlformats-officedocument.spreadsheetml.sheet,,115987,,False,2026-08-21 21:30:38.454628+00:00,{}
eba83ca3-37bc-4576-87bc-512b0f369f60,6d6689e8-5a3e-4b9c-b79d-b1d0e9e6e146,,https://www.invescomutualfund.com/docs/default-source/fortnightly-holdings/overnight-fundf03ffe07eee8616aaa28ff00007d74af.xlsx?sfvrsn=fbd79fc2_0,file,xlsx,application/vnd.openxmlformats-officedocument.spreadsheetml.sheet,,112642,,False,2026-08-21 21:30:39.546150+00:00,{}
572438c6-6625-4a0e-b87e-22587d2fc655,6d6689e8-5a3e-4b9c-b79d-b1d0e9e6e146,,https://www.invescomutualfund.com/docs/default-source/fortnightly-holdings/ultra-short-durationcd3ffe07eee8616aaa28ff00007d74af.xlsx?sfvrsn=d6d79fc2_0,file,xlsx,application/vnd.openxmlformats-officedocument.spreadsheetml.sheet,,119673,,False,2026-08-21 21:30:42.629679+00:00,{}
a517988c-fac7-49cb-9681-932e27dd725b,6d6689e8-5a3e-4b9c-b79d-b1d0e9e6e146,,https://www.invescomutualfund.com/docs/default-source/fortnightly-holdings/short-duration1340fe07eee8616aaa28ff00007d74af.xlsx?sfvrsn=1ca89fc2_0,file,xlsx,application/vnd.openxmlformats-officedocument.spreadsheetml.sheet,,119697,,False,2026-08-21 21:30:44.711958+00:00,{}
21a300b2-9075-414a-83f2-731f2db95f86,6d6689e8-5a3e-4b9c-b79d-b1d0e9e6e146,,https://www.invescomutualfund.com/docs/default-source/fortnightly-holdings/liquid-fund763ffe07eee8616aaa28ff00007d74af.xlsx?sfvrsn=61d79fc2_0,file,xlsx,application/vnd.openxmlformats-officedocument.spreadsheetml.sheet,,126430,,False,2026-08-21 21:30:46.899330+00:00,{}
e91abfcf-9957-43ae-ba4d-0c84bba6f3b9,6d6689e8-5a3e-4b9c-b79d-b1d0e9e6e146,,https://www.icicipruamc.com/blob/downloads/Files/Fortnightly%20Portfolio%20Disclosures/2026/Fortnightly%20Debt%20Scheme%20Portfolio%20-%2015th%20August%202026.zip,file,zip,application/x-zip-compressed,,5458494,,False,2026-08-21 21:31:54.820137+00:00,{}
5c4f1aa7-1ea6-4a33-9678-831ccfd6a891,6d6689e8-5a3e-4b9c-b79d-b1d0e9e6e146,,https://www.icicipruamc.com/blob/downloads/Files/Fortnightly%20Portfolio%20Disclosures/2026/Fortnightly%20Debt%20Scheme%20Portfolio%20-%2031st%20July%202026.zip,file,zip,application/x-zip-compressed,,5456949,,False,2026-08-21 21:32:16.091520+00:00,{}
bd5bc4ee-ec80-4cb7-9fac-1576743014bd,6d6689e8-5a3e-4b9c-b79d-b1d0e9e6e146,,https://www.icicipruamc.com/blob/downloads/Files/Fortnightly%20Portfolio%20Disclosures/2026/Fortnightly%20Debt%20Scheme%20Portfolio%20-%2015th%20July%202026.zip,file,zip,application/x-zip-compressed,,5462046,,False,2026-08-21 21:32:37.387418+00:00,{}
85ab84f7-da0c-414f-8f21-d760b845d0c1,6d6689e8-5a3e-4b9c-b79d-b1d0e9e6e146,,https://www.icicipruamc.com/blob/downloads/Files/Fortnightly%20Portfolio%20Disclosures/2026/Fortnightly%20Debt%20Scheme%20Portfolio%20-%2030th%20June%202026.zip,file,zip,application/x-zip-compressed,,5467143,,False,2026-08-21 21:32:58.734034+00:00,{}
3f59ec4e-1f8f-4bba-8332-26e3dcd6f8d9,6d6689e8-5a3e-4b9c-b79d-b1d0e9e6e146,,https://www.icicipruamc.com/blob/downloads/Files/Fortnightly%20Portfolio%20Disclosures/2026/Fortnightly%20Debt%20Scheme%20Portfolio%20-%2015th%20June%202026.zip,file,zip,application/x-zip-compressed,,5444934,,False,2026-08-21 21:33:19.162372+00:00,{}
a283ff4f-f7d7-4458-abf1-db3e76e45d2f,6d6689e8-5a3e-4b9c-b79d-b1d0e9e6e146,,https://www.icicipruamc.com/blob/downloads/Files/Fortnightly%20Portfolio%20Disclosures/2026/Fortnightly%20Debt%20Scheme%20Portfolio%20-%2031st%20May%202026.zip,file,zip,application/x-zip-compressed,,5371543,,False,2026-08-21 21:33:39.295162+00:00,{}
38b9fd5c-8d08-4e20-b5af-02022d58990a,6d6689e8-5a3e-4b9c-b79d-b1d0e9e6e146,,https://www.icicipruamc.com/blob/downloads/Files/Fortnightly%20Portfolio%20Disclosures/2026/Fortnightly%20Debt%20Scheme%20Portfolio%20-%2015th%20May%202026.zip,file,zip,application/x-zip-compressed,,5345229,,False,2026-08-21 21:33:59.291385+00:00,{}
b73a4e1b-d7e7-423d-80e2-819720475863,6d6689e8-5a3e-4b9c-b79d-b1d0e9e6e146,,https://www.icicipruamc.com/blob/downloads/Files/Fortnightly%20Portfolio%20Disclosures/2026/Fortnightly%20Debt%20Scheme%20Portfolio%20-%2030th%20April%202026.zip,file,zip,application/x-zip-compressed,,5420793,,False,2026-08-21 21:34:23.210361+00:00,{}
8ace8a0b-582c-45ec-8f9a-d036e00869f6,2efc047d-65ce-4e6e-8eee-3c6fd7f1cbde,,https://amc.ppfas.com/downloads/portfolio-disclosure/fortnightly-debt-portfolio-disclosure/2024/PPLF_Fortnightly_Portfolio_Report_15-october-2024.xlsx?18102024_2,file,xlsx,application/vnd.openxmlformats-officedocument.spreadsheetml.sheet,,28605,,False,2026-08-21 21:53:34.882872+00:00,{}
98f56376-6637-4baf-a265-bac40d8f3819,2efc047d-65ce-4e6e-8eee-3c6fd7f1cbde,,https://amc.ppfas.com/downloads/portfolio-disclosure/fortnightly-debt-portfolio-disclosure/2025/PPCHF_Fortnightly_Portfolio_Report_15-february-2025.xlsx?19022025,file,xlsx,application/vnd.openxmlformats-officedocument.spreadsheetml.sheet,,79265,,False,2026-08-21 21:53:38.364677+00:00,{}
9da91e26-6e2c-45b3-9df0-6a02c42e7ccf,2efc047d-65ce-4e6e-8eee-3c6fd7f1cbde,,https://amc.ppfas.com/downloads/portfolio-disclosure/2026/PPAF_PPFAS_Monthly_Portfolio_Report_March_31_2026.xlsx?08042026_3,file,xlsx,application/vnd.openxmlformats-officedocument.spreadsheetml.sheet,,92962,,False,2026-08-21 21:53:42.720113+00:00,{}
b7ef1a7a-9de4-4f87-823f-76dbd6ca11d1,2efc047d-65ce-4e6e-8eee-3c6fd7f1cbde,,https://amc.ppfas.com/downloads/portfolio-disclosure/fortnightly-debt-portfolio-disclosure/2024/PPLF_Fortnightly_Portfolio_Report_15-april-2024.xlsx?10042024,file,xlsx,application/vnd.openxmlformats-officedocument.spreadsheetml.sheet,,22328,,False,2026-08-21 21:53:44.661726+00:00,{}
23dd62f5-df1c-46c4-b154-1e66e09a11d9,2efc047d-65ce-4e6e-8eee-3c6fd7f1cbde,,https://www.dspim.com/media/pages/mandatory-disclosures/portfolio-disclosures/2c50f58541-1757771553/dsp-isin-debt-portfolio-as-on-15th-may-2022.xlsx,file,xlsx,application/vnd.openxmlformats-officedocument.spreadsheetml.sheet,,1187749,,False,2026-08-21 21:53:51.679538+00:00,{}
5422f169-ab01-4395-b937-a464f776aeb2,2efc047d-65ce-4e6e-8eee-3c6fd7f1cbde,,https://www.dspim.com/media/pages/mandatory-disclosures/portfolio-disclosures/608ad706b4-1760787868/dsp-isin-debt-fortnightly-portfolio-as-on-15-oct-2025.xlsx,file,xlsx,application/vnd.openxmlformats-officedocument.spreadsheetml.sheet,,401611,,False,2026-08-21 21:53:56.898402+00:00,{}
fa9d394c-419e-4708-9696-425ac1b620cd,2efc047d-65ce-4e6e-8eee-3c6fd7f1cbde,,https://www.dspim.com/media/pages/mandatory-disclosures/portfolio-disclosures/c5459a006d-1757771553/dsp-isin-debt-portfolio-as-on-28th-february-2023.xlsx,file,xlsx,application/vnd.openxmlformats-officedocument.spreadsheetml.sheet,,1225635,,False,2026-08-21 21:54:08.150261+00:00,{}
537e6e12-20b3-486c-bf22-5775d59b5bda,2efc047d-65ce-4e6e-8eee-3c6fd7f1cbde,,https://www.dspim.com/media/pages/mandatory-disclosures/portfolio-disclosures/094df8a29c-1759679519/dsp-isin-debt-portfolio-as-on-30-sep-2025.xlsx,file,xlsx,application/vnd.openxmlformats-officedocument.spreadsheetml.sheet,,398390,,False,2026-08-21 21:54:14.891802+00:00,{}
eeedd17d-07e7-42ad-a7eb-aef4c0f7a9d8,2efc047d-65ce-4e6e-8eee-3c6fd7f1cbde,,https://www.miraeassetmf.co.in/docs/default-source/portfolios/1dgrowth_15082026.xlsx,file,xlsx,application/vnd.openxmlformats-officedocument.spreadsheetml.sheet,,437089,,False,2026-08-21 21:54:50.977039+00:00,{}
8b9095df-8a99-4406-a450-5f5b61483a50,2efc047d-65ce-4e6e-8eee-3c6fd7f1cbde,,https://www.miraeassetmf.co.in/docs/default-source/portfolios/multietf-july2026.xlsx,file,xlsx,application/vnd.openxmlformats-officedocument.spreadsheetml.sheet,,176403,,False,2026-08-21 21:54:53.135862+00:00,{}
630f28eb-be1b-4c5f-95d4-1e95df89a3f0,2efc047d-65ce-4e6e-8eee-3c6fd7f1cbde,,https://www.miraeassetmf.co.in/docs/default-source/portfolios/evetf-july2026.xlsx,file,xlsx,application/vnd.openxmlformats-officedocument.spreadsheetml.sheet,,142208,,False,2026-08-21 21:54:57.790907+00:00,{}
407b804d-3158-405a-bf70-906355e30fb6,2efc047d-65ce-4e6e-8eee-3c6fd7f1cbde,,https://www.miraeassetmf.co.in/docs/default-source/portfolios/macif_15082026.xlsx,file,xlsx,application/vnd.openxmlformats-officedocument.spreadsheetml.sheet,,386522,,False,2026-08-21 21:54:58.755817+00:00,{}
9d170cca-d318-499a-95b8-4986d052b13f,2efc047d-65ce-4e6e-8eee-3c6fd7f1cbde,,https://www.miraeassetmf.co.in/docs/default-source/portfolios/maff-july2026.xlsx,file,xlsx,application/vnd.openxmlformats-officedocument.spreadsheetml.sheet,,377000,,False,2026-08-21 21:54:59.540308+00:00,{}
a8ef5276-1e4a-4bab-b1e0-e0595817079f,2efc047d-65ce-4e6e-8eee-3c6fd7f1cbde,,https://www.miraeassetmf.co.in/docs/default-source/portfolios/mdbf-july2026.xlsx,file,xlsx,application/vnd.openxmlformats-officedocument.spreadsheetml.sheet,,390692,,False,2026-08-21 21:55:00.529451+00:00,{}
3241a65a-56e3-4693-a6b0-8fa99dd577de,2efc047d-65ce-4e6e-8eee-3c6fd7f1cbde,,https://www.miraeassetmf.co.in/docs/default-source/portfolios/manjf_15082026.xlsx,file,xlsx,application/vnd.openxmlformats-officedocument.spreadsheetml.sheet,,358632,,False,2026-08-21 21:55:01.256139+00:00,{}
d4b403dd-590a-4004-9391-8f683094b0e3,2efc047d-65ce-4e6e-8eee-3c6fd7f1cbde,,https://www.miraeassetmf.co.in/docs/default-source/portfolios/mabpf-july2026.xlsx,file,xlsx,application/vnd.openxmlformats-officedocument.spreadsheetml.sheet,,434565,,False,2026-08-21 21:55:02.224928+00:00,{}
261785e9-c665-466a-ac92-aa48f8cd7fef,2efc047d-65ce-4e6e-8eee-3c6fd7f1cbde,,https://www.invescomutualfund.com/docs/default-source/fortnightly-holdings/overnight-fundf03ffe07eee8616aaa28ff00007d74af.xlsx?sfvrsn=fbd79fc2_0,file,xlsx,application/vnd.openxmlformats-officedocument.spreadsheetml.sheet,,112642,,False,2026-08-21 21:55:07.667099+00:00,{}
a3cbfea7-ddb4-4457-a78d-383391b7d473,2efc047d-65ce-4e6e-8eee-3c6fd7f1cbde,,https://www.invescomutualfund.com/docs/default-source/fortnightly-holdings/nifty-g-sec-jul-20279f3efe07eee8616aaa28ff00007d74af.xlsx?sfvrsn=88d69fc2_0,file,xlsx,application/vnd.openxmlformats-officedocument.spreadsheetml.sheet,,115987,,False,2026-08-21 21:55:08.666602+00:00,{}
cbf9a3e3-b156-4380-b8ab-09fa1abb32cc,2efc047d-65ce-4e6e-8eee-3c6fd7f1cbde,,https://www.invescomutualfund.com/docs/default-source/fortnightly-holdings/liquid-fund763ffe07eee8616aaa28ff00007d74af.xlsx?sfvrsn=61d79fc2_0,file,xlsx,application/vnd.openxmlformats-officedocument.spreadsheetml.sheet,,126430,,False,2026-08-21 21:55:09.617422+00:00,{}
d1bd51ca-9449-4fae-b7c1-3d3f4b1e85a6,2efc047d-65ce-4e6e-8eee-3c6fd7f1cbde,,https://www.invescomutualfund.com/docs/default-source/fortnightly-holdings/ultra-short-durationcd3ffe07eee8616aaa28ff00007d74af.xlsx?sfvrsn=d6d79fc2_0,file,xlsx,application/vnd.openxmlformats-officedocument.spreadsheetml.sheet,,119673,,False,2026-08-21 21:55:14.156679+00:00,{}
86698c61-8415-4003-8d41-a9c285ed5bcc,2efc047d-65ce-4e6e-8eee-3c6fd7f1cbde,,https://www.invescomutualfund.com/docs/default-source/fortnightly-holdings/corp-bondc23efe07eee8616aaa28ff00007d74af.xlsx?sfvrsn=add69fc2_0,file,xlsx,application/vnd.openxmlformats-officedocument.spreadsheetml.sheet,,121780,,False,2026-08-21 21:55:17.570868+00:00,{}
5f6454ae-aef4-4330-b7fc-0b0919f5b7b4,2efc047d-65ce-4e6e-8eee-3c6fd7f1cbde,,https://www.invescomutualfund.com/docs/default-source/fortnightly-holdings/credit-risk083ffe07eee8616aaa28ff00007d74af.xlsx?sfvrsn=13d79fc2_0,file,xlsx,application/vnd.openxmlformats-officedocument.spreadsheetml.sheet,,116967,,False,2026-08-21 21:55:21.049417+00:00,{}
e6fec544-db5a-49e1-8251-bb42bd490d4d,2efc047d-65ce-4e6e-8eee-3c6fd7f1cbde,,https://www.invescomutualfund.com/docs/default-source/fortnightly-holdings/money-market2b3ffe07eee8616aaa28ff00007d74af.xlsx?sfvrsn=34d79fc2_0,file,xlsx,application/vnd.openxmlformats-officedocument.spreadsheetml.sheet,,123468,,False,2026-08-21 21:55:23.260071+00:00,{}
8c3943f3-d036-4cf8-81ab-e4d38a8c2d6d,2efc047d-65ce-4e6e-8eee-3c6fd7f1cbde,,https://www.invescomutualfund.com/docs/default-source/fortnightly-holdings/medium-durationaa3ffe07eee8616aaa28ff00007d74af.xlsx?sfvrsn=b5d79fc2_0,file,xlsx,application/vnd.openxmlformats-officedocument.spreadsheetml.sheet,,114353,,False,2026-08-21 21:55:25.579284+00:00,{}
8debac77-b45f-4692-bb2a-b31dd66436ed,52b2a981-ac75-4e04-ad66-acdd4e735ccc,,https://amc.ppfas.com/downloads/portfolio-disclosure/fortnightly-debt-portfolio-disclosure/2024/PPLF_Fortnightly_Portfolio_Report_15-august-2024.xlsx?18072024,file,xlsx,application/vnd.openxmlformats-officedocument.spreadsheetml.sheet,,22792,,False,2026-08-21 22:09:27.197093+00:00,{}
1a7bc571-4fe4-4ad8-9cd8-571304b09e3e,52b2a981-ac75-4e04-ad66-acdd4e735ccc,,https://amc.ppfas.com/downloads/portfolio-disclosure/fortnightly-debt-portfolio-disclosure/2022/PPLF_Fortnightly_Portfolio_Report_15-jul-2022.xlsx?19072022,file,xlsx,application/vnd.openxmlformats-officedocument.spreadsheetml.sheet,,88265,,False,2026-08-21 22:09:28.116174+00:00,{}
d6508e54-a06c-4e30-848f-4708b5af0ead,52b2a981-ac75-4e04-ad66-acdd4e735ccc,,https://amc.ppfas.com/downloads/portfolio-disclosure/fortnightly-debt-portfolio-disclosure/2024/PPCHF_Fortnightly_Portfolio_Report_15-november-2024.xlsx?19112024,file,xlsx,application/vnd.openxmlformats-officedocument.spreadsheetml.sheet,,42229,,False,2026-08-21 22:09:29.062511+00:00,{}
2ef4f3d7-1257-4598-809e-e99c6fcc3cd9,52b2a981-ac75-4e04-ad66-acdd4e735ccc,,https://amc.ppfas.com/downloads/portfolio-disclosure/2022/PPFCF_PPFAS_Monthly_Portfolio_Report_November_30_2022.xlsx?09122022_2,file,xlsx,application/vnd.openxmlformats-officedocument.spreadsheetml.sheet,,134436,,False,2026-08-21 22:09:33.493778+00:00,{}
d56b9bd8-04b4-4a82-8f55-75d0e23de267,52b2a981-ac75-4e04-ad66-acdd4e735ccc,,https://www.dspim.com/media/pages/mandatory-disclosures/portfolio-disclosures/43b253e246-1757771552/dsp-isin-debt-fortnightly-portfolio-as-on-31-may-2025.xlsx,file,xlsx,application/vnd.openxmlformats-officedocument.spreadsheetml.sheet,,397148,,False,2026-08-21 22:09:40.736720+00:00,{}
9b07e9f1-e010-4d8b-8640-c4be69750d0f,52b2a981-ac75-4e04-ad66-acdd4e735ccc,,https://www.dspim.com/media/pages/mandatory-disclosures/portfolio-disclosures/dfdef38dc6-1757771553/dsp-isin-debt-portfolio-as-on-30-nov-2024.xlsx,file,xlsx,application/vnd.openxmlformats-officedocument.spreadsheetml.sheet,,398979,,False,2026-08-21 22:09:48.931571+00:00,{}
d1291544-dbc3-4ea9-8a0d-5b093aa867e8,52b2a981-ac75-4e04-ad66-acdd4e735ccc,,https://www.dspim.com/media/pages/mandatory-disclosures/portfolio-disclosures/8ac7972f13-1757771552/dsp-debt-isin-portfolio-28th-feb-2021.xlsx,file,xlsx,application/vnd.openxmlformats-officedocument.spreadsheetml.sheet,,132477,,False,2026-08-21 22:09:57.953243+00:00,{}
4325e98b-810f-4a9f-b510-0d18201e9709,52b2a981-ac75-4e04-ad66-acdd4e735ccc,,https://www.dspim.com/media/pages/mandatory-disclosures/portfolio-disclosures/200a705eaf-1757771553/dsp-isin-debt-portfolio-as-on-15th-feb-2022.xlsx,file,xlsx,application/vnd.openxmlformats-officedocument.spreadsheetml.sheet,,1174990,,False,2026-08-21 22:10:06.392200+00:00,{}
9d05bfe6-143e-41d0-97f0-39d6c69a2799,52b2a981-ac75-4e04-ad66-acdd4e735ccc,,https://www.dspim.com/media/pages/mandatory-disclosures/portfolio-disclosures/180a6a1e4e-1771517150/dsp-isin-debt-fortnightly-portfolio-as-on-15-feb-2026.xlsx,file,xlsx,application/vnd.openxmlformats-officedocument.spreadsheetml.sheet,,402285,,False,2026-08-21 22:10:10.646478+00:00,{}
3ab2e3e9-be62-42af-adad-4070275b0081,52b2a981-ac75-4e04-ad66-acdd4e735ccc,,https://www.miraeassetmf.co.in/docs/default-source/portfolios/maonf_15082026.xlsx,file,xlsx,application/vnd.openxmlformats-officedocument.spreadsheetml.sheet,,351153,,False,2026-08-21 22:10:40.478901+00:00,{}
c8fa36cf-df13-4e07-9a43-12d259f7f705,52b2a981-ac75-4e04-ad66-acdd4e735ccc,,https://www.miraeassetmf.co.in/docs/default-source/portfolios/mdbf_15082026.xlsx,file,xlsx,application/vnd.openxmlformats-officedocument.spreadsheetml.sheet,,381533,,False,2026-08-21 22:10:41.180544+00:00,{}
84c83935-5bbf-4ccc-8ed3-107a8bcfecbf,52b2a981-ac75-4e04-ad66-acdd4e735ccc,,https://www.miraeassetmf.co.in/docs/default-source/portfolios/macif_15082026.xlsx,file,xlsx,application/vnd.openxmlformats-officedocument.spreadsheetml.sheet,,386522,,False,2026-08-21 22:10:41.925599+00:00,{}
31617a24-b19b-4218-9292-2a0da0957231,52b2a981-ac75-4e04-ad66-acdd4e735ccc,,https://www.miraeassetmf.co.in/docs/default-source/portfolios/multietf-july2026.xlsx,file,xlsx,application/vnd.openxmlformats-officedocument.spreadsheetml.sheet,,176403,,False,2026-08-21 22:10:42.616713+00:00,{}
49455b31-46e0-4197-81a7-a670e2393479,52b2a981-ac75-4e04-ad66-acdd4e735ccc,,https://www.miraeassetmf.co.in/docs/default-source/portfolios/ipafof_15082026.xlsx,file,xlsx,application/vnd.openxmlformats-officedocument.spreadsheetml.sheet,,369780,,False,2026-08-21 22:10:47.226736+00:00,{}
ac76a7cb-e5e1-4067-9be8-e6d6e12bdbdb,52b2a981-ac75-4e04-ad66-acdd4e735ccc,,https://www.miraeassetmf.co.in/docs/default-source/portfolios/mdbf-july2026.xlsx,file,xlsx,application/vnd.openxmlformats-officedocument.spreadsheetml.sheet,,390692,,False,2026-08-21 22:10:47.931309+00:00,{}
0fc4503d-930f-49f2-92f8-6d9992b99bc6,52b2a981-ac75-4e04-ad66-acdd4e735ccc,,https://www.miraeassetmf.co.in/docs/default-source/portfolios/mausf_15082026.xlsx,file,xlsx,application/vnd.openxmlformats-officedocument.spreadsheetml.sheet,,395984,,False,2026-08-21 22:10:48.631739+00:00,{}
70eb4cb1-c010-4124-bc64-1b40245afad0,52b2a981-ac75-4e04-ad66-acdd4e735ccc,,https://www.miraeassetmf.co.in/docs/default-source/portfolios/mascf-july2026.xlsx,file,xlsx,application/vnd.openxmlformats-officedocument.spreadsheetml.sheet,,355800,,False,2026-08-21 22:10:51.462890+00:00,{}
5ef783fa-c1a8-4e77-ae2c-bdd2a82903ee,52b2a981-ac75-4e04-ad66-acdd4e735ccc,,https://www.invescomutualfund.com/docs/default-source/fortnightly-holdings/corp-bondc23efe07eee8616aaa28ff00007d74af.xlsx?sfvrsn=add69fc2_0,file,xlsx,application/vnd.openxmlformats-officedocument.spreadsheetml.sheet,,121780,,False,2026-08-21 22:10:58.094131+00:00,{}
04cf057a-5302-4ab1-8ffa-f23a9892ca3d,52b2a981-ac75-4e04-ad66-acdd4e735ccc,,https://www.invescomutualfund.com/docs/default-source/fortnightly-holdings/short-duration1340fe07eee8616aaa28ff00007d74af.xlsx?sfvrsn=1ca89fc2_0,file,xlsx,application/vnd.openxmlformats-officedocument.spreadsheetml.sheet,,119697,,False,2026-08-21 22:10:59.671866+00:00,{}
6930cb4f-2139-443a-a82b-bfe3d6d1b79c,52b2a981-ac75-4e04-ad66-acdd4e735ccc,,https://www.invescomutualfund.com/docs/default-source/fortnightly-holdings/medium-durationaa3ffe07eee8616aaa28ff00007d74af.xlsx?sfvrsn=b5d79fc2_0,file,xlsx,application/vnd.openxmlformats-officedocument.spreadsheetml.sheet,,114353,,False,2026-08-21 22:11:01.418265+00:00,{}
f5dddb5e-e5ec-4eb9-beba-97a60a1d1e20,52b2a981-ac75-4e04-ad66-acdd4e735ccc,,https://www.invescomutualfund.com/docs/default-source/fortnightly-holdings/gilt-fund4e3ffe07eee8616aaa28ff00007d74af.xlsx?sfvrsn=59d79fc2_0,file,xlsx,application/vnd.openxmlformats-officedocument.spreadsheetml.sheet,,113511,,False,2026-08-21 22:11:02.729920+00:00,{}
e5526ce5-5198-47e8-8ea8-c908f9dc867b,52b2a981-ac75-4e04-ad66-acdd4e735ccc,,https://www.invescomutualfund.com/docs/default-source/fortnightly-holdings/liquid-fund763ffe07eee8616aaa28ff00007d74af.xlsx?sfvrsn=61d79fc2_0,file,xlsx,application/vnd.openxmlformats-officedocument.spreadsheetml.sheet,,126430,,False,2026-08-21 22:11:05.245057+00:00,{}
6266698a-da3e-4824-85f8-d7bd3d903e5a,52b2a981-ac75-4e04-ad66-acdd4e735ccc,,https://www.invescomutualfund.com/docs/default-source/fortnightly-holdings/credit-risk083ffe07eee8616aaa28ff00007d74af.xlsx?sfvrsn=13d79fc2_0,file,xlsx,application/vnd.openxmlformats-officedocument.spreadsheetml.sheet,,116967,,False,2026-08-21 22:11:07.588951+00:00,{}
69401e5a-c946-4063-9ad2-1373f0a974ca,52b2a981-ac75-4e04-ad66-acdd4e735ccc,,https://www.invescomutualfund.com/docs/default-source/fortnightly-holdings/money-market2b3ffe07eee8616aaa28ff00007d74af.xlsx?sfvrsn=34d79fc2_0,file,xlsx,application/vnd.openxmlformats-officedocument.spreadsheetml.sheet,,123468,,False,2026-08-21 22:11:10.109875+00:00,{}
984943e9-fced-4681-a784-8d3b59b4d8b6,52b2a981-ac75-4e04-ad66-acdd4e735ccc,,https://www.invescomutualfund.com/docs/default-source/fortnightly-holdings/ultra-short-durationcd3ffe07eee8616aaa28ff00007d74af.xlsx?sfvrsn=d6d79fc2_0,file,xlsx,application/vnd.openxmlformats-officedocument.spreadsheetml.sheet,,119673,,False,2026-08-21 22:11:13.397222+00:00,{}
23ffe73a-b014-4b42-955c-2dc315024962,99411dfb-4b6f-4f5b-a3b8-0ae7b296365a,,https://amc.ppfas.com/downloads/portfolio-disclosure/fortnightly-debt-portfolio-disclosure/2023/PPLF_Fortnightly_Portfolio_Report_30-november-2023.xlsx?04122023_1,file,xlsx,application/vnd.openxmlformats-officedocument.spreadsheetml.sheet,,21347,,False,2026-08-21 22:13:56.157603+00:00,{}
bff24ef8-100d-4e9f-b41d-6eb447af3900,99411dfb-4b6f-4f5b-a3b8-0ae7b296365a,,https://amc.ppfas.com/downloads/portfolio-disclosure/fortnightly-debt-portfolio-disclosure/2026/PPLF_Fortnightly_Portfolio_Report_31-january-2026.xlsx?04022026_1,file,xlsx,application/vnd.openxmlformats-officedocument.spreadsheetml.sheet,,69926,,False,2026-08-21 22:13:56.833147+00:00,{}
51c675ba-75a4-4208-818e-846edbad44e2,99411dfb-4b6f-4f5b-a3b8-0ae7b296365a,,https://amc.ppfas.com/downloads/portfolio-disclosure/fortnightly-debt-portfolio-disclosure/2025/PPLF_Fortnightly_Portfolio_Report_15-april-2025.xlsx?18042025,file,xlsx,application/vnd.openxmlformats-officedocument.spreadsheetml.sheet,,69544,,False,2026-08-21 22:13:57.488085+00:00,{}
68118a81-56a2-47c6-afe7-eca6adb44c7d,99411dfb-4b6f-4f5b-a3b8-0ae7b296365a,,https://www.dspim.com/media/pages/mandatory-disclosures/portfolio-disclosures/4f5a6dbad4-1770311663/dsp-isin-debt-portfolio-as-on-31-jan-2026.xlsx,file,xlsx,application/vnd.openxmlformats-officedocument.spreadsheetml.sheet,,400031,,False,2026-08-21 22:14:03.860653+00:00,{}
5443aacd-f56f-474e-91c1-0ff099cabf57,99411dfb-4b6f-4f5b-a3b8-0ae7b296365a,,https://www.dspim.com/media/pages/mandatory-disclosures/portfolio-disclosures/e577062ba9-1757771554/dsp-isin-debt-portfolio-as-on-mar-2024.xlsx,file,xlsx,application/vnd.openxmlformats-officedocument.spreadsheetml.sheet,,442679,,False,2026-08-21 22:14:16.232903+00:00,{}
f44971a3-48b8-4d57-b839-53fb8b095bb7,99411dfb-4b6f-4f5b-a3b8-0ae7b296365a,,https://www.dspim.com/media/pages/mandatory-disclosures/portfolio-disclosures/951d1e434f-1757771554/dsp-isin-debt-portfolio-as-on-dec-2023.xlsx,file,xlsx,application/vnd.openxmlformats-officedocument.spreadsheetml.sheet,,407787,,False,2026-08-21 22:14:28.137797+00:00,{}
756bc82d-43f2-40e0-aa62-25d61b4f05ca,99411dfb-4b6f-4f5b-a3b8-0ae7b296365a,,https://www.miraeassetmf.co.in/docs/default-source/portfolios/mabpf-july2026.xlsx,file,xlsx,application/vnd.openxmlformats-officedocument.spreadsheetml.sheet,,434565,,False,2026-08-21 22:14:54.931737+00:00,{}
3ffd3ca4-8285-484d-abaa-b595f59c6a24,99411dfb-4b6f-4f5b-a3b8-0ae7b296365a,,https://www.miraeassetmf.co.in/docs/default-source/portfolios/alpha-july2026.xlsx,file,xlsx,application/vnd.openxmlformats-officedocument.spreadsheetml.sheet,,138805,,False,2026-08-21 22:14:55.665828+00:00,{}
cfc4b4a9-bc32-4ce4-b11b-a318092dbc71,99411dfb-4b6f-4f5b-a3b8-0ae7b296365a,,https://www.miraeassetmf.co.in/docs/default-source/portfolios/mdbf_15082026.xlsx,file,xlsx,application/vnd.openxmlformats-officedocument.spreadsheetml.sheet,,381533,,False,2026-08-21 22:14:56.824339+00:00,{}
c3cbeb23-e9eb-4905-b83b-114f8ea1d33b,99411dfb-4b6f-4f5b-a3b8-0ae7b296365a,,https://www.miraeassetmf.co.in/docs/default-source/portfolios/multietf-july2026.xlsx,file,xlsx,application/vnd.openxmlformats-officedocument.spreadsheetml.sheet,,176403,,False,2026-08-21 22:14:59.120144+00:00,{}
2b5c7f70-2b31-4178-9c38-c4e77c3c401e,99411dfb-4b6f-4f5b-a3b8-0ae7b296365a,,https://www.miraeassetmf.co.in/docs/default-source/portfolios/maonf_15082026.xlsx,file,xlsx,application/vnd.openxmlformats-officedocument.spreadsheetml.sheet,,351153,,False,2026-08-21 22:15:03.248108+00:00,{}
9ab3d006-49ba-4d87-9240-d3340187be2e,99411dfb-4b6f-4f5b-a3b8-0ae7b296365a,,https://www.miraeassetmf.co.in/docs/default-source/portfolios/912ibxfs_15082026.xlsx,file,xlsx,application/vnd.openxmlformats-officedocument.spreadsheetml.sheet,,421843,,False,2026-08-21 22:15:03.871674+00:00,{}
1fbf746f-0e00-48da-984a-aa5fea196611,99411dfb-4b6f-4f5b-a3b8-0ae7b296365a,,https://www.miraeassetmf.co.in/docs/default-source/portfolios/mnsfof-july2026.xlsx,file,xlsx,application/vnd.openxmlformats-officedocument.spreadsheetml.sheet,,135886,,False,2026-08-21 22:15:04.522682+00:00,{}
c14cdf41-2370-496a-80c7-ed2d1595b29a,99411dfb-4b6f-4f5b-a3b8-0ae7b296365a,,https://www.miraeassetmf.co.in/docs/default-source/portfolios/mausf_15082026.xlsx,file,xlsx,application/vnd.openxmlformats-officedocument.spreadsheetml.sheet,,395984,,False,2026-08-21 22:15:05.200212+00:00,{}
61691530-9feb-4a0c-9dab-5a951dd5557f,99411dfb-4b6f-4f5b-a3b8-0ae7b296365a,,https://www.invescomutualfund.com/docs/default-source/fortnightly-holdings/nifty-g-sec-jul-20279f3efe07eee8616aaa28ff00007d74af.xlsx?sfvrsn=88d69fc2_0,file,xlsx,application/vnd.openxmlformats-officedocument.spreadsheetml.sheet,,115987,,False,2026-08-21 22:15:11.485342+00:00,{}
2da1dcf0-4e26-4df6-a2f1-ef3bb0320305,99411dfb-4b6f-4f5b-a3b8-0ae7b296365a,,https://www.invescomutualfund.com/docs/default-source/fortnightly-holdings/money-market2b3ffe07eee8616aaa28ff00007d74af.xlsx?sfvrsn=34d79fc2_0,file,xlsx,application/vnd.openxmlformats-officedocument.spreadsheetml.sheet,,123468,,False,2026-08-21 22:15:12.894303+00:00,{}
88ed6441-6617-456a-bed7-2b4015a0ca65,99411dfb-4b6f-4f5b-a3b8-0ae7b296365a,,https://www.invescomutualfund.com/docs/default-source/fortnightly-holdings/low-duration3640fe07eee8616aaa28ff00007d74af.xlsx?sfvrsn=21a89fc2_0,file,xlsx,application/vnd.openxmlformats-officedocument.spreadsheetml.sheet,,122147,,False,2026-08-21 22:15:17.015573+00:00,{}
0c199275-d904-43da-8477-e80a8c84ce10,99411dfb-4b6f-4f5b-a3b8-0ae7b296365a,,https://www.invescomutualfund.com/docs/default-source/fortnightly-holdings/gilt-fund4e3ffe07eee8616aaa28ff00007d74af.xlsx?sfvrsn=59d79fc2_0,file,xlsx,application/vnd.openxmlformats-officedocument.spreadsheetml.sheet,,113511,,False,2026-08-21 22:15:18.786547+00:00,{}
42fb55c6-1e0f-41c7-9a62-4c03e98d560b,99411dfb-4b6f-4f5b-a3b8-0ae7b296365a,,https://www.invescomutualfund.com/docs/default-source/fortnightly-holdings/medium-durationaa3ffe07eee8616aaa28ff00007d74af.xlsx?sfvrsn=b5d79fc2_0,file,xlsx,application/vnd.openxmlformats-officedocument.spreadsheetml.sheet,,114353,,False,2026-08-21 22:15:19.639420+00:00,{}
2876b556-e4f7-406b-b185-59826f70e72c,99411dfb-4b6f-4f5b-a3b8-0ae7b296365a,,https://www.invescomutualfund.com/docs/default-source/fortnightly-holdings/overnight-fundf03ffe07eee8616aaa28ff00007d74af.xlsx?sfvrsn=fbd79fc2_0,file,xlsx,application/vnd.openxmlformats-officedocument.spreadsheetml.sheet,,112642,,False,2026-08-21 22:15:20.777851+00:00,{}
3b2f4679-6a59-46a5-b185-f336370a8fc3,99411dfb-4b6f-4f5b-a3b8-0ae7b296365a,,https://www.invescomutualfund.com/docs/default-source/fortnightly-holdings/corp-bondc23efe07eee8616aaa28ff00007d74af.xlsx?sfvrsn=add69fc2_0,file,xlsx,application/vnd.openxmlformats-officedocument.spreadsheetml.sheet,,121780,,False,2026-08-21 22:15:23.174798+00:00,{}
6f0a46ba-0920-4341-8f98-1ec300fdb5e4,99411dfb-4b6f-4f5b-a3b8-0ae7b296365a,,https://www.invescomutualfund.com/docs/default-source/fortnightly-holdings/banking-and-psue53efe07eee8616aaa28ff00007d74af.xlsx?sfvrsn=ced69fc2_0,file,xlsx,application/vnd.openxmlformats-officedocument.spreadsheetml.sheet,,116269,,False,2026-08-21 22:15:26.192263+00:00,{}
2e49b153-930c-433a-8e77-9fb178d47198,48fc2fa9-1f35-4cb3-bad0-698e0b807b63,,https://amc.ppfas.com/downloads/portfolio-disclosure/fortnightly-debt-portfolio-disclosure/2023/PPCHF_Fortnightly_Portfolio_Report_15-november-2023.xlsx?17112023,file,xlsx,application/vnd.openxmlformats-officedocument.spreadsheetml.sheet,,32342,,False,2026-08-21 22:20:05.267432+00:00,{}
e9498c3d-3fec-4d1c-a303-a63bca14ec8f,48fc2fa9-1f35-4cb3-bad0-698e0b807b63,,https://www.dspim.com/media/pages/mandatory-disclosures/portfolio-disclosures/ff3acb2cc7-1757771552/dsp-debt-isin-portfolio-15th-september-2021.xlsx,file,xlsx,application/vnd.openxmlformats-officedocument.spreadsheetml.sheet,,82306,,False,2026-08-21 22:20:16.693471+00:00,{}
45f1e811-7912-4ecd-8e59-fac54240afe1,48fc2fa9-1f35-4cb3-bad0-698e0b807b63,,https://www.dspim.com/media/pages/mandatory-disclosures/portfolio-disclosures/ea0b3c6052-1757771552/dsp-debt-isin-portfolio-30th-april-2021.xlsx,file,xlsx,application/vnd.openxmlformats-officedocument.spreadsheetml.sheet,,116177,,False,2026-08-21 22:20:23.555404+00:00,{}
96ea4486-b9a9-4b82-8673-3c90dfdb3a31,48fc2fa9-1f35-4cb3-bad0-698e0b807b63,,https://www.dspim.com/media/pages/mandatory-disclosures/portfolio-disclosures/cb6f4b52f4-1757771553/dsp-isin-debt-portfolio-as-on-15th-january-2023.xlsx,file,xlsx,application/vnd.openxmlformats-officedocument.spreadsheetml.sheet,,1216165,,False,2026-08-21 22:20:34.110834+00:00,{}
143f21b1-3790-4efa-925c-17206e9aa651,48fc2fa9-1f35-4cb3-bad0-698e0b807b63,,https://www.dspim.com/media/pages/mandatory-disclosures/portfolio-disclosures/229cf95af7-1763653792/dsp-isin-debt-fortnightly-portfolio-as-on-15-nov-2025.xlsx,file,xlsx,application/vnd.openxmlformats-officedocument.spreadsheetml.sheet,,403087,,False,2026-08-21 22:20:46.348855+00:00,{}
7bd1d51a-1a85-4234-af4f-55e06feef754,48fc2fa9-1f35-4cb3-bad0-698e0b807b63,,https://www.dspim.com/media/pages/mandatory-disclosures/portfolio-disclosures/43b253e246-1757771552/dsp-isin-debt-fortnightly-portfolio-as-on-31-may-2025.xlsx,file,xlsx,application/vnd.openxmlformats-officedocument.spreadsheetml.sheet,,397148,,False,2026-08-21 22:20:59.777853+00:00,{}
9d18b5ae-f9fe-417e-9aeb-95fd6f6f7722,5255f6c9-8349-4d6c-993a-44cc6f6bb169,,https://amc.ppfas.com/downloads/portfolio-disclosure/2026/PPDAAF_PPFAS_Monthly_Portfolio_Report_May_31_2026.xlsx?09062026,file,xlsx,application/vnd.openxmlformats-officedocument.spreadsheetml.sheet,,74103,,False,2026-08-21 22:27:32.578701+00:00,{}
4b63dce3-d9e1-4e5b-a94c-4a9aa6ca3ff7,5255f6c9-8349-4d6c-993a-44cc6f6bb169,,https://amc.ppfas.com/downloads/portfolio-disclosure/2024/PPFAS_Monthly_Portfolio_Report_October_31_2024.xlsx?08112024,file,xlsx,application/vnd.openxmlformats-officedocument.spreadsheetml.sheet,,714782,,False,2026-08-21 22:27:33.755328+00:00,{}
b4dc446d-f648-4ebe-bb9e-38f877cafeed,5255f6c9-8349-4d6c-993a-44cc6f6bb169,,https://amc.ppfas.com/downloads/portfolio-disclosure/fortnightly-debt-portfolio-disclosure/2022/PPCHF_Fortnightly_Portfolio_Report_15-aug-2022.xlsx?18082022,file,xlsx,application/vnd.openxmlformats-officedocument.spreadsheetml.sheet,,96409,,False,2026-08-21 22:27:38.662887+00:00,{}
8285b13b-e868-4797-bbab-4d2898cac121,5255f6c9-8349-4d6c-993a-44cc6f6bb169,,https://amc.ppfas.com/downloads/portfolio-disclosure/fortnightly-debt-portfolio-disclosure/2022/PPCHF_Fortnightly_Portfolio_Report_15-dec-2022.xlsx?19122022,file,xlsx,application/vnd.openxmlformats-officedocument.spreadsheetml.sheet,,30306,,False,2026-08-21 22:27:39.758130+00:00,{}
c9b3fb11-8a80-4383-944e-ef7b81e74888,5255f6c9-8349-4d6c-993a-44cc6f6bb169,,https://amc.ppfas.com/downloads/portfolio-disclosure/fortnightly-debt-portfolio-disclosure/2025/PPCHF_Fortnightly_Portfolio_Report_15-april-2025.xlsx?18042025,file,xlsx,application/vnd.openxmlformats-officedocument.spreadsheetml.sheet,,81506,,False,2026-08-21 22:27:40.781090+00:00,{}
796356cf-b327-4df7-bd60-c715127b2f30,5255f6c9-8349-4d6c-993a-44cc6f6bb169,,https://www.dspim.com/media/pages/mandatory-disclosures/portfolio-disclosures/43b253e246-1757771552/dsp-isin-debt-fortnightly-portfolio-as-on-31-may-2025.xlsx,file,xlsx,application/vnd.openxmlformats-officedocument.spreadsheetml.sheet,,397148,,False,2026-08-21 22:27:43.322310+00:00,{}
c331a859-e682-429e-8b92-35307335a6d6,5255f6c9-8349-4d6c-993a-44cc6f6bb169,,https://www.dspim.com/media/pages/mandatory-disclosures/portfolio-disclosures/4d45b48738-1757771553/dsp-isin-debt-portfolio-as-on-31-mar-2025.xlsx,file,xlsx,application/vnd.openxmlformats-officedocument.spreadsheetml.sheet,,391993,,False,2026-08-21 22:27:51.606989+00:00,{}
622fe2d0-8b03-4cd2-899f-9f355e9015c4,5255f6c9-8349-4d6c-993a-44cc6f6bb169,,https://www.dspim.com/media/pages/mandatory-disclosures/portfolio-disclosures/15a440a099-1772724988/dsp-isin-debt-fortnightly-portfolio-as-on-28-feb-2026.xlsx,file,xlsx,application/vnd.openxmlformats-officedocument.spreadsheetml.sheet,,403151,,False,2026-08-21 22:28:00.333201+00:00,{}
08b52c38-d7ca-461e-a064-300987c36acb,5255f6c9-8349-4d6c-993a-44cc6f6bb169,,https://www.dspim.com/media/pages/mandatory-disclosures/portfolio-disclosures/1ae36f138f-1757771553/dsp-isin-debt-portfolio-as-on-30-april-2023.xlsx,file,xlsx,application/vnd.openxmlformats-officedocument.spreadsheetml.sheet,,1216788,,False,2026-08-21 22:28:08.968230+00:00,{}
34272715-5829-4a8b-bf6f-a7d2b0e3c16e,5255f6c9-8349-4d6c-993a-44cc6f6bb169,,https://www.miraeassetmf.co.in/docs/default-source/portfolios/mdbf-july2026.xlsx,file,xlsx,application/vnd.openxmlformats-officedocument.spreadsheetml.sheet,,390692,,False,2026-08-21 22:28:31.892264+00:00,{}
6ba03bfc-0518-45aa-a685-bab5bee2b7fc,5255f6c9-8349-4d6c-993a-44cc6f6bb169,,https://www.miraeassetmf.co.in/docs/default-source/portfolios/mammf_15082026.xlsx,file,xlsx,application/vnd.openxmlformats-officedocument.spreadsheetml.sheet,,354400,,False,2026-08-21 22:28:32.298587+00:00,{}
1d84023f-d1d7-4c65-8f0f-c7893de5a2ca,5255f6c9-8349-4d6c-993a-44cc6f6bb169,,https://www.miraeassetmf.co.in/docs/default-source/portfolios/mausf_15082026.xlsx,file,xlsx,application/vnd.openxmlformats-officedocument.spreadsheetml.sheet,,395984,,False,2026-08-21 22:28:33.341738+00:00,{}
f575edb5-985e-4c7a-bcdb-5fbc7bb82a45,5255f6c9-8349-4d6c-993a-44cc6f6bb169,,https://www.miraeassetmf.co.in/docs/default-source/portfolios/1dgrowth_15082026.xlsx,file,xlsx,application/vnd.openxmlformats-officedocument.spreadsheetml.sheet,,437089,,False,2026-08-21 22:28:34.297141+00:00,{}
7a4a1e56-6bdd-4603-aac0-02a421db3fc2,5255f6c9-8349-4d6c-993a-44cc6f6bb169,,https://www.miraeassetmf.co.in/docs/default-source/portfolios/ipafof_15082026.xlsx,file,xlsx,application/vnd.openxmlformats-officedocument.spreadsheetml.sheet,,369780,,False,2026-08-21 22:28:34.843915+00:00,{}
0b524149-097b-4cdf-be2a-d83033f9daf5,5255f6c9-8349-4d6c-993a-44cc6f6bb169,,https://www.miraeassetmf.co.in/docs/default-source/portfolios/macif_15082026.xlsx,file,xlsx,application/vnd.openxmlformats-officedocument.spreadsheetml.sheet,,386522,,False,2026-08-21 22:28:35.365581+00:00,{}
a9578ad1-a9e2-4113-8407-5509e2ad177f,5255f6c9-8349-4d6c-993a-44cc6f6bb169,,https://www.miraeassetmf.co.in/docs/default-source/portfolios/912ibxfs_15082026.xlsx,file,xlsx,application/vnd.openxmlformats-officedocument.spreadsheetml.sheet,,421843,,False,2026-08-21 22:28:35.849599+00:00,{}
ba37beb4-00af-4198-afd7-ddcc91406321,5255f6c9-8349-4d6c-993a-44cc6f6bb169,,https://www.miraeassetmf.co.in/docs/default-source/portfolios/maonf_15082026.xlsx,file,xlsx,application/vnd.openxmlformats-officedocument.spreadsheetml.sheet,,351153,,False,2026-08-21 22:28:36.442168+00:00,{}
956337ed-2324-4eae-85b9-2ee2b6573be2,4b5481b3-b627-400e-97f8-41d273d0e5cc,,https://www.miraeassetmf.co.in/docs/default-source/portfolios/alpha-july2026.xlsx,file,xlsx,application/vnd.openxmlformats-officedocument.spreadsheetml.sheet,,138805,,False,2026-08-21 22:28:47.258802+00:00,{}
d4d34b86-8e12-49a2-afa8-e372b2806eaf,4b5481b3-b627-400e-97f8-41d273d0e5cc,,https://www.miraeassetmf.co.in/docs/default-source/portfolios/evetf-july2026.xlsx,file,xlsx,application/vnd.openxmlformats-officedocument.spreadsheetml.sheet,,142208,,False,2026-08-21 22:28:47.981522+00:00,{}
e777f5ba-54a9-4446-b4e0-aab26b7c9b8f,4b5481b3-b627-400e-97f8-41d273d0e5cc,,https://www.invescomutualfund.com/docs/default-source/fortnightly-holdings/gilt-fund4e3ffe07eee8616aaa28ff00007d74af.xlsx?sfvrsn=59d79fc2_0,file,xlsx,application/vnd.openxmlformats-officedocument.spreadsheetml.sheet,,113511,,False,2026-08-21 22:28:53.041732+00:00,{}
ddb2c688-9eb6-4ee5-a379-e44b43e1bc0e,4b5481b3-b627-400e-97f8-41d273d0e5cc,,https://www.invescomutualfund.com/docs/default-source/fortnightly-holdings/nifty-g-sec-jul-20279f3efe07eee8616aaa28ff00007d74af.xlsx?sfvrsn=88d69fc2_0,file,xlsx,application/vnd.openxmlformats-officedocument.spreadsheetml.sheet,,115987,,False,2026-08-21 22:28:53.715151+00:00,{}
7df829a7-ad8a-4ab8-a655-61857dc468f1,4b5481b3-b627-400e-97f8-41d273d0e5cc,,https://www.licmf.com/assets/downloads/portfolio/fortnightly/2024/3/LDMNMF21-03-2024-23:07:41.xlsx,file,xlsx,application/vnd.openxmlformats-officedocument.spreadsheetml.sheet,,74118,,False,2026-08-21 22:33:37.901944+00:00,{}
a44a0055-2883-492a-87bf-7b3ee9acb727,4b5481b3-b627-400e-97f8-41d273d0e5cc,,https://www.licmf.com/assets/downloads/portfolio/fortnightly/2022/2/LDUSTF17-02-2022-18:43:13.xlsx,file,xlsx,application/vnd.openxmlformats-officedocument.spreadsheetml.sheet,,185570,,False,2026-08-21 22:33:38.313576+00:00,{}
14376547-6142-443f-8fd3-543200c19e38,75ac2dbb-db9a-4616-8a1e-ea5ae939d64f,,https://amc.ppfas.com/downloads/portfolio-disclosure/fortnightly-debt-portfolio-disclosure/2026/PPCHF_Fortnightly_Portfolio_Report_15-april-2026.xlsx?18042026,file,xlsx,application/vnd.openxmlformats-officedocument.spreadsheetml.sheet,,86747,,False,2026-08-21 22:42:29.767594+00:00,{}
bc59e801-1fd9-412f-92e9-f1eab778e135,75ac2dbb-db9a-4616-8a1e-ea5ae939d64f,,https://amc.ppfas.com/downloads/portfolio-disclosure/fortnightly-debt-portfolio-disclosure/2022/PPLF_Fortnightly_Portfolio_Report_15-dec-2022.xlsx?19122022,file,xlsx,application/vnd.openxmlformats-officedocument.spreadsheetml.sheet,,21694,,False,2026-08-21 22:42:30.968931+00:00,{}
858aa53f-f320-479a-87c1-f6dde51df2bc,75ac2dbb-db9a-4616-8a1e-ea5ae939d64f,,https://www.dspim.com/media/pages/mandatory-disclosures/portfolio-disclosures/95652093fc-1757771552/dsp-debt-fortnightly-portfolio-as-on-15-nov-2024.xlsx,file,xlsx,application/vnd.openxmlformats-officedocument.spreadsheetml.sheet,,314440,,False,2026-08-21 22:42:32.142347+00:00,{}
352d9ea4-ea8a-4106-9b8b-c862277ba453,75ac2dbb-db9a-4616-8a1e-ea5ae939d64f,,https://www.dspim.com/media/pages/mandatory-disclosures/portfolio-disclosures/da3464b42a-1757771557/monthend-portfolio-july-31st-2023.zip,file,zip,application/zip,,843657,,False,2026-08-21 22:42:38.563884+00:00,{}
5cd0c1bc-00af-4785-836b-056242cf9302,75ac2dbb-db9a-4616-8a1e-ea5ae939d64f,,https://www.dspim.com/media/pages/mandatory-disclosures/portfolio-disclosures/415e8731e8-1787239919/dsp-isin-debt-fortnightly-portfolio-as-on-15-aug-2026.xlsx,file,xlsx,application/vnd.openxmlformats-officedocument.spreadsheetml.sheet,,455869,,False,2026-08-21 22:42:56.887115+00:00,{}
32c238c2-74d0-4de8-93f8-9e5d1414d9d3,24ca79fc-ec3a-45ce-8e48-df0291be9057,,https://mutualfund.adityabirlacapital.com/-/media/bsl/files/resources/portfolio/portfolio-as-of--19-sep-2025-bfs.zip,file,zip,application/x-zip-compressed,,20718,,False,2026-08-21 22:47:24.159087+00:00,{}
1aa3b833-1e74-4e42-8d39-51b0eb2cf66d,24ca79fc-ec3a-45ce-8e48-df0291be9057,,https://mutualfund.adityabirlacapital.com/-/media/bsl/files/resources/portfolio/portfolio-as-of-16-january-2022-debt.zip,file,zip,application/x-zip-compressed,,189961,,False,2026-08-21 22:47:26.374169+00:00,{}
d71504a4-8a9b-4364-ba04-76a5e60a0bec,24ca79fc-ec3a-45ce-8e48-df0291be9057,,https://mutualfund.adityabirlacapital.com/-/media/bsl/files/resources/portfolio/portfolio-as-of-28-dec-2023-debt.zip,file,zip,application/x-zip-compressed,,57242,,False,2026-08-21 22:47:41.212308+00:00,{}
30c5b724-9c0c-47e2-b617-1a45594e869b,24ca79fc-ec3a-45ce-8e48-df0291be9057,,https://amc.ppfas.com/downloads/portfolio-disclosure/fortnightly-debt-portfolio-disclosure/2024/PPCHF_Fortnightly_Portfolio_Report_31-may-2024.xlsx?05062024,file,xlsx,application/vnd.openxmlformats-officedocument.spreadsheetml.sheet,,34920,,False,2026-08-21 22:47:50.398051+00:00,{}
c4985735-19e1-4b2e-b7ab-95e0de9ce1ee,24ca79fc-ec3a-45ce-8e48-df0291be9057,,https://www.dspim.com/media/pages/mandatory-disclosures/portfolio-disclosures/b5b7270081-1757771552/dsp-debt-isin-portfolio-15th-july-2021.xlsx,file,xlsx,application/vnd.openxmlformats-officedocument.spreadsheetml.sheet,,93225,,False,2026-08-21 22:47:52.294394+00:00,{}
021f18ed-13a3-4234-a923-c3461b11c541,24ca79fc-ec3a-45ce-8e48-df0291be9057,,https://www.dspim.com/media/pages/mandatory-disclosures/portfolio-disclosures/025552f476-1757771553/dsp-isin-debt-portfolio-as-on-31-aug-2024.xlsx,file,xlsx,application/vnd.openxmlformats-officedocument.spreadsheetml.sheet,,456432,,False,2026-08-21 22:47:56.841927+00:00,{}
b50a44f1-4dfb-4d03-a198-9cfb5f12580a,24ca79fc-ec3a-45ce-8e48-df0291be9057,,https://www.dspim.com/media/pages/mandatory-disclosures/portfolio-disclosures/901b3e3f5a-1757771557/monthend-portfolio-june-2024.zip,file,zip,application/zip,,921172,,False,2026-08-21 22:48:03.398021+00:00,{}
b1e21ab1-24e4-4692-8626-2ff25b34578d,f8b464f0-e899-4e9f-be32-a17804084404,,https://transact.axismf.com/cms/sites/default/files/Statutory/IN_MF_FORTNIGHTLY_PORTFOLIO_AXISMF_31102021.xls,file,xls,application/vnd.ms-excel,,641024,,False,2026-08-21 22:49:47.767983+00:00,{}
60d0965d-7c08-4b5d-8400-edbf6cbfa05a,f8b464f0-e899-4e9f-be32-a17804084404,,https://transact.axismf.com/cms/sites/default/files/Statutory/IN_MF_FORTNIGHTLY_PORTFOLIO_AXISMF_15072021.xls,file,xls,application/vnd.ms-excel,,1007104,,False,2026-08-21 22:49:58.891566+00:00,{}
9d14659b-22c5-4297-a8e2-4962256731bc,f8b464f0-e899-4e9f-be32-a17804084404,,https://transact.axismf.com/cms/sites/default/files/Statutory/IN_MF_FORTNIGHTLY_PORTFOLIO_AXISMF_30062021.xls,file,xls,application/vnd.ms-excel,,1014272,,False,2026-08-21 22:50:10.663499+00:00,{}
415d03a5-9848-48ea-9890-3b36214b827c,f8b464f0-e899-4e9f-be32-a17804084404,,https://amc.ppfas.com/downloads/portfolio-disclosure/2023/PPFCF_PPFAS_Monthly_Portfolio_Report_September_30_2023.xls?10102023,file,xls,application/vnd.ms-excel,,184832,,False,2026-08-21 22:50:23.825811+00:00,{}
8bed772f-6875-434b-b893-46bd48fe6820,f8b464f0-e899-4e9f-be32-a17804084404,,https://amc.ppfas.com/downloads/portfolio-disclosure/fortnightly-debt-portfolio-disclosure/2024/PPCHF_Fortnightly_Portfolio_Report_15-october-2024.xlsx?18102024_2,file,xlsx,application/vnd.openxmlformats-officedocument.spreadsheetml.sheet,,34977,,False,2026-08-21 22:50:24.426153+00:00,{}
acefa497-25bd-4988-aeb4-1a201d04884b,f8b464f0-e899-4e9f-be32-a17804084404,,https://amc.ppfas.com/downloads/portfolio-disclosure/2026/PPTSF_PPFAS_Monthly_Portfolio_Report_April_30_2026.xlsx?08052026_1,file,xlsx,application/vnd.openxmlformats-officedocument.spreadsheetml.sheet,,83865,,False,2026-08-21 22:50:25.903806+00:00,{}
