action,keep_or_deleted,detail
deleted_scheme,98eebb4b-25b1-4aed-8dbf-166d2afa4ac9,->6b869cc7-4093-4897-b31f-06c5a57158b7
deleted_scheme,3eddcb58-221e-4e51-ad87-ebd1e6b9bf0a,->c39d55e8-b330-4221-b531-ba04eb8b96cd
deleted_scheme,ac4fe216-b9ad-480c-bc14-b8195380cedf,->26dfb532-ac6b-462f-a633-ffd67eb0251d
moved_snapshot,03e94377-2c62-4a81-a5e3-b9d3f10c72f3,f56984f7-7e5f-470b-b18d-5875d688657f->26dfb532-ac6b-462f-a633-ffd67eb0251d 2026-08-15
moved_snapshot,03e94377-2c62-4a81-a5e3-b9d3f10c72f3,bd39d7fe-f2d9-4a56-b8cf-90d08c491256->26dfb532-ac6b-462f-a633-ffd67eb0251d 2026-07-31
moved_snapshot,03e94377-2c62-4a81-a5e3-b9d3f10c72f3,9bc97c5c-4cbe-4742-8e33-fc565ab8ab01->26dfb532-ac6b-462f-a633-ffd67eb0251d 2026-05-31
moved_snapshot,03e94377-2c62-4a81-a5e3-b9d3f10c72f3,39cf8548-7379-4b8d-a335-7195d8c22015->26dfb532-ac6b-462f-a633-ffd67eb0251d 2026-04-30
moved_snapshot,03e94377-2c62-4a81-a5e3-b9d3f10c72f3,0d652928-ab16-4a26-a9c9-5bdabc905225->26dfb532-ac6b-462f-a633-ffd67eb0251d 2026-03-15
moved_snapshot,03e94377-2c62-4a81-a5e3-b9d3f10c72f3,ecb282f7-68a7-41a1-ba6f-409bcb140ce9->26dfb532-ac6b-462f-a633-ffd67eb0251d 2026-02-28
moved_snapshot,03e94377-2c62-4a81-a5e3-b9d3f10c72f3,062d693b-ae8b-42bc-a74b-abe203a932e5->26dfb532-ac6b-462f-a633-ffd67eb0251d 2026-01-31
moved_snapshot,03e94377-2c62-4a81-a5e3-b9d3f10c72f3,d039c6e0-dd23-4660-89c2-4b51082407bc->26dfb532-ac6b-462f-a633-ffd67eb0251d 2025-12-15
moved_snapshot,03e94377-2c62-4a81-a5e3-b9d3f10c72f3,a41e5111-35a9-411f-abf9-cf6a7a838228->26dfb532-ac6b-462f-a633-ffd67eb0251d 2025-11-30
moved_snapshot,03e94377-2c62-4a81-a5e3-b9d3f10c72f3,84087f72-4db2-4dc7-b046-ce9059969569->26dfb532-ac6b-462f-a633-ffd67eb0251d 2025-11-15
moved_snapshot,03e94377-2c62-4a81-a5e3-b9d3f10c72f3,817b6b59-9c34-4acd-915e-0b389837081b->26dfb532-ac6b-462f-a633-ffd67eb0251d 2025-10-31
moved_snapshot,03e94377-2c62-4a81-a5e3-b9d3f10c72f3,53d3b857-d4a5-4598-ae10-6f2aa6ed3dc8->26dfb532-ac6b-462f-a633-ffd67eb0251d 2026-07-15
moved_snapshot,03e94377-2c62-4a81-a5e3-b9d3f10c72f3,d2d28396-0b9c-4b8c-8aef-f97d368e87f4->26dfb532-ac6b-462f-a633-ffd67eb0251d 2026-06-30
moved_snapshot,03e94377-2c62-4a81-a5e3-b9d3f10c72f3,674405a8-28fc-4aab-a586-8d16dff543bd->26dfb532-ac6b-462f-a633-ffd67eb0251d 2026-06-15
moved_snapshot,03e94377-2c62-4a81-a5e3-b9d3f10c72f3,db14d2c5-f7b9-42a1-b2e2-13e10b5ea1f5->26dfb532-ac6b-462f-a633-ffd67eb0251d 2026-05-15
moved_snapshot,03e94377-2c62-4a81-a5e3-b9d3f10c72f3,19d4f2a0-cc41-4c13-a6ff-00418734f064->26dfb532-ac6b-462f-a633-ffd67eb0251d 2026-04-15
moved_snapshot,03e94377-2c62-4a81-a5e3-b9d3f10c72f3,6eb51652-5874-414d-a016-df4cda0e9e14->26dfb532-ac6b-462f-a633-ffd67eb0251d 2026-03-31
moved_snapshot,03e94377-2c62-4a81-a5e3-b9d3f10c72f3,d4987803-fdd5-4e21-883a-a7659807a857->26dfb532-ac6b-462f-a633-ffd67eb0251d 2026-02-15
moved_snapshot,03e94377-2c62-4a81-a5e3-b9d3f10c72f3,dbfdceba-6283-47be-a3d2-2e8e5c4e3e6a->26dfb532-ac6b-462f-a633-ffd67eb0251d 2026-01-15
moved_snapshot,03e94377-2c62-4a81-a5e3-b9d3f10c72f3,d1cd4898-0a14-4ae6-b91d-fb0fe8c4064c->26dfb532-ac6b-462f-a633-ffd67eb0251d 2025-12-31
deleted_scheme,03e94377-2c62-4a81-a5e3-b9d3f10c72f3,->26dfb532-ac6b-462f-a633-ffd67eb0251d
deleted_scheme,595eaa0e-cd01-4584-92d6-53690d29fe4f,->26dfb532-ac6b-462f-a633-ffd67eb0251d
deleted_scheme,b6aff30a-344e-4044-b67b-5370b3778531,->26dfb532-ac6b-462f-a633-ffd67eb0251d
deleted_scheme,ef811435-6333-4473-8467-480cd5573724,->26dfb532-ac6b-462f-a633-ffd67eb0251d
deleted_scheme,561fde3d-93b4-4997-82f7-0fe6dd66ffd6,->26dfb532-ac6b-462f-a633-ffd67eb0251d
deleted_scheme,7cf05ad1-2c79-40e8-8c11-2578c1dd878f,->26dfb532-ac6b-462f-a633-ffd67eb0251d
deleted_scheme,9a9e1bb0-4f52-4c90-8cda-c1323cb27752,->26dfb532-ac6b-462f-a633-ffd67eb0251d
deleted_scheme,f50dd6ca-74e9-47a1-b0d8-fa7407ec4632,->26dfb532-ac6b-462f-a633-ffd67eb0251d
deleted_scheme,af7b43c7-b22d-4ff6-b4fa-94e976a80e17,->26dfb532-ac6b-462f-a633-ffd67eb0251d
deleted_scheme,c12d7b07-c2aa-41e0-9d44-23b7b9c5a5a9,->26dfb532-ac6b-462f-a633-ffd67eb0251d
deleted_scheme,6fb06a36-1568-4b43-b822-1bee04a3940e,->26dfb532-ac6b-462f-a633-ffd67eb0251d
deleted_scheme,b7224c12-9fea-4d56-8e40-66e8a8698358,->26dfb532-ac6b-462f-a633-ffd67eb0251d
deleted_snapshot,fad97361-7dd4-49f1-9ac6-804f4baec973,7468aac9-2bcd-4176-8e4e-d026d1e1e190 2026-06-30
deleted_snapshot,fad97361-7dd4-49f1-9ac6-804f4baec973,be04c87b-3912-4b97-bacf-de8395c41191 2026-02-15
deleted_snapshot,fad97361-7dd4-49f1-9ac6-804f4baec973,aaf00953-c796-43c6-a6c2-6114d7cb1b17 2026-04-30
deleted_snapshot,fad97361-7dd4-49f1-9ac6-804f4baec973,711f46bb-8fc2-483a-be11-0ac12efdb381 2026-04-15
deleted_snapshot,fad97361-7dd4-49f1-9ac6-804f4baec973,24b3831d-398a-4f4f-b484-085796555287 2026-01-31
deleted_snapshot,fad97361-7dd4-49f1-9ac6-804f4baec973,09b73127-f3a3-40b3-972c-7e56d912d44f 2026-01-15
deleted_snapshot,fad97361-7dd4-49f1-9ac6-804f4baec973,e796887c-9360-4567-a477-29a79388da1a 2026-03-31
deleted_snapshot,fad97361-7dd4-49f1-9ac6-804f4baec973,c23f835c-62d0-4fa9-9fb7-079177c4e580 2026-03-15
deleted_snapshot,fad97361-7dd4-49f1-9ac6-804f4baec973,a9766f47-9627-409a-b3d1-d71e9939aa63 2026-02-28
deleted_snapshot,fad97361-7dd4-49f1-9ac6-804f4baec973,812a4cd3-cc77-4d84-bb3f-3b199c63fb84 2026-08-15
deleted_snapshot,fad97361-7dd4-49f1-9ac6-804f4baec973,fd385805-013f-4f1a-9b51-3683b1a918b9 2026-07-31
deleted_snapshot,fad97361-7dd4-49f1-9ac6-804f4baec973,1881ba2f-6aac-4a52-9f5e-f9c8371b5c90 2026-07-15
deleted_snapshot,fad97361-7dd4-49f1-9ac6-804f4baec973,780af6fa-d2f1-4060-8390-695c93461379 2026-06-15
deleted_snapshot,fad97361-7dd4-49f1-9ac6-804f4baec973,09a9ff33-4804-4fff-97e9-45425803ec32 2026-05-31
deleted_snapshot,fad97361-7dd4-49f1-9ac6-804f4baec973,2a0a445d-88fa-418e-a241-e0a8f991a947 2026-05-15
deleted_snapshot,fad97361-7dd4-49f1-9ac6-804f4baec973,6255f4fb-fde4-43a6-ab45-06e5776c0759 2025-12-31
deleted_snapshot,fad97361-7dd4-49f1-9ac6-804f4baec973,5d26564f-493a-41f5-8432-dce13bb80def 2025-12-15
deleted_snapshot,fad97361-7dd4-49f1-9ac6-804f4baec973,9cf5899f-f821-4903-b7d4-42d186fcd95b 2025-11-30
deleted_snapshot,fad97361-7dd4-49f1-9ac6-804f4baec973,2b5995be-b01d-41ef-82f7-20a5d3d42feb 2025-11-15
deleted_snapshot,fad97361-7dd4-49f1-9ac6-804f4baec973,df2c0a42-75fe-43ee-b207-a3a1c3e3f7c3 2025-10-31
deleted_scheme,fad97361-7dd4-49f1-9ac6-804f4baec973,->26dfb532-ac6b-462f-a633-ffd67eb0251d
deleted_scheme,dba288c0-58c5-410d-af95-a03667a1c104,->b030bc4d-3b93-483f-89ec-285d3af7d580
deleted_scheme,8f2a9aa2-3641-4e0f-9300-7a44c9d0ed6a,->b030bc4d-3b93-483f-89ec-285d3af7d580
deleted_scheme,2a6ab15f-6bad-415c-8575-2c1068c62c4e,->b030bc4d-3b93-483f-89ec-285d3af7d580
deleted_scheme,792c1917-8566-4f1f-8dbc-090767bbe8bf,->b030bc4d-3b93-483f-89ec-285d3af7d580
deleted_scheme,6415efd0-fabf-4901-91c3-617c6d53c4c7,->54e2807f-d8fb-4a0f-bbc7-27c19c6eedfb
deleted_scheme,d6fa3a55-1274-4d75-8ffc-ae69448480bd,->54e2807f-d8fb-4a0f-bbc7-27c19c6eedfb
deleted_scheme,1aa29ae5-dc22-4d5e-8384-6b96162f0f53,->54e2807f-d8fb-4a0f-bbc7-27c19c6eedfb
deleted_scheme,4c19e893-ba18-4e3d-a9e8-e6e09a77d5d4,->54e2807f-d8fb-4a0f-bbc7-27c19c6eedfb
deleted_scheme,7792572c-8f48-420d-978d-9a67666f4f40,->54e2807f-d8fb-4a0f-bbc7-27c19c6eedfb
deleted_scheme,6eab4c96-594d-4070-a003-ba9bafb5a2a8,->54e2807f-d8fb-4a0f-bbc7-27c19c6eedfb
deleted_scheme,5db3c23c-4948-4e5b-9e39-3c2e2aa1bd80,->54e2807f-d8fb-4a0f-bbc7-27c19c6eedfb
deleted_scheme,7e6f3652-860a-407c-8510-d4b0aa42c719,->ad7d3684-b543-4321-a0d0-b8866032725e
deleted_scheme,c1887695-937a-4f0e-9213-110a40b6db6c,->ad7d3684-b543-4321-a0d0-b8866032725e
deleted_scheme,5ccccca8-1541-48b3-af18-9aab79764148,->ad7d3684-b543-4321-a0d0-b8866032725e
deleted_scheme,4bbb0356-408e-4f88-afc6-2fdb533b3d03,->3c257084-1e29-4689-a263-ebd73f53aed1
deleted_scheme,5751eb62-21d7-4519-88da-f72207097060,->3c257084-1e29-4689-a263-ebd73f53aed1
deleted_scheme,77299d52-221d-4d57-a54d-bfb4eda478fb,->3c257084-1e29-4689-a263-ebd73f53aed1
moved_snapshot,0426efdc-eb29-49da-b541-5efca4550758,5cd2d3e1-609c-424b-b0dc-5a9198727525->acb4f0b2-b453-4440-8fbf-675fac27a8a4 2026-08-15
moved_snapshot,0426efdc-eb29-49da-b541-5efca4550758,75379416-ce57-4ed3-8121-43b2c9a9d68b->acb4f0b2-b453-4440-8fbf-675fac27a8a4 2026-07-31
moved_snapshot,0426efdc-eb29-49da-b541-5efca4550758,ae13c03b-99bf-4e9f-96e5-60595d82cea4->acb4f0b2-b453-4440-8fbf-675fac27a8a4 2026-04-30
moved_snapshot,0426efdc-eb29-49da-b541-5efca4550758,04b1a07c-17d4-42af-be82-b78af34c2917->acb4f0b2-b453-4440-8fbf-675fac27a8a4 2026-07-15
moved_snapshot,0426efdc-eb29-49da-b541-5efca4550758,c63f96ef-e6a9-4435-9f7a-29f535d0b3d0->acb4f0b2-b453-4440-8fbf-675fac27a8a4 2026-06-30
moved_snapshot,0426efdc-eb29-49da-b541-5efca4550758,e1d0d782-45c1-4144-b1e3-bed975d65764->acb4f0b2-b453-4440-8fbf-675fac27a8a4 2026-06-15
moved_snapshot,0426efdc-eb29-49da-b541-5efca4550758,a97a970d-8a86-4775-a242-70c5f68c61b7->acb4f0b2-b453-4440-8fbf-675fac27a8a4 2026-05-31
moved_snapshot,0426efdc-eb29-49da-b541-5efca4550758,48632eef-0b4e-48e3-9c2a-bc0885bc23dd->acb4f0b2-b453-4440-8fbf-675fac27a8a4 2026-05-15
deleted_scheme,0426efdc-eb29-49da-b541-5efca4550758,->acb4f0b2-b453-4440-8fbf-675fac27a8a4
deleted_scheme,ddd40185-73e4-417b-827b-e1473dd20e4f,->acb4f0b2-b453-4440-8fbf-675fac27a8a4
deleted_scheme,fbf631de-4bd9-49d7-a396-b4410530690a,->acb4f0b2-b453-4440-8fbf-675fac27a8a4
deleted_scheme,89757ad7-7d2e-4584-a03e-36f7b2e9d13b,->acb4f0b2-b453-4440-8fbf-675fac27a8a4
deleted_scheme,5376bcac-ecca-46b0-b0b1-4955aebee7f1,->acb4f0b2-b453-4440-8fbf-675fac27a8a4
deleted_scheme,51daf9b2-d9f3-41df-b4cb-663428ccc223,->acb4f0b2-b453-4440-8fbf-675fac27a8a4
deleted_scheme,21ed13d2-94d8-41f6-8c8c-d3fffdc88636,->acb4f0b2-b453-4440-8fbf-675fac27a8a4
deleted_scheme,a9c82ea4-f154-4415-958d-edd14663f67b,->acb4f0b2-b453-4440-8fbf-675fac27a8a4
deleted_scheme,a50d9be6-2a1f-42dc-8c3d-d99859d29a8c,->acb4f0b2-b453-4440-8fbf-675fac27a8a4
deleted_scheme,b5e137aa-f467-4c5d-b69c-b2fd3d7136cd,->acb4f0b2-b453-4440-8fbf-675fac27a8a4
deleted_snapshot,58ad3160-adb4-4a72-89a7-96535ea4d1f5,69ee6726-672a-4070-9aab-9c4518d5cc04 2026-08-15
deleted_snapshot,58ad3160-adb4-4a72-89a7-96535ea4d1f5,dd7791b9-f1d5-4db1-ad59-abd09ade9583 2026-07-31
deleted_snapshot,58ad3160-adb4-4a72-89a7-96535ea4d1f5,48ea69a9-0961-453c-839f-c9dece6ce435 2026-06-30
deleted_snapshot,58ad3160-adb4-4a72-89a7-96535ea4d1f5,96486f6d-eb20-4528-abdb-e00b56ac1518 2026-05-31
deleted_snapshot,58ad3160-adb4-4a72-89a7-96535ea4d1f5,8c54d3f5-ec45-443c-991b-a305925cd26c 2026-04-30
moved_snapshot,58ad3160-adb4-4a72-89a7-96535ea4d1f5,f103845b-3269-4d1c-ae6b-2b25438f2112->acb4f0b2-b453-4440-8fbf-675fac27a8a4 2026-03-15
moved_snapshot,58ad3160-adb4-4a72-89a7-96535ea4d1f5,add50f7e-5b81-4d96-a30e-eaa57986547a->acb4f0b2-b453-4440-8fbf-675fac27a8a4 2026-01-31
moved_snapshot,58ad3160-adb4-4a72-89a7-96535ea4d1f5,0d17e26c-ef8a-429f-8f84-d0ddc1f3b10c->acb4f0b2-b453-4440-8fbf-675fac27a8a4 2025-12-15
moved_snapshot,58ad3160-adb4-4a72-89a7-96535ea4d1f5,18b267f1-ae1c-43c3-88df-4ff988d62bab->acb4f0b2-b453-4440-8fbf-675fac27a8a4 2025-11-30
moved_snapshot,58ad3160-adb4-4a72-89a7-96535ea4d1f5,4559f56e-f5bf-4bc6-bc98-12177f0d6c92->acb4f0b2-b453-4440-8fbf-675fac27a8a4 2025-11-15
moved_snapshot,58ad3160-adb4-4a72-89a7-96535ea4d1f5,a24bb49b-6839-479a-82c3-75bbb5cd4d0f->acb4f0b2-b453-4440-8fbf-675fac27a8a4 2025-10-31
deleted_snapshot,58ad3160-adb4-4a72-89a7-96535ea4d1f5,e4ef1234-f388-406a-aecc-94cd4a8f790d 2026-07-15
deleted_snapshot,58ad3160-adb4-4a72-89a7-96535ea4d1f5,33c02f50-8362-48a5-8ea1-56b2dbe22f1c 2026-06-15
deleted_snapshot,58ad3160-adb4-4a72-89a7-96535ea4d1f5,9c3469ed-1fb3-412e-a7b6-b75cf4de1016 2026-05-15
moved_snapshot,58ad3160-adb4-4a72-89a7-96535ea4d1f5,1b66b2d6-ec60-43c3-b3cc-9b22d7661795->acb4f0b2-b453-4440-8fbf-675fac27a8a4 2026-04-15
moved_snapshot,58ad3160-adb4-4a72-89a7-96535ea4d1f5,2368f9b1-fa8a-4902-aa45-e439e71928cd->acb4f0b2-b453-4440-8fbf-675fac27a8a4 2026-03-31
moved_snapshot,58ad3160-adb4-4a72-89a7-96535ea4d1f5,947dbcc9-3297-4da1-a794-89a8bf29f612->acb4f0b2-b453-4440-8fbf-675fac27a8a4 2026-02-28
moved_snapshot,58ad3160-adb4-4a72-89a7-96535ea4d1f5,bdbca6ee-efc8-49e9-ba22-fffac2c5a287->acb4f0b2-b453-4440-8fbf-675fac27a8a4 2026-02-15
moved_snapshot,58ad3160-adb4-4a72-89a7-96535ea4d1f5,da396d13-e06b-4c31-b7ae-b60e7638d9d5->acb4f0b2-b453-4440-8fbf-675fac27a8a4 2026-01-15
moved_snapshot,58ad3160-adb4-4a72-89a7-96535ea4d1f5,4e07dfc4-ead9-4853-8f42-76d20e1cc0b8->acb4f0b2-b453-4440-8fbf-675fac27a8a4 2025-12-31
deleted_scheme,58ad3160-adb4-4a72-89a7-96535ea4d1f5,->acb4f0b2-b453-4440-8fbf-675fac27a8a4
deleted_snapshot,e26a0e39-ae1a-4875-8429-3f73c5109441,2094b2f3-5a8a-43d1-b470-7db60cc5d880 2026-06-30
deleted_snapshot,e26a0e39-ae1a-4875-8429-3f73c5109441,aad27759-5340-44cd-bf2e-e9344c47730a 2026-06-15
deleted_snapshot,e26a0e39-ae1a-4875-8429-3f73c5109441,800a565d-9f3e-4795-b18d-75d4ba51659c 2026-02-15
deleted_snapshot,e26a0e39-ae1a-4875-8429-3f73c5109441,3d7c87ab-66b0-4d80-bbc6-734d98c0394b 2026-04-15
deleted_snapshot,e26a0e39-ae1a-4875-8429-3f73c5109441,6877b869-0590-4b44-8a86-96f5ea9896b5 2026-01-31
deleted_snapshot,e26a0e39-ae1a-4875-8429-3f73c5109441,40c928e5-990b-48c1-b68c-15cc1c9dc530 2026-01-15
deleted_snapshot,e26a0e39-ae1a-4875-8429-3f73c5109441,27e4816a-b8ca-4df3-bec2-26409d8d523d 2026-03-31
deleted_snapshot,e26a0e39-ae1a-4875-8429-3f73c5109441,015cfdd4-ca5f-494a-a73b-d2f5f6f88401 2026-03-15
deleted_snapshot,e26a0e39-ae1a-4875-8429-3f73c5109441,92b8edeb-78d5-48c1-95da-1565232761c2 2026-02-28
deleted_snapshot,e26a0e39-ae1a-4875-8429-3f73c5109441,d8a8834f-096f-43da-91fe-f46a0bb92194 2026-08-15
deleted_snapshot,e26a0e39-ae1a-4875-8429-3f73c5109441,a764dfce-aaea-4066-a1bc-f5e761312160 2026-07-31
deleted_snapshot,e26a0e39-ae1a-4875-8429-3f73c5109441,5106491c-b0df-4e25-a128-bc0d5370f6b9 2026-07-15
deleted_snapshot,e26a0e39-ae1a-4875-8429-3f73c5109441,4bfe59b4-84f5-44da-82d1-17ca8225fa26 2026-05-31
deleted_snapshot,e26a0e39-ae1a-4875-8429-3f73c5109441,f7d9748b-ac0b-4cbb-8aba-4b6195a24776 2026-05-15
deleted_snapshot,e26a0e39-ae1a-4875-8429-3f73c5109441,e2d0ba1f-5f1d-4b8c-8027-d122ca8463c7 2026-04-30
deleted_snapshot,e26a0e39-ae1a-4875-8429-3f73c5109441,0d5793c7-0f2c-4006-9913-a28374646b0a 2025-12-31
deleted_snapshot,e26a0e39-ae1a-4875-8429-3f73c5109441,e31be415-03c7-4f16-943d-1f9738105924 2025-12-15
deleted_snapshot,e26a0e39-ae1a-4875-8429-3f73c5109441,58cf225c-1553-446b-9045-35da47bd8ce8 2025-11-30
deleted_snapshot,e26a0e39-ae1a-4875-8429-3f73c5109441,b113fe50-04cc-4f7f-8931-838d2015f7c7 2025-11-15
deleted_snapshot,e26a0e39-ae1a-4875-8429-3f73c5109441,5f170cc1-82f9-44c7-9967-db2ca35b0687 2025-10-31
deleted_scheme,e26a0e39-ae1a-4875-8429-3f73c5109441,->acb4f0b2-b453-4440-8fbf-675fac27a8a4
deleted_scheme,892afab3-8f84-408a-8ad0-fb9bef725ada,->8a63c871-8459-436b-8423-79a9783267ea
deleted_scheme,c4d1aee2-bcb1-4a02-8ebe-bf473ee90555,->286e5f6d-b4bb-45aa-a2b6-a146cae4c715
deleted_scheme,da0405f3-ca03-4211-80d1-49cfc1a381fc,->286e5f6d-b4bb-45aa-a2b6-a146cae4c715
deleted_scheme,6ca25c51-b4c0-4d0a-acf8-154f58654ad2,->286e5f6d-b4bb-45aa-a2b6-a146cae4c715
deleted_scheme,c08735dc-c20d-4c0f-87ff-fc3911f8a2d4,->54396542-fd7c-4c2a-9ef9-62ca85eafd63
deleted_scheme,3d6949e4-203e-44c6-8b0c-88a10542090c,->54396542-fd7c-4c2a-9ef9-62ca85eafd63
deleted_scheme,0f4898c6-df47-4779-853e-d1d0c55426f0,->54396542-fd7c-4c2a-9ef9-62ca85eafd63
deleted_scheme,9a207d11-9842-47f3-82ca-b12a64991ef0,->5e2cc087-0b09-4120-b8ee-1189f82f9061
deleted_scheme,93f82714-936f-40e3-8eed-bbeef133107f,->5e2cc087-0b09-4120-b8ee-1189f82f9061
deleted_scheme,76c652f9-afbf-40a6-a76d-6cca04d63ae7,->5e2cc087-0b09-4120-b8ee-1189f82f9061
deleted_scheme,60891a67-1aef-493f-8396-64dcb5432587,->5e2cc087-0b09-4120-b8ee-1189f82f9061
deleted_scheme,0f2797db-273f-474d-b7a0-be7be093ad77,->5e2cc087-0b09-4120-b8ee-1189f82f9061
deleted_scheme,9f1d8931-df6d-494a-a614-f2640ba51e46,->5e2cc087-0b09-4120-b8ee-1189f82f9061
deleted_scheme,39ce8dfd-06d8-4a96-aadf-e149e3826cc8,->5e2cc087-0b09-4120-b8ee-1189f82f9061
deleted_scheme,d7b68a06-218c-4f7e-a5be-846565896985,->eaec3105-7481-4ca2-a3b5-ae2e537c6bde
deleted_scheme,f4ac76ce-3d8a-49db-b119-bc0fd0fd6051,->eaec3105-7481-4ca2-a3b5-ae2e537c6bde
deleted_scheme,053e9a0b-10bd-42b8-abc7-bd422af9ec63,->eaec3105-7481-4ca2-a3b5-ae2e537c6bde
deleted_scheme,0a20e67d-2715-4984-b780-d73cc54eb95d,->eaec3105-7481-4ca2-a3b5-ae2e537c6bde
deleted_scheme,a433d0f1-ee81-4134-8ba4-7706d5c9d2e1,->eaec3105-7481-4ca2-a3b5-ae2e537c6bde
deleted_scheme,79a9daca-13cd-4659-bac7-c3711fcf707f,->eaec3105-7481-4ca2-a3b5-ae2e537c6bde
deleted_scheme,bf3992e8-358f-4f1c-b2fb-c0b8ea849e00,->eaec3105-7481-4ca2-a3b5-ae2e537c6bde
deleted_scheme,6879533b-d347-40b4-864a-6e644a8e0085,->eaec3105-7481-4ca2-a3b5-ae2e537c6bde
deleted_scheme,76f87e7a-8b12-4cc2-b6f0-043ba4cc76fd,->eaec3105-7481-4ca2-a3b5-ae2e537c6bde
deleted_scheme,c699bb2c-5811-40d9-b4a0-ea7715624a16,->eaec3105-7481-4ca2-a3b5-ae2e537c6bde
deleted_snapshot,148fda89-05a6-4d1d-bad1-a16ea5a774a7,28985f02-80e4-4a5f-b54c-a4974d11799c 2026-06-15
deleted_snapshot,148fda89-05a6-4d1d-bad1-a16ea5a774a7,9df78082-ae44-4be3-8e23-033fdca04118 2026-02-15
deleted_snapshot,148fda89-05a6-4d1d-bad1-a16ea5a774a7,f518421c-7206-4b7e-b9a0-cb487eb6eda3 2026-04-15
deleted_snapshot,148fda89-05a6-4d1d-bad1-a16ea5a774a7,63d3663d-fac8-4138-b7d0-aa11df48f551 2026-01-31
deleted_snapshot,148fda89-05a6-4d1d-bad1-a16ea5a774a7,b7df6923-c6d1-466a-941e-e2fcdef0e94a 2026-01-15
deleted_snapshot,148fda89-05a6-4d1d-bad1-a16ea5a774a7,4c01030e-ed81-4318-b05c-37e8382ab93a 2026-03-31
deleted_snapshot,148fda89-05a6-4d1d-bad1-a16ea5a774a7,e3e37018-06fe-49fb-97ec-41708bee52d5 2026-03-15
deleted_snapshot,148fda89-05a6-4d1d-bad1-a16ea5a774a7,90982757-26e6-4926-89ff-4c73bdc50e0d 2026-02-28
deleted_snapshot,148fda89-05a6-4d1d-bad1-a16ea5a774a7,b33aed83-8de9-4845-a32e-f10501e90efd 2026-08-15
deleted_snapshot,148fda89-05a6-4d1d-bad1-a16ea5a774a7,adb48cf9-c93a-4f68-8f59-7aa2a3c413f5 2026-07-31
deleted_snapshot,148fda89-05a6-4d1d-bad1-a16ea5a774a7,4d6c6a64-781e-4d7c-a8ed-1287ee0fd44a 2026-07-15
deleted_snapshot,148fda89-05a6-4d1d-bad1-a16ea5a774a7,761d9f6e-8c8f-4663-aff2-ceb2f151c473 2026-06-30
deleted_snapshot,148fda89-05a6-4d1d-bad1-a16ea5a774a7,e2071e42-8056-4f46-92dd-2579d1fa5134 2026-05-31
deleted_snapshot,148fda89-05a6-4d1d-bad1-a16ea5a774a7,645ed815-af76-447e-a056-f3ea7c29af8c 2026-05-15
deleted_snapshot,148fda89-05a6-4d1d-bad1-a16ea5a774a7,7f671812-dbb2-407f-89e0-dfd92a681131 2026-04-30
deleted_snapshot,148fda89-05a6-4d1d-bad1-a16ea5a774a7,9addf7fe-8d2a-4916-8f6f-8af3e317bfbf 2025-12-31
deleted_snapshot,148fda89-05a6-4d1d-bad1-a16ea5a774a7,28b8e1f9-0bc0-4c04-82c4-60620f1b0dc0 2025-12-15
deleted_snapshot,148fda89-05a6-4d1d-bad1-a16ea5a774a7,b03ab028-7523-4fea-8ea6-1b508dd04978 2025-11-30
deleted_snapshot,148fda89-05a6-4d1d-bad1-a16ea5a774a7,c501da8a-5baa-4951-a06f-ec339a0f7ee5 2025-11-15
deleted_snapshot,148fda89-05a6-4d1d-bad1-a16ea5a774a7,634b88cd-3004-47cf-a5fc-fb5c643a23cf 2025-10-31
deleted_scheme,148fda89-05a6-4d1d-bad1-a16ea5a774a7,->eaec3105-7481-4ca2-a3b5-ae2e537c6bde
deleted_scheme,d37c0261-7bca-48ee-ba26-6062bdd02d1a,->2940d67f-5618-44ba-9829-027a9e794e52
deleted_scheme,20a0afa7-ba39-46a7-a3f0-9dc6e4675766,->2940d67f-5618-44ba-9829-027a9e794e52
deleted_scheme,af47e3a2-974c-4946-b7e1-e309e0c5d765,->2940d67f-5618-44ba-9829-027a9e794e52
deleted_scheme,138d4884-7c12-418c-9e37-efc18765c142,->a93a80ab-0979-41f5-8b30-4e53023ed7c1
deleted_scheme,51ceb2bf-12bb-4c92-a551-8e71777d83aa,->a93a80ab-0979-41f5-8b30-4e53023ed7c1
deleted_scheme,99f6d0c9-5727-40b1-a452-e819b1e784c6,->a93a80ab-0979-41f5-8b30-4e53023ed7c1
deleted_scheme,e7786aa1-4dc2-4f3d-8c23-572ed2910c47,->6be2e569-10ca-4453-ad05-a60ec34e16e2
deleted_scheme,b1eaf843-cc9a-4d27-8372-d3cd1523e31d,->6be2e569-10ca-4453-ad05-a60ec34e16e2
deleted_scheme,4c212f80-cbbd-4caf-a907-7ebc8dcdfbc6,->6be2e569-10ca-4453-ad05-a60ec34e16e2
deleted_scheme,c0571734-4b49-4be6-8325-81a9de4b2bf2,->fe3efe0f-e1cb-495d-b954-22f55f84e92f
deleted_scheme,d545e0ef-1ba4-4d7c-ba11-05e60516a005,->fe6552b0-1f59-4076-8092-c2700f61d77c
deleted_scheme,a298922b-f58b-4747-9fd8-3895055d5ad4,->4c8a3f42-6e29-4901-bf0a-2d71a253711d
deleted_scheme,58933454-24ee-4a12-ba9f-546623ccd334,->732ee85c-13e3-4043-b661-72e41f1fb495
deleted_scheme,534d989c-5559-4e1b-b2d6-0110ba081048,->732ee85c-13e3-4043-b661-72e41f1fb495
deleted_scheme,9e9b73ac-1bc0-4462-ae0b-4a223c9583f6,->732ee85c-13e3-4043-b661-72e41f1fb495
deleted_scheme,0f5d54ad-123f-40fb-b045-ea8a13e8f43e,->d34e0346-7979-4311-beac-33d15b2c6379
deleted_scheme,7f8797ad-e789-452f-896b-da29eae5f061,->d34e0346-7979-4311-beac-33d15b2c6379
deleted_scheme,7f760671-a1b6-4c16-9762-1169e504b0a6,->d34e0346-7979-4311-beac-33d15b2c6379
deleted_scheme,adecef5c-569c-4037-b1bd-ca1cd1aca438,->b626e52c-543a-471b-bd95-aa502bf5b620
deleted_scheme,b62718ab-4ea0-40ed-a61e-f6b025521c13,->b626e52c-543a-471b-bd95-aa502bf5b620
deleted_scheme,7d11b4ac-c25f-4224-b3d4-da143a50abe0,->b626e52c-543a-471b-bd95-aa502bf5b620
deleted_scheme,7046a477-fd9b-45e1-9fa8-8ce07a7e0154,->8ef4e008-aef0-4f39-9785-a5f542959d87
deleted_scheme,ec7a4ccc-fee0-4f9a-8be2-dfd93cb8c7c3,->8ef4e008-aef0-4f39-9785-a5f542959d87
deleted_scheme,630210c6-99f9-4b0d-9b8c-faa113b345b4,->2b3a480b-4dab-411b-93c1-906079aed02a
deleted_scheme,bc622ed7-700f-4c2b-9460-419c1cf04600,->2b3a480b-4dab-411b-93c1-906079aed02a
deleted_scheme,0c507fe9-fb09-44ca-b0bf-87203e2b5aba,->2b3a480b-4dab-411b-93c1-906079aed02a
deleted_scheme,7a08137c-c1a7-412a-a0df-d023d0b26502,->f3d5ebd0-2e14-4171-a9b7-074b78a29947
deleted_scheme,8b9e55c6-cca8-497d-9b38-0b0a511429c1,->bd61978b-3ff5-4918-ae5a-0ee3a6961a4a
deleted_scheme,1ade12f6-1694-4acd-83ec-1688e1f52f34,->794386db-01ec-4331-882f-bc7aaeb668a2
deleted_scheme,54bcf8b1-1c45-4998-b24d-30b9539c5414,->bd470bf7-88a6-44fb-b70c-e35b054e159f
deleted_scheme,98bbb32c-65c7-4349-a811-bb1eb27fc091,->e23c9397-27ab-4f3c-a40b-1ceb0944d980
deleted_scheme,d218719e-16ec-4897-89fb-2710fe8c4913,->1b0a18c7-66dd-4b34-8757-8d75561b7bdc
deleted_scheme,3c903572-c72f-4e08-8aa8-ce790be8c1ea,->1b0a18c7-66dd-4b34-8757-8d75561b7bdc
deleted_scheme,0c802a5f-a9b3-42a9-89df-7c9320d44327,->1b0a18c7-66dd-4b34-8757-8d75561b7bdc
deleted_scheme,6b0a8c01-8419-4d1b-a532-cb9241ca8b21,->8934e23b-eb71-4588-9e0f-2dd6333b31d7
deleted_scheme,a3330b9a-c4cd-41b2-86c5-c6cc9342b31b,->8934e23b-eb71-4588-9e0f-2dd6333b31d7
deleted_scheme,e5be71cd-1193-4b7c-8d3f-29b96447517a,->8934e23b-eb71-4588-9e0f-2dd6333b31d7
deleted_scheme,d6e1f193-4b24-4aba-8a8b-ef8a6df8218d,->fdf6f1f0-afc6-459f-993c-87640f0ca847
deleted_scheme,cabd9c89-8208-4029-9baa-ba30ccbb1816,->fdf6f1f0-afc6-459f-993c-87640f0ca847
moved_snapshot,bc970d5e-9dc3-4ba4-8517-247dd6838183,e76c473c-b0df-4c64-9fab-11fd09b9c6f2->fdf6f1f0-afc6-459f-993c-87640f0ca847 2026-04-30
moved_snapshot,bc970d5e-9dc3-4ba4-8517-247dd6838183,d57050b1-c32c-4578-b9fc-95afbdd42e8f->fdf6f1f0-afc6-459f-993c-87640f0ca847 2026-07-31
moved_snapshot,bc970d5e-9dc3-4ba4-8517-247dd6838183,b1e6c442-a975-412e-85d0-38217eb41587->fdf6f1f0-afc6-459f-993c-87640f0ca847 2026-06-30
moved_snapshot,bc970d5e-9dc3-4ba4-8517-247dd6838183,f6b03e93-ee49-4b05-b715-39026e5ef561->fdf6f1f0-afc6-459f-993c-87640f0ca847 2026-05-31
moved_snapshot,bc970d5e-9dc3-4ba4-8517-247dd6838183,e5b6b147-fa8f-4526-864e-b01b5e7abfb4->fdf6f1f0-afc6-459f-993c-87640f0ca847 2026-05-15
moved_snapshot,bc970d5e-9dc3-4ba4-8517-247dd6838183,434f83c6-9651-4e2d-b0eb-7f34206f2473->fdf6f1f0-afc6-459f-993c-87640f0ca847 2026-03-15
moved_snapshot,bc970d5e-9dc3-4ba4-8517-247dd6838183,ca82f077-8562-48c1-8a8e-1137fa648dc3->fdf6f1f0-afc6-459f-993c-87640f0ca847 2026-02-28
moved_snapshot,bc970d5e-9dc3-4ba4-8517-247dd6838183,c1b4dca2-ef32-4f10-b44a-2257dcb2e625->fdf6f1f0-afc6-459f-993c-87640f0ca847 2026-01-31
moved_snapshot,bc970d5e-9dc3-4ba4-8517-247dd6838183,83f9ee53-0dc9-4c81-a28b-76ab6a4979f5->fdf6f1f0-afc6-459f-993c-87640f0ca847 2025-11-15
moved_snapshot,bc970d5e-9dc3-4ba4-8517-247dd6838183,e273fc98-eff0-42da-b6fa-a246b3351213->fdf6f1f0-afc6-459f-993c-87640f0ca847 2025-10-31
moved_snapshot,bc970d5e-9dc3-4ba4-8517-247dd6838183,50bb1a4b-6771-4f8d-804b-c9c80204eca8->fdf6f1f0-afc6-459f-993c-87640f0ca847 2026-08-15
moved_snapshot,bc970d5e-9dc3-4ba4-8517-247dd6838183,265ebd30-039c-4dd0-8c16-39a70e60c940->fdf6f1f0-afc6-459f-993c-87640f0ca847 2026-07-15
moved_snapshot,bc970d5e-9dc3-4ba4-8517-247dd6838183,972d6c7c-cb08-4583-b758-1430b62e89e3->fdf6f1f0-afc6-459f-993c-87640f0ca847 2026-06-15
moved_snapshot,bc970d5e-9dc3-4ba4-8517-247dd6838183,4270e8b1-1e21-4670-934f-927f16d889a7->fdf6f1f0-afc6-459f-993c-87640f0ca847 2026-04-15
moved_snapshot,bc970d5e-9dc3-4ba4-8517-247dd6838183,825b4959-19d9-47ab-aea7-bb48f13dfcc6->fdf6f1f0-afc6-459f-993c-87640f0ca847 2026-03-31
moved_snapshot,bc970d5e-9dc3-4ba4-8517-247dd6838183,57c3f290-a810-4f69-9ab9-7b1b497ee41d->fdf6f1f0-afc6-459f-993c-87640f0ca847 2026-02-15
moved_snapshot,bc970d5e-9dc3-4ba4-8517-247dd6838183,429028f6-b8b3-4fc1-bf9e-4cfe2f693fac->fdf6f1f0-afc6-459f-993c-87640f0ca847 2026-01-15
moved_snapshot,bc970d5e-9dc3-4ba4-8517-247dd6838183,df824c05-bd82-4f87-95a2-0cb10119af98->fdf6f1f0-afc6-459f-993c-87640f0ca847 2025-12-31
moved_snapshot,bc970d5e-9dc3-4ba4-8517-247dd6838183,e688131a-8a26-491b-8170-a08a4bcd9bcc->fdf6f1f0-afc6-459f-993c-87640f0ca847 2025-12-15
moved_snapshot,bc970d5e-9dc3-4ba4-8517-247dd6838183,9ff512fe-6c0a-465c-ba4f-c0595a54ee6d->fdf6f1f0-afc6-459f-993c-87640f0ca847 2025-11-30
deleted_scheme,bc970d5e-9dc3-4ba4-8517-247dd6838183,->fdf6f1f0-afc6-459f-993c-87640f0ca847
deleted_snapshot,20e22757-6a93-4e58-8102-396ba968f1ba,6f1248a8-01c7-4282-ae23-5047d1253b3c 2026-04-15
deleted_snapshot,20e22757-6a93-4e58-8102-396ba968f1ba,c6410d46-128e-4a99-88c4-ca617861ccad 2026-03-31
deleted_snapshot,20e22757-6a93-4e58-8102-396ba968f1ba,18596413-d10a-4921-ba34-db83e4ad6b13 2026-03-15
deleted_snapshot,20e22757-6a93-4e58-8102-396ba968f1ba,63567199-afeb-4c6d-81ab-c46c5b27d9dc 2026-02-28
deleted_snapshot,20e22757-6a93-4e58-8102-396ba968f1ba,2f896256-7151-46b7-9334-2dccd04dccb3 2026-02-15
deleted_snapshot,20e22757-6a93-4e58-8102-396ba968f1ba,215be755-3d03-4f7d-add0-239ccdf868ae 2026-01-31
deleted_snapshot,20e22757-6a93-4e58-8102-396ba968f1ba,12e155f3-f17a-4827-bc3f-06684dd864e3 2026-01-15
deleted_snapshot,20e22757-6a93-4e58-8102-396ba968f1ba,bead6d29-ad5e-45dd-be01-8c567aa16e21 2026-08-15
deleted_snapshot,20e22757-6a93-4e58-8102-396ba968f1ba,5ddc88c7-b623-474e-9aeb-3e94a93bb5e4 2025-12-31
deleted_snapshot,20e22757-6a93-4e58-8102-396ba968f1ba,5db14519-5ab0-449e-8b97-f2c001c90c57 2026-07-31
deleted_snapshot,20e22757-6a93-4e58-8102-396ba968f1ba,4f87446e-53ee-42e3-a1f0-a45fe72ae5d6 2026-07-15
deleted_snapshot,20e22757-6a93-4e58-8102-396ba968f1ba,390e0f75-6dc1-4fd8-b35b-9c12d1816e0c 2026-06-30
deleted_snapshot,20e22757-6a93-4e58-8102-396ba968f1ba,76518f3e-584d-4fde-a587-94e428856eb3 2026-06-15
deleted_snapshot,20e22757-6a93-4e58-8102-396ba968f1ba,cf7a8785-bbbc-440c-9777-440f00c01ac7 2026-05-31
deleted_snapshot,20e22757-6a93-4e58-8102-396ba968f1ba,1c864a58-131d-43d5-98b5-ee5e0c174ffb 2026-05-15
deleted_snapshot,20e22757-6a93-4e58-8102-396ba968f1ba,e0798c8c-bc1f-4955-b570-7681ff9cfca1 2026-04-30
deleted_snapshot,20e22757-6a93-4e58-8102-396ba968f1ba,61ce74c4-67ff-4f7d-a2cd-853d672a5a0b 2025-12-15
deleted_snapshot,20e22757-6a93-4e58-8102-396ba968f1ba,3236174e-794d-4ce1-9b5e-a6fa53426329 2025-11-30
deleted_snapshot,20e22757-6a93-4e58-8102-396ba968f1ba,36889f58-4a9a-4fa4-987a-34e032399542 2025-11-15
deleted_snapshot,20e22757-6a93-4e58-8102-396ba968f1ba,068c1710-8f80-4ef2-a6b7-ab613b45e10e 2025-10-31
deleted_scheme,20e22757-6a93-4e58-8102-396ba968f1ba,->fdf6f1f0-afc6-459f-993c-87640f0ca847
deleted_scheme,14b0497b-f013-4d32-9dc2-3e56e77e9a50,->8a39a34f-7e67-47d8-b683-68d73337d17e
deleted_scheme,aa535526-6c7e-48df-b6b3-7b31a4aed32f,->8a39a34f-7e67-47d8-b683-68d73337d17e
deleted_scheme,45effba6-3d55-4cea-8dfc-cb29f02edb6d,->8a39a34f-7e67-47d8-b683-68d73337d17e
deleted_scheme,e73eea05-7e68-41c5-8083-6fd8ba41c1ae,->8a39a34f-7e67-47d8-b683-68d73337d17e
deleted_scheme,0ce2edf2-5b7e-4147-b240-6975f4ff16c6,->8a39a34f-7e67-47d8-b683-68d73337d17e
deleted_scheme,42e75a23-da34-4ed0-ad49-99832edc3e53,->8a39a34f-7e67-47d8-b683-68d73337d17e
deleted_scheme,7e7b9007-9ad4-4f57-a7dc-3d23799ad384,->8a39a34f-7e67-47d8-b683-68d73337d17e
deleted_scheme,d401367d-6606-4a8d-8aa8-655498d26110,->8a39a34f-7e67-47d8-b683-68d73337d17e
deleted_scheme,16135c58-b0f0-4053-891f-31aec79bbb89,->8a39a34f-7e67-47d8-b683-68d73337d17e
deleted_scheme,086d5833-ea61-456c-afd2-f55e19092ede,->8a39a34f-7e67-47d8-b683-68d73337d17e
moved_snapshot,7960cd95-f460-4dcf-b1b9-ec5e61b55645,74ed4a69-84be-4a3e-9004-dc62614ae70c->8a39a34f-7e67-47d8-b683-68d73337d17e 2026-08-15
moved_snapshot,7960cd95-f460-4dcf-b1b9-ec5e61b55645,56d2d7f6-c936-41b1-856e-313db9b32c21->8a39a34f-7e67-47d8-b683-68d73337d17e 2026-04-30
moved_snapshot,7960cd95-f460-4dcf-b1b9-ec5e61b55645,b1751d6d-9f47-4a09-98b1-bab77a94c47c->8a39a34f-7e67-47d8-b683-68d73337d17e 2026-07-31
moved_snapshot,7960cd95-f460-4dcf-b1b9-ec5e61b55645,6214dffe-c5f4-43ee-87b7-d5ca9a0be6fa->8a39a34f-7e67-47d8-b683-68d73337d17e 2026-07-15
moved_snapshot,7960cd95-f460-4dcf-b1b9-ec5e61b55645,869a8fbe-8a6e-451e-8a4a-7c52d37aff64->8a39a34f-7e67-47d8-b683-68d73337d17e 2026-06-30
moved_snapshot,7960cd95-f460-4dcf-b1b9-ec5e61b55645,b122c87c-b33a-44d0-addb-c9a5cf2755ad->8a39a34f-7e67-47d8-b683-68d73337d17e 2026-06-15
moved_snapshot,7960cd95-f460-4dcf-b1b9-ec5e61b55645,c97b787f-574e-4e09-be78-889df95ac9d0->8a39a34f-7e67-47d8-b683-68d73337d17e 2026-05-31
moved_snapshot,7960cd95-f460-4dcf-b1b9-ec5e61b55645,4917f739-4f0c-45b9-8001-e61553a3c80e->8a39a34f-7e67-47d8-b683-68d73337d17e 2026-05-15
deleted_scheme,7960cd95-f460-4dcf-b1b9-ec5e61b55645,->8a39a34f-7e67-47d8-b683-68d73337d17e
deleted_scheme,ba11c540-82e6-484d-ab81-eeaecc3f4dc1,->8a39a34f-7e67-47d8-b683-68d73337d17e
deleted_scheme,abbfd500-a469-4be4-aabb-74021cea90cf,->8a39a34f-7e67-47d8-b683-68d73337d17e
deleted_scheme,6f3c0b28-017d-4323-bf2b-5809508656cf,->8a39a34f-7e67-47d8-b683-68d73337d17e
moved_snapshot,371bb52b-e613-4c7d-abdc-eac9de06b52d,72f147bc-302f-4ef3-a55c-150a524fc1a6->8a39a34f-7e67-47d8-b683-68d73337d17e 2025-11-15
moved_snapshot,371bb52b-e613-4c7d-abdc-eac9de06b52d,b977f047-6ed1-4a89-8292-8594595375ad->8a39a34f-7e67-47d8-b683-68d73337d17e 2025-10-31
deleted_snapshot,371bb52b-e613-4c7d-abdc-eac9de06b52d,ee6c1bc8-9d8d-4da7-b548-c642f1ffbf4c 2026-08-15
deleted_snapshot,371bb52b-e613-4c7d-abdc-eac9de06b52d,1801321d-c803-46a0-9a5f-0d4dc1f3c2b6 2026-07-31
deleted_snapshot,371bb52b-e613-4c7d-abdc-eac9de06b52d,0994c971-5427-463b-84d4-a4644b24949e 2026-07-15
deleted_snapshot,371bb52b-e613-4c7d-abdc-eac9de06b52d,e39a0a75-71db-4e35-b02c-a521e595ac0e 2026-06-30
deleted_snapshot,371bb52b-e613-4c7d-abdc-eac9de06b52d,7be194f6-d93a-475c-9a2f-cbcc5b4e3114 2026-06-15
deleted_snapshot,371bb52b-e613-4c7d-abdc-eac9de06b52d,b4374eec-141a-4a97-aedd-fe3f420c2ca2 2026-05-31
deleted_snapshot,371bb52b-e613-4c7d-abdc-eac9de06b52d,9f81340e-ecd7-47b5-8184-69b9696701a4 2026-05-15
deleted_snapshot,371bb52b-e613-4c7d-abdc-eac9de06b52d,361073ff-43b4-4644-9dad-eba8e07d3dc8 2026-04-30
moved_snapshot,371bb52b-e613-4c7d-abdc-eac9de06b52d,d851c87b-93a4-483e-a37f-2364791ff20c->8a39a34f-7e67-47d8-b683-68d73337d17e 2026-04-15
moved_snapshot,371bb52b-e613-4c7d-abdc-eac9de06b52d,e09f1188-e733-4565-83ed-dca79de4989a->8a39a34f-7e67-47d8-b683-68d73337d17e 2026-03-31
moved_snapshot,371bb52b-e613-4c7d-abdc-eac9de06b52d,70fe26d0-7f9e-4ec6-a15c-b5d482eda4e5->8a39a34f-7e67-47d8-b683-68d73337d17e 2026-03-15
moved_snapshot,371bb52b-e613-4c7d-abdc-eac9de06b52d,6801184e-f0ff-49f8-865b-bc5385049a79->8a39a34f-7e67-47d8-b683-68d73337d17e 2026-02-28
moved_snapshot,371bb52b-e613-4c7d-abdc-eac9de06b52d,dcd1eea2-0e0d-4e16-8c81-efc20c239fe6->8a39a34f-7e67-47d8-b683-68d73337d17e 2026-02-15
moved_snapshot,371bb52b-e613-4c7d-abdc-eac9de06b52d,66d27f42-c352-4dce-a4cb-0294c3081087->8a39a34f-7e67-47d8-b683-68d73337d17e 2026-01-31
moved_snapshot,371bb52b-e613-4c7d-abdc-eac9de06b52d,a04622aa-02d0-419a-8153-79bb2d36ad2c->8a39a34f-7e67-47d8-b683-68d73337d17e 2026-01-15
moved_snapshot,371bb52b-e613-4c7d-abdc-eac9de06b52d,7f411a26-f8c9-48f2-911b-deff7a05b53a->8a39a34f-7e67-47d8-b683-68d73337d17e 2025-12-31
moved_snapshot,371bb52b-e613-4c7d-abdc-eac9de06b52d,e56242d2-fc28-49fd-8541-9ad53cd1af66->8a39a34f-7e67-47d8-b683-68d73337d17e 2025-12-15
moved_snapshot,371bb52b-e613-4c7d-abdc-eac9de06b52d,f15f01f3-1927-4f49-82c7-3b0b7e658ad8->8a39a34f-7e67-47d8-b683-68d73337d17e 2025-11-30
deleted_scheme,371bb52b-e613-4c7d-abdc-eac9de06b52d,->8a39a34f-7e67-47d8-b683-68d73337d17e
deleted_scheme,edd5ef81-253b-4383-9dab-2a68ce43be25,->8a39a34f-7e67-47d8-b683-68d73337d17e
deleted_scheme,6b3a04d1-ce18-4b48-9a3e-2a6b658f22e6,->8a39a34f-7e67-47d8-b683-68d73337d17e
deleted_scheme,b6c59c0c-7e21-443c-ae38-81ff1ba3ea07,->8a39a34f-7e67-47d8-b683-68d73337d17e
deleted_snapshot,330b75a0-5f7c-4efa-8530-542101abeb97,246bd5e4-816d-4b02-8d84-17526d7978d7 2026-08-15
deleted_snapshot,330b75a0-5f7c-4efa-8530-542101abeb97,cce66e46-e5a5-4812-9436-0aa9f7735984 2026-07-31
deleted_snapshot,330b75a0-5f7c-4efa-8530-542101abeb97,4e5691ac-09f4-437e-b4e4-670fef3bef9d 2026-07-15
deleted_snapshot,330b75a0-5f7c-4efa-8530-542101abeb97,e8f30fa7-bcf5-4a17-a0a2-35042711d132 2026-06-30
deleted_snapshot,330b75a0-5f7c-4efa-8530-542101abeb97,269d305f-1b56-4e49-a5f6-510bfcd8341c 2026-06-15
deleted_snapshot,330b75a0-5f7c-4efa-8530-542101abeb97,0c0968db-a874-4681-b955-24b4d8ff0dd0 2026-05-31
deleted_snapshot,330b75a0-5f7c-4efa-8530-542101abeb97,86bf4757-7278-49ed-a340-25b7f2b98564 2026-05-15
deleted_snapshot,330b75a0-5f7c-4efa-8530-542101abeb97,63717456-a606-480c-a948-3d08537c5bad 2026-04-30
deleted_snapshot,330b75a0-5f7c-4efa-8530-542101abeb97,0960ad3c-4bca-4d13-b07c-e80a4ea6b369 2026-04-15
deleted_snapshot,330b75a0-5f7c-4efa-8530-542101abeb97,7f5ee765-d791-4837-a891-46d969c00e52 2026-03-31
deleted_snapshot,330b75a0-5f7c-4efa-8530-542101abeb97,8db26b6a-f73e-4274-b073-7ae1ff2187c4 2026-03-15
deleted_snapshot,330b75a0-5f7c-4efa-8530-542101abeb97,fd636819-03db-4824-be2e-381fba3bca3c 2026-02-28
deleted_snapshot,330b75a0-5f7c-4efa-8530-542101abeb97,451f889d-6125-4983-8acb-2b70ca97ffb5 2026-02-15
deleted_snapshot,330b75a0-5f7c-4efa-8530-542101abeb97,2487ccb7-a1e6-4d21-8dd5-a81e737b2977 2026-01-31
deleted_snapshot,330b75a0-5f7c-4efa-8530-542101abeb97,0ac04ff0-33b9-4aa0-88da-6cdb943b9984 2026-01-15
deleted_snapshot,330b75a0-5f7c-4efa-8530-542101abeb97,c056b00c-eabe-4ce0-bde4-f8373c0f92a2 2025-12-31
deleted_snapshot,330b75a0-5f7c-4efa-8530-542101abeb97,e3f0f442-f5ea-4aad-ae69-46f1c6ca2a3a 2025-12-15
deleted_snapshot,330b75a0-5f7c-4efa-8530-542101abeb97,a40b6195-56a8-44b7-ac07-6c8427cd52b5 2025-11-30
deleted_snapshot,330b75a0-5f7c-4efa-8530-542101abeb97,9225bab6-4fc7-4b0b-a5b7-ecd89626e24e 2025-11-15
deleted_snapshot,330b75a0-5f7c-4efa-8530-542101abeb97,48990806-4b46-4df4-8e80-4810028622b0 2025-10-31
deleted_scheme,330b75a0-5f7c-4efa-8530-542101abeb97,->8a39a34f-7e67-47d8-b683-68d73337d17e
deleted_snapshot,98066e78-446d-4158-912d-b4978e253dc7,e1d9dff7-fa22-4025-b301-8400bfa12339 2026-02-15
deleted_snapshot,98066e78-446d-4158-912d-b4978e253dc7,e64c4bb1-2f23-4e52-9961-f51bfbcf9642 2026-04-15
deleted_snapshot,98066e78-446d-4158-912d-b4978e253dc7,72b7362a-0ead-4b79-a51c-1289665063db 2026-01-31
deleted_snapshot,98066e78-446d-4158-912d-b4978e253dc7,2d8785c8-b103-46d4-a14a-51e656b8bf7a 2026-05-31
deleted_snapshot,98066e78-446d-4158-912d-b4978e253dc7,928b5ddf-36f0-4613-86dd-eca77d155a94 2026-05-15
deleted_snapshot,98066e78-446d-4158-912d-b4978e253dc7,ab05f386-1f24-4278-a4b1-d0fd3e693981 2026-03-31
deleted_snapshot,98066e78-446d-4158-912d-b4978e253dc7,0b894809-7041-4b74-8211-ac73216a7d7c 2025-12-31
deleted_snapshot,98066e78-446d-4158-912d-b4978e253dc7,41f6de84-9f10-4c1a-aafa-b4a5b751cebf 2026-03-15
deleted_snapshot,98066e78-446d-4158-912d-b4978e253dc7,abe3887a-6eb8-4873-9002-748b300fc686 2025-12-15
deleted_snapshot,98066e78-446d-4158-912d-b4978e253dc7,ff902fbe-e046-4a22-a2df-3ccc08a1f460 2025-11-30
deleted_snapshot,98066e78-446d-4158-912d-b4978e253dc7,05a5a7a5-496d-4755-b9e4-de34822b2c80 2026-02-28
deleted_snapshot,98066e78-446d-4158-912d-b4978e253dc7,0b1056c7-611c-444d-b9bf-ff3af19eea31 2025-11-15
deleted_snapshot,98066e78-446d-4158-912d-b4978e253dc7,4b960579-40e7-4d2e-bf7e-893dc84fc90c 2026-01-15
deleted_snapshot,98066e78-446d-4158-912d-b4978e253dc7,1afbd610-f4eb-4d17-83c6-a9a55a44a499 2026-08-15
deleted_snapshot,98066e78-446d-4158-912d-b4978e253dc7,31a0e19a-aeb1-4efe-8d0e-7925255f4e29 2026-07-31
deleted_snapshot,98066e78-446d-4158-912d-b4978e253dc7,83041765-0026-4d4e-b9bd-25e82ae263d1 2026-07-15
deleted_snapshot,98066e78-446d-4158-912d-b4978e253dc7,efbf2bbc-4b51-4a3b-b936-b8e5e9673303 2026-06-30
deleted_snapshot,98066e78-446d-4158-912d-b4978e253dc7,839e1c84-24cc-475a-bbd2-2384661c9755 2026-06-15
deleted_snapshot,98066e78-446d-4158-912d-b4978e253dc7,70654eaf-d17f-4c1f-90b2-e5b62ab7d413 2026-04-30
deleted_snapshot,98066e78-446d-4158-912d-b4978e253dc7,fcc98b18-754a-44e6-b980-7bf06cbe7e72 2025-10-31
deleted_scheme,98066e78-446d-4158-912d-b4978e253dc7,->8a39a34f-7e67-47d8-b683-68d73337d17e
moved_snapshot,c09ad481-fcd9-4cc9-b425-3b63c98e97bc,8aa77d1b-bbc1-48cc-8fbc-93d9221bee62->44e8c918-271f-4ca3-b6d0-3678a3f40daf 2025-11-15
moved_snapshot,c09ad481-fcd9-4cc9-b425-3b63c98e97bc,cbefcbf1-6568-47e8-bfd6-c44026c4f890->44e8c918-271f-4ca3-b6d0-3678a3f40daf 2025-10-31
moved_snapshot,c09ad481-fcd9-4cc9-b425-3b63c98e97bc,b7acc70a-129b-498b-90ef-4b0306926882->44e8c918-271f-4ca3-b6d0-3678a3f40daf 2026-08-15
moved_snapshot,c09ad481-fcd9-4cc9-b425-3b63c98e97bc,28cc5e36-80b0-4f80-8348-08816eb2d4a7->44e8c918-271f-4ca3-b6d0-3678a3f40daf 2026-07-31
moved_snapshot,c09ad481-fcd9-4cc9-b425-3b63c98e97bc,de326267-3183-4215-a54d-f4d241589c06->44e8c918-271f-4ca3-b6d0-3678a3f40daf 2026-07-15
moved_snapshot,c09ad481-fcd9-4cc9-b425-3b63c98e97bc,ca218918-bc2c-457b-a127-06cfb7382fd3->44e8c918-271f-4ca3-b6d0-3678a3f40daf 2026-06-30
moved_snapshot,c09ad481-fcd9-4cc9-b425-3b63c98e97bc,24f359d0-dae0-4e7e-805a-cfad41d0244a->44e8c918-271f-4ca3-b6d0-3678a3f40daf 2026-06-15
moved_snapshot,c09ad481-fcd9-4cc9-b425-3b63c98e97bc,13227c46-c8a7-4410-bdd9-7bc24067de7e->44e8c918-271f-4ca3-b6d0-3678a3f40daf 2026-05-31
moved_snapshot,c09ad481-fcd9-4cc9-b425-3b63c98e97bc,5a6100cc-3220-4b4c-9345-b62812928c5e->44e8c918-271f-4ca3-b6d0-3678a3f40daf 2026-05-15
moved_snapshot,c09ad481-fcd9-4cc9-b425-3b63c98e97bc,74569dd9-610f-4890-9a33-c5d96c475c8f->44e8c918-271f-4ca3-b6d0-3678a3f40daf 2026-04-30
moved_snapshot,c09ad481-fcd9-4cc9-b425-3b63c98e97bc,e905b5ad-a608-46e7-a37c-b73a2b1969f9->44e8c918-271f-4ca3-b6d0-3678a3f40daf 2026-04-15
moved_snapshot,c09ad481-fcd9-4cc9-b425-3b63c98e97bc,2af62bb1-0d3c-4932-9fd6-4ae90d8b262d->44e8c918-271f-4ca3-b6d0-3678a3f40daf 2026-03-31
moved_snapshot,c09ad481-fcd9-4cc9-b425-3b63c98e97bc,d424e885-36ad-4cef-a890-3381b446a788->44e8c918-271f-4ca3-b6d0-3678a3f40daf 2026-03-15
moved_snapshot,c09ad481-fcd9-4cc9-b425-3b63c98e97bc,2d936db9-c8f0-4eee-91c5-df0a70cd9055->44e8c918-271f-4ca3-b6d0-3678a3f40daf 2026-02-28
moved_snapshot,c09ad481-fcd9-4cc9-b425-3b63c98e97bc,e6663d28-0861-483d-bdcb-a5a1a029282a->44e8c918-271f-4ca3-b6d0-3678a3f40daf 2026-02-15
moved_snapshot,c09ad481-fcd9-4cc9-b425-3b63c98e97bc,a29991a0-e222-4dfa-b0e3-103153a1fa43->44e8c918-271f-4ca3-b6d0-3678a3f40daf 2026-01-31
moved_snapshot,c09ad481-fcd9-4cc9-b425-3b63c98e97bc,cc3d109d-145f-4d03-8a00-ff4c36353d2b->44e8c918-271f-4ca3-b6d0-3678a3f40daf 2026-01-15
moved_snapshot,c09ad481-fcd9-4cc9-b425-3b63c98e97bc,f4906553-bb5f-4f10-9867-7b450ffbf7fa->44e8c918-271f-4ca3-b6d0-3678a3f40daf 2025-12-31
moved_snapshot,c09ad481-fcd9-4cc9-b425-3b63c98e97bc,2f936420-3de2-4c68-8aa5-ebbb0faec4ad->44e8c918-271f-4ca3-b6d0-3678a3f40daf 2025-12-15
moved_snapshot,c09ad481-fcd9-4cc9-b425-3b63c98e97bc,410cbfa9-9618-4c8a-a541-5f7cf2645b89->44e8c918-271f-4ca3-b6d0-3678a3f40daf 2025-11-30
deleted_scheme,c09ad481-fcd9-4cc9-b425-3b63c98e97bc,->44e8c918-271f-4ca3-b6d0-3678a3f40daf
deleted_scheme,37270864-ccdd-40e3-b227-a1417df072bc,->44e8c918-271f-4ca3-b6d0-3678a3f40daf
deleted_scheme,1b359267-19a6-4342-8371-04d11678a3d8,->44e8c918-271f-4ca3-b6d0-3678a3f40daf
deleted_scheme,bf020116-9d12-4f3d-a75b-1d417dcd93cb,->44e8c918-271f-4ca3-b6d0-3678a3f40daf
deleted_snapshot,7ab5ebdd-1b91-4846-b54f-2e2b6dfe4c9f,cf5f9816-e11d-417c-8a78-fc56250d218c 2026-08-15
deleted_snapshot,7ab5ebdd-1b91-4846-b54f-2e2b6dfe4c9f,392d29de-7f17-40e3-823c-8ef86e275264 2026-07-31
deleted_snapshot,7ab5ebdd-1b91-4846-b54f-2e2b6dfe4c9f,f22f624e-daa8-48df-9a6e-6afa259c3c7b 2026-07-15
deleted_snapshot,7ab5ebdd-1b91-4846-b54f-2e2b6dfe4c9f,93845ad1-acbb-4600-a30a-c38d00adddfe 2026-06-30
deleted_snapshot,7ab5ebdd-1b91-4846-b54f-2e2b6dfe4c9f,4400144e-0462-48a3-bce3-fbda4791f89a 2026-06-15
deleted_snapshot,7ab5ebdd-1b91-4846-b54f-2e2b6dfe4c9f,51afcc7e-1f97-4ae5-a958-a1da73b7bb8e 2026-05-31
deleted_snapshot,7ab5ebdd-1b91-4846-b54f-2e2b6dfe4c9f,f225398d-07ef-4476-8df1-b90a1488fc5f 2026-05-15
deleted_snapshot,7ab5ebdd-1b91-4846-b54f-2e2b6dfe4c9f,3db84c48-ad84-4c81-89cb-f12913004cf6 2026-04-30
deleted_snapshot,7ab5ebdd-1b91-4846-b54f-2e2b6dfe4c9f,1ebe15b0-2014-4bc6-bf02-a48931c9befc 2026-04-15
deleted_snapshot,7ab5ebdd-1b91-4846-b54f-2e2b6dfe4c9f,c7daf1cf-d55e-488c-91f2-4cb3a72a712a 2026-03-31
deleted_snapshot,7ab5ebdd-1b91-4846-b54f-2e2b6dfe4c9f,a10abc91-7d9c-4727-9797-03ba2a62f56b 2026-03-15
deleted_snapshot,7ab5ebdd-1b91-4846-b54f-2e2b6dfe4c9f,f9ce8aea-c1fb-4b1c-a78f-a57a0737bc93 2026-02-28
deleted_snapshot,7ab5ebdd-1b91-4846-b54f-2e2b6dfe4c9f,51265ae0-0b4f-4974-b06b-5f4c1ca6ec75 2026-02-15
deleted_snapshot,7ab5ebdd-1b91-4846-b54f-2e2b6dfe4c9f,c1b0914c-326f-4e17-9ec1-46939f025ed2 2026-01-31
deleted_snapshot,7ab5ebdd-1b91-4846-b54f-2e2b6dfe4c9f,325e7a82-bd85-49fd-a964-be0ffc0d2ac7 2026-01-15
deleted_snapshot,7ab5ebdd-1b91-4846-b54f-2e2b6dfe4c9f,9110ef59-1799-4bf9-994e-9cca5628dc3c 2025-12-31
deleted_snapshot,7ab5ebdd-1b91-4846-b54f-2e2b6dfe4c9f,2698f987-6757-4266-9d2e-6f872003d7bb 2025-12-15
deleted_snapshot,7ab5ebdd-1b91-4846-b54f-2e2b6dfe4c9f,886eea94-5a35-4f28-9228-5caddde9afb2 2025-11-30
deleted_snapshot,7ab5ebdd-1b91-4846-b54f-2e2b6dfe4c9f,2f7d8dcb-2fba-452e-b2df-cd2aa5c3fc62 2025-11-15
deleted_snapshot,7ab5ebdd-1b91-4846-b54f-2e2b6dfe4c9f,d66eb709-83a6-44aa-ae66-d556bb18d941 2025-10-31
deleted_scheme,7ab5ebdd-1b91-4846-b54f-2e2b6dfe4c9f,->44e8c918-271f-4ca3-b6d0-3678a3f40daf
deleted_snapshot,26c2b3d7-2605-4d94-b305-1f1fd1ee2e2a,8f956609-f15f-4a37-807f-9e9969d90442 2026-02-15
deleted_snapshot,26c2b3d7-2605-4d94-b305-1f1fd1ee2e2a,1013710b-cf7a-4d23-9086-6ff68229be89 2026-04-15
deleted_snapshot,26c2b3d7-2605-4d94-b305-1f1fd1ee2e2a,800a6d55-52aa-4493-a7ec-ad1ce37bc43d 2026-01-31
deleted_snapshot,26c2b3d7-2605-4d94-b305-1f1fd1ee2e2a,ea1a9c70-e894-4c99-b712-c2fd76d6d155 2026-05-31
deleted_snapshot,26c2b3d7-2605-4d94-b305-1f1fd1ee2e2a,c7791b0d-86fd-48a1-90e8-df027f6b24a6 2026-05-15
deleted_snapshot,26c2b3d7-2605-4d94-b305-1f1fd1ee2e2a,fd4ad9ab-969a-4c4a-9d5c-af517dd4edfe 2026-03-31
deleted_snapshot,26c2b3d7-2605-4d94-b305-1f1fd1ee2e2a,e1b003cb-f409-47eb-bc16-1c393058f4d5 2025-12-31
deleted_snapshot,26c2b3d7-2605-4d94-b305-1f1fd1ee2e2a,70741bc0-bb4d-45fb-a752-bf80b161c34a 2026-03-15
deleted_snapshot,26c2b3d7-2605-4d94-b305-1f1fd1ee2e2a,42dd4ae6-5b70-48af-8cb1-813f60181a68 2025-12-15
deleted_snapshot,26c2b3d7-2605-4d94-b305-1f1fd1ee2e2a,ab9536de-ef13-4adb-ba32-9901ecb2bc7d 2025-11-30
deleted_snapshot,26c2b3d7-2605-4d94-b305-1f1fd1ee2e2a,d252294c-1246-40a6-89ae-2d090db68aec 2026-02-28
deleted_snapshot,26c2b3d7-2605-4d94-b305-1f1fd1ee2e2a,4932aa30-8c7e-48cf-97bc-d2244df4dfcb 2025-11-15
deleted_snapshot,26c2b3d7-2605-4d94-b305-1f1fd1ee2e2a,fe17a5f5-1484-47b2-a6b0-8af7c3f8d4ca 2025-10-31
deleted_snapshot,26c2b3d7-2605-4d94-b305-1f1fd1ee2e2a,4cae050c-636f-4f70-a8dc-e1dee58bae14 2026-01-15
deleted_snapshot,26c2b3d7-2605-4d94-b305-1f1fd1ee2e2a,cd1ac2ac-144f-49e8-8eec-08bd6e94de30 2026-08-15
deleted_snapshot,26c2b3d7-2605-4d94-b305-1f1fd1ee2e2a,ec14bbbd-b9c6-4776-9bc6-695e2817c0e6 2026-07-31
deleted_snapshot,26c2b3d7-2605-4d94-b305-1f1fd1ee2e2a,bcddfd56-f220-46b8-849a-eb391695dc96 2026-07-15
deleted_snapshot,26c2b3d7-2605-4d94-b305-1f1fd1ee2e2a,4e5270ed-dcc5-4d7c-8dee-a4f31b7aab7d 2026-06-30
deleted_snapshot,26c2b3d7-2605-4d94-b305-1f1fd1ee2e2a,9089a6f1-0498-4b5b-9795-d1e33a01d8ab 2026-06-15
deleted_snapshot,26c2b3d7-2605-4d94-b305-1f1fd1ee2e2a,4d0c0519-0667-4605-b05c-5da966b5ff46 2026-04-30
deleted_scheme,26c2b3d7-2605-4d94-b305-1f1fd1ee2e2a,->44e8c918-271f-4ca3-b6d0-3678a3f40daf
deleted_snapshot,3cbcddd7-1ee6-44b6-87bc-80878ccbed57,9ddfc7c8-a6f8-4f82-ac53-b6b2d4c5afa5 2025-10-31
deleted_scheme,3cbcddd7-1ee6-44b6-87bc-80878ccbed57,->4a351081-4fe8-488d-85fa-507675c4d9f1
deleted_scheme,692e246d-9215-4e03-9b37-dc9684d324be,->9abbafe9-78c5-46b7-a330-08c1c8398d3b
deleted_scheme,714ac9cb-bdac-4913-be53-22ba77c4dd23,->9abbafe9-78c5-46b7-a330-08c1c8398d3b
deleted_scheme,5dab639f-9213-4997-87a9-fbf9421de991,->9abbafe9-78c5-46b7-a330-08c1c8398d3b
deleted_snapshot,3912b974-ea04-47af-b408-177699089230,d93ce239-ecf6-4f5e-bd8e-678ee4d38757 2026-06-30
deleted_snapshot,3912b974-ea04-47af-b408-177699089230,3a5deb93-702e-41bd-830d-f21d7d0edad8 2026-05-31
deleted_snapshot,3912b974-ea04-47af-b408-177699089230,999fb2a8-e669-4702-887a-c7b882d13083 2026-05-15
moved_snapshot,3912b974-ea04-47af-b408-177699089230,4c153c78-1e92-4aa7-af3b-fc15d612b1f3->9abbafe9-78c5-46b7-a330-08c1c8398d3b 2026-03-15
moved_snapshot,3912b974-ea04-47af-b408-177699089230,71f6c738-1d12-470d-b105-78d3661ef0b0->9abbafe9-78c5-46b7-a330-08c1c8398d3b 2026-01-31
moved_snapshot,3912b974-ea04-47af-b408-177699089230,1154ec68-e6e2-4f72-b4ea-172e54ea54e9->9abbafe9-78c5-46b7-a330-08c1c8398d3b 2025-11-15
moved_snapshot,3912b974-ea04-47af-b408-177699089230,31a75f41-c02c-4dee-b91f-fd379797a242->9abbafe9-78c5-46b7-a330-08c1c8398d3b 2025-10-31
deleted_snapshot,3912b974-ea04-47af-b408-177699089230,a8944bb8-8e25-4101-8031-6f3b515e89cd 2026-08-15
deleted_snapshot,3912b974-ea04-47af-b408-177699089230,d09d7e4b-6c2d-43d8-a05e-0b79062cb206 2026-07-31
deleted_snapshot,3912b974-ea04-47af-b408-177699089230,8cbf0f33-b09e-4f19-ad85-519d85b2a328 2026-07-15
deleted_snapshot,3912b974-ea04-47af-b408-177699089230,fb0c4a54-20bf-4895-b940-dee6763b3d0f 2026-06-15
deleted_snapshot,3912b974-ea04-47af-b408-177699089230,c322e17d-05f3-4684-a4c7-0ff0c9a90cfc 2026-04-30
moved_snapshot,3912b974-ea04-47af-b408-177699089230,575609aa-383a-4d8d-b28a-37160c534d20->9abbafe9-78c5-46b7-a330-08c1c8398d3b 2026-04-15
moved_snapshot,3912b974-ea04-47af-b408-177699089230,197002eb-3653-490c-b632-abaf707fdc90->9abbafe9-78c5-46b7-a330-08c1c8398d3b 2026-03-31
moved_snapshot,3912b974-ea04-47af-b408-177699089230,fc26d91b-a513-438a-8e0e-2bf3d53d4ad6->9abbafe9-78c5-46b7-a330-08c1c8398d3b 2026-02-28
moved_snapshot,3912b974-ea04-47af-b408-177699089230,32724d4f-d86e-4ac1-85d6-c5b9e84bb72e->9abbafe9-78c5-46b7-a330-08c1c8398d3b 2026-02-15
moved_snapshot,3912b974-ea04-47af-b408-177699089230,cd6684a5-98d7-40ab-a29d-a9584fbc896c->9abbafe9-78c5-46b7-a330-08c1c8398d3b 2026-01-15
moved_snapshot,3912b974-ea04-47af-b408-177699089230,f869c908-1be7-46be-8ad6-f2494d746045->9abbafe9-78c5-46b7-a330-08c1c8398d3b 2025-12-31
moved_snapshot,3912b974-ea04-47af-b408-177699089230,cee990f6-1330-4f8d-9b35-02dfea9b0d50->9abbafe9-78c5-46b7-a330-08c1c8398d3b 2025-12-15
moved_snapshot,3912b974-ea04-47af-b408-177699089230,d3819e30-dbb9-4023-ab5e-f2113e5bb896->9abbafe9-78c5-46b7-a330-08c1c8398d3b 2025-11-30
deleted_scheme,3912b974-ea04-47af-b408-177699089230,->9abbafe9-78c5-46b7-a330-08c1c8398d3b
deleted_scheme,d5fbf5cb-1f94-4e5e-9776-2698186aece8,->41db4c1d-7923-43b5-8e3b-73feaf43a359
deleted_scheme,889d67ee-ef0c-41ef-b50c-346be2e8dc55,->41db4c1d-7923-43b5-8e3b-73feaf43a359
deleted_scheme,8daefdd5-420a-4abd-be68-8e154d3abef8,->d5a6aff8-91b9-4314-96d2-93827b8b83ed
deleted_scheme,241d56fd-808e-4b85-b9f6-2bf2e7d92822,->8e93eadc-aa9e-49c2-a47e-0bf8e0595240
deleted_scheme,4b6dc1ab-ca83-4ded-9a01-07ab625963c5,->8e93eadc-aa9e-49c2-a47e-0bf8e0595240
deleted_scheme,142454a3-5da5-4f4e-99db-0187ca2b13b2,->8e93eadc-aa9e-49c2-a47e-0bf8e0595240
deleted_scheme,c4edca37-3ef9-43bb-b84c-38fa3bb441e6,->685c6db5-8604-4ada-92b5-5cc9232ca709
deleted_scheme,1b2dd2c6-ed7a-4195-be65-2e6e7d2f3aa9,->685c6db5-8604-4ada-92b5-5cc9232ca709
deleted_scheme,66a280e9-28fe-4b46-8709-dd6b34db6266,->685c6db5-8604-4ada-92b5-5cc9232ca709
deleted_scheme,9fea7958-51a4-4552-a5f1-706fcf2903c2,->5a2ef34b-1a60-4073-b6e9-f65661149ac8
deleted_scheme,ffeee81b-9f9d-4e00-9791-45068ee10a07,->5a2ef34b-1a60-4073-b6e9-f65661149ac8
deleted_scheme,2374f1da-13f7-4f4a-aaef-29085f7ae8dd,->52371d41-129b-4fc1-8f9d-e0f9b7bc2bd8
deleted_scheme,f16ab094-6563-454d-b0fc-83d7fa4316ef,->52371d41-129b-4fc1-8f9d-e0f9b7bc2bd8
deleted_scheme,7e215ef8-25b1-4843-8a0e-f4c19264ee1f,->52371d41-129b-4fc1-8f9d-e0f9b7bc2bd8
deleted_scheme,1f1c043a-a74b-4baa-be0e-84a09d1f44ce,->52371d41-129b-4fc1-8f9d-e0f9b7bc2bd8
deleted_scheme,5ef528ca-d7d8-46a6-a033-c2835c70dcaf,->52371d41-129b-4fc1-8f9d-e0f9b7bc2bd8
deleted_scheme,b43f0d11-43d0-4c49-a22c-1640e0f28ebb,->52371d41-129b-4fc1-8f9d-e0f9b7bc2bd8
deleted_scheme,f72fa22c-5113-4e50-9dce-f6d086afd7b9,->52371d41-129b-4fc1-8f9d-e0f9b7bc2bd8
deleted_scheme,4c70f57a-9fc9-47e2-b5d3-f10b095eb6c2,->52371d41-129b-4fc1-8f9d-e0f9b7bc2bd8
deleted_scheme,9e692ee4-dbba-47cd-8e3b-d9e463fbc6dc,->52371d41-129b-4fc1-8f9d-e0f9b7bc2bd8
deleted_scheme,3fe14fe1-7535-4480-a95f-bcc490248418,->52371d41-129b-4fc1-8f9d-e0f9b7bc2bd8
deleted_scheme,30097fd3-ba2a-4b7c-8a65-97ecc6d3cbbf,->52371d41-129b-4fc1-8f9d-e0f9b7bc2bd8
deleted_scheme,6b321422-a29f-45ae-b95d-ddd11010178a,->07b09cd9-417a-4901-b68a-f35b844ece04
deleted_scheme,9345458d-7408-41e6-a722-739539590197,->07b09cd9-417a-4901-b68a-f35b844ece04
deleted_scheme,846f4ff9-5ed1-445b-9376-c3324f58838f,->07b09cd9-417a-4901-b68a-f35b844ece04
deleted_scheme,43867449-4816-491e-b3ba-2828a5441c33,->46c91769-8098-4b15-be11-290110d585d3
deleted_scheme,240fbd1f-083c-4b54-8f43-76918fe910a8,->46c91769-8098-4b15-be11-290110d585d3
deleted_scheme,393e0cd5-224a-4e09-8d8c-8cd76ce9e2e1,->46c91769-8098-4b15-be11-290110d585d3
deleted_scheme,5ec32ea3-c3ad-4433-9aed-161acd4d1193,->9963837a-49d6-4f17-94a3-1a6b6e460e9b
deleted_scheme,6d93614b-0f7f-4d20-b0f2-b1b6d41cb019,->9963837a-49d6-4f17-94a3-1a6b6e460e9b
deleted_scheme,d3faa770-ad92-4ab5-9bf5-65d635210f19,->9963837a-49d6-4f17-94a3-1a6b6e460e9b
deleted_scheme,c94e4a80-7675-4e82-8737-ac2c13779f48,->9963837a-49d6-4f17-94a3-1a6b6e460e9b
deleted_scheme,38237e87-7974-472a-9215-bb9c318aa0f8,->9963837a-49d6-4f17-94a3-1a6b6e460e9b
deleted_scheme,b4ac73fb-9ba0-42a1-9d0c-faed94179e77,->9963837a-49d6-4f17-94a3-1a6b6e460e9b
deleted_scheme,736f3abe-5a63-417a-be83-eff07c83e8dd,->9963837a-49d6-4f17-94a3-1a6b6e460e9b
deleted_scheme,586f83fe-e943-425c-8639-2a6b05ce3e25,->b31d4c81-b0d8-461a-847f-4f4187268107
deleted_scheme,1f411a7e-a216-4299-9ffe-e8bd934a8fc6,->b31d4c81-b0d8-461a-847f-4f4187268107
deleted_scheme,1af5953d-c362-4a69-a2ea-65e5c8e759c8,->b31d4c81-b0d8-461a-847f-4f4187268107
deleted_scheme,72abffc2-d174-4650-99af-ce2e4ea1d92f,->f1ec8641-7dcb-4843-9165-a2c08fbf47de
deleted_scheme,de768aa5-dc70-4ba5-8cae-854ddf680d71,->f1ec8641-7dcb-4843-9165-a2c08fbf47de
deleted_scheme,6e3a79f8-5b07-42f3-9341-ff4952d30301,->f1ec8641-7dcb-4843-9165-a2c08fbf47de
deleted_scheme,1c0034c3-41a2-4555-8450-e78126261d7c,->f1ec8641-7dcb-4843-9165-a2c08fbf47de
deleted_scheme,d016cbd1-3bb0-4b32-bc86-afaacb3f1adc,->f1ec8641-7dcb-4843-9165-a2c08fbf47de
deleted_scheme,08a9368a-bb3e-4771-8c22-c2d388aac468,->f1ec8641-7dcb-4843-9165-a2c08fbf47de
deleted_scheme,b7459de5-28d7-4e3b-a3ad-ef8794a45172,->f1ec8641-7dcb-4843-9165-a2c08fbf47de
deleted_scheme,de3e0a98-dea2-4869-b5cf-0f9127a3c7ff,->f0bb4999-d30a-411e-bd94-0055292bbf01
deleted_scheme,fc81a73a-8922-4e2e-930c-26c3d2c4078d,->f0bb4999-d30a-411e-bd94-0055292bbf01
deleted_scheme,cd6113ed-54b5-4df6-97cb-12bef756223a,->f0bb4999-d30a-411e-bd94-0055292bbf01
deleted_scheme,6c0fc9ae-46ee-41c7-9190-33cf2b28b4ab,->9796cbb7-d37e-43a4-bdb1-1a831cff7f3e
deleted_scheme,4d59c3f9-da91-4c99-a9da-1da41ed38b09,->9796cbb7-d37e-43a4-bdb1-1a831cff7f3e
deleted_scheme,903b771a-f798-4b64-9e5e-876e87df61b3,->9796cbb7-d37e-43a4-bdb1-1a831cff7f3e
deleted_scheme,c6b461b3-fdf0-464e-b521-1e0e40e25f84,->4928cb6d-4b1d-49ec-b022-fe2d0a087d2e
deleted_scheme,d7ffa001-1c69-42f3-8999-441433dde8e0,->4f79f0fa-cd6e-4b46-8437-a83c71b7efb3
deleted_scheme,6cd4b7ee-1859-4fa0-9213-00b046d1ae64,->66d65920-fdce-4365-a04e-424ffc114cbc
deleted_scheme,2cf7c250-bb90-408a-a112-7717609909a2,->d764569d-e8df-4e59-bc02-41c8224f7499
deleted_scheme,8c781afc-4f35-439d-b896-e1b440413abf,->5f2d61b5-7424-4c3d-9155-35a08941171c
deleted_scheme,1683ad8f-7d35-4d99-86f4-88e1fc45c9f3,->05d4da35-8b43-4971-99da-709fff7e200b
deleted_scheme,7b9fab0b-e8c9-47a7-b1fa-0d1d31ed51fb,->13e84234-9488-4d5e-abf5-710c2d819040
deleted_scheme,85403ce8-7bff-4611-a92e-56b2131f123d,->9d730904-17ac-43b5-bc68-a2ad5aa1b2ac
deleted_scheme,54446327-b4f6-4bdf-8e5d-511ccbf7e6b0,->903015bd-b3be-46f9-be6d-a43cc5854d1e
deleted_scheme,f5c2de7c-e58e-4a0c-b384-fa052988228d,->16282576-84be-4a74-be12-136315976968
deleted_scheme,ddc9800e-0555-4540-88f1-8b177e6842b1,->368b59d6-098a-4241-bf91-be28f92740c7
deleted_scheme,39f73ddd-930a-4228-9b00-f1778c8f64a2,->368b59d6-098a-4241-bf91-be28f92740c7
deleted_scheme,c0cf07c4-44bd-47b4-9f40-26904dc62aff,->368b59d6-098a-4241-bf91-be28f92740c7
deleted_scheme,b69caeb7-90a5-4b4f-9a9b-56e65a3eb76d,->19fe193f-35c7-4c8c-9409-fcf0a498e150
deleted_scheme,b6913126-ec8d-45c4-b081-c2d57999dde9,->19fe193f-35c7-4c8c-9409-fcf0a498e150
deleted_scheme,da954577-990d-4713-9f71-a7fd502ef58a,->19fe193f-35c7-4c8c-9409-fcf0a498e150
deleted_scheme,a4d008a1-77ec-4b03-bf40-72b552d0c591,->4a4f5a15-ce3f-45d9-aec4-78c4be445167
deleted_scheme,45d3ab22-c045-479c-ac37-47b3e66b85a1,->4a4f5a15-ce3f-45d9-aec4-78c4be445167
deleted_scheme,91ab8a22-345d-4817-af0f-f666fdf28a6f,->4a4f5a15-ce3f-45d9-aec4-78c4be445167
deleted_scheme,f5b962a8-0ca0-4ce7-b0cf-4267f4d04a86,->e1660e81-a917-42e8-83c8-f656f4799f61
deleted_scheme,c3708dba-657e-4b3a-ad7d-3647e903b3fc,->e1660e81-a917-42e8-83c8-f656f4799f61
deleted_scheme,aab379de-361d-4c7f-be7f-d31c72fc9a04,->e1660e81-a917-42e8-83c8-f656f4799f61
deleted_scheme,3680febc-0d1d-49f0-8ef0-bc153531693e,->9ffcc64d-966d-4ad3-bed4-c27c4289115a
deleted_scheme,e555ce69-74cf-437d-b673-99a257f9616a,->9ffcc64d-966d-4ad3-bed4-c27c4289115a
moved_snapshot,2571c527-70df-4dbf-a744-26b2a9e26419,53a52f82-7782-489d-8d4f-80b0e1423434->9ffcc64d-966d-4ad3-bed4-c27c4289115a 2026-07-15
moved_snapshot,2571c527-70df-4dbf-a744-26b2a9e26419,2dc9ad85-b7b6-4624-be18-638411ca9d06->9ffcc64d-966d-4ad3-bed4-c27c4289115a 2026-06-30
moved_snapshot,2571c527-70df-4dbf-a744-26b2a9e26419,996a74d7-e693-4201-8c1e-3ba2298cd049->9ffcc64d-966d-4ad3-bed4-c27c4289115a 2026-05-15
moved_snapshot,2571c527-70df-4dbf-a744-26b2a9e26419,0e994018-b237-45f3-bfc7-9253539a76f7->9ffcc64d-966d-4ad3-bed4-c27c4289115a 2026-03-15
moved_snapshot,2571c527-70df-4dbf-a744-26b2a9e26419,4a40d23d-f55e-4bfd-9168-84d7021e7038->9ffcc64d-966d-4ad3-bed4-c27c4289115a 2026-01-31
moved_snapshot,2571c527-70df-4dbf-a744-26b2a9e26419,09523b49-bf3b-4102-9a78-6a05ed9cde14->9ffcc64d-966d-4ad3-bed4-c27c4289115a 2025-11-15
moved_snapshot,2571c527-70df-4dbf-a744-26b2a9e26419,04130604-2d88-4b78-a5d6-7854a5f15dc6->9ffcc64d-966d-4ad3-bed4-c27c4289115a 2025-10-31
moved_snapshot,2571c527-70df-4dbf-a744-26b2a9e26419,91957fae-968b-4d56-9966-f52b903af92a->9ffcc64d-966d-4ad3-bed4-c27c4289115a 2026-08-15
moved_snapshot,2571c527-70df-4dbf-a744-26b2a9e26419,3a0076b6-3b54-44d9-a17a-87ca8ca714cc->9ffcc64d-966d-4ad3-bed4-c27c4289115a 2026-07-31
moved_snapshot,2571c527-70df-4dbf-a744-26b2a9e26419,3dc9fd17-ae5a-45ac-986b-60bd4f41a008->9ffcc64d-966d-4ad3-bed4-c27c4289115a 2026-06-15
moved_snapshot,2571c527-70df-4dbf-a744-26b2a9e26419,0f116049-e495-4832-8061-afefab8a86b2->9ffcc64d-966d-4ad3-bed4-c27c4289115a 2026-05-31
moved_snapshot,2571c527-70df-4dbf-a744-26b2a9e26419,008eb207-e081-4f76-b94c-bd9744328471->9ffcc64d-966d-4ad3-bed4-c27c4289115a 2026-04-30
moved_snapshot,2571c527-70df-4dbf-a744-26b2a9e26419,4fc13c7d-8521-4083-bc04-3e0caa1eabe2->9ffcc64d-966d-4ad3-bed4-c27c4289115a 2026-04-15
moved_snapshot,2571c527-70df-4dbf-a744-26b2a9e26419,9a28ef33-4013-4940-91ec-443fc396453a->9ffcc64d-966d-4ad3-bed4-c27c4289115a 2026-03-31
moved_snapshot,2571c527-70df-4dbf-a744-26b2a9e26419,1b50ec4a-3cd3-4e6c-92cb-a2ee7c6da177->9ffcc64d-966d-4ad3-bed4-c27c4289115a 2026-02-28
moved_snapshot,2571c527-70df-4dbf-a744-26b2a9e26419,8e473c30-a5be-48de-9a82-e3bad88cb388->9ffcc64d-966d-4ad3-bed4-c27c4289115a 2026-02-15
moved_snapshot,2571c527-70df-4dbf-a744-26b2a9e26419,219d8ba2-9503-456d-b215-ad7e8485f627->9ffcc64d-966d-4ad3-bed4-c27c4289115a 2026-01-15
moved_snapshot,2571c527-70df-4dbf-a744-26b2a9e26419,6f55152a-7c10-44f9-8903-e40ba9acc90d->9ffcc64d-966d-4ad3-bed4-c27c4289115a 2025-12-31
moved_snapshot,2571c527-70df-4dbf-a744-26b2a9e26419,17a3a084-3e18-42c9-8a6b-476e0f826a35->9ffcc64d-966d-4ad3-bed4-c27c4289115a 2025-12-15
moved_snapshot,2571c527-70df-4dbf-a744-26b2a9e26419,78816824-e4a2-4712-a8f9-ad76af9f83ad->9ffcc64d-966d-4ad3-bed4-c27c4289115a 2025-11-30
deleted_scheme,2571c527-70df-4dbf-a744-26b2a9e26419,->9ffcc64d-966d-4ad3-bed4-c27c4289115a
deleted_snapshot,3afd40d6-ebdb-41dd-9f3d-8e9913c30c81,9e1708fb-c474-42b1-a2f3-64e5d60a9b54 2026-02-15
deleted_snapshot,3afd40d6-ebdb-41dd-9f3d-8e9913c30c81,eddc7125-ec9f-40e1-b0ed-60919d65f318 2026-04-15
deleted_snapshot,3afd40d6-ebdb-41dd-9f3d-8e9913c30c81,52a757f5-238c-49d4-8741-a7a3587dfc73 2026-07-15
deleted_snapshot,3afd40d6-ebdb-41dd-9f3d-8e9913c30c81,9a90813f-70ae-4b78-9f35-758778421e63 2026-01-31
deleted_snapshot,3afd40d6-ebdb-41dd-9f3d-8e9913c30c81,4618c330-37bb-46ca-a62b-42d5173997e9 2026-05-15
deleted_snapshot,3afd40d6-ebdb-41dd-9f3d-8e9913c30c81,90c9b90d-a671-408f-b689-7efc2e12cb08 2026-03-31
deleted_snapshot,3afd40d6-ebdb-41dd-9f3d-8e9913c30c81,9d41befa-3e99-4e67-a041-827fba5233e3 2026-03-15
deleted_snapshot,3afd40d6-ebdb-41dd-9f3d-8e9913c30c81,9fe57a77-c605-4fc8-ae15-3c501256a960 2026-02-28
deleted_snapshot,3afd40d6-ebdb-41dd-9f3d-8e9913c30c81,dfafe24d-4b03-4073-925a-92975e106c6d 2025-10-31
deleted_snapshot,3afd40d6-ebdb-41dd-9f3d-8e9913c30c81,331d5202-1793-47d2-9fad-7697c684ed46 2026-01-15
deleted_snapshot,3afd40d6-ebdb-41dd-9f3d-8e9913c30c81,4fd66954-311a-46a2-80e0-81eaefbccd4b 2025-12-31
deleted_snapshot,3afd40d6-ebdb-41dd-9f3d-8e9913c30c81,24c7d8dd-0eac-49c9-8cde-d6d3325d27fb 2026-08-15
deleted_snapshot,3afd40d6-ebdb-41dd-9f3d-8e9913c30c81,f1a6dddc-137b-4b87-92d3-30c956facc54 2026-07-31
deleted_snapshot,3afd40d6-ebdb-41dd-9f3d-8e9913c30c81,0fb82191-ab87-4da0-91cc-db77ce0719dc 2026-06-30
deleted_snapshot,3afd40d6-ebdb-41dd-9f3d-8e9913c30c81,68db2de1-726e-4890-a326-e0ecb5bee74d 2026-06-15
deleted_snapshot,3afd40d6-ebdb-41dd-9f3d-8e9913c30c81,f39bdd07-e343-49a4-8129-12d34f77e625 2026-05-31
deleted_snapshot,3afd40d6-ebdb-41dd-9f3d-8e9913c30c81,f7ba5727-fec0-4b66-bad9-785ba1b959d7 2026-04-30
deleted_snapshot,3afd40d6-ebdb-41dd-9f3d-8e9913c30c81,885314e0-f36a-4c90-8d91-7c5ba39bb9fd 2025-12-15
deleted_snapshot,3afd40d6-ebdb-41dd-9f3d-8e9913c30c81,1330b9c8-9aea-4ba2-89b9-54c4b14408b9 2025-11-30
deleted_snapshot,3afd40d6-ebdb-41dd-9f3d-8e9913c30c81,41607c41-96af-43c1-b03c-3cf9558142b2 2025-11-15
deleted_scheme,3afd40d6-ebdb-41dd-9f3d-8e9913c30c81,->9ffcc64d-966d-4ad3-bed4-c27c4289115a
deleted_snapshot,047e718c-b972-47f8-9513-91b87c5cabef,3a469b7f-a20f-45b5-b433-54f85efaeaaf 2026-02-15
deleted_snapshot,047e718c-b972-47f8-9513-91b87c5cabef,4f506bed-433b-4a87-9e56-0099872ddfc1 2026-01-31
deleted_snapshot,047e718c-b972-47f8-9513-91b87c5cabef,08433543-5e9b-43d2-b548-f456ad9cf6a3 2026-03-31
deleted_snapshot,047e718c-b972-47f8-9513-91b87c5cabef,8c76aa5e-2fc2-4fca-9160-deaf5e7f1011 2026-03-15
deleted_snapshot,047e718c-b972-47f8-9513-91b87c5cabef,e8848373-beca-4f14-8c89-af2efe35f4aa 2026-02-28
deleted_snapshot,047e718c-b972-47f8-9513-91b87c5cabef,321594d2-df60-4455-9b09-5093cad78ce4 2026-01-15
deleted_snapshot,047e718c-b972-47f8-9513-91b87c5cabef,4fc2834e-14fa-49ae-93c7-9b4980a47f3e 2025-12-31
deleted_snapshot,047e718c-b972-47f8-9513-91b87c5cabef,a76f651c-541a-4bf2-88f6-3ee845e9f331 2025-12-15
deleted_snapshot,047e718c-b972-47f8-9513-91b87c5cabef,fe4f01fe-c342-463a-948c-6a56aa972ecb 2025-11-30
deleted_snapshot,047e718c-b972-47f8-9513-91b87c5cabef,03f9f811-7600-4634-86be-72e4f733dc25 2025-11-15
deleted_snapshot,047e718c-b972-47f8-9513-91b87c5cabef,65103142-2dda-4d13-b72b-f8177702ae02 2025-10-31
deleted_scheme,047e718c-b972-47f8-9513-91b87c5cabef,->11046fb5-4b90-4b6f-b736-4d7c01cd4370
deleted_scheme,8ceb256b-f7f3-4c67-a921-751a649528ba,->d6371523-5352-4588-8779-4e1732b3636e
deleted_scheme,3565b258-e7be-40e9-853e-9fcde2b434a3,->d6371523-5352-4588-8779-4e1732b3636e
moved_snapshot,2d450f37-a92e-462d-aae0-481f5ca520ef,2b3d1395-c4ec-438d-8b24-af5717fc1c60->d6371523-5352-4588-8779-4e1732b3636e 2026-07-15
moved_snapshot,2d450f37-a92e-462d-aae0-481f5ca520ef,3258024f-f1ca-4a2f-ba5f-5989960e6032->d6371523-5352-4588-8779-4e1732b3636e 2026-06-30
moved_snapshot,2d450f37-a92e-462d-aae0-481f5ca520ef,48a70ed9-a6e7-44be-a0ac-ab7f7bc2eb4d->d6371523-5352-4588-8779-4e1732b3636e 2026-06-15
moved_snapshot,2d450f37-a92e-462d-aae0-481f5ca520ef,438ecac8-05d9-4a5a-883e-ac677acdf8e1->d6371523-5352-4588-8779-4e1732b3636e 2026-05-15
moved_snapshot,2d450f37-a92e-462d-aae0-481f5ca520ef,862f6e74-0feb-4844-a304-424b715f60f3->d6371523-5352-4588-8779-4e1732b3636e 2026-03-31
moved_snapshot,2d450f37-a92e-462d-aae0-481f5ca520ef,d77057e8-f02e-4649-9c0b-40fd60d3617c->d6371523-5352-4588-8779-4e1732b3636e 2026-02-15
moved_snapshot,2d450f37-a92e-462d-aae0-481f5ca520ef,cb588497-4859-4120-8b4a-4ab2dab829e2->d6371523-5352-4588-8779-4e1732b3636e 2026-01-31
moved_snapshot,2d450f37-a92e-462d-aae0-481f5ca520ef,3817f4dc-f675-45bb-adc2-ac1ba17cf13d->d6371523-5352-4588-8779-4e1732b3636e 2026-01-15
moved_snapshot,2d450f37-a92e-462d-aae0-481f5ca520ef,5dec5fc2-3289-4571-9ce0-3466e8388740->d6371523-5352-4588-8779-4e1732b3636e 2025-11-15
moved_snapshot,2d450f37-a92e-462d-aae0-481f5ca520ef,43975315-db8e-4c29-91c6-275d01d5504d->d6371523-5352-4588-8779-4e1732b3636e 2025-10-31
moved_snapshot,2d450f37-a92e-462d-aae0-481f5ca520ef,8395f7f7-5b56-4f05-b71b-84b8fdf67faf->d6371523-5352-4588-8779-4e1732b3636e 2026-08-15
moved_snapshot,2d450f37-a92e-462d-aae0-481f5ca520ef,b4f4e060-0f5a-4dc3-8695-d0c98b4fa3ee->d6371523-5352-4588-8779-4e1732b3636e 2026-07-31
moved_snapshot,2d450f37-a92e-462d-aae0-481f5ca520ef,741ebd27-f2ce-478e-ba6b-2ac36e2f4b4d->d6371523-5352-4588-8779-4e1732b3636e 2026-05-31
moved_snapshot,2d450f37-a92e-462d-aae0-481f5ca520ef,b6f4fcb5-74c0-4013-b4c3-8a85e4ef2e88->d6371523-5352-4588-8779-4e1732b3636e 2026-04-30
moved_snapshot,2d450f37-a92e-462d-aae0-481f5ca520ef,998d53f9-1e51-4784-8c55-843f18f3855c->d6371523-5352-4588-8779-4e1732b3636e 2026-04-15
moved_snapshot,2d450f37-a92e-462d-aae0-481f5ca520ef,3600bc0b-34b1-4a8c-a276-ea2b3a8c7aa8->d6371523-5352-4588-8779-4e1732b3636e 2026-03-15
moved_snapshot,2d450f37-a92e-462d-aae0-481f5ca520ef,ad784468-bcaa-49d2-a5ae-c5e4da192e8e->d6371523-5352-4588-8779-4e1732b3636e 2026-02-28
moved_snapshot,2d450f37-a92e-462d-aae0-481f5ca520ef,65f7297a-f17b-473a-b5e1-c1f696b854ac->d6371523-5352-4588-8779-4e1732b3636e 2025-12-31
moved_snapshot,2d450f37-a92e-462d-aae0-481f5ca520ef,7981bad8-f60d-4732-aad5-b79989afa92f->d6371523-5352-4588-8779-4e1732b3636e 2025-12-15
moved_snapshot,2d450f37-a92e-462d-aae0-481f5ca520ef,e27057ad-c1bb-45aa-8002-53382817942e->d6371523-5352-4588-8779-4e1732b3636e 2025-11-30
deleted_scheme,2d450f37-a92e-462d-aae0-481f5ca520ef,->d6371523-5352-4588-8779-4e1732b3636e
deleted_snapshot,bd87bcf7-b74d-4dab-a361-5588faa94e8e,63f49497-1a3e-4366-aad7-8159d71a8ca7 2026-02-15
deleted_snapshot,bd87bcf7-b74d-4dab-a361-5588faa94e8e,46a769e8-925e-4cd3-a7a4-389f1bd04e2b 2026-04-15
deleted_snapshot,bd87bcf7-b74d-4dab-a361-5588faa94e8e,866bea30-9247-427c-86f3-47653f3d0ac8 2026-07-31
deleted_snapshot,bd87bcf7-b74d-4dab-a361-5588faa94e8e,e98d8da6-48f1-4555-8df1-bba5803cf989 2026-07-15
deleted_snapshot,bd87bcf7-b74d-4dab-a361-5588faa94e8e,dae3381d-b37b-431a-81e8-be0c3c81eeab 2026-01-31
deleted_snapshot,bd87bcf7-b74d-4dab-a361-5588faa94e8e,48437713-3035-4337-bcde-33ace01dcb89 2026-05-15
deleted_snapshot,bd87bcf7-b74d-4dab-a361-5588faa94e8e,f845c16d-1b70-4cd8-a368-6673f9493e03 2026-04-30
deleted_snapshot,bd87bcf7-b74d-4dab-a361-5588faa94e8e,5ae60fda-d118-41a9-b32b-19d184810e22 2026-03-31
deleted_snapshot,bd87bcf7-b74d-4dab-a361-5588faa94e8e,b215e728-d304-4f2e-972e-167d037399f2 2026-03-15
deleted_snapshot,bd87bcf7-b74d-4dab-a361-5588faa94e8e,5104f8fe-e625-46c2-9260-ae7ec95e15f6 2026-02-28
deleted_snapshot,bd87bcf7-b74d-4dab-a361-5588faa94e8e,ef11143f-3d3e-4317-a125-e1b34c9633a9 2026-01-15
deleted_snapshot,bd87bcf7-b74d-4dab-a361-5588faa94e8e,299bff21-392b-41ff-b467-fcde76f0d8fa 2025-12-31
deleted_snapshot,bd87bcf7-b74d-4dab-a361-5588faa94e8e,6ddfc046-e132-4a70-b466-fb69c0f751ab 2026-08-15
deleted_snapshot,bd87bcf7-b74d-4dab-a361-5588faa94e8e,2b68f99d-9840-4fc6-9a48-a6362679a9f4 2026-06-30
deleted_snapshot,bd87bcf7-b74d-4dab-a361-5588faa94e8e,0adaa8ae-bb7f-4aef-8394-bba4a4a28062 2026-06-15
deleted_snapshot,bd87bcf7-b74d-4dab-a361-5588faa94e8e,999674de-46e5-410f-85a6-57584f81bf8d 2026-05-31
deleted_snapshot,bd87bcf7-b74d-4dab-a361-5588faa94e8e,a213eb15-4f44-4111-8654-6911c3d7a877 2025-12-15
deleted_snapshot,bd87bcf7-b74d-4dab-a361-5588faa94e8e,da1e22c4-7704-48c9-96d9-ffbf39ae1a56 2025-11-30
deleted_snapshot,bd87bcf7-b74d-4dab-a361-5588faa94e8e,ee63d5ab-04f9-4f79-a55a-f21e76595b52 2025-11-15
deleted_snapshot,bd87bcf7-b74d-4dab-a361-5588faa94e8e,f7da49b6-30de-4fc5-a463-4e01f7d9fad9 2025-10-31
deleted_scheme,bd87bcf7-b74d-4dab-a361-5588faa94e8e,->d6371523-5352-4588-8779-4e1732b3636e
deleted_scheme,8476fc90-020f-420e-bbd4-3ad4e734c6eb,->e2f11746-babd-49dd-a9a3-1e897c80148a
deleted_scheme,5d976d7d-396a-4ae1-a29d-0011809379b4,->e2f11746-babd-49dd-a9a3-1e897c80148a
deleted_scheme,caad5f8e-f0eb-45a7-bafa-3799d38c6484,->e2f11746-babd-49dd-a9a3-1e897c80148a
deleted_scheme,febae73e-8a28-438f-a0c1-0c812b60e176,->3e2bc805-5478-4f26-a5b8-7a9bd25b48ec
deleted_scheme,d5949ed9-f4c5-46f3-9f2b-2c5e52c8247a,->3e2bc805-5478-4f26-a5b8-7a9bd25b48ec
deleted_scheme,48d62675-c595-48e9-91fb-a4cd98bb5a74,->3e2bc805-5478-4f26-a5b8-7a9bd25b48ec
deleted_scheme,653a0d1e-9978-430d-8805-fdab5c85a449,->3e2bc805-5478-4f26-a5b8-7a9bd25b48ec
deleted_scheme,0b83b782-c348-421e-b124-6812dc3094f4,->3e2bc805-5478-4f26-a5b8-7a9bd25b48ec
deleted_scheme,a1f58577-817b-4530-b838-3d838b9da9d8,->3e2bc805-5478-4f26-a5b8-7a9bd25b48ec
deleted_scheme,712421dc-426d-4c1b-98be-18776bd2767a,->3e2bc805-5478-4f26-a5b8-7a9bd25b48ec
moved_snapshot,b56ffed2-aa2e-4d5d-92c1-d3058ec8d305,ae035d9d-47b0-4a03-9088-b575a9ae7101->3e2bc805-5478-4f26-a5b8-7a9bd25b48ec 2026-08-15
moved_snapshot,b56ffed2-aa2e-4d5d-92c1-d3058ec8d305,66216e70-aa6d-45ed-972b-11e0ab977153->3e2bc805-5478-4f26-a5b8-7a9bd25b48ec 2026-04-30
moved_snapshot,b56ffed2-aa2e-4d5d-92c1-d3058ec8d305,88f77c96-8482-4e32-920b-d6ceaca56d23->3e2bc805-5478-4f26-a5b8-7a9bd25b48ec 2026-07-31
moved_snapshot,b56ffed2-aa2e-4d5d-92c1-d3058ec8d305,a6e18eeb-929a-4e98-a5ea-66195b8eeddc->3e2bc805-5478-4f26-a5b8-7a9bd25b48ec 2026-07-15
moved_snapshot,b56ffed2-aa2e-4d5d-92c1-d3058ec8d305,6ff075d4-4333-4118-918f-9c4af67af547->3e2bc805-5478-4f26-a5b8-7a9bd25b48ec 2026-06-30
moved_snapshot,b56ffed2-aa2e-4d5d-92c1-d3058ec8d305,426616cf-d2a8-4204-942d-90f90e235df0->3e2bc805-5478-4f26-a5b8-7a9bd25b48ec 2026-06-15
moved_snapshot,b56ffed2-aa2e-4d5d-92c1-d3058ec8d305,9e8b4158-58e9-4709-b8b0-5b536da4e1a1->3e2bc805-5478-4f26-a5b8-7a9bd25b48ec 2026-05-31
moved_snapshot,b56ffed2-aa2e-4d5d-92c1-d3058ec8d305,996cb2ee-b507-4d77-b0e4-aa86126e775f->3e2bc805-5478-4f26-a5b8-7a9bd25b48ec 2026-05-15
deleted_scheme,b56ffed2-aa2e-4d5d-92c1-d3058ec8d305,->3e2bc805-5478-4f26-a5b8-7a9bd25b48ec
deleted_scheme,29a810b6-5ca2-4861-b96e-1553761336ed,->3e2bc805-5478-4f26-a5b8-7a9bd25b48ec
deleted_snapshot,d81b8573-d963-4c6d-8130-b89b76e1d66d,ffbcfd53-1fb8-45b3-a1a0-c931fe62f378 2026-07-15
deleted_snapshot,d81b8573-d963-4c6d-8130-b89b76e1d66d,66c15dca-4f03-4e70-a659-1debd05da3f4 2026-06-15
deleted_snapshot,d81b8573-d963-4c6d-8130-b89b76e1d66d,981bf2c5-d992-4957-a20e-312434e2d047 2026-05-15
moved_snapshot,d81b8573-d963-4c6d-8130-b89b76e1d66d,8dcdbad9-c993-4b14-8ce1-125fa0aaa550->3e2bc805-5478-4f26-a5b8-7a9bd25b48ec 2026-03-31
moved_snapshot,d81b8573-d963-4c6d-8130-b89b76e1d66d,09a5d7c0-1f09-4f93-aa56-00577e705779->3e2bc805-5478-4f26-a5b8-7a9bd25b48ec 2026-02-15
moved_snapshot,d81b8573-d963-4c6d-8130-b89b76e1d66d,f8d0899d-9b41-4eb2-a555-8d1da8eecca1->3e2bc805-5478-4f26-a5b8-7a9bd25b48ec 2026-01-15
moved_snapshot,d81b8573-d963-4c6d-8130-b89b76e1d66d,62eb6cd0-70ca-4b61-9990-f22ddfbdab2d->3e2bc805-5478-4f26-a5b8-7a9bd25b48ec 2025-11-15
deleted_snapshot,d81b8573-d963-4c6d-8130-b89b76e1d66d,1d09125e-5bb0-460b-a697-7ba4d02f95ba 2026-08-15
deleted_snapshot,d81b8573-d963-4c6d-8130-b89b76e1d66d,741a694c-6603-4093-af16-917c049293ff 2026-07-31
deleted_snapshot,d81b8573-d963-4c6d-8130-b89b76e1d66d,2a616507-9c88-42e2-87a7-03eeed3edd7d 2026-06-30
deleted_snapshot,d81b8573-d963-4c6d-8130-b89b76e1d66d,d01c6e80-f3b1-4ac7-b776-2a3b71021f01 2026-05-31
deleted_snapshot,d81b8573-d963-4c6d-8130-b89b76e1d66d,04c7ab33-211e-4339-8d47-b8e70f1573ab 2026-04-30
moved_snapshot,d81b8573-d963-4c6d-8130-b89b76e1d66d,5fd105c3-b70a-4559-8ef0-942fee55db6f->3e2bc805-5478-4f26-a5b8-7a9bd25b48ec 2026-04-15
moved_snapshot,d81b8573-d963-4c6d-8130-b89b76e1d66d,73f85c82-58bf-43d7-8fbe-478bf47d214a->3e2bc805-5478-4f26-a5b8-7a9bd25b48ec 2026-03-15
moved_snapshot,d81b8573-d963-4c6d-8130-b89b76e1d66d,bfd74179-b24b-4f25-9f56-90f002abe100->3e2bc805-5478-4f26-a5b8-7a9bd25b48ec 2026-02-28
moved_snapshot,d81b8573-d963-4c6d-8130-b89b76e1d66d,0bee8c8d-0e7a-4d65-af0a-1d597fa3ab6c->3e2bc805-5478-4f26-a5b8-7a9bd25b48ec 2026-01-31
moved_snapshot,d81b8573-d963-4c6d-8130-b89b76e1d66d,88da77d6-9bec-47bb-9c98-3b7e7383d405->3e2bc805-5478-4f26-a5b8-7a9bd25b48ec 2025-12-31
moved_snapshot,d81b8573-d963-4c6d-8130-b89b76e1d66d,6332ec1a-75b2-49b2-a230-9b2922879f32->3e2bc805-5478-4f26-a5b8-7a9bd25b48ec 2025-12-15
moved_snapshot,d81b8573-d963-4c6d-8130-b89b76e1d66d,adb5e34a-25d8-4947-a3af-32a607db1630->3e2bc805-5478-4f26-a5b8-7a9bd25b48ec 2025-11-30
moved_snapshot,d81b8573-d963-4c6d-8130-b89b76e1d66d,12e35bd7-0363-4029-b80c-3b5e5c0979a1->3e2bc805-5478-4f26-a5b8-7a9bd25b48ec 2025-10-31
deleted_scheme,d81b8573-d963-4c6d-8130-b89b76e1d66d,->3e2bc805-5478-4f26-a5b8-7a9bd25b48ec
deleted_scheme,f67e5f0b-cd52-4cc6-ac6b-480c892ba849,->3e2bc805-5478-4f26-a5b8-7a9bd25b48ec
deleted_scheme,25825429-ed95-4bc5-a6f6-b05894a7a8e3,->3e2bc805-5478-4f26-a5b8-7a9bd25b48ec
deleted_scheme,8da573bb-e04c-4bdb-a2b0-5abdd64be538,->3e2bc805-5478-4f26-a5b8-7a9bd25b48ec
deleted_scheme,e650d57a-d2c3-44d7-bcfc-bb62cb299a3e,->3e2bc805-5478-4f26-a5b8-7a9bd25b48ec
deleted_scheme,238d27fe-9ee3-4f08-86ab-f98529d39539,->3e2bc805-5478-4f26-a5b8-7a9bd25b48ec
deleted_scheme,ede9aba7-d6d3-40c6-b70a-ad7e0cb2a2fc,->3e2bc805-5478-4f26-a5b8-7a9bd25b48ec
deleted_scheme,ee004b3c-d41f-4239-8451-bdfbec03de11,->3e2bc805-5478-4f26-a5b8-7a9bd25b48ec
deleted_scheme,74c45140-4e86-436d-aecc-32cba76098b0,->3e2bc805-5478-4f26-a5b8-7a9bd25b48ec
deleted_scheme,40af342a-7c8c-4806-9d9e-1b49b0eb228f,->3e2bc805-5478-4f26-a5b8-7a9bd25b48ec
deleted_scheme,ed3d9409-3053-4200-ae73-3b5bffffbcc5,->3e2bc805-5478-4f26-a5b8-7a9bd25b48ec
deleted_scheme,d7f3f39c-7dd3-4f1a-a1d5-67bab6848b6a,->3e2bc805-5478-4f26-a5b8-7a9bd25b48ec
deleted_scheme,f28f00bf-4fb7-4ef4-a1fe-2be38d2d2680,->3e2bc805-5478-4f26-a5b8-7a9bd25b48ec
deleted_scheme,510e62e3-a989-4ce3-99b3-d8491b3b9a0c,->3e2bc805-5478-4f26-a5b8-7a9bd25b48ec
deleted_snapshot,a8a76a2e-8f67-49e4-aeb1-7366d2a7b1f7,b73b7508-06ea-4fc2-bf55-c24e16b69e3c 2026-02-15
deleted_snapshot,a8a76a2e-8f67-49e4-aeb1-7366d2a7b1f7,0d1bac0f-251d-4616-80e2-be59350e25af 2026-07-31
deleted_snapshot,a8a76a2e-8f67-49e4-aeb1-7366d2a7b1f7,6e52e580-3ade-4cc2-ba2d-bccacb706347 2026-01-31
deleted_snapshot,a8a76a2e-8f67-49e4-aeb1-7366d2a7b1f7,66a7f267-48ad-4912-ac39-f15c1061a409 2026-04-30
deleted_snapshot,a8a76a2e-8f67-49e4-aeb1-7366d2a7b1f7,61579e94-4163-4b16-9eb0-1e4ef5123e65 2026-04-15
deleted_snapshot,a8a76a2e-8f67-49e4-aeb1-7366d2a7b1f7,e140d848-3ad8-4b89-9419-425d9d72b4ef 2026-03-31
deleted_snapshot,a8a76a2e-8f67-49e4-aeb1-7366d2a7b1f7,820803d8-3f9c-4667-8979-1eb4c07b1fb2 2026-03-15
deleted_snapshot,a8a76a2e-8f67-49e4-aeb1-7366d2a7b1f7,94ae140a-53a2-4bad-91d4-c07bf8a3ea9c 2026-02-28
deleted_snapshot,a8a76a2e-8f67-49e4-aeb1-7366d2a7b1f7,79635475-7969-4fae-ae0b-02911d167cf7 2026-01-15
deleted_snapshot,a8a76a2e-8f67-49e4-aeb1-7366d2a7b1f7,8ba79e27-d4fc-4ecd-a508-beb3c4df0704 2025-12-31
deleted_snapshot,a8a76a2e-8f67-49e4-aeb1-7366d2a7b1f7,a03cf20e-9208-49a1-8b38-779cab341be0 2026-08-15
deleted_snapshot,a8a76a2e-8f67-49e4-aeb1-7366d2a7b1f7,ea55916d-8892-4883-856a-fa81947ce720 2026-07-15
deleted_snapshot,a8a76a2e-8f67-49e4-aeb1-7366d2a7b1f7,10f3d427-8f0d-4985-8d38-c80ed0eceb23 2026-06-30
deleted_snapshot,a8a76a2e-8f67-49e4-aeb1-7366d2a7b1f7,27ce0443-88cb-4a0c-a4e0-83ece4f8d55b 2026-06-15
deleted_snapshot,a8a76a2e-8f67-49e4-aeb1-7366d2a7b1f7,87eeaaee-7b10-4930-8cab-7e8e692b116c 2026-05-31
deleted_snapshot,a8a76a2e-8f67-49e4-aeb1-7366d2a7b1f7,ce795584-9008-4123-8a30-2c32e13417dc 2026-05-15
deleted_snapshot,a8a76a2e-8f67-49e4-aeb1-7366d2a7b1f7,82c3a1b8-9182-424f-a110-aea95f6e9206 2025-12-15
deleted_snapshot,a8a76a2e-8f67-49e4-aeb1-7366d2a7b1f7,e548700d-1cb4-4474-aec8-8a9d1a038f84 2025-11-30
deleted_snapshot,a8a76a2e-8f67-49e4-aeb1-7366d2a7b1f7,038138ae-a9f9-42cf-b658-f2120d68885f 2025-11-15
deleted_snapshot,a8a76a2e-8f67-49e4-aeb1-7366d2a7b1f7,d9156623-2aa7-4d73-b758-3df5036ae72f 2025-10-31
deleted_scheme,a8a76a2e-8f67-49e4-aeb1-7366d2a7b1f7,->3e2bc805-5478-4f26-a5b8-7a9bd25b48ec
deleted_scheme,775cecce-a23d-480e-abe3-30e33e2ff327,->cf083ae3-63bc-42bf-b0d1-12357a24c298
deleted_scheme,7f7bdf62-e06e-4de5-8f74-bc69e10f9a98,->cf083ae3-63bc-42bf-b0d1-12357a24c298
deleted_scheme,59342b08-3d3f-46f4-b224-b4049bc1a255,->cf083ae3-63bc-42bf-b0d1-12357a24c298
deleted_scheme,9146cb66-122a-4ffa-926e-88d8268c5ee8,->d33d3a23-c3b4-4a41-b0c4-ce9637528240
deleted_scheme,76dfd440-ae9d-46d2-ab87-1cc9079ea0da,->d33d3a23-c3b4-4a41-b0c4-ce9637528240
deleted_scheme,edf8105e-1355-40b0-bd22-f420f1b564e2,->d33d3a23-c3b4-4a41-b0c4-ce9637528240
deleted_scheme,fbe4cff8-c3d4-435e-b182-e40e171d9866,->d0b20107-9ff3-40d8-833a-848e805cb742
deleted_scheme,29810604-613a-4b53-b042-6a3f523f6225,->d0b20107-9ff3-40d8-833a-848e805cb742
deleted_scheme,e0f2d1e9-3881-401a-9be3-404b6bc2c7ca,->d0b20107-9ff3-40d8-833a-848e805cb742
deleted_scheme,93452c0f-f4da-44f1-b237-1c2b896d3c21,->d0b20107-9ff3-40d8-833a-848e805cb742
deleted_scheme,f80029bc-f185-4dcb-925c-5ba9c9b4f75d,->d0b20107-9ff3-40d8-833a-848e805cb742
deleted_scheme,5965c2ac-5be6-4eb2-91e6-a8827f070610,->d0b20107-9ff3-40d8-833a-848e805cb742
deleted_scheme,213b6512-fe4b-4d66-93ef-7b155413d742,->d0b20107-9ff3-40d8-833a-848e805cb742
deleted_scheme,18567818-bde4-47a5-986f-2f1b361f83c0,->d0b20107-9ff3-40d8-833a-848e805cb742
deleted_scheme,5121d264-ddeb-4920-b76b-9fcb357f2fa5,->d0b20107-9ff3-40d8-833a-848e805cb742
moved_snapshot,56c7a4bb-eb51-49cc-b39c-f0641d5d748e,3e32687b-812a-4333-aff2-0eaca04b1f4f->d0b20107-9ff3-40d8-833a-848e805cb742 2026-07-15
moved_snapshot,56c7a4bb-eb51-49cc-b39c-f0641d5d748e,e5ba9905-42e3-446c-b786-057326048540->d0b20107-9ff3-40d8-833a-848e805cb742 2026-06-15
moved_snapshot,56c7a4bb-eb51-49cc-b39c-f0641d5d748e,9c26b7bd-af78-43d9-8584-966dc727c961->d0b20107-9ff3-40d8-833a-848e805cb742 2026-05-15
moved_snapshot,56c7a4bb-eb51-49cc-b39c-f0641d5d748e,4a961079-535c-4003-a7af-3063e339578b->d0b20107-9ff3-40d8-833a-848e805cb742 2026-03-31
moved_snapshot,56c7a4bb-eb51-49cc-b39c-f0641d5d748e,022c00f3-d8f9-42f5-9d58-e326a4ac134f->d0b20107-9ff3-40d8-833a-848e805cb742 2026-02-15
moved_snapshot,56c7a4bb-eb51-49cc-b39c-f0641d5d748e,b1156b32-9dc1-4078-8fd7-cd3ebaebf64f->d0b20107-9ff3-40d8-833a-848e805cb742 2026-01-15
moved_snapshot,56c7a4bb-eb51-49cc-b39c-f0641d5d748e,559860df-a7d4-47e2-bee2-7898222d337d->d0b20107-9ff3-40d8-833a-848e805cb742 2025-12-31
moved_snapshot,56c7a4bb-eb51-49cc-b39c-f0641d5d748e,7d295329-bc35-4f1c-b764-6cd455a5d856->d0b20107-9ff3-40d8-833a-848e805cb742 2025-11-15
moved_snapshot,56c7a4bb-eb51-49cc-b39c-f0641d5d748e,c0378c10-7b89-4b9e-b6c8-dd8622d783f8->d0b20107-9ff3-40d8-833a-848e805cb742 2026-08-15
moved_snapshot,56c7a4bb-eb51-49cc-b39c-f0641d5d748e,1d63d0c8-d873-40c7-829e-f1760c90c03a->d0b20107-9ff3-40d8-833a-848e805cb742 2026-07-31
moved_snapshot,56c7a4bb-eb51-49cc-b39c-f0641d5d748e,08031300-cf01-47fe-9ced-cbe77595b0a8->d0b20107-9ff3-40d8-833a-848e805cb742 2026-06-30
moved_snapshot,56c7a4bb-eb51-49cc-b39c-f0641d5d748e,9f1c2381-d6fb-4858-9c40-5dd5ae1963bc->d0b20107-9ff3-40d8-833a-848e805cb742 2026-05-31
moved_snapshot,56c7a4bb-eb51-49cc-b39c-f0641d5d748e,57f0354a-e5cc-4f42-b410-de1276384bbe->d0b20107-9ff3-40d8-833a-848e805cb742 2026-04-30
moved_snapshot,56c7a4bb-eb51-49cc-b39c-f0641d5d748e,5cc08151-b3a0-4cf5-b640-628d37043302->d0b20107-9ff3-40d8-833a-848e805cb742 2026-04-15
moved_snapshot,56c7a4bb-eb51-49cc-b39c-f0641d5d748e,1d98385c-f12c-4028-96ed-2e5f5b905ea9->d0b20107-9ff3-40d8-833a-848e805cb742 2026-03-15
moved_snapshot,56c7a4bb-eb51-49cc-b39c-f0641d5d748e,bbb854a3-7102-449a-9da2-7c77eb353151->d0b20107-9ff3-40d8-833a-848e805cb742 2026-02-28
moved_snapshot,56c7a4bb-eb51-49cc-b39c-f0641d5d748e,b978fe4b-b3b9-419a-b43d-ef78d2bf21fa->d0b20107-9ff3-40d8-833a-848e805cb742 2026-01-31
moved_snapshot,56c7a4bb-eb51-49cc-b39c-f0641d5d748e,fb0220a1-8db3-4644-bd34-366fe4336d4c->d0b20107-9ff3-40d8-833a-848e805cb742 2025-12-15
moved_snapshot,56c7a4bb-eb51-49cc-b39c-f0641d5d748e,48d0709a-5640-4f87-a06f-056249a3e392->d0b20107-9ff3-40d8-833a-848e805cb742 2025-11-30
moved_snapshot,56c7a4bb-eb51-49cc-b39c-f0641d5d748e,0ff54b16-1340-448a-94e0-eb2f02a29d0d->d0b20107-9ff3-40d8-833a-848e805cb742 2025-10-31
deleted_scheme,56c7a4bb-eb51-49cc-b39c-f0641d5d748e,->d0b20107-9ff3-40d8-833a-848e805cb742
deleted_scheme,ae714ba7-4b54-4f9e-8cb5-0348a9fd7b13,->915045a9-27f3-4cbf-82d7-06aba44d1243
deleted_scheme,cac15e7f-1e93-4a1b-9f15-d7b715a0154a,->915045a9-27f3-4cbf-82d7-06aba44d1243
deleted_scheme,ecf91934-56b8-40cb-93b8-bbbcd078ef9d,->915045a9-27f3-4cbf-82d7-06aba44d1243
deleted_scheme,fb58b0f4-8193-4d30-8176-d5e35904345a,->bb0b32b1-9efb-4c5d-bad4-1b108a714adf
deleted_scheme,6c8a9448-0835-422a-b24c-9dec9a396ee8,->bb0b32b1-9efb-4c5d-bad4-1b108a714adf
deleted_scheme,323c08ab-e0f5-4d83-a00a-6c87676e87fe,->616ed2d2-7689-48a2-8f28-4ebfe50a7a36
deleted_scheme,aba641ee-5bef-4716-81a4-a7cca52835e6,->616ed2d2-7689-48a2-8f28-4ebfe50a7a36
deleted_scheme,469ceec1-de82-4943-b2be-057a8a79d4cd,->616ed2d2-7689-48a2-8f28-4ebfe50a7a36
deleted_scheme,e1f414ba-4f64-4e70-b7da-53d16e7eb758,->f75b3a50-fac2-4dec-b61b-46b0eec329b0
deleted_scheme,ede2126d-fe13-45c0-ab19-f4a5b8f41412,->f75b3a50-fac2-4dec-b61b-46b0eec329b0
deleted_scheme,6e0cd03a-b3b3-46ea-8dcf-7864247f41a1,->f75b3a50-fac2-4dec-b61b-46b0eec329b0
deleted_scheme,811b2a95-971d-4df4-bfce-8862f62ce10e,->fe0b13b4-76f8-4821-9d57-1b2306c18a0a
deleted_scheme,139a9f45-4f2b-4e7a-aa44-160961e690c5,->fe0b13b4-76f8-4821-9d57-1b2306c18a0a
deleted_scheme,e032ce9c-1ad2-4c8a-b6d5-965d59712aaa,->fe0b13b4-76f8-4821-9d57-1b2306c18a0a
deleted_scheme,5c3ab72b-4096-4e53-9f33-1402a1e13a9d,->4e40b0b1-d0d3-43a0-8edf-9641269f5782
deleted_scheme,e74e8378-fb33-43f7-9fe4-6721663faf44,->4e40b0b1-d0d3-43a0-8edf-9641269f5782
deleted_scheme,8bcff244-ef9a-4a81-967a-b8a62008b2db,->4e40b0b1-d0d3-43a0-8edf-9641269f5782
deleted_scheme,88fccf65-f590-4b41-8343-67af3a993251,->8da14d44-0375-4bd8-9db9-42ba907943b6
deleted_scheme,a3a64c70-2732-478d-bf53-d50c3829aaff,->8da14d44-0375-4bd8-9db9-42ba907943b6
deleted_scheme,8dfac25d-255a-4e69-8a60-117f3f7efbf2,->968649ab-3005-4e76-8fd2-c18a992966ac
deleted_scheme,2f71c6b7-48be-41d3-83d2-4db8cb93ac9a,->968649ab-3005-4e76-8fd2-c18a992966ac
deleted_scheme,1abef68a-d832-4b93-91ac-2aeb0c126549,->968649ab-3005-4e76-8fd2-c18a992966ac
deleted_scheme,6f309c07-8921-4d13-8973-ea04b4883123,->135909a1-3dc3-432b-a18c-330562a345d7
deleted_scheme,bcf5834f-73e8-4e77-a5f9-b31bc210ea69,->135909a1-3dc3-432b-a18c-330562a345d7
deleted_scheme,263ec93a-7806-4da6-827f-c48059770497,->135909a1-3dc3-432b-a18c-330562a345d7
deleted_scheme,725d9a1c-ef75-4bd7-88a4-100d3717e86f,->969da25a-b7c0-421f-83d0-36634bd7addf
deleted_scheme,7cec0885-1bb2-44ba-b072-9aa2253a47de,->969da25a-b7c0-421f-83d0-36634bd7addf
deleted_scheme,acea2435-6872-4e97-8c5d-8db7177fcdce,->969da25a-b7c0-421f-83d0-36634bd7addf
deleted_scheme,86838378-078a-42db-9dbe-ab16f0934bc0,->5b898efe-dffe-4e13-af8e-6033b7d70266
deleted_scheme,397c79a3-943b-406b-9393-815313702a43,->5b898efe-dffe-4e13-af8e-6033b7d70266
deleted_scheme,f7d25b27-5333-49b2-84c7-aedf4cc1c2e3,->5b898efe-dffe-4e13-af8e-6033b7d70266
deleted_scheme,e9f763a6-ad69-4da7-bd06-c78558b6febf,->1a22ad45-3ab7-4386-899b-71189653779b
deleted_scheme,b9fccf83-054c-4ddb-8497-766ef1b8c23d,->1a22ad45-3ab7-4386-899b-71189653779b
deleted_scheme,2abee37f-6e5b-462f-a063-5f247aa5484b,->1a22ad45-3ab7-4386-899b-71189653779b
deleted_scheme,aeb8c2a5-58ef-4649-beed-39147303824a,->1a22ad45-3ab7-4386-899b-71189653779b
deleted_scheme,48a5df29-48c7-4754-a408-4e8f35b89bad,->8c450e10-83c0-4376-b8fc-580207c6e9fa
deleted_scheme,76d3e575-c741-479b-8539-2f3b0fb5b05a,->8c450e10-83c0-4376-b8fc-580207c6e9fa
deleted_scheme,9f718265-15c2-4291-b0bc-add5bdc33704,->8c450e10-83c0-4376-b8fc-580207c6e9fa
deleted_scheme,c6428d72-15e3-4542-9178-b6cd40fd2e0f,->b6c72c63-cb4f-4249-aca9-9d36a738bf8d
deleted_scheme,5237d254-c8a5-400a-b0ce-db6f85835d18,->b6c72c63-cb4f-4249-aca9-9d36a738bf8d
deleted_scheme,1e403372-bf31-43e5-aa68-977100bcb84c,->b6c72c63-cb4f-4249-aca9-9d36a738bf8d
deleted_scheme,b9446507-706f-40b8-bd62-f0f5a84763de,->2a8c9c64-00a6-498c-adf4-6929cd62a34f
deleted_scheme,92a5c5d7-c45c-4aac-b879-19087c509122,->2a8c9c64-00a6-498c-adf4-6929cd62a34f
deleted_scheme,b400f05d-4309-46fd-8a0f-08e17f974dc7,->2a8c9c64-00a6-498c-adf4-6929cd62a34f
deleted_scheme,326e0c9b-a39c-44a8-b6d7-851d64bc87b0,->8714f43b-fb4f-4963-968c-64f2cd49a3ba
deleted_scheme,0ed7f7c5-de3c-4d0b-b575-60b47af46b58,->8714f43b-fb4f-4963-968c-64f2cd49a3ba
deleted_scheme,8f4a687e-35e4-4f1b-bb0f-184316d9a1ce,->8714f43b-fb4f-4963-968c-64f2cd49a3ba
deleted_scheme,8e0b3cea-720a-4c18-a66b-792b1a806809,->8714f43b-fb4f-4963-968c-64f2cd49a3ba
deleted_scheme,33a7cec3-5741-44a2-af2a-f45f92ec0dcc,->e209a345-af7e-4be0-be59-0d2f5e254b52
deleted_scheme,4bb0510e-0233-4149-95df-030efb14a222,->e209a345-af7e-4be0-be59-0d2f5e254b52
deleted_scheme,27f4d022-2ba6-4377-983a-f6d3aaf1f1f4,->e209a345-af7e-4be0-be59-0d2f5e254b52
deleted_scheme,93552d6f-0cab-4746-ba7d-99d33765e869,->e209a345-af7e-4be0-be59-0d2f5e254b52
deleted_scheme,5c125b1d-b5b4-4c0b-91be-353aba3634fd,->e209a345-af7e-4be0-be59-0d2f5e254b52
deleted_scheme,2aaf5a55-06f3-40f2-a155-e71a458d6ef1,->e209a345-af7e-4be0-be59-0d2f5e254b52
deleted_scheme,80b02e49-2b39-412e-bec3-0e16ac8c371b,->474f8356-0433-4e00-8e74-6dd998c3fe9d
deleted_scheme,a8665178-8593-4dd1-8292-a7b0c1d9ab40,->474f8356-0433-4e00-8e74-6dd998c3fe9d
deleted_scheme,d1cf87f1-8173-4f7d-b3d8-24c2726c0dc0,->474f8356-0433-4e00-8e74-6dd998c3fe9d
deleted_scheme,69d9d768-078c-44a7-92f1-9f1c21396421,->474f8356-0433-4e00-8e74-6dd998c3fe9d
deleted_scheme,2dc134d2-e8ab-419d-a900-29ff3b348035,->474f8356-0433-4e00-8e74-6dd998c3fe9d
deleted_scheme,d7044233-d017-4178-b43d-5b8fb8961258,->23c6ac51-fbc2-4331-9e3b-ff48ef743f6c
deleted_scheme,863b6856-02be-4a4d-b7b5-2cc4336137d9,->23c6ac51-fbc2-4331-9e3b-ff48ef743f6c
deleted_scheme,f16fce17-0c72-434d-a37a-703ac7fa4d07,->23c6ac51-fbc2-4331-9e3b-ff48ef743f6c
deleted_scheme,6939f803-59c4-4aa3-9901-03d4d97cef6e,->23c6ac51-fbc2-4331-9e3b-ff48ef743f6c
deleted_scheme,82cfeb39-e3eb-4937-b390-9ee021d72eb6,->23c6ac51-fbc2-4331-9e3b-ff48ef743f6c
deleted_scheme,1f181445-74a4-402c-9564-f74cdd20a421,->23c6ac51-fbc2-4331-9e3b-ff48ef743f6c
deleted_scheme,12e88258-9338-41e9-a714-c8c7cd1256fb,->d0f59d45-0b32-4863-997c-2761963990ef
deleted_scheme,a11be0bf-6e50-4c69-8181-df1f78f9741d,->d0f59d45-0b32-4863-997c-2761963990ef
deleted_scheme,04b8c002-9b09-45a4-b361-3a07aefad879,->d0f59d45-0b32-4863-997c-2761963990ef
deleted_scheme,2b0d4101-0e57-4d68-8c31-67f94ead94ba,->d0f59d45-0b32-4863-997c-2761963990ef
deleted_scheme,0861696b-6cc2-4095-bbb2-06198d77dbb1,->a2cd3624-afd8-40ca-8bf6-0cf3269150bf
deleted_scheme,0423d232-6d87-450f-b5a4-20520c849579,->a2cd3624-afd8-40ca-8bf6-0cf3269150bf
deleted_scheme,3ba66fe2-883f-45e7-9f14-dec85cb55177,->a2cd3624-afd8-40ca-8bf6-0cf3269150bf
deleted_scheme,ab58bee2-c4fd-4925-8d63-ee29460f260b,->a2cd3624-afd8-40ca-8bf6-0cf3269150bf
deleted_scheme,15f347b8-b36d-4e0b-8f56-111165480d23,->a2cd3624-afd8-40ca-8bf6-0cf3269150bf
deleted_scheme,057384ad-2ae2-4cad-8b6b-0c207a732bac,->759c7079-561a-4876-aa0e-2f887d74b148
deleted_scheme,d2c05394-7231-47b2-b115-b3c90c3782e8,->759c7079-561a-4876-aa0e-2f887d74b148
deleted_scheme,a5b9d473-778b-4bf7-bf31-0f97891214c4,->759c7079-561a-4876-aa0e-2f887d74b148
deleted_scheme,e648bbe9-9e1e-40ac-8ab7-740a360666b7,->759c7079-561a-4876-aa0e-2f887d74b148
deleted_scheme,ff04d073-771c-4f79-90c9-3c63609f62d6,->5b786642-684d-483e-aebb-978a6fb2a830
deleted_scheme,015d48e6-0c82-41f5-b859-90154eea39f1,->5b786642-684d-483e-aebb-978a6fb2a830
deleted_scheme,97aaf2fc-b611-4d34-b471-38a9359e5438,->5b786642-684d-483e-aebb-978a6fb2a830
deleted_scheme,23e156fd-43cf-4e4f-b7c7-df6c1b3bb581,->5b786642-684d-483e-aebb-978a6fb2a830
deleted_scheme,a842655a-1d5e-428c-a6a1-531cef42d8d1,->5b786642-684d-483e-aebb-978a6fb2a830
deleted_scheme,25df1d1e-0584-4ff8-94b1-7bab38186c39,->426009f5-8874-41f0-8507-758c2d12bce7
deleted_scheme,191e68b5-fca2-4f99-8e2b-e136364cd4ed,->426009f5-8874-41f0-8507-758c2d12bce7
deleted_scheme,9e0e8ca2-9f0d-4b46-8cbf-a6beaea7c9e7,->426009f5-8874-41f0-8507-758c2d12bce7
deleted_scheme,8a862b99-4c96-4ae0-a213-1bbc03711ce3,->74e26264-de8d-45f7-b155-a1434985facc
deleted_scheme,88a906a8-6e73-481f-97f7-e76c2e5bfb90,->74e26264-de8d-45f7-b155-a1434985facc
deleted_scheme,311fcba7-c89a-4c75-be47-8ce0979743f6,->74e26264-de8d-45f7-b155-a1434985facc
deleted_scheme,5ad0dbfd-4b06-4007-aa95-319e0a85a654,->74e26264-de8d-45f7-b155-a1434985facc
deleted_scheme,778867c8-c4f7-4071-bc35-5a4bf499127e,->2f948074-3563-412d-8c88-ee629a31ce90
deleted_scheme,0fc98f76-f18c-4aaa-97aa-276e17849944,->2f948074-3563-412d-8c88-ee629a31ce90
deleted_scheme,f38ed60e-e46a-41cf-857c-a5cc96bb5d9d,->1e9699ee-9abc-4b72-a46d-00939f6f71c4
deleted_scheme,4eb9f41c-2c95-4c6d-be26-e5479126af0f,->51a7f09c-6dff-40b0-ae21-1c836703863f
deleted_scheme,0ab9c8a0-c6ad-4d2d-967e-a18fa9c7fdf3,->23251234-b6db-49ab-8ec8-550b3fa11a1c
deleted_scheme,24ff43e7-d915-44e1-aa39-7249be93656e,->23251234-b6db-49ab-8ec8-550b3fa11a1c
deleted_scheme,b723328d-84b1-493f-af5c-d1e3e2243814,->23251234-b6db-49ab-8ec8-550b3fa11a1c
deleted_scheme,8ac61ac2-fbdc-4f59-9766-978b2c5c7398,->23251234-b6db-49ab-8ec8-550b3fa11a1c
deleted_scheme,c2c04965-0c27-4da3-aeed-440a154d9a07,->484afac9-ba18-46b3-83d3-1c48ba826ea3
deleted_scheme,25cad829-f0c1-4db5-9d57-f1e19caa274d,->484afac9-ba18-46b3-83d3-1c48ba826ea3
deleted_scheme,61fa53f2-3eca-4966-a6c2-112548e198a9,->484afac9-ba18-46b3-83d3-1c48ba826ea3
deleted_scheme,acd1149d-d446-4a31-a98e-0aa8679c839a,->484afac9-ba18-46b3-83d3-1c48ba826ea3
deleted_scheme,1c66a3df-d711-4d19-97bd-8a7fe7e41589,->8e89c137-fc41-45a8-aab2-a6df7f0534cb
deleted_scheme,ffae25ff-d223-4784-a31e-829f1319618c,->8e89c137-fc41-45a8-aab2-a6df7f0534cb
deleted_scheme,c04a3475-a66e-42a3-9fcc-6beec5c39a92,->8e89c137-fc41-45a8-aab2-a6df7f0534cb
deleted_scheme,e34a818b-5736-4ccd-84cc-ce6f5c9faa26,->39932ba7-65ab-4adc-904f-9388f0df59d0
deleted_scheme,f4f0319e-3cc9-4498-90c5-7fc13c98b8d4,->39932ba7-65ab-4adc-904f-9388f0df59d0
deleted_scheme,b6916266-f2ec-4a7b-9e49-c91c90f1f70f,->39932ba7-65ab-4adc-904f-9388f0df59d0
deleted_scheme,a6d852a3-8e3f-417a-929d-601f2e51fff7,->39932ba7-65ab-4adc-904f-9388f0df59d0
deleted_scheme,4491f175-feda-4f63-8dae-5380fbb02c60,->39932ba7-65ab-4adc-904f-9388f0df59d0
deleted_scheme,1d775fa7-a1c9-49f8-834e-0965506f6394,->39932ba7-65ab-4adc-904f-9388f0df59d0
deleted_scheme,76531e95-2bb5-442b-a5ce-a662016f79e2,->39932ba7-65ab-4adc-904f-9388f0df59d0
moved_snapshot,dc7963a0-a6d6-4e91-968e-9b270320dc09,9bd4202e-9909-449f-b730-93083ef5ac28->39932ba7-65ab-4adc-904f-9388f0df59d0 2025-10-31
moved_snapshot,dc7963a0-a6d6-4e91-968e-9b270320dc09,e1afbac0-fff5-4751-802c-76f1bc919e06->39932ba7-65ab-4adc-904f-9388f0df59d0 2026-07-15
moved_snapshot,dc7963a0-a6d6-4e91-968e-9b270320dc09,e48c20e7-332b-4ea5-8fc8-633e602d6903->39932ba7-65ab-4adc-904f-9388f0df59d0 2026-06-15
moved_snapshot,dc7963a0-a6d6-4e91-968e-9b270320dc09,b8f3280b-a797-4782-9a7e-d849d17c6d00->39932ba7-65ab-4adc-904f-9388f0df59d0 2026-04-15
moved_snapshot,dc7963a0-a6d6-4e91-968e-9b270320dc09,e104e216-f964-4d77-b6f1-2880daa97ef9->39932ba7-65ab-4adc-904f-9388f0df59d0 2026-03-31
moved_snapshot,dc7963a0-a6d6-4e91-968e-9b270320dc09,a136d0c5-a844-4727-a848-23141d529fa8->39932ba7-65ab-4adc-904f-9388f0df59d0 2026-02-28
moved_snapshot,dc7963a0-a6d6-4e91-968e-9b270320dc09,b3c20b51-a472-4346-a28e-1e44542b2be2->39932ba7-65ab-4adc-904f-9388f0df59d0 2026-02-15
moved_snapshot,dc7963a0-a6d6-4e91-968e-9b270320dc09,e8755156-a7a9-450a-98b7-0f32df70f55f->39932ba7-65ab-4adc-904f-9388f0df59d0 2026-01-15
moved_snapshot,dc7963a0-a6d6-4e91-968e-9b270320dc09,3519d377-7a05-48e3-9e51-baa8909ce3f2->39932ba7-65ab-4adc-904f-9388f0df59d0 2025-12-31
moved_snapshot,dc7963a0-a6d6-4e91-968e-9b270320dc09,82202100-8b81-4ad2-81fd-cc7696fbce88->39932ba7-65ab-4adc-904f-9388f0df59d0 2025-11-15
moved_snapshot,dc7963a0-a6d6-4e91-968e-9b270320dc09,e5906a1e-aea4-48f3-98c6-c5ecd66480bc->39932ba7-65ab-4adc-904f-9388f0df59d0 2026-08-15
moved_snapshot,dc7963a0-a6d6-4e91-968e-9b270320dc09,2af3923a-e6c6-487c-b1e4-1bad44eec29a->39932ba7-65ab-4adc-904f-9388f0df59d0 2026-07-31
moved_snapshot,dc7963a0-a6d6-4e91-968e-9b270320dc09,454996f8-cee3-49a8-9b81-6b27bcfa68a8->39932ba7-65ab-4adc-904f-9388f0df59d0 2026-06-30
moved_snapshot,dc7963a0-a6d6-4e91-968e-9b270320dc09,8ce13454-a3f6-40ed-bea6-f6cad44fc6d4->39932ba7-65ab-4adc-904f-9388f0df59d0 2026-05-31
moved_snapshot,dc7963a0-a6d6-4e91-968e-9b270320dc09,d10f99f9-43ec-4bbe-8040-a849fbe75e26->39932ba7-65ab-4adc-904f-9388f0df59d0 2026-05-15
moved_snapshot,dc7963a0-a6d6-4e91-968e-9b270320dc09,b8767005-3a47-47ed-a353-8547a03bfe8c->39932ba7-65ab-4adc-904f-9388f0df59d0 2026-04-30
moved_snapshot,dc7963a0-a6d6-4e91-968e-9b270320dc09,f3911c5e-d4b2-45ec-816d-8f04a5252fd0->39932ba7-65ab-4adc-904f-9388f0df59d0 2026-03-15
moved_snapshot,dc7963a0-a6d6-4e91-968e-9b270320dc09,f38277bf-5c72-4ab4-a08b-0c31a673255e->39932ba7-65ab-4adc-904f-9388f0df59d0 2026-01-31
moved_snapshot,dc7963a0-a6d6-4e91-968e-9b270320dc09,4df800f6-5fb7-444c-814b-6365a5519f51->39932ba7-65ab-4adc-904f-9388f0df59d0 2025-12-15
moved_snapshot,dc7963a0-a6d6-4e91-968e-9b270320dc09,3fd330ff-abce-42c5-b2d4-3088e53f66cd->39932ba7-65ab-4adc-904f-9388f0df59d0 2025-11-30
deleted_scheme,dc7963a0-a6d6-4e91-968e-9b270320dc09,->39932ba7-65ab-4adc-904f-9388f0df59d0
deleted_scheme,2696f188-d817-4277-a1a1-df1526851dee,->39932ba7-65ab-4adc-904f-9388f0df59d0
deleted_scheme,95cc4c72-74cd-442c-8409-f58d5fdb8eaf,->39932ba7-65ab-4adc-904f-9388f0df59d0
deleted_scheme,ba003f32-3c70-4c74-aff7-f4a39e876016,->39932ba7-65ab-4adc-904f-9388f0df59d0
deleted_scheme,bcf6abfe-cf00-4627-bf36-995532ea6def,->39932ba7-65ab-4adc-904f-9388f0df59d0
deleted_scheme,e2e06067-2079-4d33-846a-d56b690778ec,->39932ba7-65ab-4adc-904f-9388f0df59d0
deleted_scheme,e76861bf-85b2-4403-b964-db9d710306a2,->39932ba7-65ab-4adc-904f-9388f0df59d0
deleted_scheme,350ef6f5-3c49-45d6-b0bd-a88897b97701,->39932ba7-65ab-4adc-904f-9388f0df59d0
deleted_scheme,367cb877-d0cc-4ad5-9443-7f5f557c89ca,->39932ba7-65ab-4adc-904f-9388f0df59d0
deleted_scheme,f6723d51-1f20-4547-a925-244eb38c0061,->39932ba7-65ab-4adc-904f-9388f0df59d0
deleted_scheme,47dcad66-382d-4497-9245-d3101d4fd683,->39932ba7-65ab-4adc-904f-9388f0df59d0
deleted_scheme,6ec47dac-e6ba-48c4-8ce9-9030651d30cb,->39932ba7-65ab-4adc-904f-9388f0df59d0
deleted_scheme,d637ac91-702e-41c0-a1a2-b410a3557c8f,->39932ba7-65ab-4adc-904f-9388f0df59d0
deleted_scheme,4e5fcd34-e3c5-4aa2-ace0-d08326494e99,->39932ba7-65ab-4adc-904f-9388f0df59d0
deleted_scheme,d693f74c-6ddd-44c7-a2ac-46d0fe31ed74,->39932ba7-65ab-4adc-904f-9388f0df59d0
deleted_scheme,91e83584-3a3a-4edd-99e0-cae1dc59ea50,->39932ba7-65ab-4adc-904f-9388f0df59d0
deleted_snapshot,b68a3748-3e94-4b91-99e3-80c273548326,5fb001ec-1da0-49db-9489-8efc20fe9589 2026-06-30
deleted_snapshot,b68a3748-3e94-4b91-99e3-80c273548326,e117af92-9a1a-43cd-aef9-b267608520f5 2026-02-15
deleted_snapshot,b68a3748-3e94-4b91-99e3-80c273548326,af84854b-efd9-45cb-a348-45b40aa38515 2026-01-31
deleted_snapshot,b68a3748-3e94-4b91-99e3-80c273548326,85de1c92-0fd8-4485-a2df-f67900a3c206 2026-04-30
deleted_snapshot,b68a3748-3e94-4b91-99e3-80c273548326,c3fb088d-c0be-453f-b448-b057b8bc600d 2026-04-15
deleted_snapshot,b68a3748-3e94-4b91-99e3-80c273548326,12ea2be4-6df9-4f37-9892-032dee2bb4c6 2026-03-31
deleted_snapshot,b68a3748-3e94-4b91-99e3-80c273548326,79d0c9bd-d101-4726-a1bd-a41494793898 2026-03-15
deleted_snapshot,b68a3748-3e94-4b91-99e3-80c273548326,4439b426-5d7d-4990-a41f-cd6936548b77 2026-02-28
deleted_snapshot,b68a3748-3e94-4b91-99e3-80c273548326,dc73e098-b3f7-4dec-b455-f30e43a91141 2026-01-15
deleted_snapshot,b68a3748-3e94-4b91-99e3-80c273548326,39f726a0-24c4-4815-ac6c-1005ea3ce8a2 2025-12-31
deleted_snapshot,b68a3748-3e94-4b91-99e3-80c273548326,e2abf388-13ac-4624-9b4f-fb39054ca13c 2026-08-15
deleted_snapshot,b68a3748-3e94-4b91-99e3-80c273548326,0ab25285-5d93-487e-a178-4918592ef642 2026-07-31
deleted_snapshot,b68a3748-3e94-4b91-99e3-80c273548326,e8fb8c8f-2f7f-41ae-950c-0710f3232c30 2026-07-15
deleted_snapshot,b68a3748-3e94-4b91-99e3-80c273548326,5e488a3d-f278-46f2-975d-b81b2afdab45 2026-06-15
deleted_snapshot,b68a3748-3e94-4b91-99e3-80c273548326,4c08ed27-d2e4-498f-952b-cc1176317399 2026-05-31
deleted_snapshot,b68a3748-3e94-4b91-99e3-80c273548326,f90563aa-3917-4f4a-9b47-e1a8b99ad98c 2026-05-15
deleted_snapshot,b68a3748-3e94-4b91-99e3-80c273548326,a4d9b741-21f2-424c-96d8-479b55609e9c 2025-12-15
deleted_snapshot,b68a3748-3e94-4b91-99e3-80c273548326,d57b0fe3-df3e-49c5-9fc2-534df2eda6e2 2025-11-30
deleted_snapshot,b68a3748-3e94-4b91-99e3-80c273548326,5fb0160b-5e53-4250-875a-7f2a3ea417b6 2025-11-15
deleted_snapshot,b68a3748-3e94-4b91-99e3-80c273548326,545e5702-19b2-4fa2-9967-f56891bbb8e5 2025-10-31
deleted_scheme,b68a3748-3e94-4b91-99e3-80c273548326,->39932ba7-65ab-4adc-904f-9388f0df59d0
deleted_scheme,064efe45-fe29-492c-9693-2173954d68e9,->a435b875-c713-4eb1-95b4-fb05a3567fd6
deleted_scheme,32a8d791-3b3a-43e8-bd75-b14064fb6c47,->a435b875-c713-4eb1-95b4-fb05a3567fd6
deleted_scheme,72b2caf8-df0f-4363-a630-c9a65feadde6,->a435b875-c713-4eb1-95b4-fb05a3567fd6
deleted_scheme,8c7730b7-41dd-405e-9be0-f3876ec02d01,->a435b875-c713-4eb1-95b4-fb05a3567fd6
moved_snapshot,da092686-81f4-4d43-bc23-25f4ab4b47b2,d0e07094-4b96-4f6e-8765-34c978706827->a435b875-c713-4eb1-95b4-fb05a3567fd6 2025-10-31
moved_snapshot,da092686-81f4-4d43-bc23-25f4ab4b47b2,560fc897-272b-40cb-be3e-50227f096171->a435b875-c713-4eb1-95b4-fb05a3567fd6 2026-07-15
moved_snapshot,da092686-81f4-4d43-bc23-25f4ab4b47b2,194d7f4d-1fef-4c68-83ad-89488d58f245->a435b875-c713-4eb1-95b4-fb05a3567fd6 2026-04-30
moved_snapshot,da092686-81f4-4d43-bc23-25f4ab4b47b2,a6b9c7d0-cee2-4caf-9814-69f1daba9d65->a435b875-c713-4eb1-95b4-fb05a3567fd6 2026-04-15
moved_snapshot,da092686-81f4-4d43-bc23-25f4ab4b47b2,48c11565-6ebf-48dc-9874-17e16b3bc5bb->a435b875-c713-4eb1-95b4-fb05a3567fd6 2026-03-31
moved_snapshot,da092686-81f4-4d43-bc23-25f4ab4b47b2,ae873d53-0fb0-4427-bfbd-232517723049->a435b875-c713-4eb1-95b4-fb05a3567fd6 2026-02-28
moved_snapshot,da092686-81f4-4d43-bc23-25f4ab4b47b2,cd43bfbd-e6b2-4d8d-aa68-92530e57f41d->a435b875-c713-4eb1-95b4-fb05a3567fd6 2026-02-15
moved_snapshot,da092686-81f4-4d43-bc23-25f4ab4b47b2,eccd6d7f-5860-4983-ae40-de4ccf3ec149->a435b875-c713-4eb1-95b4-fb05a3567fd6 2025-12-31
moved_snapshot,da092686-81f4-4d43-bc23-25f4ab4b47b2,cb480e63-5cc9-4b27-94f5-1af243c306b2->a435b875-c713-4eb1-95b4-fb05a3567fd6 2025-11-30
moved_snapshot,da092686-81f4-4d43-bc23-25f4ab4b47b2,d5bb51d0-2979-4cc8-bdb4-b4ce540eaaba->a435b875-c713-4eb1-95b4-fb05a3567fd6 2025-11-15
moved_snapshot,da092686-81f4-4d43-bc23-25f4ab4b47b2,695779fc-140c-4656-96b7-868d2c288aed->a435b875-c713-4eb1-95b4-fb05a3567fd6 2026-08-15
moved_snapshot,da092686-81f4-4d43-bc23-25f4ab4b47b2,a685f691-4185-4344-9997-4728f01a66a3->a435b875-c713-4eb1-95b4-fb05a3567fd6 2026-07-31
moved_snapshot,da092686-81f4-4d43-bc23-25f4ab4b47b2,4a6152d3-071e-4928-9f88-a17e72306c1e->a435b875-c713-4eb1-95b4-fb05a3567fd6 2026-06-30
moved_snapshot,da092686-81f4-4d43-bc23-25f4ab4b47b2,3e57d92b-4595-469b-b361-04ef21cd9b3d->a435b875-c713-4eb1-95b4-fb05a3567fd6 2026-06-15
moved_snapshot,da092686-81f4-4d43-bc23-25f4ab4b47b2,d4b46d54-2558-4aee-9c24-8c903062bbf6->a435b875-c713-4eb1-95b4-fb05a3567fd6 2026-05-31
moved_snapshot,da092686-81f4-4d43-bc23-25f4ab4b47b2,3b8cd6cc-31db-44f1-b961-17f054f5acc6->a435b875-c713-4eb1-95b4-fb05a3567fd6 2026-05-15
moved_snapshot,da092686-81f4-4d43-bc23-25f4ab4b47b2,10581596-010d-46d4-885c-c1a13a13fa08->a435b875-c713-4eb1-95b4-fb05a3567fd6 2026-03-15
moved_snapshot,da092686-81f4-4d43-bc23-25f4ab4b47b2,c7c6ee03-b4d3-4c46-bfd0-56cb52f5a071->a435b875-c713-4eb1-95b4-fb05a3567fd6 2026-01-31
moved_snapshot,da092686-81f4-4d43-bc23-25f4ab4b47b2,aaf0fd84-3844-4136-9c82-956a15a2c955->a435b875-c713-4eb1-95b4-fb05a3567fd6 2026-01-15
moved_snapshot,da092686-81f4-4d43-bc23-25f4ab4b47b2,b669ebae-9fdc-4d17-bd15-7128d048501f->a435b875-c713-4eb1-95b4-fb05a3567fd6 2025-12-15
deleted_scheme,da092686-81f4-4d43-bc23-25f4ab4b47b2,->a435b875-c713-4eb1-95b4-fb05a3567fd6
deleted_scheme,ae77414a-2c06-43ad-aab2-5730df22febb,->a435b875-c713-4eb1-95b4-fb05a3567fd6
deleted_scheme,2cf00c24-4c44-4bd5-a12b-ffa3395f10b6,->a435b875-c713-4eb1-95b4-fb05a3567fd6
deleted_scheme,9f064428-adae-4347-bbe8-d0df7fd9a1a1,->a435b875-c713-4eb1-95b4-fb05a3567fd6
deleted_scheme,40009293-0c95-42a4-85a6-4369ec8538a0,->a435b875-c713-4eb1-95b4-fb05a3567fd6
deleted_snapshot,965baf1f-07d2-44f6-9730-bbcfbc0f8ddb,867dabbc-bb03-434c-ae1c-9aae1d61c8be 2026-02-15
deleted_snapshot,965baf1f-07d2-44f6-9730-bbcfbc0f8ddb,ed551935-7b01-45f1-9d33-19d8d809c8a5 2026-01-31
deleted_snapshot,965baf1f-07d2-44f6-9730-bbcfbc0f8ddb,0b001522-0b7a-4b43-a310-a42930a3beee 2026-04-30
deleted_snapshot,965baf1f-07d2-44f6-9730-bbcfbc0f8ddb,c370b9db-9d09-49b1-aa9d-03ce09d7d287 2026-04-15
deleted_snapshot,965baf1f-07d2-44f6-9730-bbcfbc0f8ddb,07d425ca-5e8f-4133-be29-56487a1e0858 2026-03-31
deleted_snapshot,965baf1f-07d2-44f6-9730-bbcfbc0f8ddb,0ea37abf-cc22-4fdf-9d5c-97b26d054bb5 2026-03-15
deleted_snapshot,965baf1f-07d2-44f6-9730-bbcfbc0f8ddb,1f8a24f9-15c2-4223-b090-4ed8007b6865 2026-02-28
deleted_snapshot,965baf1f-07d2-44f6-9730-bbcfbc0f8ddb,99cbf215-eadc-409e-a144-698cff46d333 2026-01-15
deleted_snapshot,965baf1f-07d2-44f6-9730-bbcfbc0f8ddb,e7f1ddf3-c437-4c3f-8a0b-9cc4cd068ad7 2026-08-15
deleted_snapshot,965baf1f-07d2-44f6-9730-bbcfbc0f8ddb,3e7cfb6f-68ff-4bcc-bc69-a8c1f71c4208 2026-07-31
deleted_snapshot,965baf1f-07d2-44f6-9730-bbcfbc0f8ddb,2d11f82e-adec-4429-bd0b-074a74f19cb1 2026-07-15
deleted_snapshot,965baf1f-07d2-44f6-9730-bbcfbc0f8ddb,baa02901-03f9-4397-a6e8-587139e0ad5c 2026-06-30
deleted_snapshot,965baf1f-07d2-44f6-9730-bbcfbc0f8ddb,1343c497-4b98-45bc-abad-69b9a52cf686 2026-06-15
deleted_snapshot,965baf1f-07d2-44f6-9730-bbcfbc0f8ddb,0feb0b91-96de-4b4c-8a3a-8bc5c3c6bb20 2026-05-31
deleted_snapshot,965baf1f-07d2-44f6-9730-bbcfbc0f8ddb,a8963c5d-1930-45ac-bc4f-9d185b410901 2026-05-15
deleted_snapshot,965baf1f-07d2-44f6-9730-bbcfbc0f8ddb,fcf464ed-c6df-4323-9030-5f56988452bb 2025-12-31
deleted_snapshot,965baf1f-07d2-44f6-9730-bbcfbc0f8ddb,e996c537-3918-43b6-819f-f1bd4ae5071d 2025-12-15
deleted_snapshot,965baf1f-07d2-44f6-9730-bbcfbc0f8ddb,d7cfcb87-7a7e-427d-90b6-53d87e2184f5 2025-11-30
deleted_snapshot,965baf1f-07d2-44f6-9730-bbcfbc0f8ddb,40709921-a68d-49ce-810b-ec058b9b5516 2025-11-15
deleted_snapshot,965baf1f-07d2-44f6-9730-bbcfbc0f8ddb,37dbae25-2110-4dba-8171-8e04e39ef527 2025-10-31
deleted_scheme,965baf1f-07d2-44f6-9730-bbcfbc0f8ddb,->a435b875-c713-4eb1-95b4-fb05a3567fd6
deleted_scheme,7b59fa83-feeb-4ef9-99a2-83409fdc9ae1,->8499364e-7572-4a92-993c-40612dc89413
deleted_scheme,56192c6a-75a8-4dff-b10c-88b13f096a66,->8499364e-7572-4a92-993c-40612dc89413
deleted_scheme,d9d9d896-b810-4424-9553-eee9064fce28,->8499364e-7572-4a92-993c-40612dc89413
deleted_scheme,646953ab-08a3-4c6b-9e8b-098a1496e09f,->d2edbe9d-7343-483d-9815-ed152b0624d7
deleted_scheme,238532dc-a35a-48c4-9919-b6b2f5aaee3b,->d2edbe9d-7343-483d-9815-ed152b0624d7
deleted_scheme,8aa96978-c398-4200-b9f2-056091e1c45e,->d2edbe9d-7343-483d-9815-ed152b0624d7
deleted_scheme,b07582ed-4196-41b5-8bd7-fa175cc6a786,->583baa32-eabb-4beb-8e03-488ac711ef75
deleted_scheme,1ad4bcae-d8ad-4edb-951a-2b205d7356b1,->583baa32-eabb-4beb-8e03-488ac711ef75
deleted_scheme,1d04ce32-8b81-4089-94ea-220847ff6a3c,->583baa32-eabb-4beb-8e03-488ac711ef75
deleted_scheme,45be2b53-3d06-45f3-9d3f-8bed8109bba5,->583baa32-eabb-4beb-8e03-488ac711ef75
deleted_scheme,4eed8849-5472-4624-b32b-7fda485292ac,->583baa32-eabb-4beb-8e03-488ac711ef75
deleted_scheme,1c8d63c2-5490-4566-807d-addf437c9d00,->583baa32-eabb-4beb-8e03-488ac711ef75
deleted_scheme,1a45e63c-c156-47bf-8e2f-86617fb41c86,->583baa32-eabb-4beb-8e03-488ac711ef75
deleted_scheme,e069aa95-ff2e-4692-b351-88241d737e17,->583baa32-eabb-4beb-8e03-488ac711ef75
deleted_scheme,89f25f12-d8f0-4221-b0c8-f4002a7ae47a,->583baa32-eabb-4beb-8e03-488ac711ef75
moved_snapshot,6e840f6d-a28f-49f2-8d37-95158c70ecbb,9fe9f793-14c3-4137-b044-0421e0d765cc->583baa32-eabb-4beb-8e03-488ac711ef75 2025-10-31
deleted_snapshot,6e840f6d-a28f-49f2-8d37-95158c70ecbb,8059d2f9-064e-4b36-8ba8-572519d9d338 2026-07-31
deleted_snapshot,6e840f6d-a28f-49f2-8d37-95158c70ecbb,2f38b760-2647-4bdd-9c6c-c4515125e79a 2026-04-30
moved_snapshot,6e840f6d-a28f-49f2-8d37-95158c70ecbb,9cffa1bd-f97c-4761-814b-9ef4849a96dc->583baa32-eabb-4beb-8e03-488ac711ef75 2026-04-15
moved_snapshot,6e840f6d-a28f-49f2-8d37-95158c70ecbb,9f069d98-f08b-4ab6-a35d-cac9c69a9012->583baa32-eabb-4beb-8e03-488ac711ef75 2026-03-31
moved_snapshot,6e840f6d-a28f-49f2-8d37-95158c70ecbb,1a195c39-242c-49d9-b0d3-f0a269c4b0ab->583baa32-eabb-4beb-8e03-488ac711ef75 2026-03-15
moved_snapshot,6e840f6d-a28f-49f2-8d37-95158c70ecbb,25f0fcbf-a0a8-4574-86d6-d41b64398a5a->583baa32-eabb-4beb-8e03-488ac711ef75 2026-02-28
moved_snapshot,6e840f6d-a28f-49f2-8d37-95158c70ecbb,9a27ae36-c676-4922-90ea-b30c4d783d67->583baa32-eabb-4beb-8e03-488ac711ef75 2025-12-31
moved_snapshot,6e840f6d-a28f-49f2-8d37-95158c70ecbb,749e36d5-21a0-48f3-a6f1-dd2015867c44->583baa32-eabb-4beb-8e03-488ac711ef75 2025-11-30
moved_snapshot,6e840f6d-a28f-49f2-8d37-95158c70ecbb,2b59c682-3d48-4a17-9f43-7a54fdb88c4c->583baa32-eabb-4beb-8e03-488ac711ef75 2025-11-15
deleted_snapshot,6e840f6d-a28f-49f2-8d37-95158c70ecbb,05975de3-f2c4-4a5a-bf88-d29980c69876 2026-08-15
deleted_snapshot,6e840f6d-a28f-49f2-8d37-95158c70ecbb,a7e41abf-e3e8-479b-9533-8f57586ab269 2026-07-15
deleted_snapshot,6e840f6d-a28f-49f2-8d37-95158c70ecbb,fa96658f-f561-44f0-9680-f9873f0c6410 2026-06-30
deleted_snapshot,6e840f6d-a28f-49f2-8d37-95158c70ecbb,3e76fa6c-b2fa-45ca-93db-fc8a1ff7395a 2026-06-15
deleted_snapshot,6e840f6d-a28f-49f2-8d37-95158c70ecbb,d57e378c-fb6f-434d-9ea7-59a034540a34 2026-05-31
deleted_snapshot,6e840f6d-a28f-49f2-8d37-95158c70ecbb,bbbf3f8f-fc12-49e5-8a98-ba0b76d79cef 2026-05-15
moved_snapshot,6e840f6d-a28f-49f2-8d37-95158c70ecbb,e76d7864-9cb2-4d40-b06e-1281aa0f4515->583baa32-eabb-4beb-8e03-488ac711ef75 2026-02-15
moved_snapshot,6e840f6d-a28f-49f2-8d37-95158c70ecbb,6d4b70de-b7e5-41f3-b81c-92b2feb18901->583baa32-eabb-4beb-8e03-488ac711ef75 2026-01-31
moved_snapshot,6e840f6d-a28f-49f2-8d37-95158c70ecbb,22ec4ad0-d0ae-4661-9940-163934b83974->583baa32-eabb-4beb-8e03-488ac711ef75 2026-01-15
moved_snapshot,6e840f6d-a28f-49f2-8d37-95158c70ecbb,276bced9-70f0-42c9-aed7-50a114263be4->583baa32-eabb-4beb-8e03-488ac711ef75 2025-12-15
deleted_scheme,6e840f6d-a28f-49f2-8d37-95158c70ecbb,->583baa32-eabb-4beb-8e03-488ac711ef75
deleted_scheme,3a6b09c5-0575-46b8-9621-479ccf9155d7,->583baa32-eabb-4beb-8e03-488ac711ef75
deleted_snapshot,d8edc81e-2fad-46a1-9146-8b6b50825cf9,37f43b32-d904-4205-b1e5-ab54f48d8157 2026-02-15
deleted_snapshot,d8edc81e-2fad-46a1-9146-8b6b50825cf9,dfecfaf2-d64b-487d-bb9a-83027978490b 2026-01-31
deleted_snapshot,d8edc81e-2fad-46a1-9146-8b6b50825cf9,31b0a4d2-d7b9-4cc9-bc8b-6db0adb48781 2026-05-15
deleted_snapshot,d8edc81e-2fad-46a1-9146-8b6b50825cf9,fe8699d7-26ca-4d14-8db5-dadb75986d37 2026-04-30
deleted_snapshot,d8edc81e-2fad-46a1-9146-8b6b50825cf9,bf3ea8b2-f8fb-4b30-827f-509addf4d9ee 2026-04-15
deleted_snapshot,d8edc81e-2fad-46a1-9146-8b6b50825cf9,d6b4bd08-5122-4dfb-8b5a-7db281469651 2026-03-31
deleted_snapshot,d8edc81e-2fad-46a1-9146-8b6b50825cf9,dad0fe8c-b3e2-47ba-8229-8e8b4ad53b9a 2026-01-15
deleted_snapshot,d8edc81e-2fad-46a1-9146-8b6b50825cf9,197865a6-c8e5-4141-b9bc-5a3c5461b922 2026-03-15
deleted_snapshot,d8edc81e-2fad-46a1-9146-8b6b50825cf9,e59e62a1-3c9e-4d54-9f94-bc959c211689 2026-02-28
deleted_snapshot,d8edc81e-2fad-46a1-9146-8b6b50825cf9,4cdf0151-0148-4d19-9549-d0b86d87221d 2026-08-15
deleted_snapshot,d8edc81e-2fad-46a1-9146-8b6b50825cf9,be0c5b77-9e34-4a37-9c04-cf8c8c12059e 2026-07-31
deleted_snapshot,d8edc81e-2fad-46a1-9146-8b6b50825cf9,7c8dcf52-21e4-409d-918a-a34afa274143 2026-07-15
deleted_snapshot,d8edc81e-2fad-46a1-9146-8b6b50825cf9,221e459f-adad-4e04-97a9-8127b38aaa48 2026-06-30
deleted_snapshot,d8edc81e-2fad-46a1-9146-8b6b50825cf9,088a91b9-0596-47d2-aa3b-719eef690847 2026-06-15
deleted_snapshot,d8edc81e-2fad-46a1-9146-8b6b50825cf9,53bf952e-0cab-4f37-b583-69d71b6be02f 2026-05-31
deleted_snapshot,d8edc81e-2fad-46a1-9146-8b6b50825cf9,b64c73d4-b626-4735-8b59-06c2d9cb2a27 2025-12-31
deleted_snapshot,d8edc81e-2fad-46a1-9146-8b6b50825cf9,1d115c80-b022-4890-b7f4-b74b3a35ddd2 2025-12-15
deleted_snapshot,d8edc81e-2fad-46a1-9146-8b6b50825cf9,d6d08827-8ed2-41f6-82eb-eedfae4f304a 2025-11-30
deleted_snapshot,d8edc81e-2fad-46a1-9146-8b6b50825cf9,7ee18dc5-446c-4387-9c74-936f8c992a1e 2025-11-15
deleted_snapshot,d8edc81e-2fad-46a1-9146-8b6b50825cf9,d26b6ac4-c957-41db-b0e0-1c80ef91dfe3 2025-10-31
deleted_scheme,d8edc81e-2fad-46a1-9146-8b6b50825cf9,->583baa32-eabb-4beb-8e03-488ac711ef75
deleted_scheme,81119561-ddc6-4569-84fb-4f3e17389383,->fc780101-9aae-4c8b-b341-67279033535d
deleted_scheme,83826cd4-0edb-4871-a9bb-b454ce6a207b,->fc780101-9aae-4c8b-b341-67279033535d
deleted_scheme,31fc9138-e5d1-4512-923d-85eaccd20318,->fc780101-9aae-4c8b-b341-67279033535d
deleted_scheme,ffee076a-d42a-4e75-aad4-a333feafa348,->3600f1bd-3441-481b-a567-3f0fb338d15c
deleted_scheme,aea164f0-1432-46aa-aa7d-0b0ef0b45ea4,->3600f1bd-3441-481b-a567-3f0fb338d15c
deleted_scheme,153632a0-3cb5-4637-99f6-aca1c5c18097,->3600f1bd-3441-481b-a567-3f0fb338d15c
deleted_scheme,e17a21c5-0bfa-44fb-8e12-bb28db80e3d9,->3600f1bd-3441-481b-a567-3f0fb338d15c
deleted_scheme,7edd16d6-2e6a-428e-9ddd-04c89d5b71d1,->3600f1bd-3441-481b-a567-3f0fb338d15c
deleted_scheme,a20d4c19-f5aa-4426-95f0-6ff5c5a1bc0e,->3600f1bd-3441-481b-a567-3f0fb338d15c
deleted_scheme,fac0156c-131d-49df-9031-c7fa598bf2f5,->3600f1bd-3441-481b-a567-3f0fb338d15c
deleted_scheme,a725bbdf-2be2-4135-b73f-bb98b9c13279,->a76bc266-0f87-4a26-bb12-72a266839478
deleted_scheme,860a72ce-c3c1-4a0f-9433-a11569a72943,->a76bc266-0f87-4a26-bb12-72a266839478
deleted_scheme,c82dae22-888c-4124-8e3b-c96d702a4932,->a76bc266-0f87-4a26-bb12-72a266839478
deleted_scheme,35489270-98af-44f4-810e-e77adb07ab6d,->664ba483-a404-4e15-9ed1-5e911db1b100
deleted_scheme,5940c55a-063d-4921-a000-a389eb1e64a2,->664ba483-a404-4e15-9ed1-5e911db1b100
deleted_scheme,ecbd84f9-e2f7-4d21-86c2-204d397b0351,->664ba483-a404-4e15-9ed1-5e911db1b100
deleted_snapshot,2c6443f9-ba79-4eda-8e0a-1a55a1847bd6,31bb77ac-a26d-48b2-835d-845880841989 2026-08-15
deleted_snapshot,2c6443f9-ba79-4eda-8e0a-1a55a1847bd6,08f9a25f-1d57-4515-84e2-67abeb8d0ee9 2026-04-30
deleted_snapshot,2c6443f9-ba79-4eda-8e0a-1a55a1847bd6,c49543a6-bc47-471e-ab2d-598de5a75e97 2026-07-31
deleted_snapshot,2c6443f9-ba79-4eda-8e0a-1a55a1847bd6,876047e3-6477-49c5-9e90-1b86c4357abc 2026-07-15
deleted_snapshot,2c6443f9-ba79-4eda-8e0a-1a55a1847bd6,e6290ce6-b829-473c-9bbd-c7cf2375a3ce 2026-06-30
deleted_snapshot,2c6443f9-ba79-4eda-8e0a-1a55a1847bd6,343539df-9d9b-4219-926e-31a642835c94 2026-06-15
deleted_snapshot,2c6443f9-ba79-4eda-8e0a-1a55a1847bd6,94cbe195-344b-4c03-a6ca-655fddebd58d 2026-05-31
deleted_snapshot,2c6443f9-ba79-4eda-8e0a-1a55a1847bd6,e68e22e8-fe59-4082-8b12-063ea4f5208d 2026-05-15
deleted_scheme,2c6443f9-ba79-4eda-8e0a-1a55a1847bd6,->664ba483-a404-4e15-9ed1-5e911db1b100
deleted_scheme,71ca95fc-bfe4-4b03-95c8-69f1ecab74ce,->664ba483-a404-4e15-9ed1-5e911db1b100
deleted_scheme,8ab20c02-ef57-4bb2-8d60-57d4504cd0bf,->664ba483-a404-4e15-9ed1-5e911db1b100
deleted_scheme,de519773-eff4-4212-a92a-fa6a36dbd6b1,->664ba483-a404-4e15-9ed1-5e911db1b100
deleted_snapshot,aa5cecc8-e924-4c4c-81b7-3fb389e01179,1db69206-0ecc-44a4-b7ee-56ea5a9e644d 2026-06-15
deleted_snapshot,aa5cecc8-e924-4c4c-81b7-3fb389e01179,e067d519-e798-482b-beb2-35a6a17a1126 2026-02-15
deleted_snapshot,aa5cecc8-e924-4c4c-81b7-3fb389e01179,5c9a3793-29a8-4d79-81ef-63b552d88775 2026-01-31
deleted_snapshot,aa5cecc8-e924-4c4c-81b7-3fb389e01179,1e537f86-7506-4b20-85c6-5c6bd582c778 2026-05-15
deleted_snapshot,aa5cecc8-e924-4c4c-81b7-3fb389e01179,aa25e2c0-0bae-4e33-a838-7435c1ce85e9 2026-04-15
deleted_snapshot,aa5cecc8-e924-4c4c-81b7-3fb389e01179,2ca1b458-7314-4216-9155-52747a329995 2026-03-31
deleted_snapshot,aa5cecc8-e924-4c4c-81b7-3fb389e01179,450d64dc-44b2-4a23-83c8-04b89022ed13 2026-01-15
deleted_snapshot,aa5cecc8-e924-4c4c-81b7-3fb389e01179,43a8d88c-a6cd-4be3-bc67-809f0ac01dd6 2026-03-15
deleted_snapshot,aa5cecc8-e924-4c4c-81b7-3fb389e01179,fb183185-a706-4c3c-8917-1e8d07f1773e 2026-02-28
deleted_snapshot,aa5cecc8-e924-4c4c-81b7-3fb389e01179,d624b4dd-89f7-4a41-bd69-2d395ec70f5d 2026-08-15
deleted_snapshot,aa5cecc8-e924-4c4c-81b7-3fb389e01179,c04836de-552b-47c7-8001-a52775a1785e 2026-07-31
deleted_snapshot,aa5cecc8-e924-4c4c-81b7-3fb389e01179,4b74a33c-c2ff-4caa-a53b-80c5608e27a1 2026-07-15
deleted_snapshot,aa5cecc8-e924-4c4c-81b7-3fb389e01179,9fd2e38f-9846-4a04-ba4f-f9423d6353dd 2026-06-30
deleted_snapshot,aa5cecc8-e924-4c4c-81b7-3fb389e01179,a13045f9-a79f-451a-86dc-e71c5341d9d6 2026-05-31
deleted_snapshot,aa5cecc8-e924-4c4c-81b7-3fb389e01179,24b64332-4132-43bc-b052-1b60d893fce4 2026-04-30
deleted_snapshot,aa5cecc8-e924-4c4c-81b7-3fb389e01179,c63a5edd-c5d0-4a20-8b4d-9dfc8a0b42a0 2025-12-31
deleted_snapshot,aa5cecc8-e924-4c4c-81b7-3fb389e01179,e8b202f5-7424-48d3-9845-823b0c653d88 2025-12-15
deleted_snapshot,aa5cecc8-e924-4c4c-81b7-3fb389e01179,ecab2ed6-5d1e-4a4f-b891-84721061394d 2025-11-30
deleted_snapshot,aa5cecc8-e924-4c4c-81b7-3fb389e01179,9c1d441e-b2e0-41cf-9873-24177984bdc6 2025-11-15
deleted_snapshot,aa5cecc8-e924-4c4c-81b7-3fb389e01179,123c7735-639a-493a-851f-f1e7a15c4747 2025-10-31
deleted_scheme,aa5cecc8-e924-4c4c-81b7-3fb389e01179,->664ba483-a404-4e15-9ed1-5e911db1b100
deleted_scheme,219e1f92-3774-4c2a-b291-189380fd4c41,->276c0454-018a-4446-bfc3-1a0e79c17cb0
deleted_scheme,de91e7be-09b7-4263-bafc-3aa179b4649d,->276c0454-018a-4446-bfc3-1a0e79c17cb0
deleted_scheme,688fc64c-7ed5-4129-ad50-a4615d1b3694,->276c0454-018a-4446-bfc3-1a0e79c17cb0
deleted_scheme,726e883c-19cf-42c4-9259-734a75076fe7,->276c0454-018a-4446-bfc3-1a0e79c17cb0
deleted_scheme,83724521-ec3c-44d6-b0a9-e9a2765ac4d9,->276c0454-018a-4446-bfc3-1a0e79c17cb0
deleted_scheme,49ccc03e-7c83-460d-aa04-c9769f9f8f5d,->7ed3932a-3120-45d9-8dd0-dd42d7005666
deleted_scheme,a95f4456-2d64-4fc6-affd-8984c81ff335,->022d1c2d-90b2-4196-bc97-51efe1f15357
deleted_scheme,d4f479b8-d2d5-4449-87b8-bf89cea0d6af,->022d1c2d-90b2-4196-bc97-51efe1f15357
deleted_scheme,9b417958-dce5-4650-98b0-6732f4d68c58,->022d1c2d-90b2-4196-bc97-51efe1f15357
deleted_scheme,bed92ca0-5b10-4cc6-bf5d-f15d1faf76eb,->022d1c2d-90b2-4196-bc97-51efe1f15357
deleted_scheme,5cf5271b-a9f3-4a5a-9288-78ad93528463,->022d1c2d-90b2-4196-bc97-51efe1f15357
deleted_scheme,3992f005-a31c-465f-9dca-6cea9623ab56,->d21f8495-7bf1-4c2b-8097-865a0d4765ec
deleted_scheme,9fcdf2f9-5dac-4e1e-b226-a879271d9f39,->d21f8495-7bf1-4c2b-8097-865a0d4765ec
deleted_scheme,b9ee3f4b-e18c-4e21-b838-f71301fa38cc,->d21f8495-7bf1-4c2b-8097-865a0d4765ec
deleted_scheme,9f6d31ba-802d-4125-807a-035c081d026c,->ecc0fd21-c553-493a-b19b-3e1384bf63e3
deleted_scheme,705bbdb8-43b9-4ec1-b64d-c72a6ab63bd0,->3bfd9fe9-fdb9-49d5-9f82-051d7a4e978d
deleted_scheme,ceec8af3-f470-4366-a9b2-7cda6d2406c5,->8e92f967-8bd5-44b2-bdc7-119de2511d57
deleted_scheme,f8fda487-3eee-4529-a383-296e1d60c564,->8e92f967-8bd5-44b2-bdc7-119de2511d57
deleted_scheme,cccfdc4d-5a14-4673-9deb-7b2ffd53c0e1,->8e92f967-8bd5-44b2-bdc7-119de2511d57
deleted_scheme,4f58283e-8151-4cce-b178-12888326a176,->e93dc12a-ab21-4120-b216-ca2f9f2beb06
deleted_scheme,f5fe3654-d4d3-4edc-a5d0-bade79df12bb,->e93dc12a-ab21-4120-b216-ca2f9f2beb06
deleted_scheme,940a6778-42a8-4054-b786-8838e3524e99,->e93dc12a-ab21-4120-b216-ca2f9f2beb06
deleted_scheme,3069f0df-b1c1-4702-baa6-43cd31020c15,->9667cfe8-6268-4820-9799-a500049182e5
deleted_scheme,34dd14e1-ffa2-451d-9901-ec9f32a0a8d0,->9667cfe8-6268-4820-9799-a500049182e5
deleted_scheme,9635d311-ac0d-420f-a0c8-271c1e43fa79,->9667cfe8-6268-4820-9799-a500049182e5
deleted_scheme,17ba5235-37b2-4a78-836d-920aa8cb795d,->c8efd5b6-8769-41e6-ae12-4721180a4560
deleted_scheme,5cc9ef72-f8ff-423d-b847-019eae0a36b4,->c8efd5b6-8769-41e6-ae12-4721180a4560
deleted_scheme,04329207-bde9-4200-a081-fcea3bdcf4d4,->c8efd5b6-8769-41e6-ae12-4721180a4560
deleted_scheme,f35ccdcf-8ca4-4b75-9b23-528559a6de1e,->cfca5627-5170-428d-9901-7495367fc781
deleted_scheme,3788c3e5-e6db-4294-be09-a0568c7dcebf,->cfca5627-5170-428d-9901-7495367fc781
deleted_scheme,421deeec-8d04-4f2d-bd9b-164cb35589ec,->cfca5627-5170-428d-9901-7495367fc781
deleted_scheme,f96c33ad-7606-4b51-87c9-e7b184786947,->729e5feb-f36b-4d5e-933a-ea55015cddad
deleted_scheme,b3d357c0-3e07-4f45-a258-28e5e15ad0a5,->729e5feb-f36b-4d5e-933a-ea55015cddad
deleted_scheme,1787a074-e0ea-44a6-bef3-d3e4f330ca41,->fcdb0707-e96b-4a9f-9d52-d49bb34f022e
deleted_scheme,91d9a4b5-4248-4c43-8aee-9f585c0be480,->fcdb0707-e96b-4a9f-9d52-d49bb34f022e
deleted_scheme,4760c811-c018-4ccc-a148-5a412ae1cce6,->fcdb0707-e96b-4a9f-9d52-d49bb34f022e
deleted_scheme,cf98d576-98a9-474f-8ea8-9f17d07ce26a,->18fb3c39-b8d7-41d1-9758-7bce45195280
deleted_scheme,70ece296-bdc4-4bdc-8f11-bc5356d997f7,->18fb3c39-b8d7-41d1-9758-7bce45195280
deleted_scheme,b67a10fa-5456-45a3-9e2a-26da0ecc0f34,->18fb3c39-b8d7-41d1-9758-7bce45195280
deleted_scheme,4925effe-8563-4ee5-8c7c-71d0f96b9433,->fd30e275-c8f7-405f-bae7-004d59d960ba
deleted_scheme,97851870-54e1-4d05-b6e5-f206fbe97d25,->8314bda4-43eb-4222-9564-229dc713f908
deleted_scheme,70d158d6-41ee-4408-99a2-7c411723f142,->8314bda4-43eb-4222-9564-229dc713f908
deleted_scheme,19ec9d01-a2ed-4fcc-b533-04031dad7506,->8314bda4-43eb-4222-9564-229dc713f908
deleted_scheme,8303b769-c84c-41c0-8caf-59e74aad9b07,->4a0eec7c-8e06-412a-898a-7dc5d8c88651
deleted_scheme,d9e6c72e-e363-4748-bc62-599746436012,->4a0eec7c-8e06-412a-898a-7dc5d8c88651
deleted_scheme,c7f36a58-0e82-4f1e-8735-52d3924313b9,->4a0eec7c-8e06-412a-898a-7dc5d8c88651
deleted_scheme,859245fa-2808-45bc-97bd-395b38e18696,->d3820863-33c8-49bd-9730-b816c96137a5
deleted_scheme,3f881aff-7bf5-4bcd-8ae0-3e2c01fbf9ea,->d3820863-33c8-49bd-9730-b816c96137a5
deleted_scheme,d7ac0d00-d358-4354-a00a-96e9d4afb1e6,->d3820863-33c8-49bd-9730-b816c96137a5
deleted_scheme,652ec492-d1e7-4b7d-a912-e995f09ced81,->f28b9fe6-c25a-4d3e-bc5c-c4e5d5640d30
deleted_scheme,3c924cd2-8b4d-4f5c-802a-8c8b23fb58ae,->f28b9fe6-c25a-4d3e-bc5c-c4e5d5640d30
deleted_scheme,6d11be14-d648-4e19-94b0-87fa7f65dfc9,->f28b9fe6-c25a-4d3e-bc5c-c4e5d5640d30
deleted_scheme,3f7c849f-03f9-4a10-8d30-2919d99b9c85,->81251209-f45c-44da-b73f-761520a27d47
deleted_scheme,31e37fb3-90b6-48a1-91eb-8a63f9a5c964,->81251209-f45c-44da-b73f-761520a27d47
deleted_scheme,b39458f4-f819-4e9f-a95f-b7276f2f16a8,->81251209-f45c-44da-b73f-761520a27d47
deleted_scheme,24fa38e5-02c0-4a87-a0e4-e481cacf9290,->78d7fbcc-2c8b-4f4e-9c14-64968ae2b0ba
deleted_scheme,5b1c3814-ad9d-4a5d-9c87-c06e2eabb17c,->78d7fbcc-2c8b-4f4e-9c14-64968ae2b0ba
deleted_scheme,2c4f572a-0d15-4913-a636-ef7d15e22d46,->78d7fbcc-2c8b-4f4e-9c14-64968ae2b0ba
deleted_scheme,a2a3194d-d6f9-43c8-984f-054161a1171c,->1f4b8611-9fdc-42af-bd6c-31608ea2feb7
deleted_scheme,b4594bb2-28f6-4990-a914-9a66ad47dc98,->1f4b8611-9fdc-42af-bd6c-31608ea2feb7
deleted_scheme,15b02c2e-f51a-4b44-8f2a-5d48321c0656,->1f4b8611-9fdc-42af-bd6c-31608ea2feb7
deleted_snapshot,b07f8708-4204-4414-a941-295f966896d7,80d729d4-63ee-4c95-830f-7b9e666feed7 2026-08-15
deleted_snapshot,b07f8708-4204-4414-a941-295f966896d7,02f51bab-9b23-43e5-b3b5-7c977908a0b4 2026-07-31
deleted_snapshot,b07f8708-4204-4414-a941-295f966896d7,d33f16c4-68fd-4129-8ac5-ca1a0556ac59 2026-04-30
deleted_snapshot,b07f8708-4204-4414-a941-295f966896d7,0bafa476-e806-4304-bed7-ca95c9b4d7ac 2026-04-15
deleted_snapshot,b07f8708-4204-4414-a941-295f966896d7,00a0a7c0-f42f-4cfb-8777-7396b1d8b0dc 2026-03-15
deleted_snapshot,b07f8708-4204-4414-a941-295f966896d7,fc3aed43-1674-4b82-8605-91e579076559 2026-02-28
deleted_snapshot,b07f8708-4204-4414-a941-295f966896d7,3e7a24ba-628b-4bde-972f-41d8b31d4bad 2026-01-31
deleted_snapshot,b07f8708-4204-4414-a941-295f966896d7,6b65eefa-4058-4fa7-a696-856f7b95a824 2025-11-30
deleted_snapshot,b07f8708-4204-4414-a941-295f966896d7,9eb1a69a-e0b5-4e9f-960b-de9ac373d859 2025-11-15
deleted_snapshot,b07f8708-4204-4414-a941-295f966896d7,e897ebe1-657e-45be-ae00-b61adde5a882 2025-10-31
deleted_snapshot,b07f8708-4204-4414-a941-295f966896d7,5a5c83d7-b142-4256-968e-17b45313f54a 2026-07-15
deleted_snapshot,b07f8708-4204-4414-a941-295f966896d7,faf9c260-b508-459f-a449-f382615d2685 2026-06-30
deleted_snapshot,b07f8708-4204-4414-a941-295f966896d7,8d0c1d2a-8a98-4ff5-97cc-a8e59bc9da13 2026-06-15
deleted_snapshot,b07f8708-4204-4414-a941-295f966896d7,7fb7d8f4-b878-4b3c-8965-7ecc0cae8581 2026-05-31
deleted_snapshot,b07f8708-4204-4414-a941-295f966896d7,6b4818f7-834c-4f74-b6b3-0c2b0d6c5b7a 2026-05-15
deleted_snapshot,b07f8708-4204-4414-a941-295f966896d7,8d2d6a3c-2637-42e4-9586-452c9c1e6af7 2026-03-31
deleted_snapshot,b07f8708-4204-4414-a941-295f966896d7,99e44fc1-6e10-4947-879e-fa90fcb00273 2026-02-15
deleted_snapshot,b07f8708-4204-4414-a941-295f966896d7,883c313d-ae01-4b1d-a06f-d7c28a140512 2026-01-15
deleted_snapshot,b07f8708-4204-4414-a941-295f966896d7,8d57979e-e579-44c3-8a75-10298b18ae19 2025-12-31
deleted_snapshot,b07f8708-4204-4414-a941-295f966896d7,2e4a030b-ee23-4d4e-bd1f-b61572e470d8 2025-12-15
deleted_scheme,b07f8708-4204-4414-a941-295f966896d7,->b8b3c1d8-96b5-4742-8a4c-6d9225057f5f
deleted_scheme,46bf70cc-9348-42e2-b428-95644c2b6739,->70f0b763-60c9-4b9d-a4a4-910d3438a8d0
deleted_scheme,b9c4bf82-bd34-4c72-a9e7-9f8cfc2719e2,->70f0b763-60c9-4b9d-a4a4-910d3438a8d0
deleted_scheme,5758ccdf-61c1-401f-8091-bb4bcd031a06,->70f0b763-60c9-4b9d-a4a4-910d3438a8d0
deleted_scheme,5265fbdf-cd7c-4aea-ac22-ce57fe986bbe,->2c3b2c7a-4ba5-4ea2-a7a0-efcfda2027a8
deleted_scheme,48186655-5408-4704-8a0d-0a2c5f9c4af0,->2c3b2c7a-4ba5-4ea2-a7a0-efcfda2027a8
deleted_scheme,29bb05d4-6faf-41d4-9923-05177e2d266e,->2c3b2c7a-4ba5-4ea2-a7a0-efcfda2027a8
deleted_scheme,b8d7d22c-e541-4b93-ad5d-992d97c99838,->3b587b8e-4e1d-4551-b9e4-e79f07309124
deleted_scheme,43100e93-b1b0-48ee-bab4-52fc2bd6cb38,->3b587b8e-4e1d-4551-b9e4-e79f07309124
deleted_scheme,7bd18614-2d34-4015-a4ce-4e95f58df8dc,->3b587b8e-4e1d-4551-b9e4-e79f07309124
deleted_scheme,c834765d-1856-4737-9086-5cd30adc31ef,->a4cec4fb-4375-4994-8259-ac8d96bb636c
deleted_scheme,1349f11b-e43d-42fc-a480-0fa368189201,->a4cec4fb-4375-4994-8259-ac8d96bb636c
deleted_scheme,5c045dd4-21be-4ffb-8d0e-e560b60c30ab,->a4cec4fb-4375-4994-8259-ac8d96bb636c
deleted_scheme,b65c7274-7a05-41b6-b427-5f137793a8cc,->f74216b9-40a2-46f2-b4d3-c2584851b4f2
deleted_scheme,321b8e33-4c01-467b-a1ee-1d802d14b7e4,->f74216b9-40a2-46f2-b4d3-c2584851b4f2
deleted_scheme,1ce993fc-ec17-4ace-8a03-4d531e063da4,->f74216b9-40a2-46f2-b4d3-c2584851b4f2
moved_snapshot,9daff2f0-95a8-40f0-9f0d-a3ec3abc3e14,aefea702-4160-41be-9c85-a891f0041522->f74216b9-40a2-46f2-b4d3-c2584851b4f2 2026-08-15
moved_snapshot,9daff2f0-95a8-40f0-9f0d-a3ec3abc3e14,76a55f70-5eee-42ab-b099-f7f8ae19e758->f74216b9-40a2-46f2-b4d3-c2584851b4f2 2026-07-31
moved_snapshot,9daff2f0-95a8-40f0-9f0d-a3ec3abc3e14,c9f2a287-e206-4df6-ac1b-719b4502bee2->f74216b9-40a2-46f2-b4d3-c2584851b4f2 2026-05-31
moved_snapshot,9daff2f0-95a8-40f0-9f0d-a3ec3abc3e14,b3d75136-5c50-439c-90c6-0538bcf0a2b1->f74216b9-40a2-46f2-b4d3-c2584851b4f2 2026-05-15
moved_snapshot,9daff2f0-95a8-40f0-9f0d-a3ec3abc3e14,0da68f6c-7cb3-4e64-ae6d-a1df01e65ea5->f74216b9-40a2-46f2-b4d3-c2584851b4f2 2026-04-30
moved_snapshot,9daff2f0-95a8-40f0-9f0d-a3ec3abc3e14,dc684fc2-3efa-4123-81f7-b7b84818c726->f74216b9-40a2-46f2-b4d3-c2584851b4f2 2026-03-15
moved_snapshot,9daff2f0-95a8-40f0-9f0d-a3ec3abc3e14,6ce01a58-169a-4e3e-a769-91a48bbf255f->f74216b9-40a2-46f2-b4d3-c2584851b4f2 2026-01-31
moved_snapshot,9daff2f0-95a8-40f0-9f0d-a3ec3abc3e14,51cf6521-7055-4512-a12e-177ce11a7516->f74216b9-40a2-46f2-b4d3-c2584851b4f2 2025-12-15
moved_snapshot,9daff2f0-95a8-40f0-9f0d-a3ec3abc3e14,d9ed2201-2042-481e-9786-57b73c1fe9c5->f74216b9-40a2-46f2-b4d3-c2584851b4f2 2025-11-30
moved_snapshot,9daff2f0-95a8-40f0-9f0d-a3ec3abc3e14,5a4d4b01-6947-4b5c-83a6-4c847234e0dd->f74216b9-40a2-46f2-b4d3-c2584851b4f2 2025-11-15
moved_snapshot,9daff2f0-95a8-40f0-9f0d-a3ec3abc3e14,ace0a956-af35-493f-ad18-84a46a93e9e3->f74216b9-40a2-46f2-b4d3-c2584851b4f2 2025-10-31
moved_snapshot,9daff2f0-95a8-40f0-9f0d-a3ec3abc3e14,de5fba14-769d-494c-aae4-80f2ba17e5bb->f74216b9-40a2-46f2-b4d3-c2584851b4f2 2026-07-15
moved_snapshot,9daff2f0-95a8-40f0-9f0d-a3ec3abc3e14,c14be5da-73c6-445a-95b8-fcdb1098635a->f74216b9-40a2-46f2-b4d3-c2584851b4f2 2026-06-30
moved_snapshot,9daff2f0-95a8-40f0-9f0d-a3ec3abc3e14,74fe7ded-c025-4c10-bcfe-790fd831f505->f74216b9-40a2-46f2-b4d3-c2584851b4f2 2026-06-15
moved_snapshot,9daff2f0-95a8-40f0-9f0d-a3ec3abc3e14,111ee30d-4c4d-40fa-b18b-c89b78e4f655->f74216b9-40a2-46f2-b4d3-c2584851b4f2 2026-04-15
moved_snapshot,9daff2f0-95a8-40f0-9f0d-a3ec3abc3e14,a7acc2d2-ac6b-44e2-b65f-f28c09e1b852->f74216b9-40a2-46f2-b4d3-c2584851b4f2 2026-03-31
moved_snapshot,9daff2f0-95a8-40f0-9f0d-a3ec3abc3e14,b20d36b3-ed2d-44ed-b3a0-d3293a09a639->f74216b9-40a2-46f2-b4d3-c2584851b4f2 2026-02-28
moved_snapshot,9daff2f0-95a8-40f0-9f0d-a3ec3abc3e14,d3d5c36b-08de-48d7-88b0-aca71398396b->f74216b9-40a2-46f2-b4d3-c2584851b4f2 2026-02-15
moved_snapshot,9daff2f0-95a8-40f0-9f0d-a3ec3abc3e14,a5fb821e-b6f7-4ccc-8a38-2f889507cd32->f74216b9-40a2-46f2-b4d3-c2584851b4f2 2026-01-15
moved_snapshot,9daff2f0-95a8-40f0-9f0d-a3ec3abc3e14,2d2b7545-65c5-41c9-8259-156ba4da9bb3->f74216b9-40a2-46f2-b4d3-c2584851b4f2 2025-12-31
deleted_scheme,9daff2f0-95a8-40f0-9f0d-a3ec3abc3e14,->f74216b9-40a2-46f2-b4d3-c2584851b4f2
deleted_scheme,cc961a1b-ceeb-459a-9958-bba8553608db,->50d2e6fb-acd1-424e-8ba7-b124f7dcd95b
deleted_scheme,8b2f9189-65b8-484e-9b80-e077ec371b53,->50d2e6fb-acd1-424e-8ba7-b124f7dcd95b
deleted_scheme,c5944e21-4362-431a-b92a-595cbd7f4501,->50d2e6fb-acd1-424e-8ba7-b124f7dcd95b
deleted_scheme,5a3b6238-a216-40a7-9b9e-f7f5e5662ea2,->d29007da-e2a3-4ac1-9de3-39062af18d85
deleted_scheme,edc6af41-bbaf-4b0c-9fcf-25e40086c21e,->d29007da-e2a3-4ac1-9de3-39062af18d85
deleted_scheme,2db07bf8-8013-45bb-9ff4-57d5712ba854,->d29007da-e2a3-4ac1-9de3-39062af18d85
deleted_scheme,9c372896-1f9a-4795-93c3-3f395376c08d,->6a53f94d-06b8-4b96-a3c6-310bc75dd9e7
deleted_scheme,04df4e05-d4c3-48b6-92d3-a0e7b07e2905,->6a53f94d-06b8-4b96-a3c6-310bc75dd9e7
deleted_scheme,bd93ea3e-8884-45d7-9359-920b2dc98edd,->6a53f94d-06b8-4b96-a3c6-310bc75dd9e7
deleted_scheme,5c0de060-d8d6-432f-9958-5e0ce4be95db,->91df7b6d-ae75-43aa-afa2-922510917376
deleted_scheme,4fcc7821-37ef-4f69-bf37-f0727b0854bf,->91df7b6d-ae75-43aa-afa2-922510917376
deleted_scheme,8b99295a-8460-414d-87e9-4606dff0d5b4,->91df7b6d-ae75-43aa-afa2-922510917376
deleted_scheme,33c43e21-dabc-4967-9a22-dcb96424c98d,->cd20e2d9-c9cf-4f80-9292-8dacaf26153f
deleted_scheme,566e3fc5-fce3-4026-8235-bdc8e07e5a1c,->cd20e2d9-c9cf-4f80-9292-8dacaf26153f
deleted_scheme,88038cfc-9e07-4df2-80b0-796598c42c94,->cd20e2d9-c9cf-4f80-9292-8dacaf26153f
deleted_scheme,afad475c-9d68-4fde-8908-d0a484c23e86,->12e125a9-d29c-43a5-82ce-ac29b923d934
deleted_snapshot,ca4c9b34-e1e7-4df2-bda6-862761f37b75,295d8f13-ff4d-4f79-82e7-f6075927d21f 2026-08-15
deleted_snapshot,ca4c9b34-e1e7-4df2-bda6-862761f37b75,8506f61a-3e50-425d-93ed-9c3a1ef162ad 2026-06-30
deleted_snapshot,ca4c9b34-e1e7-4df2-bda6-862761f37b75,14ce724d-6c70-413c-8613-6846e1b3b786 2026-06-15
deleted_snapshot,ca4c9b34-e1e7-4df2-bda6-862761f37b75,227327e3-0ae4-46d5-8dc5-fb62b847c26c 2026-05-31
deleted_snapshot,ca4c9b34-e1e7-4df2-bda6-862761f37b75,33a074f8-07de-4092-a9e9-c6ff37a4b129 2026-05-15
deleted_snapshot,ca4c9b34-e1e7-4df2-bda6-862761f37b75,841da20d-b482-4efd-98f2-e454c8627af5 2026-03-15
deleted_snapshot,ca4c9b34-e1e7-4df2-bda6-862761f37b75,8b79c51d-1819-43ee-a91f-902e0aa24cdc 2026-01-31
deleted_snapshot,ca4c9b34-e1e7-4df2-bda6-862761f37b75,490b5fbd-f203-4d60-b60d-5706728f369e 2025-11-30
deleted_snapshot,ca4c9b34-e1e7-4df2-bda6-862761f37b75,b02f4468-954d-4570-b1a4-c360bf809c91 2025-10-31
deleted_snapshot,ca4c9b34-e1e7-4df2-bda6-862761f37b75,35e4ddb4-f6c5-4a84-bc89-282af9b40a55 2026-07-31
deleted_snapshot,ca4c9b34-e1e7-4df2-bda6-862761f37b75,23ac0588-1c84-43a0-aef6-1e7e2b80de65 2026-07-15
deleted_snapshot,ca4c9b34-e1e7-4df2-bda6-862761f37b75,262c3c47-7711-4c4a-9c7c-93368f5928a9 2026-04-15
deleted_snapshot,ca4c9b34-e1e7-4df2-bda6-862761f37b75,10ccb66a-27fd-44cd-829b-96b2f1f32078 2026-03-31
deleted_snapshot,ca4c9b34-e1e7-4df2-bda6-862761f37b75,528ec6f0-827d-418e-9b79-aa877b305b57 2026-02-28
deleted_snapshot,ca4c9b34-e1e7-4df2-bda6-862761f37b75,5260aea7-f355-4292-921b-57ad5af81ba0 2026-02-15
deleted_snapshot,ca4c9b34-e1e7-4df2-bda6-862761f37b75,6c5c9c82-446d-481e-902a-730876e9698e 2026-01-15
deleted_snapshot,ca4c9b34-e1e7-4df2-bda6-862761f37b75,30b6bd2d-6e8c-4244-a41d-6e5c462fd8ef 2025-12-31
deleted_scheme,ca4c9b34-e1e7-4df2-bda6-862761f37b75,->26aa5c83-67c3-4272-8de8-a2890233ab17
deleted_scheme,32771163-7ca4-41af-9604-7bb5686a845f,->26aa5c83-67c3-4272-8de8-a2890233ab17
deleted_scheme,889c8d27-7b03-40cc-bb8d-8305e652965b,->26aa5c83-67c3-4272-8de8-a2890233ab17
moved_snapshot,d2d4e42b-0e45-4982-9e8e-d58b0aeaaba7,908768f0-31e1-4c72-89db-6d4b39019478->de59ed1a-0c74-4d61-b71a-f88071d0f27f 2026-08-15
moved_snapshot,d2d4e42b-0e45-4982-9e8e-d58b0aeaaba7,84c3fc56-2a64-4722-96f9-e4855106a55c->de59ed1a-0c74-4d61-b71a-f88071d0f27f 2026-06-30
moved_snapshot,d2d4e42b-0e45-4982-9e8e-d58b0aeaaba7,fd90e287-777c-4319-bdfb-52c5dd0a90c5->de59ed1a-0c74-4d61-b71a-f88071d0f27f 2026-06-15
moved_snapshot,d2d4e42b-0e45-4982-9e8e-d58b0aeaaba7,4d12c534-b0c7-43d0-bfc1-a6681ef783d2->de59ed1a-0c74-4d61-b71a-f88071d0f27f 2026-05-31
moved_snapshot,d2d4e42b-0e45-4982-9e8e-d58b0aeaaba7,df7d672f-4e56-426e-986a-bab1fa02268b->de59ed1a-0c74-4d61-b71a-f88071d0f27f 2026-05-15
moved_snapshot,d2d4e42b-0e45-4982-9e8e-d58b0aeaaba7,dfa3d4b4-8d8f-4ec9-82f2-acc33b35b41a->de59ed1a-0c74-4d61-b71a-f88071d0f27f 2026-03-15
moved_snapshot,d2d4e42b-0e45-4982-9e8e-d58b0aeaaba7,9f553e14-80b6-4c9f-984c-71f795683d2a->de59ed1a-0c74-4d61-b71a-f88071d0f27f 2026-02-15
moved_snapshot,d2d4e42b-0e45-4982-9e8e-d58b0aeaaba7,e49de539-1313-4d97-848a-3ba929b616fe->de59ed1a-0c74-4d61-b71a-f88071d0f27f 2026-01-31
moved_snapshot,d2d4e42b-0e45-4982-9e8e-d58b0aeaaba7,6282c0ae-04f1-4eca-93d8-c2dc8507abf8->de59ed1a-0c74-4d61-b71a-f88071d0f27f 2025-12-15
moved_snapshot,d2d4e42b-0e45-4982-9e8e-d58b0aeaaba7,0608db4d-e8d8-42fa-9917-099544f3c5a6->de59ed1a-0c74-4d61-b71a-f88071d0f27f 2025-11-15
moved_snapshot,d2d4e42b-0e45-4982-9e8e-d58b0aeaaba7,6779c931-fe47-46df-8dcb-16173d9e0059->de59ed1a-0c74-4d61-b71a-f88071d0f27f 2025-10-31
moved_snapshot,d2d4e42b-0e45-4982-9e8e-d58b0aeaaba7,8230ab16-3f56-4609-b180-ba61de1b124a->de59ed1a-0c74-4d61-b71a-f88071d0f27f 2026-07-31
moved_snapshot,d2d4e42b-0e45-4982-9e8e-d58b0aeaaba7,888125af-9551-46aa-88f4-d3471bad27fa->de59ed1a-0c74-4d61-b71a-f88071d0f27f 2026-07-15
moved_snapshot,d2d4e42b-0e45-4982-9e8e-d58b0aeaaba7,b1acdb58-361c-4ec4-b7ef-ca1c549d024e->de59ed1a-0c74-4d61-b71a-f88071d0f27f 2026-04-30
moved_snapshot,d2d4e42b-0e45-4982-9e8e-d58b0aeaaba7,0b48d622-16ce-42bb-a5fb-73527b508768->de59ed1a-0c74-4d61-b71a-f88071d0f27f 2026-04-15
moved_snapshot,d2d4e42b-0e45-4982-9e8e-d58b0aeaaba7,8ce78125-6e1d-4cb1-bdc9-08409bd9f545->de59ed1a-0c74-4d61-b71a-f88071d0f27f 2026-03-31
moved_snapshot,d2d4e42b-0e45-4982-9e8e-d58b0aeaaba7,566ca85d-4d9c-4173-8758-329b9ac64699->de59ed1a-0c74-4d61-b71a-f88071d0f27f 2026-02-28
moved_snapshot,d2d4e42b-0e45-4982-9e8e-d58b0aeaaba7,27127e19-a15f-459c-a54e-5bae6d79e550->de59ed1a-0c74-4d61-b71a-f88071d0f27f 2026-01-15
moved_snapshot,d2d4e42b-0e45-4982-9e8e-d58b0aeaaba7,1a46589b-b008-4cbd-92a0-0d82552b0615->de59ed1a-0c74-4d61-b71a-f88071d0f27f 2025-12-31
moved_snapshot,d2d4e42b-0e45-4982-9e8e-d58b0aeaaba7,fc0ddc49-d583-4f10-bb89-fa421788572f->de59ed1a-0c74-4d61-b71a-f88071d0f27f 2025-11-30
deleted_scheme,d2d4e42b-0e45-4982-9e8e-d58b0aeaaba7,->de59ed1a-0c74-4d61-b71a-f88071d0f27f
deleted_scheme,db9d6f12-aabb-47de-9a6c-c0474bcc8d4a,->de59ed1a-0c74-4d61-b71a-f88071d0f27f
deleted_scheme,527e8dc2-1b04-43d9-acf8-f8b8058544e8,->de59ed1a-0c74-4d61-b71a-f88071d0f27f
deleted_snapshot,d38c0aa5-ac53-4d03-b799-3e3835297750,306b3b50-7522-4797-89e5-de999f675521 2026-06-15
deleted_snapshot,d38c0aa5-ac53-4d03-b799-3e3835297750,290b2c77-11dc-44ab-a9dc-bb22e02a0679 2026-02-15
deleted_snapshot,d38c0aa5-ac53-4d03-b799-3e3835297750,23174fc3-e612-4189-b8b8-e15c22064d46 2026-01-31
deleted_snapshot,d38c0aa5-ac53-4d03-b799-3e3835297750,2266048b-ed3f-497f-9d26-201577cdca2b 2026-05-15
deleted_snapshot,d38c0aa5-ac53-4d03-b799-3e3835297750,b7001c79-2225-4cf4-a615-00f313c30567 2026-04-15
deleted_snapshot,d38c0aa5-ac53-4d03-b799-3e3835297750,c2a59cc0-b81e-4a28-9975-e02e2c71910b 2026-03-31
deleted_snapshot,d38c0aa5-ac53-4d03-b799-3e3835297750,809a8a05-cad6-4393-9b5d-417506aae8a3 2025-12-31
deleted_snapshot,d38c0aa5-ac53-4d03-b799-3e3835297750,67e981a0-9e3a-4097-8755-70a4dc83a5f3 2026-03-15
deleted_snapshot,d38c0aa5-ac53-4d03-b799-3e3835297750,43cca325-35e0-46d7-8f23-0c67e0a2ce81 2025-12-15
deleted_snapshot,d38c0aa5-ac53-4d03-b799-3e3835297750,2d65e4eb-7052-4f47-95d6-1f756e5f8553 2025-11-30
deleted_snapshot,d38c0aa5-ac53-4d03-b799-3e3835297750,4ca690fa-cb28-462f-8b82-dc79062faac5 2025-11-15
deleted_snapshot,d38c0aa5-ac53-4d03-b799-3e3835297750,4e158ca2-4f60-498d-9ddd-b2492c77b9a6 2026-02-28
deleted_snapshot,d38c0aa5-ac53-4d03-b799-3e3835297750,025ba607-4b96-4278-aa73-b1acd9cff248 2026-01-15
deleted_snapshot,d38c0aa5-ac53-4d03-b799-3e3835297750,f2021129-6b5a-4bf5-ac09-b143999bda77 2026-08-15
deleted_snapshot,d38c0aa5-ac53-4d03-b799-3e3835297750,3454c332-df0d-4982-b4a3-9c1b502d281a 2026-07-31
deleted_snapshot,d38c0aa5-ac53-4d03-b799-3e3835297750,63384d5f-e0e4-4a65-b98a-8494c035af31 2026-07-15
deleted_snapshot,d38c0aa5-ac53-4d03-b799-3e3835297750,975cce04-4198-4f47-9209-502cd5f1f55a 2026-06-30
deleted_snapshot,d38c0aa5-ac53-4d03-b799-3e3835297750,99e77044-9fc7-42f1-9d8a-86679e81b0a7 2026-05-31
deleted_snapshot,d38c0aa5-ac53-4d03-b799-3e3835297750,49b9a7f8-1059-4ed7-8c52-421b22371605 2026-04-30
deleted_snapshot,d38c0aa5-ac53-4d03-b799-3e3835297750,a3bd981b-255a-41b2-a061-8fb8b86525c9 2025-10-31
deleted_scheme,d38c0aa5-ac53-4d03-b799-3e3835297750,->de59ed1a-0c74-4d61-b71a-f88071d0f27f
deleted_scheme,645b6c3f-f5c1-4d86-b13b-e770beb2398d,->fbe68a9d-26dc-40a4-9ac7-ba359b24a43e
deleted_scheme,699588f3-8db9-4e10-842d-c96eb54571b4,->fbe68a9d-26dc-40a4-9ac7-ba359b24a43e
deleted_scheme,faaca1ef-aeb4-4b99-b9bb-4e11ee4eb073,->fbe68a9d-26dc-40a4-9ac7-ba359b24a43e
moved_snapshot,63e0372c-6dd1-4f45-8dde-5c7017fe5d76,1894da06-d697-44da-9519-9880fe210d62->fbe68a9d-26dc-40a4-9ac7-ba359b24a43e 2025-10-31
moved_snapshot,63e0372c-6dd1-4f45-8dde-5c7017fe5d76,2e753948-a01d-4aec-ac02-7725e380b9b7->fbe68a9d-26dc-40a4-9ac7-ba359b24a43e 2026-08-15
moved_snapshot,63e0372c-6dd1-4f45-8dde-5c7017fe5d76,2f38562c-4900-41b2-8db6-c8284ec6b274->fbe68a9d-26dc-40a4-9ac7-ba359b24a43e 2026-06-30
moved_snapshot,63e0372c-6dd1-4f45-8dde-5c7017fe5d76,56f6af53-5028-4bf4-a38d-01bed845928e->fbe68a9d-26dc-40a4-9ac7-ba359b24a43e 2026-06-15
moved_snapshot,63e0372c-6dd1-4f45-8dde-5c7017fe5d76,222eafbe-55c9-46a8-a77e-313a98215eb4->fbe68a9d-26dc-40a4-9ac7-ba359b24a43e 2026-05-31
moved_snapshot,63e0372c-6dd1-4f45-8dde-5c7017fe5d76,2f8dc747-8d21-4ea4-9437-cad7ea1c777f->fbe68a9d-26dc-40a4-9ac7-ba359b24a43e 2026-05-15
moved_snapshot,63e0372c-6dd1-4f45-8dde-5c7017fe5d76,8a2a7364-4683-4065-afd9-890d821df323->fbe68a9d-26dc-40a4-9ac7-ba359b24a43e 2026-02-15
moved_snapshot,63e0372c-6dd1-4f45-8dde-5c7017fe5d76,7b800a03-4530-443c-9a31-4c1e542569ea->fbe68a9d-26dc-40a4-9ac7-ba359b24a43e 2026-01-31
moved_snapshot,63e0372c-6dd1-4f45-8dde-5c7017fe5d76,91600c25-9224-4e2e-b4ac-03aa708ef094->fbe68a9d-26dc-40a4-9ac7-ba359b24a43e 2025-12-31
moved_snapshot,63e0372c-6dd1-4f45-8dde-5c7017fe5d76,67c669ac-ab08-4ac2-bdcc-08d8c2692972->fbe68a9d-26dc-40a4-9ac7-ba359b24a43e 2025-12-15
moved_snapshot,63e0372c-6dd1-4f45-8dde-5c7017fe5d76,b02a0850-f7d0-4983-aeaa-390fdec1832a->fbe68a9d-26dc-40a4-9ac7-ba359b24a43e 2025-11-15
moved_snapshot,63e0372c-6dd1-4f45-8dde-5c7017fe5d76,970ac5a8-20c0-4e83-ac29-64a8a3b5b2c6->fbe68a9d-26dc-40a4-9ac7-ba359b24a43e 2026-07-31
moved_snapshot,63e0372c-6dd1-4f45-8dde-5c7017fe5d76,d4212fb3-835b-453b-83ac-242806438557->fbe68a9d-26dc-40a4-9ac7-ba359b24a43e 2026-07-15
moved_snapshot,63e0372c-6dd1-4f45-8dde-5c7017fe5d76,cfae3142-8f0b-4cb4-a0a0-7d1601c6fe4b->fbe68a9d-26dc-40a4-9ac7-ba359b24a43e 2026-04-30
moved_snapshot,63e0372c-6dd1-4f45-8dde-5c7017fe5d76,9a66b7d2-ccd2-4267-8e69-a6c6670a575a->fbe68a9d-26dc-40a4-9ac7-ba359b24a43e 2026-04-15
moved_snapshot,63e0372c-6dd1-4f45-8dde-5c7017fe5d76,2e28444e-e16c-4882-87c6-34d0ad3b82ea->fbe68a9d-26dc-40a4-9ac7-ba359b24a43e 2026-03-31
moved_snapshot,63e0372c-6dd1-4f45-8dde-5c7017fe5d76,1b1fd123-1596-46fc-b77f-eb7535aa1f1b->fbe68a9d-26dc-40a4-9ac7-ba359b24a43e 2026-03-15
moved_snapshot,63e0372c-6dd1-4f45-8dde-5c7017fe5d76,da01c541-6596-48f1-baad-36f1856ad48d->fbe68a9d-26dc-40a4-9ac7-ba359b24a43e 2026-02-28
moved_snapshot,63e0372c-6dd1-4f45-8dde-5c7017fe5d76,19df2ada-10b3-4f0b-9228-0234689d53c8->fbe68a9d-26dc-40a4-9ac7-ba359b24a43e 2026-01-15
moved_snapshot,63e0372c-6dd1-4f45-8dde-5c7017fe5d76,59e5579c-5281-4be5-8b36-a60b01038511->fbe68a9d-26dc-40a4-9ac7-ba359b24a43e 2025-11-30
deleted_scheme,63e0372c-6dd1-4f45-8dde-5c7017fe5d76,->fbe68a9d-26dc-40a4-9ac7-ba359b24a43e
deleted_scheme,4b32b1c1-a02d-4e42-a4a9-15045c5f5df3,->b12e835f-2cca-45a7-975f-88cc364edbb5
deleted_scheme,ecc6f9fb-6d3f-4d2a-9111-2833628ef5b7,->b12e835f-2cca-45a7-975f-88cc364edbb5
deleted_scheme,5d8568a9-9870-4821-aec0-104198681e80,->b12e835f-2cca-45a7-975f-88cc364edbb5
deleted_snapshot,dbb80926-5e14-4d67-afcb-1a0ff44a202a,9b2f9dd2-d7e9-4d01-9474-83fedfffee2d 2026-02-15
deleted_snapshot,dbb80926-5e14-4d67-afcb-1a0ff44a202a,3f6e0964-bdd9-46fb-bcd4-270f04af0bd3 2026-06-30
deleted_snapshot,dbb80926-5e14-4d67-afcb-1a0ff44a202a,8cf82237-e056-478d-9034-af36e044477d 2026-01-31
deleted_snapshot,dbb80926-5e14-4d67-afcb-1a0ff44a202a,841af68d-1055-4237-8a33-f5a5a79e1b1d 2026-04-15
deleted_snapshot,dbb80926-5e14-4d67-afcb-1a0ff44a202a,e6da3c98-e905-4b3e-a632-2634a4137a03 2026-03-31
deleted_snapshot,dbb80926-5e14-4d67-afcb-1a0ff44a202a,a62cc9bc-3b62-43ee-8871-74e188052a16 2025-12-31
deleted_snapshot,dbb80926-5e14-4d67-afcb-1a0ff44a202a,78ca3606-7e59-4ecc-981e-85548123e3dc 2025-12-15
deleted_snapshot,dbb80926-5e14-4d67-afcb-1a0ff44a202a,e05f889a-59eb-4ea0-a4ad-dad95e9df468 2026-03-15
deleted_snapshot,dbb80926-5e14-4d67-afcb-1a0ff44a202a,5299d725-7772-4845-b35b-5343d53d8787 2025-11-30
deleted_snapshot,dbb80926-5e14-4d67-afcb-1a0ff44a202a,606a15ef-4fd9-4f09-b49c-a562ba0b5f91 2025-11-15
deleted_snapshot,dbb80926-5e14-4d67-afcb-1a0ff44a202a,362ae936-2847-46b2-a83b-1c48f730e9f1 2026-02-28
deleted_snapshot,dbb80926-5e14-4d67-afcb-1a0ff44a202a,1f97e82f-7c86-49fa-9832-5b6bca0b0f9f 2025-10-31
deleted_snapshot,dbb80926-5e14-4d67-afcb-1a0ff44a202a,623470ad-b9ea-460a-91b2-fd9087b126c1 2026-01-15
deleted_snapshot,dbb80926-5e14-4d67-afcb-1a0ff44a202a,f3109404-8b51-4363-b5e7-031b6281230e 2026-08-15
deleted_snapshot,dbb80926-5e14-4d67-afcb-1a0ff44a202a,b36346c0-922a-4cc5-978f-1e30cc34a6da 2026-07-31
deleted_snapshot,dbb80926-5e14-4d67-afcb-1a0ff44a202a,7db6912f-91bc-4eb4-92dd-2e3b5dc884f7 2026-07-15
deleted_snapshot,dbb80926-5e14-4d67-afcb-1a0ff44a202a,bf4bf23d-6dde-46e5-868f-b841a0d0df0b 2026-06-15
deleted_snapshot,dbb80926-5e14-4d67-afcb-1a0ff44a202a,669966fe-ae26-4606-82a0-daa3d1693c46 2026-05-31
deleted_snapshot,dbb80926-5e14-4d67-afcb-1a0ff44a202a,be701d6b-5a52-4c56-8ca6-260f68371024 2026-05-15
deleted_snapshot,dbb80926-5e14-4d67-afcb-1a0ff44a202a,9f080077-cc8b-4cdd-b7ba-41848225ee2d 2026-04-30
deleted_scheme,dbb80926-5e14-4d67-afcb-1a0ff44a202a,->b12e835f-2cca-45a7-975f-88cc364edbb5
deleted_scheme,4a5cec4a-6702-4f7a-abe5-369a80f041ed,->10bf78e7-d124-449b-b2df-5423dcc5fefa
deleted_scheme,79c9a7ae-33c7-4127-ae41-c3a1c5778e61,->10bf78e7-d124-449b-b2df-5423dcc5fefa
deleted_scheme,1f65cff4-d6f1-4ce0-8ccc-528e3e34e8fd,->10bf78e7-d124-449b-b2df-5423dcc5fefa
deleted_scheme,c0f42ec0-b9c8-461b-89b7-d24a8bf746de,->f47ce174-c8d5-46e8-89a5-6004c24f1ca7
deleted_scheme,0b3608c7-b80f-4dad-afcc-dc12abe7598c,->f47ce174-c8d5-46e8-89a5-6004c24f1ca7
deleted_scheme,2edbfb65-2918-404a-8f52-f476fe5d82ea,->f47ce174-c8d5-46e8-89a5-6004c24f1ca7
deleted_scheme,34db98eb-693a-4914-90e5-7694258c8a7f,->72569bf6-14a8-4d38-8ecb-6f4b96c0638d
deleted_scheme,4543ff12-c5c8-45cf-b2a0-700b4932dd74,->72569bf6-14a8-4d38-8ecb-6f4b96c0638d
deleted_scheme,597555db-4586-4c7b-b410-61837b725352,->72569bf6-14a8-4d38-8ecb-6f4b96c0638d
deleted_scheme,f9779350-9ea1-4fa6-a01f-fdc14ce7b8ef,->72569bf6-14a8-4d38-8ecb-6f4b96c0638d
deleted_scheme,cc543095-f2a0-4afd-87f5-09c22b5aa13d,->72569bf6-14a8-4d38-8ecb-6f4b96c0638d
deleted_scheme,933930eb-c095-44c3-8148-1802893c0bd7,->72569bf6-14a8-4d38-8ecb-6f4b96c0638d
deleted_scheme,919a7762-8224-428c-9f79-f4dc760862f9,->72569bf6-14a8-4d38-8ecb-6f4b96c0638d
deleted_scheme,c7c1413d-4db7-46dc-b8c9-f8ff8e7e354c,->72569bf6-14a8-4d38-8ecb-6f4b96c0638d
deleted_scheme,bcb126c7-50ba-4de5-914e-f29cc0472ab6,->72569bf6-14a8-4d38-8ecb-6f4b96c0638d
moved_snapshot,575b67b7-277c-4406-b49a-59f2c5e928fd,23d11007-5bfb-4b87-b527-bd429db0eded->72569bf6-14a8-4d38-8ecb-6f4b96c0638d 2025-10-31
moved_snapshot,575b67b7-277c-4406-b49a-59f2c5e928fd,36ee8c2c-7fa8-4c4d-8f4f-4e5db8e0aca0->72569bf6-14a8-4d38-8ecb-6f4b96c0638d 2026-07-15
moved_snapshot,575b67b7-277c-4406-b49a-59f2c5e928fd,88e80277-8c11-441e-aca1-b86cf0d96f51->72569bf6-14a8-4d38-8ecb-6f4b96c0638d 2026-06-30
moved_snapshot,575b67b7-277c-4406-b49a-59f2c5e928fd,54603116-bb9a-4723-888e-16c208f1149e->72569bf6-14a8-4d38-8ecb-6f4b96c0638d 2026-06-15
moved_snapshot,575b67b7-277c-4406-b49a-59f2c5e928fd,8261bddc-eb65-460b-a895-47270c013e0d->72569bf6-14a8-4d38-8ecb-6f4b96c0638d 2026-05-15
moved_snapshot,575b67b7-277c-4406-b49a-59f2c5e928fd,80c09c7c-3cf8-4203-ac63-bce19cd56005->72569bf6-14a8-4d38-8ecb-6f4b96c0638d 2026-04-15
moved_snapshot,575b67b7-277c-4406-b49a-59f2c5e928fd,19c1539c-819c-4401-b444-f209c0c8721e->72569bf6-14a8-4d38-8ecb-6f4b96c0638d 2026-03-31
moved_snapshot,575b67b7-277c-4406-b49a-59f2c5e928fd,ff60dd4d-86b1-4c15-b97b-a4bec4cd0cf4->72569bf6-14a8-4d38-8ecb-6f4b96c0638d 2026-02-15
moved_snapshot,575b67b7-277c-4406-b49a-59f2c5e928fd,ef6b3fb9-cc12-4678-9244-dd48a2247521->72569bf6-14a8-4d38-8ecb-6f4b96c0638d 2026-01-15
moved_snapshot,575b67b7-277c-4406-b49a-59f2c5e928fd,7c1338f1-2c84-4de8-9759-3a69034bf6e9->72569bf6-14a8-4d38-8ecb-6f4b96c0638d 2025-12-31
moved_snapshot,575b67b7-277c-4406-b49a-59f2c5e928fd,0b2c9e68-a83e-4ec7-9d6b-25eb747bbb77->72569bf6-14a8-4d38-8ecb-6f4b96c0638d 2025-12-15
moved_snapshot,575b67b7-277c-4406-b49a-59f2c5e928fd,3a29349d-96f6-4a3b-a148-88762f6c5581->72569bf6-14a8-4d38-8ecb-6f4b96c0638d 2025-11-30
moved_snapshot,575b67b7-277c-4406-b49a-59f2c5e928fd,106b29ea-4b83-4285-bd2e-b9bd5d7bb6e8->72569bf6-14a8-4d38-8ecb-6f4b96c0638d 2025-11-15
moved_snapshot,575b67b7-277c-4406-b49a-59f2c5e928fd,6a42e714-7bf1-46d0-a4cd-7dcd56f48b91->72569bf6-14a8-4d38-8ecb-6f4b96c0638d 2026-08-15
moved_snapshot,575b67b7-277c-4406-b49a-59f2c5e928fd,4a82b8e6-e0b4-4964-80ad-b63bb0d66643->72569bf6-14a8-4d38-8ecb-6f4b96c0638d 2026-07-31
moved_snapshot,575b67b7-277c-4406-b49a-59f2c5e928fd,cf3544f6-45b4-41c0-8b01-15f113d187d5->72569bf6-14a8-4d38-8ecb-6f4b96c0638d 2026-05-31
moved_snapshot,575b67b7-277c-4406-b49a-59f2c5e928fd,30497556-4473-4cf6-a8f2-0734cfbf90e7->72569bf6-14a8-4d38-8ecb-6f4b96c0638d 2026-04-30
moved_snapshot,575b67b7-277c-4406-b49a-59f2c5e928fd,fc27ef3e-57e4-4d3c-80a7-88018435a369->72569bf6-14a8-4d38-8ecb-6f4b96c0638d 2026-03-15
moved_snapshot,575b67b7-277c-4406-b49a-59f2c5e928fd,f2624c7d-2179-4bab-bfac-0051a13fa0a1->72569bf6-14a8-4d38-8ecb-6f4b96c0638d 2026-02-28
moved_snapshot,575b67b7-277c-4406-b49a-59f2c5e928fd,27d37329-ef68-4377-8e9b-1a15c93c0a2a->72569bf6-14a8-4d38-8ecb-6f4b96c0638d 2026-01-31
deleted_scheme,575b67b7-277c-4406-b49a-59f2c5e928fd,->72569bf6-14a8-4d38-8ecb-6f4b96c0638d
deleted_snapshot,c31725e1-a968-4aff-b6ee-ec22399e1545,70a2205c-8731-4766-b6d2-d77e86a3102c 2026-02-15
deleted_snapshot,c31725e1-a968-4aff-b6ee-ec22399e1545,c0c9e727-f4b7-4f44-9463-5677d1c0050d 2026-06-30
deleted_snapshot,c31725e1-a968-4aff-b6ee-ec22399e1545,1fb1a51e-4625-4584-83b8-af84f09c88a4 2026-01-31
deleted_snapshot,c31725e1-a968-4aff-b6ee-ec22399e1545,b10de3cd-7122-4c7a-8fbc-f51d5e59891d 2026-04-15
deleted_snapshot,c31725e1-a968-4aff-b6ee-ec22399e1545,366a929f-f30e-4308-b0db-4ba7c86cb909 2026-03-31
deleted_snapshot,c31725e1-a968-4aff-b6ee-ec22399e1545,2f57c276-741b-4b85-a83f-9e57f9667b59 2026-03-15
deleted_snapshot,c31725e1-a968-4aff-b6ee-ec22399e1545,c3eab25f-15f3-4ad6-9cd3-eab6e8e088a7 2026-02-28
deleted_snapshot,c31725e1-a968-4aff-b6ee-ec22399e1545,85dfb86d-81f4-4c85-91df-ec6091a7817d 2026-01-15
deleted_snapshot,c31725e1-a968-4aff-b6ee-ec22399e1545,4b446c3b-8bc5-4886-9846-8432d40b16b1 2026-08-15
deleted_snapshot,c31725e1-a968-4aff-b6ee-ec22399e1545,d8b2021e-5ce7-4909-9ce8-5b4c9440f57d 2026-07-31
deleted_snapshot,c31725e1-a968-4aff-b6ee-ec22399e1545,916151f6-a01e-4b35-894a-5f0d77f6ed72 2026-07-15
deleted_snapshot,c31725e1-a968-4aff-b6ee-ec22399e1545,bded9d37-85cd-406e-a4a1-76265bcab9d3 2026-06-15
deleted_snapshot,c31725e1-a968-4aff-b6ee-ec22399e1545,ff83a38c-eb47-4e8e-95ab-24c9bdd0e8f3 2026-05-31
deleted_snapshot,c31725e1-a968-4aff-b6ee-ec22399e1545,9aae1d9b-59b3-4446-9ea8-5d10c9bfacd6 2026-05-15
deleted_snapshot,c31725e1-a968-4aff-b6ee-ec22399e1545,7a08f676-7632-44e0-9d9b-935bc61494e3 2026-04-30
deleted_snapshot,c31725e1-a968-4aff-b6ee-ec22399e1545,5ec27d5c-07b4-47a6-95bf-21f7ade5f477 2025-12-31
deleted_snapshot,c31725e1-a968-4aff-b6ee-ec22399e1545,70d46d14-168e-407b-8c92-6b7a9be7e14f 2025-12-15
deleted_snapshot,c31725e1-a968-4aff-b6ee-ec22399e1545,42e30fef-1bdb-4050-9ced-8474c561706e 2025-11-30
deleted_snapshot,c31725e1-a968-4aff-b6ee-ec22399e1545,d86da294-6496-4150-93cc-3aa66a66197d 2025-11-15
deleted_snapshot,c31725e1-a968-4aff-b6ee-ec22399e1545,1ad6648c-d799-4906-a400-1950b6dfa0c5 2025-10-31
deleted_scheme,c31725e1-a968-4aff-b6ee-ec22399e1545,->72569bf6-14a8-4d38-8ecb-6f4b96c0638d
deleted_scheme,271a5990-ef8b-4091-b530-4a0e15b5cf1b,->b917f0fa-7019-4718-b418-97c22df44e39
deleted_scheme,ec5183fd-8734-4fdd-9609-277d3d925453,->b917f0fa-7019-4718-b418-97c22df44e39
deleted_scheme,6ef0e22d-a513-4901-a6a0-3e794f3a08e4,->b917f0fa-7019-4718-b418-97c22df44e39
deleted_scheme,818c29cc-5c15-430b-89a8-a149ef01bcde,->c7235371-557d-4544-9a3f-26dfed171f04
deleted_scheme,6fca9cdb-21e7-46b1-9b0a-66cd4be4ae27,->c7235371-557d-4544-9a3f-26dfed171f04
deleted_scheme,a4bb7ad6-3690-4c65-a842-6226aa9166d1,->c7235371-557d-4544-9a3f-26dfed171f04
deleted_scheme,75bebb89-f890-4cb6-82d2-133836ae019f,->283ffc27-422b-46a5-9e7d-50f80423032e
deleted_scheme,3f394a1d-30f1-4304-8a3f-a06e9d389152,->283ffc27-422b-46a5-9e7d-50f80423032e
deleted_scheme,9a21dc41-c2d7-4d37-ad39-31aab53a13bb,->283ffc27-422b-46a5-9e7d-50f80423032e
deleted_scheme,5f609c9f-521e-4fe3-aea9-43d3eb5d321b,->2ecf1aa9-4772-41dc-8201-2c9f24d61a78
deleted_scheme,7739da12-68e1-4d3b-b172-7f30f0f89a88,->2ecf1aa9-4772-41dc-8201-2c9f24d61a78
deleted_scheme,215d364e-cfaa-4873-b57d-07cdbb38ab5f,->2ecf1aa9-4772-41dc-8201-2c9f24d61a78
deleted_scheme,cfedf7d7-69f0-466b-9e1b-da66ee4a8238,->7a04f6e9-307b-4d20-b0c9-12052e324b8a
deleted_scheme,c804f9f4-49a8-4e4e-bc25-c45404a2c2d1,->7a04f6e9-307b-4d20-b0c9-12052e324b8a
deleted_scheme,70a3f8b0-6f4c-48d3-bec2-bf620de5fc49,->7a04f6e9-307b-4d20-b0c9-12052e324b8a
deleted_scheme,c638db70-c786-45cb-a0a1-b9d404f59f3b,->8b28b1d3-9e1b-49be-bb6b-4dd04b5f2f80
deleted_scheme,b2698f73-7137-447f-a8cf-c1b5a53e1219,->8b28b1d3-9e1b-49be-bb6b-4dd04b5f2f80
deleted_scheme,21be483d-9934-4728-b927-4b6002bb6691,->8b28b1d3-9e1b-49be-bb6b-4dd04b5f2f80
deleted_scheme,f5855d18-aa4c-412e-afb4-51b5d33c3fcc,->8b28b1d3-9e1b-49be-bb6b-4dd04b5f2f80
deleted_scheme,6a3989ee-8f4c-4083-9aaa-876b4e887241,->8b28b1d3-9e1b-49be-bb6b-4dd04b5f2f80
deleted_scheme,6ef2db9f-f4bf-4d74-9079-30b217cbcf8a,->8b28b1d3-9e1b-49be-bb6b-4dd04b5f2f80
deleted_scheme,61c63f15-123e-4104-9bd4-fcba3e2a0f35,->8b28b1d3-9e1b-49be-bb6b-4dd04b5f2f80
moved_snapshot,622ebaa0-c98a-4bdf-86fa-8f6caca4f48f,1abf49d2-50c4-4ff0-b36c-4882498777dd->8b28b1d3-9e1b-49be-bb6b-4dd04b5f2f80 2025-10-31
moved_snapshot,622ebaa0-c98a-4bdf-86fa-8f6caca4f48f,2fb6c459-1c7f-4497-9da6-5500c8e872b5->8b28b1d3-9e1b-49be-bb6b-4dd04b5f2f80 2026-07-15
moved_snapshot,622ebaa0-c98a-4bdf-86fa-8f6caca4f48f,d890f448-3dbe-438b-893d-8b0bca92b8a2->8b28b1d3-9e1b-49be-bb6b-4dd04b5f2f80 2026-06-30
moved_snapshot,622ebaa0-c98a-4bdf-86fa-8f6caca4f48f,a4082ff9-0f4e-4f6a-b40e-7c3fb072f3df->8b28b1d3-9e1b-49be-bb6b-4dd04b5f2f80 2026-06-15
moved_snapshot,622ebaa0-c98a-4bdf-86fa-8f6caca4f48f,bc438cab-df87-47a3-8f4e-540aa747a3af->8b28b1d3-9e1b-49be-bb6b-4dd04b5f2f80 2026-05-15
moved_snapshot,622ebaa0-c98a-4bdf-86fa-8f6caca4f48f,7f541c3b-85ef-44d5-b255-dd55f72a886b->8b28b1d3-9e1b-49be-bb6b-4dd04b5f2f80 2026-04-15
moved_snapshot,622ebaa0-c98a-4bdf-86fa-8f6caca4f48f,0966a435-ba15-4b6b-a900-00c74daad508->8b28b1d3-9e1b-49be-bb6b-4dd04b5f2f80 2026-03-31
moved_snapshot,622ebaa0-c98a-4bdf-86fa-8f6caca4f48f,e4df8765-5e63-492f-b377-dba57b8119ab->8b28b1d3-9e1b-49be-bb6b-4dd04b5f2f80 2026-02-28
moved_snapshot,622ebaa0-c98a-4bdf-86fa-8f6caca4f48f,15a69581-ff1e-4d29-bca3-7873d0da7736->8b28b1d3-9e1b-49be-bb6b-4dd04b5f2f80 2026-02-15
moved_snapshot,622ebaa0-c98a-4bdf-86fa-8f6caca4f48f,d52b0ba9-4f3f-4d39-86c7-dfa160e1949c->8b28b1d3-9e1b-49be-bb6b-4dd04b5f2f80 2026-01-15
moved_snapshot,622ebaa0-c98a-4bdf-86fa-8f6caca4f48f,103607a3-4723-4565-b948-802ff95ec896->8b28b1d3-9e1b-49be-bb6b-4dd04b5f2f80 2025-12-31
moved_snapshot,622ebaa0-c98a-4bdf-86fa-8f6caca4f48f,8c16b220-8868-47e9-b462-5f860c392e78->8b28b1d3-9e1b-49be-bb6b-4dd04b5f2f80 2025-11-30
moved_snapshot,622ebaa0-c98a-4bdf-86fa-8f6caca4f48f,ad998d41-4c56-47a5-8994-b356d4c6a298->8b28b1d3-9e1b-49be-bb6b-4dd04b5f2f80 2025-11-15
moved_snapshot,622ebaa0-c98a-4bdf-86fa-8f6caca4f48f,dcbbafb8-8442-48b9-8daa-175d49e8bd44->8b28b1d3-9e1b-49be-bb6b-4dd04b5f2f80 2026-08-15
moved_snapshot,622ebaa0-c98a-4bdf-86fa-8f6caca4f48f,00740c1c-d453-4d65-b6bd-9d516970290f->8b28b1d3-9e1b-49be-bb6b-4dd04b5f2f80 2026-07-31
moved_snapshot,622ebaa0-c98a-4bdf-86fa-8f6caca4f48f,fb7370a9-93c3-4175-9fda-c02d3318faf2->8b28b1d3-9e1b-49be-bb6b-4dd04b5f2f80 2026-05-31
moved_snapshot,622ebaa0-c98a-4bdf-86fa-8f6caca4f48f,3e516cb5-698b-4f84-9591-b1025b2e40d6->8b28b1d3-9e1b-49be-bb6b-4dd04b5f2f80 2026-04-30
moved_snapshot,622ebaa0-c98a-4bdf-86fa-8f6caca4f48f,de375279-1b3e-4b97-8094-838727fa0816->8b28b1d3-9e1b-49be-bb6b-4dd04b5f2f80 2026-03-15
moved_snapshot,622ebaa0-c98a-4bdf-86fa-8f6caca4f48f,248e7151-16f0-488f-9425-2d106864e74c->8b28b1d3-9e1b-49be-bb6b-4dd04b5f2f80 2026-01-31
moved_snapshot,622ebaa0-c98a-4bdf-86fa-8f6caca4f48f,783a9479-3ccd-4c61-acef-0333ecda0e33->8b28b1d3-9e1b-49be-bb6b-4dd04b5f2f80 2025-12-15
deleted_scheme,622ebaa0-c98a-4bdf-86fa-8f6caca4f48f,->8b28b1d3-9e1b-49be-bb6b-4dd04b5f2f80
deleted_scheme,71b8000c-8304-4ea3-937c-9dadc2991b9e,->50d55c42-dfed-45fe-8113-922d5d78e08a
deleted_scheme,92388113-a135-4b2e-b4a2-cca30ff11acb,->50d55c42-dfed-45fe-8113-922d5d78e08a
deleted_scheme,7f13ff3d-5597-4817-9a36-9345a098b663,->50d55c42-dfed-45fe-8113-922d5d78e08a
deleted_scheme,d31732dd-0d12-40fc-8f0b-e5b2196b381b,->f4429856-9ece-4baf-89bf-da7c7395bc7f
deleted_scheme,0c90c6e1-f8e5-4e01-823d-4f7a98d725bc,->f4429856-9ece-4baf-89bf-da7c7395bc7f
moved_snapshot,b1640dc6-6b78-45d8-b5f6-66ced24720c9,d3269724-c795-41e6-b41e-f6e95be90639->f4429856-9ece-4baf-89bf-da7c7395bc7f 2025-10-31
moved_snapshot,b1640dc6-6b78-45d8-b5f6-66ced24720c9,d214f4ba-9526-4cf8-965b-63a106ada0b8->f4429856-9ece-4baf-89bf-da7c7395bc7f 2026-07-31
moved_snapshot,b1640dc6-6b78-45d8-b5f6-66ced24720c9,cacfd640-1d01-45d1-95d0-bf4f36b37492->f4429856-9ece-4baf-89bf-da7c7395bc7f 2026-07-15
moved_snapshot,b1640dc6-6b78-45d8-b5f6-66ced24720c9,cddd9e10-c564-41f8-8db2-363e9e4b055f->f4429856-9ece-4baf-89bf-da7c7395bc7f 2026-06-15
moved_snapshot,b1640dc6-6b78-45d8-b5f6-66ced24720c9,6ce1d881-6890-4ae9-9eb6-91c535c2cfa7->f4429856-9ece-4baf-89bf-da7c7395bc7f 2026-05-15
moved_snapshot,b1640dc6-6b78-45d8-b5f6-66ced24720c9,1a1ebf1f-4abf-4abc-b329-da91a3b06f37->f4429856-9ece-4baf-89bf-da7c7395bc7f 2026-04-15
moved_snapshot,b1640dc6-6b78-45d8-b5f6-66ced24720c9,e71bccfe-21fa-4df5-954b-9ab9b61f8ab3->f4429856-9ece-4baf-89bf-da7c7395bc7f 2026-03-31
moved_snapshot,b1640dc6-6b78-45d8-b5f6-66ced24720c9,4360de68-e2b9-41be-acca-528daf0bd20e->f4429856-9ece-4baf-89bf-da7c7395bc7f 2026-02-28
moved_snapshot,b1640dc6-6b78-45d8-b5f6-66ced24720c9,ad977a32-1c05-445d-a4f2-8fc4ebc2d186->f4429856-9ece-4baf-89bf-da7c7395bc7f 2026-02-15
moved_snapshot,b1640dc6-6b78-45d8-b5f6-66ced24720c9,dba62e86-410a-41c8-a6fe-3127d34f5589->f4429856-9ece-4baf-89bf-da7c7395bc7f 2026-01-15
moved_snapshot,b1640dc6-6b78-45d8-b5f6-66ced24720c9,0b34c9fb-e503-4c70-89e5-82ab0e0b05bb->f4429856-9ece-4baf-89bf-da7c7395bc7f 2025-12-31
moved_snapshot,b1640dc6-6b78-45d8-b5f6-66ced24720c9,9ff60524-b8d8-4c59-b0d9-42df8507198f->f4429856-9ece-4baf-89bf-da7c7395bc7f 2025-11-30
moved_snapshot,b1640dc6-6b78-45d8-b5f6-66ced24720c9,6e22d6ee-da87-48e1-b586-1eb23623be72->f4429856-9ece-4baf-89bf-da7c7395bc7f 2026-08-15
moved_snapshot,b1640dc6-6b78-45d8-b5f6-66ced24720c9,e365a259-7e54-4ae7-a5a9-6e2641e0ed51->f4429856-9ece-4baf-89bf-da7c7395bc7f 2026-06-30
moved_snapshot,b1640dc6-6b78-45d8-b5f6-66ced24720c9,1a4c2a6d-29aa-4256-b23d-ed1433caeaf1->f4429856-9ece-4baf-89bf-da7c7395bc7f 2026-05-31
moved_snapshot,b1640dc6-6b78-45d8-b5f6-66ced24720c9,c33846e3-4404-4220-bbca-fe2e82b26b56->f4429856-9ece-4baf-89bf-da7c7395bc7f 2026-04-30
moved_snapshot,b1640dc6-6b78-45d8-b5f6-66ced24720c9,aca16cd5-c977-41cd-85a2-a873efc5439f->f4429856-9ece-4baf-89bf-da7c7395bc7f 2026-03-15
moved_snapshot,b1640dc6-6b78-45d8-b5f6-66ced24720c9,48a435eb-1394-4151-ab53-d5be82074b66->f4429856-9ece-4baf-89bf-da7c7395bc7f 2026-01-31
moved_snapshot,b1640dc6-6b78-45d8-b5f6-66ced24720c9,05145049-8a90-4638-b65b-f4a7767744a4->f4429856-9ece-4baf-89bf-da7c7395bc7f 2025-12-15
moved_snapshot,b1640dc6-6b78-45d8-b5f6-66ced24720c9,82bdfcbc-55ef-444f-8bd5-fd367195e754->f4429856-9ece-4baf-89bf-da7c7395bc7f 2025-11-15
deleted_scheme,b1640dc6-6b78-45d8-b5f6-66ced24720c9,->f4429856-9ece-4baf-89bf-da7c7395bc7f
deleted_snapshot,d40c7d98-358f-4511-8875-0d598556dba5,46213c92-96d2-4685-92ef-e55ef29def87 2026-07-31
deleted_snapshot,d40c7d98-358f-4511-8875-0d598556dba5,503ae4a1-8e5e-4c47-9bd3-871c88b84f80 2026-02-15
deleted_snapshot,d40c7d98-358f-4511-8875-0d598556dba5,14e71298-dba0-4f0b-8f56-9c57d9dc52ae 2026-07-15
deleted_snapshot,d40c7d98-358f-4511-8875-0d598556dba5,f8eb49f1-cc94-4aeb-a67c-6dea210be6ec 2026-01-31
deleted_snapshot,d40c7d98-358f-4511-8875-0d598556dba5,0ac649fc-965c-470f-a687-3d4f8dad3e43 2026-05-15
deleted_snapshot,d40c7d98-358f-4511-8875-0d598556dba5,2e5c3dc0-368a-4986-8da4-2b5218073cfa 2026-04-30
deleted_snapshot,d40c7d98-358f-4511-8875-0d598556dba5,2d802037-2862-4807-9b05-b76e592c3731 2026-04-15
deleted_snapshot,d40c7d98-358f-4511-8875-0d598556dba5,e3071ff8-b9bd-4059-b5d3-9d78399a20d9 2026-03-31
deleted_snapshot,d40c7d98-358f-4511-8875-0d598556dba5,850362fd-3811-48b5-9445-f9db63305c26 2026-03-15
deleted_snapshot,d40c7d98-358f-4511-8875-0d598556dba5,5a0f5a5d-ab06-44f6-8717-d682933b0ce2 2026-02-28
deleted_snapshot,d40c7d98-358f-4511-8875-0d598556dba5,0d5d85ac-27d6-429d-ae63-ed2f8858194e 2026-01-15
deleted_snapshot,d40c7d98-358f-4511-8875-0d598556dba5,9cf6ff02-411c-4639-b01b-ec38c1a8ec27 2026-08-15
deleted_snapshot,d40c7d98-358f-4511-8875-0d598556dba5,c2e1efb7-370b-463b-b0de-f5317ef5d117 2026-06-30
deleted_snapshot,d40c7d98-358f-4511-8875-0d598556dba5,947d68d3-43dc-4195-8d31-f5da2b52e3c3 2026-06-15
deleted_snapshot,d40c7d98-358f-4511-8875-0d598556dba5,be891d6e-bede-4cb7-96c2-b2bb00c2a0c8 2026-05-31
deleted_snapshot,d40c7d98-358f-4511-8875-0d598556dba5,39ac33ed-b05a-46e2-9011-b2e5839f72f4 2025-12-31
deleted_snapshot,d40c7d98-358f-4511-8875-0d598556dba5,c0cf97e9-43df-4048-a870-f6b0f88c507d 2025-12-15
deleted_snapshot,d40c7d98-358f-4511-8875-0d598556dba5,3ca430f4-a25f-4533-9b58-2d52bf30adac 2025-11-30
deleted_snapshot,d40c7d98-358f-4511-8875-0d598556dba5,44a49c3e-7e01-4373-b40b-18d0a6e9a3c3 2025-11-15
deleted_snapshot,d40c7d98-358f-4511-8875-0d598556dba5,b84921d7-31e0-4a9a-b9e7-2d7736dfdd9f 2025-10-31
deleted_scheme,d40c7d98-358f-4511-8875-0d598556dba5,->f4429856-9ece-4baf-89bf-da7c7395bc7f
moved_snapshot,4f429f48-087c-4a6a-9c92-d612c9db971a,9a862e48-8147-41c0-8a49-2611ce9c73b0->464a9111-3c92-4c09-bafd-f7a71b9d5a28 2025-10-31
moved_snapshot,4f429f48-087c-4a6a-9c92-d612c9db971a,a76f341f-6425-42b9-95d8-65410f82df5e->464a9111-3c92-4c09-bafd-f7a71b9d5a28 2026-07-31
moved_snapshot,4f429f48-087c-4a6a-9c92-d612c9db971a,e6e63ea1-0198-4cee-873e-540df644b5d5->464a9111-3c92-4c09-bafd-f7a71b9d5a28 2026-07-15
moved_snapshot,4f429f48-087c-4a6a-9c92-d612c9db971a,44cf4963-8260-4816-b2a2-f79b8299e44a->464a9111-3c92-4c09-bafd-f7a71b9d5a28 2026-06-15
moved_snapshot,4f429f48-087c-4a6a-9c92-d612c9db971a,dbf551e2-e25d-4610-a361-a551b998f361->464a9111-3c92-4c09-bafd-f7a71b9d5a28 2026-04-30
moved_snapshot,4f429f48-087c-4a6a-9c92-d612c9db971a,fb8921e0-fbb3-4c2c-8082-550a08bf927f->464a9111-3c92-4c09-bafd-f7a71b9d5a28 2026-04-15
moved_snapshot,4f429f48-087c-4a6a-9c92-d612c9db971a,75a46933-dec1-4764-8b7b-2847491cf594->464a9111-3c92-4c09-bafd-f7a71b9d5a28 2026-03-31
moved_snapshot,4f429f48-087c-4a6a-9c92-d612c9db971a,bf568ce9-7c93-4698-80fa-485b44477df1->464a9111-3c92-4c09-bafd-f7a71b9d5a28 2026-02-28
moved_snapshot,4f429f48-087c-4a6a-9c92-d612c9db971a,24965685-0044-44a2-b65f-49759b05059f->464a9111-3c92-4c09-bafd-f7a71b9d5a28 2026-02-15
moved_snapshot,4f429f48-087c-4a6a-9c92-d612c9db971a,f3d3aa4b-ee11-4ea7-96b2-aad5d680ef6b->464a9111-3c92-4c09-bafd-f7a71b9d5a28 2026-01-15
moved_snapshot,4f429f48-087c-4a6a-9c92-d612c9db971a,2fbd1a29-607d-4c42-b1ba-78cae6bcf80a->464a9111-3c92-4c09-bafd-f7a71b9d5a28 2025-12-31
moved_snapshot,4f429f48-087c-4a6a-9c92-d612c9db971a,ee888b0b-6c25-4ec8-b196-fa81be95827b->464a9111-3c92-4c09-bafd-f7a71b9d5a28 2025-11-30
moved_snapshot,4f429f48-087c-4a6a-9c92-d612c9db971a,52c5e922-a956-4317-9411-a7f7b859b01f->464a9111-3c92-4c09-bafd-f7a71b9d5a28 2026-08-15
moved_snapshot,4f429f48-087c-4a6a-9c92-d612c9db971a,c0151426-bcb8-4555-a43f-403e8542ead5->464a9111-3c92-4c09-bafd-f7a71b9d5a28 2026-06-30
moved_snapshot,4f429f48-087c-4a6a-9c92-d612c9db971a,6d761172-2648-4512-ad91-eded6bc061f6->464a9111-3c92-4c09-bafd-f7a71b9d5a28 2026-05-31
moved_snapshot,4f429f48-087c-4a6a-9c92-d612c9db971a,a52db6ba-1a58-4c9b-b483-36bcc64a58d8->464a9111-3c92-4c09-bafd-f7a71b9d5a28 2026-05-15
moved_snapshot,4f429f48-087c-4a6a-9c92-d612c9db971a,2cc9e373-31fa-4b1a-9692-e6565ad86c4e->464a9111-3c92-4c09-bafd-f7a71b9d5a28 2026-03-15
moved_snapshot,4f429f48-087c-4a6a-9c92-d612c9db971a,dd7066d0-a132-4d6c-bb2d-0044183c4cb8->464a9111-3c92-4c09-bafd-f7a71b9d5a28 2026-01-31
moved_snapshot,4f429f48-087c-4a6a-9c92-d612c9db971a,74b62d7a-ebe8-4c14-9373-d2ba4060f16a->464a9111-3c92-4c09-bafd-f7a71b9d5a28 2025-12-15
moved_snapshot,4f429f48-087c-4a6a-9c92-d612c9db971a,6635d5ff-1568-4d29-9494-1c445e2fc90d->464a9111-3c92-4c09-bafd-f7a71b9d5a28 2025-11-15
deleted_scheme,4f429f48-087c-4a6a-9c92-d612c9db971a,->464a9111-3c92-4c09-bafd-f7a71b9d5a28
deleted_scheme,472dc666-f35b-468c-a22a-ede04b7d75ba,->464a9111-3c92-4c09-bafd-f7a71b9d5a28
deleted_scheme,deba9ac7-252d-4e31-ae96-15759cdca1d3,->464a9111-3c92-4c09-bafd-f7a71b9d5a28
deleted_snapshot,53124c6a-8134-4ae7-a1c4-7f431cd78c02,3062ae6e-c6b4-437b-80b2-b0024ba6d98c 2026-07-31
deleted_snapshot,53124c6a-8134-4ae7-a1c4-7f431cd78c02,b1ddc212-23a5-494b-92a7-a4c45fa02b42 2026-02-15
deleted_snapshot,53124c6a-8134-4ae7-a1c4-7f431cd78c02,84816a59-fc64-4803-b136-d4cf1b547c0d 2026-07-15
deleted_snapshot,53124c6a-8134-4ae7-a1c4-7f431cd78c02,d925afc8-003c-4852-83b2-756effb73e15 2026-01-31
deleted_snapshot,53124c6a-8134-4ae7-a1c4-7f431cd78c02,c57da99a-206e-471c-823b-bbe9922916c9 2026-05-15
deleted_snapshot,53124c6a-8134-4ae7-a1c4-7f431cd78c02,5280b714-3ead-4523-9626-11cc5bffd9b2 2026-04-30
deleted_snapshot,53124c6a-8134-4ae7-a1c4-7f431cd78c02,1c164f90-c8e4-4188-af84-6a1b65bd5804 2026-04-15
deleted_snapshot,53124c6a-8134-4ae7-a1c4-7f431cd78c02,182512ca-dbd3-4661-92af-d5edbb02036a 2026-03-31
deleted_snapshot,53124c6a-8134-4ae7-a1c4-7f431cd78c02,abb6713c-2f63-403a-886b-9c10eaf7f36b 2026-03-15
deleted_snapshot,53124c6a-8134-4ae7-a1c4-7f431cd78c02,5cb84e91-891c-4e3d-a7f0-c79b0215b132 2026-02-28
deleted_snapshot,53124c6a-8134-4ae7-a1c4-7f431cd78c02,5d69581e-711d-4c93-9819-0c33a4a18175 2026-01-15
deleted_snapshot,53124c6a-8134-4ae7-a1c4-7f431cd78c02,d36a9c3c-521a-455b-919b-bc29cea88502 2026-08-15
deleted_snapshot,53124c6a-8134-4ae7-a1c4-7f431cd78c02,45bfc3b7-8943-46d6-9260-693dcac6e51e 2026-06-30
deleted_snapshot,53124c6a-8134-4ae7-a1c4-7f431cd78c02,36b03c53-3d6f-45d9-a832-0775dd236b6c 2026-06-15
deleted_snapshot,53124c6a-8134-4ae7-a1c4-7f431cd78c02,b624a58c-1863-4de8-b14c-7436b68a04e2 2026-05-31
deleted_snapshot,53124c6a-8134-4ae7-a1c4-7f431cd78c02,c7ad051b-aa26-4c00-98c4-c610022a5e60 2025-12-31
deleted_snapshot,53124c6a-8134-4ae7-a1c4-7f431cd78c02,124c4b2f-b3f4-4756-be4a-9ff10078f24b 2025-12-15
deleted_snapshot,53124c6a-8134-4ae7-a1c4-7f431cd78c02,f022f67f-fc3c-449f-9d32-45bdd0427900 2025-11-30
deleted_snapshot,53124c6a-8134-4ae7-a1c4-7f431cd78c02,c1f9562a-71aa-4dcb-a427-37dd80c38f43 2025-11-15
deleted_snapshot,53124c6a-8134-4ae7-a1c4-7f431cd78c02,8acde5a0-e668-433e-b78e-06494f0f04b0 2025-10-31
deleted_scheme,53124c6a-8134-4ae7-a1c4-7f431cd78c02,->464a9111-3c92-4c09-bafd-f7a71b9d5a28
deleted_scheme,9a844693-4d46-4602-94e7-abf4ccb55409,->f2f02e4a-88e6-4201-b06b-3c8448474d9f
deleted_scheme,9a300c72-2986-4ba0-a199-20707de2bf7c,->f2f02e4a-88e6-4201-b06b-3c8448474d9f
deleted_scheme,45ca525e-70db-49f1-ba9f-1253e338132b,->f2f02e4a-88e6-4201-b06b-3c8448474d9f
deleted_scheme,ac70e38e-f1d6-4f55-973b-65a927b0536d,->da1e211d-85b7-48d6-830a-738d2910528b
deleted_scheme,f5fa8bc4-8987-48bf-949c-84b6c1859907,->48a8c38a-38cf-4993-b38b-76199c33d12d
deleted_scheme,5f995ffc-39a2-44fd-996d-a899c0adfc70,->48a8c38a-38cf-4993-b38b-76199c33d12d
deleted_scheme,03cf18db-0d37-440b-a0b0-cc84b0d82897,->48a8c38a-38cf-4993-b38b-76199c33d12d
moved_snapshot,e192fc0e-be95-4e03-b4ed-bb5b3ad69899,fa6957db-90ff-4f54-84bc-73d484b5f359->2d869b45-f50f-4597-945d-fe508d1ef37a 2025-10-31
moved_snapshot,e192fc0e-be95-4e03-b4ed-bb5b3ad69899,993acfd7-53ce-407b-8994-a3ec4bc5c853->2d869b45-f50f-4597-945d-fe508d1ef37a 2026-07-31
moved_snapshot,e192fc0e-be95-4e03-b4ed-bb5b3ad69899,92183c8b-3863-41a7-bcd6-22f4fc6ff1e1->2d869b45-f50f-4597-945d-fe508d1ef37a 2026-07-15
moved_snapshot,e192fc0e-be95-4e03-b4ed-bb5b3ad69899,729700ec-bd2b-4447-8a29-0e8f4c52f8cb->2d869b45-f50f-4597-945d-fe508d1ef37a 2026-04-30
moved_snapshot,e192fc0e-be95-4e03-b4ed-bb5b3ad69899,2df4dbe9-2598-4a5e-8cf6-b574a03a532e->2d869b45-f50f-4597-945d-fe508d1ef37a 2026-04-15
moved_snapshot,e192fc0e-be95-4e03-b4ed-bb5b3ad69899,bedab2a6-cacd-46dc-8824-99f4888e8b8f->2d869b45-f50f-4597-945d-fe508d1ef37a 2026-03-31
moved_snapshot,e192fc0e-be95-4e03-b4ed-bb5b3ad69899,60e1b2da-8443-4e23-9263-23e15bbdc682->2d869b45-f50f-4597-945d-fe508d1ef37a 2026-03-15
moved_snapshot,e192fc0e-be95-4e03-b4ed-bb5b3ad69899,108b360a-8156-41b6-ba04-63de422bd32c->2d869b45-f50f-4597-945d-fe508d1ef37a 2026-02-28
moved_snapshot,e192fc0e-be95-4e03-b4ed-bb5b3ad69899,b8800d98-1c21-45c7-8d18-4334faf2bb29->2d869b45-f50f-4597-945d-fe508d1ef37a 2026-01-15
moved_snapshot,e192fc0e-be95-4e03-b4ed-bb5b3ad69899,3e09c6d3-5941-4f21-b81e-9521ee0ff529->2d869b45-f50f-4597-945d-fe508d1ef37a 2025-12-31
moved_snapshot,e192fc0e-be95-4e03-b4ed-bb5b3ad69899,4787c707-37ea-4e37-b90e-11e724391ff5->2d869b45-f50f-4597-945d-fe508d1ef37a 2025-11-30
moved_snapshot,e192fc0e-be95-4e03-b4ed-bb5b3ad69899,595fc445-fa9f-4864-9ca1-8d6a049a36a3->2d869b45-f50f-4597-945d-fe508d1ef37a 2026-08-15
moved_snapshot,e192fc0e-be95-4e03-b4ed-bb5b3ad69899,8219348a-3d7d-4e8a-b218-5fdad0d052f3->2d869b45-f50f-4597-945d-fe508d1ef37a 2026-06-30
moved_snapshot,e192fc0e-be95-4e03-b4ed-bb5b3ad69899,c0890018-b2a8-40be-898f-e846c84d3960->2d869b45-f50f-4597-945d-fe508d1ef37a 2026-06-15
moved_snapshot,e192fc0e-be95-4e03-b4ed-bb5b3ad69899,9ac7b175-61f9-4a3e-8d53-17143eaa6129->2d869b45-f50f-4597-945d-fe508d1ef37a 2026-05-31
moved_snapshot,e192fc0e-be95-4e03-b4ed-bb5b3ad69899,b1273994-b696-46e1-9b39-a81e049abbd0->2d869b45-f50f-4597-945d-fe508d1ef37a 2026-05-15
moved_snapshot,e192fc0e-be95-4e03-b4ed-bb5b3ad69899,6880d145-ffd4-438b-ae1c-d73a79ca16ea->2d869b45-f50f-4597-945d-fe508d1ef37a 2026-02-15
moved_snapshot,e192fc0e-be95-4e03-b4ed-bb5b3ad69899,8f134afa-cc87-426e-b03c-8daf4f9cfee1->2d869b45-f50f-4597-945d-fe508d1ef37a 2026-01-31
moved_snapshot,e192fc0e-be95-4e03-b4ed-bb5b3ad69899,0b038486-15b3-4321-b676-87ce7a75c21f->2d869b45-f50f-4597-945d-fe508d1ef37a 2025-12-15
moved_snapshot,e192fc0e-be95-4e03-b4ed-bb5b3ad69899,00569649-f5c5-4517-898a-ea705dcad4c0->2d869b45-f50f-4597-945d-fe508d1ef37a 2025-11-15
deleted_scheme,e192fc0e-be95-4e03-b4ed-bb5b3ad69899,->2d869b45-f50f-4597-945d-fe508d1ef37a
deleted_scheme,edeb1af4-5aff-4764-afa5-391ac7afa87e,->2d869b45-f50f-4597-945d-fe508d1ef37a
deleted_scheme,7ecd199e-ce21-41a6-bfb2-73e911b405ad,->2d869b45-f50f-4597-945d-fe508d1ef37a
deleted_scheme,b1219b82-5e95-41dd-a828-9ff6b96e0c15,->2d869b45-f50f-4597-945d-fe508d1ef37a
deleted_scheme,dd797376-27bb-463e-9936-8b9722255681,->2d869b45-f50f-4597-945d-fe508d1ef37a
deleted_scheme,d51d4132-d061-4132-8e00-02af5e7906aa,->2d869b45-f50f-4597-945d-fe508d1ef37a
deleted_scheme,d6b38dfe-4959-404f-94d0-6da3b6fe276e,->2d869b45-f50f-4597-945d-fe508d1ef37a
deleted_scheme,d082d42b-eaab-4c9b-bd2e-3809a4d4c8b1,->2d869b45-f50f-4597-945d-fe508d1ef37a
deleted_scheme,685dc47d-94b1-43c9-814c-a1ae26c3d1de,->2d869b45-f50f-4597-945d-fe508d1ef37a
deleted_scheme,c83f0520-08e7-46fa-98b6-889fb9e50eb2,->2d869b45-f50f-4597-945d-fe508d1ef37a
deleted_scheme,d893e840-bfcb-435e-bd7c-af74ef0af11d,->2d869b45-f50f-4597-945d-fe508d1ef37a
deleted_scheme,bf0984d0-6559-4e82-b569-6019c52ba717,->2d869b45-f50f-4597-945d-fe508d1ef37a
deleted_scheme,c5e2c62c-887c-48cd-9559-24b50165f682,->2d869b45-f50f-4597-945d-fe508d1ef37a
deleted_scheme,84d0729a-a312-4c2a-898b-9065043f28b9,->2d869b45-f50f-4597-945d-fe508d1ef37a
deleted_scheme,5a241fd5-a61d-4283-82b7-ca0d2a6a4ff2,->2d869b45-f50f-4597-945d-fe508d1ef37a
deleted_scheme,6c47150a-d6b6-43fc-9c52-ff1a6e096f88,->2d869b45-f50f-4597-945d-fe508d1ef37a
deleted_snapshot,ee48130b-8fca-4ed0-afd2-00a220026270,0bdbf472-db08-4474-8ea8-eb9d3aa6e74e 2026-07-31
deleted_snapshot,ee48130b-8fca-4ed0-afd2-00a220026270,2ca06aa1-2082-4dfd-80b6-307ee8dffb82 2026-02-15
deleted_snapshot,ee48130b-8fca-4ed0-afd2-00a220026270,0d66af3e-11f2-4745-ab5f-b4c38c202405 2026-05-15
deleted_snapshot,ee48130b-8fca-4ed0-afd2-00a220026270,a7402020-9df0-4ebd-8e97-561604a3f07b 2026-04-30
deleted_snapshot,ee48130b-8fca-4ed0-afd2-00a220026270,e85839d7-b6de-4936-92d9-a8e64d2cc7e4 2026-04-15
deleted_snapshot,ee48130b-8fca-4ed0-afd2-00a220026270,cbad35d2-e8a4-4d29-9b2a-7d622a4f6bdc 2026-01-31
deleted_snapshot,ee48130b-8fca-4ed0-afd2-00a220026270,f50d966c-faed-4c97-bbda-2ae24ef1e4ab 2026-03-31
deleted_snapshot,ee48130b-8fca-4ed0-afd2-00a220026270,e002ad48-6022-4ed6-946b-b89bfd5c835d 2026-03-15
deleted_snapshot,ee48130b-8fca-4ed0-afd2-00a220026270,128aa7eb-f444-4afe-aadc-bf2a19ff6888 2026-02-28
deleted_snapshot,ee48130b-8fca-4ed0-afd2-00a220026270,b1ff206d-17fe-424d-8ee6-0cab27576e9a 2026-01-15
deleted_snapshot,ee48130b-8fca-4ed0-afd2-00a220026270,1cd04d8e-c9a7-4a20-a0f0-a7247650e0be 2026-08-15
deleted_snapshot,ee48130b-8fca-4ed0-afd2-00a220026270,ea9d8147-cf0d-4b2f-b52a-3c51772bdff3 2026-07-15
deleted_snapshot,ee48130b-8fca-4ed0-afd2-00a220026270,faf3b901-7fb8-4bf0-8fe3-944ef0aa071f 2026-06-30
deleted_snapshot,ee48130b-8fca-4ed0-afd2-00a220026270,4e5173a4-3949-4a41-9d6d-6717dbce964e 2026-06-15
deleted_snapshot,ee48130b-8fca-4ed0-afd2-00a220026270,4730aca3-2678-4061-8ddf-f5d6fdef6ac5 2026-05-31
deleted_snapshot,ee48130b-8fca-4ed0-afd2-00a220026270,ae6c8342-c8e0-4a88-8964-991d6f062081 2025-12-31
deleted_snapshot,ee48130b-8fca-4ed0-afd2-00a220026270,5976105c-a345-4931-897f-03c7f9e6e0a0 2025-12-15
deleted_snapshot,ee48130b-8fca-4ed0-afd2-00a220026270,82834aa2-d039-46f1-b482-814810cb57e0 2025-11-30
deleted_snapshot,ee48130b-8fca-4ed0-afd2-00a220026270,adb2fc1c-a90d-4943-a4b7-8d5b220ff513 2025-11-15
deleted_snapshot,ee48130b-8fca-4ed0-afd2-00a220026270,da539ab3-e7be-4123-8497-8032a5fc19f8 2025-10-31
deleted_scheme,ee48130b-8fca-4ed0-afd2-00a220026270,->2d869b45-f50f-4597-945d-fe508d1ef37a
deleted_scheme,dcd4a098-a368-4f16-ab1a-45c8f280a2a5,->f2a9a4c5-e384-4faa-8950-2fce9fffb452
deleted_scheme,573c3eb2-c4ed-4f03-a49b-391bd3fa43aa,->f2a9a4c5-e384-4faa-8950-2fce9fffb452
deleted_scheme,2aa73f57-b03a-46ff-8974-22589ab9f48c,->f2a9a4c5-e384-4faa-8950-2fce9fffb452
deleted_scheme,f0f37eb4-852a-475a-9bd2-4ae0a3ccde8c,->f2a9a4c5-e384-4faa-8950-2fce9fffb452
deleted_scheme,ddc29627-1e60-4146-b813-3ffc1e77e572,->f2a9a4c5-e384-4faa-8950-2fce9fffb452
moved_snapshot,4da64512-3f59-4095-8d15-2241041529fd,8e83b649-3619-4e34-b6bd-283355fe3625->f2a9a4c5-e384-4faa-8950-2fce9fffb452 2026-08-15
moved_snapshot,4da64512-3f59-4095-8d15-2241041529fd,d4220c9c-63e9-4d5f-ae58-3d37cd31b67c->f2a9a4c5-e384-4faa-8950-2fce9fffb452 2026-07-31
moved_snapshot,4da64512-3f59-4095-8d15-2241041529fd,52f8e04c-6b7e-4b20-aa80-6e1e862ee078->f2a9a4c5-e384-4faa-8950-2fce9fffb452 2026-07-15
moved_snapshot,4da64512-3f59-4095-8d15-2241041529fd,22a49b54-5db0-4b09-ba58-7b3a08b9e8fd->f2a9a4c5-e384-4faa-8950-2fce9fffb452 2026-04-30
moved_snapshot,4da64512-3f59-4095-8d15-2241041529fd,743ea476-f50d-47e2-8f01-f0143436b4d4->f2a9a4c5-e384-4faa-8950-2fce9fffb452 2026-04-15
moved_snapshot,4da64512-3f59-4095-8d15-2241041529fd,69720918-fbe0-44c9-8c55-ff1420659075->f2a9a4c5-e384-4faa-8950-2fce9fffb452 2026-03-31
moved_snapshot,4da64512-3f59-4095-8d15-2241041529fd,1c23dbd9-0d21-437c-859a-41ec6b488786->f2a9a4c5-e384-4faa-8950-2fce9fffb452 2026-03-15
moved_snapshot,4da64512-3f59-4095-8d15-2241041529fd,c283e33b-0ff7-456b-a89c-3b942a3c7681->f2a9a4c5-e384-4faa-8950-2fce9fffb452 2026-02-28
moved_snapshot,4da64512-3f59-4095-8d15-2241041529fd,dfd65da5-8e01-40ff-bac7-d94836ae9699->f2a9a4c5-e384-4faa-8950-2fce9fffb452 2026-01-15
moved_snapshot,4da64512-3f59-4095-8d15-2241041529fd,9d5f2a8b-0235-4827-9891-034e812b180e->f2a9a4c5-e384-4faa-8950-2fce9fffb452 2025-11-30
moved_snapshot,4da64512-3f59-4095-8d15-2241041529fd,ecbe5c66-4896-4f2b-b1a0-78fba2064ac8->f2a9a4c5-e384-4faa-8950-2fce9fffb452 2025-11-15
moved_snapshot,4da64512-3f59-4095-8d15-2241041529fd,790fb392-f037-4ebe-b0f4-a44490e904a0->f2a9a4c5-e384-4faa-8950-2fce9fffb452 2025-10-31
moved_snapshot,4da64512-3f59-4095-8d15-2241041529fd,efe1baaf-c636-4590-9723-66e1d05f1c64->f2a9a4c5-e384-4faa-8950-2fce9fffb452 2026-06-30
moved_snapshot,4da64512-3f59-4095-8d15-2241041529fd,9aa4fda4-fdaf-43db-bf58-0435acd1571f->f2a9a4c5-e384-4faa-8950-2fce9fffb452 2026-06-15
moved_snapshot,4da64512-3f59-4095-8d15-2241041529fd,4e48ce4c-80de-4ef7-af6d-bd6dac65035b->f2a9a4c5-e384-4faa-8950-2fce9fffb452 2026-05-31
moved_snapshot,4da64512-3f59-4095-8d15-2241041529fd,a94c5c97-0a90-4088-8da1-d49ed8d26076->f2a9a4c5-e384-4faa-8950-2fce9fffb452 2026-05-15
moved_snapshot,4da64512-3f59-4095-8d15-2241041529fd,89f6a446-58b5-4684-ab93-0ab64e1d1a2b->f2a9a4c5-e384-4faa-8950-2fce9fffb452 2026-02-15
moved_snapshot,4da64512-3f59-4095-8d15-2241041529fd,5f750504-a167-49de-9b09-127882065452->f2a9a4c5-e384-4faa-8950-2fce9fffb452 2026-01-31
moved_snapshot,4da64512-3f59-4095-8d15-2241041529fd,108fa789-6fbe-45fc-bbd0-89634912ad69->f2a9a4c5-e384-4faa-8950-2fce9fffb452 2025-12-31
moved_snapshot,4da64512-3f59-4095-8d15-2241041529fd,8c905263-9b73-43aa-9626-b1b41daa7ca3->f2a9a4c5-e384-4faa-8950-2fce9fffb452 2025-12-15
deleted_scheme,4da64512-3f59-4095-8d15-2241041529fd,->f2a9a4c5-e384-4faa-8950-2fce9fffb452
deleted_scheme,ab334941-31e6-4952-8d42-8ad5651345af,->f2a9a4c5-e384-4faa-8950-2fce9fffb452
deleted_scheme,d3819fce-ee7e-4227-a3ed-cf866d66f31f,->f2a9a4c5-e384-4faa-8950-2fce9fffb452
deleted_snapshot,a61ed046-fa42-4c77-b058-189a2d78ff97,e570bd61-3be2-4cf4-b90a-b4b30b9c0b1f 2026-02-15
deleted_snapshot,a61ed046-fa42-4c77-b058-189a2d78ff97,71962331-e82a-4d97-9cde-e3bf14ae5b6a 2026-05-15
deleted_snapshot,a61ed046-fa42-4c77-b058-189a2d78ff97,7cbbcb70-6b10-4c03-997b-407da75a7c91 2026-04-30
deleted_snapshot,a61ed046-fa42-4c77-b058-189a2d78ff97,3353bb5c-3999-472e-a074-b00430fb2236 2026-04-15
deleted_snapshot,a61ed046-fa42-4c77-b058-189a2d78ff97,e0718653-936e-4eaa-98fe-27b5eb69dd1f 2026-01-31
deleted_snapshot,a61ed046-fa42-4c77-b058-189a2d78ff97,6cd32567-42f4-4cde-be34-bf771c3b7891 2026-03-31
deleted_snapshot,a61ed046-fa42-4c77-b058-189a2d78ff97,a426bd66-2924-4b92-97e0-0cce20313f74 2026-03-15
deleted_snapshot,a61ed046-fa42-4c77-b058-189a2d78ff97,9efb4aa7-c86f-4fa2-87f5-14e57927b16b 2026-02-28
deleted_snapshot,a61ed046-fa42-4c77-b058-189a2d78ff97,09d917fe-7637-4746-8937-2db3b5959f38 2026-01-15
deleted_snapshot,a61ed046-fa42-4c77-b058-189a2d78ff97,66722b2d-47e6-4b9d-9077-690e37c7e069 2026-08-15
deleted_snapshot,a61ed046-fa42-4c77-b058-189a2d78ff97,0ddca12e-803d-43b0-8d0d-ce205251b07c 2026-07-31
deleted_snapshot,a61ed046-fa42-4c77-b058-189a2d78ff97,9e586f1d-1b8c-40de-b4b5-9dad09f8db87 2026-07-15
deleted_snapshot,a61ed046-fa42-4c77-b058-189a2d78ff97,bcf72b4b-e55c-473c-bb1e-3c559343650c 2026-06-30
deleted_snapshot,a61ed046-fa42-4c77-b058-189a2d78ff97,b3433f33-f0b0-40b8-9249-3d3bffe52e04 2026-06-15
deleted_snapshot,a61ed046-fa42-4c77-b058-189a2d78ff97,c2cf540d-0b26-4658-a66d-1b3e36abc657 2026-05-31
deleted_snapshot,a61ed046-fa42-4c77-b058-189a2d78ff97,0e806506-6522-4aca-a51e-26241a0a813d 2025-12-31
deleted_snapshot,a61ed046-fa42-4c77-b058-189a2d78ff97,d0a5543f-6e38-404f-b07a-f1c7633dd9a3 2025-12-15
deleted_snapshot,a61ed046-fa42-4c77-b058-189a2d78ff97,c88d2b63-8071-4442-a98b-b4deb288064c 2025-11-30
deleted_snapshot,a61ed046-fa42-4c77-b058-189a2d78ff97,d6766090-7f29-4766-bad4-b5bd85e90fbc 2025-11-15
deleted_snapshot,a61ed046-fa42-4c77-b058-189a2d78ff97,fd7a4d77-a2a2-41f0-832d-6df3ab92ec32 2025-10-31
deleted_scheme,a61ed046-fa42-4c77-b058-189a2d78ff97,->f2a9a4c5-e384-4faa-8950-2fce9fffb452
deleted_scheme,c36bfa82-fc85-416e-8d38-1d381a954fc6,->b2974f95-f22c-4a8d-aa48-6523f0f0c19d
deleted_scheme,d611c12c-f1b7-4bc9-b8ed-05e4255983ec,->b2974f95-f22c-4a8d-aa48-6523f0f0c19d
deleted_scheme,788a5406-4f5b-4ca5-8dac-75890de20224,->b2974f95-f22c-4a8d-aa48-6523f0f0c19d
deleted_scheme,3fd71f58-bf26-4398-a06c-790a24ad1cf0,->62507b1d-23c3-431b-8caa-bd9584ff1577
deleted_scheme,87c9917e-9f7d-431a-8264-4a9de131b074,->62507b1d-23c3-431b-8caa-bd9584ff1577
deleted_scheme,f7951e44-9f53-44f8-a4d1-ddfe36cd8183,->62507b1d-23c3-431b-8caa-bd9584ff1577
deleted_scheme,51a58ddb-d7ab-4835-8989-c2487fe3281c,->62507b1d-23c3-431b-8caa-bd9584ff1577
deleted_scheme,ad9090dd-1d83-49f9-b7a4-7768675d9efa,->7f44c35f-5407-4b9b-aa1f-8af2765a2bde
deleted_scheme,01a95a7d-9065-4faf-bcd8-d7842d20b8cb,->7f44c35f-5407-4b9b-aa1f-8af2765a2bde
deleted_scheme,e9d2ba39-4af2-4184-88bd-d27dd9128bcf,->7f44c35f-5407-4b9b-aa1f-8af2765a2bde
deleted_scheme,467a2fbf-a0a9-4de8-8adf-8cc495425e21,->f736630e-814e-4d2b-bc8e-06c9a3292b44
deleted_scheme,57edb792-7ab6-4507-ba44-9664abb8407e,->f736630e-814e-4d2b-bc8e-06c9a3292b44
deleted_scheme,54908465-8db1-49c2-acb3-e371beb371bf,->f736630e-814e-4d2b-bc8e-06c9a3292b44
deleted_scheme,7d8403f2-3dd7-4419-9b7d-5e39804048ff,->6bdcf9af-1603-46aa-96ec-a570c9d836db
deleted_scheme,4b1da295-6e24-4dab-b7b9-f9af87228e5d,->6bdcf9af-1603-46aa-96ec-a570c9d836db
deleted_scheme,98d81ce1-d1e2-46ae-98d8-8d1740da1b45,->6bdcf9af-1603-46aa-96ec-a570c9d836db
moved_snapshot,7b27d459-450b-42e6-9071-bf08befd8b27,929fb0bb-e157-4586-a618-b8a06a500a7a->f732c9d7-a7f2-4c2f-a792-bf584080090b 2026-08-15
moved_snapshot,7b27d459-450b-42e6-9071-bf08befd8b27,3e983576-5620-4d9a-ac9f-cd7c2584fd12->f732c9d7-a7f2-4c2f-a792-bf584080090b 2026-07-31
moved_snapshot,7b27d459-450b-42e6-9071-bf08befd8b27,78627c77-6253-4225-a499-44cc186db1b2->f732c9d7-a7f2-4c2f-a792-bf584080090b 2026-05-31
moved_snapshot,7b27d459-450b-42e6-9071-bf08befd8b27,0c426ac4-905f-41c9-b8bc-3bb2f0fd2d01->f732c9d7-a7f2-4c2f-a792-bf584080090b 2026-04-30
moved_snapshot,7b27d459-450b-42e6-9071-bf08befd8b27,1ed492a5-8eca-483e-b2f7-9e99af28a0f6->f732c9d7-a7f2-4c2f-a792-bf584080090b 2026-04-15
moved_snapshot,7b27d459-450b-42e6-9071-bf08befd8b27,b93000ba-8ac5-470e-aa7e-a4027251afe8->f732c9d7-a7f2-4c2f-a792-bf584080090b 2026-03-15
moved_snapshot,7b27d459-450b-42e6-9071-bf08befd8b27,5f37a11b-29ee-4e78-8177-e679a9d5753a->f732c9d7-a7f2-4c2f-a792-bf584080090b 2026-02-28
moved_snapshot,7b27d459-450b-42e6-9071-bf08befd8b27,72180670-ecdf-4e48-84f0-2eb821de53b9->f732c9d7-a7f2-4c2f-a792-bf584080090b 2026-01-31
moved_snapshot,7b27d459-450b-42e6-9071-bf08befd8b27,e01587f4-adda-43be-8ef0-fa60379ab8df->f732c9d7-a7f2-4c2f-a792-bf584080090b 2026-01-15
moved_snapshot,7b27d459-450b-42e6-9071-bf08befd8b27,62f7d16e-90fe-4147-9d84-2b5dcd9d65fc->f732c9d7-a7f2-4c2f-a792-bf584080090b 2025-11-30
moved_snapshot,7b27d459-450b-42e6-9071-bf08befd8b27,2f9fa309-7a48-4093-8f65-a78caf6e2a3d->f732c9d7-a7f2-4c2f-a792-bf584080090b 2025-11-15
moved_snapshot,7b27d459-450b-42e6-9071-bf08befd8b27,af4f7bfa-e4b6-40f6-9a1c-c70ab83392f2->f732c9d7-a7f2-4c2f-a792-bf584080090b 2025-10-31
moved_snapshot,7b27d459-450b-42e6-9071-bf08befd8b27,871a739b-5e3e-4714-99ec-9485b6c35d09->f732c9d7-a7f2-4c2f-a792-bf584080090b 2026-07-15
moved_snapshot,7b27d459-450b-42e6-9071-bf08befd8b27,f65eb336-6b60-4ad4-bf22-60b5cbf7fbdb->f732c9d7-a7f2-4c2f-a792-bf584080090b 2026-06-30
moved_snapshot,7b27d459-450b-42e6-9071-bf08befd8b27,0a67e203-c6b9-452a-8e34-95fb4df2060e->f732c9d7-a7f2-4c2f-a792-bf584080090b 2026-06-15
moved_snapshot,7b27d459-450b-42e6-9071-bf08befd8b27,0b1cc6fa-8711-4f1a-9566-63b72f35e438->f732c9d7-a7f2-4c2f-a792-bf584080090b 2026-05-15
moved_snapshot,7b27d459-450b-42e6-9071-bf08befd8b27,bf817aba-5dba-4c9d-b9f1-f8a8ae7d47ec->f732c9d7-a7f2-4c2f-a792-bf584080090b 2026-03-31
moved_snapshot,7b27d459-450b-42e6-9071-bf08befd8b27,b3204d71-4065-4135-bf5b-b66176c54854->f732c9d7-a7f2-4c2f-a792-bf584080090b 2026-02-15
moved_snapshot,7b27d459-450b-42e6-9071-bf08befd8b27,ae5dd31b-69a0-43bb-a681-68aa1d56c5ee->f732c9d7-a7f2-4c2f-a792-bf584080090b 2025-12-31
moved_snapshot,7b27d459-450b-42e6-9071-bf08befd8b27,5387b4a7-719a-4244-910c-33e6cb941b4c->f732c9d7-a7f2-4c2f-a792-bf584080090b 2025-12-15
deleted_scheme,7b27d459-450b-42e6-9071-bf08befd8b27,->f732c9d7-a7f2-4c2f-a792-bf584080090b
deleted_scheme,ac5d773a-b15e-421e-ad01-f34db2ba1ddf,->f732c9d7-a7f2-4c2f-a792-bf584080090b
deleted_scheme,24579037-5613-4fdd-946a-f70010778e70,->f732c9d7-a7f2-4c2f-a792-bf584080090b
deleted_scheme,51667f88-7cdc-4539-b7c2-0b5f0c590c1d,->f732c9d7-a7f2-4c2f-a792-bf584080090b
deleted_scheme,8791fcd2-fb5c-48e9-9cbd-23772a5461b9,->f732c9d7-a7f2-4c2f-a792-bf584080090b
deleted_scheme,e8c2f014-67d3-4d1f-a70c-0d60ab3f7b72,->f732c9d7-a7f2-4c2f-a792-bf584080090b
deleted_scheme,1a7bfb17-29c0-49ed-a2b0-81006cd02801,->f732c9d7-a7f2-4c2f-a792-bf584080090b
deleted_scheme,50ea26e3-2932-4776-9723-d48f6e3b1dda,->f732c9d7-a7f2-4c2f-a792-bf584080090b
deleted_scheme,b7d38e65-b16c-4e73-818e-1b9881f35597,->f732c9d7-a7f2-4c2f-a792-bf584080090b
deleted_scheme,b75c9909-61a6-4adf-9564-d63d47a380d4,->f732c9d7-a7f2-4c2f-a792-bf584080090b
deleted_snapshot,c66d488f-708e-4be7-920b-e553973ff0c3,6615a588-e752-4c95-ad2c-6427d67a3161 2026-06-30
deleted_snapshot,c66d488f-708e-4be7-920b-e553973ff0c3,1260f009-2874-47b3-98c4-876c6d37ecad 2026-02-15
deleted_snapshot,c66d488f-708e-4be7-920b-e553973ff0c3,2c500c08-517f-4cd6-a894-1445c723d18f 2026-04-30
deleted_snapshot,c66d488f-708e-4be7-920b-e553973ff0c3,c18cc7b2-7d46-4f09-899e-e6ec0a71f895 2026-04-15
deleted_snapshot,c66d488f-708e-4be7-920b-e553973ff0c3,59364f12-e3f1-47e2-b005-6ee09d7e4f3f 2026-01-31
deleted_snapshot,c66d488f-708e-4be7-920b-e553973ff0c3,ce635c1e-dddb-498f-b7d2-4751b5e1723d 2026-03-31
deleted_snapshot,c66d488f-708e-4be7-920b-e553973ff0c3,07982967-4b88-41ed-b2aa-6ad45c643386 2026-03-15
deleted_snapshot,c66d488f-708e-4be7-920b-e553973ff0c3,065be8e8-e5f1-40b6-b816-ba92a02177b2 2026-02-28
deleted_snapshot,c66d488f-708e-4be7-920b-e553973ff0c3,3e5581fd-c031-4bf3-ac02-dc23b997b8f5 2026-01-15
deleted_snapshot,c66d488f-708e-4be7-920b-e553973ff0c3,36f60612-18d2-4452-97d2-bfd064aa4b62 2026-08-15
deleted_snapshot,c66d488f-708e-4be7-920b-e553973ff0c3,c270ee50-c1be-4915-b444-56e3d3bf9067 2026-07-31
deleted_snapshot,c66d488f-708e-4be7-920b-e553973ff0c3,f390d864-0f9a-4aac-931f-b1b74176c72b 2026-07-15
deleted_snapshot,c66d488f-708e-4be7-920b-e553973ff0c3,ba21454e-1d9f-4e83-a98b-9760cb8d8c1b 2026-06-15
deleted_snapshot,c66d488f-708e-4be7-920b-e553973ff0c3,d80ae8f5-5486-4936-b727-c279529a5127 2026-05-31
deleted_snapshot,c66d488f-708e-4be7-920b-e553973ff0c3,303770e4-74f4-4f4c-9e89-d0ab3bafd01f 2026-05-15
deleted_snapshot,c66d488f-708e-4be7-920b-e553973ff0c3,27c8ff99-f65a-4581-b8ef-32b89661022c 2025-12-31
deleted_snapshot,c66d488f-708e-4be7-920b-e553973ff0c3,4bb0dcfc-f4cd-47a7-95ff-744e7c6a77f2 2025-12-15
deleted_snapshot,c66d488f-708e-4be7-920b-e553973ff0c3,85140840-111a-4277-b6b7-490db4d1fb51 2025-11-30
deleted_snapshot,c66d488f-708e-4be7-920b-e553973ff0c3,9fbbcbaf-e3e9-4495-ad54-abfdbce67972 2025-11-15
deleted_snapshot,c66d488f-708e-4be7-920b-e553973ff0c3,f7a43530-53c7-485d-8e17-4b516a2e30b9 2025-10-31
deleted_scheme,c66d488f-708e-4be7-920b-e553973ff0c3,->f732c9d7-a7f2-4c2f-a792-bf584080090b
deleted_scheme,06a59319-f3c9-41a9-9864-46521e27714f,->e0f42d24-c801-4a65-8240-4a53a337d2c9
deleted_scheme,9c173279-a5db-4026-ac24-b901d9f5edb9,->e0f42d24-c801-4a65-8240-4a53a337d2c9
deleted_scheme,3164b751-6f65-417f-958a-80ca10c4bd66,->e0f42d24-c801-4a65-8240-4a53a337d2c9
deleted_scheme,36979572-8965-44af-a823-973bf99f52fb,->715a1eaa-8ee4-449a-ad2a-803f0ca51132
deleted_scheme,31b8a72d-6939-4c83-8ed6-45e78aa6aeee,->715a1eaa-8ee4-449a-ad2a-803f0ca51132
deleted_scheme,b844d674-bf76-4d40-b00b-18943e7f40d8,->715a1eaa-8ee4-449a-ad2a-803f0ca51132
